5098  4  0
    1     366   955   954  1656
    2      91   698  1571  1638
    3     447   693     2  1616
    4    1588  1634  1645  1681
    5     698   189   952  1652
    6     592  1349   143  1672
    7     214  1052   430  1590
    8    1406  1433  1664  1683
    9    1321  1443   141  1445
   10    1560   423  1648  1670
   11    1279  1330  1329   287
   12    1589   367  1591  1662
   13    1541  1554  1597  1614
   14    1506   859  1557  1687
   15      35  1425  1426  1625
   16     872  1051   665  1680
   17    1281   278  1455   330
   18     833   512   832  1605
   19    1589  1591  1623  1662
   20      66  1530   352  1527
   21    1560  1458  1610  1648
   22     506   467   196  1084
   23    1607  1575  1609  1639
   24     726   108   727  1632
   25    1577  1212  1633  1636
   26     814  1566  1593  1630
   27     463   971   461  1554
   28     695    91   696  1653
   29    1025   206  1556  1631
   30     723  1073  1650  1688
   31    1609   982  1662  1668
   32    1115   515  1116  1563
   33      88   187   691  1616
   34     970   702   703  1597
   35     860   158   160  1546
   36      69   600    56  1365
   37    1540  1549  1582  1637
   38    1525   972   351  1382
   39     106   108   726  1632
   40     210   724  1073  1650
   41     973   350    79   972
   42    1579    23  1642  1646
   43     949  1311   282  1621
   44     832   512  1103  1605
   45     296   918  1358  1167
   46     885   436  1600  1674
   47    1389   659    78  1387
   48     115   749   517  1563
   49     785   782  1584  1590
   50     879    21  1666  1675
   51      51  1139  1140  1673
   52     947  1307   806  1611
   53     144  1355     8  1672
   54     869  1043  1570  1632
   55    1115  1117   115  1563
   56     894   176   896  1581
   57    1543  1620  1624  1628
   58      36  1465   335  1684
   59     930   686    29  1678
   60     717   373  1617  1631
   61    1364   702  1597  1614
   62    1007   163  1008   209
   63    1541   820  1554  1614
   64     572  1509   397  1576
   65     385  1150   759  1618
   66    1515  1574  1659  1667
   67    1251   276   943  1569
   68    1002   200    60    61
   69     539  1176   909  1552
   70      67   581   808  1625
   71     724     4   105  1650
   72    1077   210   732  1650
   73     636  1456   396   152
   74      65  1528  1297  1556
   75    1062  1064    42    28
   76    1127   904   901  1647
   77    1236   268  1237  1050
   78     200    60    61  1468
   79    1103   832  1605  1634
   80     539   912   179  1552
   81    1433     7  1664  1683
   82    1107    47  1108  1581
   83     269  1049   107   726
   84    1550  1559  1592  1598
   85    1384   607   608   160
   86     567  1467  1470    60
   87    1430  1432  1642  1663
   88     998   327   326  1563
   89     795  1257   566  1471
   90     972   350    79   660
   91      65  1298  1299  1638
   92     301   194   540   542
   93     795  1470  1471  1615
   94     340  1036   491   645
   95     278  1498  1455   330
   96    1571  1575  1607  1653
   97     795  1469  1470  1260
   98     179   912   443  1552
   99     506  1392   196   979
  100    1293   953   191  1652
  101    1565  1579  1588  1646
  102     412  1424   838  1607
  103     191   953   952  1652
  104      72   618   832   437
  105      25   914   443  1552
  106     890  1103  1605  1634
  107    1599  1137  1647  1673
  108    1416   987  1609  1622
  109    1235   107   268  1231
  110    1253  1254  1584  1592
  111    1604   444  1637  1678
  112    1548  1589  1650  1688
  113      28    42  1218  1066
  114     507  1089  1055  1666
  115     206  1026  1556  1576
  116      79  1525   609   972
  117    1551  1474  1615  1632
  118     774   546  1239  1586
  119     965   295  1354  1542
  120     615   617  1645  1681
  121    1430  1642  1645  1663
  122    1400   618   468  1681
  123     740   511  1095  1580
  124     197   707   982  1668
  125    1645   624   617  1428
  126     319   624  1396  1663
  127    1300   400  1299  1638
  128    1575   488  1631  1667
  129    1225  1054  1226  1065
  130    1243   407    10   561
  131    1210   260  1209    54
  132    1214  1177  1211   251
  133    1610  1560  1630  1679
  134     455  1297   945  1556
  135     374   372   104  1631
  136     512   229    73   228
  137     733   734   732  1688
  138     123   601   256  1366
  139     121   593     8  1356
  140     391  1244  1203  1586
  141      56   560   146  1242
  142    1539  1572  1592  1598
  143    1056  1061  1671  1682
  144    1385   608   464  1574
  145     603  1022  1532  1669
  146    1593  1572  1630  1661
  147      58  1359  1342  1569
  148     407  1243   146   561
  149    1581  1565  1600  1674
  150     995    35   996  1690
  151    1196     9   547  1541
  152     603  1373    80   307
  153     421   845   422  1670
  154    1459  1560  1610  1687
  155     410  1388  1546  1688
  156    1477  1048  1615  1632
  157     704   963   461  1593
  158     559  1227   558  1590
  159    1550   202  1559  1598
  160     628    67  1443  1625
  161     142  1566  1630  1658
  162     284  1322  1323  1561
  163     276  1341  1344  1343
  164     444  1604  1637  1685
  165     182    27   921  1636
  166    1251    58  1344  1342
  167    1340    33   462  1569
  168    1481  1482   154  1570
  169    1507  1509   157  1610
  170     182  1178   919  1552
  171    1194   388    56   547
  172      33   587  1342  1569
  173     194   301   540  1594
  174    1125  1156  1599  1629
  175     417  1429  1430  1642
  176     595   971   463  1554
  177     737  1082   611  1391
  178    1283    62   399  1648
  179     552   923  1212  1636
  180    1474  1559  1596  1615
  181     356   425   662  1669
  182    1429  1428   624  1645
  183     221   737  1082   611
  184     958  1293  1587  1656
  185     926  1217   264  1633
  186    1582  1572  1593  1661
  187     392   128  1577  1633
  188     959  1314  1608  1656
  189     108   728   665  1632
  190     904  1157  1137  1599
  191     681  1161  1595  1655
  192    1444   629    67   628
  193     991   990  1553  1642
  194     123   601  1366   303
  195      10  1363   272   298
  196    1373    80   307  1370
  197     334  1503  1619  1687
  198    1416   470  1381  1609
  199     276  1251  1342  1569
  200     638   639  1562  1598
  201    1247  1246    57  1602
  202     394  1240    10  1554
  203    1240   774  1239  1586
  204    1441  1119   172   438
  205     347  1020   484  1557
  206      68   329   635  1451
  207    1570  1010  1573  1635
  208     618    15   832  1634
  209     847   848  1462  1619
  210     213  1052   214  1590
  211     608   160   464  1574
  212     366    91  1571  1653
  213    1442   810  1561  1625
  214     526    46  1152   510
  215    1139   534  1140  1673
  216    1563  1117  1628  1672
  217     382   743   889  1605
  218     440   672   177  1665
  219    1444  1321  1443   141
  220    1378  1377   709  1613
  221     221   977   613   611
  222     190   455   945  1576
  223     954   366  1571  1653
  224     819   300  1364  1614
  225    1393    72   891   196
  226    1099  1094   224   759
  227     163  1484  1485  1570
  228     445    30   444  1604
  229     796    59  1258  1592
  230     159   863   160  1574
  231     425    80   662  1669
  232    1549  1539  1585  1595
  233    1450  1321   141   843
  234     724    41   722  1650
  235      77  1623  1635  1660
  236     666   872   665  1680
  237     603    38  1376  1531
  238     930  1578  1626  1678
  239    1179  1209    54   919
  240    1578  1221  1592  1604
  241    1288  1289    12  1610
  242      65   353   865    64
  243    1073   732  1650  1688
  244     981   980    95  1591
  245    1659  1539  1660  1684
  246    1133   755   381  1664
  247     514    48   522  1133
  248    1560  1270  1648  1658
  249     643   483   348  1660
  250    1133   755   383   379
  251     559   783  1229  1590
  252     426   867  1371  1611
  253    1319   317   580  1427
  254     291  1339   587  1569
  255    1326   341  1455   286
  256     142   813   585  1658
  257     425   356    19  1654
  258     838  1607  1621  1690
  259    1064    28  1218  1066
  260     262   553  1215   220
  261    1616  1560  1658  1670
  262     914   543   254  1552
  263     827   313  1379  1611
  264    1420  1418  1417  1609
  265      72    73  1402   228
  266     751  1115   115  1563
  267    1377  1378    70  1613
  268    1225  1227  1054  1590
  269    1377   408   826  1613
  270     859   207  1557  1687
  271    1459   331  1560  1619
  272     829    44  1390   410
  273    1156   245  1127  1599
  274     413   414  1607  1653
  275    1601   503  1641  1651
  276     708     3   368  1662
  277     148  1383    78  1523
  278     833   229   836   311
  279      71    44    45  1388
  280      47  1107  1106  1581
  281    1374   603  1531  1532
  282     675   677   676  1612
  283     300   597   968  1614
  284     925   780   682  1633
  285     552  1212   393  1636
  286      38   974   975    70
  287     466  1574  1613  1662
  288    1388    45  1492  1033
  289    1415  1607  1609  1639
  290    1068   610    45  1029
  291     612   221  1082   611
  292     474    34  1553  1606
  293    1525    79   660   972
  294      38   603  1376    70
  295    1555  1551  1615  1632
  296    1595  1582  1597  1603
  297      27   182   920  1552
  298     305   576  1412  1371
  299     817  1267   588  1658
  300     713    99  1649  1690
  301       4   724   722  1650
  302     352  1295  1556  1576
  303     267  1234   786  1555
  304      79  1524   308   609
  305    1210   551    54  1636
  306    1155   244  1352  1672
  307    1474  1480  1615  1632
  308    1549  1564  1578  1678
  309     576    13   138  1412
  310     628  1442  1000  1625
  311    1567  1549  1588  1601
  312     317  1320   580  1427
  313     215  1056  1671  1682
  314    1164   296   593  1165
  315     574   865  1638  1654
  316     246  1160   681  1595
  317     419   842   420  1561
  318    1526    66   352  1295
  319     138   314  1305  1412
  320    1578  1551  1584  1680
  321     782   129  1223  1584
  322      66  1530  1526   352
  323     137   691  1264  1658
  324     680  1542  1594  1655
  325    1138  1137  1599  1673
  326     427   868  1640  1680
  327     156   157   651  1687
  328     923   552   921  1636
  329      10   595  1361  1554
  330      75  1313   282  1312
  331     972   660   351   350
  332    1498   570   278  1455
  333     640   201  1472  1615
  334    1295   945  1556  1576
  335     351   486    38   975
  336    1446  1553   517   994
  337    1571  1567  1587  1656
  338     223  1092  1091  1618
  339    1429  1430  1642  1645
  340    1023   205   488  1575
  341     141  1321  1445   843
  342     317  1319  1311  1427
  343     302   123   822   303
  344     885  1674   359   887
  345     139   581   807  1625
  346    1498   341   650   279
  347    1350   592   143  1672
  348       9   545   257  1586
  349      98  1649   712    99
  350     570  1329   286  1327
  351     342   571   279   280
  352     997  1543  1606  1649
  353     373  1617  1631  1667
  354     499   433  1666  1671
  355    1564  1549  1578  1671
  356     650   341  1282   279
  357    1633  1564  1678  1682
  358    1484   163  1040  1570
  359     431   668   875  1640
  360    1469   567  1470    60
  361    1543   809  1568  1625
  362    1498   570   286  1327
  363     820   407   146  1541
  364     770     9   771  1541
  365     287   798  1269  1268
  366     894   523   119  1581
  367     251   393  1636  1211
  368    1606   712    98  1649
  369      37   373   716  1617
  370    1261   939  1002    61
  371     712   471   198  1649
  372    1565  1549  1600  1601
  373     143  1561  1624  1672
  374      68  1322   583  1561
  375    1269   290   818  1268
  376     997   998  1543  1561
  377     341  1498   286  1327
  378     901   900   361  1647
  379     651   397  1576  1610
  380     798  1330  1279   287
  381      75   456   282  1621
  382    1498   341   279  1327
  383     695   947   806  1653
  384    1640  1558  1644  1680
  385      91   366   696  1653
  386     953   698   952  1652
  387     127   391  1203  1627
  388     378   222   216  1564
  389    1372   602   426  1669
  390     145   965  1354  1542
  391    1611  1575  1639  1669
  392     465  1385  1574  1662
  393    1204   550   126  1627
  394     597   598  1594  1614
  395    1141   903  1647  1673
  396    1573  1551  1635  1640
  397     116  1122   752  1629
  398    1596  1014  1635  1660
  399     471  1585  1622  1649
  400     697   946   189  1556
  401    1144    51  1673  1677
  402    1547  1140  1673  1677
  403     632   113  1449   631
  404     190  1292   189  1652
  405     982   605  1609  1613
  406    1051  1555  1632  1680
  407     679   678    24  1655
  408     976   705  1589  1591
  409     276  1341  1343   588
  410     287  1269   818  1268
  411    1480    17  1474  1615
  412     642  1484  1040  1570
  413     289  1335  1314  1608
  414    1607  1609  1622  1649
  415    1575  1567  1613  1659
  416    1568   807  1621  1625
  417    1550   940  1670   450
  418     465  1385   464  1574
  419    1580   760  1618  1677
  420     199   995   996  1543
  421     510  1094   759  1618
  422     799  1501  1283   343
  423     184  1222   129  1626
  424    1509  1512   653    63
  425     748   515   751  1563
  426    1512  1509  1507   572
  427     175    23   438  1642
  428    1645   617  1657  1681
  429     266   557   130  1584
  430    1496  1029  1497   490
  431     934    59   446  1592
  432     670  1634  1674  1675
  433     405   404  1624  1672
  434    1322   582   141  1561
  435     300   702  1364  1614
  436     783   784   131  1590
  437     342  1283   280   343
  438      16   416   149  1683
  439    1594  1597  1612  1655
  440     325   627   420  1561
  441    1567  1568  1620  1656
  442     842   325   420  1561
  443     860    78    14   148
  444     616  1397  1657  1663
  445     951  1317  1568  1621
  446     831   830   309  1589
  447    1214   393   251  1211
  448     128  1067  1577  1689
  449    1513  1028   653    63
  450      25    87  1185  1686
  451    1283  1501   280   343
  452     925   926   264  1633
  453     676  1182   769  1612
  454    1277  1275   152  1460
  455    1212   922  1633  1636
  456    1494   648  1030   489
  457    1116  1115  1563  1672
  458     314    13    74  1412
  459     637   940  1274  1276
  460      80   603  1532  1669
  461    1549  1578  1604  1678
  462     783   559   129  1590
  463     223  1090  1618  1689
  464     899  1124  1579  1629
  465     413   837  1379  1611
  466     304    69  1367    56
  467    1565  1581  1646  1674
  468     557  1223   130  1584
  469    1588  1634  1641  1675
  470     400   574  1299  1638
  471    1009   480   481  1635
  472     865    65   574  1638
  473    1506   156  1510  1687
  474    1234   727   213  1555
  475     923    27   364  1637
  476     449   271   448  1676
  477    1117   116  1563  1628
  478     876  1061  1644  1671
  479     871   428   164  1573
  480    1478   497  1477  1632
  481     677  1594  1612  1655
  482    1257   850   566  1471
  483     704   461   703  1597
  484     640   135  1468  1559
  485    1176   539   538  1636
  486     147   828   604  1639
  487     141   420  1561   843
  488     939  1550    61   938
  489    1094  1092   110  1618
  490    1085   437   888  1634
  491    1184   122  1541  1614
  492     961  1337    32  1593
  493     657  1515   349  1659
  494    1560  1610  1630  1658
  495     199   997  1543  1561
  496    1298    65   946  1556
  497     433   499   215  1671
  498      21  1087   879  1666
  499    1456   278  1457   330
  500    1001   939  1461  1003
  501     278  1281  1457   330
  502     781   392  1577  1633
  503     168   876  1644  1671
  504     654   349  1623  1659
  505    1331  1288  1610  1630
  506    1400  1398    15  1681
  507     939  1261  1002   275
  508    1261  1002    60    61
  509     423  1272  1648  1670
  510     482  1014  1596  1660
  511    1252   793   787  1584
  512     111   739   740  1580
  513      19   865   866  1654
  514     878  1558  1651  1671
  515     635  1451   420  1561
  516     940   637  1273  1276
  517    1564  1633  1637  1677
  518     136   796  1259  1559
  519     735    44   411  1688
  520     383  1134   379  1581
  521    1558  1549  1666  1671
  522    1457   844   797   152
  523    1014   369  1596  1635
  524     408   604  1613  1639
  525     947  1307  1611  1653
  526    1590  1626  1644  1682
  527    1582  1205  1604  1676
  528     997   199   998  1561
  529     844  1277   797   152
  530     903   904  1137  1647
  531    1207  1205  1604  1685
  532     400    13   804  1611
  533     352  1027  1285  1576
  534     813   142  1630  1658
  535     997    98   995  1649
  536     583   592   530  1561
  537      35   999  1000  1625
  538    1621   807  1318  1625
  539     471   712  1606  1649
  540    1613  1575  1659  1667
  541    1198   773   259  1552
  542    1277  1275   637  1273
  543     970   461  1554  1597
  544    1280  1457   797   152
  545     248  1140  1547  1677
  546     867   802  1371  1611
  547     423   636   396   152
  548     477   202   476  1559
  549     637  1277  1273  1276
  550     940   637  1274  1461
  551     940  1274   939  1461
  552    1277  1275   797   152
  553     499  1055   215  1671
  554     582    68   843  1561
  555    1456  1280   396   152
  556     168   432   433  1671
  557    1274  1001   939  1461
  558    1549  1564  1666  1671
  559     322  1433     7  1664
  560    1549  1540  1582  1603
  561     381   755   379  1664
  562    1467   640  1470    60
  563    1125  1156  1127  1599
  564     395    60   135  1468
  565     173   174   756  1646
  566     195   705   978  1589
  567      19   866   867  1654
  568    1456  1457  1280   152
  569    1559  1539  1578  1592
  570     254   179   443  1552
  571     598   302   124  1614
  572      60   640   135  1468
  573     360  1565  1646  1647
  574     436    22  1600  1665
  575     717    37   484  1617
  576     641   274  1255  1475
  577      60   395    61  1468
  578    1576  1291  1652  1679
  579    1346   404   143  1624
  580     201   640  1468  1559
  581     534   249   533  1603
  582     360   671   361  1646
  583     176   440   896  1581
  584    1605  1588  1645  1674
  585     795  1470  1257  1471
  586     100  1420  1421  1690
  587     570  1329  1327  1648
  588     661   355    64  1527
  589    1316   284   401  1624
  590     468  1086  1548  1634
  591    1623  1545  1635  1660
  592     748   113  1449  1563
  593     734  1548  1650  1688
  594    1574  1589  1385  1546
  595    1425  1421   838  1690
  596     702   300   460  1614
  597    1385    94  1589  1662
  598     338  1514   861  1623
  599    1272  1270  1648  1670
  600    1297  1528   945  1556
  601     738  1098   110  1618
  602     162  1515  1019  1667
  603     130   266  1584  1626
  604    1567  1571  1575  1607
  605     415   413  1414  1611
  606      81   665   870  1680
  607     274   641  1476  1475
  608       3   367  1662  1668
  609    1093  1091   528  1577
  610    1295  1285   945  1576
  611     214  1230   498   131
  612    1049   269   107   268
  613    1571  1568  1607  1656
  614     855   338  1544  1623
  615    1539  1545  1558  1601
  616     532  1123  1122  1629
  617    1068   610    71    45
  618     360   440   176  1646
  619     175   114   899  1553
  620     704   458    32  1593
  621    1546  1544  1650  1688
  622      39   339   645   644
  623     647   375   646  1688
  624      87   675  1612  1686
  625     455   190   189  1652
  626     700   458  1597  1643
  627      39  1008   644  1489
  628     990   473   991  1553
  629     610   659    45  1496
  630    1333  1332  1288  1630
  631     537   535   528  1577
  632     909  1176  1547  1552
  633    1540  1552  1636  1637
  634      41   502  1545  1650
  635     193  1345   959  1608
  636     642  1484   494  1040
  637     269  1048  1233  1237
  638     641   274   270  1255
  639      99   713   100  1690
  640     336   497  1044  1478
  641    1469   795  1470  1257
  642     851   497   336  1478
  643     269   107  1234  1232
  644     687   688   444  1637
  645     447   935  1592  1616
  646    1076   212   503  1651
  647     637  1275  1460  1670
  648    1048   274  1233  1237
  649     435  1039  1074  1651
  650     457   960    32  1608
  651     926   684  1626  1633
  652    1355   405  1542  1672
  653    1183   541  1594  1614
  654     908   909  1547  1552
  655    1585  1588  1642  1663
  656     274  1048   496  1050
  657     502   493  1545  1651
  658     564   850  1256  1475
  659     755  1581   379  1664
  660     909   910   443  1552
  661     846   421   847  1619
  662     699  1571  1652  1656
  663     850   564  1476  1475
  664     665  1051  1632  1680
  665     641  1047   270  1046
  666     275  1467   567    60
  667    1428  1429   310  1645
  668    1560  1566  1616  1658
  669    1515   656   349  1659
  670    1047   641   270  1255
  671     183   689  1637  1685
  672     107   269  1235   268
  673     238  1134   383  1581
  674    1557  1539  1571  1617
  675     182   919  1200  1552
  676     920  1200   259  1552
  677      91   695  1638  1653
  678     536   393   251  1214
  679    1611   804  1638  1654
  680    1225  1227  1228  1054
  681    1622  1567  1657  1668
  682     570  1279  1329  1648
  683    1549  1558  1578  1671
  684    1539  1549  1567  1601
  685    1228  1227   214  1054
  686      21   883  1600  1675
  687      15   835  1605  1645
  688    1560  1562  1679  1687
  689     866   804  1611  1654
  690      28  1217  1626  1682
  691    1230   107   498   131
  692     702   460  1597  1614
  693     269   107  1235  1234
  694    1600   359  1674  1675
  695     907   678   362  1655
  696     270  1236  1237  1050
  697     568   588  1658   816
  698    1549  1565  1580  1673
  699     447   935   446  1592
  700    1228  1227  1053   214
  701    1551  1539  1558  1578
  702     940  1550  1461   939
  703      66   352  1528  1527
  704    1588  1645  1657  1681
  705     508  1089   507  1666
  706      37  1018   204  1617
  707    1567  1571  1607  1656
  708     750   114   175  1553
  709    1568  1571  1607  1653
  710     616   984   985  1657
  711     743   380  1605  1664
  712    1576  1610  1679  1687
  713    1315   578  1568  1620
  714      59   563   446  1592
  715    1464   202  1011  1598
  716     882    83   669  1600
  717    1227  1053   214  1229
  718    1528  1295  1556   352
  719      21  1600  1666  1675
  720     896   895   523  1581
  721     362   907  1655  1686
  722      70    38   824  1613
  723    1588  1591  1641  1681
  724    1378   466   975  1574
  725      50   238   523  1581
  726     881  1096   739  1583
  727    1566   692  1616  1658
  728    1517   155  1544  1546
  729    1178   539   182  1636
  730    1126  1124  1579  1647
  731    1329   279  1327  1648
  732     273   694  1249  1661
  733     947   948   456  1653
  734    1572  1539  1592  1604
  735     932  1220  1219  1604
  736    1562  1557  1679  1687
  737     758  1094   224  1097
  738    1597   458  1608  1643
  739     182  1210   919  1636
  740     214  1053   131  1229
  741     889   890  1605  1634
  742     246   532  1628  1629
  743     442   441  1603  1655
  744    1115  1117  1563  1672
  745     677   678   679  1655
  746    1329  1279   287  1648
  747     390  1198  1197  1586
  748     467  1399   468  1548
  749     907   362   441  1686
  750    1166   681   120  1542
  751       1   684   683  1633
  752     775   554    43   128
  753      57  1249  1248  1602
  754      87   675   676  1612
  755     898  1580   524  1665
  756     941  1272  1271  1670
  757    1202   920   259  1552
  758     985   984    95  1668
  759     854    77  1623  1635
  760    1219   931    29  1604
  761    1228  1225  1054  1226
  762    1270  1560  1648  1670
  763    1054   430  1065  1590
  764     317   999  1426  1625
  765     688   363   364  1637
  766    1556   718  1557  1631
  767     220   262  1172   241
  768     217  1225    42   927
  769     445  1207  1604  1685
  770     273  1249  1602  1661
  771     452   690  1616  1670
  772    1173   262  1215   220
  773     380   741   743  1674
  774    1086   467   468  1548
  775     469  1548  1591  1681
  776     551   552   393  1636
  777     665   869   870  1680
  778     809   139   140  1625
  779     899   175  1553  1579
  780     216  1059  1682  1689
  781     944  1339  1566  1569
  782     435   878  1558  1651
  783      44  1071   829  1070
  784     305   426   867  1371
  785     517   994  1120   516
  786     466   465  1574  1662
  787     318   625  1395  1663
  788     777   263    43   219
  789    1406  1407  1605  1664
  790     358    81   431  1640
  791     895    50   523  1581
  792     603   825   824  1669
  793     447  1572  1592  1676
  794    1205   933  1604  1676
  795    1286  1287   190  1576
  796      43   777   219   128
  797       5   730   779  1216
  798     373    37   717  1617
  799     715   373   488  1667
  800     720   211   164  1573
  801     358   168   667  1644
  802    1213  1177  1214   251
  803       9  1188   771  1586
  804    1131   384   173  1683
  805    1529  1023   104  1631
  806     525   511  1095   225
  807      42   927    28  1218
  808    1084   467   221   506
  809      53    43  1172   529
  810     378  1564  1580  1618
  811      11   798  1648  1658
  812     480  1009  1010  1635
  813    1429  1405   310  1645
  814    1515   657  1019  1659
  815    1543  1568  1585  1607
  816    1554  1597  1602  1627
  817      46   526   529   535
  818    1016  1486  1660  1684
  819      34   326  1553  1606
  820    1215   553    43   220
  821      57   550  1245  1627
  822    1597  1542  1643  1655
  823     261   262  1174    53
  824     537   776    53   535
  825     487  1021  1019  1667
  826    1549  1547  1564  1637
  827     547  1365   560  1541
  828     554   553    43   500
  829    1317   951    92  1621
  830    1597  1554  1612  1627
  831     526   527    46   529
  832     897   226   225  1148
  833     199   997   995  1543
  834    1267   817  1268  1658
  835    1598    36  1660  1684
  836     675   362  1655  1686
  837     554   777    43   128
  838     132  1554  1602  1627
  839      42   217   927  1218
  840     813  1331  1648  1658
  841      43    46   529   535
  842     205   487   715  1667
  843     988   986  1394  1668
  844     264     5   779  1216
  845     798   287  1648  1658
  846    1573  1544  1623  1635
  847     551  1210   921  1636
  848     777   263   554    43
  849    1172    46   241   529
  850     553   262    53  1172
  851     262   553   220  1172
  852    1099   526  1152   510
  853     918   296    52  1168
  854     467   505  1548  1084
  855    1595  1158  1599  1655
  856     220    43    46  1172
  857     553   261   554    43
  858      46   526   528   510
  859     775    43    53   535
  860     779   730   128  1216
  861     730     5   731  1216
  862     261   775   554    43
  863    1407   835   310  1645
  864      46   527   241   529
  865     224  1098  1100   240
  866      43   775   128  1093
  867     816   568  1566  1658
  868     263   554    43   500
  869    1091    46   528   510
  870      43    46  1172   529
  871     553  1215    43   500
  872    1183   598   124  1614
  873     578   809  1568  1624
  874     460   459  1594  1614
  875    1339   291   816  1566
  876    1585  1567  1588  1657
  877    1424   412   414  1607
  878    1572  1587  1630  1679
  879    1578  1590  1626  1644
  880     414  1424  1607  1621
  881     847  1463  1598  1619
  882     102   101  1474  1596
  883    1100  1098   225   240
  884     623   317  1423  1621
  885     552   551   921  1636
  886    1551  1570  1573  1635
  887    1583   509   508   880
  888     543    55  1187  1586
  889    1178  1179    54   919
  890     969  1338  1569  1593
  891     366   954    92  1653
  892     360   900   178  1647
  893     511   225   524   227
  894     680   681  1542  1655
  895    1373    80  1370  1669
  896     140   139   807  1625
  897      79   607   608   464
  898     755   118  1581  1664
  899     736  1078  1077  1548
  900    1547   908  1552  1686
  901    1580   898   524   757
  902     182   539  1552  1636
  903     349   656  1623  1659
  904    1101   897   225   227
  905     918   297   296  1358
  906    1334   288  1630  1679
  907     527   526    46  1152
  908    1539  1549  1558  1578
  909    1209  1210    54   919
  910     591   244   592  1672
  911    1386   831   309  1589
  912     256  1366    56  1365
  913     192   957   955  1656
  914     208  1025  1556  1631
  915     569    11  1279  1648
  916     412   413   414  1607
  917    1275  1271   797  1670
  918     371   374   104  1631
  919      84   887   359  1674
  920    1595  1579  1599  1629
  921     918   181   917  1594
  922     732   734  1548  1650
  923     326  1446  1553  1563
  924     482  1014   369  1596
  925     432   431  1558  1644
  926    1540  1547  1549  1637
  927     284  1349  1561  1624
  928    1221   266   931  1578
  929     553    43   220  1172
  930     913   548   179  1186
  931     776   775    53   535
  932     258    69  1238    56
  933    1177   260  1211   251
  934    1567  1613  1659  1662
  935     989   711    97  1606
  936    1154   761  1117  1672
  937     364   922  1212  1636
  938     730   731   128  1216
  939     775    43   535  1093
  940     677   680  1594  1655
  941    1554   461  1593  1597
  942    1551  1578  1644  1680
  943     151   748  1452  1449
  944      26   680   681  1542
  945    1120   473   994  1553
  946      36  1596  1598  1660
  947     767   260   551    54
  948    1560  1572  1630  1679
  949    1199   548  1186   254
  950     821   146  1365  1541
  951     388  1365   547  1541
  952     761   116  1117  1628
  953     632   151  1449  1563
  954      19  1529   864  1654
  955     302   123   124  1614
  956    1143   757  1142  1580
  957     543  1198  1199   254
  958     255  1188   125  1187
  959     913   919   179  1200
  960     814   586   288  1630
  961     456   415  1307  1653
  962    1568   579  1620  1656
  963      26   916   180  1594
  964     918   194  1180  1594
  965    1365   560   146    56
  966     168   874   667  1644
  967    1045   497   851  1632
  968    1198   543  1197  1586
  969    1575  1567  1607  1609
  970     389   770   769  1541
  971     530   763  1154  1672
  972     752   114  1553  1629
  973     548   179  1186   254
  974       9   122   388  1541
  975    1194   388     9   544
  976     358  1640  1644  1680
  977    1623  1567  1659  1662
  978     297   194   918  1594
  979     128   775   776  1577
  980     989   710   320  1606
  981     214  1227  1229  1590
  982    1340   462  1338  1569
  983    1198   255   543  1199
  984      30  1219    29  1604
  985    1549  1547  1673  1677
  986     125   255  1187  1197
  987     548   913   179  1200
  988    1414   805    74   840
  989     564  1476  1477  1615
  990    1161   246   681  1595
  991     484  1017  1557  1617
  992      56   146  1365   600
  993     246   532  1159  1628
  994    1121   116  1628  1629
  995     832    15  1605  1634
  996      52  1166   120  1542
  997     560  1242  1243   146
  998    1539  1562  1572  1598
  999    1567  1539  1571  1587
 1000    1539  1557  1571  1587
 1001    1089   508  1583  1666
 1002     101   714  1474  1596
 1003    1589  1545  1591  1650
 1004     488  1023  1575  1631
 1005     353    65   865  1638
 1006    1575   205  1667  1669
 1007     158   658  1518  1546
 1008     187   691  1616  1658
 1009     385   240  1147  1618
 1010    1051   872   213  1555
 1011     918   194   252  1180
 1012     849   333   421  1619
 1013     145   405  1347  1542
 1014     640   135  1559  1615
 1015     682   781  1212  1633
 1016     302   123   303  1189
 1017    1367    69   600    56
 1018     388   544  1194    56
 1019     601   256  1366    69
 1020    1243   560   146   561
 1021    1242  1241   792   823
 1022      69  1192   258  1238
 1023    1191   256    69   258
 1024     507  1055   499  1666
 1025     304  1192    69  1238
 1026    1013   482   369  1596
 1027    1543  1607  1649  1690
 1028    1242   792  1243   823
 1029     601  1191   256    69
 1030     388   256    56  1365
 1031    1241  1242    56   823
 1032    1081  1085  1634  1641
 1033      52  1355   295  1542
 1034    1192  1194   258  1238
 1035    1194   258  1238    56
 1036    1539  1578  1592  1604
 1037      56   388  1365   547
 1038     623    75  1311  1621
 1039     386  1143  1145  1580
 1040    1131   173   756  1646
 1041     781  1212  1577  1636
 1042     361   900  1646  1647
 1043    1067   223  1577  1689
 1044     642  1042   154  1570
 1045      58  1359   596  1360
 1046     101   369   481  1596
 1047      69   304  1238    56
 1048     317   623  1311  1621
 1049     532  1121  1628  1629
 1050      22   436  1106  1665
 1051    1239  1196  1541  1586
 1052     208   104  1631  1654
 1053     922  1633  1636  1637
 1054      18   338  1517  1544
 1055     370   101   102  1596
 1056     936    90    89  1661
 1057    1024  1575  1654  1669
 1058    1623   643  1659  1660
 1059      91   698   699  1571
 1060    1474   714  1551  1596
 1061    1061  1644  1671  1682
 1062     139   809  1316  1624
 1063     495   869  1043  1570
 1064    1005   480  1482  1570
 1065     978   469  1548  1591
 1066       4   719   105  1544
 1067    1420   713  1649  1690
 1068    1552  1540  1586  1627
 1069    1540  1552  1586  1686
 1070    1363  1243    10   272
 1071    1318  1625   807   581
 1072    1318  1319  1621  1625
 1073     956  1317    92  1568
 1074    1300   695   806  1653
 1075     889    84   890  1634
 1076     804   400  1611  1638
 1077     984   981  1591  1681
 1078    1363   792  1243   272
 1079     558   184   129  1590
 1080     407  1363  1243    10
 1081     272   792   299   298
 1082      59  1254  1253  1592
 1083     238    50  1108  1581
 1084    1363   792   272   298
 1085    1595   246  1628  1629
 1086     424  1035  1491   645
 1087      20   165   430  1590
 1088     727  1234   213   107
 1089      68   635   843  1561
 1090    1362   272   298   596
 1091    1481  1005  1482  1570
 1092      79   464   972   609
 1093    1182   389   769  1541
 1094      58  1362   596  1250
 1095    1150   526   759  1618
 1096    1244  1203  1586  1627
 1097     720   492  1544  1573
 1098    1212   781  1577  1633
 1099     698   699  1571  1652
 1100     932  1592  1604  1676
 1101      23   892  1642  1646
 1102      38  1021   487  1667
 1103     981  1591   469   980
 1104    1039   434   877  1651
 1105    1362   272   596  1250
 1106    1378   466  1574  1613
 1107    1254   793  1253  1584
 1108     904   903   900  1647
 1109    1234   498   107   131
 1110    1556  1631  1638  1654
 1111     768  1170  1547  1636
 1112     584   287   585  1648
 1113     290  1262  1263   588
 1114     975  1378  1574  1613
 1115    1232  1632  1048   726
 1116     363     1   683  1633
 1117     203  1490  1573  1635
 1118      38  1022   824  1613
 1119    1314   193   959  1608
 1120      40   167  1573  1651
 1121    1293   958   192  1656
 1122     725   106  1041  1632
 1123    1170   764  1547  1636
 1124    1331   813  1630  1658
 1125     698   697   189  1652
 1126      98   997   998  1606
 1127     549   126  1627  1685
 1128     432   168  1644  1671
 1129    1476   850   153  1615
 1130    1425  1621  1625  1690
 1131     171   670    85  1675
 1132     742  1105   741  1674
 1133     528  1151  1577  1618
 1134     387  1542  1628  1672
 1135     355  1530    64  1527
 1136     530   515  1114  1561
 1137     246  1123   532  1629
 1138     617  1397  1657  1681
 1139     471   711   320  1585
 1140     785   784   782  1590
 1141     446   447  1592  1676
 1142     428   871  1570  1573
 1143    1567  1609  1662  1668
 1144    1559   202  1596  1598
 1145     405   404  1347  1624
 1146     353   865   208  1654
 1147     123  1366   822   303
 1148    1575  1567  1609  1613
 1149     958  1314   192  1656
 1150      89   365     2  1616
 1151      23   899    86  1579
 1152     679  1161   681  1655
 1153    1234  1232   726  1555
 1154     194   297   918  1358
 1155     399   281    12  1610
 1156     821   406   146  1541
 1157     534  1138  1603  1673
 1158     102   201  1559  1615
 1159    1234   213   107   498
 1160    1183   301   253   598
 1161     356  1024  1654  1669
 1162    1563  1553  1628  1629
 1163     424  1490   853  1544
 1164    1279   798   287  1648
 1165    1121   532  1122  1629
 1166    1126  1125  1599  1629
 1167    1456   278   330  1648
 1168     176   440  1581  1646
 1169     515   748  1113  1563
 1170      52  1163   593  1355
 1171     574    65  1299  1638
 1172     295   405  1354  1542
 1173     296   918  1167  1168
 1174     114   518  1124  1629
 1175     943   944  1566  1569
 1176     954  1568  1653  1656
 1177     509    21   880  1600
 1178    1568  1607  1621  1653
 1179    1549  1539  1558  1601
 1180     982   709  1613  1662
 1181     302   123  1189   124
 1182    1233   564  1477  1615
 1183     171   890   670  1634
 1184    1006   479  1484  1570
 1185    1553   114  1579  1629
 1186     142  1333  1331  1630
 1187     714  1551   481  1570
 1188     135   134  1559  1615
 1189     183   688   364  1637
 1190     301   540  1183   253
 1191    1085   171  1081  1634
 1192     440   360  1565  1646
 1193     565   564  1233  1615
 1194     295    52   918   296
 1195     734   377  1548  1688
 1196     253   302  1189   124
 1197     403   142  1566  1630
 1198    1528   945  1295    66
 1199    1232   726  1555  1632
 1200    1551  1539  1578  1596
 1201    1319   317  1311  1621
 1202     835    15   310  1645
 1203    1170  1171   768  1547
 1204     297   918  1542  1594
 1205    1578   931  1604  1678
 1206     317  1426  1621  1625
 1207    1568  1571  1653  1656
 1208    1365   547   560    56
 1209     618  1400    15  1634
 1210     298    10   596   272
 1211    1240   560   561  1541
 1212    1293  1294   289  1587
 1213     503   502  1545  1651
 1214      83   885   669  1600
 1215     102  1474  1559  1596
 1216     310    15   615  1645
 1217    1015    77  1635  1660
 1218     405   145  1354  1542
 1219     400  1300   806  1638
 1220    1124  1126  1579  1629
 1221     719   856   424  1491
 1222     966   594   965  1594
 1223    1559  1551  1596  1615
 1224      21   882   880  1600
 1225     134   395   135  1559
 1226     136   134  1254  1559
 1227    1212   781   393  1636
 1228      40   211   722  1573
 1229    1592  1572  1604  1676
 1230    1188   255   125   772
 1231     698  1571  1638  1652
 1232     624  1645   617  1663
 1233     922   363  1633  1637
 1234     194   297   594  1594
 1235     977   377   613  1548
 1236     884    85   169  1675
 1237     256  1365   122  1366
 1238    1539  1549  1578  1604
 1239     540   301  1183  1594
 1240    1087   878  1074  1666
 1241     976   195  1386  1589
 1242     749   750   517  1553
 1243    1567  1539  1623  1659
 1244     122  1366   123   256
 1245     410    44  1388  1688
 1246    1051   108   665  1632
 1247     568  1339  1341   588
 1248    1605  1588  1634  1645
 1249    1094   758   224   759
 1250    1545  1539  1567  1601
 1251       4  1037   719  1544
 1252    1557  1576  1652  1687
 1253    1357   121   593  1165
 1254    1415   412  1419  1607
 1255     437   890   888  1634
 1256    1551   481  1570  1635
 1257     194   540   252  1180
 1258    1591   984  1657  1668
 1259     434  1039   435  1651
 1260    1017   347   484  1557
 1261    1490   854  1544  1635
 1262     183   924   929  1685
 1263    1597  1595  1603  1655
 1264    1617   716  1659  1667
 1265     593   144     8  1356
 1266    1164   296  1165  1167
 1267     162   350  1574  1667
 1268    1588  1605  1634  1674
 1269     142   402  1333  1630
 1270     841   323   117  1683
 1271     790    10   791  1554
 1272    1059   376  1682  1689
 1273     296    52  1164   593
 1274    1164    52  1163   593
 1275    1198   390   773  1586
 1276     914   773  1552  1586
 1277     856   719   424  1544
 1278     408   147  1639  1669
 1279    1446   747   517  1563
 1280    1247   449  1205  1676
 1281     400   806  1611  1638
 1282     477  1004   202  1550
 1283    1443  1442   141   627
 1284    1539  1582  1593  1595
 1285    1176  1547  1552  1636
 1286     967   194   594  1594
 1287    1582  1246  1602  1627
 1288    1311    75   282  1621
 1289    1634  1588  1674  1675
 1290     885    22   669  1600
 1291      92  1568  1621  1653
 1292     646  1544  1546  1688
 1293     143  1349  1561  1672
 1294    1164   296  1167  1168
 1295      33  1340   587  1569
 1296      40  1545  1573  1650
 1297     442   905  1599  1603
 1298    1221  1224  1584  1592
 1299     997   995  1543  1649
 1300    1480   714  1005  1570
 1301     512   834   229  1104
 1302     816   568  1339  1566
 1303    1149  1577  1618  1677
 1304      24   907   441  1655
 1305     540   194   252   542
 1306      77  1015   483  1660
 1307      51   902  1141  1673
 1308     195   831  1386  1589
 1309      23   175  1579  1642
 1310    1528  1295   352    66
 1311     407   971   595  1554
 1312      38   487   205  1667
 1313    1571   954  1653  1656
 1314     786   785   788  1584
 1315     817   818  1268  1658
 1316     629    67   628   324
 1317     410    14   830  1546
 1318    1284    62   584  1648
 1319     329    68   633  1451
 1320    1112   232   151  1113
 1321     592   244   243   530
 1322     202  1012  1596  1598
 1323     415   413  1611  1653
 1324    1507   157   343  1610
 1325      17   852  1477  1615
 1326    1314   958  1608  1656
 1327    1552   924  1637  1685
 1328     441   905   442  1603
 1329      34  1446   994  1553
 1330     604   826  1613  1639
 1331      99   712   198  1649
 1332    1489  1490  1544  1573
 1333     167   721  1573  1640
 1334     165   166   873  1590
 1335    1450    68   635   843
 1336    1320    67   324   580
 1337     317  1320   324   580
 1338    1558  1545  1640  1651
 1339    1568  1543  1585  1620
 1340    1585  1431  1622  1663
 1341     317  1311  1313  1427
 1342    1545  1573  1635  1640
 1343    1547   534  1603  1673
 1344     856   375   719  1544
 1345    1361   596   791  1569
 1346      50  1107  1135  1108
 1347      41   210   504  1650
 1348     967   966   459  1594
 1349    1383   860    78  1521
 1350    1013   101   103  1596
 1351     820   407  1541  1554
 1352      52   296  1164  1168
 1353     563  1221  1220  1592
 1354     169    85   883  1675
 1355     133   788   793  1615
 1356    1127  1126  1599  1647
 1357     593    52  1355   295
 1358    1347   145  1542  1620
 1359     140   951  1317  1568
 1360     232   748   151  1113
 1361    1336  1587  1593  1608
 1362     597   301   968  1594
 1363    1442   810  1443   141
 1364    1539  1551  1558  1635
 1365     515  1112   151  1113
 1366     811  1444  1443   141
 1367    1599  1549  1603  1673
 1368      10   596   272  1250
 1369     359    85  1674  1675
 1370     235  1441   992  1119
 1371    1567  1568  1585  1620
 1372     242    68  1114  1112
 1373    1017   347  1557  1562
 1374     631   233   113  1449
 1375     329    68  1453  1324
 1376     590  1153   285   242
 1377    1142  1143  1580  1673
 1378     121  1164   593  1165
 1379      68   329   285  1324
 1380      68  1450   635  1453
 1381     329    68   635  1453
 1382     902    51  1142  1673
 1383     591   244  1162  1353
 1384    1155   121  1352  1162
 1385      68   285   242  1351
 1386     328  1441   991   438
 1387    1549  1599  1647  1673
 1388    1292   191  1652  1679
 1389    1549  1547  1603  1673
 1390     244  1155  1352  1162
 1391     285  1153  1325   242
 1392    1452   748   113  1449
 1393     234    76  1440  1128
 1394     178  1565  1647  1673
 1395     121  1356  1352  1162
 1396     328   630  1448   516
 1397     884   171    85  1675
 1398     178   672  1565  1673
 1399    1137  1141  1647  1673
 1400    1142  1580  1665  1673
 1401    1454   329  1325   242
 1402      68  1450   582   843
 1403     458    32  1593  1608
 1404     994  1446   113   517
 1405     419   515  1114   151
 1406     243   583   530  1114
 1407     994   516   113   630
 1408     595    10  1361   298
 1409     346  1506  1557  1562
 1410     285   590   242  1351
 1411    1244  1240   132  1554
 1412     837   413  1607  1611
 1413     791   562   273  1554
 1414     461   971   970  1554
 1415     287   818  1648  1658
 1416      48   514   522   237
 1417    1017  1504  1562  1684
 1418     233  1452   113  1449
 1419     204  1659  1660  1684
 1420    1151  1149   250  1577
 1421     537  1151   250  1577
 1422     589   294  1620  1643
 1423     935   690  1592  1616
 1424     590   242  1351   243
 1425     810   811  1443   141
 1426     157  1509   651  1610
 1427     900   360  1646  1647
 1428    1166    26  1542  1594
 1429     516   994   113   517
 1430      29    30  1604  1678
 1431     551  1211   251  1636
 1432    1557  1652  1679  1687
 1433     687     1   688  1678
 1434     449   933  1205  1676
 1435     701   700    93  1643
 1436    1566  1572  1616  1661
 1437      18   855   338  1544
 1438     342   649  1499  1648
 1439     480  1010  1570  1635
 1440     249   908  1547  1686
 1441    1345  1608  1620  1656
 1442     473   328   991   438
 1443    1099   526   510   759
 1444    1441   328   992  1119
 1445      76   235  1439  1128
 1446     328  1118  1447   992
 1447    1109  1134   744  1133
 1448      76   234  1440  1129
 1449     630   113  1448   516
 1450     973   350   975  1574
 1451    1159   532   761  1628
 1452      48  1133  1110   745
 1453    1441   328  1119   438
 1454      93   966   965  1643
 1455     790   789   132  1554
 1456    1572  1550  1592  1598
 1457      90   453   692  1661
 1458     189   191   952  1652
 1459     345  1017  1617  1684
 1460     407    10   561  1554
 1461    1441   235   992  1439
 1462     407   561  1541  1554
 1463    1543  1585  1606  1649
 1464    1120   328   438  1118
 1465     328  1118   992  1119
 1466     991  1441   172   438
 1467     266  1224   557  1584
 1468     866   804   802  1611
 1469     392   128   776  1577
 1470     322   753     7  1683
 1471       8   762  1154  1672
 1472    1446   747   113   517
 1473    1161  1158  1595  1655
 1474      10   407   595  1554
 1475    1591  1588  1657  1681
 1476    1463   638  1464  1598
 1477     109   376  1059  1689
 1478     965   966  1594  1643
 1479     344   638  1562  1684
 1480     534   533  1547  1603
 1481    1028   352  1027  1285
 1482    1133   744  1110   745
 1483    1356   121  1352  1672
 1484     668    82   875  1640
 1485     462    33   463  1569
 1486     957   579  1568  1656
 1487     328  1120   438   473
 1488     944  1339   568  1566
 1489     688     1   363  1678
 1490     964   145   962  1643
 1491     964   965  1542  1643
 1492     900   360   361  1646
 1493     234  1130    76   172
 1494     942   273  1569  1661
 1495     937   938    61  1550
 1496     940  1550   939   450
 1497     150   626   417  1642
 1498      15   833   832  1605
 1499     131   784  1555  1590
 1500     667   358  1644  1680
 1501     492  1489  1544  1573
 1502    1431   318  1622  1663
 1503     742   380  1664  1674
 1504    1224  1221   563  1592
 1505    1567  1591  1657  1668
 1506    1607   837  1611  1639
 1507     470   982  1609  1668
 1508     509    21  1600  1666
 1509    1292   190  1291  1576
 1510    1067   223  1093  1577
 1511     937   796  1258  1550
 1512     111   740  1095  1580
 1513     230    50   170  1136
 1514     316  1416  1609  1622
 1515     213   214   498  1590
 1516     639  1503  1562  1619
 1517    1163  1355  1542  1672
 1518    1094  1099   510   759
 1519     323    76  1129   236
 1520      50   239   230   170
 1521    1605   889  1634  1674
 1522     966   459  1594  1643
 1523    1328   279  1329  1648
 1524     162  1021   486  1667
 1525     918   917  1542  1594
 1526     524   227   170  1665
 1527     176   894   119  1581
 1528      41    40  1573  1650
 1529     239   897   230   170
 1530     238  1108   744  1581
 1531     225   897   524   227
 1532     404   144   143  1672
 1533     706   983    95  1668
 1534     235   234    76   172
 1535    1409  1434   237   321
 1536    1550   939    61   478
 1537     370   102  1559  1596
 1538     847  1463  1464  1598
 1539     672   440  1565  1665
 1540     744  1109  1133  1110
 1541     906   905   441  1603
 1542     204  1617  1659  1684
 1543      65   353  1556  1638
 1544     177   898   524  1665
 1545     249   534   906  1603
 1546     514    48  1133  1110
 1547    1022   205   662  1669
 1548     520  1436   753   322
 1549     524  1580   757   525
 1550      98    99   995  1649
 1551     439   177   524  1665
 1552    1591  1567  1662  1668
 1553     238    50  1135  1108
 1554    1505   156  1506  1687
 1555      76   234  1129   236
 1556     905  1138  1599  1603
 1557     457   458   700  1643
 1558    1539  1562  1598  1684
 1559     323  1437   841   117
 1560    1617  1539  1659  1684
 1561    1545  1573  1623  1635
 1562     247  1146  1145  1677
 1563     841  1437   322   117
 1564    1542  1594  1597  1643
 1565     294   145  1620  1643
 1566     512   834  1104  1605
 1567     201   640  1559  1615
 1568      73    72   832  1103
 1569    1546   861  1574  1623
 1570    1107    50  1135  1136
 1571      20   165  1590  1644
 1572    1408  1409    49  1111
 1573     112  1104  1404   834
 1574     799  1507   343  1610
 1575     439   895   177  1665
 1576    1408  1409   237   321
 1577     931   930    29  1678
 1578     311   229    73   833
 1579     327   998  1561  1563
 1580     237  1408   321  1132
 1581    1408  1409   620    49
 1582     204   485  1617  1684
 1583    1196   125   545  1586
 1584     267  1233  1232  1615
 1585     485   345  1617  1684
 1586    1188    55   771  1586
 1587     619    49   621   231
 1588     229   311  1403  1404
 1589    1016   335  1486  1684
 1590     738   525   225  1098
 1591      96   367     3  1668
 1592     820   406  1364  1614
 1593     764  1547  1636  1677
 1594     603  1373   825  1669
 1595     977   978   467  1548
 1596     592   244   530  1672
 1597     331  1458  1560  1648
 1598     205  1024   662  1669
 1599     620  1408    49   621
 1600     437  1086   468  1634
 1601    1104   229  1404   834
 1602     998  1543  1561  1606
 1603    1133   745   381   379
 1604     211   721   164  1573
 1605     227   511   170  1665
 1606    1134   744  1133   379
 1607     439   524   239  1665
 1608    1582  1597  1603  1612
 1609     454    90   942  1661
 1610     619   112    49   231
 1611      96   706    95  1668
 1612     524   170   897   239
 1613     755  1133   381   379
 1614     506   221  1392   979
 1615    1551  1570  1632  1680
 1616     229   311  1404   834
 1617      49   620   621   231
 1618     982   707   709  1662
 1619     233   630   113  1448
 1620     809  1543  1568  1624
 1621     133   794   565  1615
 1622    1185   770  1586  1612
 1623     626  1438   172  1642
 1624     229   512    73   833
 1625     606  1415  1609  1639
 1626    1095   525   738  1580
 1627    1078  1077  1548  1641
 1628     530  1116  1561  1672
 1629     836   834  1605  1664
 1630      25   914  1552  1586
 1631     780   128   392  1633
 1632     380  1605  1664  1674
 1633     812   284  1316  1624
 1634     786   788  1555  1584
 1635      41    40   722  1573
 1636     419   842  1561  1563
 1637     512    73   833   832
 1638      73  1403  1402   228
 1639      73   229  1403   228
 1640    1393   506  1392   196
 1641     568   453  1566  1658
 1642     371   717   374  1631
 1643    1048   106   726  1632
 1644    1521   308   607   862
 1645     404  1346  1347  1624
 1646    1372   426  1611  1654
 1647    1407   836  1605  1664
 1648     789    57   132  1602
 1649     559   558   129  1590
 1650     377   977   505  1548
 1651    1026   206   652  1576
 1652     877   167    40  1651
 1653     288  1336  1334  1630
 1654    1150  1149   528  1618
 1655     317  1319   580  1625
 1656    1567  1549  1585  1588
 1657     125  1188   257  1586
 1658     503  1545  1641  1651
 1659     249   906   441  1603
 1660     706    96     3  1668
 1661     820  1364   970  1554
 1662      82   871  1573  1640
 1663    1543  1595  1620  1628
 1664     334  1502  1505  1687
 1665    1582  1593  1602  1661
 1666    1028   352  1285  1295
 1667     348   655   654  1659
 1668    1250    58   791  1569
 1669     190  1556  1576  1652
 1670    1584  1555  1644  1680
 1671     249  1547  1603  1686
 1672     459   968  1594  1614
 1673     471   320  1431  1585
 1674     690   186  1550  1670
 1675     867   866  1611  1654
 1676     430   873  1065  1590
 1677     445  1206  1205  1685
 1678     170   886  1106  1665
 1679    1051   872  1555  1680
 1680     868   869  1570  1680
 1681     723   105  1544  1688
 1682     771   770  1541  1586
 1683     889    84  1634  1674
 1684    1562  1560  1619  1687
 1685     903  1137  1141  1647
 1686    1258   690   186  1550
 1687     534   905   906  1603
 1688     193   589  1345  1608
 1689     478   939   332  1550
 1690     789   790   273  1602
 1691     884  1080  1641  1675
 1692     646    18   155  1544
 1693     229   311    73  1403
 1694     949  1319  1311  1621
 1695     943   454   942  1566
 1696     756   176   119  1581
 1697     150   417  1430  1642
 1698     839    75  1423  1621
 1699    1265  1268  1266  1658
 1700     685   686  1626  1678
 1701    1151  1149  1577  1618
 1702     932   446  1220  1592
 1703    1572   447  1616  1676
 1704     579   589  1315  1620
 1705    1488   855    77  1623
 1706     830    14   309  1546
 1707    1106   436  1581  1665
 1708    1579  1585  1588  1642
 1709    1464  1465    36  1598
 1710     960   457   193  1608
 1711    1633  1577  1637  1677
 1712     966   967   594  1594
 1713    1479   154  1041   336
 1714     548   179   254  1552
 1715     697    91   188  1638
 1716     245   531  1158  1599
 1717      61  1259  1550  1559
 1718    1456   636   396  1648
 1719    1206   549  1246  1685
 1720     523   238   383  1581
 1721    1076  1075  1601  1675
 1722     780   392   682  1633
 1723     509   507  1087  1666
 1724     424   492    39  1489
 1725     821   406  1541  1614
 1726     363   682   922  1633
 1727     886   511    22  1665
 1728    1510  1511  1576  1687
 1729    1652  1576  1679  1687
 1730    1392   221   612   979
 1731    1051   213   727  1555
 1732     610  1519  1520  1496
 1733     612   221   611   614
 1734     714  1474  1551  1570
 1735     710  1585  1642  1663
 1736    1328   287   584  1648
 1737     809   140   578  1568
 1738     578  1568  1620  1624
 1739     537   393   251   536
 1740     784   783   782  1590
 1741     467   506   196   979
 1742    1086  1084   196   467
 1743     377   735   411  1589
 1744     751   515  1115  1563
 1745     377   221   977   613
 1746     221   977   611   614
 1747     423  1272   396  1648
 1748     493    40  1545  1651
 1749     497  1045   851   336
 1750     191  1293  1652  1679
 1751     643   348   654  1659
 1752      97    98   993  1606
 1753      72   618   437   468
 1754     612   221   614   979
 1755    1503   346  1562  1687
 1756     658  1492   647  1546
 1757     377   221   613   611
 1758     377   737   221   611
 1759     588   276   568  1262
 1760     659  1389   610  1387
 1761     611  1071  1391   829
 1762     814  1566  1569  1593
 1763     611   377  1071   829
 1764    1564   216  1682  1689
 1765     869   427   870  1680
 1766       5   731  1216  1689
 1767     185   449   448  1676
 1768      44  1390    45  1070
 1769     737   611  1071  1391
 1770     377   737   611  1071
 1771     984  1397   981  1681
 1772    1032   340  1491  1035
 1773     133   786   788  1615
 1774    1027   352   652  1576
 1775    1483  1479   154  1041
 1776      27   182  1552  1636
 1777     659   610    45  1387
 1778     610    45  1029  1496
 1779      44   829   411   410
 1780     416  1433   149  1683
 1781     377   734   733  1688
 1782    1217  1633  1682  1689
 1783     686   930  1626  1678
 1784     148  1389    78  1387
 1785     119   523   383  1581
 1786     735    44  1071   411
 1787    1071    44   829   411
 1788     377   735  1071   411
 1789     377  1071   829   411
 1790     613   377   611   411
 1791     611   377   829   411
 1792    1607  1609  1649  1690
 1793    1389   659   610  1520
 1794    1524    79  1525   609
 1795     741    84   743  1674
 1796     410    44    71  1388
 1797      80   603  1374  1532
 1798     209  1007  1038    39
 1799     659    45  1388  1387
 1800     648   659    45  1492
 1801      44  1390   410    71
 1802     424    39   644  1489
 1803     719  1491   375   856
 1804     659   610  1520  1496
 1805     375  1032  1491  1035
 1806      45   659  1388  1492
 1807    1072   501    71    45
 1808     501  1068    71    45
 1809      14   659  1388  1387
 1810     839   456  1621  1653
 1811    1032   340  1031  1493
 1812     712  1606    98    97
 1813    1390  1072    71    45
 1814      44  1390    71    45
 1815     610    71    45  1387
 1816    1036   424    39   645
 1817    1491   719   375  1035
 1818      45  1492  1033   490
 1819     829  1072  1390  1070
 1820     605  1380   606  1609
 1821     459   966    93  1643
 1822     493   877    40  1651
 1823     428   163   429  1008
 1824     780   925   264  1633
 1825    1390  1072    45  1070
 1826      44   829  1390  1070
 1827      38   351  1376  1531
 1828     479   163   428  1008
 1829     163   479  1007  1008
 1830     163   429  1008   209
 1831     277   187   453  1658
 1832     919   179  1200  1552
 1833    1007   163   209  1038
 1834     375  1493  1494   646
 1835    1007   339    39   644
 1836     647   375  1494   646
 1837     163  1007   337  1038
 1838    1008  1007    39   644
 1839    1569  1554  1593  1602
 1840     920   182  1200  1552
 1841    1424  1425   838  1690
 1842     210  1077   504  1650
 1843     987  1609  1622  1668
 1844    1573   167  1640  1651
 1845     525   757   386  1580
 1846     479   163  1007  1485
 1847    1576   651  1610  1687
 1848    1522   148    78  1523
 1849    1603  1540  1612  1686
 1850     602   357  1534  1669
 1851     625   616  1395  1663
 1852     323   236   117  1683
 1853     162   161  1515  1574
 1854      67   810   811  1625
 1855     339   491    39   645
 1856     742   741   380  1674
 1857    1492  1388  1033  1546
 1858      20   667  1644  1680
 1859     411    44   410  1688
 1860    1626  1633  1678  1682
 1861    1188     9   257  1586
 1862     211    40   721  1573
 1863     953   192   699  1656
 1864    1451    68   583  1561
 1865    1286   190   945  1576
 1866     300   459   460  1614
 1867    1091   528  1577  1618
 1868    1515   162  1574  1667
 1869      79   607   862   160
 1870     111   378   739  1580
 1871    1564  1089  1583  1666
 1872    1589  1574  1385  1662
 1873     137  1270   691  1658
 1874     308    79   607   862
 1875     444   688   689  1637
 1876    1615  1048  1232  1632
 1877     660  1525   972   351
 1878     617   616  1396  1663
 1879     148  1389  1522    78
 1880     603    38  1022   824
 1881     308  1521   607  1383
 1882     436   887  1105  1674
 1883     988  1394  1622  1668
 1884     974    38  1376    70
 1885      52  1163  1355  1542
 1886      79   308   607   609
 1887    1288  1610  1630  1679
 1888     431   358  1640  1644
 1889     397   801  1576  1610
 1890     351  1375  1382   974
 1891    1117   761  1628  1672
 1892     331   423  1560  1670
 1893     597   300   599  1614
 1894     406   821   599  1614
 1895     607    79   608   160
 1896     308  1521  1383  1523
 1897     796   937  1259  1550
 1898     935   934   446  1592
 1899    1375   603  1376  1531
 1900     607    79   609   464
 1901    1206  1246  1205  1582
 1902     677   180   676  1612
 1903     351   972   350   974
 1904     603  1375  1374  1531
 1905     791   596    10  1250
 1906     139   810   808  1625
 1907     539  1178    54  1636
 1908     351  1375   974  1376
 1909     972   351  1382   974
 1910    1028  1526   352  1295
 1911    1551  1558  1640  1680
 1912    1270   941  1616  1670
 1913     307    80  1369  1370
 1914    1550   421  1619  1670
 1915     603    80  1374   307
 1916    1616   941   452  1670
 1917    1302  1535   663   575
 1918    1369   306  1370   357
 1919    1348   589   193  1608
 1920     940  1550  1670  1461
 1921      92   951   950  1621
 1922     133   134   135  1615
 1923     276  1339  1569  1341
 1924    1539  1567  1617  1659
 1925    1041   154  1570  1632
 1926      55    25  1185  1586
 1927    1378   975    70  1613
 1928      34   475   993  1606
 1929     410  1546  1589  1688
 1930     421   849  1619  1670
 1931      38   351   974  1376
 1932     942   694   273  1661
 1933     710   989   474  1553
 1934     796  1258  1550  1592
 1935     211     4   722  1573
 1936    1589  1546  1650  1688
 1937    1310    75   577   282
 1938    1075   879  1074  1601
 1939    1085  1078  1083  1641
 1940      85    83   883  1675
 1941    1093   223  1091  1577
 1942     948   950  1621  1653
 1943    1023  1575  1631  1654
 1944    1085  1083  1086  1548
 1945     188    91  1300  1638
 1946     453   692  1566  1658
 1947     597   302   598  1614
 1948     120  1159   387  1628
 1949      10  1240   561  1554
 1950    1490   424  1489  1544
 1951    1201   126  1552  1627
 1952    1048   497   106  1632
 1953    1379   827  1611  1669
 1954     815   588   816  1658
 1955     154   851   852  1632
 1956     790   789  1554  1602
 1957     380   743  1605  1674
 1958    1394   987  1622  1668
 1959     643   348  1659  1660
 1960    1221   931  1220  1604
 1961     892  1130  1642  1683
 1962    1481   154   852  1632
 1963      24   442   245  1655
 1964     492   720   164  1573
 1965    1514   338  1488  1623
 1966     774   390   546  1586
 1967     872   213  1555  1590
 1968       6  1092  1090  1618
 1969     537  1175   251  1577
 1970    1254   796  1559  1592
 1971     955   366   699  1656
 1972    1564  1549  1580  1677
 1973    1584  1578  1590  1626
 1974    1395   616  1657  1663
 1975    1134   238   744  1581
 1976    1345   589   579  1620
 1977      17  1480  1481  1632
 1978     364   363   922  1637
 1979    1198   543   773  1552
 1980     810  1442  1443  1625
 1981     408  1377    70  1613
 1982     104  1025   208  1631
 1983     207   206   859  1557
 1984     515   419  1561  1563
 1985     869   725  1043  1632
 1986     881   508   880  1583
 1987     618   832   437  1634
 1988     697   698  1638  1652
 1989     804    13   802  1611
 1990     106  1045  1041  1632
 1991     293   292  1315  1620
 1992    1502   334   333  1619
 1993    1512  1513   653    63
 1994    1089   216  1055  1564
 1995     141   627   420  1445
 1996     314  1306   138  1305
 1997     598  1183  1594  1614
 1998    1548  1589  1591  1650
 1999    1509  1512    63   572
 2000     837  1379  1611  1639
 2001    1227   559  1229  1590
 2002     718  1020   347  1557
 2003     676   180  1181  1612
 2004     343  1283  1610  1648
 2005    1506   859   346  1557
 2006     722    41  1573  1650
 2007     747   751   115  1563
 2008     999   324  1000  1625
 2009     714   101   481  1596
 2010      99   995  1649  1690
 2011     292   293  1347  1624
 2012     163   495  1040  1570
 2013     680   679   681  1655
 2014     805    74   840   314
 2015      13   314   805   138
 2016     678   907    24  1655
 2017     480   714   481  1570
 2018      47   742   379  1581
 2019     456    75   839  1621
 2020     264     5  1216  1689
 2021     851  1478  1477  1632
 2022     174   671   176  1646
 2023     762   387  1628  1672
 2024     201   102  1473  1615
 2025    1600  1588  1601  1675
 2026    1221  1220  1592  1604
 2027     602   306   305  1534
 2028    1579  1585  1595  1599
 2029     370   202   103  1596
 2030     123   122   124  1614
 2031    1419  1420  1609  1690
 2032     428   429   164  1573
 2033     466   708   368  1662
 2034    1601  1588  1641  1675
 2035    1587  1539  1593  1608
 2036    1216   128  1633  1689
 2037     315   828  1379  1639
 2038     439    50   895  1665
 2039     749   752  1553  1563
 2040     805   577  1309   840
 2041     811   810  1443  1625
 2042     686     1    29  1678
 2043     994  1118   516   328
 2044    1587  1539  1608  1620
 2045    1224  1253   557  1584
 2046    1612  1540  1627  1686
 2047     774  1240  1244  1586
 2048     305   663   867   664
 2049     483   482  1486  1660
 2050      67  1444   628  1443
 2051    1444    67   811  1443
 2052     855   853   854  1544
 2053     147   828  1639  1669
 2054     623   317  1311  1313
 2055     564   565   566  1615
 2056    1080  1076  1641  1675
 2057    1511   651  1576  1687
 2058     244   591  1352  1672
 2059     577    75   415  1307
 2060     318   988  1394  1622
 2061     716  1516  1659  1667
 2062     943   942   273  1569
 2063     727  1051  1555  1632
 2064     534   248  1140  1547
 2065     245   442  1599  1655
 2066    1310    75   282  1312
 2067      75   577   415  1422
 2068     860  1384    14  1546
 2069     415   805  1308  1414
 2070    1554  1541  1597  1612
 2071     434   435  1558  1651
 2072     415   577  1307  1308
 2073     953   699  1652  1656
 2074    1465    36  1598  1684
 2075     291  1340  1338  1569
 2076     429   428  1008  1573
 2077     658    14  1492  1546
 2078     596  1250   791  1569
 2079    1588  1565  1600  1601
 2080     596    58  1250  1569
 2081     425   356  1654  1669
 2082     756   176  1581  1646
 2083    1408    49   621  1664
 2084     740  1096  1580  1583
 2085     456   948  1621  1653
 2086      75   456   415  1307
 2087    1605    15  1645  1681
 2088    1503  1562  1619  1687
 2089    1332  1288  1630  1679
 2090      75  1310   577  1422
 2091     760   385  1580  1618
 2092     718   206  1556  1557
 2093     805   415   840  1414
 2094    1530    66    64  1527
 2095     803  1296    64   354
 2096     186   450  1550  1670
 2097     837   413   412  1607
 2098     735   411  1589  1688
 2099     305   426  1534   664
 2100     305   306  1537   664
 2101     805   577   415  1308
 2102     872    20  1555  1680
 2103     413   839   414  1653
 2104    1528   353    64  1527
 2105     351    38   974   975
 2106     576   305  1411  1303
 2107     385  1147  1580  1618
 2108    1536   663   305   664
 2109    1551   714   481  1596
 2110    1275  1277   637  1460
 2111     565   795   566  1615
 2112    1585   471  1606  1649
 2113     305   867   802  1371
 2114    1577  1547  1637  1677
 2115     392   776   393  1577
 2116    1160   120  1542  1628
 2117    1130   234    76  1683
 2118    1451   419   420  1561
 2119     423   331   422  1670
 2120    1477  1476   153  1615
 2121     541  1183   124  1614
 2122    1293   953  1652  1656
 2123     306   305  1534   664
 2124      80  1369  1370   357
 2125     267   565  1233  1615
 2126     618  1400  1634  1681
 2127     426   602   305  1534
 2128     576   138  1305  1412
 2129     770    87   769  1612
 2130    1498   570  1455   286
 2131    1296   803  1302   354
 2132     353   865    64   354
 2133    1301  1533   354   804
 2134     866   574   354   804
 2135    1372   426   305  1371
 2136     341  1498  1455   286
 2137     426   305   867   664
 2138    1279   570  1329   286
 2139     602  1372   426   305
 2140      13   314   138  1412
 2141     305  1536   664  1538
 2142      18   856   424  1544
 2143     305  1536  1538  1411
 2144      13    74  1412  1371
 2145    1308  1414    74  1611
 2146    1305   576  1412  1411
 2147     576    13  1412  1371
 2148    1330  1279  1329   286
 2149    1595  1542  1620  1628
 2150     571   342  1283   280
 2151     650   342   279   280
 2152    1282   650   279   280
 2153     713    99   198  1649
 2154    1130    76   626  1683
 2155     509  1583   508  1666
 2156    1640    81   427  1680
 2157    1292   191   189  1652
 2158      67   324   580  1625
 2159    1564  1549  1637  1678
 2160     515   419  1114  1561
 2161     987   470  1609  1668
 2162     171   884  1080  1641
 2163     377   613  1548  1589
 2164     128  1577  1633  1689
 2165     278  1456  1457  1280
 2166    1611  1372  1654  1669
 2167     293   145  1347  1620
 2168     839   413   415  1653
 2169     698   953   699  1652
 2170      30    29   444  1678
 2171     118   119   383  1581
 2172     142   815   816  1566
 2173     781   392   393  1577
 2174    1543  1561  1624  1625
 2175     798  1330   287  1278
 2176     287   798  1278  1269
 2177    1580  1549  1673  1677
 2178     996    35  1000  1625
 2179    1149   385   760  1618
 2180     167    82   721  1640
 2181    1577  1547  1636  1637
 2182     656  1515  1574  1659
 2183    1267   817   290  1268
 2184     290   817   818  1268
 2185     837   315  1379  1639
 2186    1543   199  1561  1625
 2187     267   133   565  1615
 2188    1262   276  1263   588
 2189      13   400   806  1611
 2190     810    67   808  1625
 2191    1052    20   430  1590
 2192    1626  1217  1633  1682
 2193     276  1343  1263   588
 2194      37  1018  1617  1659
 2195       1   687    29  1678
 2196    1586  1612  1627  1686
 2197     197   983   706  1668
 2198     281  1331  1610  1648
 2199     515   530  1116  1561
 2200    1426  1425  1621  1625
 2201    1418   316  1417  1609
 2202    1565  1549  1580  1583
 2203     401   139  1624  1625
 2204     386   760  1580  1677
 2205     319  1430   624  1663
 2206     140   807  1568  1625
 2207     987   197   470  1668
 2208    1267  1262   290   588
 2209     817  1267   290   588
 2210     801  1576  1610  1679
 2211    1539  1582  1595  1603
 2212      85   670  1674  1675
 2213     205   488  1575  1667
 2214    1336   586  1593  1630
 2215     723  1073   105  1650
 2216     656  1574  1623  1659
 2217      96    95  1591  1668
 2218     271    90   936  1661
 2219     692   453  1566  1661
 2220     438   991  1553  1642
 2221    1151   537   528  1577
 2222     404   143  1624  1672
 2223     859   718   347  1557
 2224     505   977   467  1548
 2225      93   964   962  1643
 2226    1565  1549  1647  1673
 2227     918   295   297  1542
 2228    1028  1027   653    63
 2229    1027  1028  1285    63
 2230     826   605  1613  1639
 2231     315  1415   606  1639
 2232     333   848   421  1619
 2233    1508  1512  1507   572
 2234     799  1508  1507   572
 2235      24  1158  1161  1655
 2236    1557  1571  1587  1652
 2237    1542  1595  1643  1655
 2238    1542   681  1595  1655
 2239    1508   799  1507   343
 2240     799  1508  1501   343
 2241    1547  1540  1603  1686
 2242     910    25  1552  1686
 2243    1146   386  1145  1677
 2244    1322    68   582  1561
 2245     373   716  1617  1667
 2246     399   281  1610  1648
 2247     199  1442   627  1561
 2248     325   842   327  1561
 2249     396  1280   797   152
 2250     635   420   843  1561
 2251     402   814   288  1630
 2252    1307   415  1308  1611
 2253    1419  1420  1417  1609
 2254    1380   315   606  1639
 2255     457   701   962  1643
 2256     701    93   962  1643
 2257    1385    94   309  1589
 2258     534  1139  1138  1673
 2259    1608  1348  1620  1643
 2260    1217  1064     5  1689
 2261     333   849   331  1619
 2262     674   249   441  1603
 2263     583   530  1114  1561
 2264     581   139   808  1625
 2265     558   873    28  1626
 2266    1621  1568  1625  1690
 2267     998   325   327  1561
 2268    1547  1540  1549  1603
 2269     284   810   401  1561
 2270    1240  1239  1541  1586
 2271      21   509  1087  1666
 2272    1539  1559  1578  1596
 2273    1504  1017   344  1684
 2274    1549  1565  1588  1601
 2275     820  1364  1554  1614
 2276    1585  1549  1595  1599
 2277     328   516   994   630
 2278     602  1370   357  1669
 2279     946  1298  1556  1638
 2280    1157   905  1137  1599
 2281     169    21   879  1675
 2282    1565  1581  1600  1665
 2283     427   868    82  1640
 2284    1126  1579  1629  1647
 2285    1078   736  1083  1548
 2286     986   197   987  1668
 2287     249   674   911  1686
 2288     793   788   787  1584
 2289    1599  1126  1629  1647
 2290     715  1516   716  1667
 2291     149  1407  1405  1605
 2292    1438   991   172  1642
 2293    1456   330   636  1648
 2294    1288  1289  1610  1679
 2295     469  1399  1548  1681
 2296     117   384     7  1683
 2297     317  1426  1423  1621
 2298     990   991   150  1642
 2299     251  1175   766  1636
 2300    1201  1202   259  1552
 2301     718   206   372  1631
 2302    1283   399  1610  1648
 2303    1498   570  1327  1648
 2304     957   956   954  1656
 2305    1270   137  1272  1648
 2306    1470   640  1471  1615
 2307      11   798  1279  1648
 2308    1579   673  1646  1647
 2309     767   251   766  1636
 2310    1222   184   685  1626
 2311    1234   213   498  1555
 2312     184   558    28  1626
 2313     551   393  1211  1636
 2314      84   670  1634  1674
 2315     221   467   977   614
 2316    1009  1014  1015  1635
 2317      48  1133   745  1664
 2318     440   896  1581  1665
 2319    1551  1559  1578  1584
 2320     372  1025   104  1631
 2321     432   878   433  1671
 2322     335  1466  1486  1684
 2323    1055  1089  1564  1666
 2324     568   453   944  1566
 2325    1084  1083   505  1548
 2326     965   594  1542  1594
 2327     948   696    92  1653
 2328    1572  1566  1630  1661
 2329    1272   396   797   152
 2330    1272   423   396   152
 2331    1055   499  1666  1671
 2332     406   820  1541  1614
 2333     435   432  1558  1671
 2334     122   822  1614   123
 2335    1149  1151   528  1618
 2336    1564  1626  1678  1682
 2337     145   964  1542  1643
 2338     810  1323   627  1561
 2339    1349  1322   284  1561
 2340      15   615  1645  1681
 2341    1124   673  1579  1647
 2342    1564  1055  1666  1671
 2343     939  1002  1003   275
 2344    1001   939  1003   275
 2345     850   564  1256   566
 2346    1540  1547  1552  1686
 2347    1470  1469    60  1260
 2348       4   720  1544  1573
 2349     200  1467    60  1468
 2350      60  1470  1260   135
 2351     640  1470    60   135
 2352    1002  1467   275    60
 2353    1261  1002   275    60
 2354     758   385   759  1618
 2355    1467  1002   200    60
 2356     680   677   679  1655
 2357     935   447     2  1616
 2358     690  1550  1592  1616
 2359      77   643  1623  1660
 2360     203  1490  1489  1573
 2361    1574  1589  1623  1662
 2362     894   896   523  1581
 2363     478   200  1003    61
 2364     478   939    61  1003
 2365     200  1002  1003    61
 2366    1002   939  1003    61
 2367    1467   640    60  1468
 2368     537   776   535  1577
 2369     455   946  1297  1556
 2370     857  1459   331  1560
 2371     537   393  1577   251
 2372    1415  1419   606  1609
 2373     833   512   836   229
 2374    1593  1595  1597  1620
 2375     166   873  1590  1682
 2376     689   444  1637  1685
 2377     946   455   189  1556
 2378    1217   264  1633  1689
 2379     791  1361    10   596
 2380     905   534  1138  1603
 2381     212   502   503  1651
 2382     795   794   135  1615
 2383    1595  1597  1643  1655
 2384    1582  1572  1661  1676
 2385    1217   926    28  1626
 2386    1287  1286    63  1576
 2387    1554  1586  1612  1627
 2388    1544   105  1650  1688
 2389     309   830  1546  1589
 2390     171  1080  1081  1641
 2391    1202    27   920  1552
 2392    1560  1459  1619  1687
 2393     130  1222   930  1626
 2394     313   827   409  1669
 2395     685   686   930  1626
 2396    1484   163   494  1040
 2397     695  1300  1638  1653
 2398    1484   163   337   494
 2399    1042  1483   154  1041
 2400     401   284  1561  1624
 2401     123   302   822  1614
 2402     608  1384   160  1546
 2403      20   872   666  1680
 2404    1558  1551  1644  1680
 2405    1484   163  1485   337
 2406     154  1045  1041   336
 2407     163  1007  1485   337
 2408     424    39   645   644
 2409    1571  1556  1631  1638
 2410     910    25   443  1552
 2411     919  1178   179  1552
 2412     543  1198   254  1552
 2413    1595  1597  1620  1643
 2414    1612   675  1655  1686
 2415    1067    43   219   128
 2416    1575  1571  1638  1653
 2417     624   617  1396  1663
 2418     107  1234   726   727
 2419     893    86   361  1646
 2420    1568  1567  1607  1656
 2421     161   162   350  1574
 2422    1160  1542  1595  1628
 2423     346  1506  1562  1687
 2424    1045   154   851   336
 2425     642   494  1483  1042
 2426     494   642  1040  1042
 2427     166  1590  1644  1682
 2428      34   989   475  1606
 2429    1642  1645  1646  1683
 2430     273  1554  1569  1602
 2431     850  1256  1257   566
 2432     270   641  1046   496
 2433    1483   642  1042   154
 2434     318  1395   988  1622
 2435    1224    59  1253  1592
 2436     998  1561  1563  1606
 2437    1373   603    80  1669
 2438     100    35   995  1690
 2439     274  1048  1233  1477
 2440     274  1048   497   496
 2441     564   274  1476  1475
 2442     274   641   270   496
 2443     641  1044  1046   496
 2444     269  1048  1237  1050
 2445    1539  1567  1620  1656
 2446     107  1234  1232   726
 2447    1048   274  1237  1050
 2448    1044   497   496  1478
 2449     641  1044   496  1478
 2450    1644  1578  1671  1682
 2451     384  1131     7  1683
 2452    1609  1567  1622  1668
 2453     502   503  1545  1641
 2454     497   274   496  1478
 2455     274   641   496  1478
 2456    1516   655  1018  1659
 2457    1579  1553  1585  1642
 2458    1061   215  1056  1671
 2459     985   983   988  1668
 2460      88   452     2  1616
 2461     365   187    88  1616
 2462     986   987  1394  1668
 2463    1205  1206  1582  1685
 2464     387   762     8  1672
 2465     365    88     2  1616
 2466     466   465   464  1574
 2467     666    81   667  1680
 2468     564   274  1233  1477
 2469     274   564  1476  1477
 2470     373   371   488  1631
 2471    1543  1568  1607  1690
 2472     753   322   117  1683
 2473     274   641  1478  1477
 2474     641   274  1476  1477
 2475    1131   173  1646  1683
 2476     118   119  1581  1683
 2477    1048   274   497  1477
 2478     497   274  1478  1477
 2479     171  1081  1634  1641
 2480     269   107  1232   726
 2481    1076   503  1080  1641
 2482    1049   269   268  1050
 2483     268   269  1237  1050
 2484     274   270  1237  1050
 2485     270   274   496  1050
 2486     605  1380  1609  1639
 2487    1246  1247  1582  1602
 2488    1591  1567  1623  1662
 2489    1175   537   250  1577
 2490    1048  1232   726   269
 2491    1049   269  1050   726
 2492     269  1048  1050   726
 2493     678   675   362  1655
 2494    1182  1184  1541  1614
 2495    1318   581   580  1625
 2496      87   915   362  1686
 2497     214  1053  1230   131
 2498     673   901   361  1647
 2499     684  1626  1633  1678
 2500     711   471    97  1606
 2501    1528   945  1556  1295
 2502     107  1230  1231   131
 2503    1235   107  1231   131
 2504     367   976  1589  1591
 2505     705   978  1589  1591
 2506     999   317   324  1625
 2507     995   996  1625  1690
 2508     770    55  1185  1586
 2509     350   486  1574  1667
 2510    1319  1318   580  1625
 2511    1490  1544  1573  1635
 2512    1607  1575  1611  1653
 2513    1198   548   254  1552
 2514     675    87   362  1686
 2515     568   816  1339   588
 2516     511   525  1095  1580
 2517     436    47  1106  1581
 2518    1588  1600  1674  1675
 2519     980   705    95  1591
 2520    1590   873  1626  1682
 2521     504  1078  1079  1641
 2522    1432   710  1642  1663
 2523     457   962  1348  1643
 2524     739  1096   740  1583
 2525     203  1009  1487  1635
 2526    1433  1406   149  1683
 2527    1175   251  1577  1636
 2528    1568  1543  1625  1690
 2529     556   218  1218  1066
 2530    1575  1571  1631  1638
 2531     912   539   909  1552
 2532     539  1178   182  1552
 2533    1552    27  1636  1637
 2534     914   254   443  1552
 2535     413  1607  1611  1653
 2536     291   403   816  1566
 2537     847  1011  1550  1598
 2538     452   690     2  1616
 2539    1315   292   578  1620
 2540     924  1202   126  1552
 2541    1120   750   175  1553
 2542     294   589  1348  1643
 2543      27   923  1636  1637
 2544     749   114   750  1553
 2545     403   402   142  1630
 2546     738   111  1095  1580
 2547     753   322     7  1664
 2548     548  1198   259  1552
 2549    1564  1580  1618  1677
 2550    1610  1560  1679  1687
 2551     980   469   705  1591
 2552     478   200    61  1550
 2553     767   766    54  1636
 2554     437  1103   890  1634
 2555    1572  1582  1604  1676
 2556      82   868   871  1640
 2557    1076   503  1601  1651
 2558     157   858  1610  1687
 2559    1567  1609  1613  1662
 2560      77   643   654  1623
 2561     398   399    12  1610
 2562     531  1595  1599  1629
 2563     457  1348  1608  1643
 2564     725  1041  1570  1632
 2565     640  1470   135  1615
 2566    1502   334  1619  1687
 2567     289   958  1587  1608
 2568    1642  1588  1645  1663
 2569     378   739  1580  1583
 2570     468   618  1634  1681
 2571     650   342  1499  1648
 2572     750  1120   517  1553
 2573     655   349   654  1659
 2574    1399  1400   468  1681
 2575      23   172   438  1642
 2576     981  1400  1399  1681
 2577     657  1516  1019  1659
 2578     525   225   240  1148
 2579    1123   531  1125  1629
 2580    1549  1564  1580  1583
 2581     362   915   911  1686
 2582     731  1067   128  1689
 2583     129  1222   130  1626
 2584      40    41  1545  1650
 2585     885   887   436  1674
 2586    1293  1587  1652  1679
 2587    1600   359   885  1674
 2588    1222   685   930  1626
 2589     649  1610   343  1500
 2590     570   278  1279  1648
 2591    1603  1612  1655  1686
 2592     986   983   197  1668
 2593     982   605   470  1609
 2594    1328  1329   287  1648
 2595     813   584   585  1648
 2596    1130    23   892  1642
 2597     688   363  1637  1678
 2598     320   710  1585  1606
 2599     497  1048  1477  1632
 2600      40   167   721  1573
 2601    1539  1593  1608  1620
 2602    1529  1023  1631  1654
 2603     167   434   875  1651
 2604    1420   198  1418  1649
 2605      23  1130   172  1642
 2606    1405   149  1605  1683
 2607    1175   250   766  1636
 2608    1052   213    20  1590
 2609     778   730   219   779
 2610      25   910   911  1686
 2611    1587  1539  1620  1656
 2612    1617  1562  1017  1557
 2613    1431   320   319  1663
 2614    1550  1572  1592  1616
 2615     511   524  1580  1665
 2616     760  1149  1618  1677
 2617     128   780  1216  1633
 2618     705   195   976  1589
 2619     549   445   929  1685
 2620    1559  1578  1584  1592
 2621     125   390  1197  1586
 2622    1308   314   805    13
 2623     199   996  1000  1625
 2624     909   910  1552  1686
 2625     469  1399   467  1548
 2626     990   710   474  1553
 2627     905  1138  1137  1599
 2628      49  1408  1111  1664
 2629     917    26  1166  1594
 2630     579  1345  1620  1656
 2631    1509   572   397  1610
 2632    1020   374  1617  1631
 2633     217  1225  1226    42
 2634     218     5   555  1218
 2635     586  1337   961  1593
 2636     626   417  1642  1683
 2637    1578  1558  1644  1671
 2638     114  1122   518  1629
 2639    1048  1232   269  1233
 2640    1226  1225  1065    42
 2641    1331  1610  1648  1658
 2642      96   976   367  1591
 2643     218     5  1218  1066
 2644    1064    42    28  1066
 2645     166   165  1061  1644
 2646     556   217    42  1218
 2647      42   556  1218  1066
 2648     873  1062    42    28
 2649    1225    42   927    28
 2650     127  1204   126  1627
 2651    1159   761   387  1628
 2652    1585  1579  1595  1629
 2653     543  1187  1197  1586
 2654     907   441  1655  1686
 2655    1204   127  1203  1627
 2656     120  1160  1159  1628
 2657     869   728  1632  1680
 2658     885   436    22  1600
 2659     546  1196  1239  1586
 2660     625   319  1396  1663
 2661     197   982   470  1668
 2662     558   873  1065    28
 2663    1065   873    42    28
 2664    1225   558  1065    28
 2665    1225  1065    42    28
 2666       5  1064  1218  1066
 2667    1565  1579  1646  1647
 2668    1217  1064    28  1218
 2669     556   218   265  1218
 2670     265   218   555  1218
 2671       5   264   555  1218
 2672       5  1217   264  1218
 2673    1064  1217     5  1218
 2674      94  1386   309  1589
 2675     632   419   151  1563
 2676     218   730   778   779
 2677     671   360   176  1646
 2678     536   537   776    53
 2679    1407  1405  1605  1645
 2680    1549  1539  1567  1585
 2681    1202    27  1552  1637
 2682     264     5   555   779
 2683     263   778   219   779
 2684     777   263   219   779
 2685       5   218   555   779
 2686     218     5   730   779
 2687     265   218   778   779
 2688     218   265   555   779
 2689    1607   414  1621  1653
 2690    1160   246  1159  1628
 2691    1416   987   470  1609
 2692     731  1067   219   128
 2693     168   431   432  1644
 2694     819   406   599  1614
 2695     183    27   924  1637
 2696      43    46   535  1093
 2697     219   777   779   128
 2698     757  1143   386  1580
 2699     705    96    95  1591
 2700     730   219   779   128
 2701     165   874  1061  1644
 2702     730   731   219   128
 2703      43   553    53  1172
 2704      46   220  1172   241
 2705    1582  1549  1604  1637
 2706    1336  1334  1630  1679
 2707      53    43   529   535
 2708     262   261   553    53
 2709    1213   261  1174    53
 2710    1214   536   776    53
 2711     261  1214   776    53
 2712     775   261   776    53
 2713     261   775    43    53
 2714     553   261    43    53
 2715     261  1213  1214    53
 2716    1213   536  1214    53
 2717    1173   262   220   241
 2718     142   815  1566  1658
 2719    1067    43   128  1093
 2720    1626  1578  1644  1682
 2721     473  1120   994   328
 2722    1588  1565  1646  1674
 2723    1130   626   172  1642
 2724     847  1464  1011  1598
 2725      46   526   535   528
 2726    1154  1115  1116  1672
 2727    1012    36  1596  1598
 2728    1617  1575  1631  1667
 2729     671   174   361  1646
 2730      46   535  1093   528
 2731      46  1093  1091   528
 2732     579  1315  1568  1620
 2733     638   344   335  1684
 2734     707   197     3  1668
 2735     127  1552  1586  1627
 2736    1548   377  1589  1688
 2737     118  1581  1664  1683
 2738     205  1022  1667  1669
 2739     846   847  1550  1619
 2740    1463   847  1462  1619
 2741    1550   847  1598  1619
 2742      91   697   698  1638
 2743    1107    50   170  1665
 2744     848   333  1462  1619
 2745    1459   333   331  1619
 2746    1462   334   639  1619
 2747    1462   639  1598  1619
 2748     225   226   240  1148
 2749    1155   121     8  1672
 2750    1115  1154  1117  1672
 2751    1101   897   226   225
 2752     594   297   295  1542
 2753     433  1088   499  1666
 2754    1545  1544  1573  1650
 2755     226  1100   225   240
 2756     831   410   830  1589
 2757    1544  1545  1623  1650
 2758     224   758  1097   240
 2759    1098   224  1097   240
 2760     639  1562  1598  1619
 2761    1562  1572  1598  1619
 2762    1562  1560  1572  1619
 2763    1572  1550  1598  1619
 2764      94   367  1589  1662
 2765     332   939  1461  1550
 2766     793  1254  1559  1584
 2767     105     4  1544  1650
 2768    1083   736   505  1548
 2769     874   168  1061  1644
 2770     989    34   474  1606
 2771    1570   869  1632  1680
 2772    1553  1585  1606  1629
 2773    1122  1123   518  1629
 2774     624  1430  1645  1663
 2775    1425    35  1421  1690
 2776     711   320  1585  1606
 2777     714   480  1005  1570
 2778     149  1406  1605  1683
 2779      57  1246   550  1627
 2780     734   377   736  1548
 2781     865    19   864  1654
 2782    1096  1583  1600  1665
 2783     655   348   204  1659
 2784    1591   981   469  1681
 2785    1013    36   482  1660
 2786    1143  1145  1580  1677
 2787     112   619    49  1664
 2788     540   181  1180  1594
 2789     316  1416  1417  1609
 2790    1060   222  1618  1689
 2791    1318  1319   949  1621
 2792     155   646  1544  1546
 2793     873  1062    28  1626
 2794     928   184    28  1626
 2795     373   715   716  1667
 2796     181   918  1180  1594
 2797     977   505   467   221
 2798     366   954  1571  1656
 2799     512   836   834  1605
 2800     114   899  1553  1579
 2801    1203   391  1586  1627
 2802    1558   432  1644  1671
 2803    1609  1418  1622  1649
 2804    1571  1557  1617  1631
 2805     221   467   614   979
 2806    1588  1567  1591  1657
 2807     752   749   115  1563
 2808    1259   796  1550  1559
 2809    1568  1567  1585  1607
 2810       9   389   122  1541
 2811     547   560  1239  1541
 2812    1388    44  1033  1688
 2813     147   827  1379  1669
 2814     931   266   930  1578
 2815     821   122  1366   822
 2816     444   687  1637  1678
 2817    1517   861  1546  1623
 2818     805   314  1309   138
 2819    1365   560  1541   146
 2820    1201   127   126  1627
 2821    1433   322     7  1683
 2822    1196   547  1239  1541
 2823       9   545  1194   257
 2824     947   456  1307  1653
 2825    1551  1474  1596  1615
 2826    1272   423   152  1670
 2827     813   142  1331  1630
 2828      23    86   893  1646
 2829    1121   116   761  1628
 2830     916   541   180  1594
 2831    1234   267  1232  1555
 2832    1554  1244  1586  1627
 2833     978   469   467  1548
 2834     409  1373  1370  1669
 2835    1289   801    12  1610
 2836    1337  1338   963  1593
 2837     488   373  1631  1667
 2838     260  1210   551    54
 2839    1294   289  1587  1679
 2840     692   187  1616  1658
 2841     536  1213  1214   251
 2842     260   767   551   251
 2843     260   551  1211   251
 2844     586   814  1593  1630
 2845     963   704    32  1593
 2846    1336   586   961  1593
 2847     725   869   728  1632
 2848    1633  1577  1636  1637
 2849     924  1202  1552  1637
 2850     430   165   873  1590
 2851     146   407   561  1541
 2852       9  1196   547   545
 2853     402   403  1566  1630
 2854    1300   806  1638  1653
 2855      91   695  1300  1638
 2856    1572  1562  1587  1679
 2857    1198   548  1199   254
 2858     878   435  1074  1651
 2859    1553   710  1606  1642
 2860    1086  1084   467  1548
 2861     783   129   782  1590
 2862    1178  1179   919   179
 2863     919  1179   913   179
 2864    1398  1400   981  1681
 2865    1088   507   499  1666
 2866     991   473   438  1553
 2867     244  1155   763  1672
 2868     212  1075  1074  1651
 2869    1339   944   568   276
 2870    1022  1613  1667  1669
 2871    1242   146    56   823
 2872     681  1160   120  1542
 2873     122  1365   821  1366
 2874     371   373   717  1631
 2875     547   388     9  1194
 2876    1431   625   318  1663
 2877     245   905  1157  1599
 2878     388   547     9  1541
 2879     718  1020  1557  1631
 2880    1365   388   122  1541
 2881    1562  1539  1572  1587
 2882     545   125  1190   257
 2883     947   695   948  1653
 2884    1372   426  1371  1611
 2885     255  1198   543  1197
 2886     255   543  1187  1197
 2887    1575  1613  1639  1669
 2888     106   725   728  1632
 2889    1195   545  1190   257
 2890     696   366    92  1653
 2891    1555  1551  1559  1615
 2892     267  1232  1555  1615
 2893    1557  1539  1562  1587
 2894     353   208  1556  1654
 2895     125  1188   772   257
 2896     125   772  1190   257
 2897    1195   544  1194   257
 2898     545  1195  1194   257
 2899    1192   304    69  1193
 2900      69  1192  1193   258
 2901    1191    69  1193   258
 2902     434   431   875  1640
 2903      29   687   444  1678
 2904    1195  1192  1194   258
 2905     544  1195  1194   258
 2906     810   139   401  1625
 2907    1243  1242   823   146
 2908    1241  1367   600    56
 2909     792  1363  1243   823
 2910    1366    69    56  1365
 2911    1552    25  1586  1686
 2912    1559  1551  1578  1596
 2913      83   359  1600  1675
 2914     174   173   893  1646
 2915    1561   401  1624  1625
 2916     600  1241    56   823
 2917    1194   544   258    56
 2918     544   388   256    56
 2919     256  1366    69    56
 2920     873  1062  1626  1682
 2921     256    69   258    56
 2922     544   256   258    56
 2923      52   295   918  1542
 2924    1363   407  1243   146
 2925    1363  1243   823   146
 2926     278  1456  1280  1648
 2927    1545  1539  1558  1635
 2928     994   517  1120  1553
 2929    1482   642   154  1570
 2930     738   111  1580  1618
 2931     845   637   422  1670
 2932     918   295   296   297
 2933    1578  1584  1590  1644
 2934    1539  1572  1587  1593
 2935     789   132  1554  1602
 2936     272   299  1362   298
 2937     407    10   595   298
 2938     407  1363    10   298
 2939     984   985  1657  1668
 2940    1539  1559  1596  1598
 2941    1362    58   596  1360
 2942     961  1336  1593  1608
 2943     642  1040  1042  1570
 2944    1545  1567  1591  1641
 2945     276  1251  1344  1342
 2946    1341   276  1344  1342
 2947     163   479   428  1570
 2948    1547  1540  1552  1636
 2949    1344    58  1360  1342
 2950      58  1359  1360  1342
 2951     206   207   652  1576
 2952    1547  1549  1564  1677
 2953     370   102   476  1559
 2954    1542  1624  1628  1672
 2955    1418   316  1609  1622
 2956    1420  1418  1609  1690
 2957    1572   447  1592  1616
 2958     485   345   484  1617
 2959     716    37  1617  1659
 2960     693    89     2  1616
 2961     352  1285  1295  1576
 2962     692   187    89  1616
 2963     367  1591  1662  1668
 2964     122   389  1182  1541
 2965    1267  1265   568  1658
 2966    1607  1419  1609  1690
 2967     849   421   422  1670
 2968     815   817   588  1658
 2969     955   957   954  1656
 2970     895   896   177  1665
 2971     456   949   282  1621
 2972     815   142   585  1658
 2973     818   817   585  1658
 2974    1268    11  1266  1658
 2975    1260   795   135  1615
 2976       9  1194   544   257
 2977    1559  1539  1592  1598
 2978    1364   970  1554  1597
 2979     738  1147   525   240
 2980     472   316   198  1622
 2981      21   169   883  1675
 2982     388  1365   122   256
 2983     990   150   710  1642
 2984      58   943   562  1569
 2985     617  1397   616  1663
 2986     423   331  1560  1648
 2987     638  1462   639  1598
 2988     594   295   965  1542
 2989       6   111   738  1618
 2990     684   926   683  1633
 2991    1560  1562  1572  1679
 2992     472   471   318  1622
 2993     629  1320    67   324
 2994     918   194  1358   252
 2995    1594   460  1597  1643
 2996     828   147  1379  1669
 2997     362   674   441  1686
 2998     613   977  1548  1589
 2999     965   145   964  1542
 3000     933   449   185  1676
 3001    1385   309  1546  1589
 3002     904   900   901  1647
 3003     570  1498   278  1648
 3004    1579  1599  1629  1647
 3005    1210   182   921  1636
 3006     198   472  1622  1649
 3007     301   194   968  1594
 3008     540  1183   541  1594
 3009     503  1076  1601  1641
 3010     810   401  1561  1625
 3011     796   136  1254  1559
 3012     560  1240  1239  1541
 3013      52   918   917  1542
 3014    1333  1288  1331  1630
 3015    1293   289   958  1587
 3016     821   302   599  1614
 3017    1461   332  1550  1670
 3018     395    61  1468  1559
 3019     301   540   253   542
 3020     152   423   422  1670
 3021    1572  1616  1661  1676
 3022     353  1556  1638  1654
 3023     508   881   739  1583
 3024     333   334  1462  1619
 3025    1285  1286   945  1576
 3026     692  1566  1616  1661
 3027    1581   755   379   383
 3028    1609   982  1613  1662
 3029    1458   857  1560  1610
 3030     531  1156  1125  1629
 3031     199  1442  1561  1625
 3032    1397  1398   981  1681
 3033     638  1463  1462  1598
 3034    1220   931  1219  1604
 3035     683   925   682  1633
 3036    1011   202  1550  1598
 3037     788   786  1555  1615
 3038     302   253   598   124
 3039     253  1183   598   124
 3040    1048  1233  1477  1615
 3041    1555  1559  1584  1615
 3042     786   267  1555  1615
 3043     788  1555  1584  1615
 3044    1575  1611  1638  1654
 3045     124   122  1184  1614
 3046      81   666   665  1680
 3047       1   685   684  1678
 3048    1423  1424   414  1621
 3049     104  1529  1631  1654
 3050     374   717   484  1617
 3051    1405  1605  1645  1683
 3052    1550  1572  1616  1619
 3053    1584  1555  1590  1644
 3054     796  1550  1559  1592
 3055     785   786  1555  1584
 3056     160   608  1546  1574
 3057      26   681  1166  1542
 3058     571   342   279  1648
 3059     200    61  1550  1559
 3060    1553  1606  1628  1629
 3061    1588  1585  1657  1663
 3062     767   551   251  1636
 3063     976  1386    94  1589
 3064    1333   402   288  1630
 3065     606  1419  1417  1609
 3066     748   751   113  1563
 3067    1507   799   572  1610
 3068    1388  1033  1546  1688
 3069     526  1150   528  1618
 3070    1240   394   132  1554
 3071     855    18   853  1544
 3072     643    77   483  1660
 3073     903  1141   178  1673
 3074     471   472   198  1649
 3075     691   187  1264  1658
 3076     147   408   824  1669
 3077     479   480  1010  1570
 3078     363     1  1633  1678
 3079    1346   292  1347  1624
 3080     266   930  1578  1626
 3081     301   597   598  1594
 3082     334  1503   639  1619
 3083    1487  1009  1015  1635
 3084     441   674  1603  1686
 3085    1020   372   374  1631
 3086     411   410   831  1589
 3087     403   142   816  1566
 3088     149  1406  1407  1605
 3089    1565  1549  1579  1647
 3090    1217   926  1626  1633
 3091     134   133   793  1615
 3092    1022   603   824  1669
 3093      36   335  1016  1684
 3094     934   935   690  1592
 3095     175  1553  1579  1642
 3096    1272   137   396  1648
 3097     453   187   692  1658
 3098     201  1468   476  1559
 3099     987   316  1394  1622
 3100    1559   793  1584  1615
 3101    1014   482  1015  1660
 3102    1266  1264   277  1658
 3103     538   539    54  1636
 3104     773   127   259  1552
 3105     130  1584  1590  1626
 3106       4   722  1544  1650
 3107     814   291  1338  1569
 3108    1589  1546  1623  1650
 3109     996   199  1543  1625
 3110    1443   141  1445   627
 3111      17  1481   852  1632
 3112     366    91   699  1571
 3113    1580  1565  1665  1673
 3114    1251    58  1342  1569
 3115     595   463  1361  1554
 3116     296    52   593   295
 3117      32   961  1593  1608
 3118     278  1280   396  1648
 3119     121  1357   593  1356
 3120     591   244  1352  1162
 3121    1564  1057  1671  1682
 3122     302   597   599  1614
 3123     593   144  1355     8
 3124    1163   593  1355     8
 3125    1163  1164   593     8
 3126    1164   121   593     8
 3127    1308   415  1414  1611
 3128     592   530  1561  1672
 3129     216  1057  1055  1564
 3130     807  1621  1318   951
 3131    1025  1528   208  1556
 3132    1605  1406  1664  1683
 3133    1506  1557  1562  1687
 3134     700   458   703  1597
 3135     842   419   327  1563
 3136     583   592   243   530
 3137     954   956  1568  1656
 3138     543  1198   773  1586
 3139    1484   479  1485  1570
 3140    1010   203  1573  1635
 3141      86   899  1124  1579
 3142    1600  1601  1666  1675
 3143     971   820   970  1554
 3144    1593  1597  1608  1620
 3145    1219    30  1208  1604
 3146     161   656  1515  1574
 3147     129   130  1584  1590
 3148    1464    36  1012  1598
 3149     866   574   804  1654
 3150    1591  1548  1641  1681
 3151      92   954  1568  1653
 3152    1196     9  1541  1586
 3153     801   397    12  1610
 3154    1517   338   861  1623
 3155    1361    33   596  1569
 3156    1132  1408   521  1664
 3157     414   839  1621  1653
 3158    1543   995  1625  1690
 3159    1552  1540  1627  1685
 3160      36  1016   482  1660
 3161      26   680  1542  1594
 3162    1009   203  1010  1635
 3163     540   541   916  1594
 3164     436  1105  1581  1674
 3165    1588  1579  1642  1646
 3166      30   445  1207  1604
 3167       6   738   110  1618
 3168     566   795  1471  1615
 3169    1564   378  1580  1583
 3170     710  1585  1606  1642
 3171    1585  1543  1606  1628
 3172    1176   768  1547  1636
 3173    1183   301   598  1594
 3174     812   292  1346  1624
 3175    1185    87  1612  1686
 3176     541   124  1184  1614
 3177     248   533  1171  1547
 3178     431   434  1558  1640
 3179     447   693  1616  1676
 3180    1624  1563  1628  1672
 3181    1171   249   908  1547
 3182     923   364  1212  1636
 3183     472   471  1622  1649
 3184     502    41   504  1650
 3185     426   867  1611  1654
 3186     331   423   636  1648
 3187     991  1438   150  1642
 3188      24   441   442  1655
 3189     330  1499   636  1648
 3190     813  1284   584  1648
 3191    1544   722  1573  1650
 3192      58  1251   943  1569
 3193      68   633  1114  1112
 3194     155    18  1517  1544
 3195    1021   162  1019  1667
 3196     643   654  1623  1659
 3197    1062    28  1626  1682
 3198     292   578  1620  1624
 3199     752  1553  1563  1629
 3200      96   705   976  1591
 3201    1587  1557  1652  1679
 3202     391   774  1244  1586
 3203      13    74  1371  1611
 3204     450   186    31  1670
 3205     764   765  1577  1636
 3206     463    33  1361  1569
 3207     363   683   682  1633
 3208     791   562  1554  1569
 3209     605  1609  1613  1639
 3210     492     4   720  1544
 3211    1539  1585  1620  1567
 3212     390   125   546  1586
 3213     390   127   773  1586
 3214     184   928   685  1626
 3215    1069   733   723  1688
 3216    1446   113   632   631
 3217     790   791   273  1554
 3218      67   628   324  1625
 3219     213   872    20  1590
 3220     316   318  1394  1622
 3221      24   245  1158  1655
 3222     181   540   916  1594
 3223     861   656  1574  1623
 3224     139  1316   401  1624
 3225    1182   676  1181  1612
 3226     181    26   917  1594
 3227     278  1498   330  1648
 3228     758  1094  1097  1618
 3229    1480  1474  1570  1632
 3230    1561  1563  1624  1672
 3231    1086  1085  1548  1634
 3232     331   849   422  1670
 3233     608  1385  1546  1574
 3234     271  1602  1661  1676
 3235    1170   247   248  1547
 3236    1575  1607  1611  1639
 3237     691  1270  1616  1658
 3238    1097  1098   240  1618
 3239    1341   276  1342  1569
 3240      14  1388  1492  1546
 3241     424  1036   719   645
 3242     645   719  1035  1036
 3243    1555   785  1584  1590
 3244    1562   638  1598  1684
 3245    1642  1429  1645  1683
 3246    1682   376  1064  1689
 3247     189   697  1556  1652
 3248     266  1578  1584  1626
 3249     928   926   684  1626
 3250    1399   468  1548  1681
 3251     541  1184  1182  1614
 3252     173   892  1646  1683
 3253    1188   125  1187  1586
 3254     632   113  1563  1449
 3255     247  1170   764  1547
 3256     458   704   703  1597
 3257     582  1450   141   843
 3258     867   866   802  1611
 3259     291   402   403  1566
 3260     822   122  1614   821
 3261    1416  1381   606  1609
 3262     810  1323   141   627
 3263    1442   810   141   627
 3264     694   271  1249  1661
 3265    1518   647   155  1546
 3266     993   998   326  1563
 3267    1610   649   343  1648
 3268     639  1504   344  1562
 3269    1140   534  1547  1673
 3270     535   775  1093  1577
 3271     633    68   242  1112
 3272    1454   329   242   634
 3273      68   329   633   242
 3274     329    68   285   242
 3275    1325   329  1324   242
 3276     285  1325  1324   242
 3277     329   285  1324   242
 3278    1503   346   639  1562
 3279    1169   764  1577  1677
 3280     222   216  1564  1689
 3281     437  1085  1086  1634
 3282     550  1204  1203  1627
 3283      67   811  1443  1625
 3284     347   346  1557  1562
 3285     591   244  1353   243
 3286     591   590  1351   243
 3287     121  1357  1356  1162
 3288     590   591  1353   243
 3289     591  1351   583   243
 3290     235   992  1439  1128
 3291     756  1131  1646  1683
 3292     242    68  1351   243
 3293    1351    68   583   243
 3294     378   508   739  1583
 3295     244   591   592   243
 3296     592   591   583   243
 3297     232   634  1112   151
 3298     634   633  1112   151
 3299     329   633   242   634
 3300     835  1407  1605  1645
 3301       7   118  1664  1683
 3302    1385   309   608  1546
 3303     633  1114  1112   151
 3304     638   639   344  1562
 3305     877   434   167  1651
 3306    1014  1015  1635  1660
 3307    1566  1569  1593  1661
 3308     633   242   634  1112
 3309      68   583   243  1114
 3310      68  1451   583  1114
 3311     887    84   741  1674
 3312    1114   515  1112   151
 3313     242    68   243  1114
 3314     748   232   151  1452
 3315      68   633  1451  1114
 3316     963   969   461  1593
 3317    1585  1595  1628  1629
 3318     154  1042  1041  1570
 3319      49   619   621  1664
 3320      38  1613   975  1667
 3321    1551  1555  1559  1584
 3322    1634   171  1641  1675
 3323     120   387  1542  1628
 3324    1451   419  1114   151
 3325     633  1451  1114   151
 3326     631   233   630   113
 3327    1446   631   630   113
 3328     627   141   420  1561
 3329     873   558  1065  1590
 3330     168   358   431  1644
 3331     785   782   787  1584
 3332     849   331  1619  1670
 3333    1203  1244   132  1627
 3334     917  1166  1542  1594
 3335    1446   630   994   113
 3336    1107    50  1106  1581
 3337      31   941  1271  1670
 3338    1447   328  1448   516
 3339     412  1415   315  1639
 3340     132  1244  1554  1627
 3341     815   816  1566  1658
 3342     364   922  1636  1637
 3343     793   788  1584  1615
 3344      17  1477   153  1615
 3345    1609  1575  1613  1639
 3346    1017  1504   346  1562
 3347     969   462   461  1569
 3348    1118   328  1447   516
 3349    1560  1566  1572  1616
 3350    1539  1557  1562  1617
 3351     533   249  1171  1547
 3352    1581   742  1664  1674
 3353       1   684  1633  1678
 3354    1419  1415  1607  1609
 3355    1470   795  1260  1615
 3356     375   856   646  1544
 3357     134   136   395  1559
 3358     369   481  1596  1635
 3359      54  1178   919  1636
 3360     405  1347  1542  1624
 3361    1139    51  1141  1673
 3362      83    21   883  1600
 3363    1158   246  1161  1595
 3364    1206  1246  1582  1685
 3365    1481  1480  1005  1570
 3366    1575  1617  1659  1667
 3367     587  1341  1342  1569
 3368     487  1019   715  1667
 3369     171   884  1641  1675
 3370    1585  1607  1622  1649
 3371    1442   810   627  1561
 3372     328  1118  1119   438
 3373     234   235    76  1128
 3374    1061   166  1644  1682
 3375    1438   991  1439   172
 3376     456   839   415  1653
 3377      76  1130   626   172
 3378     990   710  1553  1642
 3379     473   990   474  1553
 3380    1611  1575  1638  1653
 3381    1225  1054  1065  1590
 3382    1562  1539  1617  1684
 3383    1539  1598  1660  1684
 3384    1359    33  1342  1569
 3385      51  1143  1673  1677
 3386    1438    76   626   172
 3387     235  1441  1119   172
 3388     705   469   978  1591
 3389     788   785   787  1584
 3390    1252   787   557  1584
 3391     460   700  1597  1643
 3392      93   965   964  1643
 3393    1057  1055  1564  1671
 3394    1077  1548  1641  1650
 3395    1528   353   208  1556
 3396    1542  1595  1620  1643
 3397    1597  1608  1620  1643
 3398      25    55   914  1586
 3399     830   410  1546  1589
 3400      76  1438  1439   172
 3401     235    76  1439   172
 3402     991  1441  1439   172
 3403    1441   235  1439   172
 3404    1271  1272   797  1670
 3405    1266    11  1264  1658
 3406     194   967   968  1594
 3407     481   480  1570  1635
 3408     213   498  1555  1590
 3409    1267  1262   588  1658
 3410     640  1472  1471  1615
 3411     896   440   177  1665
 3412     817   815   585  1658
 3413    1562  1557  1587  1679
 3414     839  1423   414  1621
 3415    1331  1288    12  1610
 3416     755   118   383  1581
 3417    1384   860    14  1383
 3418     721    82  1573  1640
 3419     922   682  1212  1633
 3420    1605  1104   512   382
 3421    1055  1057   215  1671
 3422     880   881  1583  1600
 3423     392   781   682  1633
 3424    1335   960   193  1608
 3425    1518   658   647  1546
 3426     428   868   495  1570
 3427      50  1107   170  1136
 3428     937  1258   186  1550
 3429    1545  1558  1601  1651
 3430    1347   293  1620  1624
 3431    1551  1539  1596  1635
 3432     338  1517  1544  1623
 3433    1464   638  1465  1598
 3434    1516  1019  1659  1667
 3435     433   878  1666  1671
 3436    1645  1588  1646  1674
 3437    1397   617  1657  1663
 3438    1543  1561  1563  1624
 3439    1287    63   397  1576
 3440    1043   725  1042  1570
 3441     450   938   186  1550
 3442     711   989   320  1606
 3443      23   175   899  1579
 3444     419   632   327  1563
 3445    1205  1582  1604  1685
 3446     876   215  1061  1671
 3447     551   767    54  1636
 3448    1337   586  1338  1593
 3449    1570  1551  1573  1640
 3450    1585  1543  1607  1649
 3451    1554   461  1569  1593
 3452      57  1245   132  1602
 3453    1542   405  1624  1672
 3454     525   511   225   524
 3455     225   897  1148   524
 3456     525   225  1148   524
 3457    1558  1549  1601  1666
 3458     453   454   944  1566
 3459      50  1107  1106  1665
 3460    1133   744   745   379
 3461     276   568  1339  1341
 3462     879  1087  1601  1666
 3463    1087  1074  1601  1666
 3464    1583  1600  1601  1666
 3465    1101   897   227   170
 3466     897  1101   230   170
 3467    1549  1583  1601  1666
 3468    1549  1564  1583  1666
 3469     159   160  1546  1574
 3470     669   881   880  1600
 3471     812  1346   143  1624
 3472    1004   846  1011  1550
 3473     846   847  1011  1550
 3474      16   149   418  1683
 3475     495  1043  1042  1570
 3476     479   203  1008  1573
 3477     178  1142   672  1673
 3478     279  1498  1327  1648
 3479     324   628  1000  1625
 3480     784   785  1555  1590
 3481     734   736   732  1548
 3482     332   421   846  1550
 3483     938   937   186  1550
 3484     238  1109  1134   744
 3485    1581   436  1600  1665
 3486    1135   238  1108   744
 3487     238  1135  1109   744
 3488    1134  1133   383   379
 3489     201  1473  1472  1615
 3490      50   239   170  1665
 3491    1409  1408   237  1111
 3492    1408   237  1111  1132
 3493    1435   520   321   521
 3494    1565  1588  1600  1674
 3495     827   147   409  1669
 3496     205   715   488  1667
 3497     896   895  1581  1665
 3498     522    48   237  1132
 3499     237    48  1111  1132
 3500     227   524   170   897
 3501    1107   170  1106  1665
 3502    1408   321  1132   521
 3503    1408  1435   321   521
 3504     170   511   886  1665
 3505    1585  1622  1657  1663
 3506      22  1096  1600  1665
 3507    1018   655   204  1659
 3508     520   753   521   322
 3509    1435   520   521   322
 3510    1022    38   205  1667
 3511    1504   344  1562  1684
 3512    1436   753   322   117
 3513    1437  1436   322   117
 3514    1437   323  1129   117
 3515    1129   323   236   117
 3516    1245  1203   132  1627
 3517     801   800   397  1576
 3518     512   836   229   834
 3519     111   378  1580  1618
 3520      50   439   239  1665
 3521      27   183   364  1637
 3522     469   981  1399  1681
 3523    1207   445  1205  1685
 3524     471   711  1585  1606
 3525     700   460    93  1643
 3526    1246   549   550  1685
 3527    1606  1585  1628  1629
 3528     993   998  1563  1606
 3529    1466   335   345  1684
 3530    1024   356   662  1669
 3531     460  1594  1597  1614
 3532     989   474  1553  1606
 3533     504  1077  1641  1650
 3534    1466   345   204  1684
 3535    1562  1617  1017  1684
 3536    1660   204  1486   348
 3537     886    22  1106  1665
 3538     486  1021    38  1667
 3539     177  1142   898  1665
 3540     984  1591  1657  1681
 3541    1336   289  1587  1608
 3542    1080   503  1079  1641
 3543     850   566  1471  1615
 3544     898  1142  1580  1665
 3545     511  1096    22  1665
 3546     121  1155  1352  1672
 3547    1377   826   709  1613
 3548       6   378   111  1618
 3549     818   585  1648  1658
 3550     156   651  1511  1687
 3551    1586  1185  1612  1686
 3552    1604  1582  1637  1685
 3553    1549  1579  1585  1588
 3554      59   934  1258  1592
 3555     747  1446   113  1563
 3556     418  1429   417  1642
 3557     764   247  1547  1677
 3558    1096  1580  1583  1665
 3559     617  1645  1657  1663
 3560     619   112   231   834
 3561     231   112  1404   834
 3562    1580  1565  1583  1665
 3563    1105   742  1581  1674
 3564     895  1106  1581  1665
 3565    1583  1565  1600  1665
 3566    1077   732  1548  1650
 3567    1561  1543  1563  1606
 3568    1545  1548  1591  1650
 3569    1548  1545  1641  1650
 3570     892  1642  1646  1683
 3571      76   234   236  1683
 3572      72    73   228  1103
 3573     670   171  1634  1675
 3574       9   771  1541  1586
 3575    1040   495  1042  1570
 3576      73   512   228  1103
 3577     228    72  1103   437
 3578     512    73   832  1103
 3579    1102    72   228   437
 3580    1298    65  1556  1638
 3581    1102    72  1401   228
 3582    1401    72  1402   228
 3583    1157   904  1127  1599
 3584     454   942  1566  1661
 3585      72   832  1103   437
 3586     454   943   944  1566
 3587     999    35  1426  1625
 3588     673   361  1646  1647
 3589    1605  1581  1664  1674
 3590     195   613   411  1589
 3591     126  1552  1627  1685
 3592      59   796  1254  1592
 3593    1442   628  1443  1625
 3594    1315   578   283  1568
 3595    1096   511   740  1580
 3596     391   390   774  1586
 3597     101  1013   369  1596
 3598     993    98   998  1606
 3599    1006   642  1482  1570
 3600    1577   764  1636  1677
 3601     202  1004  1011  1550
 3602    1210    54   919  1636
 3603     186   690    31  1670
 3604     594   297  1542  1594
 3605     558  1225  1065  1590
 3606     187   365    89  1616
 3607    1280  1456   396  1648
 3608     818   287  1268  1658
 3609      34   993   326  1606
 3610    1645  1588  1657  1663
 3611    1292   190  1576  1652
 3612     672  1142   177  1665
 3613     475    97   993  1606
 3614    1103   512   890  1605
 3615     369  1009   481  1635
 3616    1553   326  1563  1606
 3617     167   875  1640  1651
 3618     780   264  1216  1633
 3619      11   137  1264  1658
 3620     825  1373   409  1669
 3621      75   623  1423  1621
 3622    1380   606  1609  1639
 3623    1574  1613  1659  1667
 3624     394    10   790  1554
 3625     820   971   407  1554
 3626      26   180   677  1594
 3627     394   790   132  1554
 3628    1221   266  1578  1584
 3629     424   492  1489  1544
 3630    1247  1582  1602  1676
 3631     642  1006  1484  1570
 3632     144  1350   143  1672
 3633     342   571  1283  1648
 3634     180   541  1181  1594
 3635     765   250   764  1577
 3636    1572  1560  1616  1619
 3637     719  1491   424  1035
 3638     558   184  1590  1626
 3639     675   678  1612  1655
 3640      36  1016  1660  1684
 3641      26   181   916  1594
 3642     507  1088  1087  1666
 3643     939   478   332  1003
 3644    1561  1116  1563  1672
 3645     250  1149  1169  1577
 3646    1126   673  1124  1647
 3647     800  1287   397  1576
 3648    1156   531   245  1599
 3649     585   813  1648  1658
 3650    1348   589  1620  1643
 3651     950   951   949  1621
 3652     309  1384   608  1546
 3653    1545  1589  1591  1623
 3654      57   789  1249  1602
 3655     649   857  1458  1610
 3656     150  1432   710  1642
 3657    1147   738   525  1580
 3658    1407   836   833  1605
 3659     649  1458   636  1648
 3660     521  1435   322  1664
 3661    1588  1642  1645  1646
 3662    1472    17   153  1615
 3663    1631  1575  1638  1654
 3664     137    11   396  1648
 3665    1432   150  1430  1642
 3666    1602   271  1249  1248
 3667    1556   208  1631  1654
 3668     216  1057  1564  1682
 3669     491  1036    39   645
 3670    1565   440  1581  1665
 3671     137    11  1648  1658
 3672     884   169  1080  1675
 3673     377   735  1589  1688
 3674     279  1328    62  1648
 3675     195   411   831  1589
 3676    1473   102  1474  1615
 3677    1543  1585  1595  1628
 3678     320   710   319  1663
 3679     445   444   929  1685
 3680      83   882    21  1600
 3681      90   692    89  1661
 3682     967   459   968  1594
 3683     854  1487    77  1635
 3684    1571    91  1638  1653
 3685     194   540  1180  1594
 3686     871  1570  1573  1640
 3687    1425  1424  1423  1621
 3688     951  1318   949  1621
 3689     835   833    15  1605
 3690     456   948   950  1621
 3691     342   650   279  1648
 3692     946   697   188  1638
 3693    1557  1020  1617  1631
 3694     475   989    97  1606
 3695     127  1201  1552  1627
 3696     787  1223   557  1584
 3697     646   375  1544  1688
 3698    1137   904  1599  1647
 3699     857   157   858  1610
 3700    1062  1064    28  1682
 3701    1571  1567  1575  1617
 3702     437    72  1086   891
 3703     144     8  1356  1672
 3704    1102    72   437   891
 3705     506  1393   891   196
 3706     196  1086   467   468
 3707     391   127   390  1586
 3708    1335   961    32  1608
 3709      72   437  1086   468
 3710      72  1102  1401   891
 3711    1393    72  1401   891
 3712    1170   768   764  1636
 3713     444   689   929  1685
 3714    1086   506   891   196
 3715      72  1086   196   468
 3716     506  1086  1084   196
 3717     525   511   524  1580
 3718    1042   725  1041  1570
 3719    1544  1517  1546  1623
 3720     244   763   530  1672
 3721     221   377   977   505
 3722      72  1086   891   196
 3723     371  1023   488  1631
 3724     744    47   379  1581
 3725    1544  1545  1573  1623
 3726    1540  1586  1627  1686
 3727    1634  1605  1645  1681
 3728     752   114   749  1553
 3729    1557  1556  1571  1652
 3730     271  1602  1249  1661
 3731    1549  1595  1599  1603
 3732     421   846  1550  1619
 3733     625  1431   319  1663
 3734     753   521   322  1664
 3735    1074  1075  1601  1651
 3736     158   861   159  1546
 3737    1405  1407   310  1645
 3738    1349   592  1561  1672
 3739     651  1509   397  1610
 3740      82   167   875  1640
 3741     479   163  1485  1570
 3742    1391  1072   829  1070
 3743    1071  1391   829  1070
 3744     871   868  1570  1640
 3745     408   147   604  1639
 3746     763     8  1154  1672
 3747      44    45  1388  1033
 3748    1493  1494  1030   489
 3749    1583   509  1600  1666
 3750     983   986   988  1668
 3751     710   989  1553  1606
 3752    1031  1493  1030   489
 3753    1613   408  1639  1669
 3754    1220   932  1592  1604
 3755     161   863   159  1574
 3756     776   537   393  1577
 3757     300   819   599  1614
 3758     710  1432   319  1663
 3759    1007   339  1038    39
 3760     421   332   845  1550
 3761    1032   340  1493  1491
 3762    1032  1493   375  1491
 3763     247   248  1547  1677
 3764      45    71  1388  1387
 3765     659    14    78  1387
 3766      14   148    78  1387
 3767    1068  1519   610  1029
 3768    1556  1557  1576  1652
 3769      45   648  1492   490
 3770     648  1496  1497   490
 3771     610  1519  1496  1497
 3772     659   648    45  1496
 3773    1519   610  1029  1497
 3774    1029   610  1496  1497
 3775      45  1029  1496   490
 3776     648    45  1496   490
 3777     659    14  1388  1492
 3778    1031  1032  1493   489
 3779    1254   134   793  1559
 3780      14   659    78  1492
 3781     658    14    78  1492
 3782    1170   248  1171  1547
 3783     648  1497  1495   490
 3784    1319   317  1621  1625
 3785    1142   757   898  1580
 3786      17  1473  1474  1615
 3787     956   957  1568  1656
 3788    1414  1413    74  1611
 3789     385   758   240  1618
 3790     809   140  1568  1625
 3791     113  1446   632  1563
 3792     114   899  1579  1629
 3793    1493  1032   375   489
 3794    1493   375  1494   489
 3795     648  1495  1030   489
 3796    1495   648   490   489
 3797     647   648  1494   489
 3798     375  1034   647   489
 3799     375   647  1494   489
 3800    1034  1033   647   489
 3801    1492   648   647   489
 3802     648  1492   490   489
 3803    1033  1492   647   489
 3804    1492  1033   490   489
 3805    1599   442  1603  1655
 3806    1541  1597  1612  1614
 3807     129   130  1590  1626
 3808     133   267   786  1615
 3809    1540  1582  1612  1627
 3810    1141   902   178  1673
 3811     878  1651  1666  1671
 3812    1246    57  1602  1627
 3813     202   477  1550  1559
 3814     709   826   605  1613
 3815    1076  1075   212  1651
 3816    1314  1335   193  1608
 3817    1036   340  1035   645
 3818     340  1491  1035   645
 3819     444   445  1604  1685
 3820    1019  1516   715  1667
 3821      47  1105   742  1581
 3822      89   692  1616  1661
 3823    1581   756  1646  1683
 3824    1633  1564  1637  1678
 3825    1008   203  1489  1573
 3826    1575  1571  1617  1631
 3827     179   548  1200  1552
 3828     543   914   773  1552
 3829     680    26   677  1594
 3830    1008  1007   209    39
 3831     375   856  1491   646
 3832    1037  1036   424    39
 3833     492  1037   424    39
 3834    1414  1308    74   805
 3835     429  1008   209    39
 3836     768  1176   538  1636
 3837     863   973   350    79
 3838    1597  1603  1612  1655
 3839      89   936  1661  1676
 3840     429  1008    39  1489
 3841     492   429    39  1489
 3842     248   534   533  1547
 3843     283   956   957  1568
 3844     726   727  1555  1632
 3845     694    90   271  1661
 3846    1493   375  1491   646
 3847     581    67   580  1625
 3848     289  1336   961  1608
 3849    1293  1294  1587  1679
 3850     933  1208  1604  1676
 3851     127  1201   259  1552
 3852     288   586  1336  1630
 3853    1545  1539  1635  1660
 3854     876   433   215  1671
 3855     359    83    85  1675
 3856    1379  1611  1639  1669
 3857     950    92  1621  1653
 3858    1558  1545  1635  1640
 3859     402   291   814  1566
 3860      35   100  1421  1690
 3861    1397   984  1657  1681
 3862     770   769  1541  1612
 3863     579   283   957  1568
 3864    1349   143  1561  1624
 3865     806  1611  1638  1653
 3866      50  1107  1108  1581
 3867     876   168   433  1671
 3868     988  1622  1657  1668
 3869     932   446  1592  1676
 3870     480  1006  1482  1570
 3871     313  1372    74  1611
 3872     934   690  1258  1592
 3873    1419   412   838  1607
 3874     417   418  1642  1683
 3875      79   608   160   464
 3876    1578  1564  1671  1682
 3877    1202  1201   126  1552
 3878    1557   207  1576  1687
 3879     266   130   930  1626
 3880      35  1425  1625  1690
 3881    1566  1560  1630  1658
 3882    1126  1127   901  1647
 3883     108   106   728  1632
 3884     850  1471   153  1615
 3885    1284   813   281  1648
 3886     768   765   764  1636
 3887    1465   638   335  1684
 3888    1458   331   636  1648
 3889     708   466  1613  1662
 3890      98   997  1606  1649
 3891     943   276   944  1569
 3892     863    79   160   464
 3893     162   486   350  1667
 3894     613   377   411  1589
 3895     994  1120   516  1118
 3896     736  1077   732  1548
 3897     188  1300  1299  1638
 3898     530  1154  1116  1672
 3899     933  1207  1205  1604
 3900     367   976    94  1589
 3901    1349   284   143  1624
 3902     697   946  1556  1638
 3903     588   568  1658  1262
 3904    1574   975  1613  1667
 3905      55  1188  1187  1586
 3906    1338   969   963  1593
 3907    1587  1293  1652  1656
 3908     743   889  1605  1674
 3909    1383  1521    78  1523
 3910     607  1521   862   160
 3911     937    61  1259  1550
 3912     878   432   435  1671
 3913     431    81   668  1640
 3914      36   103  1012  1596
 3915    1563  1543  1624  1628
 3916     524   511   227  1665
 3917     250   765   766  1636
 3918     903   178  1647  1673
 3919     883    83  1600  1675
 3920     636   423   396  1648
 3921      50   895  1106  1581
 3922     473    34   994  1553
 3923     281  1331    12  1610
 3924    1555    20  1590  1644
 3925     184   129  1590  1626
 3926    1126  1125  1127  1599
 3927     783   131  1229  1590
 3928     568  1341   276   588
 3929    1581  1605  1646  1674
 3930     687   688  1637  1678
 3931    1155     8   763  1672
 3932    1571  1556  1638  1652
 3933     827   313  1611  1669
 3934    1593  1554  1597  1602
 3935    1446    34   326  1553
 3936    1240  1541  1554  1586
 3937    1286  1285    63  1576
 3938     607  1384  1383   160
 3939    1384   860  1383   160
 3940    1521   607  1383   160
 3941     860  1521  1383   160
 3942    1571  1587  1652  1656
 3943    1488    77   654  1623
 3944    1004   200   478  1550
 3945     266  1221  1224  1584
 3946      20   666   667  1680
 3947    1033  1034  1546  1688
 3948     852  1477  1615  1632
 3949     985   988  1657  1668
 3950     351  1375  1376  1531
 3951    1548  1634  1641  1681
 3952     605   826   604  1639
 3953      63  1509   572  1576
 3954    1613    38   975    70
 3955     799  1283   398  1610
 3956     789   273  1249  1602
 3957     413  1379  1413  1611
 3958     603    38  1531  1532
 3959     198   316  1418  1622
 3960     157  1500   343  1610
 3961    1554  1364  1597  1614
 3962      38   603  1022  1532
 3963    1551  1555  1584  1680
 3964      38   603    70   824
 3965     528  1091   510  1618
 3966    1413   313    74  1611
 3967     486   351   350   975
 3968    1539  1596  1635  1660
 3969     306   602  1370   357
 3970     173   892   893  1646
 3971     765   768   538  1636
 3972     332   845  1550  1670
 3973     350   351   974   975
 3974    1345   959  1608  1656
 3975     794   133   135  1615
 3976     972   350   974   975
 3977     972   973   350   975
 3978     205  1023  1024  1575
 3979    1400    15  1634  1681
 3980     931  1221  1578  1604
 3981     958  1587  1608  1656
 3982     413  1413  1414  1611
 3983    1027   653    63  1576
 3984     945   455  1556  1576
 3985    1034   375   647  1688
 3986    1291   190   800  1576
 3987     951   140   807  1568
 3988    1408  1435   521  1664
 3989    1540  1552  1637  1685
 3990    1540  1582  1627  1685
 3991     861   656   159  1574
 3992     742   379  1581  1664
 3993     326   993  1563  1606
 3994     732   210  1073  1650
 3995    1546  1544  1623  1650
 3996     541  1182  1181  1614
 3997    1620  1542  1624  1628
 3998     313  1372  1611  1669
 3999     941  1616   452    88
 4000     134   793  1559  1615
 4001    1459  1502  1619  1687
 4002     363  1633  1637  1678
 4003     526   528   510  1618
 4004     427    82   668  1640
 4005    1581  1605  1664  1683
 4006     202   370  1559  1596
 4007    1096   511  1580  1665
 4008    1474   102  1559  1615
 4009      27   923   921  1636
 4010     579  1315   283  1568
 4011    1020   374   484  1617
 4012    1529   104   864  1654
 4013    1407   833   835  1605
 4014     550   549  1627  1685
 4015    1262  1267   568  1658
 4016      20   872  1555  1590
 4017     426    19   867  1654
 4018    1265  1266   277  1658
 4019    1556  1557  1571  1631
 4020    1547  1564  1637  1677
 4021     330   650  1499  1648
 4022    1265   277   568  1658
 4023     264  1216  1633  1689
 4024     892    23   893  1646
 4025    1416   606  1417  1609
 4026    1490   203   854  1635
 4027     122   821  1541  1614
 4028      59  1224   563  1592
 4029     192   959   957  1656
 4030    1125  1126   518  1629
 4031    1569   273  1602  1661
 4032    1345   579   959  1656
 4033    1265  1267  1268  1658
 4034     342  1283   343  1648
 4035    1579  1549  1599  1647
 4036    1645  1605  1646  1683
 4037    1092  1094   510  1618
 4038    1285  1027    63  1576
 4039    1075   879  1601  1675
 4040     192  1314   959  1656
 4041     571   279    62  1648
 4042      11   569   396  1648
 4043     798    11  1268  1658
 4044    1098  1097   110  1618
 4045     408    70   824  1613
 4046     197   706     3  1668
 4047      18   424   853  1544
 4048    1585  1553  1606  1642
 4049     278   569  1279  1648
 4050    1264   187   277  1658
 4051     959   579   957  1656
 4052    1499   649   636  1648
 4053     281   813  1331  1648
 4054      48   522  1133  1664
 4055     399    62   281  1648
 4056      62  1284   281  1648
 4057      62  1328   584  1648
 4058     199   325   998  1561
 4059     618   437   468  1634
 4060     206   718   859  1557
 4061      80  1022   662  1669
 4062     178   902  1142  1673
 4063    1105   887   741  1674
 4064    1075   169   879  1675
 4065    1595  1599  1603  1655
 4066    1492  1033   647  1546
 4067    1073   724   105  1650
 4068    1380   604   315  1639
 4069    1270   137  1648  1658
 4070      95   984  1591  1668
 4071     424  1037   719  1036
 4072     589   293  1315  1620
 4073    1140  1144  1673  1677
 4074     512   382   889  1605
 4075    1438   626   150  1642
 4076     856    18   646  1544
 4077    1117   116   115  1563
 4078     223  1091  1577  1618
 4079      66  1528    64  1527
 4080    1533   866   354   804
 4081    1158   531  1595  1599
 4082    1416   316   987  1622
 4083     471   712    97  1606
 4084     353   661    64  1527
 4085     882   669   880  1600
 4086     942    90   694  1661
 4087     207  1510  1576  1687
 4088      65   865   574    64
 4089    1528    65  1297    64
 4090    1528    66    64  1297
 4091     445   549  1206  1685
 4092     353    65  1528    64
 4093    1144    51  1140  1673
 4094    1147   738  1580  1618
 4095    1582  1597  1612  1627
 4096     411   410  1589  1688
 4097     674   249  1603  1686
 4098     535  1093   528  1577
 4099     537   776   393   536
 4100     776   775   535  1577
 4101    1565   672  1665  1673
 4102    1337   963    32  1593
 4103     873   558  1590  1626
 4104    1473    17  1472  1615
 4105     751   747   113  1563
 4106     931    29  1604  1678
 4107    1088   878  1087  1666
 4108    1567  1545  1591  1623
 4109    1245   132  1602  1627
 4110    1572  1539  1582  1593
 4111     360   178  1565  1647
 4112    1372   426  1654  1669
 4113      75   623  1311  1313
 4114     172   991   438  1642
 4115    1013   482  1596  1660
 4116     104   208   864  1654
 4117     345  1017   484  1617
 4118     728   665  1632  1680
 4119    1588  1545  1601  1641
 4120     473  1120   438  1553
 4121     825   147   824  1669
 4122      74  1372  1371  1611
 4123    1307  1308   806  1611
 4124     116   752  1563  1629
 4125    1451   583  1114  1561
 4126    1516   657   655  1659
 4127     960  1335    32  1608
 4128     481  1551  1596  1635
 4129    1381   605   606  1609
 4130     108  1051   727  1632
 4131    1426  1425  1423  1621
 4132     655   657   349  1659
 4133    1246   550  1627  1685
 4134     175   438  1553  1642
 4135     569   278   396  1648
 4136     852   851  1477  1632
 4137     638  1465  1598  1684
 4138     497  1045   106  1632
 4139     287   818   585  1648
 4140     522    48  1132  1664
 4141    1498   650   330  1648
 4142     571    62  1283  1648
 4143     343  1648   649   342
 4144    1057   215  1671  1682
 4145     277   453   568  1658
 4146    1076  1601  1641  1675
 4147     512   889   890  1605
 4148     291   814  1566  1569
 4149    1545   502  1641  1650
 4150     463  1361  1554  1569
 4151     350   486   975  1574
 4152    1577   223  1618  1689
 4153    1355  1163     8  1672
 4154     359  1600   885    83
 4155     284   812   143  1624
 4156     890   171   888  1634
 4157     378     6   222  1618
 4158    1577  1618  1677  1689
 4159     294   293   589  1620
 4160     875   434  1640  1651
 4161      58   562   791  1569
 4162    1395   616   988  1657
 4163    1359    58   596  1569
 4164    1361   791  1554  1569
 4165    1574  1623  1659  1662
 4166     332   846  1004  1550
 4167    1037   492   424  1544
 4168     250  1175  1577  1636
 4169     977   978  1548  1589
 4170     349   656   861  1623
 4171     502   504  1641  1650
 4172     616  1397   984  1657
 4173     456   950   949  1621
 4174     171  1085   888  1634
 4175    1064  1217    28  1682
 4176     458  1593  1597  1608
 4177    1208   932  1604  1676
 4178     804   574  1638  1654
 4179     577    75  1307   282
 4180      75   456   839   415
 4181      75   456  1307   282
 4182    1311    75  1313   282
 4183     471  1431   318  1622
 4184     805   314   840  1309
 4185    1306  1309   314   138
 4186     953  1293   192  1656
 4187     577   415  1422   840
 4188     577   805   415   840
 4189     794   795   565  1615
 4190    1310   577  1422   840
 4191     577  1310  1309   840
 4192     192   955   699  1656
 4193    1633  1577  1677  1689
 4194     306   602   357  1534
 4195    1298   946   188  1638
 4196    1541  1554  1586  1612
 4197    1616  1550  1619  1670
 4198     651   157  1610  1687
 4199    1270  1616  1658  1670
 4200    1502   333  1459  1619
 4201    1098   525   225   240
 4202     814   402  1566  1630
 4203     574  1301   354   804
 4204    1502   156  1505  1687
 4205    1536   663  1304   575
 4206    1181   180  1594  1612
 4207     770  1541  1586  1612
 4208     653  1509    63  1576
 4209    1514   349   861  1623
 4210     498   131  1555  1590
 4211    1500   157   857  1610
 4212     787   782  1223  1584
 4213     973   466   464  1574
 4214    1474  1551  1570  1632
 4215     206   207  1556  1557
 4216     139   809  1624  1625
 4217    1539  1545  1623  1660
 4218     929   924   126  1685
 4219     466  1378   709  1613
 4220     675   678   677  1612
 4221     683   926   925  1633
 4222     854   855  1544  1623
 4223    1332  1333   288  1630
 4224     446   563  1220  1592
 4225     647   646  1546  1688
 4226     855   854    77  1623
 4227    1601   879  1666  1675
 4228    1560  1270  1658  1670
 4229    1275   637  1273  1670
 4230     940   637  1461  1670
 4231     690  1550  1616  1670
 4232     331  1560  1619  1670
 4233     845   421  1550  1670
 4234    1560  1616  1619  1670
 4235    1579  1549  1585  1599
 4236    1463  1462  1598  1619
 4237     769  1182  1541  1612
 4238     857  1459  1610  1687
 4239      22   881   669  1600
 4240     900   903   178  1647
 4241     747   115   517  1563
 4242     207  1510  1511  1576
 4243     576   305   802  1371
 4244     576   305  1412  1411
 4245     436  1581  1600  1674
 4246     663  1535  1304   575
 4247     661   353    64   354
 4248     574   803    64   354
 4249     865   574    64   354
 4250     574   865   866   354
 4251     803   574  1301   354
 4252     355   661    64   354
 4253    1296   355    64   354
 4254    1301  1533  1302   354
 4255     803  1301  1302   354
 4256     837   412   315  1639
 4257     305   576   802   575
 4258    1305   576  1411  1410
 4259    1540  1582  1603  1612
 4260     663  1536   305   575
 4261     663   305   867   575
 4262     867   305   802   575
 4263    1533  1302   663   575
 4264    1533  1301  1302   575
 4265    1301  1533   804   575
 4266     804   866   802   575
 4267     866   867   802   575
 4268     866   663   867   575
 4269    1533   663   866   575
 4270    1533   866   804   575
 4271    1537   305   664  1538
 4272    1208    30  1207  1604
 4273      13   576   802  1371
 4274     858   857  1610  1687
 4275     157   156   858  1687
 4276    1538  1368  1411  1303
 4277    1304  1536   575  1303
 4278     305   576   575  1303
 4279    1304  1368  1538  1303
 4280     617  1428   310  1645
 4281     190   455  1556  1652
 4282    1411   576  1303  1410
 4283    1368  1411  1303  1410
 4284    1536  1304  1538  1303
 4285    1536  1538  1411  1303
 4286     305  1536  1411  1303
 4287    1536   305   575  1303
 4288     246  1160  1595  1628
 4289     809   292  1316  1624
 4290    1545    40  1573  1651
 4291    1323   141   627  1561
 4292     158   159   160  1546
 4293     151   748  1449  1563
 4294     912   909   443  1552
 4295    1578  1584  1644  1680
 4296     578   140   283  1568
 4297    1145   386  1580  1677
 4298    1245   550  1203  1627
 4299    1178   539   179  1552
 4300    1666   508   509   507
 4301     658   158   860  1546
 4302     385  1147   386  1580
 4303     762   761  1154  1672
 4304     879  1087  1074  1601
 4305    1339   291  1566  1569
 4306    1509   651   397  1576
 4307    1564  1578  1626  1682
 4308    1370    80   357  1669
 4309    1227  1225   558  1590
 4310    1200   548   259  1552
 4311     459   300   968  1614
 4312     453   454  1566  1661
 4313     860    14  1383   148
 4314      17   852  1615  1632
 4315     174   176   756  1646
 4316    1553  1446   517  1563
 4317    1420   713   198  1649
 4318     432   431   435  1558
 4319     374   717  1617  1631
 4320     736   377   505  1548
 4321     506   467   221   979
 4322    1558  1601  1651  1666
 4323      10  1361   298   596
 4324     154  1045   851  1632
 4325    1528  1026   352  1556
 4326     962   145   294  1643
 4327     271  1248  1602  1676
 4328     292   812  1316  1624
 4329     145  1542  1620  1643
 4330    1366   822   122   123
 4331    1431   471  1585  1622
 4332    1616    89  1661  1676
 4333     998   997  1543  1606
 4334     424   719  1035   645
 4335    1034   647  1546  1688
 4336    1074   878  1651  1666
 4337     462   463   461  1569
 4338    1567  1575  1617  1659
 4339     761   762   387  1628
 4340     509   880  1583  1600
 4341     316   472   318  1622
 4342     116  1121  1122  1629
 4343    1622  1395  1657  1663
 4344     412   837  1607  1639
 4345     328  1120   994  1118
 4346     375   723   105  1544
 4347    1108    47   744  1581
 4348     461   463  1554  1569
 4349    1567  1607  1609  1622
 4350     572   799   397  1610
 4351     293   292  1620  1624
 4352     440  1565  1581  1646
 4353     397   799   398  1610
 4354     135   395  1468  1559
 4355     103   202  1012  1596
 4356     131   107  1234  1235
 4357      61   136  1259  1559
 4358     786   784   785  1555
 4359    1253  1252   557  1584
 4360     512   833   836  1605
 4361    1048  1615  1232  1233
 4362     102   201   476  1559
 4363     245  1157  1127  1599
 4364     455   190  1556  1576
 4365     131   214  1229  1590
 4366     658    14   860    78
 4367    1090  1060  1618  1689
 4368    1271  1275   451  1670
 4369    1544   854  1623  1635
 4370     874    20   667  1644
 4371     204   345   485  1684
 4372    1547  1577  1636  1677
 4373    1317    92  1568  1621
 4374    1597  1594  1612  1614
 4375     517   749  1553  1563
 4376    1547  1540  1636  1637
 4377     470   605  1381  1609
 4378     560   146   561  1541
 4379     206  1026  1528  1556
 4380    1308    74   805   314
 4381    1608  1587  1620  1656
 4382    1350   144  1352  1672
 4383    1355   405   295  1542
 4384    1585  1539  1620  1595
 4385    1339   276  1569   944
 4386    1555  1551  1632  1680
 4387    1181  1182  1612  1614
 4388    1528  1297   945    66
 4389     710   320  1585  1663
 4390    1578  1221  1584  1592
 4391    1582  1540  1637  1685
 4392     539  1176  1552  1636
 4393     292   809   578  1624
 4394     995  1543  1649  1690
 4395     338   855  1488  1623
 4396     486    38   975  1667
 4397     810   284  1323  1561
 4398    1234   726   727  1555
 4399    1593  1539  1595  1620
 4400    1137  1139  1141  1673
 4401     923   364  1636  1637
 4402      86    23  1579  1646
 4403     455   189  1556  1652
 4404    1247  1205  1582  1676
 4405    1122   114   752  1629
 4406     679    24  1161  1655
 4407     125  1196   546  1586
 4408    1545  1573  1640  1651
 4409    1020   484  1557  1617
 4410      51  1143  1142  1673
 4411    1094   758   759  1618
 4412     956   140  1317  1568
 4413     122  1365  1541   821
 4414     984   981    95  1591
 4415     406   820   146  1541
 4416    1184   122  1182  1541
 4417     434  1558  1640  1651
 4418    1163    52   387  1542
 4419    1545  1589  1623  1650
 4420     616   985   988  1657
 4421    1307   415  1611  1653
 4422     838  1419  1607  1690
 4423    1471  1472   153  1615
 4424     857  1459  1560  1610
 4425     346   859   347  1557
 4426    1553  1579  1585  1629
 4427    1543  1563  1606  1628
 4428     632  1446   326  1563
 4429     758  1097   240  1618
 4430     318  1395  1622  1663
 4431    1085  1083  1548  1641
 4432    1025   206  1528  1556
 4433     208   865   864  1654
 4434    1045   154  1041  1632
 4435    1424   838  1607  1621
 4436     202   370   476  1559
 4437     531   246  1158  1595
 4438      87   770  1185  1612
 4439     714  1480  1474  1570
 4440     700   703   460  1597
 4441     154  1481  1570  1632
 4442    1010   479  1570  1573
 4443    1572  1587  1593  1630
 4444     860   148  1383    78
 4445     765   250  1577  1636
 4446     202  1464  1012  1598
 4447    1568  1543  1620  1624
 4448    1546  1574  1589  1623
 4449      90   454   453  1661
 4450    1582  1593  1595  1597
 4451    1078  1085  1081  1641
 4452     525  1095   738   225
 4453    1077  1078   504  1641
 4454     647   646   155  1546
 4455    1567  1588  1591  1641
 4456     393   781  1577  1636
 4457    1610  1560  1648  1658
 4458     926   928    28  1626
 4459    1567  1539  1587  1656
 4460     332  1004   478  1550
 4461     352  1026   652  1576
 4462     105   723  1650  1688
 4463     651  1509   653  1576
 4464    1085  1548  1634  1641
 4465     492   429  1489  1573
 4466     348   204  1659  1660
 4467     479   428  1570  1573
 4468    1138  1599  1603  1673
 4469      38  1022  1613  1667
 4470    1116   515  1561  1563
 4471    1618  1564  1677  1689
 4472     502   504  1079  1641
 4473     426   425    19  1654
 4474      87   676   769  1612
 4475    1196   545     9  1586
 4476     158  1518   155  1546
 4477    1078  1080  1079  1641
 4478    1123  1125   518  1629
 4479    1289   801  1610  1679
 4480    1026   352  1556  1576
 4481    1043   725  1570  1632
 4482    1549  1583  1600  1601
 4483     881  1096  1583  1600
 4484     562   273  1554  1569
 4485    1227   214  1054  1590
 4486     678   677  1612  1655
 4487     865   574   866  1654
 4488     941  1270  1272  1670
 4489     421   848   847  1619
 4490     708   466   709  1613
 4491    1024   205  1575  1669
 4492      82   871   164  1573
 4493    1080  1078  1081  1641
 4494      44   733  1069  1688
 4495     932  1219  1208  1604
 4496      36  1013   103  1596
 4497     419   515   151  1563
 4498     240   525   738  1098
 4499     766   538    54  1636
 4500    1097  1094   110  1618
 4501     842   327  1561  1563
 4502     251   393  1577  1636
 4503     503   502  1079  1641
 4504    1539  1572  1582  1604
 4505     722     4  1544  1573
 4506     358    81  1640  1680
 4507    1033  1034   647  1546
 4508     924   183  1637  1685
 4509     158  1517   861  1546
 4510      77  1487  1015  1635
 4511    1364   702   970  1597
 4512     851   497  1478  1632
 4513     348   483  1486  1660
 4514     532  1121   761  1628
 4515    1037   424   719  1544
 4516    1339  1341   587  1569
 4517    1234   498   131  1555
 4518    1585  1543  1595  1620
 4519    1176  1171   908  1547
 4520    1549  1565  1579  1588
 4521     806   947  1611  1653
 4522     461   970   703  1597
 4523     832  1103   437  1634
 4524     807   951  1568  1621
 4525     212   877   493  1651
 4526       6  1060   222  1618
 4527     637   940  1273  1670
 4528    1566   942  1569  1661
 4529    1254  1559  1584  1592
 4530    1384   860   160  1546
 4531     526   510   759  1618
 4532    1563  1553  1606  1628
 4533    1335   289   961  1608
 4534     531   246  1595  1629
 4535     936   271  1661  1676
 4536    1555    20  1644  1680
 4537     968   597  1594  1614
 4538    1548   468  1634  1681
 4539     200   477   476  1559
 4540     429  1008  1489  1573
 4541     327   632   326  1563
 4542     720     4   211  1573
 4543    1594  1542  1597  1655
 4544     861   159  1546  1574
 4545     793  1252  1253  1584
 4546     941    88  1270  1616
 4547     617   310   615  1645
 4548      61   200  1468  1559
 4549     126   924  1552  1685
 4550     524   170   239  1665
 4551       8   121  1356  1672
 4552     477   200  1004  1550
 4553     773   127  1552  1586
 4554    1651  1558  1666  1671
 4555     707   708   709  1662
 4556     356  1529    19  1654
 4557    1539  1567  1571  1617
 4558    1223   129   130  1584
 4559    1430  1429   624  1645
 4560      52   917  1166  1542
 4561     378   222  1564  1618
 4562    1582  1246  1627  1685
 4563     914   543   773  1586
 4564    1609  1418  1649  1690
 4565     165    20   874  1644
 4566     930   931  1578  1678
 4567     574   400   804  1638
 4568      36  1013  1596  1660
 4569     440   360   178  1565
 4570    1217     5   264  1689
 4571      47   436  1105  1581
 4572    1158   245  1599  1655
 4573     207  1556  1557  1576
 4574      27  1202   924  1637
 4575     863   464   973    79
 4576     320  1431  1585  1663
 4577      33  1359   596  1569
 4578    1481  1480  1570  1632
 4579     545   125   257  1586
 4580     508   378  1089  1583
 4581    1147   525   386  1580
 4582     586   814  1338  1593
 4583     440   178   672  1565
 4584    1258   690  1550  1592
 4585    1539  1545  1567  1623
 4586    1298   188  1299  1638
 4587    1023  1024  1575  1654
 4588     502    40    41  1545
 4589     319  1432  1430  1663
 4590    1138  1139  1137  1673
 4591     190  1287   800  1576
 4592     344  1017   345  1684
 4593    1549  1604  1637  1678
 4594    1556   697  1638  1652
 4595     140   956   283  1568
 4596     457  1348   193  1608
 4597    1020   718   372  1631
 4598     482  1016  1486  1660
 4599     426   602  1534  1669
 4600      37  1516  1018  1659
 4601     369  1014  1009  1635
 4602     982   707  1662  1668
 4603     704   458  1593  1597
 4604     895    50  1106  1665
 4605     703   702   460  1597
 4606     748   151  1113  1563
 4607     826   408   604  1613
 4608    1083  1078  1548  1641
 4609    1091  1092   510  1618
 4610     948    92   950  1653
 4611      14  1384   309  1546
 4612     684   685  1626  1678
 4613     782   129  1584  1590
 4614    1178   182   919  1636
 4615     650  1498   279  1648
 4616     116  1563  1628  1629
 4617     933  1208  1207  1604
 4618    1089   378  1564  1583
 4619     708   707     3  1662
 4620     533   249  1547  1603
 4621     863   161   350  1574
 4622    1551  1558  1635  1640
 4623     707     3  1662  1668
 4624     693    89  1616  1676
 4625     229   836   311   834
 4626     958   289  1314  1608
 4627    1458   649  1610  1648
 4628    1224  1253  1584  1592
 4629    1539  1623  1659  1660
 4630     731   128  1216  1689
 4631     656   161   159  1574
 4632     141   420   843  1445
 4633    1075  1076  1601  1651
 4634     332   939  1003  1461
 4635    1418   198  1622  1649
 4636     395   136    61  1559
 4637    1594  1181  1612  1614
 4638    1511   653   652  1576
 4639    1634  1588  1641  1681
 4640    1480    17  1615  1632
 4641     477   200  1550  1559
 4642    1275   152  1460  1670
 4643      63   572   397  1576
 4644     203  1487   854  1635
 4645     163   428   495  1570
 4646     948   695   696  1653
 4647    1323  1322   141  1561
 4648     427    81   870  1680
 4649    1291  1292  1576  1652
 4650    1566  1593  1630  1661
 4651    1187   125  1197  1586
 4652     466   973   975  1574
 4653      56   146   600   823
 4654     480   479  1006  1570
 4655     147   825   409  1669
 4656    1023   371   104  1631
 4657     174   893   361  1646
 4658     222  1564  1618  1689
 4659     195   978   977  1589
 4660    1516    37   716  1659
 4661     442   905   245  1599
 4662    1605  1581  1646  1683
 4663    1570  1551  1640  1680
 4664    1633  1564  1682  1689
 4665     502   493    40  1545
 4666     868   428   871  1570
 4667      14   658   860  1546
 4668     605   604  1380  1639
 4669      13    74  1308   314
 4670    1379   313  1413  1611
 4671     250  1169   764  1577
 4672    1470  1260   135  1615
 4673     672  1142  1665  1673
 4674    1096   881    22  1600
 4675     486   975  1574  1667
 4676     699   366  1571  1656
 4677     865   353  1638  1654
 4678      37   204   485  1617
 4679     743    84   889  1674
 4680      55   770   771  1586
 4681     459   460  1594  1643
 4682     850   564   566  1615
 4683    1086  1083  1084  1548
 4684     195   977   613  1589
 4685      14   410  1388  1546
 4686    1564  1633  1677  1689
 4687    1558   431  1640  1644
 4688     145   293   294  1620
 4689     761   762  1628  1672
 4690     119   756  1581  1683
 4691     690   935     2  1616
 4692     739   740  1580  1583
 4693    1023  1529   356  1654
 4694     942   943  1566  1569
 4695     908   909  1552  1686
 4696    1092     6   110  1618
 4697    1567  1585  1622  1657
 4698    1246  1247  1205  1582
 4699    1023   356  1024  1654
 4700    1558  1551  1578  1644
 4701       4   492  1037  1544
 4702     745  1133   381  1664
 4703       9   770   389  1541
 4704      52   120   387  1542
 4705     616   625  1396  1663
 4706     685   928   684  1626
 4707    1244  1240  1554  1586
 4708     909  1176   908  1547
 4709      81  1640   427   668
 4710    1275  1273   451  1670
 4711     450    31   451  1670
 4712     899   114  1124  1629
 4713    1018   204  1617  1659
 4714     302   821   822  1614
 4715     863   973  1574   350
 4716    1486  1466   204  1684
 4717      57  1245  1602  1627
 4718     853  1490   854  1544
 4719     719   375   105  1544
 4720    1149  1169  1577  1677
 4721     495   868   869  1570
 4722    1338   462   969  1569
 4723    1539  1549  1582  1603
 4724    1308    13   806  1611
 4725     890    84   670  1634
 4726     419  1451  1114  1561
 4727    1232  1555  1615  1632
 4728    1130   626  1642  1683
 4729      25  1185  1586  1686
 4730     141   582   843  1561
 4731     978  1548  1589  1591
 4732     673  1126   901  1647
 4733     382   743  1605  1664
 4734     346  1504   639  1562
 4735     418  1429  1642  1683
 4736    1150   385  1149  1618
 4737     635    68  1451  1561
 4738     325   199   627  1561
 4739    1338   814  1569  1593
 4740     323    76   236  1683
 4741     203   479  1010  1573
 4742     983   985    95  1668
 4743     273   790  1554  1602
 4744    1613  1574  1659  1662
 4745      86   673   361  1646
 4746     158   155  1517  1546
 4747     212  1039   877  1651
 4748    1542   965  1594  1643
 4749    1248  1247  1602  1676
 4750    1548  1545  1591  1641
 4751     797  1272   152  1670
 4752     498   214   131  1590
 4753      65   353  1528  1556
 4754     589  1345  1608  1620
 4755     240   738  1618  1098
 4756     604   828   315  1639
 4757     160   863   464  1574
 4758    1567  1545  1588  1641
 4759    1270    88   691  1616
 4760    1054   214   430  1590
 4761    1468   200   476  1559
 4762    1039   212  1074  1651
 4763     732   734  1650  1688
 4764     673    86  1579  1646
 4765    1064  1217  1682  1689
 4766     431   434   435  1558
 4767    1348   589  1608  1620
 4768     857   331  1458  1560
 4769     954   956    92  1568
 4770     467   505  1084   221
 4771    1500   857   649  1610
 4772     461   969  1569  1593
 4773    1156   531  1599  1629
 4774     322   841   117  1683
 4775    1597  1582  1602  1627
 4776     738   240  1618  1147
 4777     101   370   103  1596
 4778      15  1605  1634  1681
 4779     428   479  1008  1573
 4780    1089   378   216  1564
 4781      31  1271   451  1670
 4782     995   996  1543  1625
 4783     541  1181  1594  1614
 4784    1602  1582  1661  1676
 4785    1283   799   343  1610
 4786    1610  1331  1630  1658
 4787    1550   939   450   938
 4788     904  1127  1599  1647
 4789    1542  1347  1620  1624
 4790    1514  1488   349  1623
 4791    1593  1569  1602  1661
 4792     204  1660  1486  1684
 4793     784  1234   131  1555
 4794    1017   346   347  1562
 4795    1549  1539  1595  1603
 4796    1275   797   152  1670
 4797    1171  1176   768  1547
 4798    1582  1593  1597  1602
 4799     502   212   493  1651
 4800     464   863   973  1574
 4801     673    86  1124  1579
 4802     391   127  1586  1627
 4803      81   358   667  1680
 4804     828  1379  1639  1669
 4805     349  1488   654  1623
 4806     406   819  1364  1614
 4807     878   435  1558  1671
 4808     914    55   543  1586
 4809    1092   223  1090  1618
 4810    1322  1349   583  1561
 4811     287   798  1268  1658
 4812     721    82   164  1573
 4813     651   653  1511  1576
 4814    1019  1515  1659  1667
 4815    1605  1645  1646  1674
 4816     775   128  1093  1577
 4817    1234   784   786  1555
 4818     564   850  1476  1615
 4819     128  1067  1093  1577
 4820    1349   592   583  1561
 4821     375   723  1544  1688
 4822     429   492   164  1573
 4823     709   708  1613  1662
 4824    1143  1580  1673  1677
 4825    1425  1424  1621  1690
 4826     207  1511   652  1576
 4827    1545  1601  1641  1651
 4828     536   776   393  1214
 4829    1613  1575  1667  1669
 4830     670    84    85  1674
 4831      34   473   474  1553
 4832     982   709   605  1613
 4833     207   206  1556  1576
 4834    1123   246   531  1629
 4835     458   457    32  1608
 4836     288  1332  1630  1679
 4837    1182  1541  1612  1614
 4838    1340   291   587  1569
 4839     461   704  1593  1597
 4840     441  1603  1655  1686
 4841    1060     6  1090  1618
 4842     397   398    12  1610
 4843    1566  1560  1572  1630
 4844     681  1160  1542  1595
 4845     973    79   464   972
 4846    1596  1539  1598  1660
 4847    1601  1074  1651  1666
 4848     766   765   538  1636
 4849     701   457   700  1643
 4850      74    13  1308  1611
 4851     426   425  1654  1669
 4852    1442   199  1000  1625
 4853     547     9   545  1194
 4854     460   459    93  1643
 4855     562   943   273  1569
 4856     878  1088   433  1666
 4857     561  1240  1541  1554
 4858    1565  1549  1583  1600
 4859     206   718  1556  1631
 4860      37   485   484  1617
 4861     372   206  1025  1631
 4862     518  1126  1124  1629
 4863    1395   988  1622  1657
 4864    1247    57  1248  1602
 4865     688   183   689  1637
 4866     724   210    41  1650
 4867      30   444  1604  1678
 4868    1578  1564  1626  1678
 4869     165   166  1590  1644
 4870    1549  1539  1582  1604
 4871     550   549   126  1627
 4872     387  1163  1542  1672
 4873    1415   412  1607  1639
 4874    1134   744   379  1581
 4875     458   457  1608  1643
 4876     760   385   386  1580
 4877     549   929   126  1685
 4878    1424   838  1621  1690
 4879    1361   791    10  1554
 4880    1120   175   438  1553
 4881     116   752   115  1563
 4882     180   677  1594  1612
 4883    1283   399   398  1610
 4884     809  1543  1624  1625
 4885     868  1570  1640  1680
 4886     946    65  1297  1556
 4887    1429  1405  1645  1683
 4888     367    96  1591  1668
 4889    1567  1585  1607  1622
 4890     324   317   580  1625
 4891    1575  1611  1654  1669
 4892     151   515  1113  1563
 4893     168   876  1061  1644
 4894    1509  1507   572  1610
 4895     653  1027   652  1576
 4896      84   359    85  1674
 4897    1545  1567  1588  1601
 4898     802    13  1371  1611
 4899     962   294  1348  1643
 4900    1015   482   483  1660
 4901     824   408  1613  1669
 4902     465   466   368  1662
 4903     368     3    94  1662
 4904       3   367    94  1662
 4905    1022   824  1613  1669
 4906     465   368    94  1662
 4907    1385   465    94  1662
 4908     915    25   911  1686
 4909     674   362   911  1686
 4910    1104   382  1605  1664
 4911     834  1104  1605  1664
 4912     619   112   834  1664
 4913     908   249   911  1686
 4914    1510   156  1511  1687
 4915    1505  1506   346  1687
 4916    1505   346  1503  1687
 4917     910   909   908  1686
 4918    1111  1408  1132  1664
 4919      48  1111  1132  1664
 4920     112  1104   834  1664
 4921     334  1505  1503  1687
 4922     156  1502   858  1687
 4923     513    48   381  1664
 4924     513   381   380  1664
 4925    1433   622   312  1664
 4926     754   521     7  1664
 4927     755   754     7  1664
 4928      49    48   513  1664
 4929     746   513   380  1664
 4930     746    49   513  1664
 4931    1406  1433   312  1664
 4932     622   621   312  1664
 4933     622  1433   322  1664
 4934     118   755     7  1664
 4935     754   522   521  1664
 4936     522   754   755  1664
 4937      48   745   381  1664
 4938     381   379   380  1664
 4939     382   746   380  1664
 4940     112   746   382  1664
 4941     112    49   746  1664
 4942    1407  1406   312  1664
 4943     689   183   929  1685
 4944     621   619   312  1664
 4945    1435   622   322  1664
 4946     521   753     7  1664
 4947     910   908   911  1686
 4948     335   344   345  1684
 4949     622  1435   621  1664
 4950     522  1132   521  1664
 4951      48    49  1111  1664
 4952     522   755  1133  1664
 4953     379   742   380  1664
 4954     382   380   743  1664
 4955     836  1407   312  1664
 4956      87    25   915  1686
 4957    1435  1408   621  1664
 4958     836   312   834  1664
 4959    1104   112   382  1664
 4960     312   619   834  1664
 4961    1372   313   409  1669
 4962      80   425   357  1669
 4963     425   426   357  1669
 4964     602   409  1370  1669
 4965     602  1372   409  1669
 4966    1022    80  1532  1669
 4967     357   426  1534  1669
 4968    1460   152   422  1670
 4969     332   637   845  1670
 4970     690   452    31  1670
 4971    1273   450   451  1670
 4972     452  1670   941    31
 4973     637  1460   422  1670
 4974     940   450  1273  1670
 4975     637   332  1461  1670
 4976    1163   387     8  1672
 4977     404   405   144  1672
 4978    1350   591   592  1672
 4979     144  1356  1352  1672
 4980     591  1350  1352  1672
 4981     144   405  1355  1672
 4982     169  1076  1080  1675
 4983    1075  1076   169  1675
 4984     933   185  1208  1676
 4985     693   185   448  1676
 4986    1247   271   449  1676
 4987     448   271   936  1676
 4988     693   448    89  1676
 4989     185   932  1208  1676
 4990     693   447   185  1676
 4991     271  1247  1248  1676
 4992     448   936    89  1676
 4993     185   447   446  1676
 4994     185   446   932  1676
 4995    1146   247  1169  1677
 4996    1145  1143    51  1677
 4997     247  1145  1144  1677
 4998     760   386  1146  1677
 4999    1169   247   764  1677
 5000     247  1144  1140  1677
 5001     760  1146  1169  1677
 5002    1144  1145    51  1677
 5003     248   247  1140  1677
 5004    1149   760  1169  1677
 5005       1   686   685  1678
 5006    1291  1292  1652  1679
 5007     800  1291  1576  1679
 5008     289  1336  1587  1679
 5009    1587  1336  1593  1679
 5010    1593  1336  1630  1679
 5011    1587  1593  1630  1679
 5012     801   800  1576  1679
 5013    1290   573  1289  1679
 5014    1288  1290  1289  1679
 5015     573  1291  1289  1679
 5016    1334   573  1290  1679
 5017    1288  1332  1290  1679
 5018     573  1294   191  1679
 5019    1294   573  1334  1679
 5020    1291   573   191  1679
 5021     288  1334  1290  1679
 5022    1332   288  1290  1679
 5023    1294  1293   191  1679
 5024     289  1294  1334  1679
 5025    1291   800  1289  1679
 5026    1292  1291   191  1679
 5027    1336   289  1334  1679
 5028    1289   800   801  1679
 5029     728   869   665  1680
 5030     868   427   869  1680
 5031    1398  1397   615  1681
 5032      15  1398   615  1681
 5033    1397   617   615  1681
 5034      99   100   995  1690
 5035     996    35  1625  1690
 5036    1420  1419   838  1690
 5037     729  1063  1056  1682
 5038    1062  1063   729  1682
 5039     729  1056  1058  1682
 5040     376   729  1058  1682
 5041    1063   166  1056  1682
 5042    1062   166  1063  1682
 5043    1062   729  1064  1682
 5044    1056   215  1058  1682
 5045     376  1058  1059  1682
 5046     215  1057  1058  1682
 5047    1057   216  1058  1682
 5048    1607  1568  1621  1690
 5049    1418  1420  1649  1690
 5050     166  1061  1056  1682
 5051     166  1062   873  1682
 5052    1058   216  1059  1682
 5053    1421  1420   838  1690
 5054     100   713  1420  1690
 5055     384   519   173  1683
 5056     149  1429   418  1683
 5057    1131   118     7  1683
 5058    1433   416   322  1683
 5059      16   418   417  1683
 5060      16   841   416  1683
 5061     519  1130   173  1683
 5062     519   384   117  1683
 5063    1429   149  1405  1683
 5064     118  1131   756  1683
 5065     753   117     7  1683
 5066     416   841   322  1683
 5067     626    16   417  1683
 5068      16   323   841  1683
 5069    1130   892   173  1683
 5070     234  1130   519  1683
 5071     236   519   117  1683
 5072     118   756   119  1683
 5073      76   323    16  1683
 5074      76    16   626  1683
 5075     234   519   236  1683
 5076    1502   857   858  1687
 5077     207  1506  1510  1687
 5078    1506   207   859  1687
 5079     857  1502  1459  1687
 5080     377   733   735  1688
 5081     735   733    44  1688
 5082     733   732  1073  1688
 5083     733  1073   723  1688
 5084      44  1069  1034  1688
 5085     375  1069   723  1688
 5086    1069   375  1034  1688
 5087    1033    44  1034  1688
 5088       5   376   109  1689
 5089    1060   109  1059  1689
 5090     109  1060  1090  1689
 5091     376  1682  1064   729
 5092       5   109   731  1689
 5093     223   109  1090  1689
 5094     109  1067   731  1689
 5095     109   223  1067  1689
 5096     216  1060  1059  1689
 5097     222  1060   216  1689
 5098    1064  1689   376     5
# Generated by C:\CCH\Projects\github-software\tetgen1.5.1\build\Release\tetgen.exe -p -q C:\CCH\3dModel\cube1.5k.stl 
