22966  4  0
    1    2408     5  2407  6411
    2    6412  2520  6527  6897
    3    1628   625   197  6347
    4     270  1162  6711  6947
    5    1453  5092   652  2032
    6    5513  5378  5380  5514
    7    4127    49  2865  6308
    8     396  5668    32  6669
    9    1770  1366    23  6434
   10    6192  6246  6285  6740
   11    6154  6148  6231  6329
   12    4400  1194  6573  7064
   13    2420  4674  6270  6919
   14    3737  1706  6499  6762
   15    6159  6333  6710  6897
   16    1990  4928  6721  6871
   17    6188  6194  6768  6984
   18    5378  5513  5375  5514
   19    5397  5401   292  2110
   20    6472  5235  5234  2924
   21    1006  4128  4127  2865
   22    6035  3192    59  1259
   23    3318  1571  1836  6311
   24    6378  6648  6556  6219
   25    1241  5973  6757  7039
   26    3609  5275  1056  6930
   27    1101  2138    63  6892
   28    1946  4765  1945  6717
   29    5863  5867  5864  6585
   30    6190  2358  6560  6877
   31    6206  6187  6820  7067
   32    1005  5153  2896  2897
   33    2146   253  1486  6544
   34    6008  1211  6152  6466
   35     203  1971   944  5807
   36     129  1229  6568  6764
   37    6359  6222  6511  6616
   38    5896  3847  6166  6525
   39     292  1082  1083  3903
   40    2702  4504  6595  6691
   41    6153  6154  6178  7042
   42    2518  2516  2517  6938
   43    1312  6270  6557  6919
   44    4060  4058  6447  6592
   45    6203  1552  6768  7045
   46    4953  4952   934  2000
   47    6006  2313  2106  5382
   48    3930  3931  6769  6916
   49    1020  5253  6784  6855
   50    4571   899  3384  6607
   51    1502  5612  1127  6297
   52    5087  2040  2030   462
   53    3041  3037  3042  6319
   54    1197   167  6544  6740
   55    6298  6395  6599  6737
   56     237  4328   843  6580
   57    2778   445  2773  1443
   58    1965  1168  1167  4823
   59    5826  5824  6700  6761
   60    3740  1011  2034  6507
   61    6289  3658  6529  6719
   62    4349  3754   699  6508
   63    1297  3346  2402  6589
   64    5080  4104  6386  6431
   65    2604  3273  1559  6937
   66    3191  1261  1542  6989
   67    6392  6386  6410  6730
   68    6946  3366  4499  7089
   69     162  4377  4376  6383
   70    5827  4027  1521  6268
   71    4255  3316  1834  6754
   72    4745  4746  2764  7037
   73    4038  6268  6397  6975
   74    1723  3804  6976  7084
   75    4490  4492  3366  6522
   76    4276  2649  2650  6812
   77    3563  2022  2021  2050
   78     844  4335  5651  6878
   79    6208  6167  6439  6952
   80    3804  6412  6653  7084
   81    6628  6569  7004  7046
   82    6264  2019  6534  6780
   83    5130  5125   462  1010
   84     652  1017  3547  2033
   85    6048  4482  4483  6750
   86    2491   348  6266  6426
   87    4748  1940   766  6633
   88    2699  2701  4495  6850
   89    1713  1139  6874  7094
   90    4924  2817   966  6375
   91    5921  1882  6027  6826
   92    4681  4680  6683  6899
   93    5879  2102  1075  5878
   94    4353  1156  6545  7059
   95    6583  6649  6802  6821
   96    1592  2404  1299  6615
   97    6396  1539  6935  7007
   98    1976  1630  3465  6753
   99    2376  3296  6737  7068
  100    2978   478   477  6558
  101    4024  4795  2584  6638
  102     275   202  5815  1634
  103    4730    67   923  1934
  104    2772  4765  3434  6717
  105    4208  4205  6520  6830
  106    4606  5307  5949  6175
  107    1938  4359  4360  1853
  108    5046   331  1652  6596
  109    6526    41  6607  6901
  110    1174  5760  6672  6699
  111    1908  2737   906  6400
  112    2788  4826  1428  6483
  113    5351  4204  4206  6548
  114     112  1677  6927  7087
  115    3726  5568  1702  6492
  116    4494   883  6666  7108
  117    6282  6301  7060  7122
  118    3484  3487  6701  7009
  119    5018   993   994  6218
  120    6390  6207  6571  6595
  121     483   482  2115  6801
  122    3031  3032  3030  6864
  123    1857   163  4380  6853
  124    6317  6686  6798  6992
  125    5000  4079  6608  7015
  126    6447  6374  6562  6682
  127    2905  2902  6168  6683
  128    6337  6243  6349  6541
  129    6446  6440  6773  6534
  130    3419  1610  4760  6887
  131    4498  4497  2322  6637
  132    2782  2781    46  6638
  133    3412  1607  4663  6270
  134    5222   185  2918  1913
  135     522   202  5810   523
  136    2712  4546  6491  6854
  137    1623  3450  6354  6844
  138    4897  3482  3477  7065
  139    1583  4375  1582  6619
  140    2342  2340  6087  6576
  141    6963  5321  6380  4192
  142    6509  6223  6981  6991
  143    3518  1648  6495  6895
  144    2036   220  5112  6274
  145    6308  6261  6514  6988
  146    6497  6282  6545  7014
  147    2381  4218  6825  6926
  148    1220  5927  1474  2289
  149    3882  6489  6757  7034
  150    1278  3216  6111  6305
  151    1065  5337  5546  3026
  152     542  3187  2977  5384
  153    1917  1941   915  6756
  154    6373  6763  6793  7013
  155    5525  1073  2158  5348
  156    4568  4569  1409  6604
  157    3685  3682  3684  6246
  158    2988  2344  6565  6620
  159    1291  1567  2380  6825
  160    2081   670  1060  6588
  161    6446  6370  6534  6608
  162    5079  5081  6348  6614
  163    5217  1042  5218  6523
  164    1926  3571  6186  6899
  165    2959  1475  2956  6380
  166    3146   530   281  6253
  167    6692  6325  6877  6881
  168    2319  2320   545  6876
  169    4839  2794  5872  6585
  170     871  1875  1876  7008
  171    5016  2845  6218  6464
  172    3136  3137  6246  6740
  173     863  5326  2090  2091
  174    5398  5397  2324   292
  175    6462  5563  6868  6968
  176    4154   802   380  6981
  177    3973  3972   763  7035
  178    6366  6192  6603  6662
  179    4231  2633  6565  6689
  180    5624  3738  2192  6499
  181    4913  4829   942  6399
  182    1275  2347  6521  6620
  183    6100  6284  6620  7038
  184    6709  6284  6986  7038
  185    3950  3951  6692  6789
  186     246  6017  1077  6013
  187    2674   854  5710  6807
  188    5435  2987  6521  6675
  189     813   814  1070  6226
  190    5270  2936  6746  6932
  191    1774  2585  6418  6638
  192     894  2111  5406  7069
  193    2175  1065  5333  5332
  194    2423  3422  2424  7082
  195    2301   871  7008  7023
  196     496  5503  6500  6622
  197    1115  2175  5333  5332
  198    5072  2028  6297  6499
  199     857  2403  6967  7080
  200    5882  5891  2100  3845
  201    6155  6239  6339  6641
  202    3990  2572  6705  6984
  203    6625  6552  6830  6890
  204    2504  2505  6232  6269
  205    5348  5525  3648  1113
  206    2306  5998  6935  7007
  207    1819  5319  7087  7121
  208    2524    17  6945  7099
  209    1193  2526  3827  7099
  210    6512  3084  6863  6928
  211    6281  6273  6295  6938
  212    5022  4929  6721  6780
  213    1139   266  6874  7017
  214    3314  1570   577  6645
  215    4551  3387  4550  6449
  216    6838  2816  1441  2813
  217    3969  3970  3235  6841
  218     608  1925  3414  6186
  219    5626  1469  3742  6232
  220    2941    65  5597  6436
  221    1065  3025  2092  5335
  222    6201   262  2932  1470
  223     710  3775   120  7055
  224    1145  5650  6474  6835
  225     767   768  1766  6705
  226     397  2398  2666  6282
  227    2248  5765  6860  7105
  228    5646  6554  6835  6961
  229    2978   542  1253  2977
  230    4181  4180  6417  6870
  231    1537  5979   736  6856
  232    6219  6503  7005  7120
  233    4143   799  4144  6788
  234    5000  1793  4998  6608
  235     473  1063  6227  7096
  236    5324  1064  5323  5930
  237    3179  2716  6486  6990
  238    6058  1239  6060  6617
  239    2967  2968  6166  6525
  240    6162  6257  6405  6478
  241     542  2978  2105  2977
  242     246  6018   739  5388
  243    6724  6725  6966  7006
  244    7079  1348  2541   359
  245     766  6259  6352  6633
  246    2969  1072  5895  6525
  247    6594  6269  6680  6959
  248       4  2401   312  6603
  249    5415  2120  2118  6703
  250     121  1717   122  6295
  251    5372  5880  5879  1075
  252    6680   234  6855  6959
  253    5527  6294  6350  6678
  254    3782  6504  6938  6999
  255    5588  2013  1699  6157
  256    3727  6398  2499  6940
  257    4510  3371  3367  6598
  258    6997  1682  7066  7113
  259    4334   398  6237  6878
  260    3142  1209  6355  6585
  261    1712  1713  6693  7094
  262    6713  6688  6726  7121
  263    1453  5126   223  6348
  264    2179  5570  6533  6846
  265     497  5573  3043  6319
  266    3024  5553  1493  6272
  267    3406  6524  6536  6955
  268    6306  6239  6413  6589
  269     503  2208  5655  6699
  270    4300  1840  4301  6376
  271    6381  4244  6404  6550
  272    3192  3193    59  1259
  273    5633  2880  2036  2881
  274    3016  3017  6500  6777
  275     779  1785  6516  7078
  276    5557   843  4327  6580
  277    3679   117  6266  6335
  278    3322  4297  6334  6627
  279     231   232  3583  6991
  280    4617   753  4620  6632
  281     118  3702  5527  6350
  282    2297  5957  6245  6465
  283    6553  6317  7040  7090
  284    4629   801  5220   917
  285    2494  3712  6205  7031
  286    3358  3359  3360  6949
  287    1197  2685   167  6740
  288     835  3328  4289  6745
  289     497  3041  3042  6319
  290    6489  3882  6757  6914
  291    6339  6433  6462  6864
  292    2102  5372  5879  1075
  293    6420  6233  6501  6861
  294    5544  2170  5343  5341
  295    6651  4574  6901  7091
  296    1757   754  4618  7021
  297    3486  6378  6701  7065
  298    1370  2596  6446  6534
  299    2222  1153  4699  5690
  300    2608  1376   378  6308
  301    2520   720  6412  6527
  302    6191  6182  6235  6879
  303    2063  2737  4608  4611
  304     147  6514  1807  6918
  305    6189  6221  6600  7122
  306    4594  4593  3944  6174
  307     661  3581   107  6403
  308    5101  1014  2878  6837
  309    6286  6257  6478  6572
  310    6416  6461  6579  6641
  311    6217  6557  6686  6992
  312    2091  5326  5327   863
  313    3962  4657  4656  6206
  314    2960  2289   863  2090
  315    2839  4986  4979  6176
  316    4444  4446  1591  6328
  317    1064  2958  5926  5930
  318    3371  4503  1595  7089
  319    2661  1386  6718  6735
  320     976   190  1954  6644
  321     281   530  5884  6253
  322    4472    94  6420  6448
  323     472  5292  2946  7071
  324    4546   289  6396  6854
  325    6173  6154  6183  6423
  326    6299  6163  6380  7046
  327      23  6434  6902  6905
  328    3115  1178  5768  6860
  329      28  6548  6688  6726
  330    6800  4276  6812  6868
  331    1367  1779  6759  6975
  332    2289  2090  1220  5923
  333    5039  3518   214  6495
  334    6430  5776  6885  7114
  335    1002  1653  1654  6804
  336    1823  4218   816  6825
  337    1583  4376  4375  6383
  338    2461  2462  6300  6634
  339    4200  5922  2091  5924
  340    1149  5676  5675  6368
  341    1359   758  1758  6542
  342    6214  6291  6423  6575
  343    3794  3793  6527  6956
  344    4632  1939  1915  6259
  345    4581  1234  1235   413
  346    4403  5822  1194  7064
  347    4059  4061   560  6592
  348    3978  2743  6912  6953
  349    4239  5409  6997  7113
  350     625  2801   197  6347
  351     374  4062  6592  6729
  352    1907  4597   533  2734
  353    3986   139  6263  6633
  354    6311  6213  6335  6754
  355    4451  4453  6465  6834
  356    4950  4951  2439  6818
  357    1585  3339  3340  6924
  358    5209  2080  1060  6588
  359    1689   682   681  6685
  360    5467  2134  1833  6333
  361    6326  6545  7055  7122
  362    2327  6051  6442  6842
  363    4932  4930  6694  6721
  364      34  1857  4380  6853
  365    5032  5035   213  7081
  366    6009  3149  6152  6353
  367     225  5144  2043  6770
  368    1867  6642  6736  7117
  369      76  2278  1525  6466
  370    4982  2182  4984  6319
  371    2975  2152  5376  6152
  372    4308   260  6393  6847
  373    1165  3105  3101  6950
  374    4303  4302  5615  6376
  375    2683  6549  6662  7117
  376    2909    52  2054  6361
  377    2229  5711  6807  6883
  378    6488  6583  6649  6660
  379     463  1010  5089   462
  380    4565   761  3954  6866
  381    5369  5368  2101  6363
  382    5853  2269  6195  6347
  383    2105  2312  6007  6152
  384     328  3463  6698  6720
  385    1107  5571  5573  6500
  386    3270  6391  6397  6447
  387    3890  1252  6379  6473
  388    6275  5614  6297  6393
  389    3594  1668  2463  6923
  390    6154  6153  6178  6312
  391    5533  5420  5419  6821
  392    6493  6249  6797  6932
  393    2537   530  5885  6253
  394    2471  2472  2473  6453
  395    6928  2510  3776  7073
  396    2977  2978  1077  6558
  397    6332  6670  6747  6799
  398    1800  1006  5059  6602
  399    4300   836  4299  6376
  400     285  5917  6728  6808
  401    4196  4193  6688  6963
  402    4606   286   534  5949
  403    5313  5946  5311  2949
  404    3631   243   672  6380
  405     181  4584  4586   287
  406    6177  6172  6342  6367
  407     243  3632  5319  6380
  408    1154  5688  6479  6631
  409     485  2344  3214  6565
  410    1920   801  4147  4659
  411    6177  6408  6470  6632
  412    3423  1613  7029  7082
  413    2918  4625  5223  4627
  414    1419   425  6752  7070
  415    2024  5047   454  6502
  416    1640   934  3496  4952
  417     363  2318  3889  6385
  418    3370  3369  6388  6665
  419     539  3176  1537  6856
  420    2744  4652  2745  6324
  421    4672  4673  1923  6758
  422    2974  5376  2277  6466
  423    2062  5231  5232  6472
  424    3836  1729  6255  7041
  425    4042  4880  4881  6447
  426    2845   993  5016  6218
  427    1354   749  6769  7061
  428     121  3778  1717  6295
  429    6188  6273  6377  6966
  430    4726  4727   769  6752
  431    4624  5239   907  5238
  432     833  4281  6800  6983
  433    3142  3144    75  6585
  434    1870  1187  6544  6840
  435     871  4469  7008  7023
  436    2499  2498  1701  6398
  437    5570  3698   688  6533
  438    6591  6318  6921  6991
  439    6168  6657  6673  6715
  440    6372  6375  6635  6681
  441    6169  6167  6966  7122
  442    5289    56  6833  7048
  443    4124  4125  2026  6376
  444    6160  6167  6222  6241
  445    2893  2891  6770  7088
  446    2562  1357  1358  6820
  447    6255  6303  6306  6487
  448     507  3080  5675  6576
  449    4449  1594  6448  6936
  450    6173  6181  6231  6654
  451    5563  5561  6868  6968
  452    4744  4743  7037  7086
  453    1050   470  6232  6959
  454    4453  4451   869  6834
  455    1951  4770  6429  6646
  456    1985  3486  1984  6378
  457     252  1516  5785  6882
  458     294  2335  6083  6559
  459    5020  4125  5018  6376
  460    6239  6413  6676  7120
  461    5100  3534  2033  6459
  462     828  1836  6958  7011
  463    1701  1700  6157  6398
  464    3270  4058   561  6391
  465    4428  1869  6549  6662
  466    2523   124  3795  6412
  467      49  5150  4127  2865
  468    2625  4196  6688  6963
  469    1299     5  1298  6411
  470    4826  4827  1428  6483
  471     289  2711  4544  4546
  472     402  1396  4424  6736
  473    6759  6323  6945  6975
  474    1421  4644  2764  6405
  475    4206  5351  6552  6830
  476    6171  6160  6208  6222
  477      16  1339  2514  6999
  478    6488  6551  6590  6986
  479    2923  2922  2924  6472
  480    6195   437  6268  6753
  481    4523  3374   594  7123
  482    4208  5349  6830  6978
  483    2339  2338   885  6595
  484    6948  6697  4805  6354
  485    1847  5556  6580  7102
  486    6538  6365  6762  6847
  487    5136  6813  6918  6925
  488    6188  6468  6555  6984
  489    2285  1215  4447  6425
  490    5639  5636  5637  6656
  491    2818   444  4936  6313
  492    3305  4207  6520  6978
  493     927  3436  4752  6296
  494    1539  1538   540  6396
  495     363  3889  2546  6385
  496    6160  6162  6170  6188
  497    4628  2058   911  5220
  498    5545  3025   494  6272
  499    6225  6395  6427  6790
  500    3496  3439  4782   934
  501    6586  6461  6663  6812
  502     305   564  3282  6908
  503     113  5363  3638  6253
  504    6436  6199  6570  6718
  505    5301   471  2083  7071
  506    2477   344  3635  6929
  507    1398  6936   403  7004
  508    1014  3536  6459  6837
  509    5584  3730  2177  6433
  510     336  1661   655  6784
  511    5361  5359  6253  6525
  512    2967  2968  2965  6166
  513    4051  1787  1786  7054
  514    4769  4962  4772  4965
  515    3464  2797  3466  6698
  516    3810  3809  3668  6976
  517     198  4406  4407  5828
  518    3330  1579  6528  6879
  519    1948  2770  2832   931
  520    3109  2242  3107  6685
  521    5726  5728   513  6437
  522    4122  6275  6481  6674
  523    5911  5909  6456  6618
  524    4785  4953   934  2000
  525    3912  2340  6576  6982
  526    4962  4769  4772  4771
  527     778  1989  4044  6372
  528    3612  5281  6199  6436
  529    5167  2901   215  5166
  530    1414   228  2910  2747
  531    3943  3945  3944  6441
  532    1609  1312  6557  6919
  533    1613  3420   610  6415
  534     121  3782  6504  6938
  535    2003   978  3497   614
  536     666  5277  5275  6827
  537    4623  1044  4624  5238
  538    1776  4894  4889  6323
  539    4706  1932  4705  6443
  540    1762  2568  6357  6964
  541     840  1845   395  6738
  542    4263  4262  6998  7012
  543    1641  1951   977   614
  544    6856  2301  7008  7023
  545    6845  6110  7022  7061
  546    2000   445  2001  1953
  547    3941  3940  2560  7076
  548      25  1370  2596  6446
  549    6183  6272  6331  6913
  550     302  2364  6744  6911
  551    3413  2055  3576  3414
  552     982   981  2004   930
  553     531  5935  5932  6265
  554     750  6475  6521  6610
  555    4429  5834  6549  6740
  556    3044  3723  2498  6398
  557    3386  3387   602  6449
  558    5040  5041   454  6502
  559     416  2739  2738  6175
  560     734  2295  3865  6346
  561    2417  3387  2416  6449
  562    3036  1107  5573  6500
  563     651  2455  5071  6450
  564     393  4295  2656  6627
  565    1859  5787  6747  7030
  566    6364  5539  6528  6751
  567    3992  3993   768  6943
  568    6239  6306  6455  6589
  569    1852  4350  1850  6454
  570     681  2130  1688  6685
  571    5044  2020   215  2052
  572    4773  1950   977   931
  573    6443  6321  6526  6604
  574    6021  5912   544  6456
  575    6374  6407  6562  6910
  576    3535  5100  2033  6459
  577    3534  1017  2033  6459
  578    6359  6254  6465  6615
  579    4398  4401  6573  7109
  580    4450  3365   868  6420
  581    5760   706  3791  6672
  582    6169  6207  6216  6390
  583    6113   886  6114  6691
  584    2178  1119  6433  6462
  585    6678  1086  6973  7104
  586    1948  4961   977   931
  587    2987  5436   347  6675
  588     465  1005  2896  2897
  589    3577   658  1031  6796
  590    4313  4317  6735  6751
  591      76  1213  6353  6466
  592    5791   520  5789  7030
  593    6254  6151  6465  6568
  594    1006  5150  5060  2865
  595    4979  4987  4980  6467
  596    5813  1982  3473   630
  597    6179  6367  6896  7096
  598     856  3127  6240  6543
  599     632  1635  6394  6677
  600    2568  4575  1762  6357
  601    6174  6271  6367  6577
  602    4762  1618  6816  6887
  603     122   121  6295  6938
  604    5124  5091   223  1010
  605    6199  6182  6718  7102
  606    2343  1147  1545  6474
  607     789  5080  4104  6386
  608    1461   216  2898   465
  609    3400  3399  1307  6524
  610    1779  6397  6759  6975
  611    2466  3612  6291  6436
  612    2845  2844  6218  6464
  613     923  2224  2225  5700
  614    1690  2488  6611  6785
  615     161   849  6505  6924
  616    5499  5500  1692  6316
  617    6271  6156  6367  6896
  618     347  2485  6475  6675
  619    1943  1944   617  6478
  620    3646  5364  6363  6811
  621    3716  3717   690  6382
  622    6515   848  6619  6690
  623    6430  6228  6647  6907
  624    3719  3718  2496  6157
  625    1005  1461  2863    49
  626    2934  2933   262  1470
  627    1006  5150  4126  5151
  628    6183  6205  6364  6547
  629    1184  1183  5784  6840
  630    1991  4930   206  6302
  631    6331  6183  6913  7020
  632     223  5085  1010  2872
  633    5929   866  6628  7004
  634     181   603  3398  6458
  635    1937  4022  1936  6485
  636    5183  3413  6186  6270
  637    2638  4236  4232  6783
  638    2943  2942  6580  6971
  639    6574  4762  6816  6887
  640    1006  1007  4102   793
  641     572  5202  4165  6591
  642    3247   300  6768  6915
  643    2704  1405  4502  6471
  644    4539  4694   409  6491
  645    6225  6187  6317  6395
  646     609  2421  1312  6919
  647    5827  1195  5828  7064
  648    2073  5279  2074  5605
  649    1007   224  4102   793
  650    1613  6415  7029  7082
  651     199  2010  6832  7053
  652    6734  6329  6822  6825
  653    6293  6322  6386  6813
  654     224  2040  5087  5088
  655    5068  1008  6539  6609
  656    6210  6255  6306  6487
  657    2039  5106  2037  5112
  658    6150  6248  6385  6731
  659    3859  1217  6438  6618
  660    6398  6211  6492  7052
  661    1350  2543  6489  7034
  662    6475  6314  6531  6996
  663    5247  5109  1134  1047
  664    3544  5094  2032  1017
  665    3204  3203  3205  6469
  666    1011  3739  5095  5096
  667    1303  1305  1304  6767
  668    3738  3739  5095  6499
  669    4921  4817  4820  6838
  670    1216  3159  3158  6501
  671    1706  3739  1011  2194
  672    5114  5115  5102  1016
  673    2168  2166  2167  6181
  674    5905  1215  5903  6425
  675    6307  1441  6677  6838
  676    2933  1049  5632  5627
  677    4713  3426  6725  7082
  678     137  1364  6352  6705
  679    5569  6462  6800  6983
  680    1664  3567  1662  6502
  681    6410    83  6661  6730
  682    6269  6201  6421  6959
  683    1866  4412  6867  7025
  684    1047  2039  5110  2037
  685    6245  6325  6476  6755
  686    5138  6778  1026  5262
  687    5728  3099  5727  6504
  688    5956  2297  6245  6389
  689    2890  2888  6852  6925
  690    4348  1146  4349  6508
  691    6570  5601  6738  7072
  692    2880  5633  6507  2881
  693    3046  5009   990  1122
  694    6659  6261  6988  7068
  695     404  2689  1401  6476
  696    5843  2266  5844  6716
  697    5037  4085  6440  7081
  698    5051  3524  1320  6727
  699     433   432  4807  6635
  700    6058  1239  6617  7039
  701     686  5523   687  6463
  702    5971   535   536  6511
  703    3818  3819  6556  6761
  704    4850   629  3469  6487
  705     844  6237  6474  6878
  706    4384  6670  6807  6853
  707    4219  6734  6822  6825
  708    5073  5620  5625   218
  709     128  5936  3862  6227
  710    5519   254  5369  6363
  711    1994  1992  6313  6384
  712    3031   495  6462  6968
  713    4114  4115  6661  6814
  714    4310  3732  6538  7072
  715    2933   262  2932  5627
  716    4198  4196   813  6963
  717    2779  4788   190  6644
  718    4269  4268  1836  7011
  719    2918  5227  4625  6518
  720    1011  2194  2195  6507
  721    6352  6194  6640  7028
  722    2189  5279  1126  5278
  723    6343  3521  6732  6895
  724    5914  5916   730  6501
  725    3067  6531  6769  6831
  726    6209  6198  6388  6658
  727    6171  6212  6432  6750
  728    6261  6197  6293  6581
  729    4635  6553  6912  6953
  730    5435  2987  5432  6521
  731    5370  5371  6327  6466
  732    1238  5968  1879  6774
  733    3524  5051   216  6451
  734    2920  2916  5215  6523
  735     458  5622  5621  1129
  736    1042  2612  5214  6523
  737    2527  7005  3816   125
  738    3845  2100  5883  6525
  739     776  4037  2591  6268
  740    6154  6173  6183  6231
  741    6161  6191  6235  6267
  742    6318  6803  6833  6921
  743    2167  5536  6364  6776
  744    4281  4280  1119  6983
  745    6798  4651  1919  7067
  746    4621    43  6518  7112
  747    4931  6264  6302  6721
  748    3847  3852  2536  6525
  749    2242  1171  1138  6531
  750    1308  1307  1310  6524
  751     507  5676  2216  6368
  752    3521  1650  6732  6895
  753      57  1477  1476  6435
  754    2502   692  1704  6538
  755    5135  1660  6813  6852
  756    3714  3716   688  6533
  757    6196  6303  6306  6369
  758    1370  4084  4078  6534
  759    2325  1261  6042  6891
  760    2965  1528  1070  6166
  761    5125  5130  5093  1010
  762    4148  6324  6206  4656
  763    6512   923    67  5697
  764    6298  6293  6338  6440
  765    5342  5347   245  6463
  766    3701  2154  6252  6294
  767    1178  6647  6799  6860
  768    2531  3841  1209  6355
  769    1933  4715  6651  7091
  770    1311  3397   316  6536
  771    1240  1239  6058  7039
  772      63  1101  6892  6900
  773    6161  6267  6800  6983
  774    5566  1116  5567  6864
  775    6246  6366  6597  6716
  776    3530  5071  6450  6539
  777     573   575    85  6540
  778    2571  2570   766  6633
  779    6280  6307  6360  6372
  780    4225  2632  1825  6913
  781    6345  6766  6809  7057
  782    4130  2900   794  6308
  783     856  1861  4389  6543
  784    3348  4426  4415  6867
  785    3983  1764  6357  6640
  786    3549  3554   336  6546
  787    3709  1114  1695  6547
  788     996  4937  2849  6310
  789    3600  3599  1328  6781
  790    4429  1869  4424  6549
  791     313     4  1297  6603
  792    1560  6730  6773  7027
  793    5547  3023  1493  6272
  794    6023  1255  6618  6987
  795    5617   261   217  5618
  796    3287  2614   381  6427
  797    4032  4036  6566  6954
  798    1875   872  1876  7008
  799    3739  1658  1011  5095
  800    1139   702  7017  7094
  801    5620  5623  5069   218
  802    1456   461  1457  6837
  803    3543  5073  5625   218
  804      31  2646  4267  6958
  805    2113   247  5409  7113
  806    5225  2917  2921  6300
  807    1171  2242  3110  6653
  808    2817  2815  1440  6375
  809    5764  5768  6860  6907
  810    3416   318  3415  6557
  811    3160  6501  3159  6808
  812     256  3731  2177  6433
  813    1078  1079  5390  6558
  814    3655  2480  6719  6973
  815    4304  5613   261  6376
  816    6264  6310  6684  7077
  817    6150  6148  6473  6889
  818    6395  6223  6591  6790
  819    3365  3854  6420  6425
  820      39  6567  6750  6824
  821    2430   943  3457  6399
  822    6204  6162  6217  6405
  823    3450  1622  1623  6354
  824    2803  4875  4876  6562
  825    4396  3344  1587  6563
  826    6306  6413  6573  6848
  827    6546  6530  6594  6784
  828    4190   807  4194  6870
  829    2157  1696   687  6463
  830    6208  6212  6511  6862
  831     522  5811  4905  1192
  832    1194  5822  2258  7064
  833    6323  1194  2258  7064
  834    1193  5821  6323  6765
  835     485   484  3214  6620
  836    4316   395  4314  6879
  837     781    24  1369  6729
  838    5941  1229   129  6764
  839    6261  6279  6490  6980
  840    2906  2054  2907  6387
  841    1979  1980  6636  6910
  842    6157  4987  6467  6869
  843    2125  5534  6663  6706
  844    2191  2026   261   217
  845    1946  4763  4667  6574
  846    2341  2340  2342  6576
  847    5510  2151  1524  5577
  848    6322  6482  6594  6778
  849    3909  3760  6559  6576
  850    1863  2677  1862  6513
  851    6605  6362  6699  6956
  852     148  5291  5290  6578
  853    6203  4016  6902  6905
  854     819  1828   237  6580
  855    5548  5549  6331  6547
  856    3680  2491  6266  6426
  857    2544  3881  6990  7092
  858    1966  4824  1626  6582
  859    2682   589  2681  6650
  860     390   391  6416  7012
  861    1740   361  1350  6489
  862    4089   565  6446  6908
  863    2468  3620   341  6623
  864    5561  2176  5563  6868
  865    6293  6392  6440  6937
  866    5395  1684  2108  6289
  867    5740  2515  3102  6909
  868    3849  3848  6166  6356
  869    5754  6531  6653  6874
  870    1583  3336  3338  6619
  871    2080  5298  2081  6588
  872    6363  6164  6811  6941
  873      92  2399  1297  6589
  874    6329  6251  6625  6830
  875    6422  6505  6723  7044
  876    1561  3279    83  6410
  877    1882   170  6027  6826
  878    1875  6476  6949  7008
  879     562  4106  6614  6730
  880    3142  3144  6585  6622
  881    2688  4458  6245  6476
  882    4808   370  6635  6681
  883    5310  3168  1062  6175
  884    6554  7017  7022  7075
  885    6701  6344  7009  7065
  886    4331  1147  1545  1148
  887    5847  3688  1201  3842
  888    4022  2762  1936  6485
  889    2024  5049   646  6596
  890    3587  2461  6509  6634
  891    2485   347  6475  6610
  892    6301  6419  6886  7060
  893    6175  6156  6185  6283
  894    5156  5155   659  6596
  895    3437  4766  3434  6717
  896    6382  6176  6467  6846
  897     352  2502  6269  6843
  898    5601  4324  6570  6738
  899    6243  6707  6886  6935
  900      72   521  3128  6906
  901    2815   967  6375  6601
  902    4438   864   863  6163
  903    3838  3461  3837  3462
  904    4374  1584  4373  6383
  905     146  4100  2601  6602
  906    1198  5833  5491   488
  907    4218  2381  4217  6926
  908    2069  5264  6482  6778
  909    6274  5633  6507  2880
  910    3391  4704  4566  6604
  911    3075  3078  6422  6605
  912    1790  4069  4068  6708
  913     652  2031  2033  6348
  914    3343   588  6454  6924
  915    6393  6161  6627  6965
  916    4077  4078  6534  6608
  917     742  1747  6073  6419
  918    6431  5089  5085  5084
  919    1048  2932  6201  6274
  920    2620   383  6417  6817
  921    2265  1104  5842  1200
  922    6907  6228  6956  7114
  923    6450  5071  6499  6539
  924    5198  5196  5197  7048
  925    5832  1103  5833  2146
  926    4240  4241  1831  6660
  927    2435  3478  3475  6612
  928    2818  4936  6302  6313
  929    3175  3194  6057  7056
  930    1836  6311  6958  7011
  931      57  2963  1477  6435
  932     863  2091  2090  5924
  933    1868  1397  6736  6888
  934    4593  4594   607  6174
  935    1480    58   480  6613
  936    3522  5041  6495  6502
  937    5390  3649  6558  6889
  938    1120  4985  2182   208
  939      59  3193  1085  5405
  940    2344  1546  6098  6620
  941    5558  2136  5473  6586
  942     967  2786  6375  6601
  943    3207  6086   295  6595
  944    5901   282  1527  6356
  945    1991   206  4931  6302
  946    6648  6344  6906  6950
  947    1109   528  5511  5870
  948    2151  1109  5870  5871
  949    4972  2181   985  3039
  950    1106  2266  3688  5847
  951    6248  3901  6731  6775
  952    6916  6769  7017  7061
  953    1372  4122  6481  6674
  954    5020  5616  2187  5019
  955    1264  6058  6060  6617
  956     667  3613  3614  6436
  957    3357   593  3359  6359
  958    6269  6191  6365  6538
  959    4350  1852  4349  6508
  960     893  4228   176  7069
  961    2228   273  5788  6807
  962     520  3127  6543  7030
  963     277   956   201   957
  964    1699  2013  3722  6157
  965    3452  1316  2429  6844
  966     487  1482  6656  6831
  967    1198   488  5492  1199
  968    3338  3336   586  6619
  969    6071  5993  6072  7007
  970    6757  6189  6914  7039
  971    1196  5830   947  4888
  972    6566  3255  6701  6954
  973    2356   553  2355  6621
  974    2837   449  6319  6622
  975    5321  2959  5320  6380
  976      15  3751    14  7094
  977     903  3396  3395  6346
  978    6822  4219  6825  6978
  979    2421  2420  6270  6919
  980     342  3634  2475  6625
  981     787  6386  6431  6624
  982    1482  2995  5449  6831
  983    1385  2660  1842  6965
  984    1971   203   196  5807
  985     722  2521  1340  6897
  986     418  1413  6553  7086
  987    4723  4724  6752  6943
  988    5755  6653  6672  6874
  989    6279  6440  6684  7081
  990    6228  6362  6605  6956
  991    5901  1527  6226  6356
  992    6593  2354  6621  6787
  993     623  4852  2271  5859
  994    1816  4180  6870  7098
  995    3299  6519  6540  6918
  996    5811   522  4905  2811
  997    1435  5811  5808  1987
  998    2240  5749   944   196
  999     225  5143  6770  7050
 1000    4210  3308  4211  6575
 1001    4754  4756  4748  6633
 1002    6224  6257  6259  6633
 1003     954  3133  4892  4891
 1004     548  3207  3208  6595
 1005    5830  4027   947  4888
 1006    1954   976   935  4790
 1007     203   944  5809  4907
 1008     202  5810   523  6906
 1009    1086  3660  6678  6973
 1010     954  3134  5829   955
 1011    6162  6194  6257  6263
 1012    2874  2875   650  6348
 1013    3132  2257  5813  6556
 1014    3713  3711   687  6463
 1015     537  2299  5967  6862
 1016    3280   564  2369  6908
 1017     970   972  2820  6315
 1018    1398  4441   866  7004
 1019    4072   144  4071  6636
 1020     144  4072  1791  6636
 1021     349   691  6492  6940
 1022    2781  2782  2582  6638
 1023    5742   622  3787   713
 1024    4822  1167  5742  2238
 1025    2846  5590    64  6244
 1026    4649  3407  6317  7093
 1027    1036  5182  2054  6387
 1028    2163  6776  2160  7104
 1029    6228  6180  6239  6641
 1030    5928  4436  1871  6163
 1031    1994  1992  4936  6313
 1032    5755  1172  3792  6653
 1033     453  5048  6168  6502
 1034     166  4418  1867  6642
 1035    6433  6339  6462  6800
 1036    2541  3873  2291  7079
 1037     977  1641  4959  6646
 1038    6429  6287  6564  6646
 1039    5256  5258  5255  6959
 1040     192  4927  4814  4812
 1041     192   967  4926   968
 1042    1178  5770  1179  6647
 1043    4910  4913   194   942
 1044    5807   203  5808  4906
 1045    5625  5620  2192  6297
 1046     248  4235  3673  6675
 1047    2379  1292  3303  6668
 1048    2950  2293  6175  6227
 1049    1415  1926  6186  6899
 1050    4124  2025  6275  6376
 1051    3402  1909  6400  6714
 1052    4218  4217  6825  6926
 1053    3430  6479  6512  7029
 1054    5549  5554  5548  6331
 1055    6170  6280  6626  6794
 1056     522   202  4903  4904
 1057    6746  6345  6817  6993
 1058     956   277  4892   957
 1059    1344   729  3849  6356
 1060    1184    71   518  6840
 1061    6776  2163  2160  5532
 1062     944  1971   196  5807
 1063    6694  4073  6721  6871
 1064    5001  2011   451  6561
 1065    5928  5927  6163  6569
 1066    3478  2812  6612  6839
 1067    5734  4794   936  2233
 1068     591   858  3352  7080
 1069    3796  3804  1173  6653
 1070    6998  2389  3321  1295
 1071    2120    60  2119  6802
 1072    5792  1189   270  6711
 1073    5811  1435  5806  2811
 1074    3339  2398   588  6924
 1075    6136  2993  6139  6656
 1076    5635   551  3222  6656
 1077    6298  6249  6345  6641
 1078    1309  2418  1311  6536
 1079     522   202  3129  1986
 1080    1982  2257  5813   724
 1081     808  4180  1817  6417
 1082      58  1479  6613  7069
 1083    1404  4486  2700  6658
 1084     256  3031  1495  6462
 1085    3881  3879  1349  6990
 1086     622  4803  5741  7103
 1087    2006   984  4837  6585
 1088    6437  6281  6485  6515
 1089    1671   665  6792  6855
 1090    1664  3564  3566  6596
 1091    6233  6356  6358  6704
 1092    3097  3095  5735   431
 1093    1425    46  4796  6457
 1094     226  5053  6451  6596
 1095    2033  2031   650  6348
 1096    6337  6479  6512  6928
 1097    2406  1592  1298  6615
 1098    4050   372  6516  6601
 1099    3413   608  3414  6186
 1100    4187  4186  6423  6506
 1101    5421  2124  5534  6663
 1102     858  1864  6647  7080
 1103     481  2122  4271  6904
 1104    6362  6216  6373  7124
 1105    6710  3001  4247  3002
 1106    4494   883   173  6666
 1107    2470   341  6623  7046
 1108    1880  4486  6658  6826
 1109    6214  6249  6423  6827
 1110     397  1388  1850  6669
 1111      87  3307  1568  6506
 1112    5787  5709  4384  6670
 1113    6012  6014  6473  6558
 1114    6365  6269  6538  6762
 1115    6497  6924  7074  6723
 1116    2722  1903    41  6607
 1117    1143  1144  5647  6116
 1118    5155  1460  6451  6596
 1119    2910   468  6361  7036
 1120    6159  6381  6480  6710
 1121    6639  6783  6891  7026
 1122    1418   422  1416  6479
 1123    4396  1587  4399  6413
 1124    2759  6238  6724  6836
 1125    4171   382  5195  6849
 1126    4934  1993  4933  6694
 1127    6482  6594  6778  6855
 1128    2211  3074   504  6422
 1129    3704   684   118  6294
 1130    1767  3998  2578  6962
 1131    5647  1143  6116  6119
 1132    5678  2217  1268  5680
 1133    2297  2296  4452  6389
 1134    1748   742  6419  6600
 1135    2937  2935  1053  6797
 1136    3364  6258  6411  6448
 1137    6159  6381  6710  6786
 1138    4149  6206  6535  6981
 1139     449  4982  4984  6319
 1140    2489  5436  5437  6675
 1141    1001  2052  5168  6683
 1142    1174  1722  3793  6527
 1143    6809  1814  6849  7110
 1144    1303  2415  2414  6944
 1145    6220  6196  6374  6858
 1146    6693  6373  6699  7013
 1147       5  2408  3362  6411
 1148    5395  1081  5526  6678
 1149    5472  5473  6584  6586
 1150     507  5675  6368  6576
 1151    2329  1264  2330  7039
 1152    6741  3201  6886  6935
 1153     509  5689  4692  4691
 1154    2943  2942  1058  6580
 1155    2025  5065  5063  6275
 1156    3672  3670  6675  6785
 1157    3878   736  2542  6486
 1158     222  5121  5119  6680
 1159    4361  1937  4360  1853
 1160    6331  5550  6364  6751
 1161    3097  2236  3095   431
 1162    3062  1504  1503  6274
 1163    6568  3874  6764  7079
 1164     439   200  1433  6682
 1165     982  1001   930  6683
 1166    6213  6159  6333  6754
 1167    2036  5634  5633  2038
 1168    1502  3056  2192  6297
 1169    5953   902  2294   903
 1170    6258  6411  6615  6824
 1171    3990   556  2572  6984
 1172    4992   986  4994  6832
 1173    6230  6482  6778  6855
 1174     572  3294  1563  6790
 1175    6574  1945  6715  6717
 1176     320  3425   611  7029
 1177    3136   525  1522  6246
 1178    3971  4572   899  6866
 1179    4265  6330  6341  6998
 1180    4343  6282  6326  6669
 1181    6573  6676  6765  7109
 1182    2711  4543   289  4544
 1183    4543  2308  1247  4541
 1184    6316  6210  6366  6977
 1185    5400   114  6775  6889
 1186    1904  3971   899  6866
 1187    4898  2806   441  6378
 1188    6101  6103  6829  7038
 1189    4530  4532   291  4533
 1190    5765   269  2212  7105
 1191    2711  4543  2308   289
 1192     578  2644  2642  6630
 1193     290  4533  1897  6865
 1194     676  5400  6248  6889
 1195    5253  6778  6784  6855
 1196     294  2336  5678  2217
 1197    3593  4622  6518  6714
 1198     256  2177  3725  6433
 1199    5351  5350  6548  6552
 1200    1272  1147  1148  3206
 1201    3927  6122  6916  7061
 1202    6147  6639  6891  6969
 1203     612  2425  6724  6836
 1204    6779  6689  6488  6739
 1205     937  1773  1957  6697
 1206    3759   294  5678  2217
 1207    4533  4532   290  1249
 1208    3379  3880  4553  5999
 1209    6461  5472  6584  6586
 1210    4930  4934  4933  6694
 1211     791   567  4110  6695
 1212    1032  1033  2051  6168
 1213    3936  6475  6610  6996
 1214    6299  6165  7004  7046
 1215    4530  5685  4531  2220
 1216     659  6502  6596  6796
 1217     593   875  6359  6615
 1218    2729  5961   413    42
 1219    6439  6208  6511  6862
 1220    5837  4427  5838  6662
 1221    1675  3617  1060  6880
 1222    2208   704  2209  6699
 1223    1427   943  2788  6839
 1224    4291  3731  4290  6433
 1225    4269  2137  4268  7011
 1226    6571  6471  6595  6835
 1227    6209  6939  6488  7042
 1228    4895  4028  2807  6700
 1229    2388  1294  4265  6341
 1230    6187  6408  6509  6820
 1231    4561  2413  1599  6702
 1232    6406  6583  6660  6998
 1233     703   704   701  7013
 1234    4583  2729  1906   287
 1235     731  3853  1731  6704
 1236    2779   190  4789  6644
 1237    3812  6648  6667  7049
 1238    3331  4340  4342  6326
 1239    6167  6402  6767  6944
 1240    1342  6355  6805  7016
 1241    5537  5538  6181  6528
 1242      18  3858  2535  6704
 1243    5533   255  5420  6706
 1244    3337  3338  6497  7074
 1245    4209   386   576  7047
 1246    2660  1385  2659  6965
 1247    2359  2358  2360  6560
 1248    5434  1092  2990  6709
 1249    1183  5783  2253  6885
 1250     830  2649  6812  6920
 1251    4555  3880  5990  4554
 1252    5985  3178   898  3177
 1253    5339   244  1066  6970
 1254    1643  2444  6234  6869
 1255    6374  6196  6791  6858
 1256    1298  1299  6411  6615
 1257     974  2824  4946  6644
 1258    3962  3963  2744  6206
 1259    5519  5517   254  6363
 1260    5799  3344  6413  6563
 1261    3092  2229  5713  6712
 1262    2085   240   668  6896
 1263    1033   657  2051  6168
 1264     329   971  3502  6498
 1265    2672    34  6951  7074
 1266    1046  5237  2925  6714
 1267    2709  4540  6003  6000
 1268    2383  2386  6926  6985
 1269     126  5839  5840  6445
 1270    4194  4195  6726  6870
 1271    5601  4324  1497  6570
 1272    3240  3986  6263  6572
 1273    2214  3909  5672  3911
 1274      45  4673  4679  6715
 1275    4633   186  4634  7086
 1276    4680    45  6715  6899
 1277    5401  6033  5400  6775
 1278    2531  1209  5862  6355
 1279    1539  2306  6935  7007
 1280    2961  5339    57  6970
 1281    5694  5693  2223  6928
 1282    3031  3030   495  6968
 1283    2283   812  2098  6226
 1284    4766  4770  2771  6717
 1285     214  1000  3522  6495
 1286     753  3956  4620  6632
 1287    2948  2952  6227  6896
 1288    6222  6325  6359  6465
 1289     597  4516  6637  6639
 1290    2418  4610  6185  6524
 1291    4325   499  2662  6718
 1292    3253  4011  4013  6905
 1293    2601  4095  2602  6581
 1294    6865  6935  6077  6741
 1295    4371  2211  5661  6505
 1296     626  3463   624  6720
 1297    6634  6177  6781  7097
 1298    6120  1141  1280  6124
 1299    6172  6470  6593  6787
 1300    2890  2041  2887  6925
 1301     378   794  6308  6988
 1302    5726  1854  5724  6437
 1303    1144  6116  6113  2205
 1304     394  4305  6290  6393
 1305    5661  2211   504  6422
 1306    2954  2957  6569  7046
 1307    4756  4755  4748  6633
 1308    6181  5533  6654  6706
 1309    2002  5039  6495  6722
 1310    6022  2318  6385  6987
 1311    2295  3864  3865  6346
 1312    4089   564   565  6908
 1313    6229  6202  6503  6697
 1314    6220  6239  6339  6374
 1315    3344  5799  4390  6563
 1316     110  1674  5280  6749
 1317    4150  2612  6523  6981
 1318    6172  6317  7057  7090
 1319    1641  1951  6429  6646
 1320    6248   365  6379  6385
 1321    5118  1018  1455  6459
 1322    6687  6409  6695  6908
 1323    6365  6158  6655  6679
 1324    5513  5377  5375  5514
 1325    4019  4020  3248  7045
 1326    2349  3930  2199  6916
 1327    1457   461   220  6837
 1328    2431  1316  3452  6844
 1329    2290  5938  1222  6628
 1330    1614  4713  3426  6725
 1331    1798  6293  6624  6804
 1332    5327  5899  6163  6963
 1333    6339  6211  6492  6696
 1334    4138  1376  4132  6514
 1335    2072   110  5280  6749
 1336    3575  3574  1037  6537
 1337    5523   686  3706  6463
 1338    6606  6545  6966  7122
 1339    6480  6974  6976  7084
 1340     803  2612   802  6981
 1341    2139  2142  2141  6340
 1342    6025   285  2319  6728
 1343    3519   332   331  6727
 1344     169  4476  4477  6750
 1345    1463  5199  1464  6833
 1346    1288  2368  1560  6730
 1347    1963  1962  1622  6948
 1348    1632   327  6931  7024
 1349    5243  2928  1467  6283
 1350    6068  3918   746  6250
 1351    6034  6036  3900  6731
 1352     997  5034  5031  6732
 1353     803  4154  1811  6981
 1354    1478  2975  5376  6152
 1355    4478  4480    38  6824
 1356     160  4355  4354  7059
 1357    6401  2232  6532  6712
 1358    4040  4041  1781  6397
 1359    1293  1566  3302  6668
 1360    3492   973   633  6384
 1361    5831  1103  4432   823
 1362    5535  2164   255  6706
 1363    2029  4105  4107  6614
 1364    3405  4593  6174  6536
 1365    1709  3751  6554  7094
 1366    2646   827  4267  6958
 1367    2244   514  3111  6685
 1368     993  2845   452  6218
 1369    2221   709  6479  6631
 1370      29  2636  2637  6739
 1371    6225  6217  6686  6992
 1372    3202  3201  6559  6741
 1373    2461  6300  6509  6634
 1374    6168  6414  6657  6715
 1375    1571  6311  6330  6958
 1376     845  1390  2670  6690
 1377    6169  6198  6320  6390
 1378    4363  4362  2667  6485
 1379    1191  5804  6648  7049
 1380    1190  5797  6543  6676
 1381    6154  6312  6329  6825
 1382    3604  5296   663  6781
 1383    2370  1560  3274  6773
 1384    1312  2421  6270  6919
 1385    1389  4365    33  6515
 1386    6559  6707  6741  6935
 1387    3196  1264  6060  6617
 1388    6201  1048  6274  6421
 1389     937  1957  6460  6697
 1390    6401  6273  6532  6711
 1391    5661   504  5662  6422
 1392     794  2608   378  6308
 1393     821    29  2635  6739
 1394    2824   974  1442  6644
 1395    1081  5395  2108  6289
 1396    1352   363  2546  6385
 1397    1775  1774  4023  6418
 1398    1182  2999  1098  5463
 1399    6815  5302  6870  7098
 1400    1245  3879  1244  6990
 1401    5012   641  5011  6477
 1402    3692  5485  3694  6426
 1403    6467  6176  6869  6917
 1404    1124  6232  6570  6749
 1405    6178  6233  6356  6688
 1406    5697   511    67  6512
 1407    2684  2685  5834  6740
 1408    1737  2296  5955  6389
 1409    2550  3906  3905  6600
 1410    6056  6053  6442  7056
 1411     267  1281  3747   298
 1412    6107  6131  3661  6108
 1413     476  2276   280  1076
 1414     973  6384  6671  6708
 1415    2336  3762  5678  6741
 1416    2347  1090  2126  5430
 1417    5714   853  5712  6883
 1418    1186  2999   252  5781
 1419    6407  6561  6823  7100
 1420    5778  1182    61   250
 1421    4099   456  6581  6602
 1422    3267  1557  3268  6743
 1423    5950  4599  4598  6185
 1424    1797  4087  4091  6687
 1425     298  6127  6128  3746
 1426    1706  1658  3739  6499
 1427    6677  4917  6760  6838
 1428    1435  5806  2811  6839
 1429     666  6291  6575  6827
 1430    3487  1637  6701  7009
 1431    3027  1065  5545  2092
 1432    4811   192  4809  6601
 1433    4826   943  4825  6839
 1434    1012  1011  1013  6507
 1435    5378  5381  6005  5513
 1436    4349   699  4352  6508
 1437    2311   280  5376  2277
 1438     642  3511  2445  6994
 1439    2975  2976  5375   254
 1440    2152  2311   280  5376
 1441    2692  2406  6411  6824
 1442     529  1075   475  5878
 1443    2170  5541  1113  5347
 1444    4235   151  6645  6709
 1445     856  1863  6563  6747
 1446    5420  2121  5419  6821
 1447    5387  1253  2977  1077
 1448    6770  2895  6932  6933
 1449    3897  3899   364  6248
 1450     836  3049  4299  6218
 1451    5513  5377  5515  5375
 1452    2682  3346  6589  6650
 1453     542  5383  2314  5382
 1454     280  2974  5376  2277
 1455     476  2275   280  2104
 1456    2311  2152  2106  2107
 1457    5378  5375   280  2104
 1458    2174  5331   819  6580
 1459    5224  5225  1043  6300
 1460    5881  1212  5372  5880
 1461    1834  2644   578  6630
 1462    6625  6164  6822  6929
 1463    2275   476   280  1076
 1464     464  2045  7088  7119
 1465    5375  2152   280  5376
 1466    6243  6277  6396  7092
 1467    4206  5351  6548  6552
 1468    5571  1107  2148  6846
 1469    5583  3720   208  6467
 1470    2276   476   280  2277
 1471     280   476  2974  2277
 1472     542  3187  5383  5382
 1473    6922  1814  5195  5192
 1474    2080  2081  1060  6588
 1475    2693    38  2694  6824
 1476    5326  5325  4197  6963
 1477       8   329  3499  6748
 1478    1332  3690  3689  6597
 1479      14  2506  1336  7094
 1480    5336  5334  6272  6913
 1481    5950  4598  5951  6185
 1482     246  6018  5388  6013
 1483    4125  5020  5061  6376
 1484    2119  6703  5417  2118
 1485    6484  6235  6745  6920
 1486     542  3187  5387  2977
 1487    3029  3030  6864  6968
 1488    2608  1376  6308  6514
 1489    2189  5279  5278  6749
 1490    6916  7017  7022  7061
 1491     542  2978  1253  3186
 1492    4592  3943  3944  6441
 1493    4592  3944  6174  6441
 1494     542  5387  1253  2977
 1495    4481  4480  5965  6750
 1496    5049  5046  1651  6596
 1497    4061  4062   560  6729
 1498    6173  6154  6242  6249
 1499    5550  5554   839  6751
 1500    5996  2306  1539  7007
 1501     675  3643  6811  6929
 1502    3707  3703  6350  6364
 1503    3516  3722  6157  6467
 1504    1076   529  2973   475
 1505    4855   627   948  6753
 1506     725  2527  5795  7003
 1507    6562   199  6832  6858
 1508    5884  2537  2536  6890
 1509    2107   542  5384  5383
 1510    3038   496  3037  6319
 1511    1287  2370  3276  7027
 1512     176  4228   820  7069
 1513    2257  3819  1982  6556
 1514    3316  1835  1834  6754
 1515    5963  2730  6245  6755
 1516    3888  1242  6061  6757
 1517    2186  4302   994  6218
 1518    6245  6151  6325  6881
 1519    4573  2727  2726  6901
 1520    3979   765  2567  6964
 1521     739  1082   677  3904
 1522    2502  1704  6269  6538
 1523    6262   952  6858  7053
 1524    2105   542  2312  3186
 1525    6180  6228  6239  6455
 1526    3851  5883  6253  6525
 1527     625  2801  6347  7024
 1528    5581   497  2183  6467
 1529    1075  2102   475  5878
 1530    5366  2159  1073  2158
 1531    4674  4670   608  6758
 1532    3767   920  5691  6479
 1533    6688  6358  6963  7121
 1534    1982  3476   101  6556
 1535    2503  1708   351  6201
 1536     405   169    39  6750
 1537    6054  4484   880  6658
 1538     492  1491  1490  6363
 1539    6579  6461  6586  6812
 1540    4921  4820  3455  6760
 1541     277  5825  3821  6761
 1542    3995  4778  6872  7095
 1543    1065  2175  5337  3026
 1544    2425  2759  6724  6836
 1545    6033   479  2324  1259
 1546    4986  4987  4979  6467
 1547    5374  5519   254  5369
 1548    2152  2975   254  5516
 1549    1222  5939   867  6764
 1550    5192  5193  6922  7110
 1551    4179  1816  6870  7098
 1552     314  3385  2414  6767
 1553    4191  4193  1819  7121
 1554    5525  1073  5348  3648
 1555    6203  6202  6697  6768
 1556    5551   685  5550  6364
 1557    6648  6344  6950  7032
 1558    4056  6626  6708  7054
 1559    6719  6147  6997  7066
 1560    6241  6167  6247  6321
 1561    5265  2069  2067  6482
 1562    3365  1594   868  6420
 1563    4208  1678  2096  6830
 1564    6567  6432  6728  6750
 1565    1346  3874  6568  6664
 1566    3965   368  6820  7067
 1567    2976  5374   254  5369
 1568    6149  6298  6659  6737
 1569     517  5771  6907  7114
 1570    6188  6239  6273  7120
 1571    6072  1747   740  6886
 1572    6345  6493  6809  7119
 1573    3451  3448  1622  6354
 1574     611  3424  4698  7029
 1575    6193  6153  6351  7057
 1576    3512   640  1645  6477
 1577    3542  3541  1012  6507
 1578    2345  6101  1274  7038
 1579     615  3440  4780  6771
 1580    1958   712  1718  6457
 1581    1576  2393  1575  6772
 1582    1239  1536  3174  6914
 1583    5519  5374  1074  5369
 1584     375  1796  1370  6773
 1585    4163  6591  6790  6957
 1586    3299   575   797  6918
 1587     879   876  2694  6774
 1588    2462  1043  6300  6518
 1589    2257  3132  5814  6556
 1590    6035  5399  6033   479
 1591    2450  1322  6343  6727
 1592    6153  6172  6342  6351
 1593     205  2813  1439  6838
 1594    4512  1278  6111  6305
 1595    5225  2918  2740  6518
 1596    1073  5366  2158  5365
 1597    1065  3027  3025  3026
 1598     528  3014  3142  6777
 1599     759  1758  6542  7067
 1600    2748  1414  2745  6324
 1601    5544  2170  5341  2171
 1602    5861  1208  1108  6777
 1603    4238  4236  4239  6779
 1604    6271  6367  6472  6896
 1605    6173  6183  6231  6364
 1606    5541  3648  1113  5347
 1607    6181  6173  6231  6364
 1608    5537  2166  2168  6181
 1609     822  4244  5455  6404
 1610    3589   230  5204  6921
 1611    6588  6351  6833  7071
 1612    6231  6205  6350  6364
 1613    2159  5364  5366  1073
 1614    2466  2464  6230  6291
 1615    6461  6641  6663  6812
 1616    5559  5564  5562  6812
 1617    2914  1463  6833  6921
 1618    4275  6586  6663  6812
 1619    5525  5541  3648  1113
 1620    3675   683  5486  6335
 1621    4081  2598  6608  7015
 1622     389  4265  3321  6998
 1623    5016  5013  2015  6464
 1624    3731  1119  4290  6433
 1625    6193  6766  7048  7098
 1626    2426   320  6724  7082
 1627    4478   169  4480  6750
 1628    5606  2073  5604  3054
 1629    1898   178  2303  6782
 1630     659  6502  1664  6596
 1631    1872  2687  6425  6873
 1632    3488  4915  6677  6819
 1633    6506  6423  6746  6827
 1634    6200  6170  6286  6626
 1635    4190   149  6713  6726
 1636      91  3345  6563  6589
 1637    3041  3038  3037  6319
 1638     526  5852  3140  6347
 1639    2876  1012  2035  6507
 1640     825  6660  6802  7012
 1641    6409  6290  6424  6464
 1642    5718    68  5716  6712
 1643    1453  2873  2874  6348
 1644    2015  5011   211  6464
 1645    1072  2100  3845  6525
 1646    1211  5877  2277  6466
 1647    3570  1325   337  6537
 1648    2134  5465  1833  6333
 1649    6205  6154  6231  6329
 1650    6556  6612  6906  7065
 1651    2639   153  4248  6786
 1652    2262  5838  4428  6366
 1653    3152  5900  2283  6226
 1654    1787  4056  6671  7054
 1655    1235  4581   413  6755
 1656    5457  2487  5456  6785
 1657    6786  6333  1383  6710
 1658    6200  6149  6298  6310
 1659    5306  5244  2928  6175
 1660    3595  5238  3593  6714
 1661    6148  6154  6178  6329
 1662    6313  6200  6384  6708
 1663    5525  1073  3648  6463
 1664    4476  6567  6728  6750
 1665    5797  5796  6543  7058
 1666    1242  2329  6600  6757
 1667    3226  1549  2357  6787
 1668     146  2603   787  6431
 1669    5895  2281  6166  6525
 1670    4204  1821  6520  6548
 1671      43  4617  6518  7112
 1672    6155  6211  6407  6409
 1673    3870  1736  6346  6458
 1674    5545  1065  3025  2092
 1675    1065  3027  5545  3025
 1676    3235  3970  6560  6841
 1677    6279  6261  6293  6581
 1678    5847  3842  3840  6716
 1679    1471  3613  2940  6436
 1680    1065  3027  2964  2092
 1681    1892   175   597  6639
 1682    5182  4143  4144  6788
 1683    3027  2171  5546  2964
 1684     850   851  6723  6924
 1685    3387  3389   602  6449
 1686    6471  2702  6595  6691
 1687    3169  1224   733  6664
 1688    2785  4810  6375  6601
 1689      41  2721  1409  6607
 1690    6207  6508  6571  6878
 1691    2599  4089  6446  6687
 1692    2995  1482   487  6831
 1693     490  5391  5386  6941
 1694      53  2915  6803  6833
 1695     511  3085  6512  6863
 1696    2087   473  5314  6227
 1697    1940  1939   766  6259
 1698    6200  6162  6204  6478
 1699     839  5554  6331  6751
 1700    5584  4291  6424  6433
 1701    3304  4208  4205  6520
 1702      87  3308  4209  6423
 1703    4704  3391  6443  6604
 1704     872  5976  1876  7008
 1705    6343  6310  6498  6732
 1706    1067  1068  4221  6978
 1707    5729  3779  3099  6504
 1708    6474  6595  6835  6878
 1709    4598   416  1411  6185
 1710      31  6416  6461  6958
 1711    6769   749  6996  7061
 1712     974  4055  4942  6643
 1713    4878  1629  1631  6791
 1714    5868  3143  2792  7041
 1715    2963  2170  5342  6435
 1716    6225  6217  6317  6686
 1717    4717  4716  2756  6651
 1718    6292  6273  6377  7002
 1719    6165  6628  7004  7046
 1720    2960   863  6163  5326
 1721    1329   110  6436  6792
 1722    2181  5576  5579  6622
 1723    3693  3692  3680  6340
 1724    6605  5656  6699  6793
 1725    6046  1085  6043  6044
 1726    3053  1124  1497  6570
 1727    4045  4047  1782  6372
 1728    4937  6310  6315  7077
 1729    4343  2666  6282  6669
 1730    5790  5713  6452  6712
 1731    6160  6198  6209  7042
 1732    5141  5140  6933  7050
 1733      54  2930  6421  6959
 1734     355  3765  6559  6707
 1735    1518  5790  1519  7058
 1736    5282  4211   666  6575
 1737      54  1048  2932  6201
 1738    6258  6153  6420  6567
 1739    4562  4561  1599  6702
 1740    3294  4156  6223  6591
 1741     365  3897  6248  6473
 1742    5598   259  1059  6971
 1743    6371  6178  6548  6688
 1744    6332  6160  6377  6723
 1745    6261  6918  6988  7068
 1746    6578  1815  6993  7110
 1747    4598   534  5951  6185
 1748    4194  1566  4195  6870
 1749    3648  5346   245  6463
 1750    6496  6256  6608  6636
 1751    2644  6630  6754  6786
 1752    6185  3864  6346  7083
 1753    1485  6584  6900  7011
 1754    5193   806  6922  7110
 1755    6186   660  3571  1925
 1756    4669  4667  6758  6919
 1757    2935  2937  2939  6797
 1758    4418  1397   402  6736
 1759    6294  6231  6350  6678
 1760    6766  6733  6922  7057
 1761    3464   328   626  6698
 1762    5642  3067  6531  6769
 1763    6202  6188  6203  6984
 1764    3085  5702  6836  6863
 1765    5257  5258  6792  6959
 1766    4593  4592  3944  6174
 1767    2382  1291  2383  6926
 1768    6607  6402  6702  6767
 1769    4854  1628   197  6347
 1770    6197  2603  6431  6624
 1771    5216  3586  2920  6509
 1772    3024  5556  6331  6580
 1773    1878  6258  6448  6861
 1774    6261  6197  6514  6813
 1775    6239  6377  6452  6670
 1776    6021   543  6808  6972
 1777    6355  3142  6585  6777
 1778     984  4841  4837  6585
 1779     794  2900  4129  6308
 1780      98  1618  1619  6816
 1781    3952  3950  3953  6742
 1782    2249  5772  6430  6647
 1783    6197  6293  6581  6624
 1784      81  3240  6263  6572
 1785    6680  1020  6784  6855
 1786    4158  4160  6519  7088
 1787     259  5285  1059  6971
 1788    3077  1175  5657  6605
 1789    3834  3836   727  6255
 1790    3630  2471  2473  6453
 1791    3393  3396  3394  6346
 1792    6365  6450  6539  6679
 1793    3050  1496  3049  6218
 1794    6765  3826  7003  7099
 1795    6485  6238  6836  7116
 1796    5271  6993  7110  7119
 1797     874  3364  6258  6411
 1798    6423  6242  6734  6926
 1799     514  3803  6653  6976
 1800    1207  3141  6304  6720
 1801     754  3957  4618  7021
 1802    3923  3922   366  7061
 1803    6319  6176  6500  6846
 1804    1088   481  4264  6802
 1805    4184  2071  4186  6746
 1806    4451  6465  6568  6834
 1807    1002  4086  4094  6804
 1808     886  4508  2703  6691
 1809    4779  4788  6644  7095
 1810    5321  6963  6380  7121
 1811    2033  3547  6348  6459
 1812    6371  6178  6520  6548
 1813    1907  1228   903  6346
 1814    6032   292  5400   676
 1815    4449    94    95  6448
 1816     804  3299  4157  6519
 1817    6171  6153  6172  6254
 1818    5424   485  1273   296
 1819     739   246  5388  3904
 1820    1085  6043  6044  1084
 1821    2111   894  6046  6047
 1822    2568  4575  6357  7035
 1823    3674   577   822  6645
 1824    3193    59  1259   479
 1825    4202   813  1070  6226
 1826      59  6035   479  5399
 1827    1701  2496  3717  6398
 1828    4958  4957   999  6657
 1829    4644  4643  2764  6405
 1830    5404  1084  1259   479
 1831    1082  5396   292  2110
 1832    1326  2463  6634  6923
 1833    1530  6501  3160  6808
 1834    4617  4620    43  6518
 1835    4423  4422  2683  6662
 1836    5233  3602  6472  7097
 1837    1366  2584  2583  6638
 1838    1085  2111  6046  6047
 1839    1617  4762    98  6816
 1840    3161  5918  1530  6808
 1841    3193  1085  5405  1084
 1842    5215  1042  5214  6523
 1843    6255  6210  6306  6445
 1844    1152  2334  6741  6865
 1845    3193  5405    59   479
 1846    6988  1806  7010  7068
 1847    4826  4827  6483  6582
 1848    5075  3738  5095  6499
 1849    1085  3193  6043  1084
 1850    2852   995  4082  6534
 1851    6666  6658  2700  6826
 1852    5397  5398  2324   479
 1853    1084  3193  1259   479
 1854    6269  6594  6855  6959
 1855     629  3470  4870  7053
 1856     786    27  4098  6624
 1857    3539  6507  6450  3542
 1858    4523   594  4522  7123
 1859    6251  6148  6353  6473
 1860    1625   620  1315  6399
 1861    3728  3724  6398  7052
 1862    3605  2938  2068  6930
 1863    6813  6514  6918  6925
 1864    5761  2209  1174  6699
 1865    3564  3563   646  6596
 1866     246  5388  6017  6013
 1867    3953  3950  4564  6742
 1868    1228  4599  5950  6346
 1869    3299  4157  6519  6918
 1870    6408  1359  6470  6632
 1871     514  6653  6685  6976
 1872    4610  2739  6185  6524
 1873    6574  6387  6758  6919
 1874    5398  5397   292  2110
 1875    5396  5398   292  2110
 1876    6344  6394  6399  6844
 1877    3438   615  6429  6771
 1878    5921   284  6728  6750
 1879     887   888  6305  6598
 1880    5993  5996  3886  7007
 1881    6642   166  6736  6885
 1882    4112  4111  1373  6814
 1883    4770  4766   100  6717
 1884    3613   667  2940  6436
 1885    4119  1803   377  6481
 1886    4056   780  6671  6708
 1887    5342  2170  1113  5347
 1888    6385  6150  6731  6969
 1889    3664  1687  6521  6610
 1890    3900  6036    20  6731
 1891     317  4654   916  6992
 1892    2166  2167  6181  6776
 1893    6916  3220  7022  7075
 1894    2468   671  3619  7096
 1895    4071    24  6729  6871
 1896    4107  4105   788  6614
 1897    5534  6652  6663  6706
 1898     198  2267  4861  2268
 1899    5867  5863  5865  6585
 1900    3554  3549  3548  6546
 1901    3377   596  2411  6590
 1902    2827  4951  2001  6818
 1903    6204  6149  6498  6564
 1904    6249  6322  6493  6797
 1905    3541  3538  1658  6450
 1906    3493  2828  4944  6818
 1907    1591  6328  6411  6834
 1908    5401   292  2110  5400
 1909    6478  4757  6572  6633
 1910     124   720   718  6412
 1911    2001  6429  6771  6818
 1912    3048    64   498  6218
 1913    5698  3767  3768  6479
 1914    1910  4614  6629  6955
 1915    3735  5624  2192  6499
 1916    6192  6180  6455  6642
 1917    3264  1556  1790  6708
 1918    5016   993  5017  6218
 1919    3703  5531  2493  6350
 1920    1815  4176  6578  6993
 1921     438   198  4859  6195
 1922    6199  6214  6230  6436
 1923    5230   663  6781  7097
 1924    3140  1204  3141  6369
 1925    5033  1448  6310  6732
 1926     430   191  2783  6460
 1927    2673   162  1391  6951
 1928    1308  2419  1307  6524
 1929      99  1641  1951  6429
 1930    3224  6174  6190  6629
 1931    6040  6039  1542  6989
 1932    4915   142  4044  6819
 1933    6320  6250  6390  6946
 1934    1062  5306  5310  6175
 1935     402  4419  6736  7117
 1936    2643   824   388  6754
 1937    5594  1446  2187  2016
 1938    6651  2758  6752  7070
 1939     696  3741  2504  6232
 1940    5085  5084   459  6431
 1941    6261  6338  6918  7068
 1942    2123  5420  6706  6821
 1943    6551  6565  6783  7026
 1944    6067  6250  6320  6946
 1945    3279  4106  6410  6614
 1946    1285  1284  6768  6984
 1947    2607  4120  1374  6674
 1948    1532  1531  3169  6175
 1949    3346    91  2402  6589
 1950    5043  2902   215  6683
 1951    3215   485   484  3214
 1952    5702  2226    67  6836
 1953    2377   573    85  6540
 1954    2095  2094   244  6822
 1955    1843  4308  6393  6847
 1956    4226  1828   819  6580
 1957     886  6113  4509  6691
 1958    2647    31   829  6461
 1959    1620  6857  6872  7111
 1960    2906  5183  1037  6186
 1961    2975  2976   254  6363
 1962    4181   808  3302  6417
 1963    6227  6175  6283  6664
 1964    5533  5529  6654  6821
 1965    1402    39    38  6824
 1966    5305  5304  6367  6896
 1967     535   878  2695  6774
 1968    6551  6689  6565  6284
 1969    3830  5816  5818  7109
 1970    4219   816  6734  6825
 1971    3138  5843  2533  6716
 1972    3891  3890   365  6379
 1973    6641  6583  6649  7042
 1974    6171  6208  6212  6222
 1975    1032  2858  2051  2901
 1976     497  3043  5574  6467
 1977    3202  2335   294  6559
 1978     234  5255  6855  6959
 1979    6170  6280  6286  6626
 1980    5614  2657  1501  6393
 1981    3438  2427  6771  6816
 1982     229  5198  6733  6922
 1983    2769  2767   929  6715
 1984    1229  1737   129  6568
 1985     124  1173  3795  6412
 1986    2899  5157  1460  6451
 1987    5575  3014  5509  6622
 1988    2234  4026  6418  6638
 1989    2693   874  1402  6824
 1990    2979   478  6152  6941
 1991    4286  1838  6484  6745
 1992    4191   149  1820  6726
 1993    2698   880  6522  6658
 1994    2072    65  6436  6749
 1995    2769   429  6414  6715
 1996    6353  1540  6473  6558
 1997    6273  6401  6532  6712
 1998    6165  6153  6233  6420
 1999    6657  6287  6673  6715
 2000    6424  6211  6464  6810
 2001    4219  1823   816  6825
 2002     762  3234  3970  6621
 2003    5359  6253  6525  6552
 2004    1160  4377  6883  7002
 2005    1646  4987  6157  6869
 2006    1519  5790  5713  6452
 2007    4486   170  1881  6826
 2008    6387  6537  6574  6758
 2009    1948  4961  6414  6646
 2010     450  4877  6832  6910
 2011    2939  2936  6797  6827
 2012    2868  2869  5067  7000
 2013    3514  2446  6244  6994
 2014    1365  4006   370  6635
 2015    1657  3537  6459  6828
 2016     379  2609  4135  6988
 2017    2827  2001  1953  6771
 2018    5298  3628   670  6453
 2019    1920  4147  5189  5190
 2020     222  5119  6421  6680
 2021    4550  3387  2417  6449
 2022    5449  5450   486  6831
 2023    4644  1942  1917  6405
 2024    6230  2466  6291  6436
 2025    6346  3868  3865  3869
 2026    3525  3526  1321  6727
 2027    2543    19  6990  7034
 2028    6841  6357  6964  7090
 2029    3666  2995   680  6831
 2030     340  2468   341  6623
 2031    3434  4765  1617  6717
 2032    1256  3189  2317  6987
 2033     953  4877  4876  6832
 2034    5293  5294  5206  6833
 2035    3353  3354   869  6834
 2036    1145  6691  6474  1888
 2037     663  3599  3600  6781
 2038    4730  2763   426  6836
 2039    2596  1370  4078  6534
 2040    6205  1333  6350  6547
 2041    4485  4487  1881  6826
 2042     461  5112   220  6837
 2043    5567  1116  3030  6864
 2044    6915  3242  6962  7051
 2045    2388  4266    88  6330
 2046    2816  1440  1439  6838
 2047    2193  1133   500  6507
 2048    6377  6383  6951  7074
 2049    2229  5711  2228  6807
 2050    2573  1364  6705  7101
 2051    2265  1104   525  5842
 2052    6251  6178  6438  6587
 2053    3043   497  6319  6467
 2054    6182  6570  6718  6738
 2055    6815  7048  7071  7098
 2056     157  4274  6652  6663
 2057    1436  1435  1438  6839
 2058    2528  3834  6304  6805
 2059    6372  6307  6677  6819
 2060    3861  5936  6227  6265
 2061    6659  6988  7010  7068
 2062     331  3524  1652  6727
 2063    3267  2366  3261  6954
 2064    6173  6214  6249  6423
 2065    5517  3018  5516  6363
 2066    4252  4253  6544  6840
 2067     482  2984  6801  6821
 2068    3201   547  6559  6886
 2069    6171  6432  6567  6750
 2070    2497  3717  1697  6940
 2071    2399    92   589  6867
 2072    2442  6429  6564  6646
 2073    6625  3634  6830  7118
 2074    6883  1160   512  5714
 2075    1254  2318  6022  6987
 2076     604   605  1602  6714
 2077    6031   597  6637  6639
 2078    3490  3488  6701  6819
 2079    6051  2327  1263  6842
 2080     627  4866   948  6753
 2081    2534    18  2535  6704
 2082    6504  6229  6938  6999
 2083    6158  5117  6348  6546
 2084    1478  2974   474  6466
 2085    6794  6288  6744  6911
 2086    1381  2634  6689  6739
 2087     499  6436  6718  6971
 2088    6450  6507  6655  6843
 2089    5826   277  2260  6761
 2090    1508  3069   502  6835
 2091    1453   460  2873  6348
 2092    3402  1909   604  6400
 2093     694   695  2505  6269
 2094    3109  3107   515  6685
 2095    6772  6538  7072  7107
 2096    3043   690  5574  6846
 2097    2429   620  3451  6844
 2098     866  4437  1399  7004
 2099    3253  3993  3992  6943
 2100    4069  1992  4068  6708
 2101    3723  3044  6244  6398
 2102    1634  5815  6556  6906
 2103    1772   924  1935  7006
 2104    6503  6667  6947  7032
 2105       7  3467  6262  6487
 2106     474  3644  6363  6466
 2107    1030  3564   646  6596
 2108    1960   939   271  6457
 2109    2845  2015   211  6464
 2110    6288  6256  6682  6729
 2111     406  2704  4502  6471
 2112    6493  6770  6797  6933
 2113    3577   661  6403  6796
 2114    2121  5420  2123  6821
 2115    5608   260  1843  6847
 2116    3717  3716  1697  6940
 2117    6446  6370  6608  7015
 2118     216  2898   226  6451
 2119    2360  3233  3235  6560
 2120    6247  6241  6321  6526
 2121    1884  1597  4492  6522
 2122    1092  5435  2990  6709
 2123    6443  4708  6526  7070
 2124     197  5856  6347  2799
 2125    5353  2971  2970  6552
 2126    6160  6241  6555  6966
 2127     172  2701   882  6850
 2128    2100  5882  3845  5883
 2129    6048  5965  6750  6842
 2130    6766  5196  6922  7048
 2131     154  4245   249  6550
 2132    4651  3963   368  7067
 2133    1669  3599   663  6781
 2134    5905  5903   730  6425
 2135    6186  1037  6387  6537
 2136     422  1418  4701  6479
 2137    6282  6207  6454  6924
 2138    3038  3041  2182  6319
 2139      71  1184  3119  6840
 2140    6278  6159  6480  7084
 2141    5590  5589  3044  6244
 2142     197  5858  5856  1974
 2143    1275  2346  6106  6521
 2144    6129  5438  1687  6521
 2145    6612  2435  7009  7065
 2146    6703  6649  6801  6802
 2147    2996   487  6611  6656
 2148    3323  2660  6334  6965
 2149     382  4167  1377  6849
 2150    2469   340  6265  6623
 2151     282  1732  1731  6356
 2152    6253  6327  6353  7118
 2153     534  4598  1411  6185
 2154    6314  6278  6381  6404
 2155    2700  4487   882  6666
 2156    6202  6188  6503  6697
 2157    2771  4770  6646  6717
 2158    6211  6220  6795  6869
 2159    3324  3325  2395  6267
 2160    3494  2819  6315  6384
 2161    4507  1888  1145  6474
 2162    2753  1416  6479  6631
 2163    4198   813  6226  6963
 2164    4199  5355  5356  2283
 2165    3151  5358  1070  3150
 2166    2702   885   174  6595
 2167      38   879  2694  6824
 2168    4254   578  2642  6630
 2169    1885  4496  6637  6850
 2170     474  3640  6327  6466
 2171     949   437  4867  6268
 2172    5906   737   132  6379
 2173    6207  6169  6216  6362
 2174    3773  3774   355  6707
 2175    2281  5896  6166  6525
 2176    3399  2739  3401  6524
 2177     352  2502  1704  6269
 2178     242  5942  1221  3624
 2179    3389  3392   602  6851
 2180    6391  6374  6447  6592
 2181    6342  6165  6453  6623
 2182    6495  6168  6657  6796
 2183    2978  1253  3186  6558
 2184    4547  2713   409  6491
 2185    6434  6202  6638  6902
 2186    2929  2884  1048  6421
 2187    1446  2847    64  6218
 2188    4427  5837  3349  6662
 2189    2170  2171  5543  6435
 2190    1634   630   101  6556
 2191    1081  2153  2154  6252
 2192    5022  1792  2017  6780
 2193    6182  6183  6528  6751
 2194    5852  2269  5853  6347
 2195    1073  2158  5348  5365
 2196    3550  5133  2456  6852
 2197     812  5899  2283  4435
 2198     515  3107  3108  6831
 2199    7106  6367  6177  6342
 2200    5922  5923  5925  2090
 2201    2116  5414   483  6801
 2202    4990  6795  6832  7053
 2203    2684  1396    36  6736
 2204    6570  6436  6718  6749
 2205    3573  3571  1665  6186
 2206     757   756   368  6820
 2207    5849  1726  1203  6445
 2208    6220  6196  6306  6374
 2209     540  1246  6396  6854
 2210     812  4199  5327  5899
 2211    1072  5362  2969  5895
 2212    5536  1112  2167  6364
 2213    5980  4464  1243  6859
 2214    5857   526  3141  6347
 2215    1982   724  5813  3473
 2216    3641  5345  1069  6811
 2217    2920  5215  6509  6523
 2218    3626  5931  6569  5323
 2219    5915  1216  3158  6501
 2220    3886  5992  7007  7034
 2221    3545   335  2456  6852
 2222    6278  6276  6314  6381
 2223    6909  6229  6999  7032
 2224    5728  3778   121  6504
 2225    5012  5011  2015  6464
 2226    2744  1918  4652  6798
 2227    3180  1537   736  6856
 2228    1659  5127   223  6348
 2229     616  1621  3442  6857
 2230    5438  6129  3661  6521
 2231     294  3759  5678  6559
 2232    4200  4199  5356  2283
 2233     812  4199  5899  4435
 2234    4872  4879  4878  6858
 2235     627  4855   324  7024
 2236    6251  6336  6587  6890
 2237     457  5070   651  6499
 2238    5155  5161   659  6796
 2239    4199  4200  2091  4435
 2240    5362  3151  2969  5895
 2241    4199   812  2283  4435
 2242    6238  6724  7006  7062
 2243    1041  1040  6884  7106
 2244    4453   168  4452  6465
 2245    2098  3150  5357  1071
 2246    2299  4481  5966  6862
 2247    3627  3622   671  6265
 2248    4057   200  4063  6447
 2249    4817  1426  1964  6838
 2250    4796  3098  6457  6638
 2251    3418  2420  2421  6919
 2252    4297  4292   581  6983
 2253      76  3149  1213  6466
 2254    5967  2299  6049  6862
 2255    6278  6159  6381  6480
 2256    6690  6545  6966  7059
 2257    1528  3151  1070  1526
 2258    1965  5743  1514  7103
 2259    5420  5533  6706  6821
 2260    1157  4355   399  6863
 2261    4691  5689  1153  6631
 2262    3288  3287    84  6427
 2263    4251  4253   155  6840
 2264    4200  2091  4435  5924
 2265    3916   746  6898  6934
 2266    5592  1446  2186  5594
 2267    1117  5566  6696  6864
 2268    4200  4199  2283  4435
 2269    3434  3435  6717  6816
 2270     305   566  3281  6814
 2271    1904  6247  6607  6901
 2272     261  5613  1128  6376
 2273    2091  4435  5924   863
 2274    5923  1220  5925  2090
 2275     363  6022  6385  6987
 2276    3442  1943  4759  6478
 2277    4479  2695  6212  6862
 2278    1318  3477  3483  7065
 2279    6278  6527  6672  6699
 2280    4113  4111  6695  6814
 2281     847  1853  4362  6485
 2282    2471   669  2472  6623
 2283    4980   638  3509  6869
 2284    1866  4412  1203  6867
 2285    5010   641  3512  6477
 2286    2505  5603  6232  6570
 2287    5532  1492  2161  6776
 2288     183  4606  5307  5949
 2289    2090  2289  1220  2960
 2290    3883  1350  6489  7034
 2291    3034  6868  5563  3035
 2292    2505  6232  6269  6570
 2293    1064  5324  2958  5930
 2294     644  1647  6157  6869
 2295    1220  1474  2960  2289
 2296     338  3613  2466  6436
 2297    2063  4609   183  4608
 2298    1368  2592  2593  7054
 2299     736  2542  6486  6856
 2300    1220  3162  2958  5926
 2301    3162  1064  2958  5926
 2302    5328  1220  5329  2958
 2303    1220  3162  5329  2958
 2304    1064  5323  5930  5931
 2305    5713  2229  5789  7030
 2306    5323  1064  2089  5931
 2307    3853  3855   730  6425
 2308    4190  4194  6726  6870
 2309    6574  6537  6673  6715
 2310    4844  1972   626  6720
 2311    4606   183   286  5949
 2312    5303  6713  6815  6870
 2313    4434   862  4432  6544
 2314    4401   859  4398  6573
 2315    2018  2019  6264  6780
 2316    4778  6872  7095  7111
 2317    2491  3679   117  6266
 2318    4208  2096  4205  6830
 2319    6362  6422  6605  6793
 2320     514  3109  3111  6685
 2321    2242  3109   514  6685
 2322    3625  1676  1221  3624
 2323    1676  3861  1221  3623
 2324    5482  3029  6864  6968
 2325    1699  3722  3720  6467
 2326    6641  6579  6800  6812
 2327    1294  2387  3314  6341
 2328     451  2011  1444  6561
 2329    5727    69  3094  6504
 2330    1217  3859  5908  6618
 2331      24   144  2595  6871
 2332    3625  5931  2089  5933
 2333     291  4533   290  6865
 2334    1146  4348   268  6571
 2335    5013  5012  2015  6464
 2336    4724  2756  2758  6651
 2337    4496  4497  1598  6637
 2338    6178  6438  6808  7042
 2339    4982  3040  6319  6622
 2340    6524   604  6714  7112
 2341    4655  4656  4148  6206
 2342    3718  3719  1699  6467
 2343    1400    37  1872  6873
 2344    2965  1528  2969  5358
 2345     580  6406  6660  6998
 2346    6293  5037  6440  7081
 2347    6574  1617  6717  6816
 2348    5119  1455  6421  6459
 2349     760  4639  6542  7040
 2350    5927  1474  6163  6569
 2351    6148  6164  6329  6625
 2352    4919   205  4917  6838
 2353     753  3957  1360  6632
 2354    6420  4472  6448  6861
 2355    6593  6172  6621  7090
 2356     174  1886  4501  6471
 2357    5275  2937  5274  6827
 2358     707  6672  6693  6874
 2359    2027   457  6539  7000
 2360    1885  1598  6590  6637
 2361     242  2292  5316  1223
 2362    6150  6969  6987  7042
 2363    3067  5639  6656  6769
 2364    4232  4236  2636  6783
 2365    6180  6579  6584  7011
 2366    3041  2182  6319  6467
 2367    2735   286   534  1411
 2368    5484  3693  3680  6340
 2369    3222  6141  1095  6656
 2370     715  6909  6999  7032
 2371    3882  1241  6757  6914
 2372    2575  2573  6705  7101
 2373    1810  4146   380  6535
 2374    1073  3647  6463  6811
 2375    3417   915  4647  6756
 2376    5516  5385  6152  6363
 2377    5836  1522  2264  6246
 2378    6488  6551  6689  6783
 2379    5931  3625  2089  5323
 2380    6026  2319  6028  6876
 2381    4945  2828  3493  6818
 2382    1112  1694   685  6364
 2383    4445  4446   867  6328
 2384    5437   248  3673  6675
 2385     794  4130  6308  6988
 2386    6182  6214  6575  7020
 2387    6495  3522  6502  6596
 2388     418  1914  1413  7086
 2389    6560  3237  6789  6877
 2390    3389  4551  4552  6851
 2391    2870   458  1452  6297
 2392     551  5635  5638  6656
 2393     398  4346  1852  6878
 2394     615  4780  6429  6771
 2395    2596    25  6446  6608
 2396    3028  5481  6900  6968
 2397    6148  6164  6625  6929
 2398       4  3350  2400  6603
 2399    6010  5890  6251  6379
 2400    6392  6446  6773  7027
 2401    1435  1436   442  6839
 2402    2424  2426  6724  7082
 2403    3885  2545  7034  7092
 2404    2318   363  6022  6385
 2405    6382  6211  6398  6869
 2406    5901  3156  3848  6356
 2407    6667  3811  6711  6947
 2408    2819  6313  6315  6384
 2409    1062  1531  3168  5946
 2410    6198  6169  6216  6390
 2411    4750  6296  6816  6887
 2412    1578    90  2394  6879
 2413    6652  6641  6663  6706
 2414    5552  4311   835  6528
 2415     143  4946  4947  7078
 2416    3204  6088  6982  7001
 2417    6053  2327  6442  6862
 2418    6175  3168  2293  5310
 2419    4649  1919  4650  7067
 2420    4072  1979  1791  6636
 2421     111  2086  5305  6880
 2422    6249  6242  6423  6506
 2423    5692  1716  1155  6606
 2424    2553  3939  6755  6881
 2425    2588  1776  6268  6975
 2426    5358  1528  1070  2965
 2427    1177  3078  5657  6860
 2428     335  1323  6530  6546
 2429    2906  5181  2054  6387
 2430    5177  5178  6260  6788
 2431    6863  6690  6966  7059
 2432    3405  3406  6536  6955
 2433    3927  6916  7022  7061
 2434    4594   607  6174  6629
 2435     342  3634  6625  7118
 2436    1495  3033   257  6462
 2437     478   477  6558  6941
 2438    2312  3186  3184  6152
 2439    4592  4593  4590  6174
 2440    4449  4448   868  6936
 2441    6261  6308  6451  6988
 2442    5585  6492  6810  7052
 2443    1040  3598  3591  6884
 2444    3688  5506  3842  6716
 2445    5817  1193  3827  6765
 2446    3966  1759   760  6542
 2447     166  4417  5783  6885
 2448    5401  6033  5399  2324
 2449    6076   740   744  6886
 2450    6386  6348  6546  6614
 2451     394  1842  2658  6393
 2452    1278  3216  6305  7022
 2453     641  5010  5011  6477
 2454    2918   185  4627  1913
 2455     732  5887  5889  6251
 2456    4635  2743   418  6953
 2457    5806  5748  5746  6483
 2458    1214   282  2285  6358
 2459    4122  1372  2606  6674
 2460    6455  6240  6513  6747
 2461    4283   392  2395  6267
 2462    4761  4667  3419  6887
 2463    3921  6102  6829  7019
 2464    1079  2482  5390  6889
 2465    4351  4349  4352  6508
 2466    1514  5745  3103  6483
 2467    3376   884  6665  6850
 2468     806  4172  6578  7110
 2469    6529  6248  6775  6889
 2470    1842  4308  2658  6393
 2471    2298  4580   180  1236
 2472     138  3241  3986  6263
 2473    5698  3768  3770  6479
 2474    3980  4577  4576  7028
 2475     715   716  6909  7032
 2476     279  1108  3011  6777
 2477     260  4308  1843  6847
 2478    6264  6298  6370  6440
 2479    2042  5138  5265  7043
 2480     540  1246  5995  6396
 2481    4584  1231  1906   287
 2482    6217  6204  6296  6756
 2483    3149  6152  6353  6466
 2484    5920   405  2697  6567
 2485    6606  6337  6724  6863
 2486    3230  2353  2354  6787
 2487    5085  5128   463  6431
 2488    3595  5240  5238  6714
 2489     623  4844   624  6720
 2490    5889  2279  6251  6890
 2491    4575  3980  1762  6357
 2492    3610   666  3609  6291
 2493    2458   335  1324  6546
 2494    2107  6007   542  2314
 2495    5560   157   830  6812
 2496    5302  5303  6815  6870
 2497     940  3449  6307  6354
 2498    3551  2043  6519  6813
 2499    3523  3524  6451  6596
 2500    6210  6306  6366  6603
 2501     178  1898  2303  5986
 2502    1898   897  2303  5986
 2503    5764  1177  5657  6860
 2504    2311  2152  2107  6152
 2505    5240  4613  5238  6714
 2506    4245  2132   249  6550
 2507     178  2302  4579  5983
 2508    2278   281   113  6253
 2509    2465  3606   664  6230
 2510    1359  1758  6408  6542
 2511    5685  1928  4531  2220
 2512     149  4189  6713  7121
 2513    6219  6344  6648  6701
 2514    4584   181  4585   287
 2515    5768  1178  2247  6860
 2516     472  2946  5300  7071
 2517     895  3178   177  5988
 2518    2728  5961  5964   413
 2519    4580  1234  2298   180
 2520     751   180  1236  1237
 2521    3860  2087  1223   242
 2522    5336  5338  6913  6970
 2523    1700  5589  5588  6157
 2524    2434     7  6303  6487
 2525    4231   150  4232  6783
 2526    3693  5485  6426  6995
 2527    6689  6779  6488  6783
 2528     825  4261  6660  7012
 2529    2023  3563  2021  6502
 2530    4951  4945  2439  6818
 2531    2266  5843  2265  6246
 2532     525  3139  1522  6246
 2533     706  3758  6672  6693
 2534    2623  6578  2620  4175
 2535    5305  5304  5230  6367
 2536    6731  3896  6969  6989
 2537    6654  6649  6801  6973
 2538    5048  1032  6168  6502
 2539    5299  5302  6815  7098
 2540    3272  6293  6440  6937
 2541    4253  3008  5489  6893
 2542     560  6592  6729  7018
 2543    5082  5090   219  6894
 2544    1996   207  6643  6671
 2545    6134  1282  6135  6610
 2546    2591   949  4038  6268
 2547    6736  6192  6885  6888
 2548    3381  2412   896  6944
 2549    1650   212  6732  6895
 2550    4562   179  4563  7076
 2551    1434  4884  6682  6910
 2552    6278  6381  6404  6480
 2553    6636  6496  6682  6910
 2554    4070  4067   782  6510
 2555    1886  6390  6946  7089
 2556    4066  1369  6510  6729
 2557    2084  2948  6283  6896
 2558    5961  1535    42   287
 2559     241   183  5307  5949
 2560    1203  1866  6867  7025
 2561    3316  4255  6311  6754
 2562    6260  5177  5176  5178
 2563    5025  5024  6264  7077
 2564    1755  2557  2556  6877
 2565    4551  4550  6349  6449
 2566     718  6412  6527  6672
 2567    6257  6224  6405  7037
 2568    1488  2261   488  6544
 2569    6233  6165  6420  6425
 2570    4583  5961  2729   287
 2571    6160  6155  6239  6374
 2572    1183  1868  5783  6888
 2573    6452  6273  6712  6883
 2574       9   333   105  6828
 2575      51  1462  6683  6899
 2576    6257  6280  6360  6962
 2577    3453   434  3449  6760
 2578     413  5963  2730    42
 2579    6202  6203  6468  6984
 2580    2729  5961    42   287
 2581    1907  2736   533  4598
 2582    5246   183  5308  4605
 2583    6924  3342  7014  7074
 2584    1234  2728  5964   413
 2585     181  4585   287  1232
 2586    2036  3061  3058  5634
 2587    3955  4614  3223  6629
 2588    4229  2112  5407  7069
 2589    3317  4255   578  6630
 2590    6636  4071  6729  6871
 2591    5946   241  5313  5311
 2592     181  3393  1736  3398
 2593    2800  1431  1206  6347
 2594    4601  2735   533  2734
 2595     902  3393  3394  5952
 2596    2152  2975  5516  6152
 2597    1231  4585  3393  1232
 2598    4101   146  2030  6602
 2599    6033  3901  6248  6775
 2600    6166  6336  6548  6552
 2601    2536  3856   357  6890
 2602    6707  6541  6741  6935
 2603    4586   181   287  1533
 2604    4585  1231   287  1232
 2605    6226   813  6688  6963
 2606     181  3393  3867  1736
 2607    4433  1198  2261  6544
 2608    4599  1907   533  4598
 2609     533  4598   534  5951
 2610     533  2735   534  1411
 2611    1270   295  6469  6898
 2612    6155  6211  6339  6407
 2613    1854  4365  1855  6515
 2614    4607  2063   183  4608
 2615    1226  2735   286   534
 2616    3867  3393  4596   902
 2617    4609  2063  2737  4608
 2618     309  1578  2394  6309
 2619    2736  2735   533  1411
 2620    2735  4601   533  1226
 2621    1395  1865  1394  6848
 2622    4599  1228  5950   533
 2623    4598   533   534  1411
 2624    5950  4599   533  4598
 2625    2737  2063  2926  4611
 2626    1228  4599  1907   533
 2627    4597  1228  1907   533
 2628     241  5948  5949  1531
 2629     142  4047  4045  6819
 2630    6014  6012  1540  6558
 2631    6728  6026  6826  6876
 2632    5911  1216  1217  6438
 2633     905   286  4602  4605
 2634     533  5950  4598  5951
 2635    1410  4609   183   233
 2636     183  5245  5307   233
 2637     183  4607  5308  5245
 2638     286   183  4602  4605
 2639    5943  3860   242  1221
 2640    1403    39   874  6824
 2641    6427    84  6737  7085
 2642     128   242  1221  3624
 2643     533  2735  1226   534
 2644    4628  2058  5221   911
 2645     905  5308  4604  5309
 2646    4601  2735  4603   286
 2647    5946   241  1062  1531
 2648     905  5246  5308  4605
 2649     128   242  3624  3623
 2650    2735  4601  1226   286
 2651    2063  4607   183  5245
 2652     183  4606   286  4602
 2653    4607  5246   183  5308
 2654    5308   905  1225  5309
 2655    1225  5308  5309   241
 2656    3581   661  1031  6796
 2657    5948   241  5946  1531
 2658    1118  3035  4276  6868
 2659    3277  1288    83  6730
 2660    5909  1255  6456  6618
 2661    6673  5173  3569  5172
 2662    6549  6192  6736  6888
 2663    6221  2337  6250  6898
 2664     685  5539  2169  6364
 2665    5933  3625  5934  2089
 2666     183  5948   286  5949
 2667    2293  2950  5310  5312
 2668    3160  6501  1529  3158
 2669     389  4265  6998  7012
 2670    5947  5948   241  5313
 2671    1904  2724  2723  6901
 2672    6254  6222  6171  6359
 2673    6516  1368  6671  7054
 2674    2292  5315  5316  1223
 2675    1601  3397  3395  6346
 2676     542  2105  2107  5384
 2677    5946   241  5311  1062
 2678     381  4145  4143  6788
 2679    5933  3625  1676  1221
 2680    5934  3625  1221  3624
 2681     611  1616  3431  6512
 2682    6271  6177  6577  6923
 2683    4016  4017   555  6902
 2684    2019   995  6534  6780
 2685    4667  4761  6574  6887
 2686    6178  6154  6312  6329
 2687    4433  5832  1198  6544
 2688    2432  3460   619  6903
 2689    4264  4271   391  6904
 2690     198  4858  2267  2268
 2691    5968   877  1879  6774
 2692    1722   719  3793  6527
 2693    1390  2668   399  6690
 2694    5916   873  6420  6861
 2695    6325  6359  6465  6949
 2696    2740  2918  4627  6518
 2697     128   242  3623  5314
 2698    6238  6418  6485  6806
 2699    6191  6214  6570  6594
 2700    2223  1157  3084  6863
 2701    3252  3253   557  6905
 2702    3861  5935  1676  1221
 2703    3625  5933  5934  1221
 2704    3005  1100  3004  6584
 2705    1333  3707  2493  6350
 2706    4573  2725  6901  7091
 2707    5453  2130   681  6685
 2708    5354  2967  2965  6166
 2709    6210  6445  6805  7016
 2710    2145  3677   117  6335
 2711    5942  5934  1221  3624
 2712    1699  2013  1121  3722
 2713    3043  6176  6319  6846
 2714    4904   202  6612  6906
 2715    5529   483  6654  6821
 2716    4584  2729    42   287
 2717    4810  4003  6375  6601
 2718     149  6713  6726  7121
 2719    6503  6947  6999  7032
 2720    3008  1102  5487  6893
 2721    3504  3499  3503  6498
 2722     513  5730  6437  6485
 2723    6326   584  6545  7014
 2724    3208  3207   885  6595
 2725     572  4166  6591  6790
 2726    6543  6240  6676  7058
 2727    4647  3416  6756  6887
 2728    2087  1223   242  5316
 2729    2979  5385  3018  6152
 2730      78  1545  3206  6237
 2731     221  1661  6680  6784
 2732    5246   905  5308  4604
 2733    4311  5552  4312  6751
 2734    2270  5852   526  6347
 2735    2832  2835   447  6414
 2736    3168  6175  2293  5945
 2737    6177  6408  6632  6634
 2738    2263  5841  6366  6716
 2739    5506  1208  3842  6777
 2740    3115  5772  6647  6907
 2741     117  3681  6266  6892
 2742    3025  5335  1827  6272
 2743    1776  4895  6323  6975
 2744    2764  2765  6405  7037
 2745    5222  2918  5221  1913
 2746    6178  6153  6233  6713
 2747    3316  3317  3318  6311
 2748     386  4213  4214  7047
 2749    2081  5298  6453  6588
 2750    1908  2737  2926  4611
 2751    4181  1566  3301  6870
 2752     489  1488  1486  6544
 2753    4410   861  4413  6369
 2754    2011  4995   450  6561
 2755      26    27  4103  6386
 2756     173  4496  6637  7108
 2757    2147  5499  2148  6846
 2758    5134  2041  5136  6925
 2759    2426   612   319  6724
 2760    2293  5312  3168  5315
 2761    1882  6028  4485  6876
 2762    5585  3729  1702  6492
 2763    5948   183   241  5949
 2764    5424   485   296  6565
 2765    2058  5222  5221   911
 2766    2604   562   376  6730
 2767    5455  6404  6550  6785
 2768    3950  3951  2558  6692
 2769     606  4614  1910  6955
 2770    3284  6687  6695  6908
 2771    4617  4620  6518  6632
 2772    5217  4655  6206  6523
 2773    6165  6179  6254  6328
 2774    4623  1911  1044  5229
 2775    6360  4006  6635  6948
 2776    5335  3025  1827  1065
 2777    6295  3778  6437  6504
 2778    6338  6298  6494  6540
 2779    3203  3204  3915  6469
 2780    5036  4086  6804  7081
 2781    3025  2092  5335  6272
 2782    6252  3701  6294  7031
 2783    3876  5972  3170  6914
 2784    6153  6154  6193  6312
 2785    6599  6298  6809  7057
 2786    3723  5589  1700  6157
 2787    1556   558  3265  6911
 2788    1062   241  5307  5949
 2789    3350  3348    92  6867
 2790    5919  5920  6567  6728
 2791    2735  4603   286  4602
 2792    6096  6095  4528  6565
 2793    5928  5927  2289  6163
 2794    7007  3886  7034  7092
 2795    1755  3952  3954  6789
 2796     434   940  6760  6838
 2797    6510  6626  6708  6911
 2798     388  4256  2641  6333
 2799    6319   448  6622  6875
 2800    5241  5242  1908  2926
 2801    5242  1908  2926  4611
 2802    6188  6194  6263  6768
 2803    4220  3305  6825  6978
 2804     547  3202  3201  6559
 2805    2408    95  3362  6448
 2806    3268  3267  6743  6954
 2807    4654  2748  2745  6324
 2808    3263  3262  6794  6911
 2809    2802  1431  2801  6347
 2810    4437    37  1399  6873
 2811    6220  6210  6487  6917
 2812    1446  5592  2186  6218
 2813    6371  1566  6668  6870
 2814    1000  3519   331  6495
 2815     473  3623  5314  6227
 2816    2167  2168  6181  6364
 2817    5161  5155  1460  6451
 2818    3563  2023   646  6596
 2819    2311  1211  2277  6152
 2820    6349  2753  6479  6631
 2821    1761  3974  1361  6912
 2822    4446  4444   867  6328
 2823    5385  2105  2107  6152
 2824    5573  5571  3043  6846
 2825    2870  1500  1128   458
 2826    3149    76  3148  6466
 2827    5227  4625  1911  5226
 2828    6873  6299  7004  7046
 2829    1308  1309  3406  6524
 2830    6428  6564  6748  6818
 2831    1774  1775  4026  6418
 2832     592  5776   166  6885
 2833    2605  4112  1373  6814
 2834    2474  2476  6327  7118
 2835     600  3385  6607  6702
 2836    6541  2507  6707  6741
 2837    2915  5210    53  6803
 2838    2683   402  6736  7117
 2839    5963  2730    42  6245
 2840    2232  5792   270  6711
 2841    4917  1635  6677  6760
 2842      17  3828  6945  7099
 2843    3503  3504  6498  6895
 2844    2058  5219   911  5220
 2845    6345  6298  6641  7057
 2846    6670  1860  6747  6799
 2847    5754  2202  6531  6874
 2848    6411  6254  6615  6834
 2849    1044  5239  4624  5238
 2850    2293  2950  1734  6227
 2851    2563   754  2564  7021
 2852    4336  4334   844  6878
 2853    6659  6427  6737  7085
 2854    5240  4613   907  5238
 2855    1368  1786  1788  6671
 2856    4317  1387  4313  6735
 2857    3025  1827  1065  5332
 2858    3023  1494  1493  6272
 2859    3141  1523  6304  6369
 2860     449  4983  2840  6319
 2861      42  4586  1533  6458
 2862    3359  3360  6616  6774
 2863    3092   512  3090  6712
 2864    2918  5221  1913  5223
 2865     233  2737  2927  2738
 2866    1902  1599   599  6702
 2867    1410  2737   233  2738
 2868    4613  4624   907  5238
 2869    5972  1536  3170  6914
 2870    3959  1358  6408  6632
 2871    2267  4409  5853  6195
 2872    5222  5221   911  1913
 2873    6511  6359  6774  6212
 2874    5227  1911  2061  2060
 2875    6199  6230  6291  6436
 2876    2775   933  2774  6771
 2877    4694  4693   409  6491
 2878    4745  2764  6405  7037
 2879    1911  2061  1044  5229
 2880     474  3644  2972  6363
 2881    2013  5588  1699  1121
 2882    1541  3188   543  6972
 2883    4636  4635  6553  7040
 2884    4203  6371  6520  6548
 2885     556  1554  1284  6984
 2886    1825  5335  5334  6272
 2887    6215  6365  6410  6594
 2888     804  3299  6519  6540
 2889    1240   538  3172  6914
 2890    1847  6580  6971  7102
 2891    6276  6159  6311  6330
 2892    5555  1827  2173  6272
 2893    4623  1044  5238  5229
 2894    5792  2232  5793  6711
 2895    3930  2200  2199  6916
 2896    3025  5332  1065  2175
 2897     758  3964  3229  6542
 2898     930   982  4967  4968
 2899    2839  4978  4975  6917
 2900    3476  2806  4897  6378
 2901    4409  4405  5853  6195
 2902    2059  4626   911  3961
 2903    4987  4986  2009  6467
 2904    1318  3474   101  7065
 2905    2442  4959  6429  6646
 2906    6449  6277  6854  7092
 2907    2318  6020  6385  6618
 2908    2442  4955  2829  6646
 2909    6408  6317  6542  7067
 2910    3450  3451  6354  6844
 2911    6237  6221  6669  7001
 2912    6215  6392  6661  6908
 2913    1566  3302  6668  6870
 2914    6297  1127  6499  6847
 2915     880  4489   171  6522
 2916    6355  6585  6622  6777
 2917    3774  2512   355  6707
 2918    3321  6341  2389  6998
 2919     432  2784  4807  6635
 2920    1646  4987  2009  6467
 2921    5965  4481  6750  6842
 2922    1921   467   918  1922
 2923    1734  2087   128  6227
 2924     796  1807  4140  6918
 2925    5227  2918  4625  5226
 2926    2018  5023  2017  6780
 2927     153  6710  2639  5460
 2928    5169   227  4686  4687
 2929    6361  6270  6387  6788
 2930    1911  5227  5226  2060
 2931    3681  5484   117  6266
 2932    4667  3418  4668  6919
 2933    6010  3890  6379  6473
 2934    2061  1911  1044  2060
 2935    1731   282  6356  6358
 2936    1269  3918  6068  6250
 2937    2610  2911    52  6361
 2938     525  3685  2265  6246
 2939    5219   911  5220  3960
 2940    6221  6207  6237  6669
 2941    6220  6211  6382  6869
 2942    1848  4325  6718  6971
 2943    4620  3956  6518  6632
 2944    6248   364  6385  6731
 2945    5570  5499  1692  6533
 2946     725  2527  7003  7099
 2947    6290   394  6393  6627
 2948    3175  1239  3174  6439
 2949    2649  2651  2652  6920
 2950    1780  3270   561  6391
 2951    6160  6167  6208  6222
 2952    2773  2778  1443  6818
 2953    6368  6301  6559  6576
 2954    6276  6314  6381  6404
 2955      93  1590  7080  7117
 2956    4169  1029  1814  6809
 2957     815  4203  2378  6520
 2958    4407   198  2267  5854
 2959    3630  2470   341  6623
 2960    1526  3152  2284  6226
 2961     659  1664  3566  6596
 2962    6664  2541  1348  1347
 2963    3426  1614  6725  7006
 2964    6183  6182  6423  6575
 2965    1603  4653  6798  6992
 2966    1189  5721   270  6711
 2967    1278  4511  1889  6305
 2968    1890  4513  6305  6845
 2969     731  3855  3853  6704
 2970    3504   103  3499  6564
 2971    4713  4719   425  6725
 2972    4846  4975  4974  6875
 2973    5614  1501  6297  6393
 2974    2002  6495  6657  6722
 2975    6809  4170  7110  7119
 2976    1672  3610  1056  6291
 2977    6374  6562  6682  6910
 2978    5784  2253  6236  6885
 2979    6158  6348  6459  6828
 2980    5192  5194  5195  6922
 2981    1824  4222  6970  7047
 2982    5038  4954  3505  6722
 2983     497  3718  2183  6467
 2984    3535  2033   650  6459
 2985    1818    87  1569  6506
 2986    6112   886  6111  6691
 2987    5172  1325  3570  6673
 2988    1253  2978  2977  6558
 2989    3594  2463  1326  6923
 2990    6153  6165  6233  6299
 2991    1898  2303   898  6782
 2992    6226  6356  6358  6688
 2993    3306   810  6817  6985
 2994    6300  6518  6632  6634
 2995    5001   988  6496  7015
 2996    5237  2923  2925  6714
 2997     245  5346  1069  6463
 2998    2364  3263  6794  6911
 2999    3271  4097  4093  6937
 3000    1992  6313  6384  6708
 3001    6156  6185  6283  6524
 3002    5801  6648  6950  7032
 3003    3939  2733  6755  6881
 3004    3360  3359  6616  6949
 3005    5837  6366  6445  6662
 3006    3173  5967  6052  6862
 3007    3345  1588  6563  6650
 3008    3201  6559  6741  6886
 3009    6311  6159  6754  6786
 3010    1584  3338  6383  6619
 3011    3909   294  6083  6559
 3012    6136  1283  1093  6610
 3013    6529  6248  6731  6775
 3014    6153  6254  6258  6448
 3015    4625  5227  1911  6518
 3016    1656  5076  3528  6609
 3017    3282  3284   566  6814
 3018    6164  6148  6252  6941
 3019    2888  6197  6852  6925
 3020     243  2959  2956  6380
 3021      42  1535  6245  6458
 3022    6377  6452  6670  6807
 3023    1422  2766  6478  7037
 3024    6625  3635  6929  6978
 3025     418  6553  6953  7086
 3026    6769  3066  6916  7017
 3027    2575  2572   369  7101
 3028    6288  6280  6744  7120
 3029    7048  5292  7071  7098
 3030    1568  2382  2383  6926
 3031     582   308   307  6334
 3032    2718  2717  6486  6782
 3033    2083  3629  1061  6927
 3034    1978  4879  6562  6791
 3035    3657  6289  6529  6889
 3036    6513  6455  6967  7080
 3037    2826   974  6643  6644
 3038    6296   613  6816  6857
 3039    1806  4137   795  7010
 3040    2597   565  3276  7027
 3041    2564  3964  6470  6593
 3042    1978  4882  6447  6562
 3043    2152  5516  2107  6152
 3044    6215  6370  6392  6446
 3045    2008  2181  4971  6622
 3046    2054  2909  6361  6788
 3047    5321  4192  2959  6380
 3048    6200  6257  6170  6162
 3049    5345  2477  3636  6929
 3050     148  4173  5291  6578
 3051    5652  5646  6763  6835
 3052    2105  6007   542  2107
 3053    4565  3953  3383  6742
 3054    1181  5780  6882  7084
 3055    3784  3100  2513  6457
 3056    4315  3330  4313  6735
 3057    1655  5036  6804  7081
 3058    6452  6273  6532  6712
 3059       5  1591  2407  6411
 3060     796   797   147  6918
 3061     344  3643    11  6929
 3062     348  2491    12  6426
 3063    2937  2938  5274  6930
 3064    1156  5692  6606  7059
 3065    6288  6744  6911  7018
 3066    5945  1224  3169  6175
 3067    1188  3123  5793  6532
 3068     628  4878  1631  6931
 3069    2078   237  6580  6971
 3070    4884  4885   439  6682
 3071    5420   255  2123  6706
 3072    4447  5904  1872  6425
 3073    5583  2183  3720  6467
 3074    1946  4763  6574  6717
 3075    6212  6432  6750  6842
 3076    2777   445  2778  1443
 3077    3230  2354  6593  6787
 3078    2803  2804  1433  6562
 3079    4124  4123  4121  6376
 3080     908  1757  4618  7021
 3081     482   483  5529  6821
 3082    1820    28  2626  6688
 3083    5741  4803  6909  7103
 3084    6302  1993  6694  6708
 3085    3379  3880  5999  6854
 3086    5477  3028  6900  6968
 3087    2398   397   588  6282
 3088    4149  4150  6206  6981
 3089    2234    69  3096  6638
 3090     301  3245  3244  6915
 3091     786   376  6386  6937
 3092     157   830  6812  6920
 3093    2744  4652  6324  6798
 3094    6432  6209  6666  6826
 3095    5529  5533  5419  6821
 3096     849  1586  6454  6924
 3097    3272  4086  5037  6293
 3098    3496  3497  4774   614
 3099     642  5010  3512  6994
 3100    4241  4243  1831  6660
 3101    1845  4322  1575  6738
 3102    4816  3453   621  6760
 3103     374  6592  6682  6729
 3104    5603  1124  6232  6570
 3105    5677   120  6707  7055
 3106     851  1856  6723  7044
 3107    6778  6594  6784  6855
 3108    2366  3260  3261  6954
 3109    6286  6280  6516  6626
 3110    2603   787  6431  6624
 3111    3144  1524  6585  6622
 3112    3948   134  6441  6877
 3113    1211  2311  6007  6152
 3114    3307  1568  6506  6926
 3115    5935   531  3861  6265
 3116    5244  1062   233  6175
 3117    4848  4846  4974  6875
 3118    2387  3319   306  6341
 3119    1736   181  3398  6458
 3120     530  3146  3147  6353
 3121    5730  4363  2669  6485
 3122     537  2695  6212  6774
 3123     430  4801  3458  6460
 3124    4296   393  6290  6627
 3125     588  6282  6454  6924
 3126    4379  4372  5663  7044
 3127    5620  5621  3055  6297
 3128    3538  2455   651  6450
 3129    6026  1882  6826  6876
 3130    1664  3563  3564  6596
 3131    6416  4272  6461  6904
 3132    1558  4059  6592  6743
 3133    6066  1543  2331  6934
 3134    6559  6741  6886  6935
 3135    6642    93  7080  7117
 3136    5567  3032  6492  6864
 3137    6229  6202  6504  6938
 3138    4448  4449   403  6936
 3139    5140  5139  6933  7043
 3140    2829  2831  2830  6646
 3141    6191  6235  6267  6309
 3142    6472  5231  6896  7097
 3143    2354  2353  2355  6787
 3144    2159  3020  6363  6811
 3145    6238  6485  6836  7062
 3146    1815  4176  2623  6578
 3147    6159  6278  6956  6960
 3148    5234  2062  5232  6472
 3149    6325  6245  6692  6755
 3150    2036   220  2039  5112
 3151    1543  6063  3196  6934
 3152    6611  6531  6685  6831
 3153    2648  4272   829  6461
 3154     890  4518  6551  6590
 3155    3855   730  6425  6501
 3156    4089  1797  4090  6687
 3157    4517  1892   597  6639
 3158     376  2604  6730  6937
 3159    2802   438  6195  6753
 3160    1738  5979   288  6856
 3161    1570  3314  6341  6645
 3162    2795  2796  6875  7041
 3163    6606  6243  6707  7122
 3164    1473  1475  6163  7046
 3165    6464  6211  6477  6994
 3166    4574   423  6651  7070
 3167    3516  4989  3720  6467
 3168    4757  4755  1765  6633
 3169    2979  3018  5386  6152
 3170     885  4500   174  6595
 3171    1174  2246  1176  6956
 3172    2250  1180  5774  7114
 3173    2343  1271  6092  6474
 3174    3574  3575  1665  6537
 3175    6210  6180  6339  6455
 3176    6344  6483  6612  6906
 3177    1162   714  6401  6938
 3178    1920  4656   801   917
 3179    5569  1119  6462  6983
 3180    1138  1171  5754  6531
 3181    1801  5012  6674  6695
 3182    6085  4500  6250  6390
 3183    1387  4315  4313  6735
 3184    6370  6155  6407  6409
 3185    6508  4348  6571  6878
 3186    1609  1312   318  6557
 3187    3188  6030   545  6876
 3188    3931  1354   749  6769
 3189    6455  6513  6603  7080
 3190    5057  5056   226  5053
 3191    1353   747  6469  7060
 3192    6147  6775  6529  6731
 3193    6189  6169  6208  6320
 3194    1962  1963  4806  6948
 3195    6280  6372  6794  6819
 3196    5198  6733  6922  7048
 3197    2731   603  6458  6536
 3198     806  6766  6922  7110
 3199    2393  4320  6772  6879
 3200    6155  6249  6298  6641
 3201    6386  6197  6530  6852
 3202    1721   715  6999  7032
 3203    6151  6172  6179  6254
 3204    3615  5260  6232  6749
 3205     345  6529  6719  7066
 3206    3747   298  3746  7075
 3207    1530  1219  1529  6501
 3208    6339  6180  6340  6900
 3209    2418   904  4600  6185
 3210    4620  3956  2741  6518
 3211    4879  2803  1978  6562
 3212    6713  4189  7087  7121
 3213    2555  2553  6755  6881
 3214    2267  5854   198  4861
 3215    3327  2395  6267  6309
 3216    1449  5032   213  7081
 3217    4591  2731  6458  6536
 3218    6187  6177  6318  6509
 3219    3092  3091   512  6712
 3220      40  2712  4546  6491
 3221    5748  5747  5746  6483
 3222    1334  2497  1697  6940
 3223     815  3304  4205  6520
 3224     847  4361  1853  6485
 3225     492  1491  6363  6941
 3226    4348  1146  6508  6571
 3227    6431  6348  6546  6852
 3228    3615  2189  5278  6232
 3229     904  2418  4610  6185
 3230    1009  5620  5069  6297
 3231    4425   311  4422  6662
 3232    4968  1001  4687  4767
 3233    6303  6347  6369  7024
 3234    3678  3679   348  6266
 3235    6024  6023  3892  6987
 3236    2622  4183  4185  6506
 3237     525  3136  3137  6246
 3238    1158  5705   428  6836
 3239    4364  6545  6690  7059
 3240    1418  4700  6479  6631
 3241    3673  3674  6404  6645
 3242    3344  3831  5799  6413
 3243    5676   507  5675  6368
 3244    6191  6269  6738  7072
 3245    4315  4316  3330  6735
 3246    6357  2568  6841  6964
 3247     468    52  2910  6361
 3248    4235  6645  6675  6709
 3249    6242  6506  6817  6985
 3250    2202  1138  5754  6531
 3251    2922  5233  6472  6714
 3252    3630  2471  6453  6623
 3253    6291  6214  6423  6827
 3254    4697  1930  6415  6851
 3255    3106  3107  6531  6831
 3256    3701  1081  2154  6294
 3257    3901  3900  6248  6731
 3258    1372  4113  1374  6481
 3259    1930  4548  1929  6349
 3260     832  4284  4285  6652
 3261    3617  3618  5305  6880
 3262    2718  4561  6702  6944
 3263    1422  1421  2765  6405
 3264    4426  5849  1203  6867
 3265    5819    17  3828  6945
 3266    3388  4568  2720  6604
 3267    1942   927  4752  6405
 3268    6465  4456  6615  6834
 3269     432   433  1964  6838
 3270    1309  1311   315  6536
 3271    1806  4137  6659  7068
 3272    6734  6423  6926  7047
 3273    4934  2818  1993  6302
 3274    6153  6172  7057  7090
 3275    3304   815    86  6520
 3276    1599  2413  2414  6702
 3277    3870   734  3869  6346
 3278    6531  6611  6685  6785
 3279    2242  1138  3106  6531
 3280     873  5916  2288  6861
 3281    5070    50  6499  7000
 3282    3674   822  5455  6404
 3283    3440   321  3441  6771
 3284      66  1152  6741  6865
 3285    6339  6180  6579  6641
 3286     104  3527  6490  6804
 3287    4723  4726   769  6752
 3288    1291  2384  2386  6985
 3289    2281  1528  5895  6166
 3290    1040  5210  1041  6884
 3291    3734  5610  6762  6847
 3292    2829  2830  4960  6646
 3293     801  4629  4659   917
 3294    6180  6192  6266  6335
 3295    3577   661    10  6403
 3296    1086  5528  6973  7104
 3297    4008  4006   140  6948
 3298    1441   966  6307  6372
 3299    5815  5813   630  6556
 3300    5709  2228  4384  6807
 3301    4762  3419  4760  6887
 3302    4188  1818  4187  6506
 3303    6097  6100  6284  6620
 3304    6451  5161  6596  6796
 3305    1644  4976  4978  6917
 3306    4467  4465  6615  6949
 3307     752   182  2732  6458
 3308    4333   844  6237  6474
 3309    5083   787   459  6431
 3310    6566  6219  6700  6759
 3311    6252  6148  6289  7033
 3312     189  2776  2774  7111
 3313    2616  4168  6599  6733
 3314    4256  6333  6754  6893
 3315     164  5769  1179  6799
 3316    2787  4817  4923  6838
 3317    4115  1803  1802  6539
 3318     674  2474  6327  7118
 3319    6766  6809  6922  7110
 3320    6284  2991  6620  6709
 3321     162  4374  1391  6951
 3322    2071  2939  5275  6827
 3323    6478  2766  6633  7037
 3324    4624  4613  1602  6714
 3325    6276  6160  6362  7124
 3326    3488  3484  3490  6701
 3327    6181  6173  6364  6528
 3328    3449  3448   620  6354
 3329    5625  3738   218  6499
 3330    6208  6439  6511  6952
 3331     329   330  4939  6748
 3332    2542   736  6489  6856
 3333     172   882   173  6850
 3334    2560   410   411  7076
 3335    1094  5441   487  6610
 3336    3573  3575  1037  6186
 3337    6554  6373  6845  6874
 3338    2329  2330  6062  6600
 3339    2587  4736  2762  7062
 3340    4485  1882  6666  6826
 3341    3294  4156  5213  6223
 3342     644  1647   210  6157
 3343    4176  4182  2622  6817
 3344    6189  6419  6757  7122
 3345    2293  1224  6175  6227
 3346     207  4941   973  6671
 3347    3916  2550  6600  6898
 3348    1941  1917  6405  6756
 3349    3542  3539  2454  6450
 3350    1325  5172  2459  6673
 3351    5220   801  3960   917
 3352    5863  2530  6585  7041
 3353    1555  3255  4036  6954
 3354    4427  1869  4428  6662
 3355    1671   108  5254  6855
 3356    6408  6177  6509  6634
 3357    6239  6306  6339  6455
 3358    6270  6361  6557  6788
 3359    6625  6329  6830  6978
 3360    5385  3018  6152  6363
 3361    1921   467  4663   918
 3362     180  2298  1237  6859
 3363    5185   467  5186   918
 3364    4167  2616  6599  6849
 3365    2056  2746   228  4660
 3366    2419   606   909  6955
 3367    4023  1775  6418  6485
 3368    6575  6183  6913  7047
 3369    5296  5305  5230  6367
 3370    2117   678  3654  6997
 3371     801  3961  5218  3960
 3372    4658  5189   228  5190
 3373    1920   801  4659   917
 3374    5219   801  5218  3960
 3375     709  3766  2508  7073
 3376    4656  4655   801   917
 3377    3186  3184  6152  6558
 3378    5187  1414  5189   228
 3379    4655  3961   801   917
 3380    1636  3484  1317  7009
 3381    3241    81  3986  6263
 3382     801  5219  5220  3960
 3383    2918  4625  5226  5223
 3384    5228  3593  6518  6923
 3385    4456  4465  6465  6615
 3386    4665  2055  5186   918
 3387    5547  3710   494  6547
 3388    2923  5236  6472  6714
 3389     467  5185  4663   918
 3390    3826  5817  3827  6765
 3391     799  2909  4144  6361
 3392    5824    73  5826  6323
 3393    5175  4676  1924   660
 3394    3107   515  6685  6831
 3395     801  3961  3960   917
 3396    2671  3335  6619  6690
 3397    3961  4655   801  5217
 3398    2056  1920  4147  4659
 3399    6162  6188  6263  6768
 3400    6856  6782  7023  7076
 3401     805  4162  2372  6957
 3402    2056  1920  4660  5190
 3403    1414  4658  5189   228
 3404     995  4084  4082  6534
 3405    2746  2056   228  4661
 3406    6658  6209  6666  6850
 3407    1826  6272  6913  7020
 3408     330   635  3494  6384
 3409    2725   412  6901  7091
 3410    4909  4910   443  6839
 3411    6649  6583  6654  6821
 3412     393   394  4305  6290
 3413    5128  1010   463  5125
 3414    6312  6178  6329  6371
 3415    6374  6256  6636  6682
 3416    6344  6697  6844  6903
 3417    2030   146  6431  6602
 3418    6329  6822  6825  6978
 3419    1264  6058  6617  7039
 3420    2647  6461  6584  6958
 3421    4340  1150  4342  6326
 3422     149   811  1820  6726
 3423    6170  6256  6288  6510
 3424    3932  3931   749  6769
 3425    5252  5120  6680  6959
 3426    3457  1625  1315  6399
 3427    1863  6513  6747  6967
 3428    2761  4739  6485  6836
 3429    2273  5868  1973  7041
 3430    6224  6553  6953  7090
 3431    4265   389  4267  6416
 3432    6167  6402  6607  6767
 3433    1977  1629  4878  6791
 3434    6429  6564  6771  6818
 3435    5730  2669  4366  6485
 3436    6156  6174  6271  6367
 3437    6641  6173  6654  6706
 3438    4215  4210  6575  7047
 3439    5626  3745   235  6232
 3440    3972  3967  3968  6841
 3441    6257  6263  6352  6633
 3442    1774  4023  6418  6806
 3443    6515  1389  6690  7116
 3444    6407  6370  6409  6687
 3445    6770  6322  6813  7050
 3446    6671  4056  6708  7054
 3447    2601  1371  2603  6624
 3448    5715    68  3089  6401
 3449    6811  3645  3646  1680
 3450    3602  2062  5233  6472
 3451     584  4353  6326  6545
 3452     417  1911  1912  6518
 3453    6183  6272  6913  6970
 3454    2055  5183  3413  3576
 3455    3510   639  6994  7100
 3456    3797  1180  3794  6960
 3457     546  1543  3195  6617
 3458    1807   796   147  6918
 3459    1463  1464    53  6833
 3460    4652  4653  6324  6798
 3461     467  1038   918  1922
 3462    1017  3547  2033  6459
 3463     467  5188  2908   420
 3464     468  2910   420  2747
 3465    3168  1062  5311  5312
 3466    3329   395  4320  6879
 3467     912  4745   419  6517
 3468    2375  2372  6957  7115
 3469     467  1921   420  1922
 3470    3037  3036  3042  6319
 3471    3186  1253  2315  6558
 3472    5900   812  2283  6226
 3473    6051  6050  6826  6842
 3474    3413  2055  4675  4664
 3475     468  1921   467  4663
 3476     468   467  5185  4663
 3477     671  3621   668  7096
 3478    4164  4167  2616  6599
 3479    6185  2418  6524  6536
 3480    1618  4760  4750  6887
 3481    4095  2602  6581  6624
 3482    4556  4557  1244  6990
 3483    6381  6276  6404  6645
 3484    3244  3241   138  6915
 3485     465   216   226  5056
 3486      52  5185  2907  6361
 3487    2230  2231   711  7002
 3488    6031  3894  6639  6939
 3489    3620  2468   111  6623
 3490    6276  6314  6404  6709
 3491    1141  1280  5645  6961
 3492    5698  1931  3767  6479
 3493    5354  2627  6166  6688
 3494    1950  1948   977   931
 3495    3920  4515   748  7019
 3496    6527  1174  6699  6956
 3497    2545  5994  2544  7092
 3498     253  2146  5490  6544
 3499    5053  3523  6451  6596
 3500    6149  6225  6395  6427
 3501    5431  5432  6521  6620
 3502    5941   869  1229  6764
 3503    1914   419  1413  7086
 3504    4196  2625   813  6963
 3505    4123  4124  6275  6376
 3506    1818  4184  4186  6506
 3507    4550  2713  4547  6449
 3508    4162   805  4164  6957
 3509    6534  1792  6608  6780
 3510    1741   361  6489  6952
 3511    6193  6312  6345  6578
 3512    5851   527   726  6304
 3513    5327   812  5899  6963
 3514    3979  1362  1762  6964
 3515    5349  4208  4207  6978
 3516    6162  6149  6204  6217
 3517    4784  4785   934  2000
 3518    5296  6367  6781  6880
 3519     525  5494  5495  6246
 3520    4773  2003   978   931
 3521    3747   267   298  7075
 3522    3265  6694  6708  6911
 3523    5216   231  6509  6523
 3524    2858  5048  5164  1032
 3525    1385  1842  6393  6965
 3526    3830  5818  5817  7109
 3527    4953  3496  4782   934
 3528    6187  6225  6535  6981
 3529    4211  3308  3309  6575
 3530    6160  6167  6321  6966
 3531    5224  2918  5225  6518
 3532    6368  7060  6669  6301
 3533    1130   351  6201  6843
 3534    4180  1817  6417  7098
 3535    4677  5175  1924   660
 3536    5200  1463  5203  6921
 3537     629  1633  6487  7053
 3538    3225  3226  3223  6787
 3539    2898  2047   226  6451
 3540    6415  6321  6724  7082
 3541    1472  2950  6175  6227
 3542    3450  3451  1622  6354
 3543    5032   998  4085  6684
 3544    4675   660  4666  3572
 3545      78  6086  3207  6595
 3546    1038   467   420  1922
 3547    1921   468   420  2747
 3548    6733  6766  6922  7048
 3549    4678   421   466  2053
 3550    2947  1472  5243  6283
 3551    2064  2036   220  2039
 3552    2003  4773   977   931
 3553     981  2004   930  4768
 3554    3347    91  4392  6513
 3555    6102  1274  6829  7019
 3556    6211  6492  6696  6940
 3557    2055  3413  4675  3414
 3558    6080  2219  2220  6865
 3559    6339  6340  6696  6900
 3560     228  1414   420  2747
 3561    6972  6876  7042  7108
 3562    6808   543  6876  6972
 3563    6205  6231  6294  6329
 3564    5728  5729  3099  6504
 3565    2405  4456  4455  6834
 3566    4338  4343  4342  6326
 3567      84  3286   798  7085
 3568    2208  5761  5655  6699
 3569    1806  6659  7010  7068
 3570    6453  6342  6588  6927
 3571    1449  1448  6684  7081
 3572    5478  6579  6586  6968
 3573    6246  2264  6549  6716
 3574    6217  6204  6756  6887
 3575     621  3453  3454  6760
 3576    5048  2021  5164  1032
 3577    5620  3055  5619  6297
 3578    4676  4666  1924   660
 3579    3697  3699  5498  6533
 3580    2331  6067  6250  6320
 3581    5046  6502  2024  2859
 3582    6167  6402  6486  6489
 3583    6639  6147  6939  6969
 3584    6641  6649  6654  7042
 3585    2190  6538  6847  7107
 3586    5483  2140  5484  6340
 3587    3030  3031  6864  6968
 3588    4784   445  2000  1953
 3589    2227  5707   188  6836
 3590    5499  5500  6316  6846
 3591    5410  5416  2118  6703
 3592    6647  1864  6967  7080
 3593    4547  4693  6349  6491
 3594    6388  6209  6658  6850
 3595    4803  1958  1718  6909
 3596    1138  5642  6531  6769
 3597    6368  6301  6576  6982
 3598    3506  5038  6722  6895
 3599    3278     1  6661  7027
 3600     499  3051  2662  6718
 3601    2961    57  1476  6970
 3602    1264  6617  6934  7039
 3603    5285   259   237  6971
 3604     658  1663  6502  6796
 3605    5629  2193   500  6507
 3606    1263  5966  6842  6862
 3607    5161  3568   659  6796
 3608    6218  3049  6810  7052
 3609     227  2904  5170  4684
 3610     182   752  6441  6458
 3611    5342  2170  5347  6463
 3612    5153  5152  1005  2896
 3613    4287  4288   310  6745
 3614    2022  5163  3563  2021
 3615    3563  5163  2023  2021
 3616    6225  6361  6557  7036
 3617    1138  3067  3106  6531
 3618    3175  3173  6439  6511
 3619    2966  2967  2627  6166
 3620     940  1963  6354  6635
 3621    2036  2064   220  6274
 3622    5063  4122  2606  6674
 3623    3426  6724  6725  7082
 3624    2243  3111   515  6685
 3625    6815  6193  7048  7098
 3626     583  1578   310  6745
 3627    3948   554  3228  6877
 3628    1215  5904  4447  6425
 3629    6559  3908  6576  6886
 3630    6321  6415  6443  7082
 3631    3693  3692  6340  6426
 3632    6530  6322  6546  6594
 3633    6148  6164  6929  6941
 3634    5044  1001  2020  2052
 3635    4481  6212  6842  6862
 3636    4594  3224  4595  6629
 3637    1689  1688  2486  6685
 3638     262  1470  1469  2934
 3639     421  4678  5175  1035
 3640    2055  4675  4666  3572
 3641    1409  2721  6526  6607
 3642    1001  4969  4968  4687
 3643     982   981   930  4967
 3644    1001  1034  4687  5168
 3645    2852  2851  6264  6684
 3646    6264  6310  6440  6684
 3647    3696  1332  2492  6977
 3648    1448  2853  1449  6684
 3649    4085   998  6440  6684
 3650    2851  5025  6264  6684
 3651    4678   421  5171   466
 3652    1926  4677   660  1035
 3653     227  4686  4687  4767
 3654    2572  6705  6984  7101
 3655    4614   606   607  6955
 3656     421  5171   466  4683
 3657     466  5171  5170  4683
 3658    6696  6340  6864  6900
 3659    1652  3524  6451  6727
 3660    3696  6316  6597  6977
 3661    6724   320  7029  7082
 3662    6979  4775  4776   932
 3663    2244  2243  2245  6685
 3664    5044  1001  2052  1034
 3665     682  3669   681  6685
 3666     575   804  3298  6540
 3667    3028   495  3029  6968
 3668     887  6305  6471  6598
 3669    6225  4145  6427  6788
 3670    3080   506  1510  6576
 3671    2901  5045   215  5166
 3672    1690  6611  6675  6785
 3673    4266    88  6330  6958
 3674    6310  6279  6440  6684
 3675    6700  6759  6945  6975
 3676    6255  6210  6445  6805
 3677    2850  1448  6310  6684
 3678     535  5971  1238  6511
 3679    2770  4962   931  4771
 3680     243  5319  5320  6380
 3681    5896  3849  3848  6166
 3682      89  4243  4260  6660
 3683    6420  6873   868  6425
 3684    6240  3127  6747  7030
 3685    5183  2906  5185  6270
 3686    2003  3497   977   614
 3687    5089  6431  2030  5084
 3688    5600   840  5601  6738
 3689     123  3785  3786  6457
 3690    1556  3265  6708  6911
 3691    2520  1340  6527  6897
 3692    3577    10   658  6796
 3693    1958  4803  6460  6909
 3694    4114   304  3281  6661
 3695    3497  1641   977   614
 3696    5083   146   787  6431
 3697    3988  3246   138  7101
 3698    2767  2770  2768  6414
 3699    1620   616  3446  6857
 3700     616  4759  6478  6857
 3701    3496  3439    99   614
 3702    1950  4773   977   614
 3703     979  2003   977   931
 3704    4952  3496  4953   934
 3705    2817  2816   966  6375
 3706    2854  2852  6534  6684
 3707    6199  2077  6580  6971
 3708    1951  1950   977   614
 3709    6724  6321  6725  7082
 3710    4961  1948  2832   931
 3711    3497  3496    99   614
 3712    4840  2794  6585  7041
 3713    2863   455    49  6308
 3714    4772  4962  4771   931
 3715    1641    99  1951   614
 3716    2003  4773   978   614
 3717    6648  6503  6667  7005
 3718    6610  6611  6656  6996
 3719    1265  6056  6320  7056
 3720     979  1949   978   931
 3721    4961   979   977   931
 3722    3914  6469  6982  7060
 3723    1250  1540  1251  6353
 3724    1158   428  1934  6836
 3725     804  4158  4160  6519
 3726    1909   906  3400  6400
 3727    1211  6008  3149  6466
 3728    1528  2969  3151  5895
 3729    3497  1640  1641    99
 3730    4960   977  4959  6646
 3731    6200  6286  6428  6643
 3732    4952  1639   934  2000
 3733    6152  6327  6363  6941
 3734     313  1297  2402  6589
 3735    6159  6236  6333  6897
 3736     457  5070  6499  7000
 3737    1323  3555  6530  6546
 3738    5077  5076  1656  6609
 3739    2941  2072    65  6436
 3740    5890   732  6251  6379
 3741    4785  4784   445  2000
 3742    4382  5766  6670  7105
 3743    6649  6801  6802  6821
 3744    6343  6261  6490  6727
 3745    6159  6333  6754  6786
 3746     707  5757  3758  6672
 3747    3497  3496  1640    99
 3748    4381  5710  6807  6951
 3749    6503  6229  6648  7032
 3750    3775  2511  1337  7073
 3751    2785  4810   432  6375
 3752    2490  6426  3695  6977
 3753    4785   445  4783  4786
 3754     976  1954   935  1998
 3755    6266  6192  6285  6893
 3756    6161  6290  6444  6627
 3757    5376  6466  1478  6152
 3758    6689  6551  6565  6783
 3759    5399  6035  6033  6775
 3760    1352  1351  6385  6731
 3761    5260   470  1051  6232
 3762    6599  6298  6737  7115
 3763    6033  5401  5399  6775
 3764    4393   165  2251  6647
 3765    4606  1410   233  6175
 3766     849  6454  6505  6924
 3767    2629  1824  6734  7047
 3768    6380  6299  7087  7121
 3769    5127  6431  6546  6852
 3770    2395  1296   307  6267
 3771    3908  3912  6576  6982
 3772     193  4817  1964  6838
 3773    2672    34  1392  6951
 3774     445  2827  1953  2773
 3775     201  2805  1983  6761
 3776    1536  5971   536  6511
 3777    2381  2382  4217  6926
 3778    4955  4957  2829  6646
 3779    4476   405  6567  6750
 3780    6568  6179  6664  7079
 3781    3945   134  3946  6441
 3782     311  4422  6662  7117
 3783    6521  6105  6620  7038
 3784    4784  4785   445  4783
 3785    4848  6487  6698  6917
 3786    2637  4240  6739  6779
 3787    2777   445  4791  4786
 3788    3133  4893  4892  6761
 3789     445  4784  4783  1953
 3790     739   246   677  6558
 3791    6341  2391  6406  6645
 3792    2777  4949   976  4791
 3793    3313  3311   151  6645
 3794    3888  6061  6419  6757
 3795    6698  2795  6875  7041
 3796    4631  4632  6259  6640
 3797    6723  6377  6853  6951
 3798    2436  4909  3480  6394
 3799     445  2777  4783  4786
 3800    1639   934  2000  2001
 3801    4948  2777   976  4791
 3802     357  1344  3849  6336
 3803    1230  3870  3871  6389
 3804    5217  4655  4148  6206
 3805    4473  1218  4474  6861
 3806    4198   812  4197  6963
 3807    4948  2777  4790   976
 3808    2590   371  2588  6975
 3809    5050  1653  1003  6804
 3810     935  4948  4790   976
 3811    4949  2777   445  4791
 3812    4262  4263   389  7012
 3813     456  6308  6581  6602
 3814    4949  2777   976  1443
 3815    1125  3744  3743  6232
 3816    4001  4813   969   771
 3817     810  2386  2621  6985
 3818    1385  4298  2659  6627
 3819    4964   980   447  6414
 3820    1598  4516  6590  6637
 3821    1252   365  6379  6473
 3822    6282  6497  6723  6924
 3823    1539  5997  6396  6935
 3824    2043   225  6770  6813
 3825    2834  4963   447  6657
 3826    2800  1206  2799  6347
 3827    1740  1350  2542  6489
 3828    4116  4117   563  6661
 3829    2811  5806  5810  6483
 3830     732  6251  6379  6587
 3831    2640  4247  6710  6882
 3832    4065   781  6729  7018
 3833     976  2778  4789  1443
 3834    1944   617  6478  6572
 3835    6423  6249  6746  6827
 3836    6763  1336  7013  7094
 3837    4621    43  4622  6518
 3838    5429   484  2986  6620
 3839    3668  3809  2245  6976
 3840    4072  4885  1979  6682
 3841    6171  6153  6258  6567
 3842    3679  2145   117  6335
 3843    6276  6314  6986  7124
 3844    6191  6334  6965  7107
 3845     690  2180  6382  6846
 3846     932  4775   770  6979
 3847    4877  6562  6832  6910
 3848    3305  4221  4207  6978
 3849    1085  6047  6043  7069
 3850    5414  6654  6801  7104
 3851    1821  1822  4204  6520
 3852    6148  6473  6889  7033
 3853    4631  4633  6953  7086
 3854    6150  6148  6289  6649
 3855    1455  2883  1019  6421
 3856    5857  4854   197  6347
 3857    6309  3327  6745  6920
 3858    3619   111  6623  7096
 3859    5560  5559  4275  6586
 3860    6569  5929  6628  7004
 3861    2243  3113  2129  6831
 3862    2420  3418  4674  6919
 3863    3152  3153  5900  6226
 3864    5345  6164  6463  6811
 3865    3750  3752  7017  7075
 3866    5718  2232  1162  6401
 3867    4648   926  4760  6887
 3868    2727  2724    41  6901
 3869    4802   430  6460  6903
 3870    2047   226  6451  6596
 3871    5763   517  6907  6956
 3872    1685  1683  6289  6678
 3873    3088  5715  3089  6401
 3874    2102   475  5878  6466
 3875     651  3538  6450  6499
 3876    3981  6640  6953  6964
 3877    6150  6148  6251  6473
 3878    2861   648  2866  6980
 3879    2605  4114  3281  6814
 3880    2389  1294  3314  6341
 3881    2406  1298  6411  6615
 3882    6223  4153  6225  6981
 3883    5094  1022  2032  1017
 3884    2660  2659  6334  6965
 3885    4990   986  2010  6832
 3886    3266   782   559  6911
 3887    6211  6464  6810  7052
 3888    6407  6561  6687  6823
 3889      24  2595  2594  6729
 3890     475   529  5878  6466
 3891    1689   681  1688  6685
 3892     890  6590  6986  7123
 3893    5673  1509  3080  6576
 3894    6873  6420   868  6936
 3895    4481  4479  2696  6212
 3896    5321  4193  4192  6963
 3897     705  1713   707  6693
 3898    6344  6648  6906  7065
 3899    4339  4338  4342  6326
 3900    4762  1618    98  6816
 3901    3448  1963  1622  6948
 3902    2422  1606  6686  6992
 3903    3604  3617  5296  6880
 3904    4377  6292  6383  7002
 3905     711  5725  5723  6295
 3906    5331  2174  2173  6580
 3907     484   549  3214  6620
 3908    6509  1667  6634  6884
 3909     599  1902  6702  6742
 3910    6104   549   484  6620
 3911    3748  3746  6916  7075
 3912    6365  6191  6847  7107
 3913     556   301  2363  6984
 3914    2190  5611   260  6847
 3915     772  4808  6375  6681
 3916    6322  6338  6493  6770
 3917    4140  1807  6514  6918
 3918    5776  3799  6885  7114
 3919     307   582  6334  6772
 3920    4019  4798   618  7045
 3921    2362  3252  6203  6984
 3922    4144  2909  2054  6788
 3923    4216   387  6575  7020
 3924    2720  4568  2721  6604
 3925    3524  5051  6451  6727
 3926    4451  4452  5954  6465
 3927    3340  3339   588  6924
 3928    1323   335  3555  6546
 3929    3485  4916   632  6677
 3930    6061  1242  3905  6600
 3931    1524  4836  2274  6585
 3932     534  4606  5949  6175
 3933    1264  1240  6058  7039
 3934    4039   949  4040  6397
 3935     874    39  1402  6824
 3936     855   164  1179  6799
 3937    4335  1145  5650  6474
 3938    4648   915   926  6756
 3939    6174  6172  6190  6629
 3940      56  6833  7048  7071
 3941    5906  6020  6019  6618
 3942    5609  5612  6297  6393
 3943     140  4005  4010  6948
 3944    1375  1376  6514  6988
 3945    3973  2566  6841  6964
 3946    6326  6282  6368  6669
 3947    1966  4826  4824  6582
 3948    5101  2878   461  6837
 3949    1753  6129  1687  6521
 3950    2138  3006  6892  7011
 3951    6020  5906  6379  6618
 3952    2718  4562  4563  6702
 3953    6486   896  6944  6990
 3954     604  1909  3400  6400
 3955    5813  1982   630  6556
 3956    3558   106  6784  7043
 3957    6037  1745  6969  6989
 3958    3840   356  6716  7016
 3959    1619  4751  6296  6816
 3960    6263  6257  6572  6633
 3961    3180   736  3878  6486
 3962    3670  3673  3672  6675
 3963    6039  6037  3896  6989
 3964    2431  3460  6844  6903
 3965    3687  2266  2265  6246
 3966    5097  1013  3059  6507
 3967    2788  4826  6483  6839
 3968    2692   874  6258  6411
 3969    5727  3094  6418  6504
 3970    5899  3153  4438  6226
 3971    6544  6192  6740  6888
 3972    1070  1528  1526  6166
 3973    1707  3737  1335  6762
 3974    5052  5055   226  5053
 3975    4523  4522  7019  7123
 3976    1997  2828  2826  6818
 3977    2418  1310  6524  6536
 3978     388  1382  2640  6333
 3979    1618  4750  4751  6816
 3980     429  6414  6715  6717
 3981    5187  6361  2911  6535
 3982    3382  4556  6854  6990
 3983    1629  1977  4880  6791
 3984    3269  1780  6743  6759
 3985    2895  5146  6770  6932
 3986    5041   214  3522  6495
 3987    5231   240  5232  6896
 3988    1494  3024  1493  6272
 3989    6180  6276  6416  6641
 3990    4651  1918  6206  6798
 3991    2125  2123  6706  6904
 3992    4061  4064   374  6592
 3993    4048  6372  6794  7054
 3994    3691  3689  5504  6597
 3995    6520  6329  6668  6825
 3996    2712  4549   598  6449
 3997    2359  6190  6560  6787
 3998    3578    10  6403  6673
 3999    6705  6468  6943  6984
 4000    1454  2875  2874  6348
 4001    1889   888  4513  6305
 4002    2087  2950  1472  6227
 4003    1036  5181  2460  6387
 4004    4908   442  1969  6839
 4005    2648    31  6416  6461
 4006    6068   746  1266  6250
 4007    2302   178  5982  6859
 4008    2422  1314  1606  6992
 4009    5056  5057   226   465
 4010    1536   538  3170  6914
 4011    5457  5458  2486  6785
 4012    2206  5653  6571  6835
 4013    2888  2885  6431  6602
 4014    1448  1449   213  7081
 4015     146  5084  2030  6431
 4016    5361  6253  6552  7118
 4017    4616  4615  4617  7112
 4018    6167  6189  6757  7122
 4019    5153  5154    49  4127
 4020    5056   216  1005   465
 4021    2287  2288  1218  6861
 4022    1833  5465  1382  6333
 4023     927  4758  3442  6478
 4024     108  3561  5253  6778
 4025    1005  5057   465  2896
 4026    3576  3414   660  6186
 4027     105  6679  6828  6894
 4028    4167   805  1377  6599
 4029      83  3278  6661  6730
 4030    1461  5153  5154    49
 4031    5116  5100  1016  6459
 4032     952   326  4870  7053
 4033    4588   414  2732  6458
 4034    3407  6317  6798  7067
 4035     476  2276   475  6466
 4036    2265  1105  1104  1200
 4037    2758  4720  4723  6752
 4038    1755  3951  6789  6877
 4039    3690  5501  5504  6597
 4040    3564  3563  3562   646
 4041    1030  3564  3562   646
 4042    6625  6148  6929  6941
 4043    1314   317  1605  6992
 4044    6164  6435  6463  7031
 4045     216  1005  1461  2863
 4046    3699   689  5498  6995
 4047    3272  4093  6293  6937
 4048    1006  5150  5151  5060
 4049    5152  5153  1005  2864
 4050    1789  4941  1788  6671
 4051    6298  6659  6737  7068
 4052    6423  4209  6926  7047
 4053    6269   695  6570  7072
 4054    3414   660  1924  4675
 4055    5290  6578  6766  7110
 4056    5055  5057   226  5053
 4057    4680  4679  2767  6715
 4058    6345  6578  6817  6993
 4059    5060  5150  2864    49
 4060    4724  2758  4723  6752
 4061     808  3302  6417  6985
 4062    2737  1908  2926  6400
 4063    6488  6276  6986  7124
 4064    5350  5351  2966  6552
 4065    2472   670  6453  6880
 4066    2481  1684  3658  6529
 4067    1730  3840  6777  7016
 4068    2955   243  2956  6380
 4069    5131  5087  5089   462
 4070    3274  1795  1796  6773
 4071    6892  3006  6900  7011
 4072     256  1495   257  6462
 4073    4270  2647  3003  6584
 4074    5150  1006  4127  2865
 4075    5389   246  1077  6558
 4076    4801   430  1424  6460
 4077    5092  5091  1021  5123
 4078    1006  5059  4128  2865
 4079    5150  5153  2864    49
 4080    6193  6153  6312  6713
 4081    5276  4184  2624  6746
 4082    6464  5012  6477  6695
 4083    5150  1006  4126  4127
 4084    5060  5150    49  2865
 4085    4991  4992    48  6832
 4086    5153  1005  2864    49
 4087    6180  6210  6339  6340
 4088    5149  1006  4126  5151
 4089    5413  2983  2480  6801
 4090    4725  4716  4717  6651
 4091    3948   134  3947  6441
 4092    6306  6455  6589  6603
 4093    3388  2720   314  6767
 4094    6087   506  6576  7001
 4095    6151  6174  6190  6441
 4096     600   601   599  6607
 4097    2850  1448  2849  6310
 4098    1005   216  1461  2897
 4099     216  1005   465  2897
 4100    6241  6357  7028  7091
 4101    1007  5086  1023   224
 4102    2442   102  3498  6429
 4103    2878  5106  5113   461
 4104     768  3993  1766  6943
 4105    3255  4899  6701  6819
 4106    2024  2023  2021  6502
 4107    5319  5320  6380  7121
 4108    1297  2400  6589  6603
 4109    6192  6210  6366  6603
 4110    1023   224  5087  5088
 4111    1588  1587  6563  6650
 4112    5086  1023   224  5087
 4113    5115  5102  1016  1015
 4114     211  2844  6464  6994
 4115    5473  5474  6584  6586
 4116    6327  6148  6625  6941
 4117    5091  5124  5093  1010
 4118    2142  2141  6340  6995
 4119    4803  3458  6460  6909
 4120    1172  5755  1171  6653
 4121    1776  4889  6268  6323
 4122    5608  2190   260  6847
 4123    6240  6452  6676  7058
 4124    5089  5087  2030   462
 4125     818  2078  1828  6580
 4126    6407  6220  6562  6832
 4127     120  2512  3774  6707
 4128    1950  4770  1951  6646
 4129    2277  2311  6152  6466
 4130     495  3033  6462  6968
 4131    6475  3933  6829  6996
 4132    1127  3735  3056  6499
 4133    1618  4751  1619  6816
 4134    5416   678  2117  6997
 4135    4753   927  3442  6478
 4136    6327  6253  6353  6466
 4137    4124  2026   217  6376
 4138    4255  1834  6630  6754
 4139    1024  4131  6602  6925
 4140    6209  6590  6637  6850
 4141    2097  6552  6830  7118
 4142    4704  4706  4566  6443
 4143    6530  6197  6813  6852
 4144     245  5344  6435  6463
 4145    4201  2625   385  6688
 4146    4263  4262  1572  6998
 4147    6359   876  6774  6824
 4148    1396  2684  6549  6736
 4149    5126  1453   223  1021
 4150    2833  4965  2768  6683
 4151    2513  2514  6457  6999
 4152    1451    50  2868  7000
 4153    1972  2795  6720  7041
 4154    2483   680  2488  6611
 4155    2542  1350  2543  6489
 4156    3337   586  6497  6619
 4157     553  2354  2355  6621
 4158    6388  3370  6665  6850
 4159    2692  2406  1298  6411
 4160    1511   506  6088  7001
 4161    1719  1339    16  6999
 4162    2631  1380  4214  7047
 4163    4299   836  6218  6376
 4164    1381  4231  2636  6689
 4165    6178  6233  6371  6713
 4166    5840  5838  6366  6445
 4167    3554  5121   656  6680
 4168    5538  5537  6181  6484
 4169    5085   459  2872  6431
 4170    2821  2822  2848  7077
 4171     557  4016  2362  6203
 4172    1642  1643  2444  6234
 4173    6568  6254  6764  6834
 4174    1660  3553   653  6813
 4175    4291  4290  6424  6433
 4176    6292  6377  6383  7002
 4177     387  4215  6575  7047
 4178    4244   249  5455  6550
 4179    6271  6524  6714  7112
 4180    3782  3779  6504  6999
 4181    6868  5559  2176  5562
 4182    5094  1022  1021  2032
 4183    4210  3308  6575  7047
 4184      50  1451  6297  7000
 4185    6211  6477  6795  7100
 4186    1950   429  2771  6646
 4187    6546  6322  6614  6894
 4188    5726  3778  5728  6437
 4189    4758  1943  3442  6478
 4190    2073  5604  3054  5599
 4191     282  1527  6356  6358
 4192    5457  5456   249  6550
 4193    6462  5563  3034  6868
 4194    4113   791  1801  6695
 4195    6153  6258  6420  6448
 4196    2661  4316  1387  6735
 4197    6530  6386  6546  6614
 4198     725  3825  3826  7003
 4199    1230  5959  3870  6389
 4200    6240   856  6563  6747
 4201    4547  4693  1929  6349
 4202     308  4307  3323  6334
 4203      68  5715  2231  7002
 4204    1453  5126   652  1021
 4205    4171   229  6733  6922
 4206    3308  6423  6575  7047
 4207    4182  4183  2622  6506
 4208    3137  5494  6246  6740
 4209    1022   652  2032  1017
 4210    3125  1518  1519  7058
 4211    6416  6461  6663  6904
 4212    3700  1081  6294  6678
 4213    6493  6345  6993  7119
 4214    3711  3713  6435  6463
 4215    5125  5124   223  1010
 4216    5091  5124   223  1021
 4217      93   592  1867  6642
 4218    5102  5114  1016  5103
 4219    5124  5125  5093  1010
 4220    4351  4352  6505  6508
 4221    3347   313  2402  6589
 4222    1040  6781  6884  7106
 4223    4377  1161  6292  7002
 4224    3435    98  2427  6816
 4225    3804  2523  3795  6412
 4226    5026  1995  6315  6498
 4227    5091  5093  1021  5123
 4228     890  2705  4524  6551
 4229     133  6016  3898  6248
 4230    2394  2393  6309  6879
 4231    5250   220  2064  6274
 4232     262  5259  5626  2066
 4233    1146  3754  4349  6508
 4234    3922  1750  6845  7061
 4235    5085   463  5089  6431
 4236    1011  5631  1013  2195
 4237    3413  1607  6186  6270
 4238    5092  5091   223  1021
 4239    4284   832  4278  6652
 4240    1453  5092   223  1021
 4241    5092  1453   652  1021
 4242    2031  1453   652  2032
 4243    5124  5091  5093  1021
 4244    1016  5114  5101  5103
 4245    6476  6325  6949  7008
 4246    2668  1390    33  7116
 4247    6367  5230  6781  7097
 4248    4847  4848  3466  6698
 4249    2032  3544  1017  3534
 4250    1215  3853  5903  6425
 4251    5116  5100  1017  1015
 4252    3811  6667  6711  7005
 4253    4919  4917  6677  6838
 4254    5249  2884   220  6837
 4255     343  3640  3639  6327
 4256    5520  5391   490  6941
 4257    4425  4427  3349  6662
 4258    1017   652  3534  2033
 4259    5234  6283  5235  6472
 4260     881  4491  4499  6946
 4261    2582   774  2580  6902
 4262    6571  6216  6763  6793
 4263    1658  3740  1011  2034
 4264    4193  4191  6726  7121
 4265    5183  5185  3413  6270
 4266    1378  2617  1377  6849
 4267    2783  2782    46  6460
 4268    2881  3059  3060  5104
 4269    3740  1706  1011  2194
 4270     740   741   744  6886
 4271    1658  1706  3739  1011
 4272    1011  2194  5631  2195
 4273    4999  4996  2011  6496
 4274    4721  4726  6752  7006
 4275    5370  2102  1525  6466
 4276    4758   927  6405  6478
 4277    6663  2124  6706  6904
 4278    6061  3905  1748  6600
 4279    5537  3022   493  6181
 4280    2571   766  6352  6633
 4281    1693  3704  6294  7031
 4282    3890  6010  1252  6473
 4283    6246  5494  6285  6740
 4284    5097  2881  3059  3060
 4285    2690  1875   404  6476
 4286    5918   283  5919  6728
 4287    1786  1789  1788  6671
 4288    5012  5011  6464  6477
 4289     782  4067   559  6911
 4290    1706  1658  3740  1011
 4291    6411  2408  6448  6936
 4292    6219  6378  6700  6761
 4293    5804  5802  6648  6906
 4294    4674   608  6186  6758
 4295    4047  4048  6372  6794
 4296    3553  1660  6530  6813
 4297    5899  4438  6163  6963
 4298     219  2875  6348  6894
 4299    2047  5156   226  6596
 4300    1011  5630  2194  5096
 4301     461  5106  5112  5105
 4302    3312  3314   577  6645
 4303    3740  2193  2194  6507
 4304    1239  3174  6439  6914
 4305    5614   837  2657  6275
 4306    2881  5633  3059  5104
 4307    5023  6264  6721  6780
 4308    4201  2627   814  6688
 4309     608  2750  6186  6758
 4310    1597  3368  6388  6522
 4311     656  5122   221  6680
 4312    6197  6261  6514  6581
 4313    4134  4135   795  6988
 4314    4673  4672   929  6715
 4315    3739  1011  2194  5096
 4316    1530  1219  6501  6808
 4317    1049  2065  5248   263
 4318    3980  4577  7028  7091
 4319    6374  6370  6407  6496
 4320    3413  5185  4663  6270
 4321    2900  4130  2899  6451
 4322    6209  6432  6666  6876
 4323    4431   862  1187  6544
 4324    5796  5797  1517  7058
 4325    5630  1011  2194  5631
 4326    5634  5107  5104  2038
 4327    2208  2209  5761  6699
 4328    6162  6256  6264  6298
 4329    1441  6307  6375  6838
 4330    1013  5097  3059  3060
 4331    6468   769  6752  6943
 4332    3986   928  1765  6572
 4333     458  1500  1128  1129
 4334    2196  5109  5108  1047
 4335    2038  5633  5104  5634
 4336    6280  6288  6794  6170
 4337    1128  2025  2870   217
 4338    5111  1047  5110  2037
 4339     262  2933  2932  1470
 4340    3634  1678  6830  7118
 4341    1049  2065   263  3063
 4342     381  4151  6427  6790
 4343    2878  5106   461  5105
 4344     458  1128   217  1129
 4345    5247  5111  5108  1047
 4346    5103  2878  5113   461
 4347    1049  2065  3063  5627
 4348    4775   617   928  6572
 4349    6243  6491  6541  6935
 4350    1727  2532  6805  7016
 4351    3691  5505  3688  6597
 4352    5959  3870  6389  6458
 4353    5111  5108  1047  2037
 4354    2075  5282  3610  6291
 4355     950  4041  4040  6397
 4356    1047  1134  2197   263
 4357    5109  2196  1134  1047
 4358    2959  5325  6380  6963
 4359     262  5259  2066  1132
 4360    1628  3463   328  6303
 4361    2364  3263  3262  6794
 4362     220  5112  6274  6837
 4363    6328  1591  6764  6834
 4364     262  2933  5632  5627
 4365    6343  6184  6495  6895
 4366    3946   134  3227  6441
 4367    2933  2932  1504  5627
 4368    6208  6212  6222  6511
 4369    5052  1651  5053  6596
 4370    5109  5247  5108  1047
 4371    1726   126  3832  6445
 4372    3606  5267   664  6230
 4373    2287   873  2288  6861
 4374    1117  2142  6696  6995
 4375    6177  6634  6781  6884
 4376    5996  5993  2306  7007
 4377    1428  4827  3103  6483
 4378    3962   757   368  6820
 4379    3780  3781  6295  7002
 4380    3671  2487  1690  6785
 4381     550  6133  6656  6996
 4382     262  2933  1132  5632
 4383    3524  1652  6451  6596
 4384     617  4759  6478  6872
 4385    2933  2934   262  1132
 4386    7005  2527  3816  7099
 4387    6149  6498  6564  6722
 4388    5662  5663  7044  7105
 4389    5389  2978   477  6558
 4390    5824  1520  6323  6945
 4391    1467  6283  6400  6472
 4392    6205  3712  6435  7031
 4393     915  4749   926  6296
 4394     546  6320  6617  7056
 4395    1117  5566   691  6696
 4396    1043  2461  2462  6300
 4397    3338   586  3337  6619
 4398    3166  3163  5926  6569
 4399     570   571  6737  7068
 4400    6316  6366  6597  6977
 4401     108   664  6778  6855
 4402    3687  6246  6597  6716
 4403    5238  4623  5229  6714
 4404    6779  4239  6997  7113
 4405    2525  3814  1724  7049
 4406    2442  4959   102  6429
 4407    1358  3959  6408  6820
 4408    6822  6625  6929  6978
 4409    6714  6518  6923  7112
 4410     608  4674  6186  6270
 4411    1607   608  6186  6270
 4412    1617  3434  6717  6816
 4413    4150  5217  4148  6206
 4414    1214  2285  4447  6358
 4415     262  2934  5259  1132
 4416    6219  6378  6566  6700
 4417    4326   258  1848  6971
 4418    3422  2423  3426  7082
 4419    1011  3740  2194  6507
 4420    6528  4311  6735  6751
 4421    3062   262  2932  1131
 4422     532  3164  5932  6569
 4423     104  1653  3527  6804
 4424    6349  6243  6449  6491
 4425    5824  1520    73  6323
 4426    3527   648  6490  6980
 4427    3967  3235  6560  6841
 4428    6288  6256  6374  6682
 4429     288   871  1876  7008
 4430    6667  6648  7005  7049
 4431    5304  6367  6896  7097
 4432    5160  1031  6796  7010
 4433    5253   108  6778  6855
 4434    3296  2377    85  6540
 4435    1469  3742   262  5626
 4436    5331  1115  2174   819
 4437    5965  6048  1263  6842
 4438    5542  2495  3711  6435
 4439    2108  2109  6289  7033
 4440     848  1390  2671  6690
 4441    2928  5244   233  6175
 4442    4265  1294  3321  6341
 4443    6024  1256  2317  6987
 4444    4875   199  4876  6832
 4445    6154  6183  6205  6231
 4446    6194  6224  6640  7090
 4447     669  1675   670  6880
 4448    2092  5336  5334  6272
 4449    1500  2870  6275  6297
 4450    2143  2145  1102  6335
 4451      92  2399  6589  6867
 4452    3762  2336  5678  6559
 4453     878  4475   879  6774
 4454    1660  3550  2456  6852
 4455    1915  1940  4743  6259
 4456    4503   406  1887  7089
 4457    6048  4483  6027  6750
 4458     577  4246   822  6645
 4459     659  3567  6502  6796
 4460    3529   105  6679  6828
 4461    6298  6264  6310  6440
 4462    2435  2438  1317  7009
 4463     205  4919  2813  6838
 4464    5225  2740   185  6300
 4465    3615  2189  1126  5278
 4466    3097  2236   431  6457
 4467     400  1392  1391  6951
 4468    6299  6165  6342  6927
 4469    3745  5261  2066   235
 4470      76  5877  3148  6466
 4471    6173  6154  6641  6654
 4472    5261  3745  3616   235
 4473    3744  3616  3615  1126
 4474    2189  3744  3615  1126
 4475     856  1863  1862  6563
 4476    4365  1389   848  6515
 4477     795  4136  2048  7010
 4478    4115  6539  6661  6814
 4479    5453  2130  6685  6831
 4480    3996  3994   770  6979
 4481    2074  2073  5605  5604
 4482    5717  1188  5793  6532
 4483    1012  5097  2035  6507
 4484    5606  2073  2074  5604
 4485    5415  2118  2117  6703
 4486    3459  1626  6582  7103
 4487    2884  5249  1048  6421
 4488    6151  6222  6254  6359
 4489    1333  3704  6205  6350
 4490    3167  4437  5929  6569
 4491    5709   273  6807  7030
 4492    4158   804  4157  6519
 4493    2071  5277  4187  6827
 4494    1836  3318  6311  7011
 4495    6184  6261  6451  6988
 4496    1422  1423  2766  7037
 4497    4264  6802  6904  7012
 4498    3579  5176  5180  6387
 4499    2042  5265  6933  7043
 4500    4148  4149  6206  6535
 4501    4024  1774  1956  6638
 4502     321  3440  3438  6771
 4503    4119  1803  6481  6539
 4504     514  3796  3110  6653
 4505    2506  1712  6693  7094
 4506    2358  3232  2360  6560
 4507    5330   819   237   843
 4508    6413  1190  6543  7109
 4509    5604  2073    65  5599
 4510    4168  4166  6591  6733
 4511    3778  5726  5724  6437
 4512     592   166  6642  6885
 4513    3071   704   503  7013
 4514    6067  3919  2331  6250
 4515    5199  5293  1464  6833
 4516    4655  3962  4656  6206
 4517    6242  6345  6578  6817
 4518    5572   690  3043  6846
 4519    3622  1676  1063  6265
 4520    1774  2584  2585  6638
 4521    4653   916  4652  6324
 4522     916  4654  4652  6324
 4523    1065  3027  5546  2964
 4524    6236  3801  6897  6960
 4525    6225   380  6535  6981
 4526    1593  3364  6411  6448
 4527    4305  1841  6290  6376
 4528    6715    45  6758  6899
 4529    3320   821  2635  6739
 4530    2254  3802  3118  6236
 4531    5731   513  3094  6418
 4532    1241  5973  2300  6757
 4533     506   505  6087  6576
 4534    5722  5723  6292  6295
 4535    6056  2698  6320  6442
 4536    2845  2844   452  6218
 4537    6210  6220  6306  6339
 4538    6189  6167  6489  6914
 4539     505  2342  6087  6576
 4540    5330  1115   819   843
 4541    6180  6228  6642  6885
 4542    6600  3907  2550  3906
 4543    6177  6318  6509  6884
 4544    1318  3483  2438  7065
 4545    6605  1175  6907  6956
 4546    3872   531  5940  7079
 4547    1547  6961  7022  7075
 4548    2041  1660  5135  6852
 4549    1713   266  1140  6874
 4550    6129  2128  6130  6610
 4551    1600  1304   602  6767
 4552    1937  1936  1853  6485
 4553    6351  6318  6733  7057
 4554    4405  4408  6195  6848
 4555    4012  1772  6806  7006
 4556    2895  1053  6797  6933
 4557    1812   574  6540  7115
 4558    1593  3363  3362  6411
 4559    1854  5723  6437  6515
 4560    5128  5085   223  6431
 4561    4205  4206  6520  6830
 4562     517  1180  6907  6956
 4563    6212  6208  6842  6862
 4564     486  5450   516  6831
 4565    4657  3962  2744  6206
 4566    5339  1066  5338  6970
 4567    6036  6039  3896  6989
 4568    6228  6160  6239  6332
 4569    2214  2341  2215  6576
 4570    5848  1726  6304  6445
 4571    6165  6153  6342  6927
 4572    4421  2683  6662  7117
 4573    5353  2970  2966  6552
 4574    3600  1040  1670  6781
 4575    4287  2655  6745  6920
 4576    6176  6319  6355  6622
 4577    2157  5525  1696  6463
 4578     429  4764  2772  6717
 4579    5368  5367  2101  6363
 4580    1067  5340  1068  6978
 4581     745   743  3908  6559
 4582    2932  5250  1504  6274
 4583     661  3578    10  6403
 4584    2019  2852  2018  6264
 4585    4095  1798  2602  6624
 4586    2164  4277  5534  6652
 4587    1592  1299  1298  6615
 4588    4196  4198  4192  6963
 4589    6621  6841  6964  7090
 4590    3394  3396   903  6346
 4591    6221  6207  6595  6878
 4592     532  3164  6569  6628
 4593    5259  5626   235  6232
 4594    6359  3357  6615  6949
 4595    4593  4591  4590  6174
 4596    4567  3391  4566  6604
 4597    4298  4297  2659  6627
 4598    6224  6259  6640  6953
 4599    2254  5782  3801  6236
 4600    5072    50  2028  6499
 4601    3192  3190  6035  6613
 4602    6428  6296  6816  6857
 4603    1809  3287   381  6427
 4604    5603   696  2505  6232
 4605    1446    64  5594  5592
 4606    1008   792  6539  6609
 4607     637   639  6795  6994
 4608    3368  4493  6388  6522
 4609    6291  6423  6575  6827
 4610    6405  1917  6517  6756
 4611    4041  4880  4042  6791
 4612    4308   260  5609  6393
 4613    2983  5415  6703  6801
 4614    1798  4096  2602  6624
 4615    4654  2749  6324  6992
 4616    6604  6167  6607  6767
 4617    2359  2358  6190  6787
 4618    2500  1335  6762  6843
 4619    6288  6510  6729  7018
 4620    2412  3381  1306  6944
 4621    1092  2987  5435  6675
 4622    6196  6374  6397  6573
 4623    2946  5302  5300  6815
 4624    2280  2279  3147  6353
 4625    4000    22  6681  7095
 4626    6200  6204  6564  6748
 4627    6173  6155  6249  6322
 4628    5931  3626  1676  5323
 4629    4002  4000  6601  7095
 4630    6446  2599  6687  7015
 4631    6025   283   285  6728
 4632    6228  6605  6907  6956
 4633    6597  6316  6777  7016
 4634    6182  6214  6423  6575
 4635    6471  6598  6390  7089
 4636     628  1630  1632  6931
 4637    3224  3946  6190  6441
 4638     534  5949  1531  6175
 4639     513  5730  4366  6437
 4640    6233  6420  6567  6861
 4641    2844  2845   211  6464
 4642    3571  1665  6186  6899
 4643    3533  3535   650  6459
 4644    5251   222  6421  6680
 4645    2234  1775  5732  6418
 4646    6156  6151  6568  7083
 4647    4897  3476  6378  7065
 4648    3698  5498   688  6533
 4649     797  1565   147  6918
 4650    1769  2780  3999  7095
 4651    6484  6235  6652  6706
 4652    6073  6070  3888  6419
 4653    1775  4361  5732  6485
 4654    4600  4599  3395  6346
 4655    3838  4843  3462  6720
 4656    3526  2860  6727  6980
 4657    2710  1407    40  6491
 4658    3054  2073  5599  2944
 4659    2769  2770  2767  6414
 4660    2649  2652  2650  6920
 4661    2801   625   325  7024
 4662     164  4387  1860  6747
 4663    6538  6365  6847  7107
 4664    5300  2946  6815  7071
 4665    4101  4100   146  6602
 4666    2065   263  2064  5248
 4667    6495   331  6596  6727
 4668    2837  2840   448  6176
 4669    6518  6577  6632  6634
 4670    2049  5160  2048  7010
 4671    4100  4099  2601  6602
 4672    6806   925  2587  7062
 4673    4157  3300  6519  6918
 4674     829  5471  5472  6461
 4675    4496   172   173  6850
 4676    4589  4588   182  6458
 4677    5035  5036   213  7081
 4678     404  4459  2689  6476
 4679    5531   684  2493  6350
 4680    4150  4149   802  6981
 4681     722  3807  3117  6897
 4682    4693  4694  6349  6491
 4683    1088   156  6802  7012
 4684    4283   392  6267  6800
 4685    6408  2562  6820  7067
 4686    2763  1420   426  6836
 4687    3397  1601   316  6536
 4688    6327   675  6363  6929
 4689     699  3755  5659  6508
 4690    3322  3323  2659  6334
 4691    4039  1779  4038  6975
 4692    3520  5030   997  6732
 4693    6377  6332  6723  6853
 4694     128  3862  1735  6227
 4695    2162  5531  2163  6350
 4696    6210  6180  6266  6340
 4697    1447  2847   452  6218
 4698     602  3386  6449  6767
 4699    2366  3268   303  7018
 4700    2962  2961  6435  6822
 4701    3700  3701   118  6294
 4702    4240  6660  6739  6779
 4703    6882  2998  6974  7084
 4704    3726   349  6492  6940
 4705    3585   230  3589  6921
 4706    5659   699  6508  6793
 4707    4209   576  6926  7047
 4708    6027  6048  6750  6842
 4709     789  4104    26  6386
 4710    4649  6317  6542  7093
 4711    3192    59  6613  6775
 4712    4097   786  4098  6937
 4713    4922   967  2787  6375
 4714     513  5731   847  6485
 4715    6514   147  1807  1375
 4716    6117  1141  6118  6961
 4717    2650  2652  6800  6920
 4718    3850   357  3849  6336
 4719    6475  6531  6611  6996
 4720    4423  2683  6549  6662
 4721     223  2872  6348  6431
 4722     477  1079  1078  6558
 4723    3035  2176  5562  6868
 4724    3260  2366  3259  6954
 4725     998  1794  4085  6440
 4726     613  1619  6296  6816
 4727    5349  1678  4208  6830
 4728    6229  6503  6938  6999
 4729      68  3091  5716  6712
 4730    6235  6161  6267  6800
 4731    3181  5996  1539  7007
 4732    6286  6428  6818  7111
 4733     607  3405  6174  6955
 4734    4551  4550  4547  6349
 4735    2504   694  2505  6269
 4736    6155  6173  6249  6641
 4737    3338  3337  6497  6619
 4738    1345    18  6336  6587
 4739    3691  5504  5502  6597
 4740    1558  4059   560  6592
 4741    4280  4281   581  6983
 4742    6552  6625  6830  7118
 4743    2695   879  6212  6774
 4744    3621  2952   668  7096
 4745    4537  4536  6865  7063
 4746    4065   781  4066  6729
 4747    6418  6281  6437  6504
 4748     234  1020   221  6680
 4749     882  4494   173  6666
 4750    3335  4364  6619  6690
 4751    3959  6300  6408  6820
 4752    6322  6215  6392  6410
 4753    5323  5324  5930  6569
 4754    1016  5100  3535  6459
 4755    5674  5673  3761  6576
 4756    6243  6541  6707  6935
 4757    2177  3725  6433  6492
 4758    1424  4800  1958  6457
 4759    6191  6965  6444  7107
 4760    5929  5937  6569  6628
 4761    3854   730  6420  6425
 4762    6111  4512  6305  6691
 4763    5619  1502  2192  6297
 4764    4808  4810  6375  6635
 4765    6322  6298  6338  6392
 4766     653  5137  5136  6813
 4767    6556  6648  6906  7049
 4768    5476  5478  2135  6579
 4769    6014  6016  6473  6558
 4770    4337   396  6669  7001
 4771    3850  2536   357  6890
 4772    3400   604  6400  6524
 4773    3658   345  6529  6719
 4774    1985  3489  3486  6566
 4775    1261  1262  4521  6891
 4776    2290  3872  5940  7079
 4777    2075  5282  6291  6575
 4778    1591  3354  3353  6834
 4779    3769  2510  6928  7073
 4780    5792   274  1189  6711
 4781    5971  5972  6511  6914
 4782     926  4749  4751  6296
 4783    1420  2763   427  6836
 4784    5975  5970  6952  7008
 4785    6365  6191  6444  6847
 4786    5034  1655  6804  7081
 4787    1966  1514  6582  7103
 4788    3386  6277  6449  6767
 4789    5458  6480  6974  6976
 4790    5386  2979  6152  6941
 4791    1348  1735  6227  6664
 4792    3786  2513  2514  6457
 4793     119  3741   696  6232
 4794      74  3144  1524  6585
 4795    3445   321  6428  6771
 4796    4005  1553  7045  7051
 4797    3602  3594  3601  7097
 4798    5389   477  1078  6558
 4799     387   817  6913  7020
 4800    2886  1024  6602  6925
 4801     392  3327  2395  6267
 4802    6749  6232  6792  6959
 4803    3752  3753   698  7017
 4804    3174  1536  6511  6914
 4805    5622  1009   458  5621
 4806    2867  5058   456  6581
 4807    1608  3411  3410  7036
 4808    4898  2808   959  6378
 4809    4369   699  2210  6508
 4810     273  2228  5709  6807
 4811     886  4509  4508  6691
 4812    5503  3016  3017  6500
 4813    5075  3738  3543  5095
 4814    1510  3080  6576  7001
 4815    5262  1026  5263  6778
 4816    3630   341  2471  6623
 4817     593  2404  1592  6615
 4818    3739  3543  5095  5096
 4819     325     7   324  7024
 4820    2279  5885  6353  6890
 4821     429  1948  6414  6646
 4822    6160  6155  6162  6298
 4823    6288  6170  6510  6911
 4824    6161  6424  6627  6983
 4825    6386  6293  6624  6937
 4826    5620  5622  1009  5623
 4827    4324  3052  6570  6718
 4828    4883  4885   374  6682
 4829     261  2191   217  5618
 4830    3830  5817  6765  7109
 4831    3836  1342  2530  6805
 4832    1709  6554  7017  7094
 4833     217  2871   458  1129
 4834    1545  4331  6237  6474
 4835    6691  3068  6835  6961
 4836    2942  1058  6580  7020
 4837    1072  5360  2099  6525
 4838    4297  1839  4292  6627
 4839    5473  5474  5472  6584
 4840    6272  6331  6913  7020
 4841    2041  2890  6852  6925
 4842    3579  6387  2460  6537
 4843    6240  6452  6543  7030
 4844    6220  6374  6562  6858
 4845    3055  1501  5619  6297
 4846     709  6479  6631  7073
 4847    4465  6465  6615  6949
 4848    5307  4606   233  6175
 4849    4896  2806  6556  6761
 4850    6598  6388  6665  7124
 4851    6490  5034  6804  7081
 4852    3452  3450  1623  6844
 4853    3076  6422  6860  7105
 4854    3779  3783  3099  6504
 4855    6323  5827   524  1521
 4856    2503  1708  6201  6232
 4857    1963  6354  6635  6948
 4858    2990  6521  6620  6709
 4859     617  1944   928  6572
 4860    3793  2246  6527  6956
 4861    6734  1824  6970  7047
 4862    6236  6213  6840  6885
 4863    2598  4080  4079  6608
 4864    2877  2880  2036  6274
 4865    2655  6484  6745  6920
 4866    1412  4637  6553  7093
 4867    5723  1854  1855  6515
 4868    3463   626  6698  6720
 4869    3751  3749  1709  6554
 4870    4047  3258  4048  6794
 4871    6482  6322  6797  6933
 4872     649  1656  3528  6679
 4873    2958  1220  5926  6569
 4874    1729   727  6255  7041
 4875    6903  6582  6909  7103
 4876    5156  1030   226  6596
 4877    2859  2024   454  6502
 4878    2061  5228  3593  6518
 4879    1976  3465   950  6753
 4880    1246  6396  6854  7092
 4881    6210  6180  6455  6603
 4882    1838  2655  6484  6745
 4883    5367  5368  2972  6363
 4884     943  2789  6399  6839
 4885    6156  6151  6174  6367
 4886    5195  4171  6849  6922
 4887    6369  6306  6848  7025
 4888    3236  3975  6621  6964
 4889    2382   576  4217  6926
 4890       7  2433  6303  7024
 4891    5395  5526   679  6678
 4892    6243  6396  6449  6491
 4893    1508  2206   268  6571
 4894    3855  5913  6501  6704
 4895    3717  2496   690  6382
 4896    2905    51  6683  6899
 4897    3417  3415  6686  6756
 4898    2154  1081  6252  6294
 4899    6766  6345  6809  7110
 4900     854  4383  6807  6853
 4901    6213  6180  6311  6335
 4902    4203  2628  2378  6371
 4903    6191  6215  6269  6365
 4904    3220  1547  7022  7075
 4905      60  2985  2119  6802
 4906    3165  5937  4440  6628
 4907    3356  4449    95  6936
 4908    6813  5135  6852  6925
 4909    1577   307  6309  6772
 4910    6728  5919  6808  6861
 4911    2398  4345  4343  6282
 4912    3944  4594  6174  6629
 4913    5043  4964  6168  6683
 4914    3357  4467  6615  6949
 4915    6274  6201  6421  6843
 4916    3912   745  3908  6576
 4917    6251  2279  6353  6890
 4918    1579    90  3328  6745
 4919    2394    90  3329  6879
 4920    6577  6172  6629  7021
 4921    6157  6176  6382  6869
 4922    1383    30   388  6754
 4923     872  4470  4471  7008
 4924    1407   409    40  6491
 4925    1032  3565  1033  6502
 4926     236  5148  5147  7119
 4927    4501   406  4502  6471
 4928    5117  3548   652  6348
 4929    6352  6263  6984  7101
 4930    3324  3325  6267  6334
 4931    6456  6438  6618  6987
 4932    3321  4265  6341  6998
 4933    1882  5921  6026  6826
 4934    2072  2073    65  6749
 4935    4552   610  3392  6851
 4936    4763  1945  6574  6717
 4937    2400    92  1297  6589
 4938    2443   637  6795  6994
 4939    1764  6357  6640  6964
 4940    1260  2325  6891  6989
 4941    6221  6189  6600  6898
 4942    6067  3919  6250  6946
 4943    2669  4365  6437  6515
 4944      24  4062   374  6729
 4945    1596  1301  6388  6665
 4946    6636  4071  6682  6729
 4947    6110  1750  6845  7022
 4948      49  1450  2865  6308
 4949    1188  5717  5716  6712
 4950     736  5979  1738  6856
 4951    5413  5412  2115  6801
 4952    1815  4175   148  6578
 4953    3547  1017  1018  6459
 4954    2214  3909  3911  6576
 4955    1441  6375  2816  6838
 4956    5001  6496  6561  7015
 4957    4055  4053  1788  6671
 4958    2332  6075  6886  7007
 4959    6338  6540  6918  7068
 4960    4347  4336  5651  6878
 4961    1419  2757   424  7070
 4962     531  3164  3165  6265
 4963    1803  4119  5067  6539
 4964    4155  3294  6223  6790
 4965    6559   745  3909  6576
 4966    2613  2611   799  6225
 4967    5790  3092  5713  6712
 4968    6169  6422  6505  6723
 4969    3678  6266  6285  6335
 4970    5583  5581  2183  6467
 4971    3623  3861  6227  6265
 4972    1431  2269  2267  1206
 4973     660  6186  3571  3573
 4974    6593  6912  7040  7090
 4975    6358  6688  6713  7121
 4976     784  4073  4074  6721
 4977    1162   714  6938  6947
 4978    1431   438  4859  6195
 4979    5949  1062  1531  6175
 4980       6  3376  1302  6665
 4981    5563  6462  3034  3033
 4982    3655   116  2479  6719
 4983    1102  2143  6335  6893
 4984    6548  6371  6688  6726
 4985    4206  1822  4205  6520
 4986    6182  6718  6735  6738
 4987    6195  6268  6573  6753
 4988    2002  5039   214  6495
 4989    4165  4156  6591  6921
 4990    5620  5619  2192  6297
 4991    3217  1547  6961  7022
 4992    6345  6193  6578  6766
 4993    5477  2135  6579  6900
 4994     326   628  1632  6931
 4995     871  5977   870  7023
 4996    6019  1254  2286  6618
 4997    2819  1994   444  6313
 4998    4184  4183  2624  6746
 4999    6239  6240  6413  6589
 5000     768  1766  6705  6943
 5001    4117  1561   563  6661
 5002    2987  3665  5432  6521
 5003     332  2449  1320  6727
 5004    1948  2770   429  6414
 5005    6688  6233  6713  6726
 5006     470  5256  2931  6959
 5007     639  6795  6994  7100
 5008    5249   220  6274  6837
 5009    3608  2464   109  6291
 5010    1208  2149  1108  6777
 5011    3019   491  6164  6811
 5012    4115  1803  6539  6814
 5013    5974  2300  6757  7034
 5014    6177  6174  6367  6577
 5015    6232  6201  6269  6959
 5016    4523   891  4515  7019
 5017    1764  4630  1763  6640
 5018    1993  2818  4936  6302
 5019     991  2445  3514  6994
 5020    5250  5249   220  6274
 5021    2609  1806   795  6988
 5022    4643  4645    44  6517
 5023    1584  3338  4373  6383
 5024    3678  3679  6266  6335
 5025    3159  1216  5911  6438
 5026    6598  6305  6845  6942
 5027    1720  1719  2518  6999
 5028    4146  1039  2610  6535
 5029    2080  5209  5208  6588
 5030    1346   129   735  6568
 5031    5490  4434   823  6544
 5032    2175  1065  3025  3026
 5033    3972  3973  2566  6841
 5034    5041  2859   454  6502
 5035    1001  2020  2052  6683
 5036    6242  6506  6746  6817
 5037    5117   652  3547  6348
 5038    3554  5117  5118  6158
 5039    3234   762  3236  6621
 5040    2416  2417  6449  6854
 5041    6405  4745  7037  7086
 5042    3493  4944  6748  6818
 5043      26  1371  1799  6624
 5044      64  3046  5014  5593
 5045    2413  1303  2414  6944
 5046    5179  1808  4143  6788
 5047    2014  3516  5591  1121
 5048    6302  2818  6313  7077
 5049    4961  2830  6414  6646
 5050     372  4049  6375  6601
 5051    6516  4055  6643  6671
 5052    3518  1000   214  6495
 5053    3363  3364   874  6411
 5054    6235  6641  6800  6812
 5055    3068  2205  6691  6835
 5056    6205  6350  6364  6547
 5057    1633   326  6262  7053
 5058    2732   414   415  6458
 5059    4108  3279  6410  6614
 5060    6447  4063  6592  6682
 5061    2647  5475  3003  6584
 5062    2014  5008  1121   990
 5063    6179  6165  6367  6623
 5064    5508   279  2150  1108
 5065    3712  2494  6205  6547
 5066    6277  6486  6944  6990
 5067    6293  6197  6386  6624
 5068     716  2515  6909  7032
 5069    1883  1265  4488  6320
 5070    5676  1150  2216  6368
 5071    4989  3721  3516  3720
 5072    5008  1121   990  1122
 5073    4339  5676  4337  6368
 5074    5524  2158  2157  6463
 5075    1654   104  1655  6804
 5076    4254  4249  6630  6786
 5077    4248   153  2642  6786
 5078    1256  6029  2321  6972
 5079    1628  2433   325  7024
 5080    5639  5636  6656  6769
 5081    3188  6876  6972  7108
 5082    2014  5008   210  1121
 5083    5009  2846    64  5014
 5084     165  4393  3352  7080
 5085     210  5589  1121  1122
 5086    2819  3494  1994  6384
 5087    2016  2187  5596  5019
 5088     988  5001   451  7015
 5089    2013  2014   210  1121
 5090    2696  4479   879  6212
 5091    1477   245  6435  6463
 5092    4714   423  2756  6651
 5093    5020  5616  4303  2187
 5094    2847  1446    64  5014
 5095    3046  2846  5590    64
 5096    5137  4141  4140  6918
 5097    5739  1164   716  7032
 5098    1902  1901  6702  6742
 5099    2187  2016  5595  5594
 5100    1197   167  2261  6544
 5101    5769  1178  1179  6799
 5102    3421  1932  1611  6443
 5103      27  1799  4098  6624
 5104    6429  3438  6771  6816
 5105     442  4833  1969  6839
 5106     244  2093  4223  6970
 5107    2870  1452  6275  6297
 5108    2016  5015  5595  5594
 5109    5705   427   428  6836
 5110    6571  5653  6763  6835
 5111    6699  6362  6793  7013
 5112    4984  4983  6319  6467
 5113    4450  5905  3365  6425
 5114    3280   565  6908  7027
 5115    6161  6290  6409  6444
 5116    5008  5009   210  1122
 5117    4840  4841   436  6585
 5118    1607  2420   608  6270
 5119    2016    64  5593  5594
 5120    5752  3112  3108  6831
 5121     498  3048  6218  7052
 5122    2016  2187  5595  5596
 5123    2600  4088  6687  7015
 5124    1025  5134  5136  6925
 5125    2675  1863  6747  6967
 5126    4228   176   820  6565
 5127    5660  4369  2210  6505
 5128    6229  6460  6638  6902
 5129     766  4742   136  6352
 5130    2815   967  1440  6375
 5131    2229  2228  5788  6807
 5132     278  1205  6304  7025
 5133    4934  4930  6302  6694
 5134    1807  4138  1025  6514
 5135    6505   852  6924  7044
 5136    5112  2036  6274  5105
 5137    6452  6670  6807  7030
 5138     737  3890   132  6379
 5139     758  1359  6470  6542
 5140    3487  3484  1636  7009
 5141    3171  3877   538  6914
 5142    3952  3950  6742  6789
 5143      22  2576  2578  6681
 5144    6775  6147  6529  7066
 5145    1930  4551  4548  6349
 5146    2016    64  5014  5593
 5147    4137  4136   795  7010
 5148    6209  6198  6432  7042
 5149    6594  6680  6855  6959
 5150    5579   496  3038  6319
 5151    5973  6059  1242  7039
 5152    3046  5009  2846    64
 5153    3271  3272  6773  6937
 5154    6412  2523  6897  7084
 5155    2492  3695  1691  6977
 5156    4520  2707  6551  7026
 5157    6160  6209  6641  7042
 5158      94  1877  1593  6448
 5159    4152  1811  4153  6223
 5160    3940  6692  6755  6859
 5161     300  1285  6768  6915
 5162    1884  4492   171  6522
 5163     714  3088  3089  6401
 5164    1020  3561  3559  6784
 5165    6147  6613  6731  6989
 5166    1395  1394    35  6848
 5167    5277  2071  5275  6827
 5168    1560  1288  6730  7027
 5169    2886  1024  5132  6602
 5170       5  1299  3355  6411
 5171    3166  3167   532  6569
 5172     548    78  3207  6595
 5173     262  1469  5259  2934
 5174    6156  6271  6472  6896
 5175     346  2489  3670  6675
 5176    5588  2013   210  1121
 5177    2778  4789  1443  6644
 5178    4113  1372  1373  6481
 5179    2205  6691  1145  6113
 5180    4467  3358  4466  6949
 5181    5273  5270  6746  6932
 5182     149  4189  5318  6713
 5183    5501  5500  5504  6597
 5184    5994  5995  2544  7092
 5185    5868  2792  5869  1973
 5186    6724  3426  6725  7006
 5187     343   474  3640  6327
 5188    6673  6168  6715  6899
 5189    3746  6127   264  6916
 5190    4180   808  4181  6417
 5191    6273  6503  6711  6938
 5192     984  2838   436  6585
 5193    5552  5540  2168  6528
 5194     380  1810  6535  6981
 5195    5263   108  5264  6778
 5196    6169  6332  6362  6422
 5197    2345  3211  6101  7038
 5198    6590  6209  6665  6850
 5199    6245   415  6458  6881
 5200    5521  2156  6252  6941
 5201    1596  3368  3369  6388
 5202    3100  3783  6457  6504
 5203    6192  6213  6888  6893
 5204    6231  6649  6654  6973
 5205    6182  6199  6331  7102
 5206    4364   585  6545  7059
 5207    4680  2767  6683  6715
 5208    2620   383  1817  6417
 5209    3716  3714  6382  6533
 5210    1995   972  6315  6498
 5211    1624   618  3447  6697
 5212    4012  6806  6905  7006
 5213    3226  3958  3223  6787
 5214     470  1468  6201  6959
 5215    1603  4653  1918  6798
 5216    2909  4144  6361  6788
 5217     572  4166  5202  6591
 5218    3175  6052  3194  7056
 5219    6577  6271  6923  7112
 5220    1710  6571  6763  7013
 5221    4156   572  4165  6591
 5222    5569  1119   257  6462
 5223    6273  6295  6401  7002
 5224    5896  3847  3849  6166
 5225     422  2754  6479  7029
 5226    6582  6344  6903  6950
 5227    3069  1508   268  6571
 5228    6205  6734  6822  6970
 5229    5241  1046  1466  6400
 5230    6198  6216  6388  6390
 5231    6213  6192  6335  6893
 5232    3446  1620  6857  6872
 5233    3733  2190  6538  6847
 5234    6421  5252  6680  6959
 5235    4215  4210  4212  6575
 5236    4164  4168  4163  6591
 5237     334  3531  2455  6450
 5238    6373  6763  7013  7094
 5239    2332  6075  1267  6886
 5240    6016  2316  3898  6558
 5241    2281  2282  3847  6525
 5242    6195  4408  6347  6848
 5243    4872   952  4873  6858
 5244    1536  1239  3172  6914
 5245    6197  6514  6813  6925
 5246    4730  4729  6512  6836
 5247    2626  1820  6688  6726
 5248    1182    61  1098  6882
 5249    4617  6577  6632  7112
 5250    2236  2235   271  6457
 5251    2716   896  6486  6990
 5252    6221  6237  6469  7001
 5253    3194  3195  6617  7056
 5254     201   277   957  6761
 5255    3105  3101  6950  7103
 5256    1444   450    48  6561
 5257     207   973  6643  6671
 5258    3864  5950  6185  6346
 5259    5610  3733  6538  6847
 5260    5257  6792  6855  6959
 5261    6429  6287  6717  6816
 5262    6229  6344  6503  6648
 5263     496  3036  3037  6500
 5264    4195  2378  6371  6668
 5265    1648  1322  6343  6895
 5266    5556  4319  6331  6580
 5267    3631  6299  6453  7087
 5268    5787   273  5709  7030
 5269    3031  6462  6864  6968
 5270    6569  6873  7046  6163
 5271    5522  3705  1693  7031
 5272    4835  4836  2274   983
 5273    3391  6604  6767  6851
 5274    1025  4140  6514  6925
 5275    2273  3838  1973  5866
 5276    6583  6641  6654  6706
 5277    3062  3057  1130  6201
 5278    4933  1993  4069  6694
 5279    4033  3489  6566  6701
 5280    2237  5739   716  7032
 5281    3510   642  3512  6994
 5282    6202  6273  6281  6938
 5283    3657  5394  6289  6889
 5284    5726  4366  1854  6437
 5285    5823  5824  6761  6945
 5286    1611  4704  4707  6443
 5287    6723  6505  6924  7044
 5288    6167  6277  6486  6944
 5289    1243  3176  6782  6856
 5290    6164  5345  6463  6822
 5291    1531  5945  3169  6175
 5292    5976  5975   288  7008
 5293    1501  1502  5619  6297
 5294    2634  4233  1091  6739
 5295    6212   537  6511  6862
 5296    6149  6184  6260  6659
 5297    6457  6229  6504  6999
 5298    3243   773  2579  7051
 5299    6252  1081  6289  6294
 5300     772  6375  6601  6681
 5301    4088  4087  6687  7015
 5302    1467  2928  1466  6400
 5303    2124  2125  5534  6663
 5304    2153  5521  6252  7033
 5305    2685  2686  6740  6888
 5306    4352   699  4369  6508
 5307    5613   837  1128  6376
 5308    1803  4118   377  6481
 5309    2300  3882  6757  7034
 5310    3411  4662  2749  7036
 5311    6196  6753  6791  6931
 5312    5225  2740  6300  6518
 5313     404  4461  4459  6476
 5314    4978  2839  4979  6917
 5315    4689  1513  6631  6865
 5316     117  6266  6335  6892
 5317    5187  2910  6361  7036
 5318     146  2603  6197  6602
 5319    3608  3605  6230  6930
 5320    6083   743   745  6559
 5321     216   455  2863  6451
 5322    5472  5475  6461  6584
 5323    2327  1263  6842  6862
 5324    6713  3633  6927  7087
 5325    3119  2254  6236  6840
 5326    5021  4998  6608  6636
 5327    4800  1424    46  6457
 5328    3094    69  6418  6504
 5329    5839  5837  5840  6445
 5330     586  3336  3335  6619
 5331    3293  3295  1563  6790
 5332    3110   514  6653  6685
 5333    5533   493  2165  6181
 5334    3519  1000  1648  6495
 5335    3018  6152  6363  6941
 5336    4730  1616  4728  6512
 5337    3565  1662   657  6502
 5338    5502  5500  6316  6597
 5339    4318  4317   839  6751
 5340    2494  1333  6205  6547
 5341    2853  2851  2854  6684
 5342    3644    11   675  6327
 5343    4259  4258  6754  6893
 5344    2008  5578  2181  6622
 5345     755   754  3958  7021
 5346    2948  2951  1472  6283
 5347    5491  1198   488  5492
 5348    2054    52  2907  6361
 5349    3819  2257  3818  6556
 5350    2295   734  5953  6346
 5351    3354  1591  3355  6834
 5352    2345  6100  3210  7038
 5353    4499  1886  6946  7089
 5354    4504  3208   885  6595
 5355     385    28   384  6688
 5356    1586  3340   588  6924
 5357     136  3984   137  6352
 5358    2186   994  1446  6218
 5359    5844   356  2533  6716
 5360    2273  5868  5869  1973
 5361     211  5010   642  6994
 5362    4476   405  5920  6567
 5363    5603  5602  1497  6570
 5364    6686  1604  6798  6992
 5365    3322   581  1573  6334
 5366    4113  1801  6674  6695
 5367    3222   551  1135  2352
 5368     851   852  4372  7044
 5369    3016  5503  5509  6500
 5370    1793  5021  4998  6608
 5371    4081  2600  2598  7015
 5372    3976  3977  4636  7040
 5373    4434  1103  5832  2146
 5374    1445   451  1444  6561
 5375      41  4570  2721  6607
 5376    6953  6912  6964  7090
 5377     611  3425  3424  7029
 5378    1557  3267  2367  6743
 5379    5832  2146   488  6544
 5380    6394   632  6677  7009
 5381    5776   592  6642  6885
 5382    1863  2677  6513  6967
 5383    6340  3693  6426  6995
 5384    4434  1103  2146  5490
 5385    2599  2600  6687  7015
 5386    5494   525  1199  3137
 5387     528  3014  3144  3142
 5388    6633  1423  4748  7037
 5389    5832  5833  1198   488
 5390    4156  3585  5213  6991
 5391    6549  6736  6740  6888
 5392    6372  6280  6794  7054
 5393    1202  1200  5845  1105
 5394    1373  1372   377  6481
 5395    1584  1583  3338  6619
 5396    6241  6194  6555  7028
 5397    1104  5497  5842  1200
 5398     882  2701  6666  6850
 5399    1200  1104  5845  1105
 5400    6366  6316  6597  7016
 5401    1026  3561  5263  6778
 5402    1104   525  5494  5495
 5403    1454  5080  5079  6348
 5404    6688  4193  6726  7121
 5405    6494  4159  6519  6540
 5406    6434  4015  6806  6905
 5407    2059  2917   185  6300
 5408    6327  6152  6363  6466
 5409    3702  5527  6350  6678
 5410    2485   346  6611  6675
 5411    3239  3238  6572  6962
 5412    6491  6541  6935  7063
 5413    6509  6187  6523  6981
 5414    4445   403  6936  7004
 5415    4839   945  4836  2274
 5416    3014  3144  3142  6622
 5417     493  3022  5535  6181
 5418    5349  1068  1679  6978
 5419    6069   881  4499  6946
 5420     561  1780  6391  6743
 5421     814  5354  6166  6688
 5422    4697  1930  3424  7029
 5423    5635  5752  5637  6656
 5424    6702  4563  6782  7076
 5425    2235  3785   271  6457
 5426    3660  1683  6678  6973
 5427    3647  5346  1073  6463
 5428    2344  6098  6565  6620
 5429    3659  1087  3655  6973
 5430    6233  6153  6432  6567
 5431    5296  3617  5305  6880
 5432    6374  6391  6447  6791
 5433    4115  4114  2605  6814
 5434    5827  6323   524  7064
 5435    3708  1694  1695  6364
 5436    5675  6368  6576  7001
 5437    4877  4876  6562  6910
 5438    6269  2502  6538  6843
 5439    1465  1463  6733  6833
 5440    2819  1994  6313  6384
 5441    2546   364    20  6385
 5442    2028    50  1452  6297
 5443    6346  6389  6458  6536
 5444    3729  3727  6492  7052
 5445    4461   870  1873  7023
 5446    3335   845  4364  6690
 5447    4305   394  2657  6393
 5448    6200  6149  6310  6498
 5449    3130    72  3128  6906
 5450    3867  3393  5952  6346
 5451    3726  1702  3727  6492
 5452    4931  5023  6264  6721
 5453    3164  3165  6265  6628
 5454    4613  3402  1602  6714
 5455     839  4318  6751  7102
 5456    3804  3806  6412  7084
 5457    6224  6162  6257  6405
 5458    3485  3488   204  6677
 5459    2075  3611  1057  6291
 5460    2131  3000  5459  6550
 5461     595  1885  6637  6850
 5462     257  3033  3034  6462
 5463    6248  6150  6379  6473
 5464    2536  5886  3856  6890
 5465    6162  6200  6298  6310
 5466    1540  6012  6473  6558
 5467    3309   666  6423  6827
 5468    4189  1819   673  7087
 5469    4291  5584  3731  6433
 5470    6193  6417  6578  7098
 5471    1486  1488   488  6544
 5472    5725  1717  5724  6295
 5473    5038  3517  5039  6495
 5474    2393  3329  4320  6879
 5475    3019  6164  6463  7031
 5476     164  1860  5767  6799
 5477    3056  3735  2192  6499
 5478    5938  5939  1222  6628
 5479    6769  6314  6874  7061
 5480    5876  5875  5873   983
 5481    6334  2659  6627  6965
 5482    1376  4138  1375  6514
 5483     998  4084  4083  6534
 5484    1362  2567  2565  6964
 5485    2982   480  6613  7066
 5486    6197  6261  6293  6813
 5487     971   329  4939  6748
 5488    3403   604  1307  6524
 5489    1583  1584  4376  6383
 5490    4964   980  6414  6683
 5491    6600  3916  6898  6934
 5492    5229  4623  3593  6714
 5493    4121  4123  2606  6674
 5494    3688  5506  1201  3842
 5495     525  1104  5494  5496
 5496     295  3917  2337  6898
 5497    1719    16  2516  6999
 5498    1106  2266  3687  3688
 5499    5458  6480  6685  6785
 5500    3890  3891   132  6379
 5501    3773  1150  5677  6368
 5502    2354   553  6593  6621
 5503    6241  6194  6357  7090
 5504    4950  1639  2001  6429
 5505    5467  1515  6333  6840
 5506    1408   898  3177  6782
 5507    4855  2801   325  7024
 5508    3145  1109   528  3013
 5509    3844  3686  2149  1201
 5510    4352  4369  6505  6508
 5511    3686  1106  3688  1201
 5512    1262  4521  6891  7026
 5513    4633  2743  3982  6953
 5514    6545  1156  7055  7059
 5515    3598  1328  6634  6781
 5516    5580  5578  2008   983
 5517     945  4839  5872  2274
 5518    1106  3686  3844  1201
 5519     945  4839  2794  5872
 5520    6305  6216  6390  6598
 5521    5508   279  1108  3011
 5522    1662   657  6168  6673
 5523     279  5861  2150  1108
 5524    3145   279  5508  3011
 5525    4878  4879  6791  6858
 5526    5876  5873  5874   983
 5527    6278  6412  6527  6897
 5528    6379  6150  6385  6618
 5529    1446  2016    64  5014
 5530    5511   528  3144  5870
 5531    6196  6347  6753  7024
 5532    3041   497  5581  6319
 5533    6228  6430  6455  6642
 5534    3251  1284  6203  6768
 5535     528  5511  3144  5510
 5536    2151  1110   983  5577
 5537     180  4582  6755  6859
 5538    2014  5591  5006  1121
 5539    6033  6032  5400  6775
 5540     108  1671  3607  6855
 5541    2181  2008  4971   985
 5542     482  5529  5419  6821
 5543    6166  6336  6356  6548
 5544    5002   988   451  7015
 5545    6337  2754  6349  7029
 5546    4972  2181  4971   985
 5547    5663  4371  5662  7044
 5548    2151  5870  1524  5871
 5549    5511  2151  5870  1524
 5550    5873  5512  5874  1110
 5551    4970  5876  1110   983
 5552    2151  5511  5510  1524
 5553    4836  1524  2274   983
 5554    1110  5578   983  5577
 5555    3156  5901  6226  6356
 5556    1524  5873  2274   983
 5557    5578  2008   983  5577
 5558     983  2008  4837  5577
 5559    1217  5911  6438  6618
 5560    2117  3656  6703  6997
 5561     799  4145  6225  6788
 5562    1189  5794  6711  7003
 5563    2286  1217  5908  6618
 5564    6147  6779  6997  7113
 5565    3014   528  5510  3013
 5566     528  5511  5510  3013
 5567    4972   985  5582  3039
 5568    5583  3720  1120   208
 5569    2016  5014  5015  5593
 5570    5907  5908  6587  6618
 5571     331   332  1320  6727
 5572    1524   983  4837  5577
 5573    6401  1162  6938  6947
 5574     240  2085  2084  6896
 5575    4297   581  6334  6983
 5576    1344  3849  6336  6356
 5577    4479  2695   879  6212
 5578    2403  2677   857  6967
 5579    4007  2784   370  6635
 5580    3106  2242  6531  6685
 5581    2175  1827  3025  5332
 5582     168  2691  4454  6465
 5583    3516  3721  5591  3720
 5584    4985  4981  2182  4984
 5585     854  4383  5710  6807
 5586    4882   200  6447  6682
 5587    6191  6161  6215  6444
 5588    5583  1120  2182   208
 5589    3157  3859  6438  6704
 5590      87  1818  4188  6506
 5591     853  4381  6883  6951
 5592    6299  3630  6453  6623
 5593    4981  4982  3040  2182
 5594    3516  5591  3722  3720
 5595    2963    57  2092  6435
 5596    4972  5582  4981  3039
 5597      44  1412  1413  6517
 5598    6455  6647  6967  7080
 5599    6415  6337  6606  7122
 5600     318  3415  6557  6992
 5601    3189   544  2317  6972
 5602    4981  4982  2182  4984
 5603    5752  5635  2994  6656
 5604    3253  3254  6905  6943
 5605    3966   759  6542  7067
 5606    6452  5790  6712  7058
 5607    6360  6354  6697  6948
 5608    5937  5929   866  6628
 5609     251  2997  6974  6976
 5610    6386  6348  6431  6852
 5611    6254  6171  6258  6359
 5612    2705  2706   407  6551
 5613    6307  1441  6372  6677
 5614    4304  1840  5613  6376
 5615    2430  3457  1315  6399
 5616    6147  6613  6891  7113
 5617    5928  4437  3167  6569
 5618    6461  5558  6586  6663
 5619    6162  6160  6170  6256
 5620    2569  3973   763  7035
 5621    5488  3009   348  6285
 5622    5963  5964   413  6755
 5623     430  2783  1424  6460
 5624      46  2782  6457  6460
 5625    3480  2436  6394  7009
 5626    6202  6229  6503  6938
 5627    6328  1222  6628  6764
 5628    2446  2447  6244  6994
 5629    3052  1498  1497  6570
 5630    2521  2519  6897  6960
 5631    2497  2499  6398  6940
 5632    6304  5848  6445  7025
 5633    5910  5912  3159  6456
 5634    6207  6221  6237  6878
 5635    6188  6202  6281  6468
 5636     336   656  1661  6784
 5637    6215  6365  6444  6609
 5638    6107  1090  3661  6521
 5639    1903  4570    41  6607
 5640    1720  2518  6947  6999
 5641    1958  4801  6457  6460
 5642    4930   206  6302  6721
 5643       3   586  3332  6497
 5644    3569  6673  6537  6899
 5645    4838  3143  2794  2792
 5646    3339  2398  6924  7014
 5647     135  3947  6441  6881
 5648    4867   950  6397  6753
 5649    5902   729  1732  6356
 5650    4057  4042  4881  6447
 5651    4046  2592   372  6372
 5652    2145  2144  1102  6335
 5653    2628  4195  6371  6726
 5654    1587  6413  6563  6650
 5655    4405  4404   401  6848
 5656    3848  5897  6166  6356
 5657    3143  5868  2792  5869
 5658    6444  6481  6674  6695
 5659    1865  6413  6650  6848
 5660    6468  6434  6806  6905
 5661    5276  2071  6746  6827
 5662    2347  1090  6107  6521
 5663    4497  4496  2322  6637
 5664    3143   945  4838  2794
 5665    6265  5931  6569  3626
 5666    6166  3156  6226  6356
 5667    2982  6613  6775  7066
 5668    1676  3623  1063  6265
 5669    6856  1738  6952  7008
 5670    1109  2151  5512  5871
 5671    5875  4835  2274   983
 5672    3143   945  2794  5872
 5673    2151  5512  5871  1110
 5674    4842  2273  1973  5866
 5675    6583  6488  6649  7042
 5676    5897  3156  6166  6356
 5677    3838  4843  5866  3461
 5678    2685  2686   167  6740
 5679    3977   552  1760  7040
 5680    5859  5857   197   526
 5681    5512  5873  5871  1110
 5682     623  2271  3461  3837
 5683    3662  2484   680  6611
 5684     908  1910  6629  6955
 5685    2601  6197  6602  6624
 5686    2366  2365   302  7018
 5687    4940  5029  1649  6895
 5688    6182  6191  6738  6879
 5689    3626  5931  1676  6265
 5690    1459  5146  2893  6770
 5691    5273  2070  6932  6993
 5692    5395  1685  1684  6289
 5693    4853  4852  5859   946
 5694    3461   623  3837  3462
 5695    1975  4857  2800  1206
 5696    1278  4512  4511  6305
 5697    1117  5565  2141  6995
 5698    6414   429  6646  6717
 5699    3838  4843  1973  5866
 5700    4578   922  6640  7028
 5701    6211  6244  6869  6994
 5702     623  2271  4851  3461
 5703    4852   623  2271  4851
 5704    4759   616  6478  6872
 5705    1615  3430  6512  7029
 5706    4439  6163  6358  6873
 5707    4853  4852   623  5859
 5708    1651  5046  1652  6596
 5709    4904  2811  6483  6839
 5710    6264  6256  6302  6721
 5711    4073   784  6694  6721
 5712    4132  4133  1025  6925
 5713    3161  5917   285  6808
 5714    1039  4146   800  6535
 5715    3838  4843  3461  3462
 5716    3258  2364  6794  6819
 5717    4930  6302  6694  6721
 5718    5692  1716  6606  6928
 5719    3593  1668  6714  6923
 5720     792  5068  3528  6609
 5721    4886   785  1791  6636
 5722    1990  5022  4929  6721
 5723     946  5859  1974  5858
 5724    3291  3290  1806  7068
 5725    1691  3698  1692  6533
 5726    6021  3161  3160  6808
 5727    2742  3956   910  6300
 5728    6276  6159  6330  6381
 5729    3386  1305  6277  6767
 5730    3945  3224  3944  6441
 5731    1301  3372  6598  6942
 5732    4882  6447  6562  6682
 5733     152  3313   151  6645
 5734    1030  5156  3566  6596
 5735     675  3644  6327  6363
 5736     561  6391  6592  6743
 5737    2872   460  6348  6431
 5738    2963  2171  2170  6435
 5739    6891  6147  6969  6989
 5740    4118  1373  6481  6814
 5741    6611  2996  6656  6831
 5742    6205  6154  6329  6734
 5743    6389  6151  6458  6536
 5744     788  4105   790  6614
 5745     200  4063  6447  6682
 5746    4591  4590  6174  6458
 5747    2507   354  6541  6707
 5748     272  5801  6950  7032
 5749    6289  6150  6649  6719
 5750    3061  2064  1504   263
 5751     349  3726  3727  6940
 5752    3598  1040  6781  6884
 5753    2707  2708   408  7026
 5754    4914   142  4915  6819
 5755    6180  6228  6455  6642
 5756    6769  6874  7017  7061
 5757    6302  6200  6313  6708
 5758    1631  4878  6791  6931
 5759    6730  1560  6773  6937
 5760    2171  6435  2092  5543
 5761    6863  6606  6928  7059
 5762    6155  6160  6162  6256
 5763    5851  3834   727  6304
 5764    6160  6162  6194  7090
 5765    5939  5938   865  6628
 5766    2916  1042  5215  6523
 5767    1371  2601  2602  6624
 5768    5274  5275  6827  6930
 5769    2347  1090  6521  6620
 5770    2027   457  3530  6539
 5771    6168   454  6502  6657
 5772    1821  6371  6548  6726
 5773    4451  6568  6764  6834
 5774    6284  6521  6620  7038
 5775      18  3858  6336  6587
 5776    4909  6394  6399  6839
 5777    5524  2157   491  6463
 5778    1586  3343  6454  6924
 5779    4944  1997   634  6643
 5780    4487  4485  6666  6826
 5781    2754   422  4698  7029
 5782     782  4066  6510  7018
 5783    6304  6255  6306  6445
 5784    5030   996   997  6732
 5785    4367  1855   848  6515
 5786    4519  1893  6639  7026
 5787    6185  6156  6664  7083
 5788    2267  1431  1206  4859
 5789    6336  6548  6552  6830
 5790    4924   966  6372  6375
 5791    1390  2668  6690  7116
 5792    6354   620  6399  6844
 5793    1877  1878  1593  6448
 5794    4035  4034   777  6954
 5795    2827  2001  6771  6818
 5796    4062  4061  6592  6729
 5797    4877   953  4991  6832
 5798     608  4670  2750  6758
 5799     463  5128  5129  6431
 5800    1736  3398  6346  6458
 5801    2795  6698  6720  7041
 5802    2289  2960   863  6163
 5803    2545  2544    19  7092
 5804    1046  2925  1466  6400
 5805    6456  6021  6808  6972
 5806    6324  6225  6535  6798
 5807    5830  1196  4887  4888
 5808    1807  1025  4140  6514
 5809    6235  6652  6812  6920
 5810     869  4451  1229  6764
 5811     694   695  6269  7072
 5812    4406  5855  1196   947
 5813     820   150  6565  7069
 5814    4392  1862  6513  6563
 5815    4893  3133  4892    73
 5816    3983  4578  6640  7028
 5817    1477  5342   245  6463
 5818    1196  5830  4887  5829
 5819    4485  4494   882  6666
 5820    1975  2800  4858  1206
 5821    6325  6402  6856  7023
 5822    4027  5830  1521  4888
 5823    1553  6768  7045  7051
 5824    4854  4853  5857   197
 5825    4029  4031  6566  6759
 5826    5883  5363  6253  6525
 5827     966  6307  6372  6375
 5828    5181  2906  1037  6387
 5829    1936  2761  4739  6485
 5830    4853  5859  5857   197
 5831    1975  5854  4861  4860
 5832    3133   277  4892  4891
 5833    2356  2355  2359  6787
 5834    5859   197  5858   526
 5835    4656  4657  2745  6324
 5836     206  4931  6302  6721
 5837     969   975   771  7078
 5838    1453   223  2872  6348
 5839    5856   946  4856  2799
 5840    2835  2832  2830  6414
 5841    2415   314  2414  6767
 5842    5859  4853   946  1974
 5843    1388    32  1850  6669
 5844    1206  5856  4856  2799
 5845    6170  6160  6239  6256
 5846    2907  5185  6270  6361
 5847     946  5856  1974  2799
 5848    4358  6485  6836  7116
 5849    4406  5854   198  4407
 5850    4858  1975  1206  2268
 5851    1257  3892  6969  6987
 5852    1431  4858  1206  4859
 5853    2267  4858  1206  2268
 5854    5673   507  3764  6576
 5855    3119  6236  6333  6840
 5856    5077  3279  5076  6609
 5857    4887  1196  5829  4890
 5858    5978  2301  1537  6856
 5859    6250  2331  6320  6934
 5860    4125  4121  5018  6376
 5861    4902   275  4900  3472
 5862     201   277  5825  2259
 5863    6475  6521  6675  6709
 5864    5827  4862  5828   947
 5865     134  3945  3943  6441
 5866    4691  1153  4699  6631
 5867    1624  1623  6697  6844
 5868     564   305  2369  6908
 5869     954  4887  5829  4890
 5870    4027  4887  1521  4889
 5871    3335  1582   848  6619
 5872    6100  6097  6284  7038
 5873    3469  4848  6487  6698
 5874    5415  2120  6703  6801
 5875    2651   392  2652  6920
 5876    5830  4887  1521  4888
 5877    4887  4027  1521  4888
 5878    4729   612  6512  6836
 5879      73  4887  5829   955
 5880    5830  5827  4027  1521
 5881    5885   530  3147  6353
 5882    6184  6451  6596  6796
 5883    4887   954  5829   955
 5884    2533  5841  6716  7016
 5885    1624  3452  1623  6844
 5886    6456  6438  6987  7042
 5887    2122   481  2123  6904
 5888     277   956  4892  4891
 5889     201  5825   958  2259
 5890    4893  3133    73  5826
 5891    6035  3192  6613  6775
 5892    6016  3898  6248  6558
 5893    6500  6355  6622  6777
 5894     956   277   201  2259
 5895    5139  2042  6933  7043
 5896    5361   674  6253  7118
 5897    6581  2601  6602  6624
 5898    6418  4022  6485  6806
 5899    6488  6406  6660  6779
 5900    1147  2343  6092  6474
 5901     275  4900  3472   276
 5902    4907   203  5807  4906
 5903    5411  1086  6678  7104
 5904    3133   954  4892   955
 5905    5998  2332  6935  7007
 5906     133  3899  3897  6248
 5907    6207  6282  6723  6924
 5908    1707  1133  3740  6762
 5909     724   958  1981  3820
 5910    2496  6157  6382  6398
 5911    4901   202   275  1634
 5912    6606  6724  6966  7059
 5913    4902  4901   275  3472
 5914    6293  6322  6338  6392
 5915    2122  2125  2124  6904
 5916    6781  5295  6880  7106
 5917     489  1487  5487  6285
 5918    5414  5530  6654  7104
 5919    6480  6531  6653  6685
 5920    6554  6305  6961  7022
 5921    1545  1148  3206  6237
 5922    6182  6173  6191  6235
 5923    1169  4827  3103  1170
 5924     170  6051  6050  6826
 5925     299  3931  3932  6769
 5926    3517  4940  1649  6895
 5927    6164  6252  6294  7031
 5928     976  6644  1443  4789
 5929    1684  1685  1683  6289
 5930    6205  6435  6547  6970
 5931    4788   190  6644  7078
 5932    6331  6272  6580  7020
 5933    5939  1222  6328  6764
 5934    2683   402  4424  6736
 5935    6235  6484  6652  6920
 5936    6015  6016  6248  6473
 5937     730  5916  6420  6501
 5938    1403  4474  2697  6861
 5939    3531  3530  6450  6679
 5940    6151  6172  6174  6367
 5941    6507  3539  6450  6655
 5942    1436  1438   443  6839
 5943    6795  6211  6869  6994
 5944    3947  3948  6441  6877
 5945    3134   954  3133   955
 5946    4256  2641  6333  6893
 5947    1972   728  4843  7041
 5948    3134    73  5829   955
 5949    1490  5517  1111  6363
 5950    6169  6332  6422  6723
 5951    1812  4159  1379  6494
 5952    6442  6051  6826  6842
 5953    2768  4965  4962  4769
 5954    6210  6533  6696  6995
 5955    4887  1521  4889    73
 5956    4396  1587  6413  6563
 5957    6434  6281  6468  6806
 5958    6267  6235  6800  6920
 5959    5800  3812  6667  7005
 5960    5885  2537  6253  6890
 5961    2720   600  3385  6607
 5962    5320  5321  6380  7121
 5963     522  4903  4905  2811
 5964    4275  5559  5558  6586
 5965    5007   644   210  6244
 5966    1996  4055  1788  6671
 5967    4182  6746  6817  6993
 5968    6795  6220  6832  7053
 5969    2723  1904  6901  7035
 5970    5868  2792  1973  7041
 5971    5482  6864  6900  6968
 5972    6155  6161  6191  6235
 5973     277  3133  4892  6761
 5974     599  4571  3384  6607
 5975    5059  4128  6308  6602
 5976    3146    76  3147  6353
 5977     603  2731   316  6536
 5978     658  3568  1031  6796
 5979    2654  4279   831  6920
 5980     601  1903  4571  6607
 5981    6486  6402  6702  6782
 5982    2882  1456  1455  6837
 5983    3549   336  1324  6546
 5984    3950  6692  6742  6789
 5985    1204  5852  4414  6369
 5986     321  2428   322  6816
 5987      52  2911  2910  6361
 5988    4335   844  4330  6474
 5989    4091  2012   209  6823
 5990      90   583  6745  6879
 5991    5004  2012  6561  6823
 5992    1878  1403  6258  6861
 5993    1368  4053  6516  6671
 5994     642  3510   639  6994
 5995     357    18  1344  6336
 5996    2224  3433   923  2225
 5997    6266   348  6285  6977
 5998    2108  1684  5394  6289
 5999    1834  2644  6630  6754
 6000    2260  1725  5823  6761
 6001    4889  1521  6268  6323
 6002    6538  6191  6772  7072
 6003    6271  6400  6472  6714
 6004    6289  1683  6719  6973
 6005    5367  2972  3645  6363
 6006    2182  4984  6319  6467
 6007      49  2862  1450  6308
 6008    4006  1365  6360  6635
 6009    3541  1658  2034  6450
 6010    6251  6329  6336  6830
 6011    5077  6609  6679  6894
 6012    3248  4020  4010  7045
 6013    3297  1565  6540  6918
 6014    1992  1993  6313  6708
 6015    2176  5478  6586  6868
 6016    3631  3630  6299  7046
 6017    6317  4649  6542  7067
 6018    5417  5418  6660  6802
 6019    3093  1188  6712  7058
 6020    4213  4210  4214  7047
 6021    1948  4961  2832  6414
 6022    3263   558  3262  6911
 6023    4003   772  4810  6375
 6024    3955  1757   908  7021
 6025    6153  6178  6432  7042
 6026    3449   940  3448  6354
 6027     750  3936  6475  6610
 6028    1228  5953   903  6346
 6029     248  5434  4234  6709
 6030    2497  3717  6382  6398
 6031    6194  6224  6257  6259
 6032    3288  6427  6737  6957
 6033    6064  1883   881  6946
 6034    1714   355  2509  6707
 6035    6302  2822  2818  7077
 6036    1594  6420  6448  6936
 6037    6387  6186  6758  6919
 6038     106  3555   655  6784
 6039    4069  1790   783  6694
 6040    6253  3852  6525  6890
 6041     586  3335  4364  6619
 6042    3732   692  6538  7072
 6043    4063   200  4883  6682
 6044    5717  2232  5716  6712
 6045    4543  2711  2308  7063
 6046    4390  5799  6543  6563
 6047     155  5467  6333  6840
 6048    4869  4850  6234  6487
 6049    5418   156   825  6802
 6050    6298  6279  6343  6659
 6051     415  2732  6458  6881
 6052    2522  3807   722  6897
 6053     741   744  6886  6982
 6054    5633  6274  6507  3058
 6055    2021  2050  1032  6502
 6056    1019  2930  5251  6421
 6057    4897  4898  1984  6378
 6058    2164  5535  4284  6652
 6059     298  6127  3746  7075
 6060    4777  3445  6857  7111
 6061    5702  3086  6836  6863
 6062    2010  4990  6832  7053
 6063    6509  1667  6884  6991
 6064    1447   452   992  6218
 6065    4657  2744  2745  6324
 6066    2844  6218  6464  6994
 6067      77  5958  4458  6245
 6068    3503  3499  3502  6498
 6069     713   622  5741  7103
 6070    6609  4108  6614  6894
 6071     410  1899  6782  6859
 6072    1176  2246  3116  6956
 6073     765  3978  6912  6953
 6074    1239  6057  6060  6617
 6075    4787  4788  2780  7095
 6076    3524   216  3523  6451
 6077    3832  1726  6445  6805
 6078    1091  5434  2990  6709
 6079    3501  4956  6564  6722
 6080    4875  2803  4873  6858
 6081    1646  3515  6157  6467
 6082    5233  6472  6923  7097
 6083     634  4943  6384  6643
 6084    4901   275  3472   630
 6085    6148  6164  6294  6329
 6086    2569  4575  2568  7035
 6087    1968  1435  1969  6839
 6088    2564  3230  1550  6593
 6089    6689  2636  6739  6779
 6090    3398   603  6346  6458
 6091     748  3921  6829  7019
 6092    6184  6149  6403  6574
 6093     116  3654  2114  6997
 6094    6831  2243   515  6685
 6095    2790  4833   442  6839
 6096    1727  2532  1342  6805
 6097    3436   927  4753  6296
 6098    6647  6228  6860  6907
 6099    5269  6932  6993  7119
 6100    3153  5899  5900  6226
 6101     836  4302  6218  6376
 6102    4792   935   975  4001
 6103     791  4113  4111  6695
 6104    4645  4643  6405  6517
 6105     403  4445   865  7004
 6106     756   185   910  6300
 6107    6257  6162  6263  6768
 6108    6394  3480  6612  6839
 6109    1724  3814  3812  7049
 6110    5058  4099  6581  6602
 6111    3199  1267   547  6886
 6112     340  5322  6265  7046
 6113    1839  4295  6424  6627
 6114    6307   940  6354  6635
 6115    6160  6162  6188  6194
 6116    5142   225  3552  7050
 6117    3333   584  6326  7014
 6118    1667  5216  3583  6509
 6119    4516   175  6590  6639
 6120    6301  3908  6576  6982
 6121     968   192  4927  4814
 6122     884   595  6665  6850
 6123    6583  6416  6904  7012
 6124    4086  3272  4093  6293
 6125    3297  4139  6918  7068
 6126    4715  4714  6651  7091
 6127    5046  2859  3522  6502
 6128    6451  6261  6727  6980
 6129    6423    87  6506  6926
 6130    4271  2122  4273  6904
 6131     935  1954  4792   975
 6132     359  1348  1735  7079
 6133    3406  1309   315  6536
 6134    1728  1727  6805  7016
 6135    5890  5888  6010  6251
 6136    6591  6395  6599  7057
 6137     696  5603  1124  6232
 6138    5936  3872   359  7079
 6139    6224  6217  6405  6517
 6140     822  4246  6381  6645
 6141    3226  3225  1549  6787
 6142    1954   935  1998   975
 6143    6355  6319  6500  6622
 6144    6043    59  3193  1085
 6145    1268  5678  5680  6741
 6146    5506  3842  6716  6777
 6147    2446   644  6244  6869
 6148    2249  2251  5773  6647
 6149    3364  3363  1593  6411
 6150    1536  5972  5971  6914
 6151    2826  2828   446  6818
 6152    6204  6574  6816  6887
 6153    4959  1641   102  6429
 6154    4568  3388  4566  6604
 6155    1667  3591  3588  6884
 6156    6169  6160  6332  6723
 6157    3498   102  2440  6429
 6158    6428  6286  6872  7111
 6159    2576  3996  6979  7095
 6160    4301  1840  4304  6376
 6161    6220  6262  6858  7053
 6162     594  3375  4522  7123
 6163    6192  6213  6885  6888
 6164    5650  6474  6835  6878
 6165    3344  4396  3831  6413
 6166     385  2625  2626  6688
 6167    3216  3217  6961  7022
 6168    2694   879  6774  6824
 6169      10  6403  6673  6796
 6170    1783  4927  6601  7078
 6171    6524  6283  6271  6400
 6172    6506  6242  6926  6985
 6173    5539  2168  6364  6528
 6174    6200  6170  6626  6708
 6175    2972   675  3645  6363
 6176    3554  5117  6158  6546
 6177    1761  1361   764  6912
 6178     489  1486  1487  6544
 6179    1406  2702  6471  6691
 6180    5602  5601  1497  6570
 6181    6579  6155  6641  6800
 6182    5654   704  6693  6699
 6183    5765  2212  6860  7105
 6184     515  3112   516  6831
 6185    4926   192   968  4814
 6186    6243  6167  6277  7034
 6187    5541  2170  1696  6463
 6188    3457   943   942  6399
 6189    2026  5061   261  6376
 6190    3066  5643  3065  7017
 6191    5723  1855  6292  6515
 6192    3877  3876  3170  6914
 6193    6288  6374  6391  6592
 6194     277  4892   957  6761
 6195    6370  6446  6687  7015
 6196    3893   738  6939  6969
 6197    4837  1524  5577  6622
 6198    4725   767  6705  6943
 6199    5236  5237  3595  6714
 6200    3028  5477  5478  6968
 6201     456  5059  2865  6308
 6202    2079  5196  6766  7048
 6203     964  4910   194  1988
 6204     456  5059  6308  6602
 6205    3731  2178  1119  6433
 6206    1613  4697  3424  7029
 6207     967  2786  4818  2787
 6208      87  4188  6423  6506
 6209     662  6403  7010  7085
 6210    4921  4821  4817  4819
 6211    6399  6483  6582  6839
 6212     967  4818  4922  2787
 6213    6148  6150  6289  6889
 6214    4815   192   967  4926
 6215    4216   387  4212  6575
 6216    5414  2116  2160  7104
 6217    4305   837  1841  6376
 6218    4099  1800   456  6602
 6219    4128  4127  2865  6308
 6220    3010  5506  1489  6777
 6221    4303  5020  4302  6376
 6222    4817  4921  4819  4923
 6223     192  4815   967  2786
 6224    2787  4817  4819  4923
 6225    2290  1222  3873  7079
 6226    2040  5087  2030  6602
 6227     698  1709  7017  7094
 6228     223  5085  2872  6431
 6229     275  5815  5813   630
 6230    4893  5826  6700  6761
 6231    5319  1819  5320  7121
 6232    3608  1672  1056  6930
 6233    4006  4004  6948  7051
 6234    6268  1776  6323  6975
 6235    4815   967  2786  4818
 6236    6613  6147  6891  6989
 6237    1830   152   151  6709
 6238     289  4544  2307  6854
 6239    3107  3106  6531  6685
 6240    1400  1872  6425  6873
 6241    3456  4920  3455   965
 6242    6397  4042  6447  6791
 6243    2401   312  6603  7117
 6244    4830   965  3481   194
 6245    4683  4681  6683  6899
 6246     941  4823  2238  1168
 6247    2826  1442  6644  6818
 6248     421  2053  1035  6899
 6249    4920  4921  3456  3455
 6250    3049  2185  6810  7052
 6251    3319  2388  6330  6341
 6252    3571  1926  1035  6899
 6253    5127  5129   223  6431
 6254    5266  2937  1053  6797
 6255    4994  4992  6832  7100
 6256     545  4494  4485  6876
 6257     194  4910   195  1988
 6258    3744  1125  2189  6232
 6259     724  4896  1981  1982
 6260    1971   203  1969   196
 6261    3015  6316  6500  6777
 6262    5535  3022   834  6484
 6263    3871  5955  6389  7083
 6264    3473   724  1981  1982
 6265     203   196  5807  5808
 6266    4299  6290  6376  6810
 6267    3934  3933   750  6475
 6268    1435  5811  5806  5748
 6269    5034   104  5031  6490
 6270    1435  1968   196  5748
 6271     202   275  5815   523
 6272    6438  5911  6456  6618
 6273    1169  4827  1966  1514
 6274    1154   920  4700  6479
 6275    4193  2626  6688  6726
 6276    3473  3471   724   276
 6277    2249  4394  2251  6430
 6278     203  1435   196  1987
 6279     275  4901  1634   630
 6280     196  1435  5808  1987
 6281    2240  2239  5749   196
 6282     962   203   944  5809
 6283    1435  5811  1987  4905
 6284     203   196  5808  1987
 6285    3471   958  3473   724
 6286     203  5808  4906  1987
 6287    4613  5240   184  6714
 6288    5811  5806   522  2811
 6289    1169  1966  1168  1514
 6290    5749   944   196  5807
 6291    6278  6480  6531  6653
 6292    4903   522  4904  2811
 6293    6486  2542  6489  6856
 6294     741   742  6419  6886
 6295     196  2239  5748  5747
 6296    2115   482  2984  6801
 6297     522  5812  4903   960
 6298    4823  1167  4822  2238
 6299    4912   963   964   194
 6300    3344  4396  6413  6563
 6301     958  3473   724  1981
 6302    5811  1987  4905  1192
 6303    1838  2655  4285  6484
 6304     167  1870  6544  6888
 6305     202  3129   275   523
 6306    6180  6311  6335  7011
 6307    2817  4924   372  6375
 6308     202   522  3129   523
 6309    4901   960  4902   275
 6310    1331  2478  1681  6529
 6311    2867  1004  6581  6980
 6312    1169   941  1967  4828
 6313    2088  5322  2954  6569
 6314    1856    34  6723  7044
 6315    3736  3734   693  6762
 6316     455  6451  6727  6980
 6317    2786  2785  1426  6375
 6318    6450  2034  6507  6762
 6319    2057  1811  6223  6981
 6320    6285  2144  6335  6893
 6321    5825  3819  3821  6761
 6322    3080  1509   506  6576
 6323    6497   586  6545  6619
 6324    1003  1798  6581  6804
 6325    2679   855  6647  6967
 6326    6625  6552  6890  7118
 6327    2961  6435  6822  6970
 6328    6440  4085  6684  7081
 6329    3482  4897  6378  7065
 6330    5363  3638  6253  6525
 6331    1254  1255  5909  6618
 6332    3683   348  2490  6977
 6333    6544  1870  6840  6888
 6334    2410   594  1300  7123
 6335    3471  3473  3472   276
 6336     435  5747  3103  1170
 6337    4068  3491   780  6708
 6338    6217  6149  6225  6395
 6339    4233  2634    29  6739
 6340     960  3129   275  1986
 6341    5581  3041  6319  6467
 6342    2427   321  6771  6816
 6343     417    43  2741  6518
 6344    6086  3203   295  6469
 6345    4928  5022  6721  6780
 6346    2457  1660  2456  6852
 6347     658  3567   659  6796
 6348    4138  1025  6514  6925
 6349     960   522  3129  1986
 6350    3781  3780  2231  7002
 6351    4755  4756  1765  6633
 6352     276   630   275  5813
 6353    6501  1530  3160  1529
 6354    4821  4921  4817  4820
 6355    6589  6306  6603  6867
 6356     980  2833  6414  6683
 6357    2781  4795    46  6638
 6358    6260  6387  6403  6537
 6359    5711  5712  4381  6807
 6360    3264  4068   780  6708
 6361    6215  6370  6446  6908
 6362    4686   227  4684  6683
 6363    1553  3247  6768  7051
 6364    6193  6312  6417  7098
 6365    4501  1886  6390  6471
 6366    5770  3115  5773  6647
 6367    3796  1172  3110  6653
 6368    5438  6129  1687  6610
 6369     764  1761  6912  7040
 6370    2790  4833  4834   442
 6371    1839  4291  6424  6810
 6372     403  3356  4446  6936
 6373    1971   962   203   944
 6374    5449  2995  5448  6831
 6375     634  1997  4943  6643
 6376    5011  5010   211  6464
 6377    6306  6210  6455  6603
 6378    2162  5411  6678  7104
 6379    2877  5098  6274  6837
 6380    4807   433  6635  6838
 6381    6649  6719  6801  6973
 6382    6530   335  6546  6852
 6383    5273  1055  2070  6993
 6384    2698   880   171  6522
 6385    6654  6231  6973  7104
 6386    4823   941  1967  1168
 6387    4020  4805  4009  7045
 6388    3129   202   275  1986
 6389    6154  6242  6249  6345
 6390     630   276   275  3472
 6391    2762  2761  1936  6485
 6392    6551  6488  6639  7026
 6393    6184  6343  6495  6727
 6394    6350  6231  6776  7104
 6395     201  1983  4896  6761
 6396    3284  6695  6814  6908
 6397     510  3763  5687  6541
 6398    1936  4739  1853  6485
 6399      10  1663   658  6796
 6400    2245  2244  6685  6976
 6401     539  3180  3878  6486
 6402    1965  1167  4822  4823
 6403    6522  3366  6946  7089
 6404    1463  2914  5203  6921
 6405     887  3371  6598  7089
 6406    4908  1970   203  1969
 6407     269  1858  4379  7105
 6408    1428   435  5747  3103
 6409    4284  5535   834  6484
 6410    3657  1684  2481  6529
 6411     435  2239  5747  1170
 6412    4026  2234   936  2233
 6413    4990  4993  6795  7053
 6414     851  6723  6924  7044
 6415    5811  1435  5808  5748
 6416    4903   522   960  1986
 6417    1663  1662   658  6502
 6418    6393  1843  6847  6965
 6419    6196  6262  6303  7024
 6420    4823  1967  1965  1168
 6421    1552  1553  3250  7045
 6422    1967  1169  4828  1966
 6423    1169  4827  4828  1966
 6424    2678   164   855  6799
 6425     879  6212  6774  6824
 6426    1823  4220  1567  6825
 6427    4801  1424  6457  6460
 6428    6154  6193  6242  6345
 6429    4823  1167  2238  1168
 6430    6801  6654  6973  7104
 6431     941  1169  1967  1168
 6432    6503  6280  6697  7120
 6433    1967  1169  1966  1168
 6434     105  1656  6679  6894
 6435    1368  2593  1786  7054
 6436    6462  1118  6800  6868
 6437    2996   487  6656  6831
 6438     741  2547  6982  7060
 6439    1173  3795  6412  6653
 6440    3634  1678  1679  6830
 6441    6330  6341  6381  6630
 6442     310  1578  6309  6745
 6443    3099    69  5727  6504
 6444    3783    69  3099  6504
 6445    5121  1455  5119  6459
 6446     374  4072  4071  6682
 6447    1118  5569   257  6462
 6448    3819  4896  6556  6761
 6449    2568  3973  6841  6964
 6450    3596  5236  3595  6714
 6451    5912  5910   544  6456
 6452     328  3464  3466  6698
 6453    1403  6258  6567  6824
 6454    6377  6807  6853  6951
 6455    5352  2097  6830  7118
 6456    5917   543  2319  6876
 6457    1945  6574  6715  6758
 6458    4356  4353  6545  7059
 6459    6491  6349  6541  6631
 6460    2562  1358  1758  6408
 6461    6177  6187  6408  6509
 6462     458  1009  1452  6297
 6463    6591  6599  6733  7057
 6464    1118   257  3034  6462
 6465    1883   171  4490  6522
 6466    4091  4092  6687  6823
 6467    4871   952  4870  7053
 6468    3058  2036  5633  6274
 6469    3786   123  6457  6909
 6470    5423   297  4228  6565
 6471    5052  1030   646  6596
 6472    1868  1397   166  6736
 6473    1945  4763  6574  6758
 6474    1244  2716  3179  6990
 6475    5742  1167   622   713
 6476    4565  3953  6742  6789
 6477     168  2297  4452  6465
 6478    3096  3098   431  1956
 6479    4945  3493  2439  6818
 6480    6809  6766  6922  7057
 6481    3882  3883  6489  7034
 6482    4797  2233  5736  5735
 6483     431  3098  4796  1956
 6484    6478  6286  6572  6872
 6485    6350  2162  6678  7104
 6486    2775  2779  6644  7111
 6487     816  4218  6734  6825
 6488    1167  4822  5742   622
 6489     939  2236  5737   271
 6490    4364  6545  6619  6690
 6491    4599  1907   903  6346
 6492    6312  6668  6825  6926
 6493    6395  6298  6599  7057
 6494    5300  5302   239  6815
 6495    5400  6032  6248  6775
 6496    4038  2591  6268  6975
 6497     622  4804  3787   712
 6498    4804   622  1959   712
 6499    4764  1945  2772  6717
 6500    6215  6410  6444  6661
 6501      61  1182  2252  6882
 6502    2717  2718  6486  6944
 6503     622  3787   713   712
 6504    2083   471  2082  7071
 6505     889  1895  1894  6986
 6506     668  2085  6896  7096
 6507     712   622  1718  5741
 6508    3374  1891  3373  6942
 6509    5540  5538  2168  6528
 6510    6211  6424  6433  6810
 6511     381  1809  6427  6788
 6512    6211  6409  6424  6464
 6513    3829  4397  5816  7109
 6514    2465   338  2464  6230
 6515    1454   219  2875  6348
 6516    1452  1451  6275  6297
 6517    2549  1353  3907  7060
 6518    3725  3032  6433  6492
 6519    6390  6598  6388  7089
 6520    2504  1708  2503  6232
 6521    6231  6181  6364  6776
 6522    6177  6509  6634  6884
 6523    6150  6251  6438  6587
 6524    2512   354  2509  6707
 6525    1560  3275  3274  6773
 6526    2968  2969  2965  6166
 6527    4787  1768  1955  7078
 6528    5072  5074   651  6499
 6529     452  2844   992  6218
 6530    2891  5145  6770  7088
 6531    3255  4033  6566  6701
 6532    1809   381  4143  6788
 6533    3330  4311  4313  6735
 6534    6362  6605  6699  6793
 6535     338  2466  2464  6230
 6536    4794  4026   936  2233
 6537    5121  5118  1455  6459
 6538    3174  3175  6439  6511
 6539    4546  6396  6491  6854
 6540    2375  1290  2376  6737
 6541    6158  6348  6828  6894
 6542    2279  5885  3147  6353
 6543    3056  2192  6297  6499
 6544    2750  1415  6186  6758
 6545    4203  2628  6371  6726
 6546      67  1158   923  1934
 6547     622  1958  1959   712
 6548     752   135   182  6441
 6549    5732  5733   936  2233
 6550    3605  3606  3608  6230
 6551    5735  3096   431  1956
 6552    3124  5797  6676  7058
 6553    2657  4308  5609  6393
 6554    4586   181  1533  6458
 6555    3656  2983  6703  6801
 6556    3291   571  3290  7068
 6557    5733  5732   936  4360
 6558    6670  6240  6747  7030
 6559    6354  6307  6635  6948
 6560    5959  1736  3870  6458
 6561    4797  5735   431  1956
 6562    4410  6369  6848  7025
 6563    6829  6314  6996  7061
 6564    6672  6373  6693  6874
 6565    6317  6225  6686  6992
 6566    1331  2481   345  6529
 6567    1727  2529  2528  6805
 6568     452  1446   994  6218
 6569    4359  5706  5707   188
 6570    3480  2435  1317  7009
 6571     181  4587   603  6458
 6572    2401  6603  7080  7117
 6573    2768  2833  2832  4965
 6574    2813  2816  1439  6838
 6575    6609  6410  6679  6894
 6576    2076  5281  2077  6199
 6577      44   914  4640  6517
 6578    4957  4955  2002  6722
 6579     221  1020  3559  6784
 6580    2125   255  5534  6706
 6581    6590  6488  6637  6639
 6582    6606  5692  6928  7059
 6583    5767  1860  6670  6799
 6584    3586  2461  2920  6509
 6585    4787  1769  7078  7095
 6586    4027   776  4889  6268
 6587    6543   520  7030  7058
 6588    3252   557  2362  6203
 6589    1302   595  6590  6665
 6590    4451  4453  4452  6465
 6591    1118  5569  6462  6800
 6592    3811  5721  1189  6711
 6593     231  5216  6509  6991
 6594    5798  3830  6676  7109
 6595    6234  1643  6869  6917
 6596    6002  1248  6865  7063
 6597    6175  1472  6227  6283
 6598    4185  2622  6506  6817
 6599    3808  1723  6976  7084
 6600    6156  6185  6524  6536
 6601     794  4129  1804  6308
 6602    3485  3488  6677  7009
 6603    1205   527   278  6304
 6604     543  2320  6876  6972
 6605    6158  6322  6546  6894
 6606    6460  6229  6697  6902
 6607    3112  5752   516  6831
 6608    2363  2572  6984  7101
 6609    3970  3234  6560  6621
 6610    1939  1940  1915  6259
 6611    6231  6205  6294  6350
 6612     972   971  6315  6498
 6613    4118  1373   377  6481
 6614    6354  6344  6394  7009
 6615    2362  3251  1284  6203
 6616    6365  6450  6655  6843
 6617    1487  3008  5487  6893
 6618    3149  6009  1213  6353
 6619    4228   297   893  6565
 6620    6382  6220  6869  6917
 6621    6324  2749  2748  7036
 6622    1700  3723  6157  6398
 6623    6261  6184  6659  6988
 6624    6454  1852  6508  6878
 6625    5235  1467  2924  6472
 6626    6256  6264  6534  6780
 6627    6278  6412  6897  7084
 6628    2309  2711  6396  6491
 6629    1289  3293  2371  6957
 6630    3975  1361  6912  6964
 6631    1342  5862  2530  6355
 6632     953  4992  4991  6832
 6633    6176  6157  6382  6467
 6634    2143  4259  6335  6893
 6635     323  3460  6582  6844
 6636    1442   446  6644  6818
 6637    4162  1289  2372  6957
 6638    6461  4273  1837  6663
 6639    1942  4752  6296  6405
 6640    2621   809  6817  6985
 6641    3377  2410  6665  7123
 6642    1250  2280  1213  6353
 6643    6162  6170  6200  6264
 6644    2951  2948  6227  6283
 6645    5371  2278  6327  6466
 6646    2279  5889  6251  6353
 6647    6165  6153  6420  6448
 6648    6239  6332  6377  6670
 6649    6287  6574  6673  6715
 6650    4423  1869  4427  6662
 6651    2368  1288  3277  6730
 6652    4680    45  4679  6715
 6653    6211  6220  6339  6407
 6654    5973  1241  1240  7039
 6655    4047  3258  6794  6819
 6656    3164   531  5932  6265
 6657    6948  6768  6697  6360
 6658     173   882  6666  6850
 6659     206  5023  4931  6721
 6660     383   809  6417  6817
 6661    2494  3710  3709  6547
 6662    3926  6521  6829  7038
 6663     567  4111  3283  6695
 6664    4694  2753  6349  6631
 6665    1884  4493  3368  6522
 6666     908  4618  4619  6577
 6667     232  2057  5213  6991
 6668     470  6201  6232  6959
 6669     693  5610  3733  6538
 6670    2893  6493  6932  7119
 6671    2324  5399  5401   479
 6672    5909  5911  1217  6618
 6673     463  5129  2889  6431
 6674    2380  6926  1291  6825
 6675    1667  3588  6634  6884
 6676    1644  1643  4977  6234
 6677    2659  1385  6627  6965
 6678    2041  3550  1660  6852
 6679    6378  6344  6701  7065
 6680    6202  6281  6418  6504
 6681    6346  3871  6389  7083
 6682    1578  2394  6309  6879
 6683    6366  6597  6716  7016
 6684    1927   509  4691  6631
 6685    1242  5974  2300  6757
 6686    1062  5946  3168  5311
 6687    6529  6147  6719  7066
 6688    5543  5545   494  6435
 6689    4394  2251  6430  6642
 6690    3597  1040  3591  6884
 6691    6172  6470  6787  7021
 6692    3794  3116  6956  6960
 6693    5432  1481  6521  6620
 6694     151   248  4234  6709
 6695     104  5034  1655  6804
 6696    2847    64  6218  6244
 6697    5205  6803  6884  6991
 6698    1386  2663  6718  6735
 6699    6390  6388  6522  7089
 6700    2975  5516  6152  6363
 6701      85  3296  6540  7115
 6702    1458  5140  5141  7050
 6703    4744  4743  4746  7037
 6704    3066  3065  6769  6916
 6705    1077   246  6013  6558
 6706    6280  6307  6372  6819
 6707    2778  2773  6771  6818
 6708    2766  1423  6633  7037
 6709    2875  5090  6348  6894
 6710    4285   832  6652  6920
 6711    4881  1978  6447  6791
 6712    6936  1398   403  4448
 6713    4037   437   949  6268
 6714    5786  1515   155  6840
 6715    6012  6014  6016  6473
 6716    4849  4977  4869  6234
 6717     617  6478  6572  6872
 6718    1684  3657  5394  6289
 6719     309  2394  2393  6309
 6720    6149  6260  6403  6574
 6721    3440  3441   933  6771
 6722    6217  6162  6224  6405
 6723    6692  2555  6755  6881
 6724    6180  6192  6455  6603
 6725    1067  4219  6822  6978
 6726    2922  5236  3596  6714
 6727    1796  4083  1370  6773
 6728    1515  5786    71  6840
 6729    5656  5655  3077  6699
 6730     722  3801  2521  6897
 6731    5920  4476  6567  6728
 6732    1719  1721   715  6999
 6733    2454   334  2455  6450
 6734    5914  5915  1529  6501
 6735    5838  4428  6366  6662
 6736    6270  1312  6557  7036
 6737    3891   365   364  6385
 6738     537  6212  6511  6774
 6739     937  3447  6697  6903
 6740    4303  5615  5061  6376
 6741    1450   456  2865  6308
 6742    6288  6280  6794  6744
 6743    4113  1374  6481  6674
 6744     587     3  2397  6497
 6745    5157  5159  1460  6451
 6746     300  2361  3245  6915
 6747    2433  1628  6303  7024
 6748    6532  5793  6711  7003
 6749    6183  6182  6575  7020
 6750    3800  5782  6236  6960
 6751    3658  1684  6289  6529
 6752    4979  2839  6176  6917
 6753     184  1046  6400  6714
 6754    2893  6493  6770  6932
 6755    6066  2331  1266  6934
 6756    1843  4306   159  6965
 6757    5214   231  6523  6981
 6758    1392  2674  1391  6951
 6759    4496  2322  6637  7108
 6760    5722   711  5723  6295
 6761    6098  6097  6284  6620
 6762    3401  2739  4610  6524
 6763    4063  4883  4060  6592
 6764    1610  6919  4668   609
 6765    3531   649  3530  6679
 6766    1943  4758  1422  6478
 6767     496  5575  5509  6622
 6768     815  2379  3303  6668
 6769    1890  1276  6845  6942
 6770    3065  3753  6916  7017
 6771    3346  2399   589  6589
 6772    6244  6211  6464  6994
 6773    2136  2176  5478  6586
 6774    2851  5025  2018  6264
 6775    3345  6563  6589  6650
 6776     731  5913  3855  6704
 6777    1728   126  5840  6445
 6778    6010  6011  1252  6473
 6779     285  5917  2319  6728
 6780    3713  5543  3711  6435
 6781    1849  4329  4330  6474
 6782     505  1509  2215  6576
 6783    6129  1753  1687  6610
 6784    4281  1119  5569  6983
 6785    2250   517  1180  7114
 6786    2975   254  5516  6363
 6787    2130  5448  1688  6831
 6788    6482  5265  6778  7043
 6789    4307  4306  6965  7107
 6790    6180  6892  6900  7011
 6791    3836  1729   727  6255
 6792     527  5851  3835  6304
 6793    6299  6713  7087  7121
 6794    6728  6432  6808  6876
 6795     315  4593  3405  6536
 6796    5888  6251  6353  6473
 6797    1016  5115  6459  6837
 6798    6209  6388  6665  6850
 6799    3179  1408  3177  6486
 6800    1448  5027  2849  6310
 6801    3211  6105  6106  6521
 6802    3529   334  6655  6679
 6803      94  4449  1594  6448
 6804    6151  6245  6458  6881
 6805     427  2227  5705  4737
 6806    1931  2224  3433  3432
 6807     209   989  6477  6823
 6808    4350  4351  1851  6454
 6809    1323  3556   654  6530
 6810    5538  5537  2168  6528
 6811    6537  6673  6715  6899
 6812    6304  6306  6369  7025
 6813    4549  2712    40  6491
 6814    2808   959  6378  6700
 6815    5909  1255  5911  6456
 6816    1552  3251  6203  6768
 6817      89   825  4261  6660
 6818    2998   251  6974  6976
 6819    4316  4315  1387  6735
 6820    6332  6228  6647  6799
 6821      25   375  1370  6446
 6822    4409  2267   860  6195
 6823    6122  1751  6916  7061
 6824    1803  4118  6481  6814
 6825    2611  2613   380  6225
 6826    1404  4489   880  6658
 6827    2523  2520  6412  6897
 6828    4466  4468  1401  6476
 6829    6441  3947  6877  6881
 6830    6493  6322  6770  6933
 6831    4079  4080  1793  6608
 6832    2589  4034  1367  6759
 6833    1274  1895  6986  7019
 6834    1995  5028  3503  6498
 6835    2331  3919  6068  6250
 6836    5033  5034  6732  7081
 6837    6435  5342  2963  1477
 6838      91  3346  3345  6589
 6839    3673  3674  3672  6404
 6840    3798  2519  3801  6960
 6841    5346  1069  6463  6811
 6842    1865  4399  6413  6848
 6843    6147  6488  6639  6939
 6844    1811  4152  4155  6223
 6845    5717  2232  6532  6711
 6846    5032  1449  2854  6684
 6847      16  2513  6504  6999
 6848    5126  1453   652  6348
 6849    1291  2382  2381  6926
 6850    5455  5456  3671  6785
 6851    2695   537  6212  6862
 6852    2044  5145  5144  6770
 6853    6184  6451  6796  7010
 6854    4864  4862  6195  6268
 6855    6177  6174  6577  6629
 6856    5298  5301  6927  7071
 6857    6961  1547  3218  7075
 6858    2681  4410  1394  6650
 6859    5161  5160  6796  7010
 6860    4736  4734  2761  7062
 6861    3001  6710  6882  6974
 6862     380  2611  6225  6535
 6863    6286  6200  6626  6671
 6864    6564  2441  6748  6818
 6865     322   613  3443  6857
 6866    1685  5395   679  6678
 6867    6309  6235  6745  6879
 6868    3588  1328  6634  6884
 6869    6392  6730  6773  6937
 6870    6692  6877  3951  6881
 6871    2832  2770  2768  4962
 6872    3459  6582  6903  7103
 6873    6422  6207  6508  6793
 6874    2237   716   715  7032
 6875    1101  5484  3681  6340
 6876    4542  2308  6000  7063
 6877    4123  2025  5063  6275
 6878    6065   546  6320  6617
 6879    2080  5208  5206  6588
 6880    5117  5118  6158  6459
 6881    6171  6160  6198  6208
 6882    4514  1891  3374  6942
 6883    6156  6179  6367  6896
 6884    6323  6700  6945  6975
 6885    2611   799  6225  6361
 6886    1620  3443  1621  6857
 6887    6383  6377  6883  7002
 6888     973  4941   633  6708
 6889    5176  6260  6387  6403
 6890    2768  2767  6414  6683
 6891    6172  6177  6470  6577
 6892    1301  3372  3367  6598
 6893    4377  6383  6883  7002
 6894    6221  6469  6898  7060
 6895    4806  1963  6635  6948
 6896    4740  1938  4359  4360
 6897    6396  6449  6491  6854
 6898     758  2563  2564  6470
 6899    2365  3266   302  7018
 6900    1461   216  2863  6451
 6901    2341  2214  3911  6576
 6902    6215  6392  6410  6661
 6903    6397  6268  6573  6975
 6904     691  5568  6492  6864
 6905    5996  5994  3886  7007
 6906    1296  2395   310  6309
 6907    2555  1754  6692  6755
 6908    4051  1782  4048  7054
 6909    4023  4022  6418  6806
 6910    6174  6172  6177  6367
 6911    4793  5733   936  4360
 6912    6314  6278  6404  6480
 6913     806   148  5290  6578
 6914     647   104  3525  6490
 6915    3764  3772  6559  6576
 6916    2716  1408  3179  6486
 6917     513  5728  5727  6437
 6918    3032  5567  3030  6864
 6919    6611  6404  6675  6785
 6920    6192  6285  6544  6740
 6921     678  5416  5410  6703
 6922    1519  6452  7030  7058
 6923    5450  2129   516  6831
 6924    3452  1624   619  6844
 6925    4173  1817  4178  6578
 6926    6329  6312  6520  6668
 6927    6195  6196  6347  6753
 6928    5675  1149  6368  7001
 6929    5494  3682  5495  6246
 6930    6481  6444  6539  6814
 6931    5708  4740  1938  4359
 6932    4402  3345  2682  6650
 6933    6229  6503  6999  7032
 6934    6180  6159  6213  6311
 6935    1219  5919  1218  6861
 6936    6186  6270  6758  6919
 6937    3093  3092  5790  6712
 6938    1774  4026  1956  6638
 6939    6176  6157  6467  6869
 6940     188  5707  1853  5704
 6941    3300  4141  5137  6918
 6942    1995  3503  3502  6498
 6943    4367  1161  5722  6292
 6944    5231  5232  6472  6896
 6945    1269  3919  6069  6250
 6946    2234  5732   936  2233
 6947    1882  6026  6028  6876
 6948    4438   864  6163  6358
 6949    6314  6829  6845  7061
 6950    3852  2536  6525  6890
 6951    5105  2879  6274  6837
 6952    5105  2878  2879  6837
 6953     476  2974  2277  6466
 6954    4794  4797  2233  5736
 6955    2883  2884  6421  6837
 6956    6266  6210  6340  6426
 6957    6445  6366  6603  6662
 6958    6411  2406  6615  6824
 6959    1520   524    73  6323
 6960    6435  3711  6463  7031
 6961    6414  6168  6683  6899
 6962    2232  5717  5793  6711
 6963    2675  2676  4387  6747
 6964    3181  1539   540  6396
 6965     683  5480  3677  6335
 6966     440  1980  1434  6910
 6967    6475  6709  6829  7038
 6968    4469   871   870  7023
 6969    3750  1709  6554  7017
 6970     880  4489  6522  6658
 6971    4300  4299  6290  6376
 6972     644  5007  3514  6244
 6973    4549  4550  2417  6449
 6974     586  4364  6545  6619
 6975     483   482  6801  6821
 6976     678  5409  2114  6997
 6977     174  6390  6471  6595
 6978    4311  3330   835  6528
 6979    3476  4897   101  7065
 6980    6313  6200  6315  6384
 6981    2947  2948  1472  6283
 6982    6378  3476  6556  7065
 6983     364    20  6385  6731
 6984     995  2852  2019  6534
 6985    5481  2139  3007  6900
 6986    1883  6320  6522  6946
 6987    5007  2846  1447  6244
 6988    3165  3164   532  6628
 6989    1770  1366  6434  6806
 6990     326  4872   628  6858
 6991    1191  3812  6648  6667
 6992    6325  6222  6359  6616
 6993    5910  3159  5911  6456
 6994    1299  2404  2405  6615
 6995    2027  3530  1008  6539
 6996    1475  5325  6163  6380
 6997    5028  3503  6498  6895
 6998    4703  5699  3433  2225
 6999    5718  1162  3089  6401
 7000    3489  3486  6566  6701
 7001    5185  6270  6361  7036
 7002    1180  6907  6956  7114
 7003    2371  3293  3292  6790
 7004     689  5565  6696  6995
 7005    6242  6154  6423  6734
 7006    3378  1598   596  6590
 7007     759  3966  4649  7067
 7008    5887  5889  6251  6890
 7009    2122  2124  4273  6904
 7010    6468  6281  6966  7006
 7011    2069  2068  2067  6482
 7012    1567  3305    86  6825
 7013    1881  4487  2700  6826
 7014    1679  3635  6625  6978
 7015    2046  2893  6932  7119
 7016    2675  1863   856  6747
 7017    5351  5350  4204  6548
 7018    6377  6273  6452  6883
 7019    3548  1659  6348  6546
 7020    4805  4020   618  7045
 7021    5114  1016  5101  6837
 7022    3575  3573  1665  6186
 7023    1239  3172  6914  7039
 7024    4731  1158   428  1934
 7025    6238  6690  6863  7116
 7026    6393  6161  6444  6627
 7027    1138  5642  3067  6531
 7028    2243  6831   515  3113
 7029    1158  5701  5700   923
 7030     558   559  3265  6911
 7031    1158  4737  4731   428
 7032    3191  6613  6891  6989
 7033    5249  6274  6421  6837
 7034    5705   427  4737   428
 7035    5114  5101   461  6837
 7036    5646  3751  6554  6961
 7037    1792  4076  6608  6780
 7038    3377  3378   596  6590
 7039    2810  4028   371  6975
 7040    6276  6209  6641  7124
 7041    3153  1214  4438  6358
 7042    3950  2559  4564  6742
 7043    6253  6353  6890  7118
 7044    4339  4338  6326  6368
 7045    3738  5625  2192  6499
 7046    3474   202  1634  6612
 7047    3326   307  1577  6772
 7048    4746  2765  2764  7037
 7049    2466  3612   109  6291
 7050    4543  4540  4542  2308
 7051    4910  4913   942  6399
 7052     635   634  6384  6748
 7053    4211  3309   666  6575
 7054    1822   815  4205  6520
 7055    3127   856  6240  6747
 7056    1037  2906  6186  6387
 7057    6271  6577  6955  7112
 7058    4483  5921  6027  6750
 7059     763  1904  2723  7035
 7060    3526  3525  6490  6727
 7061    1407  4538  6491  7063
 7062    6170  6256  6510  6694
 7063    3494  4935  1994  6384
 7064    5938  2290  3165  6628
 7065     898  3178  3179  3177
 7066    6070  5992  3888  6419
 7067      74  1524  2274  6585
 7068    3437  3438  6429  6816
 7069    3033  1495   495  6462
 7070    4059  4060  4064  6592
 7071    2488  2483  6611  6785
 7072    5250  1504  2064  2065
 7073    6693  6373  7013  7094
 7074    1088  5418  2119  6802
 7075    5956  2297  5958  6245
 7076    5007  1447   992  6244
 7077    3607  2465  6230  6792
 7078    1215   282  1731  6358
 7079    4703  2225  4702  3767
 7080    3431  6512  6724  7029
 7081    3433  4703  2225  4702
 7082    6080  4530   291  4531
 7083    3701  5522  1693  7031
 7084    6404  6314  6480  6531
 7085    2919  2920  6300  6523
 7086    6240  6239  6670  6747
 7087    3081  5681  1268  5680
 7088    6239  6332  6670  6747
 7089    6312  6193  6870  7098
 7090    6296  6204  6405  6478
 7091    1359  6408  6470  6542
 7092    1680  3647  3646  6811
 7093    2229  5713  6452  7030
 7094     827   828  1836  6958
 7095    4386  1859  6747  7030
 7096    6051  6054  6442  6658
 7097    2743  4635  6912  6953
 7098    3396  3393  3398  6346
 7099    5159  5161  6451  7010
 7100    6982  6221  7001  7060
 7101    6502  1663  6673  6796
 7102    4461  4459  6476  6755
 7103    2309  2711  2308   289
 7104    2974  2103   474  6466
 7105    1865  2680  1394  6848
 7106    2642  2644    30  6786
 7107    2733   415    42  6245
 7108    6167  6243  6277  6415
 7109    5820  1193  2258  6323
 7110    6408  6172  6470  6542
 7111    3599  6634  6781  7097
 7112    6209  6637  6939  7108
 7113    1917   915  4646  6756
 7114    6191  6269  6570  6738
 7115    6260  5177  6788  7085
 7116    2833  2768  2832  6414
 7117    5553  5554  1493  6331
 7118    4837  2006  6585  6622
 7119    1863  6513  6563  6747
 7120    1485  3005  6584  7011
 7121    2757   423   424  7070
 7122    2446   644  3514  6244
 7123    1301  6598  6665  6942
 7124    5654   704   703  6693
 7125    4089  6446  6687  6908
 7126    5523  2157   687  6463
 7127     290  2709  1249  6001
 7128    5081  6348  6614  6894
 7129     862  5832  4433  6544
 7130     247  5408  1480  7113
 7131    6375  6372  6516  6681
 7132    2301   871   288  7008
 7133    6149  6298  6343  6659
 7134     645  3521  1650  6732
 7135    4692   509  4691   919
 7136     760  4639  4649  6542
 7137    6402  6607  6702  6742
 7138    1603  1606  1605  6992
 7139    6363   675  6811  6929
 7140    6225  6223  6395  6790
 7141    4540  4542  2308  6000
 7142    5334  1825  6272  6913
 7143    6276  6330  6416  6998
 7144    5685  1928  2220  4688
 7145    6082  6081  2219  5684
 7146    1486   253  1487  6544
 7147    1928  5686  2220  4688
 7148    6551  4527  6565  7026
 7149    6170  6200  6264  6302
 7150    6573  6195  6848  7064
 7151    5571  5573  6500  6846
 7152    5685  4530  6004  2220
 7153    2645   389   390  7012
 7154    2582  6434  6638  6902
 7155    2029  4105  6614  6894
 7156    6416  6579  6584  6958
 7157     253  4253  5489  6544
 7158    6081  6080  2219  5684
 7159      77  4458  1233  6245
 7160    5679  3081  1268  5680
 7161    2217  5679  1268  5680
 7162    1957  6460  6697  6902
 7163    1928   509  4688   919
 7164    6513  6240  6563  6747
 7165    2222   920  1154   921
 7166    6080  2219  5684  2220
 7167    1608  1312  6270  7036
 7168    6336  6251  6552  6890
 7169    1151  2334  3200  1152
 7170    6004  4530  5684  2220
 7171     860  4404  6195  7064
 7172    5990  3880  5991  4554
 7173     638  2448  2444  6869
 7174    5769  2248  1178  6799
 7175    6081  1151  6082  2219
 7176    4909   443  3480  6839
 7177    3968   761  3971  6866
 7178    3988   301  3246  7101
 7179    3607  1671  6792  6855
 7180     571  2376  6737  7068
 7181    6054  2698  6442  6658
 7182    1759   758  3229  6542
 7183    4532   291  4533   290
 7184    6765  6945  7099  7120
 7185    6261  6279  6293  6338
 7186    6276  6330  6341  6381
 7187    5958  2297  5957  6245
 7188    2326    59  6043  6613
 7189    1927   509  1928   919
 7190     509  1927  4691   919
 7191    2334  1151  6081  1152
 7192      13  2494  6205  7031
 7193    5782  3801  6236  6960
 7194    6494  2619  6809  7088
 7195    5681  3081  1268  3200
 7196    2709  4540  6001  6003
 7197    2614   381  6427  6790
 7198     290  2709  6001  6003
 7199     862  4433   167  6544
 7200    1124  5603  1497  6570
 7201    4727   924  3428  7006
 7202    6290  6424  6464  6810
 7203    5681  1151  3081  3200
 7204    3149  6008  6152  6466
 7205    2739  3399  6400  6524
 7206    6241  6222  6841  6866
 7207    1582  4367   848  6515
 7208    3883   361  3882  6489
 7209    1447  2846  2847  6244
 7210    5183  3576  1037  6186
 7211    2006   984  6585  6622
 7212     429  2771  6646  6717
 7213    4287  1838  4288  6745
 7214     499  3052  3051  6718
 7215    6298  6279  6310  6343
 7216      77  1233  5963  6245
 7217    6230  6214  6594  6855
 7218    6570  6269  6594  6855
 7219     595  3378  3377  6590
 7220    3880  4555  5990  5989
 7221    2304  5989   895   177
 7222    6048   170  6050  6842
 7223    4500  6250  6390  6595
 7224     199   986   953  6832
 7225    1653  1002  1003  6804
 7226    4030  4029  6700  6759
 7227    1921   468  2747  7036
 7228    1247  3379  4553  5999
 7229     152  4233   821  6739
 7230    3880  3379  5991  4554
 7231    3379  1247  2307  5999
 7232    4543  4540  2308  4541
 7233     665  5257  6792  6855
 7234    4877   440  4876  6910
 7235     897  2303  5985   898
 7236     108  5253  5254  6855
 7237    5253   234  5254  6855
 7238    1384   826   390  7012
 7239    3880  3379  4553  5991
 7240    3116  1180  6956  6960
 7241     170  4486  1880  6826
 7242    6284  6406  6709  6276
 7243    3687  2266  6246  6716
 7244    2111   894  6047  7069
 7245    4748  1940  6633  7037
 7246    1127  3734  6499  6847
 7247     273  5788  6807  7030
 7248    3313  2392  6406  6739
 7249    6193  6351  6766  7057
 7250    4802  2432   619  6903
 7251     283   284  4477  6728
 7252    3178  2304   177  1244
 7253    4120  5016  5017  6674
 7254    6277  6243  6396  6449
 7255    5202  6591  6733  6921
 7256    5417  5418   825  6660
 7257    6240  6239  6455  6589
 7258    6466  5376  1478  2974
 7259     278  6304  6369  7025
 7260    4557  2716   177  1244
 7261    5972  6511  6914  6952
 7262    6611  6531  6656  6996
 7263    3032   256  3725  6433
 7264    5836  5834  1522  6740
 7265     730  6420  6425  6501
 7266    6214  6570  6594  6855
 7267    4399  1587  1865  6413
 7268    6969  6939  6987  7042
 7269    5017  6218  6376  6674
 7270    5268  2895  6797  6932
 7271    6478   616  6857  6872
 7272    6318  6803  6884  7106
 7273    6307  6677  6701  7009
 7274     669  3620   111  6880
 7275    6182  6173  6235  6528
 7276    4913   194  4829  6760
 7277    3842  3840  6716  6777
 7278    6184  6403  6659  6796
 7279    5633  2036  2038  2881
 7280      64  5590  3044  6244
 7281    1445  5004  2012  6561
 7282    6322  6158  6546  6594
 7283    3283  3284  6695  6814
 7284     980  2833   447  6414
 7285    2613  4152  4153  6225
 7286    6229  6457  6504  6638
 7287     961  1318  3475  6612
 7288    2338  2337  6250  6595
 7289    4955  4956  3505  6722
 7290    2608   794  1804  6308
 7291    2327  6049  1263  6862
 7292    6403  6659  7010  7085
 7293    1725  2260  3821  6761
 7294    4092  4109  6695  6823
 7295    3449   940  6307  6760
 7296    6377  6497  6723  6966
 7297    6496  6374  6682  6910
 7298    3102  5740  6909  7103
 7299    6873  1398  6936  1400
 7300    6519  3551  6813  6918
 7301    1630  1629  3465  6931
 7302    4344   584  3331  6326
 7303    3879  1245   360  6990
 7304    2624  5273  6746  6993
 7305     193  4816  3455  6760
 7306    3265  6510  6694  6911
 7307     914  3409  6686  6756
 7308    4710  2726   424  7070
 7309    1648  3519  6495  6727
 7310    2585  1774  6418  6806
 7311    1942  1421   927  6405
 7312     356  5844  3840  6716
 7313     103  4956  3501  6722
 7314    4311  4313  6735  6751
 7315    3402  4613   184  6714
 7316     433   193  1964  6838
 7317    2086  5305  6880  6896
 7318    2869    50   457  7000
 7319    1731  1215  6358  6425
 7320    5187  5189  6324  6535
 7321    5752  2994   486  6831
 7322    2541  1346  1347  6664
 7323    6322  6410  6614  6894
 7324    4286  1838  4285  6484
 7325    3565  1664  1662  6502
 7326     258  4325  1848  6971
 7327    2487  5457  2486  6785
 7328    6366  4428  6549  6662
 7329    2481  1331  1681  6529
 7330    1068  5340  3635  6978
 7331    2729  4584  1906   287
 7332    6320  6198  6442  6658
 7333    4300  4296   393  6290
 7334    6403  6260  6659  7085
 7335    4097  3273   786  6937
 7336    1338   354  2512  7073
 7337    4167   805  6599  6957
 7338    6521  5435  6675  6709
 7339    4249  6381  6630  6786
 7340     239  2083  2082  7071
 7341    3078  3076  6605  6860
 7342     180  2298  1236  1237
 7343    3178  2304   895   177
 7344    4263   156  1384  7012
 7345       1  2369  6661  6908
 7346     423  4714  4574  6651
 7347    4289  6484  6528  6745
 7348    3225  3223  6629  6787
 7349     320   611  3431  7029
 7350     375  3274  6773  7027
 7351    6416  6583  6998  7012
 7352    6034  6036  6731  6989
 7353    6347  4855  6753  7024
 7354    4850  4849  6234  6487
 7355    3194   546  3195  7056
 7356    6178  6233  6438  6704
 7357    1203  5849  6445  6867
 7358    4188  4187  6423  6506
 7359    2502  2500  6538  6843
 7360    1598  4497   597  6637
 7361    3430   422  6479  7029
 7362    5787  4384  4385  6670
 7363    2542  6486  6489  6990
 7364    4848  4849  3469  6487
 7365    6147  6488  6779  6783
 7366    4164  4163  1564  6957
 7367    3077  5762  6605  6699
 7368    1625  3457   942  6399
 7369    6488  6147  6639  6783
 7370    1538  5997  3183  6396
 7371    1322  3521   645  6343
 7372    6159  6311  6630  6786
 7373    4922  2787  4923  6838
 7374    5760   706  6672  6693
 7375    6495  6184  6596  6796
 7376    6333  6213  6754  6893
 7377     803   231  2612  6981
 7378    1123  5600  2188  7072
 7379    6290  4295  6627  6810
 7380    5476  5478  6579  6586
 7381     564  3280   565  6908
 7382    2059  2917  6300  6523
 7383    6710   153  2639  6786
 7384    5147  5269  6993  7119
 7385    3536  1016  6459  6837
 7386    2312  2105  6007   542
 7387     485  2988  2344  6565
 7388    4667  6574  6758  6919
 7389    4441   403   865  7004
 7390    5392  5520  2153  7033
 7391    1469  5259   235  6232
 7392    4026  2234  1956  6638
 7393    5117  3548  6348  6546
 7394    6165  6342  6367  6623
 7395    5393  1079   477  7033
 7396     711  3780  6295  7002
 7397    6370  6298  6392  6440
 7398    6514  4140  6918  6925
 7399    2269  5852  2270  6347
 7400    4021  2782  6460  6638
 7401    3635  2475  6625  6929
 7402    6502   659  1664  3567
 7403    5140  3557  1027  7050
 7404    6265  6569  6628  7046
 7405    2847  2846    64  6244
 7406    6165  6420  6425  6873
 7407    3987  2570  1363  6352
 7408    3734  3735  1127  6499
 7409    5255  5257   234  6855
 7410    6573  6391  6765  7120
 7411    3120  1516    71  6333
 7412    6269  6570  6738  7072
 7413    2163  6350  6776  7104
 7414    3766   354  2508  7073
 7415    6344  6354  6394  6844
 7416     852   161  6505  6924
 7417    3539  3540  2452  6655
 7418    1963  3448  6354  6948
 7419    6167  6189  6439  6914
 7420    3612  5281  2076  6199
 7421      93  3351  3352  7080
 7422    6247  6167  6402  6607
 7423    5954  4452  6389  6465
 7424    4151   381  3292  6790
 7425     468  5185    52  6361
 7426    5918  1219  1530  6808
 7427    6162  6160  6298  7057
 7428    2024  2021  5047  6502
 7429    6321  6167  6415  7122
 7430    2337  6221  6250  6595
 7431    2076  3612  6199  6291
 7432    3836  2530  6255  6805
 7433    4863  4864  6195  6268
 7434     531  5936  3861  6265
 7435     755  3230  2564  6787
 7436    5292   472  2945  7071
 7437     860  2267  4407  6195
 7438    1263  6048  6050  6842
 7439    2062  5234  2924  6472
 7440    5560  5559  6586  6812
 7441    3580  5176  6387  6403
 7442     132  6020  6379  6385
 7443    5205  3584  3589  6991
 7444    6400  2923  6472  6714
 7445     184  1908   906  6400
 7446    5004    48  2842  6561
 7447    6311  6330  6381  6630
 7448    2004   930  4768  6683
 7449    3190  3192  1542  6613
 7450    1531  3168  5945  6175
 7451    6451  5161  6796  7010
 7452    4539  6491  6541  6631
 7453    3365    94  1594  6420
 7454    3450  3452  2429  6844
 7455     670  2081  6453  6588
 7456    5559  2136  5558  6586
 7457    3163  3166   532  6569
 7458    6405  1422  6478  7037
 7459    1472  2950  5310  6175
 7460     832   831  6652  6920
 7461    2519   719  6897  6960
 7462    2337  3917   746  6898
 7463     274  1189  6711  7003
 7464    4345  4344  4342  6326
 7465    3670  1690  6675  6785
 7466    1019  2929  2930  6421
 7467    1542  3191  6613  7069
 7468     792  1802  6539  6609
 7469     301  2363  6984  7101
 7470    6357  6241  6901  7091
 7471    1081  2109  2153  6252
 7472    2141  6340  3693  2140
 7473    6008  1211  2312  6152
 7474    5612   260  1127  6847
 7475    3720  4989   208  6467
 7476    1917  4645  6405  6517
 7477    1558  3268  6743  7018
 7478    2929  1048    54  6421
 7479    5954  1737  1229  6568
 7480      35  4405   401  6848
 7481    6374  6447  6562  6791
 7482     906  3399  3400  6400
 7483    6512  6337  6606  6863
 7484    6156  6185  6536  7083
 7485     961  3474  1318  6612
 7486    2957  2088  2954  6569
 7487    3388  4567  4566  6604
 7488    6339  6211  6424  6433
 7489    1463  1465  5199  6833
 7490    3500  1319     8  6748
 7491     118  3701  1693  6294
 7492    1765  6263  6572  6633
 7493    6373  6554  6763  7094
 7494    4092   567  3285  6695
 7495    2178  3731   256  6433
 7496    3970   762  6621  6841
 7497    6658  6666  2700  6850
 7498     134  3948  3228  6877
 7499    6204  6428  6478  6857
 7500    5899  5900  6226  6963
 7501    1776  4895  4894  6323
 7502     635  3492  4935  6384
 7503    3275  1795  3274  6773
 7504    4130  5157  2899  6451
 7505    5692   160  4354  7059
 7506    2235  2236  3097  6457
 7507    3478   961  3475  6612
 7508    2096  1678  2097  6830
 7509     318  2422  3415  6992
 7510    3223  6629  6787  7021
 7511     186   912  1914  7086
 7512    6169  6167  6189  6208
 7513    4741   922  3984  6640
 7514    3326   582  6772  7107
 7515    5120   234  6680  6959
 7516     400  4374  4373  7074
 7517    6427  6149  6659  6737
 7518    4827  1514  3103  6582
 7519     695  5603  2505  6570
 7520    6404  6475  6611  6675
 7521    2972  3644   675  6363
 7522     671  2468  2469  7096
 7523     586     3  3337  6497
 7524    6326  1150  6368  7055
 7525    6552  6253  6890  7118
 7526    4346  4336  4347  6878
 7527    4185  1569  1568  6506
 7528    6595  6471  6691  6835
 7529    5926  3163  5930  6569
 7530     632  4916  4917  6677
 7531    5142   654  3557  7050
 7532    1634  5815   630  6556
 7533    6085  1886   174  6390
 7534    2176  3035  5563  6868
 7535    1496  3045  5587  7052
 7536    6348  6546  6614  6894
 7537      26    27  6386  6624
 7538     383  2622   810  6817
 7539    1675   669  3617  6880
 7540    1549  3227  2358  6190
 7541    6261  6184  6343  6659
 7542    4635   418  6553  6953
 7543    6181  2167  6364  6776
 7544    6301  6368  6559  6707
 7545    6261  6581  6804  6980
 7546    5687   510  6541  6631
 7547    2856  2051  5043  6168
 7548    6398  3727  2499  3728
 7549    1482  2994  6656  6831
 7550      94  3365  4472  6420
 7551    5254  5257   665  6855
 7552     677  3649  3898  6558
 7553    2658  4308  2657  6393
 7554    2341   505  5670  5671
 7555    3676  2143  5486  6335
 7556    6260  3582  5177  7085
 7557    6160  6167  6169  6208
 7558     988  5000  6496  7015
 7559    3393  1736  3398  6346
 7560    3633  5318  6713  6815
 7561    6257  6405  6478  7037
 7562    5178  5176  6260  6387
 7563    3055  1500  1501  6297
 7564    2495  3711  6435  7031
 7565    1427  2788  1428  6839
 7566    5726   513  4366  6437
 7567    6160  6153  7057  7090
 7568    1388  2665    32  6669
 7569    2765  1422  6405  7037
 7570     993  5018  5017  6218
 7571    2598  2599  6446  7015
 7572     139  2570  6263  6633
 7573    2356  2359  2360  6621
 7574    1423  4747  4748  7037
 7575    5775  4394  6430  7114
 7576    5025  2822  5024  7077
 7577    1485    63  3006  6900
 7578     505  6089  1511  6088
 7579    2564   755  6787  7021
 7580    2057  1811  5213  6223
 7581     700  3071  6793  7013
 7582    2342  2341   505  5670
 7583    2341  2214  5672  3911
 7584    4152  4155  6223  6790
 7585    5050  1003  1004  6804
 7586    6161  6339  6424  6433
 7587    1133  6507  6762  6843
 7588    4938  2823  6315  7077
 7589    3707  3703  2493  6350
 7590    6583  6416  6641  6904
 7591    3325  6267  6334  6983
 7592    3801  2521  6897  6960
 7593    4226  5331  2173  6580
 7594    2399   589  6589  6867
 7595    2042  1052  5141  6933
 7596    3723  5589  6157  6244
 7597    1998  1954   975  7078
 7598    6694  6510  6708  6911
 7599    4712  4713   425  6725
 7600    4493  6388  6522  6658
 7601    3689  3690  5504  6597
 7602    1346  2538  1347  6664
 7603    3760  3910   294  3759
 7604    5021  6636  6780  6871
 7605    5837  5838  5840  6445
 7606    2927  2928  6175  6400
 7607    6481  4113  6674  6695
 7608    3357   593  6359  6615
 7609    2344   485  3214  6620
 7610    6225  2611  6361  6535
 7611     695  2188  5602  7072
 7612    6318  6803  6921  6991
 7613    2770  2769   429  6414
 7614    1469   470  1468  6201
 7615    2699  1404  2700  6658
 7616    1615  1616   611  6512
 7617    1003  4095  1004  6581
 7618    4277  2164  4278  6652
 7619    1694  3708   685  6364
 7620    1144  1143  1141  6118
 7621    3909  3910  2214  5672
 7622    2214  2341  5672  5671
 7623    6332  6228  6605  6860
 7624    1330    11  6327  6929
 7625    3846  3845  3851  6525
 7626    1515    71  6333  6840
 7627     567  4092  4109  6695
 7628     460  1454  2873  6348
 7629    6497  6383  6619  6966
 7630    3760  3910  3909   294
 7631    2316   739  3898  6558
 7632     294  3910  6084  3759
 7633    1991  4931  5024  6302
 7634    6974  2998  6976  7084
 7635    3325   308  1573  6334
 7636    6713  4190  6726  6870
 7637    6454  6207  6669  6878
 7638    1808  3286  6427  7085
 7639    6227  6156  6896  7096
 7640    1635  6394  6677  6760
 7641    1219  2288  6501  6861
 7642    6116  5647  1145  2205
 7643    2690   404  1401  6476
 7644      25  2597  3276  7027
 7645    3167  5929   532  6569
 7646     505  2341  2215  5671
 7647    4074  1990  6721  6871
 7648     483  5530  5529  6654
 7649    6403  6260  6537  6574
 7650    6089  3079  1511  1148
 7651     144  4075  4074  6871
 7652    6116  1144  6113  6118
 7653    1147  5667  1272  1148
 7654    6574  6537  6715  6758
 7655    6454  4351  6505  6508
 7656    6516  1785  6601  7078
 7657    6295  3781  6401  7002
 7658    3079  6089  1272  1148
 7659    5921  6027  6750  6826
 7660    1147  2343  6094  5665
 7661    6432  6567  6728  6808
 7662    6053  2328  6862  7056
 7663    3910  3760  3909  2214
 7664    6333  6159  6710  6786
 7665    2144  3678  6285  6335
 7666     674  2474  2476  6327
 7667    3102  1164  6950  7032
 7668    6592   560  6743  7018
 7669    6345  6809  7110  7119
 7670    6292  6437  5723  6515
 7671    3969   762  3970  6841
 7672    5115  2882  1018  6459
 7673    1141  1280  6124  5645
 7674    6198  6208  6320  6442
 7675    2576  2578  6681  6962
 7676    5649  4507  5647  5648
 7677    1144  6113  6118  6114
 7678    2782  6457  6460  6638
 7679    6282  4345  6326  7014
 7680    3180   736  6486  6856
 7681    4137  1806  6659  7010
 7682    3393  3394  5952  6346
 7683    2488   346  1690  6611
 7684    1147  1545  1148  3206
 7685    1476  5344  2962  6435
 7686    6249  6298  6345  6493
 7687    5789  2229  5788  7030
 7688    6089  1272  1148  6088
 7689    2343  1147  6092  5665
 7690    1141  1143  6117  6118
 7691    1280   267  6124  5645
 7692    5065  4122  5063  6275
 7693    3966   760  4649  6542
 7694     405    39  2697  6567
 7695    4507  5649  4329  5648
 7696    4491  4490  3366  6522
 7697    6643  2826  6644  6818
 7698    6392  6370  6440  6446
 7699    1763  3981  6640  6953
 7700    4507  5649  5664  4329
 7701    6093  4507  5664  4329
 7702    2932  3062  6201  6274
 7703    6545  6497  6619  6966
 7704     505  6089  3079  1511
 7705    1143  1144  6116  6118
 7706    6162  6194  6224  6257
 7707    1767   770  3239  6962
 7708    6290  6218  6376  6810
 7709    6311  3675  6754  7011
 7710    1857  4378  4379  7105
 7711    5800  3812  1163  6667
 7712    5036  5035  4086  7081
 7713    3958   754  1757  7021
 7714    6645  6404  6675  6709
 7715    4795  4024  1956  6638
 7716     876   593   875  6359
 7717    1144  3068  2205  6114
 7718    1505  2201  3066  6769
 7719    2770  2832  2768  6414
 7720    6062  2551  6600  6934
 7721    2395  3327   310  6309
 7722    6150  6148  6178  6251
 7723    6016  6248  6473  6558
 7724    1804  5154  4127  6308
 7725     772  4808  4810  6375
 7726    3008  4253  4257  6893
 7727    6189  6320  6617  6934
 7728    4667  4668  3419  6887
 7729    6204  6287  6428  6816
 7730    5959  1534  1533  6458
 7731    3917   747  2548  6898
 7732    4310   692  5607  6538
 7733    5155   659  6596  6796
 7734    2231  3780   711  7002
 7735    4655  6206  6523  6820
 7736    1932  4708  4705  6443
 7737    6073  3888  1748  6419
 7738    4151  4152  2613  6225
 7739    4747  1423  4746  7037
 7740    6257  6263  6572  6962
 7741     267  6126  1280  6124
 7742    1658  6450  6499  6762
 7743    1141  6120  1280  6117
 7744    3157  1216  5913  6501
 7745    2966  2967  6166  6552
 7746    4210  4211  4212  6575
 7747    2364  3257  6794  6819
 7748     179  3949  2560  7076
 7749    2541  3874  1346  6664
 7750    1143  6120  1141  6117
 7751    3044   498  6244  7052
 7752    6125   267  6126  1280
 7753    3349  5837  6445  6662
 7754    3435  3437  3434  6717
 7755      81  6572  6915  6962
 7756    2866  5050  1004  6980
 7757    6173  6154  6249  6641
 7758    4132  2608  6308  6514
 7759    6263  6360  6915  6962
 7760     620  3448  3451  6354
 7761    1571   827  1836  6958
 7762    4909  3479  4910  6394
 7763    2693  1402    38  6824
 7764    5447   486  5758   516
 7765    4284  5535  6484  6652
 7766     888  6305  6598  6942
 7767    1029  4170  5148  7119
 7768    2861  2866  1450  6980
 7769     961   202  3474  6612
 7770    6245  6325  6465  6476
 7771      81  3242  3239  6962
 7772    1157  4355  6863  7059
 7773     739   677  3898  6558
 7774    3820  1981  3819  6761
 7775    5034   997  5033  6732
 7776    6370  6215  6409  6908
 7777     455  2862  6308  6980
 7778    1224  6175  6227  6664
 7779    6410  6392  6730  7027
 7780    6487  6255  6698  6917
 7781    2823  4938   444  7077
 7782    5535  6484  6652  6706
 7783     948  4865   438  6753
 7784    3517  3518  6495  6895
 7785    4750   926  6296  6887
 7786    1726  6304  6445  6805
 7787    5098  3540  6507  6655
 7788    5067  2027  6539  7000
 7789    6661     1  6908  7027
 7790    6220  6234  6869  6917
 7791    6521  6284  6620  6709
 7792     940   434   433  6838
 7793    1187  4431  6544  6840
 7794    2558  2555  6692  6881
 7795    2209  5654   706  6693
 7796    1349  2544  6990  7092
 7797    4879  6562  6791  6858
 7798    3390  3391  6767  6851
 7799    3088  3781  6401  6938
 7800    1870  4430  6840  6888
 7801    3369  1596  6388  6665
 7802    3890   737  6010  6379
 7803    4999  2011  5001  6496
 7804    6014  3185  2315  6558
 7805     312   311  6603  7117
 7806    5620  5625   218  6297
 7807    2842  4994  2843  7100
 7808     726  2528  6304  6805
 7809    5865  5863  2530  6585
 7810    2594  4070  6510  6694
 7811    1443  2778  6644  6818
 7812    6676  6532  7003  7058
 7813    4310  6772  7072  7107
 7814     266  5754  1140  6874
 7815    6180  6335  6892  7011
 7816    4513  6305  6845  7022
 7817    6263  6257  6360  6962
 7818    1144  5647  6116  2205
 7819    6113  6116  1145  2205
 7820    2521  2519   719  6897
 7821    4916  2814  4917  6677
 7822    1369  2594  4070  6510
 7823    5564  3035  5562  6868
 7824    1580  4356   584  6545
 7825    6551   890  6590  6986
 7826    1033   657  6168  6502
 7827    4150  1042  5217  6523
 7828    5620  1009  5621  6297
 7829    6276  6284  6488  6986
 7830    3268  2366  6743  7018
 7831    4450  3365  6420  6425
 7832    1461  2899  2898  6451
 7833     340  3627  2469  6265
 7834    6439  6057  6617  7056
 7835    3630  3631  6299  6453
 7836    5197  6833  1465  7048
 7837    6200  6162  6264  6310
 7838    6180  6192  6213  6885
 7839    1432  1431  2799  6347
 7840    6539  5068  6609  6679
 7841    3386  1305  2416  6277
 7842    6444  6393  6847  6965
 7843    5648  4507  1145  6474
 7844    2180   690  2179  6846
 7845      45  4673  6715  6758
 7846    5487  2144  6285  6893
 7847       3  6497  6545  7014
 7848     448  2839  4975  6875
 7849    5326  5327   863  6163
 7850    3540  3539  2876  6507
 7851    5393   477  2980  7033
 7852    1283  6130  1093  6610
 7853    1534  5956  6245  6389
 7854    4732    97   319  6724
 7855    6200  6204  6428  6478
 7856     415    42  6245  6458
 7857    3486  3482  1984  6378
 7858    6248  6473  6558  6889
 7859    3030  1116  3029  6864
 7860    2262  2263  5838  6366
 7861    4943  3492  6384  6643
 7862     813  2625  6688  6963
 7863    3058  5629   500  6274
 7864    6570  4324  6718  6738
 7865    5255  5257  6855  6959
 7866    1241  6757  6914  7039
 7867    3279  4108  6410  6609
 7868    2726  2727  6526  6901
 7869    6277  6167  6489  7034
 7870    6154  6173  6242  6423
 7871    1306  3382  6854  6944
 7872    6372  6280  6516  6681
 7873     544  6021  6456  6972
 7874    3724  3044  6398  7052
 7875    1284  1554  6203  6984
 7876    1834  2643    30  6754
 7877     307  3324  6267  6334
 7878    2673  2674  5710  6951
 7879    6692  6222  6742  6789
 7880    6157  3723  6244  6398
 7881    4402  1587  3345  6650
 7882    1453  2872   460  6348
 7883    5565  3699  2141  6995
 7884    2875  5090   650  6348
 7885    6329  6312  6668  6825
 7886    5215  5216  6509  6523
 7887    6168  4964  6414  6683
 7888    6415  6724  7029  7082
 7889    6626  6671  6708  7054
 7890    2418  1309  1310  6536
 7891    4559   410  4560  6859
 7892    6933  5140  7043  7050
 7893    3772   355  3764  6559
 7894    4323  2661  6718  6735
 7895    4516  6590  6637  6639
 7896    1193  5821  2258  6323
 7897    4507  6093  1888  6474
 7898    4569  4566  4705  6604
 7899    6293   145  6624  6937
 7900      28   385  2626  6688
 7901    6612  6344  6906  7065
 7902    4824   323  1626  6582
 7903    4062    24   781  6729
 7904    1660  2457  6530  6852
 7905     848  1582  6515  6619
 7906    4515  3920  6942  7019
 7907    4469  1875  7008  7023
 7908    2353  3226  2357  6787
 7909    6374  6239  6391  6413
 7910    1162   714  3089  6401
 7911    2156   492  6811  6941
 7912    6259  4631  6640  6953
 7913    6209  6939  7042  7108
 7914    6169  6282  6497  6723
 7915    1852  4348  4349  6508
 7916    1090  6104  5428  6620
 7917    4309  5607  6538  7107
 7918    3348  3350  6662  6867
 7919    1423  1422  2765  7037
 7920    4231  2636  6689  6783
 7921    1284  6203  6768  6984
 7922    1624   619  6844  6903
 7923    6133  6134  6656  6996
 7924    1209  3142  6355  6777
 7925     939  1960  4800  6457
 7926     732  5887  6251  6587
 7927     271  3785  1718  6457
 7928     250  2998  5779  6976
 7929     310  1578   309  6309
 7930      69  3094  6418  6638
 7931    5772  6430  6647  6907
 7932    6652   157  6812  6920
 7933    3539  2454  6450  6655
 7934    4763  1946  1945  6717
 7935    1114  5548  3708  6547
 7936    3458  3459  6903  7103
 7937    2276   476  2277  6466
 7938     106  3556  6530  7043
 7939    2011  4995  6561  6910
 7940    6367  6623  6880  7096
 7941    6065   546  6064  6320
 7942    4770  6429  6646  6717
 7943     939  1425   431  6457
 7944    5489  3008  1487  6893
 7945     212  6498  6732  6895
 7946    6577  4618  6632  7021
 7947    5100  1017  3534  6459
 7948    2246  1174  3793  6527
 7949    6442  2327  6842  6862
 7950    3004  5474  2135  6584
 7951     216  1461  2898  6451
 7952    6232  6570  6792  6959
 7953    5574  2496  6157  6382
 7954    6016   133  6015  6248
 7955    6436   110  6749  6792
 7956    6229  6460  6903  6909
 7957    2711    40  4546  6491
 7958    4020  4019   618  7045
 7959    6412  6278  6480  7084
 7960    4512  1405  4511  6471
 7961    3225  3224  6190  6629
 7962    6396  3181  7007  7092
 7963    3478  2435  3480  6612
 7964    5121  6158  6459  6680
 7965    2754  4696  6349  7029
 7966    2483  2486  6685  6785
 7967    6243  6396  6491  6935
 7968    5069  5620   218  6297
 7969    2974   476   475  6466
 7970     455  2862    49  6308
 7971    3041  5581  2182  6467
 7972    4123  4121  6376  6674
 7973    2401   590  3351  7080
 7974    2408    95  6448  6936
 7975    3722  2013  3516  6157
 7976    4589   182  4590  6458
 7977    1385  6393  6627  6965
 7978     419   912  6517  7086
 7979     879  4475   876  6774
 7980    6207  6169  6362  6422
 7981    5600  5601  2188  7072
 7982    3399  3400  6400  6524
 7983    4573   423  4574  7070
 7984    1683  6289  6678  6973
 7985    2144  1102  6335  6893
 7986    5688  2221  6479  6631
 7987    5026   970   996  6315
 7988    2519  3797  3794  6960
 7989      97  1614  6724  7006
 7990     892   176  6565  7069
 7991    3745  5626   119  6232
 7992    6381  6159  6630  6786
 7993    1553  3248  4010  7045
 7994    4331  1849   844  6474
 7995      81  3241  3244  6915
 7996    6686  6317  6798  7093
 7997    2894  2895  6770  6933
 7998    3425  1613  3424  7029
 7999    4539  4694  6491  6631
 8000    6479  6337  6512  7029
 8001    4329  5648  1145  6474
 8002    3444   322  3443  6857
 8003    2162  5411  5527  6678
 8004    4171  6733  6849  6922
 8005    4016   555  2362  6203
 8006       9  3529   334  6655
 8007     252  5785  5781  6882
 8008    3364  1878  6258  6448
 8009    1273  5423   296  6099
 8010    3468   629  3467  6487
 8011    1604  6686  6798  7093
 8012     777  3260  4036  6954
 8013    4916  3485   204  6677
 8014    6809  6493  7088  7119
 8015    5599  5598  1059  6971
 8016    4261    89  6660  6998
 8017    4734  4736   925  7062
 8018    4763  4667  6574  6758
 8019     256  2178  6433  6462
 8020    5347  3648   245  6463
 8021    5884  3852  6253  6890
 8022    6209  6276  6488  7124
 8023    4587  4589   603  6458
 8024    6382  2497  6398  6940
 8025    5070  5072   651  6499
 8026    2579  1365  6962  7051
 8027    3229   760  6542  7040
 8028    4275  5560  6586  6812
 8029    4372    34  1856  7044
 8030    3231  2354   553  6593
 8031    6469   747  6898  7060
 8032     147  3297  4139  6918
 8033    5414  5530   483  6654
 8034    3437  3438   100  6429
 8035      59  6035  1259   479
 8036    2515  3102  6909  7032
 8037    5485  3694  6426  6995
 8038     506  6087  6088  7001
 8039    1777  4035  4032  6566
 8040    1706  1658  6499  6762
 8041     606  1910   909  6955
 8042     684  3704  1333  6350
 8043    6127  6128  3746   264
 8044    3150  1526  2284  6226
 8045     586  3332  6497  6545
 8046    6765  6759  6945  7120
 8047    5397  5401  2324   292
 8048      50  2869  2868  7000
 8049    4145   381  6427  6788
 8050    6637  6209  6666  7108
 8051    1895  1274  6986  7038
 8052    3692  3680  6340  6426
 8053    2126  1090  6104  5428
 8054    2077  2943  1058  6580
 8055    2243  5453  6685  6831
 8056    2782  4021  2582  6638
 8057     632  4917  1635  6677
 8058    6322  6933  7043  7050
 8059    3961  5217  5218  6523
 8060    3257  3259  6744  6954
 8061    5486  2143  4259  6335
 8062    1904   763  3971  7035
 8063    1484  3028  5481  6900
 8064    1703   693  3733  6538
 8065    2366  3268  6743  6954
 8066    6387  6260  6557  6919
 8067    6361  6225  6557  6788
 8068    1911  4622  1912  6518
 8069    6406  6276  6645  6709
 8070    2585  1366  6434  6638
 8071    3215   549   484  5427
 8072    4413  4410  6369  6848
 8073    6105  3212  6620  7038
 8074    5162  4137  6659  7010
 8075    2335   547  6083  6559
 8076     549  2126   484  5427
 8077     107  3582  6403  7085
 8078    6456  2317  6972  6987
 8079    6483  4826  6582  6839
 8080     632  3479  2436  6394
 8081     350  1133  6762  6843
 8082    1265  6056  2698  6320
 8083    2884  2929  1019  6421
 8084    4237  4239  6779  7113
 8085    5783  1868  6885  6888
 8086    6158  6546  6594  6784
 8087    5298  6453  6588  6927
 8088    2784  4806  4807  6635
 8089     485  3215  1273   296
 8090    1167  4822   622  7103
 8091     296  5423   297  6099
 8092    6329  6520  6830  6978
 8093      99  1640   934  3496
 8094    6175  2928  6283  6400
 8095    4227   894  2111  5406
 8096    6339  6220  6374  6407
 8097    6279  6293  6298  6440
 8098    4464  5980  1874  6859
 8099    6340  6696  6864  6995
 8100    4227  4228  5422   893
 8101    5405  3193  1084   479
 8102      95  4449  6448  6936
 8103     894  4227  2111  6046
 8104    2324  5398  1259   479
 8105      20  3896  1351  6731
 8106    6298  6160  6641  7057
 8107     924  4722  3427  7006
 8108    1081  3700  5526  6678
 8109    3541  2454  3538  6450
 8110    6322  6530  6546  6614
 8111    3211  2345  3210  7038
 8112    2242  3110  6653  6685
 8113     212  5028  6498  6895
 8114    3163   532  5932  6569
 8115    1365  6360  6681  6962
 8116    2733   415  6245  6881
 8117    5493  3682  6246  6285
 8118    4241  4243  6660  6779
 8119    1008  5068   792  6609
 8120    4159  4161  1379  6494
 8121    1239  3175  6057  6439
 8122    3515  2013  1646  6157
 8123    4524   890  6551  6986
 8124    1156  5692  1155  6606
 8125    6443  6415  6851  7082
 8126    5179  1036  5178  6788
 8127    2248  5769  5767  6799
 8128    4525  1895  6986  7038
 8129    1793  1792  4076  6608
 8130     201  4896  1981  6761
 8131    5936   531  3872  7079
 8132    6279  6490  6804  7081
 8133    4377   853  1160  6883
 8134    1522  3136  6246  6740
 8135    5072  5070    50  6499
 8136    5801  1191  6648  6667
 8137    6176  6319  6622  6875
 8138    6233  6438  6501  6808
 8139      76  1213  3147  6353
 8140    6333  3118  6882  6897
 8141    6470  6172  6577  7021
 8142     791  4111   567  6695
 8143    2481  3657  6529  6889
 8144    5294    56  5297  7071
 8145    6245  1534  6389  6458
 8146     915  3417  4646  6756
 8147    1932  3421  6725  7082
 8148    6287  6564  6646  6722
 8149    1629  4880  4868  6791
 8150    6310  6279  6684  7081
 8151     362  6385  6969  6987
 8152     850  4370  2396  7074
 8153    6763  6571  6793  7013
 8154    6356  6233  6358  6688
 8155    6210  6316  6366  7016
 8156    5340  2094  6822  6978
 8157    4618   753  4619  6632
 8158    4105  5081  6614  6894
 8159    2877  5098  2876  6507
 8160    1212   113  5363  5373
 8161    6755  4463  4462  6859
 8162      90  4314  3329  6879
 8163    6180  6159  6228  6885
 8164    1772  4735  2586  6806
 8165     512  5712  3090  6883
 8166    5557  4327  1847  6580
 8167    1289  2375  2372  6957
 8168    5282  2075  4211  6575
 8169    1150  3773  2216  6368
 8170    2786  1426  2787  6375
 8171    2012  6561  4087  2841
 8172    6260  6387  6537  6574
 8173    2120  2119  6703  6802
 8174    3224  3945  3946  6441
 8175    4393  6430  6642  6647
 8176    5568  3032  3725  6492
 8177    4927   969   771  7078
 8178    1725  3817  3822  6761
 8179    3072  5658   700  6793
 8180    2393  4320  1575  6772
 8181    2305  4556  1244  6990
 8182    1188  3123  6532  7058
 8183    2143  3676  3677  6335
 8184    1682  3652  7066  7113
 8185    5712  5711  2229  6883
 8186    5937   532  6569  6628
 8187    3286  3287  1808  6427
 8188    3304    86  4207  6520
 8189    6212  6171  6222  6359
 8190    1332  3683  2490  6977
 8191    3579  2460  3574  6537
 8192     952  4872   326  6858
 8193    2341   505  2215  6576
 8194    4217  6734  6926  7047
 8195    4527  1896  6565  7026
 8196    6085  1269  6069  6250
 8197    6178  6251  6329  6336
 8198    3951  3950  1755  6789
 8199    3227   134  3228  6877
 8200    3164  6265  6569  6628
 8201    4626  2059   185  6300
 8202    2011  5001  6496  6561
 8203    1798  4095  6581  6624
 8204    6204  6296  6756  6887
 8205    1980  4995  2011  6910
 8206    6847  6444  6965  7107
 8207    3627  2088  3626  6265
 8208     601  2720  2721  6607
 8209    4034  1778  1367  6759
 8210    3986  1765  6263  6572
 8211    4751  3436   613  6296
 8212    3755  5659  6508  6793
 8213    1501  5612  1502  6297
 8214    6526  4710  6901  7070
 8215     331  3522  6495  6596
 8216    2724  4573  2725  6901
 8217    1808  6427  6788  7085
 8218     736  1740  2542  6489
 8219    5787  6670  6747  7030
 8220    3775  1338  7055  7073
 8221    5084  5083   459  6431
 8222    2650  6800  6812  6920
 8223    2984   482    60  6821
 8224    1771  4012  6806  6905
 8225    2607  1801  5013  6674
 8226    2102  5878  1525  6466
 8227    3117  1181  6882  7084
 8228    4034  4035  6759  6954
 8229    3144  5510  1524  6622
 8230    2434  3468     7  6487
 8231    1415  4671    45  6758
 8232    1546  3209  6098  6620
 8233    3539  2453   334  6655
 8234     689  3714   688  6533
 8235    6153  6178  6312  6713
 8236    6174  4591  6458  6536
 8237    6375  4808  6635  6681
 8238    6299  6165  6425  6873
 8239    3332     3  6497  6545
 8240    2665   397  2666  6669
 8241    5042  2857  6168  6657
 8242    4261  4263  6998  7012
 8243    2365  2366   303  7018
 8244    6018   246   739  6558
 8245    5686  1928  2220  6865
 8246    1866   861  4411  7025
 8247    6225  6260  6557  6788
 8248    6281  6238  6485  6515
 8249    6170  6200  6302  6708
 8250    4176  4182  6817  6993
 8251    3703  1112  5532  6776
 8252     601  4571   599  6607
 8253    5919   283  5920  6728
 8254    2840  6176  6319  6467
 8255    4497  4498   597  6637
 8256    2966  2970  2967  6552
 8257    6274  6421  6655  6843
 8258    6243  6337  6606  7073
 8259    3832  1727  2528  6805
 8260    1984  4898   959  6378
 8261    1687  1753  6521  6610
 8262    6235  6267  6309  6745
 8263    5417  4243  5410  6660
 8264    4183  4182  2624  6746
 8265    4084  4083  6534  6773
 8266    2963  2170  5341  5342
 8267    2489  5437  3670  6675
 8268    6167  6222  6402  6952
 8269     974  4054  6643  6644
 8270      15    14  1336  7094
 8271    6298  6249  6322  6493
 8272     252  1185  1099  5468
 8273    4975  4974  6875  6917
 8274    2490   348  6426  6977
 8275    1224  1734  1735  6227
 8276    5265  5138  6778  7043
 8277    4187  1818  4186  6506
 8278    4754  4748   766  6633
 8279     823  4250   155  2255
 8280     129  1737   735  6568
 8281    5776  3799   721  6885
 8282    3146   281  2278  6253
 8283    4896  2806  1982  6556
 8284    5744  3128  6906  6950
 8285    5712  4381  6807  6883
 8286    3728  3724  2498  6398
 8287     535   537  6511  6774
 8288     928  4757  1765  6572
 8289    1185  1099  5469  2255
 8290    2846  5007   210  6244
 8291     250  5462  5777  3810
 8292    4460  1233  6245  6755
 8293    4921  4820  6760  6838
 8294    3347  4392  2403  6513
 8295    3416  1609   318  6557
 8296    6233  6299  6358  6713
 8297    3684  1332  6597  6977
 8298    4318   842  2663  7102
 8299     823   155  4252  4431
 8300     222  5252  5120  6680
 8301    3477  3482  3483  7065
 8302    2029  5078   219  6894
 8303    6210  6211  6220  6339
 8304    1487  5487  6285  6544
 8305     317  1314   318  6992
 8306    1195  3135  5822  7064
 8307    4849  4977  6234  6917
 8308    2371  3293  6790  6957
 8309     405    39  6567  6750
 8310    3421  3422  3426  7082
 8311    3327  4287  6745  6920
 8312    5652  5646   353  6763
 8313    6171  6153  6254  6258
 8314    4649  3966  6542  7067
 8315    4471  5968  5969  6616
 8316     417  2741  2742  6518
 8317    1370  4084  6534  6773
 8318    4432   823   155  2255
 8319    5440  6135  6610  6656
 8320    1441  2814  6677  6838
 8321    2290  1222  6179  6628
 8322    5485  3699  3694  6995
 8323    1079  5390  6558  6889
 8324    2807  4028  2810  6700
 8325    1185   252  1516  5785
 8326    1224  2293  1734  6227
 8327      97  3429  3427  7006
 8328    3934  3933  6475  6996
 8329    6340  6339  6696  6995
 8330    2884  5249  6421  6837
 8331    2602  2601  6581  6624
 8332    5232  5234  6472  6896
 8333    1286   558  3263  6911
 8334    6323  6759  6765  6975
 8335     596   890  2411  6590
 8336    6783  6147  6891  7113
 8337    4189   149  1819  7121
 8338    1437  4910  1988  6839
 8339    1043  5225  2921  6300
 8340    5013  5012  6464  6674
 8341    5236  2922  6472  6714
 8342    6149  6200  6204  6498
 8343     165  5770  5773  6647
 8344    5899  4438   863  6163
 8345    3578   337    10  6673
 8346    4569  4705  6526  6604
 8347     680  2484  2488  6611
 8348    5063  4123  6275  6674
 8349    4453  4457   168  6465
 8350    6544  6192  6888  6893
 8351    3435  3434    98  6816
 8352    3188  2320   543  6972
 8353    2998    61  5779  6882
 8354    4182  4183  6506  6746
 8355    5112  5105  6274  6837
 8356    3619   671   668  7096
 8357    1290  1289  3288  6957
 8358    1042  2059  5218  6523
 8359    1543   546  6065  6617
 8360      64  3044   498  6244
 8361    1491  3018  1490  6363
 8362    4336   398  4334  6878
 8363    1469  5626   262  5259
 8364    6324  6225  6798  6992
 8365    2540  2539  3866  7083
 8366    5467  2134  1515   252
 8367    5888  5889  2279  6353
 8368    1838   583  4288  6745
 8369    2700  4487  6666  6826
 8370    6206  6187  6523  6820
 8371    3326   582   307  6772
 8372      21  3925  6829  6996
 8373    3682  3684  6246  6977
 8374    5437  3673  3670  6675
 8375    2506  6693   703  7094
 8376    5080  1454   460  6348
 8377    6192  6210  6426  6977
 8378     853  4377  6383  6883
 8379    2859  5041  3522  6502
 8380    1515  1185   252  1516
 8381    4812  4809  6601  7078
 8382    6426  3697  6533  6995
 8383    1336   703  7013  7094
 8384    1182  5778  5462   250
 8385    5927  3166  1220  6569
 8386    6404  4235  6645  6675
 8387    4426  3349  6445  6867
 8388    6184  6659  6988  7010
 8389    2243  5454  3667  5452
 8390    6186  1665  6537  6899
 8391    6158  6365  6594  6679
 8392    5974  1242  3888  6757
 8393    2484  3662   346  6611
 8394    5718  2232  6401  6712
 8395    2113  2638  5408  7113
 8396    4827  3103  6483  6582
 8397    6332  6362  6422  6860
 8398    5727  6418  6437  6504
 8399     545  4494  6876  7108
 8400    5461   250  5777  3810
 8401     486  5450  5758   516
 8402    3180   539  1537  6856
 8403    6428  6429  6771  6816
 8404    6305  4512  6471  6691
 8405    6307  6354  6394  7009
 8406    6191  6173  6214  6322
 8407    2834  2835  6646  6657
 8408    5017  5016  6218  6674
 8409    5446   486  5444  2241
 8410    5379  5378   280  2104
 8411    1399  4437  6873  7004
 8412    6871  5021  4075  4928
 8413    4914  3488  3490  6819
 8414    5795  2527   125  7003
 8415    4939  2819  2820  6315
 8416    5023  2018  6264  6780
 8417    6345  6249  6493  6993
 8418    2485   347   346  6675
 8419     609  1609  3416  6919
 8420    6269  6158  6594  6680
 8421     422  2754  2753  6479
 8422    6473  6148  6558  7033
 8423    2368  2604  1559  6937
 8424    2025  4124   217  6376
 8425    6501  3160  3159  3158
 8426    6263  2570  6352  6633
 8427    1640  1639   102  6429
 8428    5024  2822  6302  7077
 8429    4319   839  6331  7102
 8430    6242  6423  6506  6926
 8431    3294  5213  4155  6223
 8432    4977  1644  6234  6917
 8433      47  2807  2810  6700
 8434    6249  6155  6298  6322
 8435     427  2227   188  6836
 8436    6238  6485  6515  7116
 8437    6901   412  7035  7091
 8438    2415  1303  1304  6767
 8439    4714  4716  1933  6651
 8440     765  3978  1361  6912
 8441    6148  6252  6289  6294
 8442    6527  3794  6956  6960
 8443    4262   389  6998  7012
 8444    2678  1864   857  6967
 8445    4910  4909  6399  6839
 8446    1164  3102   716  7032
 8447    4123  5063  2606  6674
 8448    4963  5042   447  6657
 8449    3332   586   585  6545
 8450    2687  4447  6425  6873
 8451    4122  5064   377  6481
 8452    3804  6653  6976  7084
 8453    3929  2349  1137   264
 8454    2597    25  6446  7027
 8455    1769  3999  4000  7095
 8456    1357  3959  1358  6820
 8457    5693  2223  6928  7059
 8458    1691  1692  5501  6316
 8459    5289  5293  5197  6833
 8460     686  3706  6463  7031
 8461    3834  3836  6255  6805
 8462     987  4990  6795  6832
 8463    2855  2857  5042  6657
 8464    5447   486   516  5753
 8465    3440   615  3438  6771
 8466    6210  6176  6255  6917
 8467    3639  5371  6253  6327
 8468     590   313  2403  6513
 8469    1637  1636  3483  7065
 8470    6042  4519  6639  7026
 8471    2124  2125  6663  6706
 8472    3859  6438  6587  6618
 8473    2253  5782  6236  6885
 8474    5570  5499  6533  6846
 8475     988  4999  5001  6496
 8476    6152  6009  6353  6558
 8477    1137  2349  2350   264
 8478    5446  1097  2241  1096
 8479    6127  3929  1137   264
 8480    3428  6468  6752  7006
 8481    5444  5446  2241  1096
 8482      61  3001  6882  6974
 8483    6257  6478  6633  7037
 8484    2351  5640  5641   501
 8485    4726  4720  4721  6752
 8486     551  5635  3222  1135
 8487    5034  6490  6732  7081
 8488    2159  5364  1073  6811
 8489    2857   454  6168  6657
 8490    2570  6263  6352  7101
 8491     501  6143  3064  6144
 8492    6255  6176  6875  6917
 8493    2043  5144  6519  6770
 8494    3700  1081  3701  6294
 8495    6176  6382  6869  6917
 8496    2261  1197  6544  6740
 8497    6127  1137  6128   264
 8498    2347  1090  5430  6108
 8499    6131  6129  2128  2348
 8500    6148  6327  6353  6941
 8501     135   134  3943  6441
 8502    1644  1643  6234  6917
 8503    2440  3495  2439  6429
 8504    2381  4218  1567  6825
 8505    4640   914  4642  6686
 8506    2211  4371  5660  6505
 8507    3285  4092  6695  6823
 8508     835  1579  3328  6745
 8509    6755  4463  6859  7023
 8510    6188  6503  6697  7120
 8511    4488  1883  6320  6522
 8512    5005  3510  1645  6477
 8513    4591  2731  4590  6458
 8514    5023   206  4929  6721
 8515     537  3173  6511  6862
 8516    3644   474  6327  6466
 8517      17  1341  2526  7099
 8518     553  2356  3234  6621
 8519    2028    50  6297  6499
 8520    6228  6332  6455  6799
 8521    6202  6203  6902  6905
 8522    3315  3317   578  6630
 8523    3803  3796   514  6653
 8524    6211  6244  6398  6869
 8525    2090   863  5924  5923
 8526    6323  1193  6765  6945
 8527    6744   302  6911  7018
 8528    1175  5657  6605  6907
 8529    1090  2347  2126  6104
 8530    5460  2132  6550  6710
 8531    2594   373  4070  6694
 8532    6616   872  6949  7008
 8533    6225  6149  6260  6427
 8534    5979  2301   288  6856
 8535    5453  2243  3667  5452
 8536    6129  2128  2348  6130
 8537    5173  2905  6673  6899
 8538    4895  4028  6700  6975
 8539    5416  2117  6703  6997
 8540    4378  1857  6853  7105
 8541     972   971  2820  6315
 8542    1770  4015  6434  6905
 8543     812  2283  2098  5355
 8544    5887  5886  2279  6890
 8545    6333  6786  1383  6754
 8546    2919  2461  2921  6300
 8547    6314  6475  6531  6611
 8548    6129  6131  5438  3661
 8549    6107  6131  6129  3661
 8550    2691  4466  1401  6476
 8551    6444  6481  6695  6814
 8552     892  6565  7026  7069
 8553    5607   692  3733  6538
 8554    1090  2347  6107  6108
 8555    5966  4481  6842  6862
 8556    6131  6129  5438  2128
 8557     559  4067  3265  6911
 8558    5406  4228   893  7069
 8559    4294  2185  2184  6810
 8560    4757  1943  2766  6478
 8561    1931   422  4701  6479
 8562     840  5600  4322  6738
 8563    4489  1884   171  6522
 8564    2348  5439  1283  1093
 8565    5450  2129  5758   516
 8566     717  5738  6667  6947
 8567    6444  6393  6481  7000
 8568    1090  6107  3661  6108
 8569    2488  2484   346  6611
 8570    6388  6198  6390  6522
 8571    1349  3879   360  6990
 8572    5738  3811  6667  6947
 8573    1745  6038  3895  6989
 8574    5494  5493  6246  6285
 8575    3763  2507  6541  6741
 8576    2976  5377  5375   254
 8577    5635  5445  1095  2241
 8578     569  5162  6659  7085
 8579    6701  6566  6744  7120
 8580    1283  6136  1093  6138
 8581    6136  2993  1093  6138
 8582    6164  6363  6811  6929
 8583     599   600  6607  6702
 8584    1097  5751  1095  2241
 8585    5042  4964   447  6657
 8586    3651  3653   480  7066
 8587    6143  3221   501  3064
 8588    2198  6145  1135  2352
 8589    4120  4121  2606  6674
 8590    5026  1995   970  6315
 8591    3221  2351   501  3064
 8592     762  3236  6621  6964
 8593    5340  2477  3635  6929
 8594    4787  4788  6644  7078
 8595    2243  3113  5451  2129
 8596    2350  2349  2199   264
 8597    3675  6335  6754  7011
 8598    4468  2690  1401  6476
 8599    2688  4454  1401  6476
 8600    5402  5401   114  6775
 8601    4957  2831  6646  6657
 8602     808  1293  3302  6985
 8603    4642   914  3409  6686
 8604    6234  6220  6487  6917
 8605    4137  3289  6659  7068
 8606    1095  5445  5446  2241
 8607    5383  2106  2314  5382
 8608    6142  6141  6139  1095
 8609    6470  6787  2564  6593
 8610     970  1995   972  6315
 8611    2351  5640   501  3064
 8612    1097  5751  2241  1096
 8613    3739  1658  5095  6499
 8614    3735  1706  5624  6499
 8615     996  4937  6310  6315
 8616    6372  4047  6794  6819
 8617    4964  6168  6414  6657
 8618    6311  6180  6958  7011
 8619     150  5407  6783  7069
 8620    5443  6146  6145  1096
 8621    6509  6300  6523  6820
 8622    6063  2551  2330  6934
 8623    5378  6005  5379   280
 8624    5443  6141  6142  1095
 8625     324   327  1632  7024
 8626    2572  2575  6705  7101
 8627    2618   382  1377  6849
 8628     649   105  1656  6679
 8629     859  4400  6573  7064
 8630    1135  5635  1095  2241
 8631     506  1510  6576  7001
 8632    6136  2993  6140  6139
 8633    1081  6289  6294  6678
 8634    6207  6169  6505  6723
 8635    5635  5752  2994   486
 8636    2275  5379   280  2104
 8637    5378  5381  5513  5380
 8638    6146  5443  5750  1096
 8639    6145  6146  5751  1096
 8640    2061  5224  5228  6518
 8641    1097  1095  5446  2241
 8642     551  6143  1135  2352
 8643    2606  1372  1374  6674
 8644    5528  2116  6973  7104
 8645    4120  2607  5016  6674
 8646    2835   447  6414  6657
 8647     498  6218  6244  7052
 8648    2978   542  2105  3186
 8649    5378  5381  5380  5379
 8650    5381  5378  6005  5379
 8651    5375   280  2104  5376
 8652    5377  5515  5375   254
 8653    4351   849  6454  6505
 8654    3517  3518  5039  6495
 8655    5377  2976  5518   254
 8656    6005  5378  5513   280
 8657    1917  1942  1941  6405
 8658    5513  5378  5375   280
 8659    5515  5375  2152   280
 8660    6007  2311  2106  2107
 8661    5515  5513  5375   280
 8662    5375  5515  2152   254
 8663    5364  1111  1074  2101
 8664    5518  2976  5374   254
 8665     476   280  2974  5376
 8666     280   476  2104  5376
 8667    2152  2975  5376   254
 8668    5375  2152  5376   254
 8669    2975  5375  5376   254
 8670    5550  5548  6331  6364
 8671     236  5147  6993  7119
 8672    1074  1111  5369  2101
 8673    5381  6006  2313  2106
 8674    2152  5515   280  2106
 8675    5515  5513   280  2106
 8676    6005  5381  2313  2106
 8677    5381  6005  5513  2106
 8678    2311  2152   280  2106
 8679    2313  2311   280  2106
 8680    6005  2313   280  2106
 8681    5513  6005   280  2106
 8682    2106  2313  2314  5382
 8683    2105   542  2977  5384
 8684    2106  2107  5383  2314
 8685    2106  6007  2107  2314
 8686    2311  6007  2106  2314
 8687    2313  2311  2106  2314
 8688    3187   542  5383  5384
 8689    4054  6516  6643  6644
 8690    5760  2209  6693  6699
 8691    5322  2954  6569  7046
 8692    1253  5387  6017  1077
 8693    6017  1253  1077  6013
 8694    3408  4642  6686  7093
 8695    2983  3656  2480  6801
 8696    4538  4539  6541  6631
 8697    4240    29  2637  6739
 8698    1214  3153  3155  6226
 8699    6570  6230  6792  6855
 8700     756  4626   185  6300
 8701     294  3760  3759  6559
 8702    6345  6578  6993  7110
 8703    1111  5519  1074  5369
 8704    3641  5345  6811  6929
 8705    2812  4904  6612  6839
 8706    3859  3858  1733  6587
 8707    5156  2047  1460  6596
 8708    5146  2893  6770  6932
 8709     850  3342  6723  7074
 8710    6557  6217  6686  6756
 8711    3874  6568  6664  7079
 8712    4761  4762  6574  6887
 8713    6148  6154  6231  6289
 8714    3384  3383  6607  6742
 8715    1254  6023  1255  6618
 8716    2455  3531  3530  6450
 8717    5368  1478  2972  6363
 8718    3401  4610  1310  6524
 8719    5609   260  5612  6393
 8720    6148  6251  6353  6625
 8721    3301  1566  4194  6870
 8722    6083   547   743  6559
 8723     708  3765  1714  6559
 8724     139  4756  4754  6633
 8725     355  3765  3764  6559
 8726    2336  3202   294  6559
 8727    5692  1156   160  7059
 8728     416  4598   904  6185
 8729    2088  3626  6265  6569
 8730    2182  5583   208  6467
 8731    2243  3667  2245  6685
 8732     210   644  6157  6244
 8733    5568   349   691  6492
 8734    4770    99  1951  6429
 8735     362   363  6385  6987
 8736    4581  1235   180  6755
 8737    6532  3123  7003  7058
 8738    5888  1251  6010  6473
 8739     133  6032  1746  6248
 8740    4272  1837   829  6461
 8741    6170  6162  6256  6264
 8742     705   707  3758  6693
 8743     835  4289  6528  6745
 8744    6172  6165  6179  6254
 8745    5824  2260  5823  6761
 8746    5363  5882  2100  5883
 8747    1396  4429  4424  6549
 8748    1476  1477   245  6435
 8749    6255  6303  6698  6720
 8750    2969  5358  1528  3151
 8751    3258  2364  3262  6794
 8752    2159  1073  2158  6811
 8753    3001  3002  6710  6974
 8754     529  1075  2973   475
 8755    5373  5881  1212  5372
 8756    5747  1428  6483  6839
 8757    1212  5372  5880  5879
 8758    5879  2102  5878  1525
 8759     841   840  4323  6718
 8760    6233  3853  6501  6704
 8761    6183  6154  6205  6734
 8762    4068   633  3491  6708
 8763    2276   529  1076   475
 8764     476  2276  1076   475
 8765    6417  6312  6668  6870
 8766     497  5581  6319  6467
 8767    2840  4986  6176  6467
 8768    6258  6254  6359  6615
 8769    4987  1646  6157  6467
 8770    6591  6318  6733  6921
 8771    4775   928  3238  6572
 8772    6965  6191  6444  6161
 8773    1766  6705  6943  6984
 8774    4157  3300  2043  6519
 8775     856  1861  6543  6563
 8776    4984  2182   208  6467
 8777    5370  2102  5371  1525
 8778    3515  3516  6157  6467
 8779    3718  5574  6157  6467
 8780    3722  1699  6157  6467
 8781    1699  3719  6157  6467
 8782    5372  5879  2278  1525
 8783    5372  2102  5879  1525
 8784    5371  2102  5372  1525
 8785    5371  5372  2278  1525
 8786     321  3444  3445  6428
 8787    3640  5370  6327  6466
 8788    6460  4021  6638  6902
 8789    3050  3049   836  6218
 8790    2391  3313  2390  6406
 8791    3444   321   322  6428
 8792    5913  5915  3855  6501
 8793    3916   746  2548  6898
 8794    6599  2616  6733  6849
 8795    3914   747  3915  6469
 8796    3141  6347  6369  6720
 8797    2844   992  6218  6244
 8798     145  4086  4093  6293
 8799    4016   555  6203  6902
 8800    6204  6217  6296  6405
 8801    2620  6417  6578  6817
 8802     510  6541  6631  6865
 8803    6157  6382  6398  6869
 8804    2902  5043  6168  6683
 8805    3195   546  6617  7056
 8806    3922  3923  1750  7061
 8807    1212  5373  5372   113
 8808    5372  5371  2278   113
 8809    4345  4343  6282  6326
 8810    2511  2510  1337  7073
 8811    4598  4599   904  6185
 8812    6475  6521  6709  7038
 8813    2278  3146  6253  6466
 8814    1212  5372  5879   113
 8815     281  1212  5879   113
 8816    5879  5372  2278   113
 8817     281  5879  2278   113
 8818    2478  1681  6529  6775
 8819    1773  3249   555  6902
 8820    1883  4488   171  6522
 8821    1779  2590  4038  6975
 8822     667  2941  2940  6436
 8823    3156  1526  6166  6226
 8824     534  1411  6175  6185
 8825    4009   140  4010  6948
 8826    1803  2605  4118  6814
 8827    2071  4186  6746  6827
 8828     603  1601  6346  6536
 8829    2168  5537  6181  6528
 8830    1620  4777  6857  7111
 8831    5212  3584   232  6991
 8832     809  6417  6817  6985
 8833    4928  5021  4076  6780
 8834    5972  5969  6511  6952
 8835     231  6509  6981  6991
 8836    3674  3310   577  6645
 8837    4384  4385  6670  6853
 8838    2948  6227  6283  6896
 8839    6172  6593  6621  6787
 8840    4116  4114  1802  6661
 8841    6292  6281  6515  6966
 8842    5458  2131  5459  6550
 8843    6414  6287  6657  6715
 8844    6550  6480  6710  6974
 8845    6278  6373  6672  6874
 8846    4396  3831  6413  7109
 8847    6315  5026  6498  6732
 8848    5360  2970  2099  6525
 8849    6660  6406  6739  6779
 8850    1795  1794  1796  6773
 8851    6374  6256  6496  6636
 8852    2206  5653  1711  6571
 8853     480  6613  7066  7113
 8854     998  2852  4082  6534
 8855    5234  1045  6283  6896
 8856    2159  5364  1111  1074
 8857    2357  1549  2359  6787
 8858    2803  4875  6562  6858
 8859    2025  1128  2870  6275
 8860    5646    15   353  6763
 8861    5364  2159  5366  1074
 8862    6336  6178  6356  6548
 8863     266  3066  6874  7017
 8864    2481  3658   345  6529
 8865     351  2503  6201  6843
 8866    6525  6336  3850  6166
 8867      56   471  5297  7071
 8868    6316  5502  6597  6777
 8869     417  4625  1911  6518
 8870    3581   662   107  6403
 8871    1587  1865  6413  6650
 8872    6485  2761  6836  7062
 8873    1107  5503  3017  6500
 8874    4003   772  6375  6601
 8875    3609   666  5275  6827
 8876     168  4457  2691  6465
 8877    5351  2097  6552  6830
 8878    6042  6639  6891  7026
 8879    2550  6600  6898  7060
 8880    4246  1570   306  6381
 8881     192   967   968  6601
 8882    6484  4285  6652  6920
 8883    1657  1014  3536  6459
 8884    4600  3397  1311  6185
 8885    6480  6381  6550  6710
 8886    1363   136  1364  6352
 8887    3355  1591  6411  6834
 8888     618  4798   937  6697
 8889    6168  6502  6673  6796
 8890    3581  6403  6796  7010
 8891    2170  5342  5343  5341
 8892    5342  2170  5343  1113
 8893     605  1602  6714  7112
 8894    6482  6322  6933  7043
 8895    6164  6205  6294  6329
 8896    1285  6768  6915  6984
 8897    2938  3605  1056  6930
 8898    4243  5417  4260  6660
 8899    5552  4311  6528  6751
 8900     674  3639  6253  6327
 8901    2740  2918   185  4627
 8902    1992  1993  4936  6313
 8903    4066  4070   782  6510
 8904    6153  6165  6299  6927
 8905    2617  6494  6849  7115
 8906    1677  2473  1061  6453
 8907    1604  4642  1606  6686
 8908    6282   397  6454  6669
 8909    2092  5336  6272  6435
 8910    6531  6278  6653  6874
 8911    1611  3420  1612  7082
 8912    6149  6217  6298  6395
 8913    4560   410  6782  6859
 8914    4052  6794  6911  7054
 8915     636  4869  6234  7053
 8916    6541   510  6741  6865
 8917    3582  6260  5177  5176
 8918    4318  4317  6751  7102
 8919    1397  4418   166  6736
 8920     268  2206  2207  6571
 8921    3613   338  3614  6436
 8922    6150  6147  6649  6719
 8923    4316  4314  6735  6879
 8924    5643   266  1139  7017
 8925    6196  6306  6413  6573
 8926    3697  3699  6533  6995
 8927    5262  5263  2069  6778
 8928     826  4264   391  6904
 8929    3537  2452  6655  6828
 8930    4089   565  2599  6446
 8931    6339  6210  6696  6995
 8932    1690  3670  3672  6785
 8933     952  4874  4873  6858
 8934    6286  6200  6428  6478
 8935    2651  2653   392  6920
 8936    5394  2108  6289  7033
 8937    2596  6446  6534  6608
 8938    1840   837  5613  6376
 8939    4951  2827   446  6818
 8940     458  1500  6297  2870
 8941    4744   186  4743  7086
 8942    6489  3171  6914  6952
 8943    1599   600   599  6702
 8944    2385   808  2621  6985
 8945    4056  1556   780  6708
 8946    1692  5499  6316  6533
 8947    2803  1433  4882  6562
 8948    3515  1646  2009  6467
 8949    2420  4674   608  6270
 8950    1150  4339  6326  6368
 8951    2480  5413  6801  6973
 8952    4179  4181   807  6870
 8953    5810  4904  6483  6612
 8954    5810  4904  6612  6906
 8955      68  5718  3089  6401
 8956    4770   100  6429  6717
 8957    1391   400  6951  7074
 8958     765  3981  1763  6953
 8959    4789   976   190  4790
 8960    3323  2660  2659  6334
 8961     112   673  5319  7087
 8962    2520  1340   719  6527
 8963    3741  1708  2504  6232
 8964    4693  4547   409  6491
 8965    6416   391  6904  7012
 8966    3613  5281  2466  6436
 8967    2174  2175  5332  1827
 8968    6510  6256  6729  6871
 8969    4847  4848  6698  6875
 8970    5331  2174  5332  1827
 8971    1209  5862  6355  6585
 8972      25  2598  2599  6446
 8973    1366  2583  6434  6638
 8974    1065  2175  5333  5337
 8975    4141   796  4140  6918
 8976    3963  1918  2744  6206
 8977    2175  1115  2174  5332
 8978    1115  5331  2174  5332
 8979    6519  6338  6770  7088
 8980    6572  4776  6872  6979
 8981    3058  5629  6274  6507
 8982    3027  1065  5546  3026
 8983    6220  6210  6306  6487
 8984     139  2570   138  6263
 8985    5341  5544  2171  2964
 8986    2171  5544  5546  2964
 8987    6377  6292  6383  6966
 8988    2171  5545  5543  2092
 8989    2960   863  5326  2090
 8990    2963  2171  2092  5341
 8991    2171  5341  2964  2092
 8992    3027  2171  2964  2092
 8993    3027  5545  2171  2092
 8994    2554   752  3942  6881
 8995    4370   850  6723  7074
 8996    5794  6711  7003  7005
 8997    3157  5913   731  6704
 8998    5498   689   688  6533
 8999    3704    13  1333  6205
 9000    4668  6887  1610  3419
 9001    5550   839  2172  6751
 9002    5804  3131  6906  7049
 9003    4369   161   849  6505
 9004    2073  5279  5605  6749
 9005    1948  1950   977  6646
 9006      34  1856  6723  7074
 9007    2193  3059  2195  6507
 9008    5196  2079  6766  6922
 9009    6344  6399  6483  6582
 9010    4494  6666  6876  7108
 9011    5693  3771  3776  6928
 9012    3467     7  6262  7024
 9013    6765  7003  7120  7099
 9014    6443  1932  6725  7082
 9015    2305  3879  6854  6990
 9016    2880  2877  2035  6507
 9017    2328  6049  2327  6862
 9018    6149  6204  6217  6887
 9019    6497  6169  6723  6966
 9020    2232  1162  6401  6711
 9021     175  1892  1893  6639
 9022    3309  3308  4187  6423
 9023    1155  1156  6606  7055
 9024    6260  6387  6574  6919
 9025    3540  3539  6507  6655
 9026     589  4411  2681  6650
 9027    5331  2174  1827  2173
 9028    4226  5331  1827  2173
 9029    2174  2175  1827  2173
 9030    1827  2175  5555  2173
 9031    2666   397  6282  6669
 9032    4591  4593   315  6536
 9033    2888  2886  6602  6925
 9034    4484  6054  1880  6658
 9035    1856  4370  6723  7074
 9036    6169  6207  6282  6723
 9037    4067   782  6510  6911
 9038    4178  1816  4177  7098
 9039     343  3639  2476  6327
 9040    2136  5474  5473  6586
 9041    5417   825  4260  6660
 9042    4632  1939  6259  6640
 9043    4456  2405  6615  6834
 9044    6187  6206  6225  6798
 9045    6886   741  6982  7060
 9046    1219  2288  1529  6501
 9047     119  3742  1708  6232
 9048    6207  6169  6221  6390
 9049    6439  6208  6862  7056
 9050    1448  5027  6310  6732
 9051    3249  6203  6902  7045
 9052    4301  4304   836  6376
 9053     164  4388  6747  6799
 9054    5367  3646  2101  6363
 9055    1324  5127  1659  6546
 9056    6334  6191  6772  7107
 9057    1950  1951   977  6646
 9058    6284  6689  6709  6739
 9059    1176  5762  6699  6956
 9060    6488  6209  6590  6637
 9061    3284   567  3283  6695
 9062    2627  4201   384  6688
 9063    3441   321  3445  6771
 9064    2441  3493  6748  6818
 9065    2636  2637  6739  6779
 9066    4351  4352   849  6505
 9067    5229  2061  3593  6518
 9068    1307  3401  1310  6524
 9069    1528  2969  5895  6166
 9070    6882  6333  6897  7084
 9071    6306  6589  6650  7025
 9072    1990   206   784  6721
 9073    2563   758  1360  6470
 9074    1869  4423  2683  6549
 9075    6153  6165  6254  6448
 9076    6362  6278  6373  6699
 9077    5571  5572  3043  6846
 9078    2797  4847  3466  6698
 9079    6191  6538  6772  7107
 9080    1565   575  6540  6918
 9081    5562  5559  6812  6868
 9082    5475   829  5472  6461
 9083    1918  2744  6206  6798
 9084    3838   728  4843  6720
 9085    3762   708  1714  6559
 9086    5412  2116  2115  6801
 9087    6176  3043  6467  6846
 9088    3869   734  3865  6346
 9089    1699  1700  5588  6157
 9090    6551  4526  6986  7038
 9091    6202  6418  6434  6504
 9092     302  3266  1286  7018
 9093    2264  5836  6246  6549
 9094     837  4305  6275  6376
 9095     216   226  5056  5053
 9096    6301  6326  6368  7055
 9097    5838  5837  6366  6445
 9098    3847  2536  3850  6525
 9099    4511   887  6305  6471
 9100    6396  6491  6935  7063
 9101     397  1851  6454  6669
 9102     891  4523  4522  7019
 9103    5573  3043  6319  6846
 9104    5457   249  2131  6550
 9105      78   548  1271  6474
 9106    6154  6329  6734  6825
 9107    5294  6588  6833  7071
 9108    3302  4181  6417  6870
 9109    4644  1421  1942  6405
 9110    6887  4668  1610  6919
 9111    6530  6322  6594  7043
 9112    1733   127  5908  6587
 9113    2326  1542  6613  7069
 9114    6317  6187  6798  7067
 9115    6003  2709  6000  7063
 9116    5698  1931  6479  6512
 9117    5752  3108  5637  6831
 9118    6475  3933  6521  6829
 9119    3443  4753  1621  6857
 9120    5098  3540  2876  6507
 9121    2180  3716  6382  6533
 9122    1943  1422  2766  6478
 9123    1566  4195  6371  6668
 9124    5856  2270   526  6347
 9125    1735  1224  6227  6664
 9126    1869  2683  4424  6549
 9127    6579  2135  6584  6900
 9128    1678  5352  6830  7118
 9129    3273  2604   376  6937
 9130    3479  4913  6394  6760
 9131    1979  4886  1791  6636
 9132    5629   500  6274  6507
 9133    3474  1634  6556  6906
 9134     381  2613  4145  6225
 9135    2157  5523   491  6463
 9136    1696  3713   687  6463
 9137    4300  4301   836  6376
 9138    6046  1085  6047  6043
 9139    4708  6443  6725  7070
 9140    6204  6296  6428  6857
 9141     423  2757  6651  7070
 9142    2478   114  1681  6775
 9143     425  6725  6752  7070
 9144    6168  2905  6683  6899
 9145    1042  4150  2612  6523
 9146    6550  3000  6710  2132
 9147    6725  6321  6752  7070
 9148    1322  3521  6343  6895
 9149     679  1086  3660  6678
 9150    1461  2863    49  6308
 9151      97  4732  4733  7062
 9152    1481  2986  2989  6620
 9153     376   788   790  6614
 9154    6289  6148  6889  7033
 9155     691  6696  6864  6940
 9156     110   667  3614  6436
 9157     593  1592  2406  6615
 9158    6474  6237  6595  6878
 9159    6256  6370  6374  6496
 9160    5225   185  2918  5222
 9161    2676   856  4386  6747
 9162    5532  5536  1492  6776
 9163    6350  6231  6364  6776
 9164    6153  6160  6171  7090
 9165     789   790  5079  6614
 9166    6725  4708  4712  1932
 9167    6321  6526  6555  7070
 9168    5398  5404  1259   479
 9169    6483  6344  6582  6950
 9170    6495  6184  6722  6895
 9171    5029  1650  1649  6895
 9172    3335   848  2671  6619
 9173    1481  5429  2986  6620
 9174    6032  6033  6248  6775
 9175      20  6036  3896  6731
 9176    3342  3341  6924  7014
 9177     790   789  4103  6614
 9178    5802  6648  6906  6950
 9179    3279  4107  4106  6614
 9180    6158  6421  6459  6680
 9181    4028  2810  6700  6975
 9182     376  4103  6386  6614
 9183    5101  1016  1014  6837
 9184    2644  2642  6630  6786
 9185    3447  1624  6697  6903
 9186    3021   493  6181  6776
 9187    5530  3021  6654  6776
 9188    3737  1706  3735  6499
 9189     246   739   677  3904
 9190    2324  5401  6033   292
 9191    2504  2503   352  6269
 9192     292  1082  2110  1083
 9193    4306  2660  4307  6965
 9194     292  6032  3902   676
 9195    2252  5779  6882  7084
 9196    1083  1082   677  3903
 9197    1082   739   677  3903
 9198    6743  2367  6759  6954
 9199     776  4862  4864  6268
 9200    3396   603  1601  6346
 9201    2336   294  5678  6559
 9202    1901   599  3383  6742
 9203    1435  4908  1969  6839
 9204    1992   633  4068  6708
 9205    3610  5282   666  6291
 9206    4537  4689  6631  6865
 9207    6480  6710  6974  7084
 9208    6033  6032   292  5400
 9209    5401  6033   292  5400
 9210    1228  2295  5953  6346
 9211    1485  3004  2135  6584
 9212    2686    36  4430  6888
 9213    6439  6320  6189  6208
 9214    6710  6882  6974  7084
 9215     292  2110  5400   676
 9216    2110   292  1083   676
 9217    1083   292  3903   676
 9218    3903   292  3902   676
 9219     677  1083  3903   676
 9220    3649   677  3898   676
 9221     739  3903  3902   676
 9222     739   677  3903   676
 9223     677   739  3898   676
 9224    3898   739  3902   676
 9225    4761  1946  4667  6574
 9226     375  3274  1796  6773
 9227    2724  2722    41  6901
 9228    3470   951  4870  7053
 9229    5657  3078  6605  6860
 9230    6147  6939  6969  7042
 9231     441  2806  4896  6761
 9232    6241  6321  6526  6555
 9233    2499  3728  2498  6398
 9234    6513   313  6589  6603
 9235     787  4104   459  6431
 9236    6246  6192  6366  6549
 9237      94  1593    95  6448
 9238    4369  2210  6505  6508
 9239    2098  3150  2284  6226
 9240    6566  6744  6759  6954
 9241    4484  1880  1404  6658
 9242    6611  2483  6685  6785
 9243    6388  1597  6522  7089
 9244    6172  6318  6342  6351
 9245    2361  3243  1551  7051
 9246    3715   349  1698  6940
 9247    6183  6575  6913  7020
 9248    5532  2163  6350  6776
 9249    6351  6588  6927  7071
 9250    1919  7067  4651  4650
 9251    3344  4391  1588  6563
 9252     157  4274  4277  6652
 9253    3687  3685  3684  6246
 9254    1527  6226  6356  6358
 9255    3317  1571  6311  6630
 9256    5959  1230  1534  6389
 9257    6354  6280  6360  6697
 9258    6613  6147  7066  7113
 9259    2438  1636  7009  7065
 9260    4634   186  1914  7086
 9261     167  6544  6740  6888
 9262    1714  2509  2507  6707
 9263    6305  6111  6691  6961
 9264    4919  2814  1441  6838
 9265    5503  5509  6500  6622
 9266    5766  2213  2248  7105
 9267    1737  5954  6389  6568
 9268    2990  5435  6521  6709
 9269    6188  6160  6555  6966
 9270    4486  1881  2700  6826
 9271    3611  2076  1057  6291
 9272     337  1325    10  6673
 9273    1133  2193  3740  6762
 9274    3306  4185  6506  6817
 9275    1931  4702  3767  6479
 9276    4458  4459  1233  6245
 9277    3870  1736   734  6346
 9278    3936  3934  6475  6996
 9279     511  5694  3084  6928
 9280    6483  5744  6906  6950
 9281    5554  5550  6331  6751
 9282    4125  5061  2026  6376
 9283    1637  6701  7009  7065
 9284    6317  6172  7040  7090
 9285    6939  6972  7042  7108
 9286    4265   389  6416  7012
 9287    2893   464  7088  7119
 9288    1965  1168  5743  7103
 9289    6224  6317  6517  6553
 9290    5992  6419  7007  7034
 9291    2153  2155  2154  6252
 9292    4577   901   900  7091
 9293    2506   703  1336  7094
 9294     689  3714  6533  6696
 9295     648  5050  2866  6980
 9296    2731  4589  4590  6458
 9297    6891   892  7026  7069
 9298    5260  1051   235  6232
 9299    1540  1251  6353  6473
 9300    2337  3918  6250  6898
 9301    6284  6565  6620  6689
 9302    2885   463  2888  6431
 9303    2282  3846  3852  6525
 9304     449  4984  4983  6319
 9305    3156  3155  1526  6226
 9306    6224  6162  7057  7090
 9307    3973  2569  2568  7035
 9308    6158  6410  6322  6894
 9309    1351  6385  6731  6969
 9310    1431  2800  2799  6347
 9311    2232  5717  6532  6712
 9312    3765  1714  6559  6707
 9313    5950  4599  6185  6346
 9314     504  3075  3078  6422
 9315    6432  6808  6876  7042
 9316     175  4520  6551  6639
 9317    6724  6863  6966  7059
 9318    2831  2834  6646  6657
 9319    6872  3994  4776  1952
 9320    3714  6533  6696  6940
 9321    6222  6241  6841  7090
 9322    5230  5296  6367  6781
 9323    1305  3386   602  6767
 9324    4708  4711   424  7070
 9325     550  6656  6769  6996
 9326    6148  6353  6473  6558
 9327    1326  3601  6923  7097
 9328     344  2477  3641  6929
 9329    6410  6158  6322  6594
 9330    5325  5326  1475  6163
 9331    6158  6269  6365  6421
 9332    3781  5715  3088  6401
 9333    4320  6738  6772  6879
 9334    3240    81  3238  6572
 9335    6284  6488  6689  6739
 9336    5756  5755  6672  6874
 9337    5626  5259  1469  6232
 9338    2917  2919  6300  6523
 9339    5917  6728  6808  6876
 9340    6480  6550  6785  6974
 9341     154  4244   822  6381
 9342    6296  6204  6816  6887
 9343    6452  6543  7030  7058
 9344    2004   982   930  6683
 9345     229  4171  5195  6922
 9346    3358  4470   872  6949
 9347    5210   469    53  6803
 9348    3048  2186  5592  6218
 9349    6265  2469  6623  7096
 9350    3772   507  6368  6576
 9351    5913  1216  5915  6501
 9352    6445  3349  6662  6867
 9353    6248  6150  6529  6731
 9354    5905  4450  1872  6425
 9355    1463  6733  6833  6921
 9356    3057  3062  1503  6274
 9357    2916  2919  2059  6523
 9358     664  6230  6778  6855
 9359     409  2713    40  6491
 9360    4121  4120  5017  6674
 9361    6154  6183  6423  6734
 9362    3418  4669  6758  6919
 9363    4154   380  1811  6981
 9364    3057  1130  6201  6843
 9365    6833  6351  7048  7071
 9366    6392  6410  6661  7027
 9367    4855   627  6753  7024
 9368    5931  1676  3625  5323
 9369    2419  3403  1307  6524
 9370    3852  5884  6253  6525
 9371    1481  2990  6521  6620
 9372    6163  6358  6380  6963
 9373    6278  6276  6362  7124
 9374    3036  5573  3042  6319
 9375    5524  3020  2158  6811
 9376    5905  3854  3365  6425
 9377    6219  6700  6759  6945
 9378    4095  5058  1004  6581
 9379    2234  5731  3094  6418
 9380     362  1744  1257  6969
 9381    5827  4862   947  4027
 9382    6307  6372  6375  6635
 9383    1445  2012  2841  6561
 9384     266  1713  1139  6874
 9385    4444  4443   867  6764
 9386    3025  1494  3023  6272
 9387     582  4307  6334  7107
 9388     355  2512  2509  6707
 9389    4302  2186   836  6218
 9390    6179  6568  6764  7079
 9391    1114  5549  5548  6547
 9392    3402   604  1602  6714
 9393    2178   256   257  6462
 9394    6312  6242  6345  6578
 9395    5082  5078   105  6894
 9396    6318  6342  6351  6803
 9397    4920  4921  3455  6760
 9398    1394  4410    35  6848
 9399    4106    83  6410  6730
 9400    6361  5187  2911  2910
 9401    2472  6453  6623  6880
 9402    1714  3762  6559  6741
 9403    1067  1823  4219  6978
 9404    4338  2665  4343  6669
 9405    1346  2540  6664  7083
 9406      15  1336  3756  6763
 9407     406   887  6471  7089
 9408     457   651  5071  6499
 9409    6386  6322  6392  6410
 9410    3192  6035    59  6775
 9411    4982  4972  3039  6622
 9412     111  3619   668  7096
 9413    6088  6087  6982  7001
 9414     418  4637  4636  6553
 9415    4166  5202  6591  6733
 9416     113   281  5363  6253
 9417    4977  1643  3507  6234
 9418    5895  1072  5892  6525
 9419    5046  3522   331  6596
 9420    3647  5346  6463  6811
 9421    2246  1174  6527  6956
 9422    2919  2916  2920  6523
 9423    6667  6503  6711  7005
 9424    4988  4986  2840  6467
 9425       5  3363  1298  6411
 9426    6184  6287  6495  6722
 9427    5076   792  3528  6609
 9428    5078  5082   219  6894
 9429     815  3303  6520  6668
 9430    1641  1640   102  6429
 9431    4613  4624  5238  6714
 9432    6211  6398  6492  6940
 9433    5533  3021  6181  6654
 9434     613  4753  3443  6857
 9435    6165  6328  6936  7004
 9436    1797  4088  4087  6687
 9437    6298  6338  6392  6440
 9438    2427    98  2428  6816
 9439    4078   995  4077  6534
 9440    6424  4292  6627  6983
 9441     859  4404  4403  7064
 9442    2716   896  1408  6486
 9443    6468  6905  6943  6984
 9444    2140  2139  2141  6340
 9445     613   322  6816  6857
 9446    6513   590  6603  7080
 9447    6349  6243  6491  6541
 9448    1690   346  3670  6675
 9449    5216  2920  5215  6509
 9450    3644   343    11  6327
 9451    6422  6508  2210  6793
 9452      29  4240  2635  6739
 9453    3558   106   655  6784
 9454    5899   812  5900  6963
 9455    4999  4996  6496  6636
 9456    1411   416  6175  6185
 9457     212  3520  1650  6732
 9458     416  2739  6175  6185
 9459     344  2475  3635  6929
 9460    6174  4590  6441  6458
 9461      18   729  1344  6356
 9462    5971  5972  1238  6511
 9463    5318   673  3633  7087
 9464    6168  6495  6502  6796
 9465    3086  5695   399  6863
 9466    3059  2193  5629  6507
 9467    6273  6188  6503  6938
 9468    4993   636  1642  6234
 9469     106  3560  1027  7043
 9470    1050  6232  6749  6959
 9471    2688   168  4454  6465
 9472    2663  1846  6718  7102
 9473    1605   317   916  6992
 9474     510    66  6741  6865
 9475    5568  5567  6492  6864
 9476    1070   814  6166  6226
 9477    6167  6222  6247  6402
 9478    4258  4256  6754  6893
 9479    3002  3000  6710  6974
 9480     389  2645  4267  6416
 9481    5908  3859  6587  6618
 9482      54  2932  1470  6201
 9483      39  1403  6567  6824
 9484    3560  1026  5138  7043
 9485    1243  5978  6856  7023
 9486    5145  2044  2891  6770
 9487    1603  1918  1919  6798
 9488     891  1895  1274  7019
 9489     492  6363  6811  6941
 9490    6318  6223  6591  7057
 9491    1838  4286  4289  6745
 9492    6276  6416  6583  6998
 9493    3680  6266  6340  6426
 9494    6009  1250  1213  6353
 9495     339  5258  6749  6792
 9496    3012  3010  1489  6777
 9497    3445  4777  2774  7111
 9498    2235  3784  3786  6457
 9499    6885  3800  6960  7114
 9500    1066  4222  5338  6970
 9501    3300  3551  2043  6519
 9502     361  3171  6489  6952
 9503    3853  3855  6233  6501
 9504    6167  6169  6189  7122
 9505    6184  6149  6260  6403
 9506    6406  6276  6583  6998
 9507    6064  6067  6320  6946
 9508    1647  1646  6157  6869
 9509    2773  2827  6771  6818
 9510    1578   583    90  6879
 9511    2439  2441  6564  6818
 9512    2044   225  1458  6770
 9513    1989   778  1441  6372
 9514     839  4317  2172  6751
 9515    6192  6266  6285  6977
 9516    2127  5431  5432  6521
 9517    6103  3926  6829  7038
 9518    3151  5358  3150  1071
 9519    6977  3695  2490  2492
 9520    6248  6150  6473  6889
 9521    5994  3886  7007  7092
 9522     762  1362  2565  6964
 9523    6160  6155  6298  6641
 9524    6741  6078  6077  6865
 9525    1107  2147  2148  6846
 9526      59  3192  2326  3193
 9527    4253   253  4252  6544
 9528    1935   924  3429  7006
 9529    6180  6339  6579  6900
 9530    1365  6360  6635  6681
 9531     327  3467  6262  7024
 9532    2186  3048  3050  6218
 9533    6164  6363  6929  6941
 9534      10  3577  6403  6796
 9535    6542  6317  7040  7093
 9536    1271   548  6091  6474
 9537    5143  1458  6770  7050
 9538    6169  6189  6207  6221
 9539    3224  3946  1549  6190
 9540    5867  5865    74  6585
 9541    6092  6093  4329  6474
 9542     509  1927  1928  6865
 9543    4222  2630  6913  7047
 9544    6210  6340  6426  6995
 9545    3855  3853  6233  6425
 9546     158   833  6800  6983
 9547    5784  2253  2254  6236
 9548    6310   996  6315  6732
 9549    6329  6312  6371  6520
 9550    3078  3076  6422  6605
 9551    1072  5893  5362  5892
 9552    3474  1634   101  6556
 9553    1072  5362  5895  5892
 9554    2628  4203    28  6726
 9555    6053  6054  2698  6442
 9556    3132  3131  5814  6556
 9557    4063  4883  6592  6682
 9558    3972  6841  6866  7035
 9559    3760  3761  6559  6576
 9560    6719  2480  6801  6973
 9561     998  5032  2854  6684
 9562    2754  6337  6479  7029
 9563    6180  6416  6579  6641
 9564    2002  5038  5039  6722
 9565    1042  2916  2059  6523
 9566     580  2390  2392  6406
 9567    5881  5373  1212  5363
 9568    5882  5881  1212  5363
 9569    1212  5882  5363  5883
 9570    4046   778  1782  6372
 9571    5538  4289  6484  6528
 9572    5891  1072  2100  3845
 9573    1325   337  6537  6673
 9574    4030  2809  2810  6700
 9575    1372  4122   377  6481
 9576    5893  1072  5891  3845
 9577    1072  5893  5892  3845
 9578    6395  6427  6790  6957
 9579    4708  4705  6443  6526
 9580    3781   122  3780  6295
 9581    6579  6461  6584  6586
 9582    6167  6247  6321  6526
 9583    2369   305     1  6661
 9584    2288  5916  6501  6861
 9585    6191  6365  6538  7107
 9586    5843  3138  2264  6716
 9587    4021  2582  6638  6902
 9588    2726    41  1409  6526
 9589    6681  2576  6979  7095
 9590     207  1997  4942  6643
 9591    1445  1444    48  6561
 9592    2114  1682  6997  7113
 9593    2397   587  6497  7074
 9594    1563  4151  3292  6790
 9595    3049  4299  6218  6810
 9596    3702   684  5531  6350
 9597     714  3088  6401  6938
 9598    6255  6303  6487  6698
 9599    4456  2404  4465  6615
 9600    6744  6743  6954  7018
 9601    1364  1363  6352  7101
 9602    5081  1454  5079  6348
 9603    6181  5538  6484  6528
 9604    2786  2785  6375  6601
 9605     646  5049  1651  6596
 9606     863  4436  2289  6163
 9607    6198  6160  6209  6641
 9608    6442  6051  6658  6826
 9609     190  1954  6644  7078
 9610    3407  1604  6798  7093
 9611    6258  2692  6411  6824
 9612    2935  5268  1053  6797
 9613    2499  1701  2497  6398
 9614    5951   534  6175  6185
 9615    1780   141  6397  6759
 9616    2557  3948  2556  6877
 9617    6270  6186  6387  6919
 9618     815  1822  4203  6520
 9619    1878  1403   874  6258
 9620    3906   742  1748  6600
 9621    4667  1923  4669  6758
 9622    1330   342  6625  7118
 9623    4806   940  4807  6635
 9624    4551  3389  6449  6851
 9625      30  2643   388  6754
 9626    1173  3804  3795  6653
 9627     826   391   390  7012
 9628    4657  4656  6206  6324
 9629    3864  5950  1227  6185
 9630    4404  4405  6195  6848
 9631    4778   189  6872  7111
 9632    5154    49  4127  6308
 9633    1929  2754  4696  6349
 9634    6431  5089  2030   463
 9635    6318  6351  6733  6833
 9636    1508  2206  6571  6835
 9637     904  4599  4600  6185
 9638     901  4575  7035  7091
 9639    3539  3542  2876  6507
 9640    1360   758  1359  6470
 9641     845  3335  2671  6690
 9642     530  2537  5884  6253
 9643    6403  6184  6574  6673
 9644    6803  3589  6921  6991
 9645    6275  4123  6376  6674
 9646    6473  6558  6889  7033
 9647    1437  4911   442  6839
 9648    2704   406  4511  6471
 9649    2394  3329  2393  6879
 9650    3706  3019   491  6463
 9651    1358  1359  6408  6632
 9652    5336    57  5338  6970
 9653    3510  3512  1645  6477
 9654    6509  6300  6632  6634
 9655    6296   926  6756  6887
 9656    6273  6281  6292  6966
 9657    2922  3596  5233  6714
 9658    6419  6243  7007  7034
 9659     667  2072  2941  6436
 9660     418  4634  1914  7086
 9661    5915  5914  3855  6501
 9662     660  1925  3414  1924
 9663      31  2648   829  6461
 9664    5904  5905  1872  6425
 9665    3783  2513  6457  6504
 9666    6210  6211  6339  6696
 9667    2700  2699  6658  6850
 9668    2929    54  2930  6421
 9669    6316  6355  6777  7016
 9670    1463  5200  6733  6921
 9671    2077  2943  6580  6971
 9672    2399  3346  1297  6589
 9673    6043    59  1085  6613
 9674    5183  3413  3576  6186
 9675    4957  2002  6657  6722
 9676     616  3442  4759  6857
 9677    6537  6403  6574  6673
 9678    4513  1889  6305  7022
 9679    4048  1782  6372  7054
 9680    1241  3882   538  6914
 9681    6173  6183  6364  6528
 9682      54  1048  6201  6421
 9683    3627   671  2469  6265
 9684     901  4575   412  7035
 9685    6172  6151  6174  6190
 9686    4046  2592  6372  7054
 9687    1300  2409     6  6665
 9688    5358  3151  2969  5894
 9689    6361  6270  6557  7036
 9690    6093  4507  4329  6474
 9691    5358  1070  3150  5357
 9692    1831  3320  2635  6739
 9693    3796  1173  1172  6653
 9694    1999  2824  6644  7078
 9695    4697  1613  6415  7029
 9696     872  1875  6949  7008
 9697     145  4098  6624  6937
 9698    6207  6571  6595  6878
 9699    6118  1144  6114  6961
 9700     128  2087  1223  3860
 9701    2464  2466   109  6291
 9702    6153  6165  6172  6254
 9703    5561  5478  6868  6968
 9704    4442  1222   867  6764
 9705    6287  6204  6428  6564
 9706    5987  3179  6486  6990
 9707    3151  5362  2969  5894
 9708    1528  5358  1070  3151
 9709    3151  1070  1526  3150
 9710    6738  6191  6772  6879
 9711    3150  5358  5357  1071
 9712    6509  3587  1667  3586
 9713    4732  2759  4733  7062
 9714    4367  5722  1855  6292
 9715    2098  3150  1071  2284
 9716    5898  2098  1071  2284
 9717    1124  1125  6232  6749
 9718    4139  2609  6988  7068
 9719    2976  2975  5369  6363
 9720    3727  6398  6940  7052
 9721    5590  2846   210  6244
 9722    1300     6  1302  6665
 9723    5358  3151  5894  1071
 9724    4143  4145   799  6788
 9725      14   702  1712  7094
 9726    3352  4393  6642  7080
 9727    2087  1734   128  1223
 9728    5314   128  2087  6227
 9729    6261  6279  6298  6659
 9730    3498  1319  3501  6564
 9731      67  4730  4728  6512
 9732     473  2951  2948  6227
 9733    2400    92  6589  6867
 9734    5361   113  3638  6253
 9735     284  5921  4483  6750
 9736    6469  3204  6982  7001
 9737    6183  6205  6231  6364
 9738    5355  2098  5356  2283
 9739    4199   812  5355  2283
 9740     812  5899  5900  2283
 9741    2098  5898  5356  2283
 9742    5898  2098  2284  2283
 9743    3861   128  3623  6227
 9744    1412  1413  6517  6553
 9745    3991  3989  4723  6943
 9746    3376   884   595  6665
 9747    2842  5004  6561  6823
 9748    5193  5194  5192  6922
 9749    1852  4348  6508  6878
 9750    6207  6216  6508  6793
 9751    4312  2172  4313  6751
 9752    3826  3825  6676  7003
 9753     157  4275  6663  6812
 9754    6626  6170  6794  6911
 9755    5939   865   867  6328
 9756    6561  2012  4087  6823
 9757    4339  1150  5676  6368
 9758     273  1859  4386  7030
 9759    6221  6189  6282  7122
 9760    4199  5899  4435   863
 9761    2091  4199  4435   863
 9762    4199  5327  5899   863
 9763    4199  2091  5327   863
 9764    3755  1146  2207  6571
 9765    4092   209  4109  6823
 9766    6314  6404  6475  6611
 9767    1474  1220  2960  2090
 9768    1220  1474  5328  2090
 9769    1220  5328  5329  2090
 9770    5925  1220  5329  2090
 9771    5923  5922  5924  2090
 9772    5922  2091  5924  2090
 9773    5539  2168  2167  6364
 9774    3757   705  5654  6693
 9775    6306  6210  6366  6445
 9776    4803  1718  5741  6909
 9777    6214  6230  6436  6570
 9778    5505  5506  6597  6777
 9779    5361   674   113  6253
 9780    4719  4713  1614  6725
 9781    3679  2491   348  6266
 9782    1150  5677  6368  7055
 9783     169  4478    39  6750
 9784     769  3428  6468  6752
 9785    1219  5918  5919  6808
 9786    4257  4258  1102  6893
 9787    1883  6064  6320  6946
 9788    6434  6202  6902  6905
 9789    4562  1599  1902  6702
 9790    6199  6214  6436  6570
 9791    2774  2775  6771  7111
 9792    4482  6048  5965  6750
 9793    6199  6182  6214  6570
 9794    6151  6441  6877  6881
 9795    6707  6606  7055  7073
 9796    5973  1242  2300  6757
 9797     152  6645  6709  6739
 9798     169  4482  4480  6750
 9799    3894  6041  6639  6939
 9800    4959  1641  6429  6646
 9801    1080  5393  2980  7033
 9802    2388    88  3319  6330
 9803     165   858  6647  7080
 9804    2028  1009  5069  6297
 9805    2103  5370   474  6466
 9806    4459  6245  6476  6755
 9807    3591  1328  3588  6884
 9808    4037   949  2591  6268
 9809    3943  4592   182  6441
 9810    1767   770  6962  6979
 9811    6344  6219  6378  6701
 9812    1250  5888  2280  6353
 9813    1825  1827  5335  6272
 9814    3051   841  2662  6718
 9815    6713  6193  6815  6870
 9816    2479   345  6719  7066
 9817    5213  1811  4155  6223
 9818    6161  6339  6433  6800
 9819    4619  4617  6577  6632
 9820    5176  1036  5180  6387
 9821     193   434  6760  6838
 9822    6220  6239  6306  6339
 9823    4338  6326  6368  6669
 9824    4716  4714  2756  6651
 9825     682  5458  6974  6976
 9826    1792   995  2017  6780
 9827    6051  6054  2327  6442
 9828    2663  1386  1387  6735
 9829     567  4109  4110  6695
 9830    1665  3575  6186  6537
 9831    6086    78  6469  6595
 9832    6081  2334  1152  6865
 9833    4208  3304  4207  6520
 9834    3961  4655  5217  6523
 9835    2450  6343  6490  6727
 9836    6151  6245  6325  6465
 9837    6176  6316  6355  6846
 9838    1806   795  6988  7010
 9839    1305  1303  1306  6944
 9840     692  3732  1705  7072
 9841    1433  4882  6562  6682
 9842    3757  5654   703  6693
 9843    5498   689  6533  6995
 9844    6290  6393  6444  6627
 9845    1502  1127  3056  6297
 9846    6753  3465  6791  6931
 9847    6193  6345  6641  7057
 9848    4324  3052  1497  6570
 9849    6565  2992  6620  6689
 9850    5177  1808  5178  6788
 9851    5928  3166  5927  6569
 9852    1374  4113  1801  6674
 9853    6461  6579  6641  6812
 9854    6521  6284  6709  7038
 9855    2847  1446   452  6218
 9856    6689  1091  6709  6739
 9857     674  3639   113  6253
 9858    1817  2620  6417  6578
 9859    6702  2414  6767  6944
 9860    6409  6464  6477  6695
 9861    1579   835  6528  6745
 9862    3005  1100  6584  7011
 9863     483  5414  6654  6801
 9864    2331  6065  6064  6320
 9865    6221  6669  7001  7060
 9866    5897  1528  5896  6166
 9867     814  5354  2965  6166
 9868    3300  3551  6519  6918
 9869    2677  2403  6513  6967
 9870    1610  3416  4647  6887
 9871    5813  3132  6556  6906
 9872    4885  4884  1979  6682
 9873    3909  3760   294  6559
 9874    6273  6188  6281  6966
 9875    1985  1984   959  6566
 9876    6422  5662  7044  7105
 9877    6281  6202  6434  6468
 9878    3722  2013  1121  3516
 9879    6154  6242  6312  6926
 9880    2633  5426  6565  6689
 9881    6216  6373  6763  6793
 9882    3672  3673  6404  6675
 9883     689  3699  5565  6995
 9884    1543  3196  6060  6617
 9885    3385  2720  6607  6767
 9886     330  1638   634  6748
 9887     315  1311   316  6536
 9888    3120    71  3118  6333
 9889    6932  6493  6993  7119
 9890    2649  5564   830  6812
 9891    1516  1515  6333  6882
 9892     248  5436  1092  6675
 9893    6872  6286  6979  7095
 9894    6564  4956  6646  6722
 9895    3556  6530  7043  7050
 9896    4348  4347   268  6571
 9897    2530  6255  6355  7041
 9898    3830  3829  5816  7109
 9899    6406  3320  6660  6739
 9900    4323   840   395  6738
 9901    5318  4189   673  7087
 9902    3320  1831    89  6660
 9903    6020  5906   132  6379
 9904    4381  6807  6883  6951
 9905    6020  6379  6385  6618
 9906     457  5071  3530  6539
 9907    6185  2739  6400  6524
 9908    1792  4077  6534  6608
 9909    2379   815  2378  6668
 9910    1769  4787  2780  7095
 9911    4764   429  6715  6717
 9912    6470  6577  6632  7021
 9913    3499   329  3502  6498
 9914    5509  3016  6500  6777
 9915    4910  4909  6394  6399
 9916    3856  3857   357  6890
 9917    4874   199  4873  6858
 9918    5955  2539  6568  7083
 9919    3447   618   937  6697
 9920    6354  6307  6394  6760
 9921    6406  6276  6488  6583
 9922    4899  3490  6701  6819
 9923    1993  1992  4069  6708
 9924    6160  6188  6377  6966
 9925    1616  4729   612  6512
 9926    4440   865  6628  7004
 9927    3967  3969  3235  6841
 9928    6344  6280  6354  6697
 9929    6147  6731  6969  6989
 9930    6036  3190  6039  6989
 9931    3858  6336  6587  6704
 9932    3116  2246  3794  6956
 9933     466   421  4683  6899
 9934    5938  4440   865  6628
 9935    3024  4319  5553  6331
 9936    2502  2500   693  6538
 9937     961  3478  2812  6612
 9938     259   258  4326  6971
 9939    3780  1717   711  6295
 9940    3759   708  5678  6559
 9941    3313   152  2392  6739
 9942    5539  2167  2169  6364
 9943     552  3231  1760  7040
 9944    6235  6181  6528  6173
 9945    4333  4331   844  6474
 9946    5156   659  3566  6596
 9947    4394  3799  5776  7114
 9948     811   149  4194  6726
 9949    1633  6262  6487  7053
 9950    5026   212  6498  6732
 9951     387  4215  4212  6575
 9952    3311  2391  3312  6645
 9953    3149  6008  3184  6152
 9954    4988   208  2009  6467
 9955    6644  1998  7078  1954
 9956     156  4264   826  7012
 9957    3149  3184  6009  6152
 9958    6237  6221  6469  6595
 9959    1824   386  1380  7047
 9960     254  2976  5369  6363
 9961     708  3761  3764  6559
 9962    6221  6282  7060  7122
 9963    3390  1600   602  6767
 9964    6320  6198  6522  6946
 9965    4542  4543  2308  7063
 9966    3759  3760   708  6559
 9967     305  3282   566  6814
 9968    4096   145  1799  6624
 9969    6198  6320  6522  6658
 9970    2321  3188  1541  6972
 9971      95  1593  3362  6448
 9972    6007  2311  2107  6152
 9973    6649  6289  6719  6973
 9974     595  3377  1302  6590
 9975    6339  6155  6579  6800
 9976     451  1445  2841  6561
 9977    5801  1191  5802  6648
 9978    3940  3941  6692  6859
 9979    5888  1250  1251  6353
 9980    6653  6278  6672  6874
 9981    6285  6192  6544  6893
 9982    3859  3157  2535  6704
 9983    4643  4745  2764  6405
 9984    6783  6891  7069  7113
 9985    1853  4739  5704  6485
 9986    2701  2700  6666  6850
 9987    3570  1325  6537  6673
 9988    3896  6037  6969  6989
 9989    6533   689  6696  6995
 9990    1304  1600   314  6767
 9991    2152  2311  5376  6152
 9992    5090   650  6348  6828
 9993    5567  3032  5568  6492
 9994    2664  6237  6669  7001
 9995    4599  1228  1907  6346
 9996    3655  2479   345  6719
 9997    4338  4339  4337  6368
 9998    5293  5199  5197  6833
 9999    6155  6173  6191  6322
10000    1045  2084  6283  6896
10001    3481  4830   194  6760
10002     879  2696  6212  6824
10003    3232  3233  6560  6877
10004    2612   231  5214  6981
10005    1747  6072  6419  6886
10006    4408    35  4414  6848
10007     450  4877    48  6832
10008    3264  1790  4068  6708
10009    6260  6225  6427  6788
10010    2249  6430  6907  7114
10011    6782  1243  6856  7023
10012    3568  5161  1031  6796
10013    1119  4292  4290  6983
10014    1694  1112  3707  6364
10015    2158  5525  2157  6463
10016    6845  6554  6874  7022
10017    2183  1699  3720  6467
10018    2570  2571  6352  6633
10019    4353  6326  6545  7055
10020    2461  1327  2462  6634
10021    6211  6407  6409  7100
10022    6339  6462  6579  6968
10023    4444   867  6328  6764
10024    2685  2684    36  6888
10025     915  1941  6296  6756
10026    1234  4581  1235   180
10027    2298  1234  1235   180
10028    6697  1773  6902  7045
10029     412  2723  6901  7035
10030    3415  6557  6686  6756
10031    3415  3416  6557  6756
10032    3417   914  4646  6756
10033    2051  2856   453  6168
10034    4246   154   822  6381
10035     897  1898  2303   898
10036    6179  6254  6328  6764
10037     288  1738  6856  7008
10038     914  3417  3409  6756
10039     448  4845  2836  6875
10040      73  4893  5826  6700
10041    6355  6176  6622  6875
10042     943  4826  2788  6839
10043    6737  6540  3296  7115
10044    2577    22  2578  6681
10045    6172  6174  6177  6629
10046    5385  2979  2105  6152
10047    1009   458  5621  6297
10048    5522  3701  2154  6252
10049    1993  4069  6694  6708
10050    3020  1490  1111  6363
10051    3409  3417  6686  6756
10052    1474  6163  6569  7046
10053    2168  6181  6364  6528
10054    6158  6655  6679  6828
10055    3621   671  1063  7096
10056    6939  6029  6972  7108
10057    3040  3038  2182  6319
10058    4058  4060   561  6592
10059    5176  3582  6260  6403
10060    1234  5964  1235   413
10061    1063  3622  6265  7096
10062     655  1661  3559  6784
10063     489  5488  5493  6285
10064    4251  1833  1382  6333
10065    1866  4411   589  7025
10066    6392  6386  6730  6937
10067    2627  2966  6166  6548
10068    4993   636  6234  7053
10069    3643   344  3641  6929
10070    3362  1593  6411  6448
10071    3974  3231  6593  7040
10072    1815   148  4172  6578
10073    6326  4341  4340  7055
10074    6725  4721  6752  7006
10075    2125  2122  2123  6904
10076     116  1682  6719  6997
10077    4517  6031  3894  6639
10078    1951  1641   977  6646
10079    2508   354  1337  7073
10080    1403  1878  4474  6861
10081    1867  4418   402  6736
10082    6269  6538  6762  6843
10083    2783   191  2782  6460
10084    3476  2806  6378  6556
10085    4034  2367   777  6954
10086    3991  4723   769  6752
10087    3722  3516  3720  6467
10088    6033  5399  2324   479
10089    6211  6161  6339  6424
10090     199  6832  6858  7053
10091    6563  6413  6589  6650
10092    2193  1133  6507  6762
10093    1701  1700  2496  6157
10094    4452  2297  6389  6465
10095    4986  4979  6176  6467
10096    4420  1183  4430  6888
10097    4189  5318  6713  7087
10098    2094  1067  6822  6978
10099    5292  2945   238  7048
10100    5194   229  5195  6922
10101    4415  4426  1203  6867
10102    3867   181  1736  1232
10103    1736   181  5960  1232
10104    2978  2105   478  6152
10105    2107  2314   542  5383
10106    1112   685  2169  6364
10107     169   405  4476  6750
10108    1591  4446  2407  6328
10109    2105  2978  3186  6152
10110      42  4586   287  1533
10111    1535    42   287  1533
10112    4586  4584    42   287
10113    1231  3393  3867  1232
10114    3393  1231  3867  4596
10115    2736   533  4598  1411
10116    3393   181  3867  1232
10117    2336  5678  1268  6741
10118    1231  4584  4585   287
10119    5961  4583  2729   413
10120    4583  5961  2728   413
10121    3429  4733   925  7062
10122      36  4420  4430  6888
10123    6217  6517  6686  6756
10124    6296  1941  6405  6756
10125    2443  6795  6869  6994
10126    6554  3751  6763  7094
10127     181   287  5960  1232
10128    1522  3139  2264  6246
10129    3372  4510  3367  6598
10130    6640  6224  6953  7090
10131    6791  4878  6858  6931
10132    5961  5964   413    42
10133    5964  5961  1535    42
10134    5964  5963   413    42
10135    5963  5964  1535    42
10136     153  2132  4245  6550
10137    6240  6455  6513  6589
10138    4585   181  3393  1232
10139     181   287  1533  5960
10140    5952   902  5953   903
10141    3394   902  5952   903
10142    3867  3393   902  5952
10143    6455  6332  6747  6799
10144     286  4606   534  1411
10145    5852  4408  4414  6347
10146    5848  1203  6445  7025
10147    2681  4410  6650  7025
10148    2619  2617  6494  6849
10149     124  2520   720  6412
10150    5858   197  5856  6347
10151    5857   197   526  6347
10152    6302  6256  6694  6721
10153    6306  6650  6848  7025
10154    3525  2450  6490  6727
10155      91  1589  1862  6563
10156    1556  3264   780  6708
10157    4311  4312  4313  6751
10158     230  3585  4156  6921
10159    2735  2736   533  2734
10160    4493  3370  6388  6850
10161    3155  3153  3152  6226
10162    5824  6323  6700  6761
10163     967  4922  1440  6375
10164    5728  5727  6437  6504
10165     154  4246  4249  6786
10166    2105  2979   478  6152
10167    1228  5953  2294   903
10168    6586  6579  6812  6868
10169    4597  1228  2294   903
10170    1228  4597  1907   903
10171    4408  5853  6195  6347
10172    6560  6190  6621  6787
10173    6306  6445  6867  7025
10174    6159  6213  6311  6754
10175    2736  1907   533  2734
10176    1431  2802  6195  6347
10177    6348  5090  6828  6894
10178    2644  1834    30  6754
10179    3675  3316  6311  6754
10180    4603   905   286  4602
10181    6412  6480  6653  7084
10182     286  4606  1411  4602
10183    2735   286  1411  4602
10184    1062   241  5949  1531
10185    5948   183   286  1225
10186    5308   905  4605  1225
10187     905   286  4605  1225
10188    5947  5948  1225   241
10189     183  5308  4605  1225
10190     286   183  4605  1225
10191    5947  1225  5309   241
10192     183  5308  1225   241
10193    5948   183  1225   241
10194    5308   183  5245   241
10195    4159  6494  6519  7088
10196    1676  1221  3624  3623
10197    5944  2293  3168  5315
10198    2293  2950  5312  5315
10199    3168  5311  2949  5312
10200     512  3090  6712  6883
10201    4609  2063   183   233
10202    5317  5944  2949  5315
10203    5311  3168  2949  5946
10204    3602  3601  1669  7097
10205    2737  2063   233  2926
10206     241  5948  5946  5313
10207     183  5245   241  5307
10208     696  1124  1125  6232
10209    3242  3243  2579  7051
10210    4606   183  5307   233
10211     183  2063  5245   233
10212    2737   233  2927  2926
10213    5732  5731  6418  6485
10214    2740  5225   185  2918
10215    1410   183  4606   233
10216    4609  1410  2737   233
10217    2063  4609  2737   233
10218    3649  1078  5390  6558
10219    1269  2338  2337  6250
10220    3563  1664  2050  6502
10221    1882  4485  6666  6876
10222    3965   368  2562  6820
10223     811  4194  4195  6726
10224    3540  5098  2452  6655
10225    3807  3117  6897  7084
10226    2514  3786  6457  6909
10227    2975  5368  5369  6363
10228    4108  6410  6609  6614
10229    2627  5354   814  6688
10230    2805  4893  6700  6761
10231    5935  5933  1676  1221
10232    3258  3262  4048  6794
10233     546  1265  6064  6320
10234    3981  1764  1763  6640
10235    6592  6288  6729  7018
10236    3475  2435  6612  7065
10237    1667  3584  3590  6991
10238    5942  5943   242  1221
10239    2814  4919  4917  6677
10240     242  3860   128  1221
10241    5310  3168  2293  5312
10242    4372   852  5663  7044
10243      46  4795  4796  6457
10244    6393  6275  6481  7000
10245    6254  6151  6359  6465
10246    2721  1409  6526  6604
10247    6419  6221  6600  7060
10248    2949  5944  3168  5315
10249    5312  2949  3168  5315
10250    3231  1550  6593  7040
10251    6349  6479  6541  6631
10252    6565   150  6783  7069
10253    5943  2292   242  1223
10254    3860  5943   242  1223
10255    5944  2293  5315  1223
10256    2292  5317  5315  1223
10257    5317  5944  5315  1223
10258    5315  2087  5316  1223
10259    2293  2950  5315  1223
10260    2950  2293  1734  1223
10261    2950  2087  5315  1223
10262    2087  2950  1734  1223
10263    3861   128  1221  3623
10264    1221   128  3624  3623
10265    6428  6429  6564  6771
10266     419  4643    44  6517
10267    1333  1695  6350  6547
10268    6105  1275  6106  6521
10269    1760  1761   764  7040
10270     205  4921  6760  6838
10271     333   105  6828  6894
10272    1448  6310  6684  7081
10273    6273  6281  6295  7002
10274    4060  4059   561  6592
10275     491  3019  2156  6811
10276    1711  1710  6571  6763
10277    3302  6417  6668  6870
10278    6337  6479  6928  7073
10279    6314  6769  6996  7061
10280    2013  3515  3516  6157
10281     437  1976  4867  6753
10282    1426  4817  2787  6838
10283    6255   727  6304  6720
10284    2518  6938  6947  6999
10285    2531  5862  1342  6355
10286     191   430   938  6460
10287    2482  5394  6889  7033
10288    6365  6499  6762  6847
10289    6365  6450  6499  6539
10290    4060  4883  4064  6592
10291    4222  2630  5338  6913
10292    4946  4054  6644  7078
10293    1230  5956  1534  6389
10294    5556  4319  3024  6331
10295    1931   920  4702  6479
10296    2808  4898   441  6378
10297    1695  1694  3707  6364
10298    3359  3361   877  6774
10299    1265  1883  6064  6320
10300    4329  4507  5648  6474
10301    5666  1147  6092  6474
10302     671  2469  6265  7096
10303    6402  6486  6489  6856
10304    2013  1647  1646  6157
10305     344    11  2475  6929
10306    1699  3719  1700  6157
10307    6254  6165  6328  6936
10308    3254  3253  3992  6943
10309    3933   750  6475  6521
10310    3417  2422  3409  6686
10311    6159  6228  6430  7114
10312     806  5290  6766  7110
10313    4612   907  1046   184
10314    4925  4049  1783  6601
10315    3584  1667  3583  6991
10316    5635  5445  2994  6656
10317    1257  3893  6939  6969
10318    3308  4213  4209  7047
10319    3128  5803  6906  6950
10320     994  2187  1446  5019
10321    1369    24  2594  6729
10322    2801  4855  6347  7024
10323    1308   606  2419  6955
10324    1980  4996  6636  6910
10325    6289  6231  6294  6678
10326     842  1846  2663  7102
10327    3358   872  4468  6949
10328    4599  4600  6185  6346
10329    2712  4549  6449  6491
10330    3436   613  6296  6857
10331    6303  6304  6306  6369
10332    1293  2385  1292  6985
10333    1855  4367  6292  6515
10334     272  5803  1165  6950
10335     284  4477  6728  6750
10336    2211  2210  6422  6505
10337    2065  1504  2064  3063
10338    4049  1784  1783  6601
10339    1251  5888  6353  6473
10340    6192  6246  6366  6977
10341    5828  4407  6195  7064
10342    3156  5897  3848  6356
10343    5118  5121  6158  6459
10344    6371  6312  6713  6870
10345    5481  5482  6900  6968
10346    4480  4481  2696  6212
10347    6307  6360  6372  6635
10348    6253  3146  6353  6466
10349    2733  6245  6755  6881
10350     382  2618  1813  6849
10351    6554  6373  6874  7094
10352    4548  4547  1929  6349
10353     800  1810   802  6535
10354    4993  6234  6795  7053
10355     637  3511   639  6994
10356    1346  3874   129  6568
10357    1535  5963    42  6245
10358    6387  3579  2460  5180
10359     778  4045  1782  6372
10360    3608  3606  2464  6230
10361    1750  1277  6845  7022
10362    5242  4612  1046   184
10363    6217  6225  6317  6395
10364    1681  2481  6529  6889
10365    4613  5240   907   184
10366     907  5240  1046   184
10367    5241  5242  1046   184
10368    5242  5241  1908   184
10369      26  1799    27  6624
10370    3123  5793  6532  7003
10371    4654   317  2749  6992
10372    6594  6778  6784  7043
10373    6280  6344  6503  6697
10374    2116  5412  1086  6973
10375    6481  4119  6539  7000
10376    5210  3597  6803  6884
10377    1933  6651  7028  7091
10378    5836  1522  6246  6740
10379    5608  2190  6847  7107
10380    1040  3597  5210  6884
10381    5729  5728   121  6504
10382    6488  6637  6639  6939
10383    4195  6371  6726  6870
10384     523   521    72  6906
10385    6241  6247  6866  7035
10386    3319   579   306  6341
10387    3242  3998  6962  7051
10388    3632  3631   112  7087
10389    6153  6193  6342  6927
10390    3247  2361  6915  7051
10391    6039  3190  1542  6989
10392    5318  5303  6713  6815
10393    4762  1617  6574  6816
10394    3359  6359  6616  6949
10395     283  5918   285  6728
10396    1702  5568  3725  6492
10397    5271   236  6993  7119
10398     478  2978  6152  6558
10399    4022  4023  6418  6485
10400    3525   648  3526  6490
10401     912   419  1914  7086
10402    6070  1747  6072  6419
10403    4151  2613   381  6225
10404    1759   759  1758  6542
10405    5176  3580   107  6403
10406    6303  6262  6306  6487
10407    5883   281  3851  6253
10408    2872   459   460  6431
10409    4245   153  6550  6786
10410    6579  6462  6868  6968
10411    1267  6075   740  6886
10412    3702  2162  5527  6678
10413    1663    10  6673  6796
10414    1913  2918  5223  4627
10415    5916   873   730  6420
10416      90   583  3328  6745
10417    1036  2460  5180  6387
10418    2013  5588   210  6157
10419    3287  1809  1808  6427
10420    4239  4242  6779  6997
10421    3762  3202  2336  6559
10422    1461  2863  6308  6451
10423    6890  6625  6353  6251
10424    1700  3719  2496  6157
10425     112  3629  3633  7087
10426     510  3083  3763  6541
10427    6829  3922  6845  7061
10428    2922  2062  2924  6472
10429     392  3327  6267  6920
10430     649  3531   334  6679
10431    1045  2947  5243  6283
10432    3432  2224   923  6512
10433    5888  5890  5889  6251
10434    2496  3718  5574  6157
10435      92  4412   589  6867
10436    3613  1471  5281  6436
10437    2946  6815  7071  7098
10438    1188  3093  5790  7058
10439    2367  3269  6743  6759
10440    6652   157  6663  6812
10441    3025  5545  2092  6272
10442    2572   556  2363  6984
10443    6414  6287  6717  6646
10444    4031  4035  6566  6759
10445    6613    58  7069  7113
10446     889  3375  2411  7123
10447     774  4018  4017  6902
10448    1498   499  6436  6718
10449    2767  2769  6414  6715
10450    4151  4152  6225  6790
10451    3732  4310  1123  7072
10452    6300  6408  6509  6632
10453    6384  6200  6671  6708
10454    6149  6260  6574  6919
10455    4528  1896   408  7026
10456     152   821  2392  6739
10457    1827  4226  2173  6272
10458     182  4592  4590  6441
10459    2526  1193  3828  7099
10460    6041  4517  3894  6639
10461    3308    87  4188  6423
10462     375  1370  6446  6773
10463    2205  6113  6114  6691
10464    6088  3204  3206  6237
10465    2680  2681  1394  6650
10466    5805  5810  6483  6906
10467    6344  6229  6697  6903
10468    2380    86  6668  6825
10469    2391  6341  6406  6998
10470    5818  1194  6765  7109
10471     321  6428  6771  6816
10472     216   226  5053  6451
10473    5936   128  3861  6227
10474    1870   862   167  6544
10475    4850  4849  4869  6234
10476     773  4004  2579  7051
10477    6574  4667  6887  6919
10478    1434  4884   439  6682
10479    1195  5822  4403  7064
10480     103  3501  6564  6722
10481     616  1952  3446  6872
10482    2172  4317  4313  6751
10483     994  2186  1446  2187
10484    4859  2267   198  4858
10485    4569  4709  1409  6526
10486    5799  6413  6543  6563
10487    6257  6478  6572  6633
10488    5588  5589   210  6157
10489    2407  1591  6328  6411
10490    4192  4198  4197  6963
10491    3857  6251  6587  6890
10492    1835   824  1834  6754
10493    1985  3486  6378  6566
10494     887   888  1889  6305
10495    5234  6283  6472  6896
10496     734  5952  5953  6346
10497    3455  4830  3481  6760
10498     336  3554   656  6546
10499    6156  6227  7079  7096
10500    6312  6668  6926  6985
10501    6215  6269  6365  6594
10502    3547  5117  6348  6459
10503    5003  3508  6795  7100
10504    4361   847  5732  6485
10505    1755   554  2557  6877
10506    1582  4367  6515  6619
10507    3639  5371   113  6253
10508     888  1890  6305  6942
10509    6394  6307  6677  6760
10510    1569    87  1568  6506
10511     911  2059  3961  5218
10512    2991  6284  6620  6689
10513    1668  3596  3595  6714
10514     801  3961  5217  5218
10515    4400  4398  6573  7109
10516    3987  1363   369  7101
10517    2058  2059   911  5218
10518    5219  2058   911  5218
10519    3961   911  5218  3960
10520     911  5219  5218  3960
10521    1414  4658   228  4660
10522    2746  1414   228  4660
10523    5203   230  5202  6921
10524    4147  1920  5189  4148
10525    3383   599  6607  6742
10526    5265  2069  6482  6778
10527    6629  6172  6787  7021
10528    5564  5562  6812  6868
10529    6157  5574  6382  6467
10530    5574  3043  6382  6467
10531    3750  3752   698  7017
10532    4626  2059   911   185
10533     911  5222  1913   185
10534    3854   873  3365  6420
10535    4348  1852  4347  6878
10536    4437  5929  6569  7004
10537    4414  5852  6347  6369
10538    4084   995  4078  6534
10539    3516  3515  2009  6467
10540    2059  2058   911   185
10541    2058  2059  2917   185
10542    2058  5222   911   185
10543    2058  2917  5222   185
10544    4383  2228  5710  6807
10545    4169  2619  6809  6849
10546     234  5257  5254  6855
10547    4972  2181  3039  6622
10548    4052  3262  6794  7054
10549    2409  1301     6  6665
10550     365  3897   364  6248
10551    1464  5207    53  6833
10552    4075   144  6636  6871
10553    4005  4010  6948  7045
10554    2476  1330    11  6327
10555    2295  1228  5950  6346
10556     347  6475  6521  6675
10557     735  5955  2539  6568
10558    3919  6067   881  6946
10559    6256  6636  6729  6871
10560    2291  6179  6764  7079
10561    3107  3067  3108  6831
10562    2668   399  6690  7116
10563     560  4062   781  6729
10564    3058  2036  5634  5633
10565    6724  6606  6863  7059
10566    6202  6434  6468  6905
10567    6797  6770  6932  6933
10568    2914    53  6803  6833
10569    6034  6613  6731  6775
10570    6206  4651  6798  7067
10571    4378  6853  7044  7105
10572    5806  5748  6483  6839
10573    6150  6248  6379  6385
10574    6644  6643  6818  7111
10575     343  3644   474  6327
10576    3020  5524   491  6811
10577    3541  3542  2454  6450
10578    6531  6404  6611  6785
10579     313  3347  6513  6589
10580    6062  2550  3905  6600
10581     525  5495  3685  6246
10582    4388  6747  6799  6967
10583    6833  5197  1465  5199
10584    1424  2783    46  6460
10585    4160  4159  6519  7088
10586    1094  5440  1093  6610
10587    4110   640   641  6477
10588      99  3496   934  3439
10589     692  4310  3732  6538
10590    6193  6815  6870  7098
10591    2576  3996   770  6979
10592    5241  1466  2926  6400
10593    6654   483  6801  6821
10594    1607  3412  1608  6270
10595    3053  1124  6570  6749
10596    6393  6539  6847  7000
10597    6718  1848  6971  7102
10598    5129  2889  6431  6852
10599     122  1717  3780  6295
10600    1828  2078   237  6580
10601    3262  4051  4048  7054
10602    5417  5410  2118  6703
10603    1060  3617  5295  6880
10604    5359  5361  6253  6552
10605    1117   689  5565  6696
10606    1313   317  6992  7036
10607    2610  2911  6361  6535
10608    3826  6676  6765  7003
10609    6172  6151  6222  6254
10610    5570   688  2179  6533
10611    2147  3015  5502  6316
10612    2697  5920  6567  6861
10613    6462  6339  6579  6800
10614    3796  3804  6653  6976
10615    2390  3313  2392  6406
10616    2705  4520  2707  6551
10617    6409  6407  6687  6823
10618    1389  1390   848  6690
10619    2496  1701  6157  6398
10620    1006  4126  4128  6602
10621    4218  1823  1567  6825
10622    2051  2902  5043  6168
10623     620  1625  3454  6399
10624    1809  1808  6427  6788
10625    5542  5543   494  6435
10626    2727    41  6526  6901
10627    2900  1461  6308  6451
10628    1345  3857  6587  6890
10629    1946  4761  1617  6574
10630    6465  2691  6476  6949
10631    1713   707  6693  6874
10632     694  2504   352  6269
10633    4105  5081   790  6614
10634    2966  2627   384  6548
10635    6316  6355  6500  6777
10636    6185  6346  6536  7083
10637     640   209  1645  6477
10638    6008  2312  3184  6152
10639    6311  6180  6330  6416
10640    3019  2155  2156  6252
10641    5459  5458  6550  6974
10642    1603  1605   916  6992
10643    1213  3149  6353  6466
10644    2899  1460  2898  6451
10645    6151  6156  6179  6367
10646    1266  6068  6250  6934
10647    2845  5016  2015  6464
10648    5052   646  1651  6596
10649      78  1545  6237  6474
10650    5278  3615  6232  6749
10651    6373  6672  6699  6278
10652    3718  1699  2183  6467
10653     590  2401  6603  7080
10654    2130  2129  5448  6831
10655    4330  4329  1145  6474
10656     844  1849  4330  6474
10657     208  4988  4983  6467
10658    3819  4896  1982  6556
10659    4566  4704  6443  6604
10660    6707  6301  7055  7122
10661    6261  6490  6727  6980
10662    5345  6164  6811  6929
10663    6262  6196  6303  6306
10664    4879  4872  4873  6858
10665     579  3315   578  6630
10666    6667   717  6947  7032
10667    4191   149  6726  7121
10668    4405  4409   860  6195
10669      43  4620  2741  6518
10670    2519  3798  3797  6960
10671    6342  6351  6588  6927
10672    1668  3595  3593  6714
10673    6587  6150  6379  6618
10674     894  5406   893  7069
10675    5936  3862  6227  7079
10676    3888  5974  6757  7034
10677    2402    91  6513  6589
10678    2379  1293  1292  6668
10679    5642  1505  1506  6769
10680    6166  2970  6525  6552
10681    5326  5327  6163  6963
10682    6012  6016  6015  6473
10683    6314  6216  6845  7124
10684     656   336  6546  6784
10685    1586  3343   849  6454
10686    2630  2632  4225  6913
10687    6623  6265  6628  7046
10688    5784  1183  2253  6885
10689    3347  2402  6513  6589
10690    1780  3270  6391  6397
10691     575  3299  6540  6918
10692    4193  4191  1820  6726
10693    4088  2600  4087  7015
10694    6270  2907  6361  6387
10695    6369   861   278  7025
10696    2639  1383  6710  6786
10697    3859  1216  3157  6438
10698    5501  3696  6316  6597
10699    4431  4252  6544  6840
10700    3484  2437  1317  7009
10701    6154  6312  6825  6926
10702    6891  6613  7069  7113
10703    1959  1960   271  6457
10704     121  3782  3779  6504
10705    5730  4366  6437  6485
10706    2071  4184  5276  6746
10707    1830   151  4234  6709
10708    2482  5393  1080  7033
10709    4087  5002   451  6561
10710    1290    84  1562  6737
10711    5770   855  1179  6647
10712    6531  6314  6769  6996
10713    2828  1997  4944  6818
10714     518  1187  3121  6840
10715     970  4937   996  6315
10716    2625  4193  2626  6688
10717    2928  5243  6175  6283
10718    6368  6982  7060  6301
10719    1640  1641    99  6429
10720    6129  5438  2128  6610
10721    6803  6318  6884  6991
10722    5482  3028  3029  6968
10723    1291  2383  6926  6985
10724     626  2795  6698  6720
10725     373  4933   783  6694
10726    1570  6341  6381  6645
10727    5612  6297  6393  6847
10728    6174  3224  6190  6441
10729    2798  4845  1429  6875
10730      81  3240  3986  6263
10731     246  3649   677  6558
10732    6289  6231  6678  6973
10733    1421  1422   927  6405
10734    2278  6253  6327  6466
10735    2522  3807  6897  7084
10736    5185  4663  6270  7036
10737    6191  6215  6365  6444
10738    6590   595  6637  6850
10739    3198  3201  6741  6935
10740    6526  6241  6555  6901
10741    2269  1431  2267  6195
10742    6528  6182  6735  6879
10743    2785   432  1426  6375
10744     520  4389  3126  6543
10745    3168  5310  1062  5312
10746    6552  5361  2971  5359
10747    4408  4414  6347  6848
10748     796  3300   797  6918
10749     688  2180  2179  6533
10750    3546  5127  1324  6546
10751    6312  6242  6578  6817
10752    6404  6480  6550  6785
10753    2641  4251  6333  6893
10754    4590   182  6441  6458
10755    4397  4398  5818  7109
10756    6239  6220  6306  6374
10757      41  2722  6607  6901
10758    4332  1148  4333  6237
10759    6025  6026  6728  6876
10760    2073  5605  5604  6749
10761     594  2409  1300  7123
10762    5800  5738  3811  6667
10763    1588  4391  1589  6563
10764    4308  1842  1843  6393
10765    2955   672  6380  7046
10766    3597  5205  6803  6884
10767    4614  4595  3223  6629
10768    2320  3188   545  6876
10769     222  5119  1019  6421
10770    6282  6169  6497  7122
10771    5516  5385  2107  6152
10772    5821  1194  6323  6765
10773    1211  6007  2312  6152
10774    5887   127  3857  6587
10775    1695  3707  6350  6364
10776    6351  6318  6803  6833
10777    3474  1318  6612  7065
10778    6488  6284  6551  6986
10779    1100  3003  3004  6584
10780    4161  2619  1379  6494
10781    6489  2543  6990  7034
10782    6337  6349  6479  6541
10783    3355  6411  6615  6834
10784     733  1348  1347  6664
10785    4314   395  3329  6879
10786    6565  4231  6689  6783
10787    3579  3574   337  6537
10788    2231  2230  1160  7002
10789    5478  6586  6868  6968
10790    2726  4710  6526  7070
10791     845  4364  6690  7059
10792    3120  1516  6333  6882
10793    6222  6190  6560  6877
10794    6162  6160  7057  7090
10795    3446  1952   189  6872
10796    2775  2778   933  6771
10797     560  1558  6743  7018
10798    5471  5558  6461  6663
10799    1394  2680  6650  6848
10800    6249  6214  6482  6797
10801    3374  4523  4515  6942
10802    4696  1930  6349  7029
10803    3555   335  2458  6546
10804    2139  5483  3007  6340
10805    1318   101  3477  7065
10806    6773  3271  3275  1795
10807     996  5027   997  6732
10808    5534  2164  6652  6706
10809    1997   207  4943  6643
10810     262  3742  6201  1131
10811    1716  1155  6606  7055
10812    1175  5763  6907  6956
10813    3318  3316  6311  7011
10814    3542  1012  2876  6507
10815    4284   834  4285  6484
10816     831   157  6652  6920
10817    5704  4358  6485  6836
10818    5506  3688  6597  6716
10819     141  4039  1781  6397
10820    2051   453  2858  5048
10821    6207  6169  6422  6505
10822    2013  1121  3516  2014
10823    2167  1112  2169  6364
10824    3338  4373  6383  7074
10825    6353  6327  6625  7118
10826    2155  5521  2156  6252
10827    3272  6440  6773  6937
10828    6359  3359  6616  6774
10829    6337  6415  6606  6724
10830      39  1403  2697  6567
10831    2340  6087  6576  6982
10832    2780  3997  3999  7095
10833    1571  1836  6311  6958
10834     448  2837  6319  6622
10835    3209  6100  6620  7038
10836    4170  4169  1028  6809
10837    6372  6375  6516  6601
10838    5551  5539   685  6364
10839    6647  6642  6455  6430
10840     633  1992  6384  6708
10841    1292    86  3303  6668
10842    2329  6059  1264  7039
10843    6598  6390  6388  6216
10844    6697  6203  6768  7045
10845    2507   354  3763  6541
10846    3294   572  6591  6790
10847    6160  6239  6256  6374
10848    2431  3452   619  6844
10849    2877  2880  6274  6507
10850    4430  1183  3121  6888
10851    6743  2366  6954  7018
10852    5834  5836  6549  6740
10853    2400  6589  6603  6867
10854    6589  6306  6867  7025
10855    2318  1254  6618  6987
10856    2590  1779   371  6975
10857    6306  6210  6339  6455
10858    2985   481  6802  6821
10859    5600  4322  6738  7072
10860    6407  6370  6687  7015
10861    2571   136  1363  6352
10862    4459  4460  6245  6755
10863    1610  4648  4760  6887
10864    3687  3684  3689  6246
10865    6026  6025  2319  6876
10866    1666  1665  3570  6537
10867    5935  1676  5931  6265
10868    6670  5766  6799  7105
10869    2155  5522  2154  6252
10870    3538  2454  2455  6450
10871    6150  6248  6529  6889
10872    6578  4176  6817  6993
10873    5681  1268  5680  6741
10874    2332  1267  3199  6886
10875    2270  5856  1206  6347
10876    3297  1565   573  6540
10877     883  6030  1258  7108
10878     397  3343   588  6454
10879    5872  3143    74  6585
10880    2641  4251  1382  6333
10881    2235  3098  3100  6457
10882    1799   145  4098  6624
10883    2450  3525  1321  6727
10884    6191  6215  6322  6594
10885     127  5887   732  6587
10886    5917  3161   543  6808
10887    3638  5361  6253  6525
10888    3632   112  5319  7087
10889    3351    93  1590  7080
10890    5560  5564  5559  6812
10891    6579  5477  6900  6968
10892    1090  5431  6521  6620
10893    2540  2538  6664  7083
10894    2824  1442  1999  6644
10895    2145  2143  3677  6335
10896    6237  3204  6469  7001
10897    5981  1243  6782  6859
10898    3028  5561   495  6968
10899    4437  5928  6163  6569
10900    6304  6255  6445  6805
10901    4251  4253  6840  6893
10902    4399  4396  6413  7109
10903    4743  6259  7037  7086
10904    6939  6456  6987  7042
10905    3685  1104  2265  1105
10906     670  1675  1060  6588
10907    2263  5841  5840  6366
10908    4109   640  4110  6477
10909     807  3301  4194  6870
10910    5564  2649  4276  6812
10911     920  1154  5691  6479
10912    6267   307  6334  6772
10913    3682  3685  5495  6246
10914     664  5267  5264  6230
10915    1864   857  6967  7080
10916    4183  4184  6506  6746
10917    6560  3970  6621  6841
10918    5474  5476  6584  6586
10919    6194  6357  6640  7028
10920     789    26  4103  6386
10921    2243  5453  3667  6685
10922    6537  6715  6758  6899
10923    6258  6254  6411  6448
10924     507  5673  3080  6576
10925    5794  3811  6711  7005
10926     870  4463  1873  7023
10927    4776   617  6572  6872
10928    1683  3658  6289  6719
10929    4658  1414  5189  6324
10930    2555  2559  2558  6692
10931    6042  1261  4521  6891
10932    4504  4506  3208  6595
10933    1369  2594  6510  6729
10934    5235  1045  5243  6283
10935    3713  2170  5543  6435
10936    1839  4291  4290  6424
10937      14  3751  1709  7094
10938    2737  2927  2738  6400
10939    2291  1222  6179  7079
10940    3068  2205  6114  6691
10941    1233  5963  6245  6755
10942    4634   418  6953  7086
10943     228  2056  4660  5190
10944    4658   228  4660  5190
10945    1763  4630  4632  6640
10946    1920  2056  4147  5190
10947    1920  4658  4660  5190
10948    4658  1920  5189  5190
10949    4291  5584  6424  6810
10950    6406  6284  6709  6739
10951    4923   205  1439  6838
10952    1920  4658  5189  4148
10953    4658  1920  4656  4148
10954    4656  1920   801  4148
10955     801  1920  4147  4148
10956      71  3119  3118  6333
10957    6214  6797  6827  6930
10958    6211  6409  6464  6477
10959    1028  4170  6809  7119
10960    4518   175  6551  6590
10961    1837  5471  6461  6663
10962    4655   801  5217  4148
10963    4655  4656   801  4148
10964    3892  6023  6022  6987
10965    5132   224  2885  6602
10966     394   393  1385  6627
10967    6280  6360  6697  6768
10968    4158  4157  2043  6519
10969    6167  6526  6604  6607
10970    6412  3792  6653  6672
10971    6193  6713  6815  6927
10972     776  1776  4889  6268
10973     867  5939  6328  6764
10974    1011  1012  2034  6507
10975    1552  3251   555  6203
10976    3203    78  3205  6469
10977     234  1020  6680  6855
10978    1360  1358  2561  6632
10979    3449  6307  6354  6760
10980    3061  3058  1503  6274
10981    1842  4306  1843  6965
10982    6299  6165  6873  7004
10983    2721  2720  6604  6607
10984    2406   875  6615  6824
10985    1041  5210  2915  6803
10986    1985   959  1777  6566
10987    6278  6527  6956  6960
10988    5520  5521  6252  6941
10989    3141  5857  6347  6720
10990     480  1480  6613  7113
10991    4544  3379  2307  6854
10992    1882  6666  6826  6876
10993    2592   372  6372  6516
10994    2655   832  4285  6920
10995    3420  4707  6443  7082
10996    6401  6273  6711  6938
10997    6583  6649  6660  6703
10998     416  4606  1411  6175
10999    5165  2905  2051  6168
11000    3035  5564  4276  6868
11001    3786  3784  2513  6457
11002    6394  6354  6399  6844
11003    4573   900  2725  7091
11004    3499  6498  6564  6748
11005     509  1513  4689  6865
11006    2100  5363  5883  6525
11007    5558  4275  6586  6663
11008    1215  5905  5904  6425
11009    4381  2673  5710  6951
11010    5547  3023  6272  6547
11011    6577  6177  6632  6634
11012    4457  4456  2691  6465
11013    4675  2055  4666  4664
11014    2055  5184  4666  4664
11015    2910   228   420  2747
11016    5187  1414   228  2910
11017    6167  6243  6415  7122
11018    5188   228  2908   420
11019     289   540  6396  6854
11020    1496  3049  6218  7052
11021     467  4665  5186   918
11022    4665   467  1038   918
11023     928  3240  3238  6572
11024    4503  1887  1595  7089
11025    2055  5185  5186   918
11026    1414  2746   228   420
11027     228  2746  4661   420
11028     228  4661  2908   420
11029     467  2908  1038   420
11030     467  2910  5188   420
11031    6314  6216  6373  6845
11032    2910   228  5188   420
11033    1070  1526  3150  6226
11034     274  5792  5793  6711
11035    1921   468   467   420
11036     467   468  2910   420
11037    3413  2055  4664   918
11038    5184  2055  4665   918
11039    2055  5184  4664   918
11040    5185  3413  4663   918
11041    5183  2055  3413   918
11042    2055  5183  5185   918
11043    5185  5183  3413   918
11044    4021   774  2582  6902
11045    5376  2311  2277  6466
11046    4072  1979  6636  6682
11047    2526   725  3827  7099
11048    1945  4764   929  6715
11049    4788  4787  6644  7095
11050    5505  3691  5502  6597
11051    2581    23  4017  6902
11052     110   667  6436  6749
11053    6033  3901  1746  6248
11054    6167  6247  6526  6607
11055     364   365  6248  6385
11056    1351   362  6385  6969
11057    5566  5567   691  6864
11058    1474  2958  2957  6569
11059    1526  3155  3152  6226
11060    4190  5318   807  6870
11061     141  1779  6397  6759
11062    3797  1180  6960  7114
11063    6649  6654  6801  6821
11064    5500  5499  2147  6846
11065    2414  3385  6702  6767
11066    5636  6137  6656  6769
11067    4473    94  4472  6448
11068    1574  3326  6772  7107
11069     328  2434  6303  6698
11070    5712  2229  3090  6883
11071    3754  3755  6508  6571
11072    6254  6179  6568  6764
11073    4352  4369   849  6505
11074    2625  4201   813  6688
11075    2236   939   431  6457
11076    6243  6301  6419  6886
11077    6496  6374  6636  6682
11078    6554  6874  7017  7094
11079     454  2857  6168  6502
11080    6036  3896  6731  6989
11081    3254  6468  6905  6943
11082    3324   308  3325  6334
11083     926  4648  6756  6887
11084    6155  6160  6256  6374
11085    2950  2087  1734  6227
11086    2147  3015  6316  6500
11087    6155  6215  6370  6392
11088    5731  2234  5732  6418
11089    1197  2261  3137  6740
11090    5655  5761  1176  6699
11091    5521  2155  2153  6252
11092    4450   868  1872  6425
11093    4185  3306   810  6817
11094    4033  1985  1777  6566
11095    6950  3102  7032  7103
11096    6216  6471  6571  6835
11097    3647  3642  1069  6811
11098     489  1487  6285  6544
11099    6494  1812  6540  7115
11100    4063  4060  6447  6592
11101    6228  6430  6642  6885
11102     729  5901  3848  6356
11103    2706  4527  6551  7026
11104    2987   347  6521  6675
11105    6599  6809  6849  6922
11106    5614  1500  6275  6297
11107    6579  6180  6584  6958
11108    2055  3576  3414  3572
11109    4675  2055  3414  3572
11110    4678   421  2053  1035
11111    4677   421  5175  1035
11112     660  4675  4666  1924
11113    2483  6611  6685  6831
11114    3571  1926   660  1035
11115    6041  6639  6939  6969
11116    3037  3036  6319  6500
11117    4677  5175   660  1035
11118    6215  6298  6322  6392
11119    2612  4150   802  6981
11120      47  4893  2807  6700
11121    4441  1398   403  7004
11122    6290  6161  6409  6424
11123    1926  4677  1924   660
11124    2570  2571  1363  6352
11125    1004  1003  6581  6804
11126    5364  2159  6363  6811
11127    6273  6532  6711  7120
11128     254  5517  5516  6363
11129    3646  3647  1073  6811
11130    1925  1926  1924   660
11131    1926  1925  3571   660
11132    6204  6162  6405  6478
11133    5621   458  1129  6297
11134    5090  5082  6828  6894
11135    6340  6180  6892  6900
11136    2139  5482  6864  6900
11137    1101  5483  6340  6900
11138    6340  2139  6864  6900
11139    4769  4772  4966  4965
11140    6492  6211  6810  7052
11141    5782  3798  3801  6960
11142    5170   466  4683  4684
11143     399  2670  6690  6863
11144     463  2889  2888  6431
11145     664   108  3607  6855
11146    6061  1748  6419  6600
11147    6161  6155  6211  6339
11148    6249  6242  6506  6746
11149    3631   672  6299  6380
11150    6503  6648  6667  7032
11151    6339  6211  6433  6492
11152    1024  4128  1805  6602
11153    3486  3482  6378  7065
11154    3441  3445  2774  7111
11155    2852   998  2854  6534
11156    4707  1611  6443  7082
11157    4367  4375  6292  6619
11158    6802  6583  6821  6904
11159    2568  3973  6357  6841
11160    4030  4029  2809  6700
11161    3343  4351   849  6454
11162    2925  2923  6400  6714
11163    2858  2901  5045   215
11164    2559  3950  6692  6742
11165     150  1829  6565  6783
11166    5435  1481  2990  6521
11167    2834  2835  2830  6646
11168    2758  4724  6651  6752
11169    3714  1698  1697  6940
11170    4417   721  5783  6885
11171    5494   525  3137  6246
11172    4164  4168  6591  6599
11173    2945  5288   238  7048
11174    6555  6468  6752  6943
11175      24   374  4071  6729
11176    1858  4382  6853  7105
11177    4841  4836  4837  6585
11178    4944  6643  6748  6818
11179    4226   818  1828  6580
11180    2801  1432   197  6347
11181    2797  3464   626  6698
11182    6102   891  1274  7019
11183    6545  6497  6966  7122
11184    5791   273  4386  7030
11185    1425  4800    46  6457
11186    3233  3967  3235  6560
11187    2190  4309  6538  7107
11188    6208  6442  6842  6862
11189    6549  2683  6736  7117
11190    5237  5240  3595  6714
11191    4481  5965  1263  6842
11192    2927   233  2738  6175
11193    1405  1406  4502  6471
11194    2904   466  5170  4684
11195    1500   458  6297  1129
11196    3772   355  6559  6707
11197    1681   114  6529  6775
11198    1299  3354  3355  6615
11199    3171  3877  6914  6952
11200    6229  6344  6648  7032
11201     698  5643  1139  7017
11202    3632   243  3631  6380
11203    1039  2911  2610  6535
11204    1601   603   316  6536
11205    2858  5164  5045  1032
11206    2901  2858  5045  1032
11207    2022  2021  2050  1032
11208    2021  2022  5164  1032
11209    3563  1664  6502  6596
11210    4593  4591  6174  6536
11211    1660  6530  6813  6852
11212    3203  6086    78  6469
11213    4839  5872  2274  6585
11214    1451  5065  6275  7000
11215     126  3832  6445  6805
11216    5787  5709  6670  7030
11217    6351  6815  7048  7071
11218    6419  6167  6757  7122
11219    2860   648  2861  6980
11220     366  3925  6996  7061
11221    1773  4018   774  6902
11222    5538  5540   835  6528
11223     361  3883  1350  6489
11224    3745   119  3744  6232
11225    4626  2059  6300  6523
11226    4574  4573  6901  7091
11227    6172  6187  6317  6408
11228     930  1001  4968  4767
11229    4401   859  6573  6848
11230    3656   116  6719  6997
11231    6322  6493  6797  6933
11232    3330  4314    90  6879
11233    6601  1769  4809  4002
11234    6230  6214  6482  6594
11235    2325  6038  1261  6989
11236    1449  2853  2854  6684
11237    2051  2858   215  2901
11238    5167  2901  2051   215
11239    2858  2051   215  2856
11240    2051  2856  5043   215
11241    2902  2051  5043   215
11242    2902  5167  2051   215
11243    1001   982   930  4968
11244    2810  4030  6700  6975
11245     371  1367  6759  6975
11246    1728   126  6445  6805
11247     215  5167  5166  2052
11248    5044   215  5166  2052
11249     995  1792  6534  6780
11250    4969  1001  1034  4687
11251    1001  2052  1034  5168
11252    4687   227  4767  5168
11253    1001  4687  4767  5168
11254    6440   998  6534  6684
11255    2278  5371  1525  6466
11256    4265  6416  6998  7012
11257    2645   390  6416  7012
11258    6290  6409  6444  6674
11259    6275  6290  6481  6674
11260    6218  6290  6376  6674
11261    6290  6218  6464  6674
11262    6290  6444  6481  6674
11263    6409  6290  6464  6674
11264    6150  6147  6731  6969
11265    4139   147  6918  6988
11266    2853  1448  2850  6684
11267    6356  6166  6548  6688
11268    3421  1932  6443  7082
11269    2243  2244  3111  6685
11270     227  5169  4686  4684
11271    5169   227  5170  4684
11272    3420  6443  6851  7082
11273     981  4769  4966  4965
11274    2134  5467  1515  6882
11275     538  3877  3170  6914
11276    4697  1613   610  6415
11277     981  4769  2004  4768
11278    6700  4030  6759  6975
11279    3107  2242  3106  6685
11280    4769   981  2004  4965
11281    3497   978  4774   614
11282    6687  3285  6695  6823
11283    6327  1330  6625  7118
11284    6056  6053  2698  6442
11285     446  1443  6644  6818
11286    4884  1434  1979  6910
11287    3225  3224  1549  6190
11288    6345  6193  6766  7057
11289    6012  6011  1251  6473
11290    6319   496  6500  6622
11291    6323  6700  6761  6945
11292    6321  6415  6966  7122
11293    6697  1624  6844  6903
11294    6505  6207  6723  6924
11295    4622  4623  1602  6714
11296    1639   934  1640  4952
11297    4337  4338  6368  6669
11298     799  6225  6361  6788
11299    3778  5724  6295  6437
11300    3044  6244  6398  7052
11301    2678   855  1864  6967
11302    3143  5867    74  6585
11303    6325  6222  6616  6952
11304    4710  2726  6526  6901
11305    4848  3469  3466  6698
11306    6155  6161  6235  6800
11307    6295   121  6504  6938
11308    1125  1124  1499  6749
11309    4574  4714   900  7091
11310    6030  3188  1258  7108
11311     886  6114  6691  6961
11312    2984  2120  6801  6821
11313    6087  6576  6982  7001
11314    6150  6147  6529  6731
11315    1488   489  6285  6544
11316    2129  3113   516  6831
11317    6011  6012  1252  6473
11318    3014   528  3013  6777
11319     142  4045  4044  6819
11320    3416  1609  6557  6919
11321    5241  1908   184  6400
11322    6300  3959  6408  6632
11323    6122  3927  6916  7022
11324    5841  6366  6716  7016
11325    1520  5820  6323  6945
11326    1458  5143  5140  7050
11327    4772  1949   979   931
11328    4962  4772   979   931
11329    2003   979   978   931
11330    3944  3224  6174  6441
11331    6322  6293  6386  6392
11332     876  4475   877  6774
11333    4652  4654  2745  6324
11334    4055  4054  6516  6643
11335    2328  5967  6049  6862
11336    3496  3439   614  4782
11337    5748  5747  6483  6839
11338    3297  3291  2609  7068
11339    4774  3496   614  4782
11340    4773  2003   977   614
11341     979  4961  2832   931
11342    4962   979  2832   931
11343    4962  2770   931  2832
11344    1641  3497    99   614
11345    1125  2189  6232  6749
11346    2991  2990  6620  6709
11347     835  3330  1579  6528
11348    4448  1398   868  6936
11349    5775  4394  2249  6430
11350    2905  6168  6673  6899
11351    6207  6237  6669  6878
11352    4317  1387  6735  7102
11353     238  2079  6766  7048
11354    2777  4949   445  1443
11355     445  2827  2001  1953
11356    4418  1867  6642  6736
11357    6018  2316  2315  6558
11358    2296  2297  1230  6389
11359      13  2494  1333  6205
11360     934  2000  2001  1953
11361     934  4784  2000  1953
11362    1639   934  2001  1953
11363    1639  4781   934  1953
11364    6320  6208  6439  7056
11365    2372  2373  6957  7115
11366    4894  4893    73  6700
11367    3492   973  6384  6643
11368    2777  2778   976  1443
11369     108   664  5264  6778
11370    3200  5681  1152  6741
11371    6205  6183  6734  6970
11372     620  1315  6399  6844
11373      50  6297  6499  7000
11374     471    56  2082  7071
11375    6351  6193  6766  7048
11376    3253  3993  6943  6984
11377    5084   146  5083  6431
11378    6428  6200  6643  6748
11379    6328  6165  6628  7004
11380    1636  1637  7009  7065
11381    6644   976  1443  2825
11382    6366  5840  6445  7016
11383    6233  6178  6438  6808
11384    5493  3682  5494  6246
11385    4694  6349  6491  6631
11386    4718  4716  6651  7028
11387    5897  5896  3848  6166
11388    1855  4365   848  6515
11389     482  5419    60  6821
11390    3310  3674  3673  6645
11391    2777  4790   976  4789
11392    5075  1658  5074  6499
11393    1585  3341  3339  6924
11394    2077  6199  6580  7020
11395    6174  6156  6271  6955
11396    2057   803  1811  6981
11397    5504  5500  5502  6597
11398    6531  2202  6769  6874
11399    2601  2603  6197  6624
11400    2563  2564  6470  7021
11401    6110  3927  7022  7061
11402    6199  6182  6331  7020
11403    4752   927  6296  6405
11404    2265  3685  3687  6246
11405    5813   630  3473   276
11406    2753  2754  6349  6479
11407    6222  6247  6742  6789
11408    6318  6187  6509  6991
11409    1521  4027  4889  6268
11410    6286  6257  6572  6962
11411    6271  6177  6367  6577
11412     209   989  1645  6477
11413    6295  6273  6401  6938
11414     824  2643  1834  6754
11415    1639  3495   102  6429
11416    5264  2068  2069  6482
11417    4728  1616  1615  6512
11418    6483  3105  6950  7103
11419    2932  3062  1131  6201
11420     468  1921  4663  7036
11421    1500  2870  1128  6275
11422    4005  1553  4010  7045
11423    5065  2870  1451  6275
11424    4783   445  1953  2773
11425    5936  6227  6265  7079
11426    6527  3794   719  3793
11427    2442  4960  4959  6646
11428    4235  3310  3673  6645
11429    3862  1735  6227  7079
11430    2541  6664  1348  7079
11431     151  3310  4235  6645
11432    1904  3971  6866  7035
11433    6746  6249  6797  6827
11434    2642  4254  6630  6786
11435    6306  6445  6603  6867
11436     445  2777  2778  2773
11437    2777   445  4783  2773
11438    5065  5064  4122  6275
11439    4055   207  4942  6643
11440    2391  3313  6406  6645
11441    3694  3695    12  6426
11442     445  2827  2773  1443
11443    2778  2777   976  4789
11444     548  4505  6474  6595
11445    5772  2249  5773  6647
11446    6477  3510  6994  7100
11447     342  2474  3637  7118
11448    6540  6298  6737  7068
11449     837  1840  1841  6376
11450    3159  6438  6456  6808
11451     170  6027  6826  6842
11452    3674   822  6404  6645
11453    4770  1950  2771  6646
11454     440  4877   450  6910
11455    5645  2204  6961  7075
11456    4226  2173  6272  6580
11457    2707  2706  6551  7026
11458    1575  4320  6738  6772
11459      99  4770   100  6429
11460    6885  6960  6159  7114
11461     620  6354  6399  6760
11462    1603  1604  1606  6992
11463    3314  3312  6341  6645
11464    6604  6167  6767  6851
11465    6057  3194  6060  6617
11466    1470   262  1469  6201
11467    1423  2765  4746  7037
11468    4064   374  6592  6682
11469    2816  2817  1440  6375
11470     330  3494  4939  6384
11471    2389  3314  3312  6341
11472     436  4840  6585  7041
11473    6540  3297  6918  7068
11474     857  1864   591  7080
11475    6399  4825  6582  6844
11476    5608  6847  6965  7107
11477    3684  3689  6246  6597
11478    4375  4376  6292  6383
11479    3102  6909  7032  7103
11480    4279  2654  2651  6920
11481    3098  3097   431  6457
11482    6305  6373  6554  6763
11483    6160  6169  6332  6362
11484    1256  6939  6972  6987
11485     593  3361  3359  6359
11486    6207  6216  6390  6571
11487     102  3495  2440  6429
11488    6215  6155  6298  6392
11489    6201  2503  6232  6843
11490    4765  1946  1617  6717
11491    4633  3982  1763  6953
11492    3592  5228  6518  6923
11493    1868  6736  6885  6888
11494    3975  3974  6621  6912
11495    5852  3140  6347  6369
11496    6202  6188  6697  6768
11497    4514  3374  4515  6942
11498    3085  5695  3086  6863
11499    3100    69  3783  6504
11500     890  2411  6590  7123
11501     673  1819  5319  7087
11502     195  4911  1988  6839
11503    3052  1498  6570  6718
11504    3495  4950  2439  6429
11505    1574  1575  4321  6772
11506     841  4323  2661  6718
11507     615    99   100  6429
11508    6238  6281  6418  6806
11509    4389  1861  4390  6543
11510    6713  3633  6815  6927
11511    6306  6239  6374  6413
11512    6562  1433  6682  6910
11513     246  5389  1078  6558
11514     864  4438  3154  6358
11515    3951  2558  6692  6881
11516     584  4341  3331  6326
11517    5554  5553   839  6331
11518    6366  6246  6549  6716
11519    3680  3692    12  6426
11520    6180  6276  6311  6330
11521    6178  6233  6432  6808
11522    6198  6320  6390  6946
11523    5301  2083  1061  6927
11524    1294  3319  2387  6341
11525    6428  3445  6771  7111
11526    6260  6387  6557  6788
11527    6216  6388  6598  7124
11528    4335  4330  1145  6474
11529     874  2692  6258  6824
11530    3425   320  1613  7029
11531    2811  5806  6483  6839
11532    3697  1691  6426  6533
11533    5789  1519  6452  7030
11534    1561  4117  6609  6661
11535    2798   436  6875  7041
11536    1863  2675  1393  6967
11537    3838  2273  1973  7041
11538    6916  3220  3928  6122
11539    1917   914  4645  6756
11540    4254   579   578  6630
11541    6181  6235  6484  6706
11542    6211  6220  6407  7100
11543    6213  6333  6840  6893
11544    3834  6255  6304  6805
11545     762  6621  6841  6964
11546    4428  2262  6366  6549
11547    6161  6155  6339  6800
11548    6292  6515  6619  6966
11549    6554  6305  6691  6961
11550    3623   473  1063  6227
11551    2966  6166  6548  6552
11552    4030   371  6759  6975
11553    4573  2724  2727  6901
11554    4149  4150  4148  6206
11555    2487  2488  1690  6785
11556    6268  6397  6573  6753
11557    3963  6206  6820  7067
11558    4651  6798  1919  1918
11559     756  4626  6300  6820
11560    6155  6160  6239  6641
11561      56  5293  5289  6833
11562    6470  3964  6542  6593
11563    2711  4546  6396  6491
11564    4292  1839  4290  6424
11565    1643  1642  3507  6234
11566    4645   914    44  6517
11567    3691  3687  3689  6597
11568    6872  6286  7095  7111
11569    2080  5294  5297  6588
11570     641   640  3512  6477
11571     753  1360  2561  6632
11572    1821  4203  6520  6548
11573    4867   949  6268  6397
11574     529  5877  1525  6466
11575    6215  6191  6269  6594
11576    5324  2958  5930  6569
11577    6251  6148  6329  6625
11578    3377  1300  1302  6665
11579    4408  5852  5853  6347
11580    6498  3504  6722  6895
11581    4533   291  4531  6865
11582     821  4233    29  6739
11583    4711   425  1419  7070
11584     683  3676  5486  6335
11585    2611  6361  2610   799
11586    3742  1469   262  6201
11587    6413  6240  6543  6563
11588    6221  6169  6250  6390
11589    5844  5847  3840  6716
11590     539  5987  3179  6486
11591    4781    99   615  6429
11592    6192  6549  6603  6662
11593    6370  6264  6440  6534
11594    1870  4430  1187  6840
11595    5523  3706   491  6463
11596    5653  1711  6571  6763
11597    6209  6488  6590  7124
11598     472  5300  2082  7071
11599    5440  1094   487  6610
11600    2269  2270  1206  6347
11601    4493  6388  6658  6850
11602    6219  6945  7005  7049
11603    1441  1989  6372  6677
11604    2248  2213  5765  7105
11605    5896  1528  2281  6166
11606    5267  5264  6230  6482
11607    5617   261  1128  6376
11608    3816  1341    17  7099
11609    2303  5985   898  6782
11610      45  1415  6758  6899
11611      32   398  1850  6669
11612    3119  2254  3118  6236
11613    6370  6496  6608  7015
11614    6276  6159  6278  6362
11615    6240  6239  6452  6670
11616    3631  1677   112  7087
11617    5545  5543  2092  6435
11618    4674  6186  6270  6758
11619    4525  4524  6551  6986
11620    6158  6421  6655  6828
11621    6200  6204  6498  6564
11622    6626  6516  6671  7054
11623    6571  3069  6835  6878
11624    3568   658   659  6796
11625    2017  5023  4929  6780
11626    6242  6173  6249  6423
11627    2958  5926  5930  6569
11628    3524  1651  1652  6596
11629    6239  6228  6332  6455
11630     825    89  4260  6660
11631     809   808  6417  6985
11632    1839  4298  2656  6627
11633    6636  4075  5021   785
11634    5189  6324  4148  4658
11635     336  2458  1324  6546
11636     433  6375  6635  6838
11637    6308  6581  6602  6925
11638    5892  1072  3845  6525
11639    4483   169  4477  6750
11640    4348  4347  6571  6878
11641    4392  2677  2403  6513
11642    1635  3479  6394  6760
11643    4407   198  5828  6195
11644    6273  6239  6377  6452
11645    3328  1838  4289  6745
11646     152  3313  6645  6739
11647    3999    22  4000  7095
11648     197  5858   526  6347
11649    1216  3859  1217  6438
11650    6503  6667  6711  6947
11651    1574  3326  1577  6772
11652    6245  6325  6692  6881
11653     365  6248  6379  6473
11654     927  6296  6478  6857
11655     416   904  4610  6185
11656     538  1536  3172  6914
11657    5292  2945  7048  7071
11658    6223  6395  6591  7057
11659    6216  6305  6373  6845
11660    3877  3876  6914  6952
11661    5762  6605  6699  6956
11662    6199  6182  6570  6718
11663    1811  4153  6223  6981
11664    4057  4063  4060  6447
11665    5695   511  3084  6863
11666    1227  5950  5951  6185
11667    6311  4255  6630  6754
11668    3802  3801   722  6897
11669    5484  3680  6266  6340
11670     362  1745  1744  6969
11671    2535  3157   731  6704
11672    2418  4600  1311  6185
11673    4272  4273  6461  6904
11674    3602  2062  6472  7097
11675    1227  5951  6175  6185
11676     930  1001  4767  6683
11677    3429  1935  7006  7062
11678    6161  6191  6334  6965
11679    2358  1549  6190  6787
11680    4752  3436  4749  6296
11681     383   810  2621  6817
11682    4872   628  6858  6931
11683    3140  3141  6347  6369
11684    3991  4723  6752  6943
11685    1431  2269  1206  6347
11686    4716  4725  4718  6651
11687     623  3837  3462  6720
11688    2269  1431  6195  6347
11689       4  2400  1297  6603
11690    3773   120  3774  6707
11691    4412   589  6867  7025
11692     520  1519  5789  7030
11693    1623  6354  6697  6844
11694    6348  6158  6546  6894
11695    4357  4355   160  7059
11696     684  3702   118  6350
11697    6707  6559  6886  6935
11698    6239  6155  6339  6374
11699    2309  2711   289  6396
11700    4133  1024  2887  6925
11701    3716  2180   688  6533
11702    6512   612  6724  6836
11703    2476  1330  6327  7118
11704    5004   989   209  6823
11705    2020   215  2052  6683
11706    5057  5056  1005   465
11707    4617  4619  6577  7112
11708    3811  5721  6711  6947
11709    5524  2158  6463  6811
11710    6250  6169  6320  6390
11711    3293  1564  6790  6957
11712      65  1498  6436  6749
11713    6227  1063  6265  7096
11714    2472   669   670  6880
11715    1268  5681  3200  6741
11716    6264  6162  6298  6310
11717    5012  4110  6477  6695
11718    4184  4186  6506  6746
11719    6281  6295  6504  6938
11720    4928  5022  1990  6721
11721    6216  6571  6763  6835
11722    2574  4718  6705  7028
11723    5495   525  3685  1104
11724    6583  6706  6821  6904
11725    4305  6275  6290  6393
11726    2050  3565  1032  6502
11727     477  6558  6941  7033
11728    5137   653  3551  6813
11729    6178  6356  6548  6688
11730    1566  4181  3302  6870
11731    5977  4464   870  7023
11732    6172  6151  6190  6222
11733    6212  4480  6750  6824
11734    5435  1092  6675  6709
11735    6697  6948  4805  7045
11736    6451  6184  6596  6727
11737    2395  1296  6267  6309
11738    4475   878   877  6774
11739     307  1296   309  6309
11740    5832  4434  2146  6544
11741    3712  2495  6435  7031
11742    3791   706  3758  6672
11743    4252   823  4431  6544
11744    4438  1214  3154  6358
11745    6057  1239  6439  6617
11746    4347  5651   268  6878
11747    2708  6042   408  7026
11748    1666  3574  1665  6537
11749    2961  1476  6435  6970
11750    5550  5551  6364  6751
11751    5052  1030  5054   646
11752    5054  1030  3562   646
11753    3563  5163  3562   646
11754    5163  3563  2023   646
11755    6177  6318  6884  7106
11756    6365  6269  6762  6843
11757    6283  6524  6271  6156
11758    1928  4531  2220  6865
11759    4653  6324  6798  6992
11760    6962  6280  6681  6286
11761    6224  6259  6953  7086
11762    6016  6014  2316  6558
11763    6387  3579  6403  6537
11764    1472  2951  6227  6283
11765    3704  6205  6294  7031
11766    3853  6233  6425  6704
11767     231  5215  5214  6523
11768    1415  1926  1925  6186
11769    6233  6358  6688  6713
11770    5078  5077   105  6894
11771    3499   329  6498  6748
11772    4307  3323  6334  6965
11773    3687  3691  3688  6597
11774    4236  4238  2636  6779
11775    1030  5052  5054   226
11776    5054  5052  5055   226
11777    5138  2069  5265  6778
11778    3437  3435  2427  6816
11779    6287  6414  6717  6715
11780    5757   718  3758  6672
11781    5150  5153  5152  2864
11782    5150  5153    49  4127
11783    5150  5152  5151  2864
11784    5150  5151  5060  2864
11785    1461   216   465  2897
11786     742  3906  3907  6600
11787    4875  4876  6562  6832
11788    1364  6352  6705  7101
11789    6155  6256  6370  6374
11790    4126  1006  4128  4127
11791    1675  1060  6588  6880
11792     313  1297  6589  6603
11793    3803  3796  6653  6976
11794    1427  2790  2789  6839
11795    4796  4795  1956  6638
11796    3282  3284  6814  6908
11797     137  2574  6705  7028
11798    2592  1782  2593  7054
11799     147  6514  6918  6988
11800    2779  4788  6644  7111
11801    3467  1633   326  6262
11802    2603  2601  6197  6602
11803    6278  6527  6699  6956
11804    3309  3308  6423  6575
11805    6255  6176  6355  6875
11806    2210  2211  6422  6793
11807    6768  6360  6948  7051
11808    2814  4919  6677  6838
11809     669  2472  6623  6880
11810    3617   669  3618  6880
11811    6225  6324  6361  7036
11812    1461  1005  2897    49
11813    5153  1461  2897    49
11814    1005  5153  2897    49
11815    4129  5154  1804  6308
11816     742   741  6419  7060
11817     754   755  2564  7021
11818    3524  3523  1651  6596
11819    4714  4715   900  7091
11820    2830  2835  6414  6646
11821    1023  1007   224  4102
11822     213  5036  1655  7081
11823    5149  1006  4102   793
11824    1006  5149  4126   793
11825    6277  6243  7007  7092
11826    6338  6519  6770  6813
11827    1085  6043  6613  7069
11828     590   313  6513  6603
11829    1498  6570  6718  6749
11830     311  3350     4  6603
11831    2892  4159  4160  7088
11832    4058  3270  4057  6447
11833    6455  6513  6589  6603
11834     495  3030  3029  6968
11835    2040  2030   462  2885
11836    2030   463   462  2885
11837    6009  1540  6353  6558
11838    5087  5131  5088   462
11839    2040  5087  5088   462
11840    1365  6360  6962  7051
11841    6666  6432  6826  6876
11842     855  2678  6799  6967
11843    5089   463   462  2030
11844    2759  4732  6724  7062
11845    1310  1309  6524  6536
11846    1141  1144  6118  6961
11847    6223  3294  6591  6790
11848    6192  6210  6266  6426
11849    3270  4058  6391  6447
11850    2256  4390  1190  6543
11851      23  2580  4017  6902
11852    1414  5187  5189  6324
11853    6218  5016  6464  6674
11854    3840  6716  6777  7016
11855     304   563     1  6661
11856    5722   711  6295  7002
11857    4289  4286  6484  6745
11858    3100  3783  2513  6457
11859    5091   223  1010  2872
11860     200  1978  4882  6447
11861    6314  6531  6769  6874
11862    2566   762  6841  6964
11863    6149  6204  6287  6564
11864    5091  1453   223  2872
11865    5615  4304   261  6376
11866    3964   758  2564  6470
11867     650  3533  6459  6828
11868    3209  1546  3212  6620
11869    6284  6276  6709  6986
11870    6159  6311  6381  6630
11871    2759  6238  6836  7062
11872    2296  1230  5955  6389
11873    2363  3988   369  7101
11874    4841   984   436  6585
11875    4706  4704  1611  6443
11876    3696  1691  5501  6316
11877    5540  5552   835  6528
11878    3857  1345   357  6890
11879    4672  1945  6715  6758
11880    6260  6149  6557  6919
11881    4548  4551  4547  6349
11882     394  1385  1842  6393
11883    3506  5038  3505  6722
11884    1052  2042  5265  6933
11885    5541  5525  3648  6463
11886    4175  1815  2623  6578
11887    4221  5349  4207  6978
11888    3058  3059  5629  6507
11889    6421  6274  6655  6837
11890    3115  6647  6860  6907
11891    1123  4310  4321  7072
11892     282  1214  1527  6358
11893     581  4282  3325  6983
11894    2384  2385  2621  6985
11895     628   326  6858  6931
11896    4253  6544  6840  6893
11897    6297  6393  6847  7000
11898    3019  6164  6252  6811
11899    6648  5801  6667  7032
11900    3891   132  6379  6385
11901    6204  6149  6574  6887
11902    2691  4466  6476  6949
11903    4638  4639  7040  7093
11904    2618  4169  1813  6849
11905    4020  4009  4010  7045
11906    1431  2802   438  6195
11907     812  4198  6226  6963
11908    1622  4805  1623  6354
11909    6162  6170  6188  6280
11910    4749  3436  4751  6296
11911    4880  4041  4868  6791
11912    1299  2405  3354  6615
11913    1814  5192  6922  7110
11914    5291   238  6766  7098
11915    5559  6586  6812  6868
11916    5711  4381  5710  6807
11917    5005  3510  6477  7100
11918    3076  5662  6422  7105
11919    1435  1968  5748  6839
11920     362   363  1352  6385
11921    4998  5000  6608  6636
11922    1721  1719  6947  6999
11923    1533   181  5960  6458
11924    6257  6200  6286  6478
11925     437  4863  6195  6268
11926    6273  6401  6712  6883
11927     940  6307  6760  6838
11928    2665   396    32  6669
11929    6150  6587  6379  6251
11930    5344  1476   245  6435
11931     518  4431  1187  6840
11932     414  4586    42  6458
11933    6409  6444  6695  6814
11934    6111  6112  6691  6961
11935    3698  3697  5498  6533
11936    6272  1826  6580  7020
11937     607  6174  6629  6955
11938    4264   481  4271  6904
11939    3554   656  6546  6680
11940    6333  4251  6840  6893
11941    1929  4693  4694  6349
11942    2585  2584  1366  6638
11943    4909  3480  6394  6839
11944    5091  1453  5092   223
11945    3324  2395   307  6267
11946    1930  1929  4696  6349
11947    5128  5125   223  1010
11948    5085  5128   223  1010
11949    5131  5130   462  1010
11950    5089  5131   462  1010
11951    6192  6455  6603  6642
11952    6357  6194  6640  7090
11953    6160  6171  6198  6432
11954    6153  6178  6233  6432
11955    1102  2144  5487  6893
11956    3522  1000   331  6495
11957    4551  1930  4552  6349
11958    6386   376  6730  6937
11959    3397  6185  6346  6536
11960    6077  3197  6935  7063
11961    5839  4426  3349  6445
11962    6280  6701  6744  7120
11963    2583  2584  2582  6638
11964    6164  6205  6435  7031
11965    2649   830  2651  6920
11966    4803  3458  6909  7103
11967    6150  6148  6649  7042
11968    2002  4955  4954  6722
11969    4599   903  3395  6346
11970    2129  5449  5448  6831
11971     398  4334  6237  6669
11972    3801  3802  6236  6897
11973    5806  1435  5748  6839
11974     513  5727  6418  6437
11975    4393  2251  6430  6647
11976    2497  1701  3717  6398
11977    6555  6651  6901  7091
11978    6289  6150  6529  6889
11979     652  2031  2032  3534
11980     746  6250  6898  6934
11981    2026   261   217  6376
11982    1719  1720  6947  6999
11983    4964  5042  6168  6657
11984     652  2032  1017  3534
11985     652  5092  1021  2032
11986    1022   652  1021  2032
11987    1021  5092  5123  2032
11988    5094  1021  5123  2032
11989    5100  5116  1016  1015
11990    5116  5115  1016  1015
11991    1017  5100  3534  1015
11992    3544  1017  3534  1015
11993    6239  6170  6256  6374
11994    5103  5101  2878   461
11995      88  3319  6330  6630
11996     652  2031  3534  2033
11997    5295  3604  6781  6880
11998    6269  6158  6365  6594
11999    1424    46  6457  6460
12000    6421  5252  2930  5251
12001    6391  1780  6397  6759
12002    2804   440  1433  6910
12003    1869  5835  2262  6549
12004    6202  6229  6638  6902
12005     937   191   938  6460
12006    5653   353  1711  6763
12007    3458  4801  1958  6460
12008    6516  6601  6681  7095
12009    4802  3458  2432  6903
12010     742   741   740  6886
12011     973  6384  6643  6671
12012    6520  6329  6825  6978
12013    6415  3420  6851  7082
12014    6407  6496  6561  6910
12015    6476  4468  1875  6949
12016    2415  1304   314  6767
12017    6532  6452  6676  7120
12018    2064  3061  1504  6274
12019    5066  1803  5067  6539
12020    6912   765  6953  6964
12021    4945  4951   446  6818
12022    6156  6568  6664  7083
12023    4739   188  5704  6836
12024    6260  6427  6659  7085
12025     260  5611  1127  6847
12026    6598  6665  6942  7124
12027     612  3431  6512  6724
12028     696  1125  3743  6232
12029    4186  6423  6506  6827
12030    4173  2620  1817  6578
12031     692  2502  1703  6538
12032     475  5370  2103  6466
12033    3072   700   503  6793
12034    4519  4517  1260  6639
12035    2794  3143  6585  7041
12036    6069  6085  6250  6946
12037    6318  6509  6884  6991
12038    3620   669  2471  6623
12039      93  3352  6642  7080
12040     412   901  7035  7091
12041    3482  1637  3483  7065
12042    3738  3739  3543  5095
12043    2935  5268  6797  6932
12044     847  4363  5730  6485
12045    6221  6189  6898  6934
12046    1453  2031   652  6348
12047    4333  4334  6237  6878
12048    5159  5161  1460  6451
12049     216  5051   455  6451
12050    3059  1013  3060  2195
12051    1013  5631  3060  2195
12052      81  3239  3238  6572
12053     699  3754  3755  6508
12054    4885  4883   439  6682
12055    2200  3930  6769  6916
12056    5109  2196  5108  2038
12057    2213  5766  1858  7105
12058    2065  2933  1504  5627
12059    5248  1047  2197   263
12060    5107  2196  5109  2038
12061    2196  5107  5634  2038
12062    5633  2038  5104  2881
12063    2039  5106  5110  2037
12064    2933  2065  1049  5627
12065    6409  6407  6823  7100
12066    2932  3062  1504  5627
12067     787  2603    26  6624
12068     432  1426  6375  6838
12069    5106  2037  5112  5105
12070    5114  5101  5103   461
12071     683  5480  6335  6892
12072    6760   205  4917  4918
12073    3003  4270  6584  6958
12074    4376  1161  4375  6292
12075    5941  4443   869  6764
12076     262  6201  2932  1131
12077     940  4807  6635  6838
12078    1440  2816  6375  6838
12079    6494  6599  6809  6849
12080    6288  6592  6743  7018
12081    4079  4081  6608  7015
12082    4148  6324  4656  4658
12083    3366  4491  6522  6946
12084    4816   621  3455  6760
12085     756   910  3959  6820
12086    2323  6029  6939  7108
12087    6422  6207  6505  6508
12088    6207  6454  6505  6508
12089    1020   234  5253  6855
12090    4481  4479  6212  6862
12091    3612  2076   109  6291
12092    2196  1134  1047   263
12093    3692  3694    12  6426
12094    6644  4787  7078  7095
12095     262  3062  2932  5627
12096    1127  3056  6297  6499
12097    5857  4854  6347  6720
12098    2464  3608  6230  6291
12099    2064  1047  5248   263
12100    1049  5248  2197   263
12101    2064  1504   263  3063
12102    5250  2065  2932  1504
12103    4358  2667  6485  7116
12104    6355  6210  6805  7016
12105    3610  3609  1056  6291
12106    6375  6307  6635  6838
12107     433   432  6375  6838
12108    6307  6677  6760  6838
12109    6375  1441  2816   966
12110    6982  6368  7060  7001
12111    6193  6153  6342  6351
12112     524  1521    73  6323
12113    6305  6216  6598  6845
12114    1736  3867   734  6346
12115    5634  2196  2038   263
12116    3061  5634  2036   263
12117     263  2064  2036  3061
12118    2251  2249  6430  6647
12119     524  5820  2258  6323
12120    5634  2038  2036   263
12121    2196  5108  2038   263
12122    5108  2196  1047   263
12123    2039  1047  2064   263
12124    2064   263  2036  2039
12125    2038  5108  2036   263
12126    1047  2039  2037   263
12127    2037  2039  2036   263
12128    5108  1047  2037   263
12129    5108  2037  2036   263
12130    1555  3257  3256  6819
12131    1416  1418  6479  6631
12132    2065  2933  2932  1504
12133    1454  5081   219  6348
12134     837  4305  2657  6275
12135    4290  4292  6424  6983
12136    5800  1163   717  6667
12137    3063  2065  1504  5627
12138    6396  2309  6491  7063
12139    3143  2794  2792  7041
12140     837  5614  1500  6275
12141    6408  6300  6509  6820
12142    1854  5725  5724  6437
12143    1503  3058   500  6274
12144    6696  2142  6864  6995
12145    5722  5723  1855  6292
12146    6214  6199  6230  6291
12147    1518  1188  5790  7058
12148    1672  3608   109  6291
12149    5779  3808  6976  7084
12150    4803  3458  1958  6460
12151    4833  2790  1427  6839
12152    1780  3269   141  6759
12153    3387  4551  3389  6449
12154    4866  1976   948  6753
12155    5294  5297  6588  7071
12156    1446  2186  5594  2187
12157    1613  3420  6415  7082
12158    2857   453  6168  6502
12159    6162  6149  6200  6204
12160    4486  2700  6658  6826
12161     185  2740  2742  6300
12162    4159   804  4160  6519
12163    3354  4455   869  6834
12164    5626  3745  2066   235
12165    5259  5626  2066   235
12166    6799  2248  6860  7105
12167    2702   174  6471  6595
12168     126  1726  5849  6445
12169      76  3146  2278  6466
12170    3745  3744  3616   235
12171    3616  3744  3615   235
12172    3297   573  3291  7068
12173    4389   520  3127  6543
12174    1517  5797  3124  7058
12175    4711  1419   424  7070
12176    6189  6207  6221  6282
12177    4018  1773   555  6902
12178    2039  2036  5112  2037
12179    3494   635  4935  6384
12180    3243  3242  1551  7051
12181    4055  1996  6643  6671
12182     333  5090  5082  6828
12183    6339  6696  6864  6900
12184    4504   885  2702  6595
12185    5542  3712  2495  6435
12186     991   642  2445  6994
12187    1764  1762  6357  6964
12188    4825   323  6582  6844
12189    1826  4226  6272  6580
12190    6222  6511  6616  6952
12191    6433  3730  6492  6810
12192    2906  5183  6186  6270
12193      33  1389  6515  7116
12194    3870  6346  6389  6458
12195     853  4377   162  6383
12196    6263  6360  6768  6915
12197    6539  6444  6661  6814
12198    1978   200  4881  6447
12199    6815  6351  7048  6193
12200    4862  7064  5827  5828
12201    6579  6462  6800  6868
12202    3156  1527  3155  6226
12203    3006    63  6892  6900
12204    5794  3811  1189  6711
12205     506  1509   505  6576
12206    4035  4032  6566  6954
12207    3184  6009  6152  6558
12208    1256  6024  3892  6987
12209    6160  6228  6239  6641
12210    3778  5728  6437  6504
12211    4311  3330  6528  6735
12212    4446  2407  6328  6936
12213    4549  2713  4550  6449
12214    5521  5520  6252  7033
12215    1619  4751   613  6296
12216     819   237   843  6580
12217     440  1434  1433  6910
12218    4951  4950  2001  6818
12219    2298   180  6755  6859
12220     503  2208  6699  7013
12221    6318  6342  6803  7106
12222    1012  3541  2034  6507
12223    3677   117  6335  6892
12224    1648  3517  1649  6895
12225    6208  6198  6432  6442
12226    5364  1111  2101  6363
12227    3886  3885  7034  7092
12228    3658  1684  1683  6289
12229    4422  4421  6662  7117
12230     788   562  6614  6730
12231    6173  6182  6191  6214
12232    3317  1571  3318  6311
12233    5522  3701  6252  7031
12234     491  2156   492  6811
12235    2453     9   334  6655
12236    1726  5848  1203  6445
12237    1254  6023  6618  6987
12238    6299  6342  6453  6927
12239    4482   169  4483  6750
12240     319  2423  2424  6724
12241    2753  1929  4694  6349
12242    6067  2331  6064  6320
12243     995  1792  4077  6534
12244    3257  1555  6744  6819
12245     197  1432  2799  6347
12246    5011  5010  6464  6477
12247    2360  2359  6560  6621
12248    2345  4526  6100  7038
12249     808  1817   809  6417
12250    2619  6494  6809  6849
12251    4344  3331  4342  6326
12252     295  6086  6469  6595
12253    2001  4950  6429  6818
12254    2827  1953  2773  6771
12255    3066  3065  6916  7017
12256    2767  4679   929  6715
12257    4826  4825  6582  6839
12258    3460  6582  6844  6903
12259     448  2836  6622  6875
12260      25  4080  2598  6608
12261     861  5850  4413  6369
12262    2461  1043  2921  6300
12263    1504  3061  1503  6274
12264    2594  4073   373  6694
12265    6414  6683  6715  6899
12266    6349  6243  6415  6851
12267     672  3631  6299  7046
12268    6912  6621  6964  7090
12269    4470  3360  4471  6616
12270    5100  5116  1017  6459
12271    2276   529   475  6466
12272    3881  1349  2544  6990
12273    1193  3827  6765  7099
12274    2518  2516  6938  6999
12275    2023  3563  6502  6596
12276    4921   205  4923  6838
12277    3144  3014  5510  6622
12278    4109  6477  6695  6823
12279     466  4683  4684  6683
12280    1504  5250  2064  6274
12281    1840  4300  1841  6376
12282    3426  2423  6724  7082
12283    3632  5319  6380  7087
12284    6461  5558  5472  6586
12285    6510  6288  6911  7018
12286    4466  3358  4468  6949
12287    4928  5021  6780  6871
12288    4209    87  6423  6926
12289    6230  3607  6792  6855
12290    5035  4085  5037  7081
12291     993   452   994  6218
12292    1092   248  6675  6709
12293    1661   656  6680  6784
12294    6338  6298  6540  7068
12295    3146   530  6253  6353
12296    5279  2074  5605  1126
12297    2189  5279  5605  1126
12298    3919  6069  6250  6946
12299    6316  6210  6355  7016
12300    2939  2937  5275  6827
12301    4829  1625  6399  6760
12302    2582  2580    23  6434
12303    2023  2024   646  6596
12304    3230  2354  1550  6593
12305    2881  5097  3059  6507
12306     864  3154  4439  6358
12307    2787  4922  6375  6838
12308    4820   193  6760  6838
12309    6296  6204  6478  6857
12310    5643  3753  3065  7017
12311    3197  5997  6935  7063
12312    3730  5585  1702  6492
12313    3256  2364  3258  6819
12314     603  6346  6458  6536
12315     520  1519  7030  7058
12316    6599  1378  6849  7115
12317     719  6527  6897  6960
12318    6283  6185  6400  6524
12319    3296  2376  6737  7115
12320    6189  6169  6207  6282
12321    5598  5283  3054  1059
12322    6421  6269  6655  6843
12323    6507  6450  6762  6843
12324    6269  6365  6655  6843
12325    2936  5276  6746  6827
12326    5283  5598   259  1059
12327    2873  1454  2874  6348
12328    5137  4140  5136  6918
12329    1262   892  6891  7069
12330    3876  5972  6914  6952
12331    6159  6278  6362  6956
12332    5752  5637  6656  6831
12333    2073    65  5599  2944
12334      65  2941  5599  2944
12335    3491  4941   780  6708
12336      65  2941  5597  5599
12337    3189  1256  2321  6972
12338    6187  6206  6523  6981
12339    2320  3188  6876  6972
12340    1085  2111  6047  7069
12341    2072  2941    65  2944
12342    2073  2072    65  2944
12343    5286  5283   259  1059
12344    5285  5286   259  1059
12345    5598  3054  5599  1059
12346    5599  3054  2944  1059
12347    2408  3362  6411  6448
12348    5287  5330   237   843
12349    6651  6555  6705  7028
12350    1194  4400  6573  7109
12351    6514  6261  6918  6988
12352    1190  3829  6676  7109
12353    2317   544  6456  6972
12354    3189  1541   544  6972
12355     139   138  3986  6263
12356    1292  2380    86  6668
12357    3548  3549  1324  6546
12358    4106   562    83  6730
12359     604   605  6714  7112
12360    3772  6368  6559  6576
12361    2877  2876  2035  6507
12362    1115  2174   819   843
12363    1727  1342  2529  6805
12364    1342  3836  2529  6805
12365     259  4328  5287   237
12366    6477  6409  6695  6823
12367    1728  1727   126  6805
12368    1798  4095  1003  6581
12369    1726   726  6304  6805
12370    3629   112  1061  6927
12371    5286   259  5287   237
12372    5286  5285   259   237
12373    5637  3108  6656  6831
12374    6177  6172  6187  6318
12375    2529  3836  2528  6805
12376    4328  5287   237   843
12377    2994  5752  6656  6831
12378    3753  3748  6916  7075
12379     544  1541   543  6972
12380    5340  1067  2094  6978
12381     898  5985  3177  6782
12382    1523   527  3141  6304
12383    3574  2460  1037  6537
12384    3816  1724   125  7005
12385    4295  6424  6627  6810
12386    4132  2608  1804  6308
12387    1352  2546    20  6385
12388    1732   731  1731  6704
12389    3432  4728  1615  6512
12390    5500  2147  5502  6316
12391     719  1722   720  6527
12392    5196  5288  5197  7048
12393    3881  1246  6854  7092
12394    1995  5026   212  6498
12395     632  1635  3479  6394
12396    6198  6209  6388  7124
12397    3908   745  6559  6576
12398      86  6520  6668  6825
12399    5346  3647  1069  6811
12400    5127   223  6348  6431
12401     145  1798  4094  6624
12402     633  4941  3491  6708
12403    5323  5930  5931  6569
12404    2564  3230  6593  6787
12405    3579   337  6403  6537
12406    6159  6236  6897  6960
12407    3470   629  4869  6487
12408    2744  4657  6206  6324
12409    6272  3024  6331  6580
12410    6330  3319  6341  6630
12411     805  6599  6957  7115
12412    1128  2025   217  6376
12413    6224  6317  6553  7090
12414    5746  5747  3103  6483
12415     787    26  6386  6624
12416    4556  4555  3380  6854
12417    1131  1130  3742  6201
12418    1773  1957  6697  6902
12419    1204  1523  3141  6369
12420    2120    60  6802  6821
12421    1311  2418  6185  6536
12422    3576  3413  3414  6186
12423    4846  4973  4975  6875
12424    6410  6365  6609  6679
12425    2980   477  6941  7033
12426    2503   352  6269  6843
12427    2968  2969  6166  6525
12428    6182  6528  6735  6751
12429    3320   580  2392  6406
12430    4366  2669  6437  6485
12431    3831  5799  6413  7109
12432    4451  5954  1229  6568
12433    6301  6368  6707  7055
12434    4175  2620   148  6578
12435    3430   422  1931  6479
12436    6477  6211  6795  6994
12437    1596  1597  6388  7089
12438    1930  4552  6349  6851
12439     579  4254   306  6630
12440    2589  1367   141  6759
12441    4380    34  6853  6951
12442    3727  3728  6398  7052
12443    4344  3333  6326  7014
12444    6233  6178  6371  6688
12445    3333  4345  3334  7014
12446     664  3607  6230  6855
12447    3898  6248  6558  6889
12448    5978  2301  6856  7023
12449    1637  3487  1636  7009
12450     755  3958  6787  7021
12451    6137   551  5636  6656
12452    6164  6205  6329  6822
12453    1381  2634  5433  6689
12454     565  2597  2599  6446
12455    5118  5117  1018  6459
12456    3955   908  6629  7021
12457    6303   328  6698  6720
12458    6228  6160  6332  6362
12459    6184  6149  6722  6895
12460    6077  3198  6741  6935
12461    5196  5194  2079  6922
12462    4086  6293  6804  7081
12463    3498  2442  6429  6564
12464    4203  1822  1821  6520
12465    4272  2648   390  6416
12466    6160  6228  6276  6362
12467    6314  6475  6829  6996
12468    2256  4389  4390  6543
12469    3171  3882  6489  6914
12470     590   857   591  7080
12471    3847  3850  6166  6525
12472      78  6237  6469  6595
12473    1204  5850   278  6369
12474     520  5791  4386  7030
12475    6770  5141  6933  7050
12476     299  6137  5636  6769
12477    6019  6020  1254  6618
12478    6205  6164  6294  7031
12479    1260  4519  6639  6891
12480    1518  3125  1517  7058
12481    4632  4630  4578  6640
12482     398  1850  6669  6878
12483    6457  2514  6909  6999
12484    4281   158  4282  6983
12485    2146  4434  5490  6544
12486    6483  5810  6612  6906
12487    6230  6436  6570  6792
12488    5484  3680   117  6266
12489    4092  3285  6687  6823
12490     261  5617   217  6376
12491    1878  3364  1593  6448
12492    1642   636  3507  6234
12493    6332  6799  6860  7105
12494    6247  1904  6866  6901
12495    4699  1153  4700  6631
12496    3428  4012  6905  7006
12497    5024  4931  2018  6264
12498    2619  4169  2617  6849
12499    1851  1850  6454  6669
12500     239  3629  2083  6927
12501    4385  4382  6670  6853
12502    5935  3861  1676  6265
12503     627  1632  6931  7024
12504    2674  2673  1391  6951
12505    2760  2759  6836  7062
12506    1119  6433  6462  6983
12507     243  2955   672  6380
12508     236  1055  4174  6993
12509    6276  6488  6583  7042
12510    5410  4242  6703  6779
12511    2818  2821   444  6313
12512    6689  2636  6779  6783
12513    2407  2408  6411  6936
12514     598  4549  2417  6449
12515    5927  1220  1474  6569
12516    6358  6226  6688  6963
12517    1144  3068  6114  6961
12518    3346  3345  6589  6650
12519    6232  2503  6269  6843
12520    3895  1260  6969  6989
12521    6392  6661  6908  7027
12522    1180   517  6907  7114
12523    5663  4379  7044  7105
12524     751  4558  4559  6859
12525     827  4266  4267  6958
12526    1469    54  1470  6201
12527    3612  6199  6291  6436
12528    6982  2547  3914  7060
12529    5298   670  2081  6453
12530    5906   732  6379  6587
12531    2435  1318  2438  7065
12532    6990  6277  7034  7092
12533    6402  6702  6767  6944
12534    4426   126  5849  6445
12535    4316  2661   395  6735
12536    6189  6221  6250  6934
12537     103  3506  3505  6722
12538    1892  4519  1893  6639
12539    1253  6013  2315  6558
12540     675  3645  6363  6811
12541    1148  4331  4333  6237
12542    4220  1067  4221  6978
12543     680  2995  2996  6831
12544     437  4037  4864  6268
12545    5762  1175  6605  6956
12546    6282  6301  6368  6669
12547    2998    61  6882  6974
12548    3888  6061  1748  6419
12549    6388  1301  6598  6665
12550    2166  5537   493  6181
12551    4319  6331  6580  7102
12552     140  4005  6948  7051
12553    2840  2839   448  6176
12554     610  4697  6415  6851
12555    2869   457  5067  7000
12556    5161  5160  1031  6796
12557    1735  1348  6227  7079
12558    1787  1789  1786  6671
12559    3575  1037  6186  6537
12560    1519  5713  5789  6452
12561    2437  3485  6677  7009
12562    6324  4148  6206  6535
12563    4116   792  4117  6609
12564    5298  2080  5297  6588
12565    6170  6239  6288  6374
12566    3281  4114  6661  6814
12567    2367  3267   777  6954
12568    6183  6182  6331  6751
12569    4743  1915  6259  7086
12570    1043  3592  6518  6923
12571    6192  6549  6736  7117
12572      56  5294  5293  6833
12573    1798  1002  4094  6804
12574    4730    67  1934  6836
12575    5071  2455  3530  6450
12576    1932  4706  1611  6443
12577    4817  4921  4923  6838
12578    5957  2688  6245  6465
12579    4874   952  4871  7053
12580    5531  3703  2163  6350
12581    6165  6299  6623  7046
12582    6503  6273  6711  7120
12583    2657  5609  1501  6393
12584    1466  2927  2926  6400
12585    6461  6416  6579  6584
12586    6293  6261  6338  6813
12587     346  1690  6611  6675
12588    4307   308   582  6334
12589    5143  5142  3557  7050
12590    2318   132  3889  6385
12591    4405  4408  5853  6195
12592    4938  2820   444  6315
12593    6201    54  6421  6959
12594    1532   534  1531  6175
12595    3551   653  3552  6813
12596    1100  3003  6584  6958
12597    5824  5826  2260  6761
12598    1509  5673  5674  6576
12599    6156  6227  6664  7079
12600    6253  6525  6552  6890
12601    3139   525  2265  6246
12602    1792  5022  4076  6780
12603    1808  1809  4143  6788
12604    5450  5449  2129  6831
12605    3847  3850  3849  6166
12606    1978  2803  4882  6562
12607    2567   765  6912  6964
12608    6200  6286  6643  6671
12609     663  3600  1670  6781
12610    1886   174  6390  6471
12611    4917   631  1635  6760
12612    5068  3528  6609  6679
12613    4340  1150  6326  7055
12614    4473  4474  1877  6861
12615    1509  5674  2214  6576
12616    6066  6063  1543  6934
12617    4710  4573  6901  7070
12618    6149  6260  6427  6659
12619    6148  6178  6251  6329
12620    6405  6224  6517  7037
12621    5403  2982  6775  7066
12622    5482  2139  5481  6900
12623    1825  4226  1827  6272
12624     864  4439  6163  6358
12625      17  2526  3828  7099
12626    5888  6010  6251  6473
12627    3008  4257  1102  6893
12628    6387  6270  6557  6788
12629    1531  1062  3168  6175
12630    5702  1159  2226  6836
12631    2713  4549    40  6491
12632    4274  4277  6652  6663
12633     611  1615  6512  7029
12634    3971   763  6866  7035
12635    2480  3656  6719  6801
12636    4087   451  2841  6561
12637     943  2430  4825  6399
12638    1488  5494  3137  6740
12639    5428  6104   484  6620
12640    2657  5614  6275  6393
12641    4506  1888  6474  6691
12642    1756  1755  3954  6789
12643    3205    78  6237  6469
12644    3253  4013   557  6905
12645     507  3773  3772  6368
12646    6438  3159  6501  6808
12647    2711  2710    40  6491
12648    6160  6153  6641  7057
12649    4457  4456  6465  6834
12650    2232  5718  5716  6712
12651     494  3025  3023  6272
12652    6187  6223  6225  6981
12653    3406   315  3405  6536
12654     544  5910  1255  6456
12655    1361  3975  2565  6964
12656    1062  5307   233  6175
12657    6188  6280  6697  6768
12658    1112  3703  3707  6364
12659    5896  2281  3847  6525
12660    2794  3143  5872  6585
12661     178  2302  2303  6782
12662     123  3788  2515  6909
12663     781  1369  4066  6729
12664    4358  1853  5704  6485
12665    6634  3598  6781  6884
12666    1227   534  1532  6175
12667    1736  5959  5960  6458
12668    6661   305  6814  6908
12669    1009  5620  5623  5069
12670    1007  1800  4101  6602
12671    6191  6309  6772  6879
12672    5696   511  6512  6928
12673    6155  6235  6641  6800
12674     767  3989   768  6943
12675    1494  5555  2173  6272
12676    6159  6180  6228  6276
12677    4067  3265  6510  6694
12678    2435  2438  7009  7065
12679     246  6018  6013  6558
12680     158  4281   833  6983
12681    5541  3648  5347  6463
12682    4651  1918  3963  6206
12683    3773   507  2216  6368
12684    6641  6235  6652  6812
12685    3015  1107  3017  6500
12686    4745  4746  7037  7086
12687    1383   388  6333  6754
12688    3468  2434  3469  6487
12689    6379  5906  6587  6618
12690    6284  6488  6551  6689
12691    1685   679  1683  6678
12692    6555  6352  6705  7028
12693    6912  6553  7040  7090
12694    3738  5075  3543   218
12695    3919  1269  6068  6250
12696     389  2645  6416  7012
12697    6148  6353  6558  6941
12698    5391   478  5386  6941
12699    1925  1926  3571  6186
12700     694   352  1704  6269
12701    6520  4206  6548  6830
12702    4810   432  6375  6635
12703    1718  1958  6457  6909
12704    5615  4303  5061  5062
12705    1018  2882  1455  6459
12706    3628  1061  6453  6927
12707    1335  3737  3736  6762
12708    5616  5020  4303  5062
12709    4303  5020  5061  5062
12710    2871  5622   458  1129
12711    5062  2191  2026   261
12712    6239  6188  6273  6377
12713    1478   474  2972  6363
12714    5061  5062  2026   261
12715    5061  5615  5062   261
12716    4956   103  3505  6722
12717    3630  2473  1677  6453
12718     789  5079  6386  6614
12719     868  1400  6425  6873
12720     554  3233  3232  6877
12721    3631  3630  1677  6453
12722    3396  1601  3395  6346
12723    5622  5620  1009  5621
12724    2675  4388  1393  6967
12725    6516  6286  6626  6671
12726    6469  6221  6982  7060
12727    4388  2675  6747  6967
12728    1422  4758   927  6405
12729    4207  4208  6830  6978
12730    6557  1313  6992  7036
12731    1009  2028  1452  6297
12732    2720  3388  6604  6767
12733    2434  3466  6487  6698
12734     217  5617  5618  1129
12735    2871   217  5618  1129
12736     347  3664  6475  6610
12737    6251  6336  6552  6830
12738    1772  1935   925  6806
12739    5072  2028   218  6297
12740    3317  3316  4255  6311
12741     556  1285   301  6984
12742    6501  6233  6808  6861
12743    4185  1568  3306  6506
12744    6235  6641  6652  6706
12745    5349  1679  6830  6978
12746    4276  5564  6812  6868
12747    3036  5503  1107  6500
12748     389  1384   390  7012
12749      63  2138  3006  6892
12750      57  5336  2092  6435
12751    6149  6162  6200  6298
12752    3763  5687  6541  6631
12753    6216  6305  6471  6835
12754    6194  6263  6768  6984
12755    6195  4404  6848  7064
12756    3738  3543  5625   218
12757    2159  3020  1111  6363
12758    3219  1548  1279  7022
12759    3730  2177  6433  6492
12760    3750  6554  6961  7075
12761    6206  4150  6523  6981
12762    5997  1538  1539  6396
12763    5620  5073  5623   218
12764    5503  3036   496  6500
12765    6344  6378  6648  7065
12766     489  5487  3009  6285
12767    3770  5698  6479  6512
12768    6307  6280  6354  6701
12769    6373  6305  6554  6845
12770    6162  6149  6217  6298
12771    5233  6472  6714  6923
12772    2895  1459  2894  6770
12773    5162   662  7010  7085
12774     496  3037  6319  6500
12775    1316  1315  2429  6844
12776    2321  3188  6972  7108
12777    5205  3589  6803  6991
12778    3181   540  5995  6396
12779       9  3529  6655  6828
12780    6365  6444  6539  6847
12781     260  5612  6393  6847
12782     884  3370  4495  6850
12783     866  4440  6628  7004
12784     321  2427  2428  6816
12785    3867  5952   734  6346
12786    1774  4024  2584  6638
12787    3125  5796  1517  7058
12788     157  4279   830  6920
12789    1940  6259  6633  7037
12790    6489  6167  6757  7034
12791    6355  3841  6777  7016
12792    1738   130  6952  7008
12793    6224  6257  6633  7037
12794    3184  3185  1540  6558
12795    2420  1608  1312  6270
12796    5557  5556  2173  6580
12797    1535  1533  6245  6458
12798    5886  5887  3856  6890
12799    3980  3983  1762  6357
12800    5612  1127  6297  6847
12801    4086  5035  5037  7081
12802    3141   527  1207  6304
12803    3278   563    83  6661
12804    6582  6903  6909  6950
12805    6207  6454  6508  6878
12806    6366  6306  6445  6603
12807    3266  2365   303  7018
12808     816  2629  1824  6734
12809    3644  6327  6363  6466
12810     395  6735  6738  6879
12811    5004  1445    48  6561
12812    2970  2967  6166  6525
12813    5059  4128  2865  6308
12814    4643  1917  4645  6405
12815    4442  4443  3875  6764
12816    5724  5725  6295  6437
12817    2257  1982  5813  6556
12818    6768  6948  7045  7051
12819     535   537  3173  6511
12820    3680  2491   117  6266
12821    5322  2088  6265  6569
12822    2627  2967  5354  6166
12823    6218  6290  6464  6810
12824    3639   674  2476  6327
12825    4490  4491   881  6946
12826    1535    42  1533  6458
12827    3273  4097  1559  6937
12828    5335  2092  5334  6272
12829    6648  6378  6556  7065
12830    6169  6198  6208  6320
12831    1883  4490   881  6946
12832    6336  1345  6587  6890
12833    2500  1335   693  6762
12834    4867  1976   950  6753
12835    5122   222   221  6680
12836    3881   131  3879  6854
12837    4526  4525  6986  7038
12838    5307  1062  5949  6175
12839    6188  6202  6503  6938
12840    2974   475  2103  6466
12841    3189  2321  1541  6972
12842    6434  2585  6638  6806
12843    4480  4482  5965  6750
12844    4861  2267  5854  2268
12845    4033  1777  4032  6566
12846     281  5363  6253  5883
12847    1932  4713  4712  6725
12848     513  5727  3094  6418
12849    3465  1629   950  6791
12850     134   135  3947  6441
12851    5228  5224  1043  6518
12852    5000  6496  6608  6636
12853    4889  4894    73  6323
12854    5837  5839  3349  6445
12855    3940  3938  4560  6859
12856     686  5522  3706  7031
12857    1455  2883  6421  6837
12858    6149  6217  6557  6887
12859    6221  6469  6982  7001
12860     967   192  2786  6601
12861     844  4333  6237  6878
12862     513   847  5730  6485
12863    1227  1532  3169  6175
12864     341   340  6623  7046
12865    2120  6703  6801  6802
12866    3504   103  6564  6722
12867    3724  3044  2498  6398
12868    3363  2692  1298  6411
12869    2560  3940  4560  7076
12870    5306  2928  5243  6175
12871    2927  2737  2926  6400
12872    4558   178  4559  6859
12873    2462  6300  6634  6923
12874    4491  4490  6522  6946
12875      88  1571  6330  6958
12876    1465  5198  5197  7048
12877    3177   539  6486  6782
12878      11  1330  2475  6929
12879    6450  6365  6655  6679
12880    3874   129  6568  6764
12881    6452  2229  6807  6883
12882    3343   397  1851  6454
12883    5296  5230   663  6781
12884    6241  6555  6901  7091
12885    6259  6194  6352  6633
12886    2040  2030  2885  6602
12887    6530  6322  7043  7050
12888    4041  4042  1781  6397
12889    2213   269  5765  7105
12890    1943   617  4759  6478
12891    1051   470  6201  6232
12892    5161  5155  6451  6596
12893     618  4798  6697  7045
12894    6151  6156  6536  7083
12895    6445  1728  6805  7016
12896    5761  1176  6699  6956
12897    1818  4183  4184  6506
12898    3262  4052  6794  6911
12899    2062  2922  5233  6472
12900       3   587  3337  6497
12901      16  3783  3779  6504
12902    6312  6371  6668  6870
12903      35  4413  4414  6848
12904    6829  6314  6986  7038
12905    4104  5080   459  6431
12906    5688  1715  3768  6479
12907    1440  4922  1439  6838
12908    3289  6659  7068  7085
12909    1540  6012  1251  6473
12910    2698  4488  6320  6522
12911    1875  6476  7008  7023
12912    1766  3990  6705  6984
12913    6097  6100  6551  7038
12914    6584  6579  6900  7011
12915    2186  3050   836  6218
12916    5327  5326  4197  6963
12917    4310  4321  6772  7107
12918    2552  3923   366  7061
12919     391  4272   390  6416
12920    1952   616  4776  6872
12921    5494  1488  6285  6740
12922    3835  1207  6304  6720
12923    1567  4220  3305  6825
12924    6747  6455  6799  6967
12925    3469  2434  3466  6487
12926    3847  2282  3852  6525
12927    1403   874  6258  6824
12928    4672  1945   929  6715
12929     202  1634  6612  6906
12930    3734  3737  3735  6762
12931    5445  3222  1095  6656
12932     555  3249  6203  6902
12933     623  4853  5859  6720
12934    1706  3737  1707  6762
12935    6763  1710  3756  1711
12936    2549  2550  2548  6898
12937    6178  6251  6336  6587
12938    4484  1404   880  6658
12939    5475  5474  3003  6584
12940    4961  1948   977  6646
12941    2010   199  4871  7053
12942     332  3519  1648  6727
12943    1149  4337  6368  7001
12944    5954  2296  1737  6389
12945    5340  3635  6822  6929
12946    5656  3077  6605  6699
12947    5820   524  1520  6323
12948    4176  2622  2623  6817
12949     568    84   798  7085
12950     281  5363  5883  1212
12951    6169  6189  6221  6250
12952     423  2757  2758  6651
12953    1769  4002  6601  7095
12954    6337  6243  6606  7122
12955    3393  3867  1736  6346
12956    6276  6404  6645  6709
12957    1638  3493   634  6748
12958    6326  6301  6282  7122
12959    2166  1492  2167  6776
12960    6667  5739   717  7032
12961    2064  3063   263  2065
12962    2208   704  6699  7013
12963    2645   390    31  6416
12964     909  3404  6955  7112
12965    6666  6209  6876  7108
12966    3202  3762  2336  6741
12967    4847  2797  1429  6875
12968    6178  6150  6438  7042
12969    4742  4741   136  6640
12970    6685  3669  3667  6976
12971    6404  3672  6675  6785
12972     198  4407  2267  6195
12973    2158  1073  6463  6811
12974    5281  3612  2466  6436
12975    3270  4042  4057  6447
12976    1484  5477  3028  6900
12977    6441  6151  6458  6881
12978    4085  5032  6684  7081
12979     307  6267  6309  6772
12980    3117  6882  6897  7084
12981    5187  1414  2910  7036
12982    6249  6214  6322  6482
12983    3864  3865  6346  7083
12984    3073  3075  6422  6605
12985    3080  5675  6576  7001
12986    2907  2054  6361  6387
12987    5835  1869  4429  6549
12988    6556  3474  6612  7065
12989     423  4573  4710  7070
12990    6389  5954  6465  6568
12991    4724  4717  6651  6943
12992    1779  4039   141  6397
12993    3033  5563  6462  6968
12994    6321  6724  6725  6966
12995     986   987  4994  6832
12996    5158  5157  6988  7010
12997    6365  6539  6609  6679
12998    2937  5274  6827  6930
12999     742  1747  6419  6886
13000     136   137  1364  6352
13001    2664  4332  4333  6237
13002    1222  5939  6328  6628
13003    6594  6680  6784  6855
13004    6160  6188  6239  6377
13005    6306  6304  6445  7025
13006    6794  6626  6911  7054
13007    6562  6374  6791  6858
13008    3368  4493  3370  6388
13009    3864  6185  6664  7083
13010     471  5298  5297  7071
13011    5729   121  3779  6504
13012    1468    54  6201  6959
13013     176   820  6565  7069
13014    3093  3091  3092  6712
13015    3863  1227  3169  6175
13016      59  2982  6613  6775
13017    1100  4269   828  7011
13018    6192  6180  6213  6335
13019    6256  6636  6682  6729
13020    2622   383  2623  6817
13021    6136  2993  6135  6610
13022    4875   199  6562  6858
13023     809   383  2621  6817
13024    1224  1735   733  6664
13025    2691  4456  4465  6465
13026    1528  5897  1526  6166
13027    1081  2109  6252  6289
13028    3788   715  6909  6999
13029    3441  2774  6771  7111
13030    6341  3321  2389  1294
13031    5293  5206  5207  6833
13032    6337  6512  6606  6928
13033    2051   453  5048  6168
13034     156  5418  1088  6802
13035    5801  5739  6667  7032
13036    6160  6171  6432  7042
13037    6531  3107  6685  6831
13038    6653  6480  6976  7084
13039    6613  3191  6891  7069
13040    6298  6155  6370  6392
13041    6300  2462  6518  6923
13042    6314  6278  6480  6531
13043    3640  5370  3639  6327
13044    6383   853  6883  6951
13045    5548  6331  6364  6547
13046    2530  3836  6255  7041
13047     647  3525   645  6490
13048    4283   158  6267  6983
13049    1414  5187  6324  7036
13050    6273  6292  6377  6966
13051    3702  5531  2162  6350
13052    5121  3554  5118  6158
13053    6516  6286  6643  6644
13054    6284  6406  6488  6739
13055    3827  3826  6765  7099
13056    6163  4438  6358  6963
13057    3460  2431   619  6903
13058    6344  6399  6582  6844
13059    2967  2970  5360  6525
13060     491  3019  6164  6463
13061    3674  5455  3672  6404
13062    6272   494  6435  6547
13063    3933  3926  6521  6829
13064    6659  5162  7010  7085
13065    6192  6366  6549  6662
13066    5291  5290  6578  6766
13067    3704   684  6294  6350
13068     388  2641  1382  6333
13069    2316  6014  2315  6558
13070    4203  1821  6371  6548
13071     345  1331  6529  7066
13072    2942  2078  6580  6971
13073    5258  6749  6792  6959
13074    6216  6362  6373  6793
13075    5231  5304  6896  7097
13076    5236  2923  5237  6714
13077    2846  2847    64  5014
13078    4930  4933  4932  6694
13079    3899   364  6248  6731
13080    1521  5827  6268  6323
13081    3606  3605  5267  6230
13082    1802  6539  6609  6661
13083    4265  4267  6330  6416
13084    6331  6183  6364  6547
13085    2189  5278  6232  6749
13086    5282   666  6291  6575
13087    5838  2263  5840  6366
13088    3046  5590   210  1122
13089    5009  3046   210  1122
13090    5591  3516  3722  1121
13091    5009  3047  3046   990
13092    5014  3046  5015  5593
13093    5008   210  1121  1122
13094    5006  2014  1121   990
13095     305  3281  6661  6814
13096    5589  5588   210  1121
13097    1265  2698  4488  6320
13098    5590  5589   210  1122
13099    3629   112  6927  7087
13100     873  4472  6420  6861
13101    3047  5009  3046  5014
13102    5009  3046  2846   210
13103    5747  1428  3103  6483
13104    1188  1518  1517  7058
13105    2846  3046  5590   210
13106    3046  5009    64  5014
13107    5526  5527   679  6678
13108    3156  5901  1527  6226
13109    6258  6171  6567  6824
13110    2767  6414  6683  6715
13111     644  6157  6244  6869
13112    1968  1428  5748  6839
13113    6394  6344  6399  6612
13114    3712  6205  6435  6547
13115    5009  5008   990  1122
13116    1790  1556  3265  6708
13117    5740  3789  2515  6909
13118    1069  5345  2962  6463
13119     353    15  3756  6763
13120    3046  3047  5014  5015
13121    5890   737   732  6379
13122    2187  5616  5596  5019
13123    5015  2016  5593  5594
13124    1055   236  2070  6993
13125    2016  1446    64  5594
13126     813   814  6226  6688
13127    6549  6192  6603  7117
13128    2749  6324  6992  7036
13129    6468  6555  6705  6943
13130    3350    92  2400  6867
13131    6197  6386  6431  6852
13132    5020  4302  5018   994
13133    2187  5020  5019   994
13134    4131  6308  6602  6925
13135    1051  1469   235  6232
13136    5020  4303  4302   994
13137    4302  4303  2186   994
13138    4303  2187  2186   994
13139    4303  5020  2187   994
13140    1133  1707   350  6762
13141    3973  2568  6357  7035
13142    3098    69  3100  6638
13143    4045  4047  6372  6819
13144    6034  6035  6613  6775
13145    2909  2610    52  6361
13146    5082   333  6828  6894
13147     301  1285  6915  6984
13148    6301  6243  6419  7122
13149     558  4052  3262  6911
13150    3242  1767  3239  6962
13151    1033  3565   657  6502
13152    2132  3000  2131  6550
13153    3091  3093  5716  6712
13154    1111  5369  2101  6363
13155     563  1561    83  6661
13156    6218  4299  6376  6810
13157     587  3337  6497  7074
13158     590   591  3351  7080
13159    2914  1463    53  6833
13160    4305  2657  6275  6393
13161    4371   161  5660  6505
13162     119  5626  3742  6232
13163    2206  1711  2207  6571
13164    5115  2882  6459  6837
13165    1521  4889    73  6323
13166    2209   706  5760  6693
13167    6423  6249  6506  6746
13168    2135  1485  6584  6900
13169    3887  5992  3885  7034
13170    4195  1566  6371  6870
13171    5625   218  6297  6499
13172     636  4977  3507  6234
13173    1867    93  6642  7117
13174    1659  5127  6348  6546
13175    3781   122  6295  6938
13176    6192  6642  6736  6885
13177    5779  2998  6882  7084
13178    3766   709  6631  7073
13179    6147  6488  6649  6779
13180    3682  6246  6285  6977
13181    6391  6397  6447  6791
13182    1222  3875  2291  6764
13183    1905  4582  1754  6755
13184    2801  2802  6347  6753
13185    2170  3713  1696  6463
13186    5371  2278  6253  6327
13187    3330  6528  6735  6879
13188    1426  2787  6375  6838
13189    2062  5231  6472  7097
13190    1261  6040  1542  6989
13191    4488  2698   171  6522
13192    5860  1207  3835  6720
13193    2784  4808   370  6635
13194    5066  1008   792  6539
13195    2359  6560  6621  6787
13196    4538  4539   409  6491
13197    6255  6303  6304  6306
13198    4029  6566  6700  6759
13199    4512  4511  6305  6471
13200    3711   687  6463  7031
13201    2795  2797  6698  6875
13202    3660  1087  1683  6973
13203    6979  3995  3996  3994
13204     253  5489  1487  6544
13205    2450  1322   645  6343
13206    4438  6226  6358  6963
13207     937  1957   191  6460
13208    2754  1929  2753  6349
13209    4922  4923  1439  6838
13210     343  2476    11  6327
13211    3717  2496  6382  6398
13212     504  3076  5662  6422
13213    1869  4423  6549  6662
13214    6232  6570  6749  6792
13215    6300  4626  6523  6820
13216    2889  3545  5133  6852
13217    5047   453   454  6502
13218     191  4021  2782  6460
13219    4355  2670  6863  7059
13220     776  4027  4862  6268
13221    4879  1977  4878  6791
13222    3483  1636  2438  7065
13223    6327  6625  6929  6941
13224    6807   854  6853  6951
13225    1963   940  4806  6635
13226    2385  2384  1292  6985
13227    6322  6530  6813  7050
13228     763  3972  6866  7035
13229    4747  1940  4748  7037
13230    3271  6773  3275  6937
13231    1371  4096  1799  6624
13232     192  4927  4812  6601
13233    1909   184   906  6400
13234    5770   165  2679  6647
13235    1983    47   441  6761
13236    1376  6308  6514  6988
13237    3165  5940  6265  6628
13238    6577  4615  6955  7112
13239    5181  1036  2054  6387
13240     949  4038  6268  6397
13241    6484  6235  6528  6745
13242    6019  2286  5907  6618
13243    6214  6191  6322  6594
13244     770  3238  6962  6979
13245    3190  6036  6034  6989
13246    6840  6544  6888  6893
13247    1338  6707  7055  7073
13248    4011  3254  6468  6905
13249    1173   124  3792  6412
13250    6479  3770  6512  6928
13251    2737  2738   906  6400
13252    1597  3368  1596  6388
13253     942  2789   195  6839
13254    3369  3368  3370  6388
13255    3204  3915  6469  6982
13256    6212  6359  6774  6824
13257    6909  6582  6950  7103
13258     390  2648    31  6416
13259    4745  6405  6517  7086
13260    2720  6604  6607  6767
13261    1653  3527  6804  6980
13262     883  4494   545  7108
13263    3488  4914  4915  6819
13264    6308  4130  6451  6988
13265    1594  4449   868  6936
13266    3959   910  6300  6820
13267    5474  5475  5472  6584
13268    4702   920  3767  6479
13269    5955  1737  6389  6568
13270    6386  6530  6546  6852
13271    4713  1932  3421  6725
13272     269  4379  5663  7105
13273    6158  6269  6421  6680
13274    1998  6644  7078  1999
13275    6281  6418  6437  6485
13276    5134  1025  2887  6925
13277     657  5165  6168  6673
13278    6080  6081  2219  6865
13279    5780  2252  6882  7084
13280    5410  5417  6660  6703
13281    6214  6482  6797  6930
13282    6538  2500  6762  6843
13283    5975   130   288  7008
13284      27   786   376  6386
13285    2546  3891   364  6385
13286      77  1535  1533  6245
13287    4996  2011  6496  6910
13288    6716  6597  6777  7016
13289    4148  5189   800  6535
13290    3614  1329  6436  6792
13291    6297  6275  6393  7000
13292    4489  4493  1884  6522
13293    6196  6195  6347  6848
13294    4506  4505  3208  6595
13295    3813  5800  3811  6667
13296    6184  6149  6343  6659
13297    1318  2435  3475  7065
13298    2378   815  6520  6668
13299    3783    16  2513  6504
13300     395  4316  6735  6879
13301    4128  4131  1804  6308
13302    2121   481    60  6821
13303    6278  6314  6373  6874
13304    5850  1204  4413  6369
13305    2584  2781  2582  6638
13306    5344   245  1069  6463
13307    2640  1383  6333  6710
13308    6429  2439  6564  6818
13309    6327  6152  6353  6941
13310    1114  5547  1493  6547
13311    3391  4704  6443  6851
13312    1032  1033  6168  6502
13313    2124  5421  1089  6663
13314    3024  1494  2173  6272
13315     889  1894  4522  7123
13316     249  2132  2131  6550
13317    6693  1713  6874  7094
13318    2765  1421  2764  6405
13319    1413  6517  6553  7086
13320    6282  6326  6545  7014
13321    4487  4485   882  6666
13322    2332  6886  6935  7007
13323    2507  5683  6707  6741
13324    6606  6512  6863  6928
13325    1671  5254   665  6855
13326     855  1179  6647  6799
13327    2433     7   325  7024
13328     950  6397  6753  6791
13329    4696  2754  3424  7029
13330    4156  6223  6591  6991
13331    3715   689  1117  6696
13332    5772  2249  6430  6907
13333    1545  4331  1148  6237
13334    4781  1639  1640  6429
13335    4485  4494  6666  6876
13336    6327  6148  6353  6625
13337    2591  2588  6268  6975
13338    4062  4061   374  6592
13339    1966  1965  1514  7103
13340     132  3891  2546  6385
13341    5041  5040   214  6495
13342    4614  3955   908  6629
13343    4104   787    26  6386
13344     539  3179  3177  6486
13345    5021  1793  4076  6608
13346    3442  4753  6478  6857
13347    4176  2623  6578  6817
13348    1639  4781  1640   934
13349    3450  2429  3451  6844
13350    2829  4957  2831  6646
13351    1495  3031   495  6462
13352    3175  6057  6439  7056
13353    3806  2523  6412  7084
13354    3956  6300  6518  6632
13355    1191  5801  1163  6667
13356    4965  4769  2768  6683
13357    2288  5916  1529  6501
13358    6567  6728  6808  6861
13359    2309  2711  6491  7063
13360    1041  5210  6803  7106
13361    5290   806  6578  7110
13362    4159   804  6519  6540
13363    2796  2798  6875  7041
13364    5636   551  5638  6656
13365    2337   295  6221  6595
13366    5281  6199  6436  6971
13367     227  2904  4684  6683
13368    2678  4388  6799  6967
13369    6443  6321  6604  6851
13370    4727  3428  6752  7006
13371    1688  2483  6685  6831
13372    2318  6020   132  6385
13373     554  3948  2557  6877
13374    1552  3250  6768  7045
13375    3592  5228  1043  6518
13376    1712  1713   705  6693
13377    5834  2685  1197  6740
13378    2731  4591   315  6536
13379    6351  6766  6833  7048
13380    6262  6220  6487  7053
13381    6392  6215  6446  6908
13382    6626  4056  6911  7054
13383    5745  3105  1165  6483
13384    6194  6555  6705  6984
13385     811  2628    28  6726
13386    1466  2928  2927  6400
13387     767  1766  2575  6705
13388    4868  4041  6397  6791
13389    5273  5276  2624  6746
13390      84  3288  6427  6737
13391    1455  6421  6459  6837
13392    3959  3956  1358  6632
13393    6222  6560  6789  6877
13394    3585  5212  5213  6991
13395    6759  6323  6765  6945
13396     335  3546  6546  6852
13397    5176  3579  3580  6387
13398    3889   132  2546  6385
13399    4780  3440   933  6771
13400     868  4450  6420  6425
13401    6320  6439  6617  7056
13402    4679  4673   929  6715
13403    3341  3339  6924  7014
13404    3032  3031  6462  6864
13405    1682   116  2114  6997
13406     349  1334  1697  6940
13407     888  1890  4513  6305
13408    3704    13  6205  7031
13409    2630  2631  6913  7047
13410    4667  4763  1923  6758
13411    3744  3615   235  6232
13412    1848  1847  6971  7102
13413    6148  6164  6252  6294
13414    1726   726  5848  6304
13415     327  3467   326  6262
13416    1505  3066  3065  6769
13417    3286    84  6427  7085
13418    2952   473  2948  6227
13419     397   588  6282  6454
13420    5065  2025  2870  6275
13421    6085  4500  1269  6250
13422    6189  6419  6600  6757
13423    1568  3306  6506  6926
13424    6308  6514  6581  6925
13425    1459  2891  1458  6770
13426    1222  2290  6179  7079
13427    2391  2389  3312  6341
13428    4872  4878   628  6931
13429    3547   652  2033  6348
13430    4413  1204  4414  6369
13431    4956  2442  6564  6646
13432    4426  3348  3349  6867
13433    5353  5351  2097  6552
13434    6488  6147  6649  7042
13435     494  5545  6272  6435
13436    6161  6211  6409  6424
13437     727  3835  6304  6720
13438    5975  5976  4471  7008
13439     227  4686  4767  6683
13440    4493  4489  1404  6658
13441    1330  6327  6625  6929
13442     531  3165  5940  6265
13443    1515  5467  1099   155
13444     373  4067  4070  6694
13445     451  5001  6561  7015
13446    1629  1631  6791  6931
13447    6630  6311  6754  6786
13448    6795   987  6832  7100
13449     746  3917  2548  6898
13450    1328  3598  6634  6884
13451     778  4046  4924  6372
13452    5841  5840  6366  7016
13453    5579   496  6319  6622
13454    4626  3961  6523  6820
13455    3417  4647  3415  6756
13456    5321  4193  6963  7121
13457    1104  5497  1199  5842
13458    6257  6200  6170  6286
13459     419    44  1413  6517
13460    6257  6170  6280  6286
13461    6345  6242  6746  6817
13462    1666  3570   337  6537
13463    3742  1469  6201  6232
13464    5833  5832  2146   488
13465    2580    23  6434  6902
13466    5035  5032  4085  7081
13467    2722  1904   899  6607
13468    4080    25  2596  6608
13469    3422  1611  1612  7082
13470    2118  5416  2117  6703
13471    4374  1391  6951  7074
13472    2194  2193  2195  6507
13473    6167  6189  6208  6439
13474    2322  4496   173  7108
13475    5806  5746  5810  6483
13476    6408  6509  6632  6634
13477     327   326  1632  6931
13478    2562  1358  6408  6820
13479     525  1104  5496  1199
13480    6416  6276  6583  6641
13481    2668   846   399  7116
13482    5492   488  5496  1199
13483    3430  1615   611  7029
13484    4504  4506  6595  6691
13485    1104  5492  5496  1199
13486     525  1104  1199  5842
13487     488  5494  1199  3137
13488    1104  5497  5492  1199
13489     299  5636  1507  6769
13490    5494   525  5496  1199
13491     488  5494  5496  1199
13492    1198   488  1199  3137
13493    1198  2261   488  3137
13494    2261  1488   488  3137
13495     488  1488  5494  3137
13496    6165  6233  6299  6425
13497       7  3467   327  7024
13498    3582  5176   107  6403
13499    6167  6222  6241  6247
13500    1327  2461  3587  6634
13501    2559  3941  2560  7076
13502    4742   766  6259  6352
13503    2676  1859  4387  6747
13504    6194  6257  6263  6352
13505    6351  6588  6803  7106
13506    1104  5497  1200  5845
13507     762  3969  2566  6841
13508    1106  5846  1202  1105
13509    6741  6541  6865  6935
13510    6256  6370  6496  6608
13511    1387  2663  6735  7102
13512    6166  2627  6548  6688
13513    1202  5846  1200  1105
13514    2265  3685  1105  3687
13515    1739  6489  6856  6952
13516     855  2679  1864  6967
13517    2266  2265  1200  1105
13518    1106  2266  5846  1105
13519    5846  2266  1200  1105
13520    2266  3687  2265  1105
13521    2266  1106  3687  1105
13522     149  4191  1819  7121
13523     337  6403  6537  6673
13524    6665  6590  7123  7124
13525    6597  5506  6716  6777
13526    6081  1152  2219  6865
13527    5744  5745  1165  6483
13528    6750  6432  6826  6842
13529    6149  6298  6310  6343
13530    6261  6308  6514  6581
13531    1476    57  6435  6970
13532    3977  3976   552  7040
13533    6274  5098  6507  6655
13534    2021  3563  2050  6502
13535    3363   874  2692  6411
13536    2461  2919  2920  6300
13537    6334  4307  6965  7107
13538    6210  6176  6316  6355
13539     145  4094  6293  6624
13540    3555  6530  6546  6784
13541    4130  2900  6308  6451
13542    4419  1867   402  6736
13543     279  5861  1108  6777
13544    3342  2397  7014  7074
13545    2079  5290  6766  6922
13546    4425  3350   311  6662
13547    4087  5002  6561  7015
13548    1353   747  3914  6469
13549    5012  6464  6674  6695
13550    6321  6443  6725  7082
13551    6578  6345  6766  7110
13552    1029  5271  7110  7119
13553    6703  2119  5417  6802
13554     119   696  3743  6232
13555     493  5533  3021  6181
13556    6319  6176  6355  6500
13557    6281  6238  6418  6485
13558     539  3180  6486  6856
13559    1901  3953  4564  6742
13560    3345  3346  2682  6650
13561    5890   732  5889  6251
13562    6735  6182  6751  7102
13563     650  2033  6348  6459
13564    5887  3857  3856  6890
13565    5458  5457  2131  6550
13566    6156  6175  6185  6664
13567    6395  6149  6427  6737
13568     400   587  2396  7074
13569    4054   779  6516  7078
13570    2454   334  6450  6655
13571    4010  4009  6948  7045
13572    4655  3962  6206  6820
13573    1965  1966  1626  6582
13574     690  2496  5574  6382
13575    5865    75    74  6585
13576    6554  6305  6763  6835
13577     728  1972  6720  7041
13578    2770  1948  2832  6414
13579     696  2504  2505  6232
13580     313   590     4  6603
13581    2993  6136  1093  6610
13582    6305  6216  6373  6763
13583    4013  4014   557  6905
13584    6293  6386  6392  6937
13585    1826  4226  1825  6272
13586    6240  6513  6563  6589
13587    6249  6746  6797  6932
13588    6410  6215  6444  6609
13589    2447  2446  6244  6869
13590    6276  6583  6641  7042
13591    2179  5572  2148  6846
13592    1805   224  5132  6602
13593    1827  5555  3025  6272
13594    3712  5542   494  6547
13595    1385   393  2656  6627
13596    6028   545  4485  6876
13597    5208  1041  2915  6803
13598    1658  3538   651  6499
13599    2404  4467  4465  6615
13600    6147  6997  7066  7113
13601    5018  4121  5017  6376
13602    6335  6311  6754  7011
13603    4829  1625   942  6399
13604    6359  6511  6774  6616
13605    4377  1161  4376  6292
13606    1554  2362  1284  6203
13607    1682  6719  6997  7066
13608    1255  5910  5911  6456
13609    4306   159  6965  7107
13610    2789  2790   195  6839
13611    3115  5772  5773  6647
13612    4802   430  3458  6460
13613    3327   310  6309  6745
13614    3076  1177  2212  6860
13615     665  5257   339  6792
13616      85  1812   574  6540
13617     116  3655  2480  6719
13618    5549  1114  1493  6547
13619    4422  4423  4427  6662
13620    1909  3402   184  6714
13621    6570  6269  6855  6959
13622    4273  2124  6663  6904
13623    2673  4381   162  6951
13624    5578  5580  1110   983
13625    1451  2870  1452  6275
13626    1817   383   809  6417
13627    6673  3569  6537  3570
13628    4266  2388  4267  6330
13629    6193  6154  6242  6312
13630    3294  4155  1563  6790
13631    4398  1194  5818  7109
13632    6377  6452  6807  6883
13633    6311  1571  6330  6630
13634    2471  2472  6453  6623
13635    5119  1455  1019  6421
13636    4337  5676  1149  6368
13637    6585  6355  6875  7041
13638    5506  1208  1201  3842
13639    6553  6912  6953  7090
13640    1710  3755  6571  6793
13641    4080  4077  1793  6608
13642    3686  3688  2149  1201
13643    3688  1106  5847  1201
13644    1214  3153  6226  6358
13645    4663  3412  6270  7036
13646    3073  5656  6605  6793
13647    1109  5511  2151  5870
13648    1106  2266  5847  1201
13649    2266  1106  5846  1201
13650    5507  3844  2149  1201
13651    1208  5507  2149  1201
13652    5846  1106  1202  1201
13653    1202  1106  3844  1201
13654    5506  1208  2149  1201
13655    3688  5506  2149  1201
13656    3052   841  3051  6718
13657    1040  1670  6781  7106
13658    2380  1567    86  6825
13659     603  3396  3398  6346
13660    2956  2955  6380  7046
13661    5279  2189  5605  6749
13662    3849   729  3848  6356
13663    5511  3144  5510  1524
13664    4836  1524   983  4837
13665    3978   765  2743  6953
13666    1638   330     8  6748
13667    2582  2580  6434  6902
13668    6180  6228  6276  6641
13669    3014   528  3144  5510
13670     311     4   312  6603
13671    6438  3859  6587  6704
13672    5861  1208  2150  1108
13673    5138  5262  2069  6778
13674    5264   664  6230  6778
13675    1208  5507  2150  1108
13676    5507  1208  2149  1108
13677    6299  6713  6927  7087
13678    5264  6230  6482  6778
13679    1739   736  1738  6856
13680    3561   108  5263  6778
13681    5263  5264  2069  6778
13682    2301  5979  1537  6856
13683    6432  6442  6826  6842
13684    6277  7007  7034  7092
13685    2578  1365  6681  6962
13686    4622  4623  3593  6518
13687     215  5167  2052  6683
13688    5224  5225  6300  6518
13689    2531  3841  6355  7016
13690    4007  4006  4806  6635
13691    6222  6254  6171  6172
13692     751   180  1237  6859
13693    2256  1190  5796  6543
13694    5642  2201  1505  6769
13695    1930  4696  3424  7029
13696    3983  1764  1762  6357
13697    1842  1843  6393  6965
13698    6050   170  6826  6842
13699    1524  2151   983  5577
13700    6220  6234  6795  6869
13701    5580  4970  1110   983
13702     528  1109  5511  3013
13703    3145   279  3011  3013
13704     279  3145   528  3013
13705    5472  6586  5558  5473
13706    3144  5511  5870  1524
13707    6165  6299  6453  6623
13708    6402  6486  6702  6944
13709     127  1733  1345  6587
13710    5000  4079  1793  6608
13711    5555  1827  3025  2175
13712    5902  1732   282  6356
13713    6206  6187  6225  6535
13714    3040  4982  3039  6622
13715    5873  5875  2274   983
13716    1653   104  1654  6804
13717    1315  2430  6399  6844
13718    2248  1178  6799  6860
13719    6305  1890  6845  6942
13720    3849  6166  6336  6356
13721     630  1982   101  6556
13722    5901  5902   282  6356
13723    6292  4375  6383  6619
13724    1345  1733    18  6587
13725    6940  2499  3727  1334
13726    6570  6436  6749  6792
13727    1319  2440  2439  6564
13728    2534   729    18  6356
13729     945  4835  4836  2274
13730    6877  6692  3951  6789
13731    4866  1630  1976  6753
13732    6605  5764  6860  6907
13733    3802  3118  6236  6897
13734    6541  6243  6707  7073
13735    5874  5873  1110   983
13736    5876  5874  1110   983
13737    5873  1524  5871   983
13738    5873  5871  1110   983
13739    1524  2151  5871   983
13740    5871  2151  1110   983
13741    4302  4304  5615  6376
13742    4946  1999  4947  7078
13743    1356  2554  3942  6881
13744    5578  5580  2008   985
13745    5578  2008  2181   985
13746     754  2563  6632  7021
13747    1027  3556  7043  7050
13748    1607  3413  4663  6270
13749    3870  3869  3868  6346
13750     358  3864  6664  7083
13751    2286  5909  1217  6618
13752    4222  1824  1380  7047
13753    1280  1141  6117  6961
13754    4982  4981  3040  3039
13755    4982  4972  4981  3039
13756    6189  6489  6757  6914
13757     306  4249  6381  6630
13758    3364  1878   874  6258
13759    5656   503  5655  6699
13760    3372  4510  6598  6942
13761    1369  4070  4066  6510
13762     432   433  6375  6635
13763    6280  6372  6516  7054
13764    1538  2309  6396  7063
13765    4163  4164  6591  6957
13766    5197  5289  6833  7048
13767    5474  5476  2135  6584
13768    3363     5  3362  6411
13769    4299  3049  2185  6810
13770    1940  4743  6259  7037
13771    1380   386  4214  7047
13772    1172  1173  3792  6653
13773    3118  3119  6236  6333
13774    1702  3729  3727  6492
13775    3358  3357  3359  6949
13776     686  2495    13  7031
13777    3476   101  6556  7065
13778    1754  3940  6692  6755
13779    3285  3284  6687  6695
13780    6184  6287  6574  6673
13781    5037  3272  6293  6440
13782    4073  2594  4074  6871
13783    1880  4486  1404  6658
13784    1494  3025  5555  6272
13785    2182  4985  4984   208
13786    1794   998  4083  6440
13787    2486  5458  6685  6785
13788    4989  3721  3720   208
13789    3720  3721  1120   208
13790     653  3552  6813  7050
13791    4545    96  3380  6854
13792    5165  2905  6168  6673
13793    5721   270  6711  6947
13794    5918  3161   285  6808
13795    1591     5  3355  6411
13796    6347  6196  6369  7024
13797    6267  3327  6309  6920
13798    3076   504  3078  6422
13799    6383  6377  6497  7074
13800     193   434  3453  6760
13801    6314  6475  6709  6829
13802    2597    25  2599  6446
13803    2385  1293   808  6985
13804    1860  5787  6670  6747
13805    2448  2443  2444  6869
13806    6191  6235  6309  6879
13807    5535  6181  6484  6706
13808    6442  6053  6862  7056
13809    2667  4363  6485  7116
13810    5912  3159  6456  6808
13811    6288  6374  6592  6682
13812    6744  2364  6794  6911
13813    5952  3394   903  6346
13814    3458  6460  6909  7103
13815    1618  4750  6816  6887
13816    3370  2699  4495  6850
13817    6198  6390  6522  6946
13818    4456  4453  4455  6834
13819     557  4016  6203  6905
13820    1100   828  6958  7011
13821    6305  6216  6763  6835
13822    3994  6872  4776  6979
13823    5271  1029  5148  7119
13824    3947  2556  6877  6881
13825    6382  6211  6696  6940
13826    4550  4547  6349  6449
13827    6164  3019  6252  7031
13828    3970  3234  2360  6560
13829    6648  5804  6906  7049
13830    4240  1831  2635  6739
13831    2620  6817  2623   383
13832     924  4727  4722  7006
13833    6706  2123  6821  6904
13834      96  4556  3380  6854
13835    2376   570   571  6737
13836     181  1736  5960  6458
13837    6566  6701  6744  6954
13838    2449  5051  1320  6727
13839    6177  6271  6367  7097
13840    1808  5179  5178  6788
13841    6342  6453  6588  6880
13842    6281  6292  6295  7002
13843    1183  5784  6840  6885
13844    4619  4615  6577  7112
13845    3313  6406  6645  6739
13846      28  1821   384  6688
13847    2332  5998  2306  7007
13848    6172  6165  6342  6367
13849    4863   437  4864  6268
13850     784  4932  6694  6721
13851    4838  3143  2792  5869
13852    6386  6322  6530  6813
13853     322  3444  6428  6857
13854    6939  6209  6488  6637
13855    2273  5869  4842  1973
13856    1733  3858    18  6587
13857    5906   127   732  6587
13858    6154  6153  6641  7042
13859    6876  6808  6972  7042
13860    6147  6488  6939  7042
13861    6171  6153  6432  7042
13862    6148  6154  6649  7042
13863    6209  6276  6641  7042
13864    6009  3184  1540  6558
13865    6194  6352  6555  7028
13866    1002  1798  1003  6804
13867    2600  4081   988  7015
13868    5968  5969  6616  6774
13869    6410  6386  6614  6730
13870    2612  5214  6523  6981
13871    4853  5859   197  1974
13872    5322  3627   340  6265
13873    1304  1305   602  6767
13874    1676  5933  5931  3625
13875    1299  3355  6411  6615
13876    3664   347  6475  6521
13877    2983  5413  2115  6801
13878    5419  2121    60  6821
13879     134  3227  6441  6877
13880    2817   372  4049  6375
13881    6413  6573  6848  7109
13882    5411  1086   679  6678
13883    6267   158  6800  6983
13884    5611  5610  1127  6847
13885    3694  3697  6426  6995
13886    5856   946  1974  5858
13887    5200  5203  6733  6921
13888     924  4012  3428  7006
13889    5859   197  1974  5858
13890     950  1629  4868  6791
13891    3974   553  3975  6621
13892    5304  5230  6367  7097
13893    4762  4761  3419  6887
13894     527  1523   278  6304
13895    6418  6281  6434  6806
13896     727  3834  6255  6304
13897    2093  4219   816  6734
13898     589  6589  6867  7025
13899    2528  3834   726  6304
13900    1036  5179  5182  6788
13901    2842  6561  6832  7100
13902    3627  1676  3622  6265
13903    4979  4980  3509  6917
13904    3751  3749  6554  6961
13905    2280  5888  2279  6353
13906    6513    91  6563  6589
13907    6013  6018  2315  6558
13908    3050  3048  1496  6218
13909    6280  6257  6360  6768
13910    4135  2609   795  6988
13911     824  4256   388  6754
13912    1057  2075  6291  7020
13913    1101  5483  5484  6340
13914    5666  6092  4329  6474
13915    6256  6170  6288  6374
13916    3828  1193  6945  7099
13917    3918   746  6250  6898
13918    5731   513  6418  6485
13919    2329  6600  6757  7039
13920     395  1845  4320  6879
13921    1433   200  4882  6682
13922      78   548  6474  6595
13923    5448  2995  3666  6831
13924    6219  6503  6648  7005
13925    1316  2431   323  6844
13926    4443  3353   869  6764
13927    4071  4072  6636  6682
13928    1434   439  1433  6682
13929    6282  6497  6924  7014
13930    1309  1308  1310  6524
13931    1460  2047  6451  6596
13932    6244  6211  6398  7052
13933    4309  5607  2190  6538
13934    5207  5206  2915  6833
13935    5776  4394  6430  6642
13936    2340  2341   745  6576
13937    4259  5486  6335  6754
13938    3458  4802  6460  6903
13939    5061  5615   261  6376
13940    4170  1029  6809  7110
13941     330   635  6384  6748
13942    6193  6153  6713  6927
13943    1296   307  6267  6309
13944    4168  6591  6599  6733
13945    5788  2229  6807  7030
13946    2457  1323  6530  6852
13947    3974  3231   553  6593
13948    3300  4157   797  6918
13949    2328  6052  6862  7056
13950    4233   152  1830  6739
13951     148   806  4172  6578
13952     912  4745  6517  7086
13953    4950  2439  6429  6818
13954    4510   888  6598  6942
13955    5177   798  1808  7085
13956    6452  6239  6676  7120
13957     431  1425  4796  6457
13958    1377  4167  6599  6849
13959       7  6262  6303  6487
13960    1395    35   401  6848
13961    4590  4592  6174  6441
13962    1243  5978  1537  6856
13963    4373  3338   587  7074
13964    6344  6229  6909  7032
13965    6204  6149  6287  6574
13966    6105  1275  6521  6620
13967    1243  5977  5978  7023
13968    4090  4089  6687  6908
13969    2572  2363   369  7101
13970     590  2401     4  6603
13971    6336  6525  3850  6890
13972    2266  3688  5847  6716
13973    6172  6177  6408  6470
13974     403  4449  3356  6936
13975    6155  6162  6298  6370
13976    1903   899  4571  6607
13977    3330  4316  4314  6735
13978    3695  3694  1691  6426
13979    6252  2156  6811  6941
13980    4111  4113  1373  6814
13981     485  3214   296  6565
13982    6176  6355  6500  6846
13983    4314  3330  6735  6879
13984    2721  4568  1409  6604
13985    5907  2286  5908  6618
13986    6419  6061  6600  6757
13987     381  4151  6225  6427
13988     966  1441  6307  6375
13989    3480  3478  6612  6839
13990    6155  6339  6374  6407
13991    1191  3814  5804  7049
13992    3528  1656  6609  6679
13993    4653  1603   916  6992
13994    5240  5237  1046  6714
13995    4389  2256  3126  6543
13996     784   206  4932  6721
13997    6918  4139  6988  7068
13998    3931  6769  6916  7061
13999      91  4392  6513  6563
14000    6332  6377  6670  6853
14001    3000  5459  6550  6974
14002    6471  6390  6571  6595
14003    1864   165   858  6647
14004    4962  2768  4769  4771
14005    6560  6222  6841  7090
14006    2185  5586  2184  6810
14007    3681  5484  6266  6340
14008    5911  3159  6438  6456
14009     329   971  6498  6748
14010    6203  6202  6468  6905
14011    2353   755  3226  6787
14012     998  2854  6534  6684
14013    1235  2298   180  6755
14014     562  3277    83  6730
14015    3522  5046  6502  6596
14016    6593  6621  6912  7090
14017     999  2002   214  6495
14018    6176  6210  6255  6355
14019    6724  6512  6836  6863
14020    5843  3139  6246  6716
14021    6175  1227  6185  6664
14022    4108  2029  6614  6894
14023    1250  6009  1540  6353
14024    3673  4235  6404  6675
14025    2371  2614  6427  6790
14026    2334  6078  6741  6865
14027    6565  6783  7026  7069
14028     967  2786  2787  6375
14029     277   201  5825  6761
14030    2800  1431  4858  1206
14031     682  1689  2486  6685
14032    4406  4860  5855   947
14033    2581    23  6902  6905
14034    6208  6171  6212  6432
14035    4857  1206  4856  2799
14036    4857  2800  1206  2799
14037    4566  4706  4705  6443
14038    1850  6454  6669  6878
14039    6076  1267   740  6886
14040    4044  4045  6372  6819
14041    6460  3458  6903  7103
14042    6370  6155  6374  6407
14043    4382  6670  6853  7105
14044    6308  4132  6514  6925
14045     991   211   642  6994
14046    4858  2267  1206  4859
14047    2898   216   226   465
14048    2679   165  1864  6647
14049    2617  2618  1377  6849
14050    1931  3430  6479  6512
14051    6054  6053  2327  6442
14052     854  4380  6853  6951
14053    6420  6233  6425  6501
14054    6176  6210  6316  6846
14055     321  3438  2427  6771
14056    1975  4858  4861  2268
14057    5854  1975  4861  2268
14058    4015  1770  6434  6806
14059    6653  6480  6685  6976
14060    5854   198  4861   947
14061    5854  4406   198   947
14062    5854  4861  4860   947
14063    4406  5854  4860   947
14064    5827  4406   947  5828
14065    4406  1196  5830   947
14066    5483  1101    63  6900
14067     188  5707  5704  6836
14068    4406  5830  5827   947
14069    5827  5830  4027   947
14070     198  4862   947  5828
14071    4406   198   947  5828
14072    6417  6312  6870  7098
14073    2162  3702  6350  6678
14074     372  4924  6372  6375
14075    6165  6172  6179  6367
14076    3615  5260   235  6232
14077    4887  5830  1521  5829
14078    2242   514  3110  6685
14079    2665  4338   396  6669
14080     333  5082   105  6894
14081    1068  5349  4221  6978
14082    4183  1569  4185  6506
14083    4887  1521    73  5829
14084    6172  6593  7040  7090
14085    6333  2640  6710  6882
14086    6274  5098  6655  6837
14087    2430  4825  6399  6844
14088    6021   544   543  6972
14089    4895  4894  6323  6700
14090    4149  4148   800  6535
14091    2124  2125  6706  6904
14092    4889  4887    73   955
14093    4894  4889    73   955
14094    4892  4893    73   955
14095    4893  4894    73   955
14096    3133  4892    73   955
14097    3134  3133    73   955
14098    2731   315   316  6536
14099    6259  6224  7037  7086
14100    5297  5298  6588  7071
14101    1554  2362  6203  6984
14102    3014  5575  5510  6622
14103    1492   493  3021  6776
14104    6514  6338  6813  6918
14105    3723  1700  2498  6398
14106    5467  1833   155  6333
14107    4618  3957  6632  7021
14108    5825   201   958  3820
14109     958   201  1981  3820
14110     992  1447  6218  6244
14111    1397  1396   402  6736
14112    3389   602  6449  6851
14113    4896   724  1981  3819
14114    1981   724  3820  3819
14115    3740  2193  6507  6762
14116    1797  4089  4088  6687
14117    6450  6365  6499  6762
14118    2034  3740  6507  6762
14119    4410  4413    35  6848
14120     693  5610  6538  6762
14121    1658  1706  3740  6762
14122    1853  4358  4362  6485
14123    5551  5550  2172  6751
14124    1658  2034  6450  6762
14125    2134  5465  6333  6882
14126    6153  6299  6713  6927
14127    6210  6220  6382  6917
14128    1484  1485  2135  6900
14129    6502  6495  6596  6796
14130    2902  5167   215  6683
14131    6418   513  6437  6485
14132    6511  5969  6616  6952
14133    1993  6302  6313  6708
14134    2536  3850  6525  6890
14135    6162  6188  6194  6263
14136      11  3643   675  6929
14137     347  2489   346  6675
14138    3388  4567  6604  6767
14139    3715  1698   689  6940
14140    3850   357  6336  6890
14141    2826   446  1442  6818
14142    6567  6171  6750  6824
14143    1493  5547  6272  6547
14144    3492   635   634  6384
14145    4939  3494  6315  6384
14146    6710  6333  6882  7084
14147      86  3305  4207  6520
14148    1704  6269  6538  7072
14149    2677  4392  1862  6513
14150    2390  2391  6406  6998
14151    2959  5325  1475  6380
14152    5610  5611  2190  6847
14153    4343  4345  4342  6326
14154    3862  5936   359  7079
14155      60  2985  6802  6821
14156     589  4411  6650  7025
14157    6279  6310  6732  7081
14158     504  3074  3073  6422
14159    6192  6180  6210  6603
14160     824  1835  5486  6754
14161    6315  6200  6498  6748
14162    4982  3040  2182  6319
14163    6485  6238  6806  7062
14164    6245  6151  6389  6465
14165     888   887  4510  6598
14166    2388  4265  6330  6341
14167     525  3685  1104  2265
14168    2818  4934  1991  6302
14169    1261  3191  6891  6989
14170    6180  6276  6330  6416
14171    2031  2874   650  6348
14172      94  1594  6420  6448
14173    3500     8  3499  6748
14174    1600  4567   314  6767
14175     661  3577  1031  6796
14176    5085   463  1010  5089
14177    5212   232  5213  6991
14178     459  5080   460  6431
14179    2473  3628  1061  6453
14180    2030   463  2885  6431
14181    6206  6187  6535  6981
14182    6550   153  6710  6786
14183    3436  4753   613  6857
14184    6942  4523  7019  7123
14185    1551  3242  6915  7051
14186    1073  5346  3648  6463
14187    4156  5213  6223  6991
14188    2510  1715  2508  7073
14189    6037  6039  6040  6989
14190    1976   437  4865  6753
14191    4362  4358  2667  6485
14192     168  2688  5957  6465
14193    3249  1552  6203  7045
14194    2424  1612  3423  7082
14195    6156  6227  6283  6664
14196    5028  1995   212  6498
14197    6147  6639  6783  6891
14198     785   144  1791  6636
14199    4363   847  4362  6485
14200    1091  4233  1830  6739
14201    2610  2909   799  6361
14202     865  4445   867  6328
14203    6383  6292  6619  6966
14204    6417  1817  6578  7098
14205    1945  4764  6715  6717
14206    1150  4339  4342  6326
14207    4846  1429  4973  6875
14208    6320  2698  6522  6658
14209     776  2591  2588  6268
14210     864  4436   863  6163
14211     406   887  4511  6471
14212    6268  6323  6573  6975
14213    6422  3073  6605  6793
14214    4715  1933  4577  7091
14215    5478  5477  6579  6968
14216     603  4589  2731  6458
14217    4825  6399  6582  6839
14218    6254  6465  6615  6834
14219    6190  6151  6441  6877
14220    4204  5350   384  6548
14221    3083  3763  6541  6741
14222     444  1994  4936  6313
14223    1523   278  6304  6369
14224    4361  1937  1853  6485
14225    2137  2138  6892  7011
14226    2755  1417  2752  6631
14227    3098   431  4796  6457
14228    5635  3222  5445  6656
14229    2514  1339   715  6999
14230    4757  1765  6572  6633
14231    3100    69  6504  6638
14232     135  3943   182  6441
14233    5161  5155  6596  6796
14234    3934    21  6829  6996
14235    6216  6305  6390  6471
14236    3007  5483    63  6900
14237      78  3206  3205  6237
14238    1215  2285  6358  6425
14239    5040  2855   999  6657
14240    3965  4651   368  7067
14241    6365  6410  6594  6679
14242    3900  3899  6248  6731
14243    1776   776  2588  6268
14244     202  4904  5810  6906
14245    4924  4046   372  6372
14246    1160  6883   512  7002
14247    6367  6271  6472  7097
14248    4334  2664  4333  6237
14249    4240  4241  6660  6779
14250    4267  4266  6330  6958
14251     678  4242  4239  6997
14252     765  3979  3981  6964
14253    6443  6321  6725  7070
14254    6854  6277  6990  7092
14255    4983  4988  2840  6467
14256    5238  5229  3593  6714
14257      15  1336  6763  7094
14258    1861  4391  4390  6543
14259    5275  3609  6827  6930
14260    2024  5046  5049  6596
14261    4973   448  4975  6875
14262    2041  5134  2887  6925
14263    4624  4623  5238  6714
14264    4206  4204  6520  6548
14265    3628  2473   670  6453
14266    3486  6378  6566  6701
14267      27   786  6386  6624
14268    5099  2877  2879  6837
14269    2880  5633  2036  6274
14270    5051  2449   455  6727
14271     629  3468  3469  6487
14272     118  5527  6294  6350
14273    2548  2549  6898  7060
14274    5458   682  2486  6685
14275    2738  2739   906  6400
14276    3482  4897  1984  6378
14277    3537  1014  1657  6459
14278    2034  3541  6450  6507
14279    6599  6809  6922  7057
14280    1063  3623  6227  6265
14281    2495   686  3711  7031
14282    4081  2598  4079  6608
14283    6207  6221  6282  6669
14284    6639  1260  6891  6989
14285     581  3325  1573  6983
14286    6348   650  6459  6828
14287    6165  6153  6172  6342
14288    5545  2092  6272  6435
14289    1460  2047  2898  6451
14290    3912  2340   745  6576
14291    6012  6015  1252  6473
14292    6375  6516  6601  6681
14293    4244   822  6381  6404
14294    1177  5768  2247  6860
14295    6391  6374  6397  6791
14296    6808  3159  3160  5912
14297    4639  6542  7040  7093
14298    3701  1693  6294  7031
14299    6261  6338  6514  6918
14300    1989  4044  6372  6677
14301    2831  2834  2830  6646
14302    1498  3053  1497  6570
14303     493  5535  2165  6181
14304     737  5906   732  6379
14305    5488  3683  6285  6977
14306    1861  4391  6543  6563
14307    6239  6240  6455  6747
14308    5958  2688  4458  6245
14309    4159  4161  6494  7088
14310    3451   620  6354  6844
14311    3946  3227  6190  6441
14312    6479  6541  6631  7073
14313    2802   948   438  6753
14314    5038  3517  6495  6895
14315    1773   774  1957  6902
14316    1676  3861  3623  6265
14317    3753  5643   698  7017
14318    2677  1393   857  6967
14319     357  1345  6336  6890
14320    4180  4181  1816  6870
14321     327  6262  6931  7024
14322     371  4028  2588  6975
14323    5327  5899   863  6163
14324    3760  3761   708  6559
14325    1715  3769  6479  7073
14326    1585  3340  1586  6924
14327    3287  3286    84  6427
14328     616  3446  6857  6872
14329    6075  6072   740  6886
14330     198  4862  5828  6195
14331    5509  6500  6622  6777
14332     273  5791  5789  7030
14333    6182  6331  6751  7102
14334    1886  4501  6390  7089
14335    4862   198  4864  6195
14336    6075  2332  6072  7007
14337    4003  4811  4002  6601
14338    1081  5395  6289  6678
14339    3300  5137  3551  6918
14340    1475  5326  2960  6163
14341    2426   319  2424  6724
14342    4977   636  4869  6234
14343    3385   600  2414  6702
14344    3479  4913  4910  6394
14345    2513  6457  6504  6999
14346    2917  2919  2921  6300
14347    3098  2235  3097  6457
14348    1318  3475  6612  7065
14349    1500  5614  1501  6297
14350    6329  6625  6822  6978
14351    2028  5069   218  6297
14352    1129  1500  3055  6297
14353    1843  5608  6847  6965
14354    6247  6241  6526  6901
14355    1658  5075  5095  6499
14356    2790  4834  4831   442
14357    6613  6034  6731  6989
14358    6647  6332  6799  6860
14359     361  1740  1739  6489
14360    6263   138  6915  7101
14361    4781   615  1953  6429
14362    6161  6334  6627  6965
14363    5621  1129  3055  6297
14364    2202  1138  6531  6769
14365    6135  6134  6610  6656
14366    6164   491  6463  6811
14367    3898  3902  6248  6889
14368    2331  6065  6320  6934
14369    6169  6189  6250  6320
14370    6312  6178  6371  6713
14371    2732   752  6458  6881
14372    6173  6182  6183  6528
14373    2262  6366  6549  6716
14374    1111  5519  5369  6363
14375     372  6372  6516  6601
14376    2462  1327  1326  6634
14377    2537  5886  2536  6890
14378    2059  4626  3961  6523
14379    6197  6581  6602  6624
14380     302  2364  3257  6744
14381    3579   337  3580  6403
14382    4462  2298  6755  6859
14383    6186  6537  6758  6899
14384    2387   306  3314  6341
14385    4335   844  6474  6878
14386    1444  2011   450  6561
14387    1819  5321  5320  7121
14388    3812  6667  7005  7049
14389    4477  4476  6728  6750
14390    5121  5122   656  6680
14391    1048  5249  6274  6421
14392    6654  6583  6706  6821
14393    2740  2742  6300  6518
14394     856  4389  3127  6543
14395    6303  2434  6487  6698
14396     669   111  3618  6880
14397    3525   104  3527  6490
14398     328     7  2433  6303
14399    1478   474  6363  6466
14400    6550  5458  6785  6974
14401    6188  6202  6273  6281
14402    2636  4236  6779  6783
14403    4032  4035   777  6954
14404    3982   765  1763  6953
14405     647  5031  6490  6732
14406    5652   353  5653  6763
14407    3127  6240  6543  7030
14408    6272  5336  6913  6970
14409    2948  2947  1045  6283
14410    6404  6314  6531  6611
14411    4131  4128  1024  6602
14412    4302  5018  6218  6376
14413    6275  4305  6290  6376
14414    5020  4303  5061  6376
14415    2025  1128  6275  6376
14416    1841  4300  6290  6376
14417    4302  5020  5018  6376
14418    1831  4240  6660  6739
14419    1864   858   591  7080
14420    6217  6224  6317  6517
14421    2886  5132  2885  6602
14422    1800  4099  4100  6602
14423    4813  4814   969   771
14424     531  5936  6265  7079
14425    3601  3594  6923  7097
14426    3872  3873   359  7079
14427    5940   531  6265  7079
14428     975  4001   969   771
14429     975  4792  4001   771
14430    1024  1805  5132  6602
14431    2040   224  5087  6602
14432    2601  5058  6581  6602
14433    6242  6154  6734  6926
14434    4814  4927   969   771
14435    4927  4814  4812   771
14436    2863   455  6308  6451
14437    4008  4806  6635  6948
14438    5458   682  6685  6976
14439    1492  5530  2161  6776
14440    3189  1256  6972  6987
14441    6170  6510  6626  6694
14442    4623  4624  1602  6714
14443    4718  6651  6705  7028
14444    2382  3307   576  6926
14445    6349  1930  6415  7029
14446    2518  2517   714  6938
14447    6149  6184  6343  6498
14448    1474  1473  2960  6163
14449     185  2917  5225  6300
14450    6159  6276  6278  6381
14451    2019  2852  6264  6534
14452     546  3194  6055  7056
14453    3659  3655  6719  6973
14454    4996  1980  2011  6910
14455    4244   154   249  6550
14456    2460  5181  1037  6387
14457    4031  4035  1777  6566
14458     273  5787  1859  7030
14459    5010  6464  6477  6994
14460    6015   365  1252  6473
14461    5543  5542  3711  6435
14462    1090  2347  6104  6620
14463    4671  4673    45  6758
14464    6709  6314  6829  7038
14465    4610  2418  1310  6524
14466    6401   512  7002    68
14467     530  5885  6253  6353
14468    5344  2962  6435  6463
14469    6600  6221  6898  7060
14470    3313  2391  3311  6645
14471    6368  4337  6669  7001
14472    6430  6228  6455  6647
14473    4084   998  4082  6534
14474    2487  2483  2488  6785
14475    6585  3142  6622  6777
14476    2906  2907  6270  6387
14477    4904  6483  6612  6839
14478    1688  3666   680  6831
14479    6387  6186  6537  6758
14480    1358  3956  2561  6632
14481    6499  3734  6762  6847
14482    2730  2733  6245  6755
14483    4472  4473  6448  6861
14484    6206  6324  6535  6798
14485    5032  1449  6684  7081
14486    6736  2684  6740  6888
14487    5920  5919  6567  6861
14488    4825   943  6399  6839
14489    1036  5176  5178  6387
14490    1875   871  4469  7008
14491    4910   942   195  6839
14492    5748  1428  5747  6839
14493    5414  2160  5530  7104
14494    3819  1725  3821  6761
14495    2412  2719   896  6944
14496    6154  6231  6289  6649
14497    1428  2788  6483  6839
14498     942  4910  6399  6839
14499    6483  6399  6612  6839
14500    4818  2787  4819  4923
14501    4818  4922  2787  4923
14502    4831  2790  4911   195
14503     963   964   194  1988
14504    4910   195  1988  6839
14505    5434  1091  4234  6709
14506    4365  1854  6437  6515
14507    6223  6187  6509  6981
14508    2988   485  2344  6620
14509    4131  4132  1804  6308
14510    4827  1966  1514  6582
14511    6067  6064   881  6946
14512    3552   225  6813  7050
14513    4893  3133  5826  6761
14514    1725  3818  3817  6761
14515    4821  4921  4820  3455
14516    4921  4821  3456  3455
14517    1981  4896  3819  6761
14518    4920  3455   965  3481
14519     965  3455  4830  3481
14520    4911   963   195  1988
14521    2806  6378  6556  6761
14522    1886  6085  6069  6946
14523    3104   272  1165  6950
14524    4022  1775  4023  6485
14525    1908  5241  2926  6400
14526    1941  1942  6296  6405
14527     974  1997  2826  6643
14528    3191  1542  6613  6989
14529    3069  1508  6571  6835
14530    6213  6840  6888  6893
14531    4419  1867  6736  7117
14532    3994   932   770  6979
14533    4459  2688  2689  6476
14534    1904  6866  6901  7035
14535    2096  5351  4206  6830
14536     963  4831  4911   195
14537    6874  6845  7022  7061
14538    4044  6372  6677  6819
14539    4281  5569  6800  6983
14540    5547  1114  3710  6547
14541    4290  6424  6433  6983
14542     151  4235   248  6709
14543    1367  1778   371  6759
14544    1698  3714   689  6940
14545    1415  4670  4671  6758
14546    2609  1806  6988  7068
14547     323  3460  1626  6582
14548    6301  6559  6576  6886
14549     965  4912   964   194
14550     194  4910   942   195
14551    6328  2407  6411  6936
14552    6378   441  6700  6761
14553    1183  1184  3121  6840
14554     421   466  2053  6899
14555    4242  4238  4239  6779
14556     736  1739  6489  6856
14557    3481   965   964   194
14558     441    47  6700  6761
14559      47  2805  6700  6761
14560     114  6529  6775  6889
14561     194  4913  4829   942
14562    6378  6219  6556  6761
14563    2806   441  6378  6761
14564    4910  4913   964   194
14565     963   194   195  1988
14566    2790  4831  4911   442
14567     868  1398  1400  6936
14568    5786  4431   518  6840
14569     547   743  6559  6886
14570    5808  4906  1987  1192
14571    6679  6158  6828  6894
14572    3902  3898   676  6889
14573    3119  1184  2254  6840
14574      71  5786   518  6840
14575    6433  6424  6800  6983
14576    1514  3105  6582  7103
14577     203   944  4907  5807
14578    1280  5645  6961  7075
14579     522  4904  2811  5810
14580    6438  6456  6808  7042
14581    6287  6574  6715  6717
14582     702  1713  1712  7094
14583    1970  4908   442  1969
14584     962  1971   203  1969
14585    1970   962   203  1969
14586    4834  1970   442  1969
14587    4833  4834   442  1969
14588    1656  5077  6679  6894
14589    2254  5784  6236  6840
14590    5081   219  6348  6894
14591    6236  6213  6333  6840
14592    4827  1169  4828  1170
14593    2239  2240  4832   196
14594     435  2239  4832   196
14595    1435  1968  1969   196
14596    4908  1435  1969   196
14597    1435  4908   203   196
14598     203  4908  1969   196
14599    5806   522  2811  5810
14600    1428   196  5748  5747
14601    6670  6332  6853  7105
14602    4900  3471  3472   276
14603    6278  6412  6480  6653
14604    5811  5808  1987  1192
14605    6421  6158  6459  6828
14606    1435   196  5808  5748
14607    3837  3838  3462  6720
14608    1408   896  2717  6486
14609    5812   522  4903  1192
14610    4903   522  4905  1192
14611    1968  1428   196  5748
14612    5537  3022  6181  6484
14613    2239  5749   196  5748
14614     196  5749  5807  5748
14615     196  5807  5808  5748
14616     834  4286  4285  6484
14617    1435  5811  4905  2811
14618     435  2239   196  5747
14619    1428   435   196  5747
14620    4828  2791   435  1170
14621    6223  6318  6591  6991
14622    3792  1173  6412  6653
14623    6249  6746  6932  6993
14624    4289  4286   834  6484
14625    4901   960   275  1986
14626     202   522  4903  1986
14627    5813  3473   724   276
14628    1169  4827  1514  3103
14629    3823  5823  6761  6945
14630      81  3244  1551  6915
14631     202  4901   275  1986
14632    1013  1011  2195  6507
14633    3385  6607  6702  6767
14634    6223  6187  6225  6395
14635    6452  6240  6543  7058
14636    3059  1013  2195  6507
14637    5143  3557  5140  7050
14638    2739  2738  6175  6400
14639    2771   429  2772  6717
14640    6185  6175  6283  6400
14641    2739  6175  6185  6400
14642    4267  6330  6416  6958
14643    6659  6184  6796  7010
14644     847  5731  5732  6485
14645    5815   275  1634   630
14646    6263  6915  6984  7101
14647    2935  2939  2936  6797
14648    1562   570  6737  7085
14649    1775  1937  4361  6485
14650    6223  2057  6981  6991
14651     522   202  4904  5810
14652    1775  4022  1937  6485
14653     778  4924   966  6372
14654    6579  6180  6900  7011
14655    6323  4895  6700  6975
14656    4896   724  3819  1982
14657     724  2257  3819  1982
14658    6296  6204  6428  6816
14659    6149  6225  6260  6557
14660    4759  3442  6478  6857
14661    2600  4088  2599  6687
14662    5240  1046   184  6714
14663    1172  1171  3110  6653
14664    2779  2775  2774  7111
14665     306  4254  4249  6630
14666    1693  3705    13  7031
14667    6416  6461  6641  6663
14668    6286  6643  6644  7111
14669    6213  6840  6885  6888
14670    5862  5865  2530  6585
14671    3974  1761  1760  7040
14672    6746  5273  6932  6993
14673    6149  6217  6225  6557
14674    1589  1861  1862  6563
14675    4391  1861  1589  6563
14676    4915  4044   204  6677
14677    1322  1648  1649  6895
14678    1846  4325  2662  6718
14679    6324  6225  6361  6535
14680    1205  5848  6304  7025
14681    3293  1563  3292  6790
14682    2923  1467  6400  6472
14683    2242  1171  6531  6653
14684    1782  4051  2593  7054
14685    4757  1944  1943  6478
14686      19  6990  7034  7092
14687    6332  6422  7044  7105
14688    2803  4879  4873  6858
14689    2983  5415  2117  6703
14690    2095  3636  2094  6822
14691    2163  2162  6350  7104
14692    6370  6256  6534  6608
14693     579   306  6341  6630
14694    6184  6657  6796  6495
14695      37  4437  1871  6873
14696    2832  2768  4965  4962
14697    6316  6210  6533  6846
14698    1332  3690  6597  6977
14699     446  2827  1443  6818
14700    5126  1659   223  6348
14701    4270  3003   828  6958
14702     326  1633  4870  7053
14703    6173  6155  6191  6235
14704    1543  3196  6617  6934
14705    5133  3545  2456  6852
14706    2784  4007  4806  6635
14707    6208  6320  6442  7056
14708    2378  4203  6371  6520
14709    5305  6367  6880  6896
14710    2174   819   843  6580
14711    6192  6266  6335  6893
14712    2937  2939  6797  6827
14713    6452  6240  6670  7030
14714     726  1205  5848  6304
14715    4149   800   802  6535
14716    3418  4670  4674  6758
14717    6165  6299  6342  6453
14718    1833  4251   155  6333
14719    5889  5888  6251  6353
14720    4980  6467  6869  6917
14721    3360   877  5968  6774
14722    6794  6288  6911  6170
14723    5260  1050  6232  6749
14724     206  1990  4929  6721
14725    1339  1719   715  6999
14726    6474  6595  6691  6835
14727    6176  6210  6382  6917
14728    4941   207  1996  6671
14729    1716  5693  3776  6928
14730    6347  4414  6369  6848
14731    6159  6180  6276  6311
14732    6645  6406  6709  6739
14733    2423  2424  6724  7082
14734    1556  4056   558  6911
14735    2614  3287  2371  6427
14736    1652  6451  6596  6727
14737     320  3431  6724  7029
14738    6423  6183  6575  7047
14739    6164  6329  6625  6822
14740    1901  4564   179  6742
14741    5267  2068  6482  6930
14742    3403   604  6524  7112
14743    3921   891  6102  7019
14744     394  2658  2657  6393
14745    6424  5584  6433  6810
14746    1679  6625  6830  6978
14747    1428  4827   435  3103
14748    6700  6219  6761  6945
14749    3585  4156  6921  6991
14750    4350  1851  1850  6454
14751     170  6048  6027  6842
14752    6283  6271  6400  6472
14753     948  1976  4865  6753
14754    6435  2171  2092  2963
14755    2910  1414  2747  7036
14756    4015  1771  6806  6905
14757    4855   325   324  7024
14758    6211  6433  6492  6810
14759     466  4683  6683  6899
14760    1893  4520  6639  7026
14761    6986  1274  7019  7038
14762    1967  1966  1965  1168
14763    5564  5560   830  6812
14764    6154  6641  6654  7042
14765    1966  1965  1168  1514
14766    1168  1965  5743  1514
14767    1169   941  4828  1170
14768    3022  5537   834  6484
14769    1628  6303  6347  6720
14770    1171  5755  5754  6653
14771    6179  6165  6623  6628
14772    6397  6196  6573  6753
14773     941  2791  4828  1170
14774    4827   435  3103  1170
14775    4827  4828   435  1170
14776    5537  5538   834  6484
14777     435  2791  4832  1170
14778    2239   435  4832  1170
14779    3022  5535  6181  6484
14780    6801  2120  6802  6821
14781    6621  3975  6912  6964
14782    2619  2617  1379  6494
14783    2286  1254  5909  6618
14784    3741   119  1708  6232
14785     704  3071   701  7013
14786    2756   423  2758  6651
14787    2514  3788  6909  6999
14788    6428  6286  6478  6857
14789    6363  3646  3645  5367
14790    5872    74  2274  6585
14791    2828  4945   446  6818
14792    6242  6193  6312  6345
14793     229  5194  5196  6922
14794     362  3892  6022  6987
14795    4635   764  6553  7040
14796    3512  5010  6477  6994
14797    4779  4778  7095  7111
14798    2993  6136  6135  6656
14799    3744   119  3743  6232
14800    3525  2450   645  6490
14801     161  4369  5660  6505
14802    3548  1659   652  6348
14803     951  4871  4870  7053
14804    5213  2057  6223  6991
14805    1858  5766  4382  7105
14806    6549  6603  6662  7117
14807     365  3890  1252  6379
14808    1859  2676  4386  6747
14809     709  5688  2221  6479
14810     392  6267  6800  6920
14811    4670  1415  2750  6758
14812    2160  6776  5530  7104
14813    5074  5072   218  6499
14814    6194  6224  6259  6640
14815     939  2236   271  6457
14816    1735  1348   733  6664
14817    5040  6495  6502  6657
14818    6216  6207  6508  6571
14819    3690  3696  5501  6597
14820    4006  4007   370  6635
14821    4052  4051  3262  7054
14822    6228  6159  6276  6362
14823    1637  3486  6701  7065
14824    5954  4451  6465  6568
14825    5825  3820  3819  6761
14826    6415  6321  6443  6851
14827    6444  6393  6539  6847
14828    3121  1183  6840  6888
14829    3262  4048  6794  7054
14830    6317  6172  6542  7040
14831    1498  3053  6570  6749
14832    6160  6167  6241  6321
14833    5816  4397  5818  7109
14834    6948  4005  7045  7051
14835    3480  6394  6612  7009
14836     295  6221  6469  6898
14837    2223  1157  6863  7059
14838    6229  6457  6460  6909
14839     584  4356  4353  6545
14840    5774  1180  3797  7114
14841    3908  6301  6886  6982
14842    3926  3211  6521  7038
14843    1616   612  3431  6512
14844    2454  3539   334  6655
14845    1945  4765  2772  6717
14846    6583  6649  6703  6802
14847    6529  2478  6775  7066
14848    3489  1985  4033  6566
14849    1043  5224  6300  6518
14850    5734  4794  2233  5736
14851    1797  4092  3285  6687
14852    2465   664  3607  6230
14853    4411   861  2681  7025
14854    2542  3878  6486  6990
14855    2991  1091  2990  6709
14856    1801  5012  5013  6674
14857    6301  6419  7060  7122
14858    1680  3642  3647  6811
14859    4935  3492   633  6384
14860    5656   503  6699  6793
14861    2652   392  6800  6920
14862     713   622   712  5741
14863    1556  4056  6626  6708
14864    5034   213  1655  7081
14865    6250  6085  6390  6946
14866    1017  5116  1018  6459
14867    6023  1254  6022  6987
14868    1939  4742   766  6259
14869    6421  5119  6459  6680
14870    5235  5243  1467  6283
14871    5116  5115  1018  6459
14872    5117  3547  1018  6459
14873    1959  4804   712   271
14874    2251  4393  6430  6642
14875     507  3772  3764  6576
14876    4355  2670   399  6863
14877     622  4803  1718  5741
14878    1961   939  5737   271
14879    1961  4804  1959   271
14880    1960  1961  1959   271
14881     939  1961  1960   271
14882    5725  1854  5723  6437
14883    2116  6801  6973  7104
14884    6654  5530  6776  7104
14885     622  4803  1958  1718
14886     622  1958   712  1718
14887    6151  6245  6389  6458
14888    5466   252  5781  6882
14889    4588  4589   414  6458
14890    6290  6275  6376  6674
14891     181  4586   414  6458
14892    3606  2465  2464  6230
14893    3868  3871  6346  7083
14894    4941   973  6671  6708
14895    2665  2666  4343  6669
14896    2329  2330  6600  7039
14897    1383   388  2640  6333
14898    1070  3150  5357  6226
14899    4211  2075  4212  6575
14900    6374  6196  6413  6573
14901     268  3069  6571  6878
14902     726   527  1205  6304
14903     101  3474  6556  7065
14904    3176  1243  1537  6856
14905    6216  6207  6362  6793
14906     634  4944  6643  6748
14907     460  5080  6348  6431
14908    5289  5197  2945  7048
14909    4705  6443  6526  6604
14910    2490   348    12  6426
14911    3511   642   639  6994
14912    4365  2669    33  6515
14913    5989  4555  2305  6854
14914    5744  5746  5745  6483
14915    2802  2801   948  6753
14916     532  5929  5937  6569
14917    3194  2328  6055  7056
14918    1198  5832   488  6544
14919    4282   158  3325  6983
14920    6519  6338  6540  6918
14921    6381  6404  6480  6550
14922    5000  4999  6496  6636
14923    6229  6460  6697  6903
14924    4995   450  6561  6910
14925    6477  6409  6823  7100
14926    2410  3375   594  7123
14927    3537  1014  6459  6837
14928    6374  6447  6592  6682
14929    6315  4939  6384  6748
14930    2338  2339   295  6595
14931    3631  3632  6380  7087
14932    2411  3377  6590  7123
14933    4322  1123  1575  7072
14934     846  1159  6836  7116
14935    6179  6265  6623  7096
14936     341  3620  2471  6623
14937    2837  2840  6176  6319
14938    5607  4310  6538  7107
14939    2567  1361  2565  6964
14940    4724  6651  6752  6943
14941     568  4142   569  7085
14942     975  4792   771  7078
14943     365  3891  6379  6385
14944    1472  5306  5243  6283
14945    3587  2461  3586  6509
14946    3716  3714  1697  6940
14947    1995   971   972  6498
14948    4522  1894  7019  7123
14949    3925  6829  6996  7061
14950    4798  1773  6697  7045
14951    6341  6276  6381  6645
14952     410  4560  6782  7076
14953    1937  1775  4361   936
14954    1775  2234  5732   936
14955     830  4279  2651  6920
14956    2234  1775  4026   936
14957    4361  1775  5732   936
14958    4793  5734   936  2233
14959    5733  4793   936  2233
14960    2236   939  5737   431
14961    2236  5737  3095   431
14962    3896  1351  6731  6969
14963    1534  5959  6389  6458
14964    5736  4797  5735   431
14965    3095  5736  5735   431
14966    3096  3097  5735   431
14967    5970  5975  4471  7008
14968    2817  2815  6375  6601
14969    4587   181   414  6458
14970    4589  4587   414  6458
14971     182  4588  2732  6458
14972    3096  3098  3097   431
14973     742  6073  1748  6419
14974    6262     7  6303  7024
14975    6332  6239  6455  6747
14976    4794  4026  2233  1956
14977    4797  4794  2233  1956
14978    4670  3418  4669  6758
14979    6073  1747  6070  6419
14980    2234  3096  2233  1956
14981    4026  2234  2233  1956
14982    2233  3096  5735  1956
14983    4797  2233  5735  1956
14984    1765  3986  6263  6633
14985    4635   418  4636  6553
14986    3118   722  3117  6897
14987    2506  1712   705  6693
14988    5413  5412  6801  6973
14989    3546  5127  6546  6852
14990    2266  5843  6246  6716
14991    6256  6264  6298  6370
14992    6400  6271  6524  6714
14993    2355  2356  6621  6787
14994     388  4256  6333  6754
14995    4228   893   176  6565
14996    2137  2138   683  6892
14997    6172  6171  6222  7090
14998    6233  6153  6299  6713
14999    1962   140  4009  6948
15000    1087  3659  1683  6973
15001    4480  4478  6750  6824
15002    2636  4238  2637  6779
15003    4219  1823  6825  6978
15004    1682  3653  2479  7066
15005    6439  6189  6617  7039
15006    1516  1515    71  6333
15007    1657  3535  3533  6459
15008    4565  4572   761  6866
15009    6160  6169  6198  6208
15010    4006  4004   140  6948
15011    6240   856  6543  6563
15012    6337  6512  6724  6863
15013    2595  2594  6729  6871
15014    4467  2404  3357  6615
15015    6465  6254  6568  6834
15016    6173  6155  6235  6641
15017     276   630  3473  3472
15018     362  1352  1351  6385
15019    4461   404   870  7023
15020    2184  5586  5585  6810
15021    6152  6327  6353  6466
15022      20  1352  6385  6731
15023    6230   338  6436  6792
15024    4500  2338  1269  6250
15025     896  3381  6944  6990
15026    6234  6220  6795  7053
15027    6299  6233  6358  6425
15028    2494  3709  1333  6547
15029    4746  4744  7037  7086
15030     717  3790  6947  7032
15031    6806  6468  6905  7006
15032    1911  2061  5229  6518
15033    4061   560  6592  6729
15034    1188  6532  6712  7058
15035    1868  4420    36  6888
15036    5692  5693  6928  7059
15037    3159  1216  6438  6501
15038     564  3284  3282  6908
15039    4471  4470  6616  7008
15040    1481  5435  5432  6521
15041    4509  4504  4508  6691
15042    2090  2289   863  5923
15043    1191  5804  5802  6648
15044    6237    78  6474  6595
15045    5128  5085   463  1010
15046    6038  6040  1261  6989
15047    6172  6151  6179  6367
15048    2923  1467  1466  6400
15049    6413  6306  6650  6848
15050    6517  6217  6686  7093
15051    4193  1820  2626  6726
15052     553  3974  6593  6621
15053    6335  4259  6754  6893
15054    5004   989  6823  7100
15055    3541  3542  6450  6507
15056    2109  1081  2108  6289
15057    3958  1757  3223  7021
15058    1066  4223  1824  6970
15059    2821  2823   444  7077
15060    5878   529  1525  6466
15061    1997  2826  6643  6818
15062    3583  1667  6509  6991
15063    1146   268  2207  6571
15064    5423   296   297  6565
15065    4004  1365  2579  7051
15066    4096  1371  2602  6624
15067    6018   739  2316  6558
15068    3412  1921  3411  7036
15069    5897  3156  1526  6166
15070    3851   281  5884  6253
15071    3190  6034  6613  6989
15072    1306  2416  6277  6854
15073    5268  2895  1053  6797
15074    6287  6646  6657  6722
15075    5931  6265  6569  5932
15076    4739  5704  6485  6836
15077    6591  4164  6599  6957
15078    6493  6249  6932  6993
15079    3975   553  3236  6621
15080    6355  6255  6875  7041
15081    3289   569  6659  7085
15082     171  4492  4490  6522
15083     619  2431  6844  6903
15084    1147  4331  1545  6474
15085     121  3778  6295  6504
15086     448  2837  6176  6319
15087    6125   267  1280  7075
15088    6453  6342  6623  6880
15089    4042  3270  6397  6447
15090    3744  2189  3615  6232
15091    2540  3866   358  7083
15092    6283  6156  6472  6896
15093    2405  3354  6615  6834
15094     103  3500  3499  6564
15095    5155  5156  1460  6596
15096    6217  6317  6686  7093
15097    1382  5465  2640  6333
15098    1156  4353  6545  7055
15099    4879  2803  6562  6858
15100    6755  3940  4582  1754
15101    2766  4757  6478  6633
15102    4631  4632  1915  6259
15103    5955  1230  3871  6389
15104    4006  4008  4806  6635
15105    5578  2008  5577  6622
15106    3700  6678  5527  5526
15107    6391  6397  6573  6765
15108    1386  2661  1387  6735
15109     795  5158  6988  7010
15110     172   884  4495  6850
15111    6182  6183  6331  7020
15112    1837  5471   829  6461
15113    2603   146  6197  6431
15114    5458  6480  6785  6974
15115    1657  3536  3535  6459
15116    6397  6391  6759  6765
15117    6488  6406  6583  6660
15118    6806  6281  7006  7062
15119    3916  2550  2551  6600
15120    6338  6493  6770  7088
15121    4606   534  1411  6175
15122    2950  2293  5310  6175
15123    6020  2318  1254  6618
15124    3818  3817  6761  7049
15125    2928   233  2927  6175
15126    6600  2330  6934  7039
15127    5624  1706  3738  6499
15128    6336  6178  6548  6830
15129    3957   753  4618  6632
15130    1683  3659  6719  6973
15131    4235  3673  6404  6645
15132    6182  6173  6183  6423
15133    6417  6312  6578  6817
15134     773  3243  2361  7051
15135    4347   268  6571  6878
15136    1932  4708  6443  6725
15137    2317  3189  6972  6987
15138    1741   361  1739  6489
15139     202  5815  1634  6906
15140    2952   473  6227  7096
15141    3548  1324  1659  6546
15142     744  3908  6886  6982
15143    1695  3708  6364  6547
15144    1816  4181  4179  6870
15145    1737  5955   735  6568
15146    2523  2522  6897  7084
15147    1276  3920  6845  6942
15148    1705  1123  2188  7072
15149    3941  6692  6859  7076
15150    1757  3955  3223  7021
15151    4537  4538  6541  6631
15152    3018  5386  6152  6941
15153     855  5770  2679  6647
15154    6453  6299  6927  7087
15155    1587  3344  1588  6563
15156    5797  6543  6676  7058
15157    1990   784  4074  6721
15158    1857  1858  6853  7105
15159    3303    86  6520  6668
15160    4544   289  4546  6854
15161    4500  2338  6250  6595
15162    6273  6401  6883  7002
15163    6309  2393  6772  6879
15164     581  1573  6334  6983
15165    6795  6477  6994  7100
15166    6097  6098  6284  6565
15167     728  5860   727  6720
15168      30  2644  6754  6786
15169    6639  6891  6969  6989
15170    4058  4057  4060  6447
15171    2173  3024  6272  6580
15172    6548  4206  6552  6830
15173    1046  5241   184  6400
15174    3043  6382  6467  6846
15175    1408  3177  6486  6782
15176    6561  2842  6823  7100
15177    3676   683  3677  6335
15178    4519  6042  6639  6891
15179     600  1599  2414  6702
15180    3085    67  6512  6836
15181    2076  3611   109  6291
15182    4067   783  3265  6694
15183    5916  5914  1529  6501
15184    5408  2638  7069  7113
15185    6214  6199  6291  7020
15186    1333  1695  3707  6350
15187    3551  5137  6813  6918
15188     752   135  6441  6881
15189     585  4356  6545  7059
15190    6365  6215  6410  6609
15191     654  3553  6530  7050
15192    4931  5023  2018  6264
15193      59  6035  5399  6775
15194    3360  5968  4471  6616
15195    1634  3474  6612  6906
15196    3769  2510  3770  6928
15197    2844   992  6244  6994
15198    3761  5673  3764  6576
15199    4547  6349  6449  6491
15200    2580   774  4017  6902
15201    3207  2339   885  6595
15202    6452  6532  6676  7058
15203    3414  3576   660  3572
15204    3086   846  6836  6863
15205     728  3838  4843  7041
15206    3969  3972  2566  6841
15207    2123  2121  6821  6904
15208    6644  2778  6771  6818
15209     528   279  3013  6777
15210    6439  6167  6914  6952
15211    1624  1623   618  6697
15212    2522  1340  2523  6897
15213    5117  6158  6348  6459
15214    4501   406  6471  7089
15215    6588  6351  6803  6833
15216     875   876  6359  6824
15217    6564  6428  6771  6818
15218    5715    68  6401  7002
15219    4078  2596  6534  6608
15220    5877  1211  3148  6466
15221    5603   695  5602  6570
15222    5927  1474  2289  6163
15223    6372   372  6375  6601
15224     883  2322   173  7108
15225    1528  2965  2969  6166
15226    1296   310   309  6309
15227    5071   651  6450  6499
15228    3422  3421  1611  7082
15229    6734  6183  6913  6970
15230     301  3988  2363  7101
15231    3105  5745  1514  6483
15232    3020   491   492  6811
15233    6148  6154  6289  6649
15234    6162  6256  6298  6370
15235    2563  6470  6632  7021
15236    5486  3675  6335  6754
15237    3715   689  6696  6940
15238    1794  3272  6440  6773
15239     198  4863  4864  6195
15240    4910  1437   443  6839
15241      23  1770  6434  6905
15242    1319  3500   103  6564
15243    3062  1130  1131  6201
15244    6246  6192  6549  6740
15245    2936  2935  6797  6932
15246    1557  3269   561  6743
15247    3610  1672   109  6291
15248    5959  1533  5960  6458
15249    6512  3085  6836  6863
15250    6402  6692  6742  7076
15251    1148  1511  6088  7001
15252    6394  6344  6612  7009
15253    1678  5352  2097  6830
15254     335  3546  1324  6546
15255    3994  3995  6872  6979
15256    4138  1807  1375  6514
15257    5448  3666  1688  6831
15258     328  2434     7  6303
15259     598  2712  6449  6854
15260    5080   789  5079  6386
15261    2516  3782  6938  6999
15262     326   327  6262  6931
15263    6298  6493  6494  6809
15264     120  3773  5677  6707
15265    6180  6239  6339  6455
15266    1901   179  6702  6742
15267    1303  2719  2412  6944
15268    1338  2512  6707  7073
15269    4071   374  6682  6729
15270    6287  6204  6574  6816
15271    1164   272  6950  7032
15272    4320  1845  6738  6879
15273    3964  2564  1550  6593
15274     959  4029  4031  6566
15275    6344  6483  6906  6950
15276    6697  4805  1623  7045
15277    6244  2447  6869  6994
15278    2983  2115  2984  6801
15279    3032   256  6433  6462
15280    2138  5480   683  6892
15281    5815   202   523  6906
15282    4170  1029  4169  6809
15283    6198  6171  6208  6432
15284    3719  3718  6157  6467
15285    6187  6225  6317  6798
15286    4280  4292  1119  6983
15287    3036  5573  6319  6500
15288    1000  3518  1648  6495
15289    6362  6373  6793  7013
15290    5610  3734  1127  6847
15291    3211  6106  3926  6521
15292     231  5216  5215  6523
15293    3598  3600  1328  6781
15294    5426  2992  6565  6689
15295    6601  4000  6681  7095
15296    2388  4265  4267  6330
15297    6183  6205  6547  6970
15298    4056   780  1787  6671
15299     569  5162  4137  6659
15300    4745  4643   419  6517
15301    6258  1403  6567  6861
15302     219  5090  2875  6894
15303     144  4071  6636  6871
15304    6792  6570  6855  6959
15305    4112  2605   566  6814
15306    3412  1608  6270  7036
15307    2317   544  1255  6456
15308    4986  4988  2009  6467
15309    6641  6416  6663  6706
15310    4173  5291  6578  7098
15311    2070  5269  6932  6993
15312     971  4939  2820  6315
15313    1119  4290  6433  6983
15314    1112  5536  5532  6776
15315     146  6197  6431  6602
15316    2576   770  1767  6979
15317    1313   318  6557  6992
15318    3766  3763  6541  6631
15319    2649  2650  6812  6920
15320    6256  6534  6608  6780
15321    4489  4493  6522  6658
15322    3131  3815  5814  6556
15323     648  3525  3527  6490
15324    6225  6317  6798  6992
15325     416  1410  4606  6175
15326    4351  3343  1851  6454
15327    6167  6489  6914  6952
15328    2852  2851  2018  6264
15329    6359  6325  6616  6949
15330    6562  6407  6832  6910
15331    3223  3955  6629  7021
15332    6541  4537  6631  6865
15333    6178  6520  6548  6830
15334     138  2570  3987  6263
15335    6172  6177  6187  6408
15336     759  1759  3966  6542
15337    4564  3949   179  6742
15338    6167  6402  6489  6952
15339    2117  3654   116  6997
15340    1390   845  2671  6690
15341     233  1410  2738  6175
15342    3536  1016  3535  6459
15343    6496  5000  6608  7015
15344    4094  1798  6293  6624
15345    2530  1342  6355  6805
15346    2996  2995   487  6831
15347    1321  2449   332  6727
15348    2491  3680    12  6426
15349    4279   157   831  6920
15350    6280  6626  6794  7054
15351      58  2981  7069  7113
15352    3834  5851   726  6304
15353    6435  6205  6822  6970
15354    1410   416  2738  6175
15355    5065  5064  6275  7000
15356    1163  5801  5739  6667
15357     154  4244  6381  6550
15358    6277  1306  6854  6944
15359     311  3350  6603  6662
15360     595  6590  6665  6850
15361    2503  2504  6232  6269
15362    6242  6249  6345  6746
15363    1290  1562  2376  6737
15364    2288  1219  1218  6861
15365     874  2693  2692  6824
15366    3733  5610  2190  6847
15367    5031  5034  6490  6732
15368    5039  5038  6495  6722
15369     791  5012  1801  6695
15370     707  1713  1140  6874
15371     899  3384  6607  6866
15372    2833  2768  6414  6683
15373    2998  5779  6976  7084
15374    6344  6612  7009  7065
15375    2392  3320  6406  6739
15376     661   107  3578  6403
15377    2520   124  2523  6412
15378    4391  4390  6543  6563
15379    1426   432  1964  6838
15380    1153  1154  4700  6631
15381    1950  1948   429  6646
15382    3018  5385  5516  6363
15383    4292  4280   581  6983
15384    5440  2993  1093  6610
15385     222  1019  5251  6421
15386     657  1662  6168  6502
15387    6215  6155  6370  6409
15388    6421  6459  6655  6828
15389    4638  4636  6553  7040
15390    4009  4805  6948  7045
15391    1584  4374   162  6383
15392    6417  3302  6668  6985
15393    1775  5732  6418  6485
15394    6829  6986  7019  7038
15395     783  1790  3265  6694
15396    5457  5456  6550  6785
15397     127  5906  5907  6587
15398    2655  4285  6484  6920
15399    6495  6287  6657  6722
15400    5775  2250  3799  7114
15401    6960  6885  6159  6236
15402    4285  4284  6484  6652
15403    1715  3769  3768  6479
15404    2738  2927  6175  6400
15405    4370   400  2396  7074
15406    6348  5080  6386  6431
15407    2155  5522  6252  7031
15408    5364  2159  1111  6363
15409    6656  6531  6769  6996
15410    2833  2832   447  6414
15411    1293  2379  1566  6668
15412     289  2711  4546  6396
15413    3689  3687  6246  6597
15414    3437  6429  6717  6816
15415    6734  2093  6822  6970
15416    2925  2923  1466  6400
15417    5036  1002  1655  6804
15418     437  4867  6268  6753
15419    2583  2582  6434  6638
15420    3020   492  1490  6363
15421    2918  4625  4627  6518
15422    6498  6343  6732  6895
15423    1253  1077  6013  6558
15424    6280  6307  6354  6360
15425     144    24  4071  6871
15426    6176  3043  6319  6467
15427    3105  1165  6483  6950
15428    1157  5695  3084  6863
15429    1744  1745   738  6969
15430    2354  3231  1550  6593
15431    5691  1154  3768  6479
15432    4162  4164  1564  6957
15433    1274  6101  6829  7038
15434    6209  6198  6641  7124
15435    2809    47  2810  6700
15436    6231  6148  6294  6329
15437    6640  6357  6953  6964
15438    4614   607  4595  6629
15439    6344  6229  6503  6697
15440    5098  3537  6655  6837
15441    6178  6150  6251  6438
15442    4302  5018   994  6218
15443    4936  1993  6302  6313
15444    5579  5576   496  6622
15445    2373   805  2372  6957
15446    1895  1894  6986  7019
15447    6531  6611  6656  6831
15448    4995  1980   440  6910
15449    5993  3886  6070  7007
15450    5822  3135   524  7064
15451    5732  4361   936  4360
15452    4740   936  4025  4360
15453    6651  6555  7028  7091
15454    6307  6360  6635  6948
15455    1048  5250  2932  6274
15456     174  4500  6390  6595
15457    2061  5227  5224  6518
15458    4740  4793   936  4360
15459    1014  3537  5098  6837
15460    5114  5115  1016  6837
15461    5707  4359   188  1853
15462    2879  2877  6274  6837
15463    1938  4740  4025  4360
15464    6459  6421  6655  6837
15465    4304  4302   836  6376
15466    2444  1642  6234  6795
15467    3241    81  6263  6915
15468    3537  6459  6655  6837
15469    5706  2227  5707   188
15470    4739   188  1853  5704
15471    2024  2023  6502  6596
15472    2227  5706  4738   188
15473     427  2227  4738   188
15474    1938  5708  4359   188
15475    5708  5706  4359   188
15476    1846  1386  2663  6718
15477    4361  1937   936  4360
15478     936  1937  4025  4360
15479    1936  4739   188  1853
15480    1938  1936   188  1853
15481    4359  1938   188  1853
15482     474  5370  3640  6466
15483    3693  5485  3692  6426
15484    3335  3336  1582  6619
15485    1994  4935   633  6384
15486    4922  1440  6375  6838
15487    4025  1938  4360  1853
15488    1938  4025  1936  1853
15489    1937  4025  4360  1853
15490    4025  1937  1936  1853
15491    4983  2840  6319  6467
15492    4398   859  4400  6573
15493    4886  4997   785  6636
15494    4414  4413  6369  6848
15495    6226  6166  6356  6688
15496    6314  6278  6531  6874
15497    3731  5584  2177  6433
15498    5570  2179  2148  6846
15499    6032  3902   676  6248
15500    3254   769  6468  6943
15501    5652  1508   502  6835
15502    6525  6336  6552  6890
15503     714  2518  6938  6947
15504    3900  3899  1746  6248
15505    1527  1214  6226  6358
15506    2795  2797   626  6698
15507     555  3251  2362  6203
15508    3460  2432  6582  6903
15509    1213  2280  3147  6353
15510    4878  4872  6858  6931
15511     155  4252  4431  6840
15512    6196  6303  6369  7024
15513    6475  6404  6709  6675
15514    5136  5135  6813  6925
15515    5475  2647  6461  6584
15516    3146    76  6353  6466
15517    2475  1330  6625  6929
15518    2959   243  5320  6380
15519    6151  6389  6465  6568
15520    6475  3664  6521  6610
15521    3742  1130  1708  6201
15522    5906  5907  6587  6618
15523    2364   302  3263  6911
15524    3714  3716  6382  6940
15525    3635  5340  6822  6978
15526    1691  3694  3697  6426
15527    2416  3386  6277  6449
15528    4002  4811  4809  6601
15529    5351  5353  2966  6552
15530    6492   691  6864  6940
15531    1664  3565  2050  6502
15532    3718   497  5574  6467
15533    3853  1215  1731  6425
15534     368  3963  6820  7067
15535     821  3320  2392  6739
15536    4473   873  2287  6861
15537    6276  6341  6406  6645
15538    4986  2839  2840  6176
15539    3918  2337   746  6898
15540    6531  2242  6653  6685
15541    6215  6161  6409  6444
15542    4281  4282   581  6983
15543      46  4795  6457  6638
15544    6395  6599  6737  6957
15545    6384  6200  6643  6671
15546    3206  3204  3205  6237
15547    6310  6149  6343  6498
15548    2827  2773  1443  6818
15549    4841  4840  2794  6585
15550    6937  3275  3271  1559
15551    4527  2706  1896  7026
15552    6187  6408  6820  7067
15553      77  5963  1535  6245
15554    4426  5839   126  6445
15555    6779  6147  6783  7113
15556    3520   212  5030  6732
15557     266  5643  3066  7017
15558    6386  6197  6431  6624
15559    6438  6233  6501  6704
15560    4570   601  2721  6607
15561    6617  6189  6934  7039
15562    1378  1377  6599  6849
15563     765  3981  6953  6964
15564    2886  2885  2888  6602
15565    1158  4731   923  1934
15566    4390  5799  1190  6543
15567    3320    89   580  6660
15568    4193  5321  1819  7121
15569     304   305  3281  6661
15570    2882  1455  6459  6837
15571    2706  2705  2707  6551
15572    2224  1931  3433  2225
15573     920  2222  1154  4700
15574    5701  1158  4731   923
15575    2227   427  4738  4737
15576    5700  5701  2225   923
15577      67  1158  5700   923
15578    1158  5705  4737   428
15579    4140  5136  6918  6925
15580    5098  2877  5099  6837
15581    2882  5115  1456  6837
15582    4692  4691  1153  5690
15583    1014  5098  5099  6837
15584     205  6760  4917  6838
15585    4730    67  4728   923
15586    6170  6160  6188  6239
15587    6338  6298  6493  6494
15588    5699  3433  2225   923
15589    5701  5699  2225   923
15590    6942  6665  7123  7124
15591    1091  1830  4234  6709
15592    4053  4055  6516  6671
15593    4353  4341  6326  7055
15594     923  6512    67  4728
15595    5697   923    67  5700
15596    1830   152  6709  6739
15597    6432  6728  6750  6826
15598    6032  6033  1746  6248
15599    3153  4438  6226  6358
15600    5018  5017  6218  6376
15601    3899   133  1746  6248
15602    6419  3888  6757  7034
15603    4371   852  6505  7044
15604    7043  5140  1027  7050
15605    2520   719   720  6527
15606    1290  3288    84  6737
15607    5066   792  1802  6539
15608    4064  4883   374  6682
15609    1620  4777  3445  6857
15610    1389  1390  6690  7116
15611    6336  6438  6587  6704
15612    1820    28  6688  6726
15613    6432  6208  6442  6842
15614    6357  3980  7028  7091
15615    6228  6605  6860  6907
15616     593   876  3361  6359
15617    6316  6426  6533  6995
15618    3776  1716  6928  7073
15619    3224  3225  3223  6629
15620    6582  6344  6844  6903
15621    2446  3513   644  6869
15622    5400  6032   676  6248
15623     133  3898  3902  6248
15624     645   647  6490  6732
15625    6324  5189  4148  6535
15626    6198  6432  6442  6826
15627    6100  4526  6551  7038
15628    1772  4012   924  7006
15629    3154  1214  4447  6358
15630    5995  1246  2544  7092
15631    6489  6402  6856  6952
15632    2250  5775  2249  7114
15633    1068  3635  1679  6978
15634     206  4930  4932  6721
15635    6167  6208  6222  6952
15636    1485  1484    63  6900
15637    1461  2900  2899  6451
15638    6214  6322  6482  6594
15639    4317  6735  6751  7102
15640    1571    88  6330  6630
15641    6444  6365  6539  6609
15642    6210  6316  6426  6977
15643    4404   859   401  6848
15644    5371  5370  1525  6466
15645    6371  2378  6520  6668
15646    5997  3183  6396  7063
15647    2938  1056  5274  6930
15648     627  4866  6753  6931
15649     348  5488  6285  6977
15650    6312  6371  6520  6668
15651    4904  2811  5810  6483
15652    5548  5554  5550  6331
15653    2616   382  6733  6849
15654    1409  4569  6526  6604
15655    6032   133  3902  6248
15656     780  1789  1787  6671
15657    6301  6243  6707  6886
15658    6156  6271  6283  6472
15659    2256  3125  3126  6543
15660    2170  5342  6435  6463
15661    3854  5905   730  6425
15662    6450  6365  6762  6843
15663     920  4703  4702  3767
15664    6193  6578  6766  7098
15665    6239  6391  6413  7120
15666    5689  4692  4691  1153
15667      61  2252  5779  6882
15668    6243  6277  6415  6851
15669    1328  3599  6634  6781
15670    5293  5207  1464  6833
15671    6072  6419  6886  7007
15672    6410  6158  6679  6894
15673    1153  4691  4699  5690
15674    1868    36  1397  6888
15675    4246   154  6381  6786
15676    4703   920   921  3767
15677    3131    72  3130  6906
15678     920  1154   921  5691
15679    6279  6261  6298  6338
15680    4111  4112   566  6814
15681    3257  6744  6794  6819
15682    1931  3433  2225  4702
15683    2570  4754   766  6633
15684    3954   761  6789  6866
15685     920   921  3767  5691
15686    1154  2222  1153  4700
15687    1153  2222  4699  4700
15688    1779  4039  6397  6975
15689    6573  6323  6765  6975
15690    1565   575   573  6540
15691     865  6328  6628  7004
15692     575  3298    85  6540
15693    2225  1931  4702  3767
15694    5698  1931  2224  3767
15695    2224  1931  2225  3767
15696    3594  3602  5233  7097
15697    2404   593  3357  6615
15698    6845  6598  6942  7124
15699    6778  5138  1026  7043
15700    5528  2116  1086  6973
15701    3298   804  1812  6540
15702     873  4473  4472  6861
15703    3714  6382  6533  6940
15704    5412  1087  1086  6973
15705    6381  6550  6710  6786
15706    3703  5532  6350  6776
15707    6098  6284  6565  6620
15708    3977  1760   764  7040
15709    3434  1617    98  6816
15710    6293  6279  6298  6338
15711    2992  2988  6565  6620
15712    3397  4600  3395  6346
15713      86   815  3303  6520
15714    2192  5625  6297  6499
15715    5064  2868   377  7000
15716    6178  6329  6371  6520
15717    4334  2664  6237  6669
15718    2730  2733    42  6245
15719    5956    77  1534  6245
15720    2997   682  6974  6976
15721    2856  2051   453  2858
15722    2888  6197  6431  6852
15723     645  2450  6343  6490
15724    2617  1379  6494  7115
15725    1427  2789   943  6839
15726    6222  6212  6359  6511
15727    4056  1556  6626  6911
15728    2109  2108  1080  7033
15729    2857   453  5042  6168
15730    5533  6654  6706  6821
15731    6533  6382  6696  6940
15732    4505  4506  6474  6595
15733     702    14   698  7094
15734    6438  6150  6987  7042
15735    6243  6337  6349  6415
15736    6149  6184  6287  6574
15737    1785  1784  6516  6601
15738    2311  5376  6152  6466
15739    6410  6609  6614  6894
15740    2669  4365  1854  6437
15741    1868   166  5783  6885
15742    3946  3227  1549  6190
15743    1230  2297  5956  6389
15744    1480    58  6613  7113
15745     859  4401   401  6848
15746    6188  6202  6468  6984
15747    6389  5955  6568  7083
15748    4517  6041  1260  6639
15749    3688  5505  5506  6597
15750    5458  5457  6550  6785
15751    2486  1688  2483  6685
15752      64  3048  5592  6218
15753    1925   660  3414  6186
15754    2051  5048  1032  6168
15755    1245  5987   360  6990
15756    5901   729  5902  6356
15757    2524  6945  7005  7099
15758    3646  5364  2101  6363
15759    2373  2374   574  7115
15760    3232  3233  2360  6560
15761    3915  3914  6469  6982
15762    4363  2667    33  7116
15763    6670  5709  6807  7030
15764    3319   579  6341  6630
15765    5016  5013  6464  6674
15766    1227  3863   358  6664
15767    1623   618  6697  7045
15768     859  4404  6573  6848
15769    6388  6198  6522  6658
15770     537   535  2695  6774
15771    1534    77  1533  6245
15772    6244  6157  6398  6869
15773    4189  1819  7087  7121
15774    1341  2527   725  7099
15775    4500  6085   174  6390
15776    3173  6439  6511  6862
15777    6409  6444  6674  6695
15778    3970  2360  3235  6560
15779    6084   294  3759  2217
15780    4151  6225  6427  6790
15781    2391  2390  1295  6998
15782    5554  5549  1493  6331
15783    6256  6170  6264  6302
15784    4336  4346   398  6878
15785    6237  6221  6595  6878
15786    2823  4937  6315  7077
15787    3295  3293  1564  6790
15788    2614  2371  3292  6790
15789    6416  6180  6579  6958
15790    2336  5678  2217  1268
15791    3028  5482  5481  6968
15792     572  3295  4163  6790
15793    1107  5571  6500  6846
15794    1340   719  6527  6897
15795    4415  4412    92  6867
15796     752  6441  6458  6881
15797    4645   914  6517  6756
15798    6759  6397  6765  6975
15799     729  2534  1732  6356
15800    3729  5587  3727  7052
15801    1944  4757   928  6572
15802    1918  4653  4652  6798
15803    4344  3333   584  6326
15804    6283  5234  5235  1045
15805     511  3084  6512  6928
15806    5115  5116  1016  6459
15807     290  4533  1249  1897
15808    5539  5551  4312  6751
15809    1759  3229   760  6542
15810    2146  1486   488  6544
15811    3969  3967  3972  6841
15812     164  4388  4387  6747
15813    6560  6222  6789  6866
15814    2530  6355  6585  7041
15815    4434  4432   823  6544
15816    3485   632  2437  6677
15817    5953  5952   903  6346
15818    1037  2460  6387  6537
15819    6468  6203  6905  6984
15820    1860  5787  4385  6670
15821    1151  6081  1152  2219
15822     487  6610  6611  6656
15823    5681  1151  3200  1152
15824    4732    97  6724  7062
15825    5843  5844  2533  6716
15826      94  4473  1877  6448
15827     291  4530  4533  4531
15828     643  4987  1646  6869
15829    5121   222  5122  6680
15830     761  3237  6789  6866
15831    6317  6172  6408  6542
15832    6177  6470  6577  6632
15833    5466  5781  1098  6882
15834    4808  2784   432  6635
15835    6255   727  6720  7041
15836    2709   290  1249  1897
15837    4155  4152  1563  6790
15838    6222  6402  6692  6742
15839    6222  6247  6402  6742
15840    5849  4426  6445  6867
15841    5077  4108  6609  6894
15842    4432   862  4431  6544
15843     862  4434  5832  6544
15844    3188  6030  6876  7108
15845    6247  6607  6742  6866
15846     509  5686  1928  4688
15847     758  1759  1758  6542
15848    6080  4530  4531  2220
15849    4530  6080  5684  2220
15850    6222  6247  6789  6866
15851    6560  3967  6841  6866
15852     191  4021  6460  6902
15853    6222  6560  6841  6866
15854     761  4572  3971  6866
15855     763  3972  3968  6866
15856    4404   859  6573  7064
15857    6247  6742  6789  6866
15858    6742  4565  6789  6866
15859    3967  3237   761  6866
15860    2447  2448  2446  6869
15861    2448  3513  2446  6869
15862    6305  3216  6961  7022
15863    3749  3750  1709  6554
15864    3956   753  2561  6632
15865    1277  4513  6845  7022
15866    4388   164  2678  6799
15867    6730  6392  6773  7027
15868    3957   754  1360  6632
15869    4756   139  1765  6633
15870    4560  3940  6859  7076
15871    4810  4808   432  6635
15872    6397  6573  6765  6975
15873     154  4245  6550  6786
15874    3255  4032  4036  6566
15875    6056   546  6055  7056
15876    1889  1278  6305  7022
15877    4618  4619  6577  6632
15878     862  1870  1187  6544
15879     167  4433  2261  6544
15880    4542  4540  2709  6000
15881    6517  6224  6553  7086
15882    3964   758  6470  6542
15883    4862  5828  6195  7064
15884    3513   638   643  6869
15885    6367  6880  6896  7096
15886    3259  6744  6954  7018
15887    1904   899  6607  6866
15888    6247  1904  6607  6866
15889    4976  4848  4974  6917
15890    6373  6693  6874  7094
15891    4980  4987   643  6869
15892    2448   638  3513  6869
15893    6280  6344  6354  6701
15894    6573  1194  6765  7064
15895    1415  1925  2750  6186
15896     199  4874  4871  7053
15897     636   951  3470  7053
15898    2688  5958  5957  6245
15899    4093   145  6293  6937
15900     678  5416  6703  6997
15901    6853  6332  7044  7105
15902    6323  6268  6573  7064
15903    6219  6761  6945  7049
15904    1247  4544  3379  2307
15905    6603   311  6662  7117
15906    6268  6195  6573  7064
15907    6203  3252  6905  6984
15908    5589  3723  3044  6244
15909     299  2200  3930  6769
15910    6147  6649  6719  6997
15911    5007   992  3514  6244
15912    6403  6184  6673  6796
15913    6651  4725  6705  6943
15914    3642  3641  1069  6811
15915    6370  6440  6446  6534
15916    6797  2937  6827  6930
15917    4862  6195  6268  7064
15918    4403  4404   860  7064
15919    6323  6573  6765  7064
15920    4404  6573  6848  7064
15921    1194  6323  6765  7064
15922    5827  6268  6323  7064
15923    2258   524  6323  7064
15924    6268  5827  4862  7064
15925    5956  5958    77  6245
15926     155  4253  4252  6840
15927    2492  1332  2490  6977
15928    5476  6579  6584  6586
15929    4515  3921   748  7019
15930    4388  2675  4387  6747
15931    3069  5650  6835  6878
15932    5561  5563   495  6968
15933    4277  4278   831  6652
15934    3779    16  6504  6999
15935    4658  4656  2745  6324
15936    3556  1323   106  6530
15937    4122  5063  6275  6674
15938    2917   185  5225  5222
15939    2862  1450  6308  6980
15940     949  4867   950  6397
15941    5319  6380  7087  7121
15942    3422  1612  2424  7082
15943    3751  5646  6554  6763
15944    4041   950  4868  6397
15945    4039  4040  1781  6397
15946    3270   141  1781  6397
15947    4543   289  4544  2307
15948    4543  2308   289  2307
15949    2308  4543  1247  2307
15950    1247  4543  4544  2307
15951    6482  6230  6594  6855
15952    6527  6278  6897  6960
15953    6196  6195  6573  6753
15954    6214  6230  6570  6855
15955    3316  3675  6311  7011
15956    4555  5989  2305   177
15957    4555  5990  5989   177
15958    5989  5990   895   177
15959    4555  2305  4556   177
15960    6655  3529  6679  6828
15961    5989  2305   177  1244
15962    2304  5989   177  1244
15963    4556  4557   177  1244
15964    2305  4556   177  1244
15965    3992  3991   769  6943
15966    5042   453  2856  6168
15967    4964  5042  2856  6168
15968    5071   457  6499  6539
15969    3203  1270   295  6469
15970    6194  6257  6352  6633
15971    2234  3096  1956  6638
15972     657  5165  2051  6168
15973    6196  6753  6931  7024
15974    6052  5967  2328  6862
15975    6251  6625  6830  6890
15976    4379  4378  7044  7105
15977    5538   835  4289  6528
15978    3706  3019  6463  7031
15979    1414  4658  2745  6324
15980    5662  5661  6422  7044
15981    4300   393  1841  6290
15982    1590  3351  7080  7117
15983    6317  6553  7040  7093
15984    3967   761  3968  6866
15985     430   938  6460  6903
15986    5182  5179  4143  6788
15987    6462  6433  6800  6983
15988    2435  3480  6612  7009
15989    4123  4124  2025  6275
15990    4561  4562  2718  6702
15991    4196  4193  2625  6688
15992    4440  5937   866  6628
15993    4848  4849  6487  6917
15994    5066  5067  1008  6539
15995    6227  6156  6283  6896
15996     792  4116  1802  6609
15997    1190  5799  6413  6543
15998    4709  4708   424  7070
15999    5345  2962  6463  6822
16000    3052  4324   841  6718
16001     255  2125  2123  6706
16002    6670  6377  6807  6853
16003     971  1995  3502  6498
16004     230  4156  4165  6921
16005    2849  2850  6310  7077
16006    6229  6457  6909  6999
16007    2098  4202  1070  6226
16008    3677  5480   117  6892
16009    2012  5004   209  6823
16010    1429  4845  4973  6875
16011    3758   707  6672  6693
16012    4846  4847  1429  6875
16013     178  4558  4579  5982
16014    2302   178  4579  5982
16015    4558   751  4579  5982
16016    4579   751  1236  5982
16017    1236   751  1237  5982
16018    3178  2714   177  5988
16019    2714  3178   897  5988
16020    2302   178  2303  5986
16021     178  2302  5983  5986
16022     370  1365  6635  6681
16023    1368  1786  6671  7054
16024    5517  5519  1111  6363
16025    5607  3733  2190  6538
16026    3178   897  5985   898
16027    3178  2714   897   898
16028    6956  6159  6960  7114
16029    1289  4162  1564  6957
16030     580  2390  6406  6998
16031    6331  6199  6580  7102
16032    6372  2592  6516  7054
16033    4056  4052  6911  7054
16034       7  3468  3467  6487
16035    1747   742   740  6886
16036     179  4562  6702  7076
16037    5752   486  5753  6831
16038    2130  1688  6685  6831
16039    4052  4056  1787  7054
16040    2264  2262  6549  6716
16041    6527  1174  6672  6699
16042     756  3959  1357  6820
16043    1408   898  3179  3177
16044     575  1565   797  6918
16045    5608  1843   159  6965
16046      56  7048  2945  7071
16047    4236  4237  6779  6783
16048    1488  2261  6544  6740
16049     629  1633  3467  6487
16050     177  3178  1244  3179
16051    2716   177  1244  3179
16052    4573  2726  4710  6901
16053     898  2716  1408  3179
16054    2714  3178   177  3179
16055    2716  2714   177  3179
16056    1829  4231  6565  6783
16057    2714  2716   898  3179
16058    3178  2714   898  3179
16059    2249  5775  6430  7114
16060    2355  2357  2359  6787
16061    6213  6159  6236  6333
16062    5034   104  6490  6804
16063    6196  6306  6374  6413
16064    6041  1260  6639  6969
16065     185  2742   910  6300
16066    4152  4151  1563  6790
16067     453  2857   454  6502
16068    6520  4207  6830  6978
16069    6238  6515  6690  7116
16070     810  3306  2386  6985
16071    1706  3739  3738  6499
16072    3580   337  3578  6403
16073    1794  4083  1796  6773
16074    6308  6261  6451  6980
16075    3579  3580  6387  6403
16076    6459  3537  6655  6828
16077    4462  5962  1873  6755
16078    6279  6298  6310  6440
16079    3320  1831  6660  6739
16080    2439  2440  6429  6564
16081    2801  1431  1432  6347
16082    1419   425  4720  6752
16083    3717  2497  6382  6940
16084    2790  4911   195  6839
16085    6864  6339  6900  6968
16086    4913  4910  6394  6399
16087    2147  1107  6500  6846
16088    2051  5048  2858  1032
16089     808   809  2621  6985
16090    2850  5025  2851  6684
16091    2905  2902  2051  6168
16092     554  3232  3228  6877
16093    1925   608  2750  6186
16094    6613  6147  6731  6775
16095    6228  6160  6276  6641
16096    6384   634  6643  6748
16097    3567   658  6502  6796
16098     661  3581  6403  6796
16099      64   498  6218  6244
16100    5325  6163  6380  6963
16101    6220  6196  6262  6306
16102    6352  6194  6555  6705
16103    3788  2514   715  6999
16104    1993  4934  6302  6694
16105    2339  3207   295  6595
16106    6407  6561  6832  6910
16107     105   649  3529  6679
16108    2144  2145  3679  6335
16109    1406   174  4502  6471
16110    3659  3655   345  6719
16111    2097  2971  6552  7118
16112    6568  1346  6664  7083
16113    5838  4427  4428  6662
16114    5453  2243  2129  6831
16115    1478  5368  2975  6363
16116    4118  2605  1373  6814
16117    2538   358  6664  7083
16118    2562  3965  6820  7067
16119    6325  6465  6476  6949
16120    5522   686  3705  7031
16121    2423    97  3426  6724
16122    4153  4152  6223  6225
16123    2961  1476  2962  6435
16124     236  5271  5148  7119
16125    3279  4106    83  6410
16126    1334  2499  2497  6940
16127    1717  5725   711  6295
16128    6803  6588  5208  7106
16129    1036  5182  6387  6788
16130    1128   837  6275  6376
16131    2120  5415  2983  6801
16132    1645  5005  6477  7100
16133    4253  5489  6544  6893
16134    1775  2234  4026  6418
16135    3173  3175  6439  6862
16136    3131  3814  3815  7049
16137    1665  3569  6537  6899
16138    6203  6188  6768  6984
16139    3142  3014  6622  6777
16140     124  3792  6412  6672
16141    6357  6953  6964  7090
16142    6583  6641  6649  6654
16143    4096  1798   145  6624
16144    6344  6354  6701  7009
16145    5119  5121  6459  6680
16146    4964  2856  5043  6168
16147    2629   386  1824  7047
16148    3698  5570  1692  6533
16149    2739   416  4610  6185
16150    2312  2105  3186  6152
16151    5668  2664  6669  7001
16152     242  2087   128  3860
16153    2920  2461  6300  6509
16154     915  1941  4749  6296
16155    6903  6344  6909  6950
16156    5476  2136  5478  6586
16157    6292  6281  6437  6515
16158    3841  1730  6777  7016
16159    1715   709  2508  7073
16160    6277  6167  6486  6489
16161    6866  6247  6901  7035
16162    5474  2136  5476  6586
16163    6593  6542  6172  7040
16164    2254  3801  3802  6236
16165    2109  1080  2153  7033
16166    1803  4115  2605  6814
16167    6690   399  6863  7116
16168    1171  5754  6531  6653
16169    2889  2888  6431  6852
16170    6639  6488  6783  7026
16171    5306  1472  6175  6283
16172     159  5608  6965  7107
16173    6718  6182  6735  7102
16174    4242   678  5410  6703
16175    3166  5928  3167  6569
16176    4083  6440  6534  6773
16177    5207  2915    53  6833
16178    2285  4447  6358  6425
16179     253   823  4252  6544
16180    2140  5483  2139  6340
16181    4720  4726  4723  6752
16182    6451  6184  6988  7010
16183    4855  2801  6347  6753
16184    4984   208  4983  6467
16185    1128   217  1129  5617
16186    4218  4217  6734  6825
16187     695  2505  6269  6570
16188     503  6699  6793  7013
16189    6251  6010  6379  6473
16190    2962  6435  6463  6822
16191     337  3578  6403  6673
16192    6162  6257  6280  6768
16193    6396  6277  6449  7092
16194     638  4980   643  6869
16195    6437  6292  5723  6295
16196    6390  6522  6946  7089
16197    2931  5256  5255  6959
16198    6268  4867  6397  6753
16199    4865   437   438  6195
16200     147  1375  6514  6988
16201    1821  4203  6371  6726
16202    5455  3671  3672  6785
16203    6196  6220  6262  6858
16204    5530  3021  5529  6654
16205     852  4371  5663  7044
16206     684  1333  2493  6350
16207    1403  2697  6567  6861
16208    3371  3367  6598  7089
16209    2177  3730  1702  6492
16210    4673  4671  1923  6758
16211    1379  1812  6494  7115
16212     393  4305  1841  6290
16213     386  2629  4217  7047
16214      68  5718  6401  6712
16215    6093  1271  6091  6474
16216    5581  5583  2182  6467
16217     805  4167  4164  6957
16218    2814   204  1441  6677
16219    1888  6093  6091  6474
16220    4848  4847  4846  6875
16221    4915  4044  6677  6819
16222    1101  5480  2138  6892
16223    6439  3174  6511  6914
16224    3150  2098  5357  6226
16225     534  1227  5951  6175
16226    6606  6545  7055  7059
16227    4351  4350  4349  6508
16228    6642  4393  6647  7080
16229    3564  1030  3566  6596
16230    2688  4459  4458  6476
16231     868  1400  1872  6425
16232    3493  1638     8  6748
16233    4869  3470  6487  7053
16234    5617  1128   217  6376
16235    2338  4500   885  6595
16236    4366  2669  1854  6437
16237    3800  6236  6885  6960
16238    6267  6191  6309  6772
16239    6167  6419  6757  7034
16240    4919  1441  2813  6838
16241    4295  1839  6424  6810
16242    1676  5935  5931  5933
16243    4255  3317  6311  6630
16244    2532  1342  6805  7016
16245     562  2368  3277  6730
16246     470  1469  1051  6201
16247     878   535  1879  6774
16248    1628   328  2433  6303
16249     986  4992   953  6832
16250    5725  5723  6295  6437
16251    3581   662  6403  7010
16252    3596  5233  6714  6923
16253    1958  1959   712  6457
16254    6292  6281  6295  6437
16255    5074  1658   651  6499
16256    6095  1896  4528  6565
16257    6256  6608  6636  6780
16258    6486  6402  6782  6856
16259    1682  2479  6719  7066
16260    5837  5838  6366  6662
16261    4296  4295  6290  6810
16262    3003  5474  3004  6584
16263     576  4217  6926  7047
16264    3244  3245  1551  6915
16265    5661  2211  6422  6505
16266    2666  2398  4343  6282
16267    5877    76  1525  6466
16268    4600  3397  6185  6346
16269     987   986  4990  6832
16270    5467  2134  6333  6882
16271    6189  6169  6282  7122
16272     535  3173   536  6511
16273    1002  5036  4086  6804
16274    3715  1117   691  6696
16275    4526  4525  6551  6986
16276    4037   776  4864  6268
16277    2698  6054   880  6658
16278    5790  3093  6712  7058
16279    2477  5345  3641  6929
16280    6513  6455  6747  6967
16281    4237  6779  6783  7113
16282    1224  3169  6175  6664
16283    1838  4287  2655  6745
16284    6348  6386  6546  6852
16285    5203  5202  6733  6921
16286    6646  4957  6657  6722
16287    2836   436  6585  6875
16288    6255  2530  6355  6805
16289    1576   309  2393  6772
16290    4383  4384  6807  6853
16291     695   694  1705  7072
16292    3901  3900  1746  6248
16293    6446  1370  6534  6773
16294    2948  1045  2084  6283
16295     306  1570  3314  6341
16296    5328  1220  2958  6569
16297    6262  6220  6306  6487
16298    2227   427  5705  6836
16299    1935   925  6806  7062
16300    2541  3874  6664  7079
16301    5154  1461    49  6308
16302     811  4195  2628  6726
16303    1651  3523  5053  6596
16304    2822  1991  5024  6302
16305     404  4469   870  7023
16306    2647    31  6461  6958
16307    6436  1498  6718  6749
16308    1478  2975  6152  6363
16309     559   558  1286  6911
16310    1533  1534  6245  6458
16311    5041  5040  6495  6502
16312    3931   299  3930  6769
16313    5525  5541  1696  6463
16314     735  1346  6568  7083
16315    2232   270  1162  6711
16316    2284  3152  2283  6226
16317    3350  4425  3348  6662
16318    1091  2991  6689  6709
16319    5799  1190  6413  7109
16320    2045  1028  7088  7119
16321    4437  6569  6873  7004
16322    6225  6557  6992  7036
16323    2170  5541  5347  6463
16324    2341  2342   505  6576
16325    2441  3493     8  6748
16326    6338  6293  6392  6440
16327    6389  6151  6536  7083
16328    6734  6154  6825  6926
16329    1462   466  6683  6899
16330    4766  3437   100  6717
16331      37  1398  1399  6873
16332    6642  6603  7080  6455
16333    2229  6452  6807  7030
16334    1389   848  6515  6690
16335    5589  5590   210  6244
16336    3511  2443  2445  6994
16337    5877   529  2277  6466
16338    1575  1123  4321  7072
16339    1147  2343  1545  1272
16340    4927  4812  6601  7078
16341    3194  3195  6060  6617
16342    4631  1763  6640  6953
16343     859  4403  4400  7064
16344    6164  6252  6811  6941
16345    3062  2932  1504  6274
16346    1337   354  1338  7073
16347    1447  2847  6218  6244
16348    2534  1732  6356  6704
16349    6695  6409  6814  6908
16350    6171  6212  6750  6824
16351    2696  4480  6212  6824
16352    5667  3079  1272  1148
16353    4934  4930  1991  6302
16354     877   878  1879  6774
16355    4106  6410  6614  6730
16356    6601  1785  1783  7078
16357    2824  4946  6644  7078
16358    1147  5667  6090  1272
16359    3074  3073  6422  6793
16360    6516  6286  6644  7095
16361    6212  6208  6432  6842
16362    2646  4270   827  6958
16363    2077  2076  6199  7020
16364    4615   908  4619  6577
16365    5966  4481  1263  6842
16366    6314  6709  6986  7038
16367    4755  4757  1423  6633
16368     154  4249  1832  6786
16369    1524  4837  6585  6622
16370    2341  2214  2215  5671
16371    4255  1834   578  6630
16372    5654   705   706  6693
16373     964  3481   194  6760
16374    5024  4931  6264  6302
16375    5012   791  4110  6695
16376     929  4764   429  6715
16377     111  3620  6623  6880
16378    6502  5046  2024  6596
16379    6200  6310  6315  6498
16380    5667  3079  6090  1272
16381    2342   505  6089  5669
16382     505  2342  5670  5669
16383    6089   505  3079  5669
16384    3079  6089  5669  1272
16385    3079  5669  6090  1272
16386    1892  4517  4519  6639
16387    5216  3583  6509  6991
16388    2853  2850  2851  6684
16389    4507  5647  6116  6119
16390    1545  1147  1272  3206
16391    1272  1148  6088  3206
16392    2884  1457   220  6837
16393    1511  6089  1148  6088
16394    3597  3591  3590  6884
16395    4324   840  6718  6738
16396    1376  2608  4132  6514
16397    6298  6494  6599  6809
16398    1852  4350  6454  6508
16399     471  5301  5298  7071
16400    5695  1157   399  6863
16401    4006  4008  6635  6948
16402    1832  4254  2642  6786
16403    2440  3498  6429  6564
16404    3098  4796  1956  6638
16405    4298  1839  4297  6627
16406     505  2342  6089  6088
16407    2342   505  6087  6088
16408     506   505  1511  6088
16409     505   506  6087  6088
16410    2757  2758  6651  7070
16411    4410  1394  6650  6848
16412    3520  5031   645  6732
16413    1303  2412  1306  6944
16414    6298  6494  6737  7115
16415    2510  2508  1337  7073
16416    6683  4680  6715  6899
16417    1538  2309   289  6396
16418     576   386  4217  7047
16419    6333  6710  6897  7084
16420    2202  2201  6769  6874
16421    2177  1702  3725  6492
16422    3855  5914   730  6501
16423    6090  1147  1272  6094
16424    1147  2343  1272  6094
16425    1147  5666  6092  5665
16426    2855  2834  4958  6657
16427    1597  1884  3368  6522
16428    6554  6691  6835  6961
16429     971  4939  6315  6748
16430    6590  3377  6665  7123
16431    1665  3569  3570  6537
16432    3920  6845  6942  7019
16433    4507  5649  5647  6119
16434     130  5975  6952  7008
16435    4507  5647  5648  1145
16436    6092  6093  5664  4329
16437    6337  6243  6541  7073
16438    5666  6092  5665  4329
16439    5665  6092  5664  4329
16440    6743  6744  6759  7120
16441    6381   154  6550  6786
16442    5719  5720  1720  6947
16443    2398  6282  6924  7014
16444    3604   663  1670  6781
16445     150  2638  4232  6783
16446    6510  6170  6626  6911
16447    2559  3950  2558  6692
16448    3936  3934   750  6475
16449     255  2164  5534  6706
16450    1894   889  6986  7123
16451    6194  6241  6357  7028
16452    2209  5654  6693  6699
16453    4464  1243  6859  7023
16454    2670  6690  6863  7059
16455    6356  1731  6358  6704
16456    2485  3662  6610  6611
16457    4401  1395   401  6848
16458    3634  1679  6625  6830
16459    5647  4507  6116  1145
16460    6116  4507  1888  1145
16461    6116  1888  6113  1145
16462    3941  2559  2555  6692
16463    4248  2642    30  6786
16464    3067  3107  3106  6831
16465     914  4640  6517  6686
16466    1467  5235  6283  6472
16467    6517  6405  7037  7086
16468    3418   609  4668  6919
16469    6113  1144  2205  6114
16470    3048  1496  6218  7052
16471    2576  1767  2578  6962
16472    1450   456  6308  6980
16473    2959  4192  4197  6963
16474     840  4322  1845  6738
16475    5359  5361  2099  6525
16476    3113   515   516  6831
16477    2059  2919  2917  6523
16478     604  3400  1307  6524
16479    6150  6385  6618  6987
16480    1251  6011  6010  6473
16481    3075   504  3073  6422
16482     349  3715   691  6940
16483    6444  6661  6814  6908
16484    1467  2923  2924  6472
16485     358  3863   733  6664
16486    6580  6199  6971  7102
16487    6243  6337  6415  7122
16488    1220  3166  5926  6569
16489    6256  6264  6370  6534
16490    4781  1640    99  6429
16491    6155  6339  6579  6641
16492    3312  2391  6341  6645
16493    3500  3499  6564  6748
16494    4053  1368  1788  6671
16495     818  2942  2078  6580
16496    2993  5440  6135  6610
16497    6325  6222  6692  6877
16498    6235  6267  6745  6920
16499    3975   762  2565  6964
16500    5650  4335  6474  6878
16501    2878  5099  2879  6837
16502    2698  6320  6442  6658
16503    6194  6160  6241  6555
16504    5558  6461  5472  5471
16505    2031  1453  2874  6348
16506    2978  5389  1077  6558
16507    1243  6782  6859  7023
16508     128  5314  2087   242
16509    4299  4300  6290  6810
16510    3775  1337  1338  7073
16511    4004   140  6948  7051
16512    1803  5066  1802  6539
16513    1659  5126   652  6348
16514    2923  5236  2922  6472
16515    6279  6261  6343  6659
16516    6247  6241  6901  7035
16517    6498  3504  6564  6722
16518    6177  6172  6318  6342
16519    4332  1148  6237  7001
16520    5970  4471  5969  6616
16521    6134  6610  6656  6996
16522    3492   634  4943  6384
16523    6361  2611  2610  6535
16524    5520  5392  2980  7033
16525    2447  2443  6869  6994
16526    6514  6197  6581  6925
16527    6176  2839  6875  6917
16528    1281   267  6126   298
16529     267  6125  6126   298
16530    2822  6302  2818  1991
16531    4563   179   411  7076
16532    6402  6782  6856  7076
16533     410  2560  4560  7076
16534    4848  6698  6875  6917
16535    5048  2021  1032  6502
16536    3863  3169   733  6664
16537    3694  3699  3697  6995
16538    6210  6366  6445  7016
16539    3186  2315  3184  6558
16540    5825   201  3820  6761
16541    4278   832   831  6652
16542    3430   611  4698  7029
16543     255  5533  2165  6706
16544    2116   483  2115  6801
16545    4766  2771  2772  6717
16546    6738  1575  6772  7072
16547    6188  6160  6194  6555
16548    5783   721  2253  6885
16549    5050   648  1653  6980
16550    6572  6263  6915  6962
16551    2603  1371    26  6624
16552    6217  6298  6395  7057
16553    5694   511  5696  6928
16554    3818  2257  5814  6556
16555    5553  4319   839  6331
16556    6460   937  6697  6903
16557    5793   274  6711  7003
16558    5189  5187   800  6535
16559    4207  4208  6520  6830
16560    2165  5533  6181  6706
16561    6368  3772  6559  6707
16562     139  3986  1765  6633
16563    6183  6734  6913  7047
16564     940  1963  3448  6354
16565    1288  3278  6661  7027
16566    4932  4933   373  6694
16567     415   414    42  6458
16568    5423  5424   296  6565
16569    3981  1764  6640  6964
16570    5067  2027  1008  6539
16571    6341   306  6381  6630
16572    6151  6156  6174  6536
16573    6346  6389  6536  7083
16574     923  5697  2224  5700
16575    3360  5968  6616  6774
16576    2832  4961  2830  6414
16577    6438  6150  6587  6618
16578    6152  1478  6363  6466
16579    1396  2684  4429  6549
16580    1079  5393  6889  7033
16581      65   499  5597  6436
16582    3790  1721  6947  7032
16583    3713  2170  6435  6463
16584    6281  6468  6806  7006
16585     380  2613  4153  6225
16586    2073  5604    65  6749
16587    4505   548  3208  6595
16588    5144  4158  2043  6519
16589    5745  5746  3103  6483
16590    1761  3974  6912  7040
16591    6482  2067  6797  6930
16592    7028  4577  1933  7091
16593    4222  6913  6970  7047
16594     662   107  6403  7085
16595    1642  4993  6234  6795
16596    2266  5847  5844  6716
16597    1941  4752  4749  6296
16598     111  2086  6880  7096
16599    6238  6724  6966  7006
16600     307   309  1577  6309
16601     368  1357  2562  6820
16602    4327  1847  6580  6971
16603    6229  6202  6697  6902
16604     876  2694  6774  6824
16605    6543  3125   520  7058
16606    5500  5501  6316  6597
16607    4743  4747  4746  7037
16608    6319  5579  3040  3038
16609    4799  4802   619  6903
16610    1662  3567   658  6502
16611    1953   615  4780  6429
16612    4511   887  1889  6305
16613    6282  6497  6545  7122
16614    6298  6345  6809  7057
16615    5906  6019  5907  6618
16616    3322   308  3323  6334
16617    1931  4701   920  6479
16618     301   300  3245  6915
16619    5740  3789  6909  7103
16620    1596  6388  6598  7089
16621    6222  6151  6325  6465
16622    6672  6373  6699  6693
16623     354  3766  6541  7073
16624    6228  6159  6362  6956
16625    1979  6636  6682  6910
16626     161  4371   852  6505
16627     654  1660  2457  6530
16628     138  3241  6263  6915
16629    6932  2046  5269  1054
16630    1618  4762  4760  6887
16631    6465  6359  6615  6949
16632    1128   837  1500  6275
16633     334  6450  6655  6679
16634    6410  6158  6594  6679
16635    1572  4262  1295  6998
16636    2969  5895  6166  6525
16637    3519   331  6495  6727
16638      69  3098  3096  6638
16639     284  4483  4477  6750
16640    1945  4672  1923  6758
16641    1784  4050  6516  6601
16642    6383  3338  6497  6619
16643     543  2320  2319  6876
16644    3365   873  4472  6420
16645    6357  3983  6640  7028
16646    4370  2672   400  7074
16647    5273  2936  5276  6746
16648     832  2654   831  6920
16649    1474  2960  2289  6163
16650     685  5548  5550  6364
16651    1187  4430  3121  6840
16652    3161  6021   543  6808
16653    6288  6743  6744  7018
16654    2509   354  2507  6707
16655    1482  5449  2994  6831
16656    5266  2937  6797  6930
16657    5038  2002  4954  6722
16658    6180  6192  6210  6266
16659    2743  4634   418  6953
16660    2604  2368  6730  6937
16661     247  2113  5408  7113
16662    3349  3348  6662  6867
16663     408  1262   892  7026
16664    1614  4719  6725  7006
16665    4011  3254   769  6468
16666    6196  6347  6369  6848
16667    4183  1818  1569  6506
16668    5198  1465  6733  7048
16669    3374  3373   594  6942
16670    2102  5370   475  6466
16671    4146  2611   380  6535
16672    3252   557  6203  6905
16673    3871  3870  3868  6346
16674    5746  5805  5810  6483
16675    5815  5813  6556  6906
16676    5584  3730  6433  6810
16677    4011   769  3428  6468
16678    3115  5770  1178  6647
16679    2483  1688   680  6831
16680    6353  6152  6558  6941
16681     230  2914  5204  6921
16682    3245  2361  1551  6915
16683    6209  6658  6666  6826
16684    4287  3327   392  6920
16685    4095  2601  5058  6581
16686    6150  6289  6529  6719
16687    1958  1960  1959  6457
16688    1691  6316  6426  6533
16689    6321  6167  6526  6604
16690     436  6585  6875  7041
16691    3367  1596  6598  7089
16692    3604  5296  6781  6880
16693    2368  1560  6730  6937
16694    4338  4337   396  6669
16695    3726   349  5568  6492
16696     189  4777  6872  7111
16697    6179  6151  6254  6568
16698    1505  2200  6769  6916
16699    3240   928  3986  6572
16700    4244  5455  6404  6550
16701    5147  5148  2045  7119
16702    2343  1545  1271  6474
16703    1849  1147  5666  6474
16704    1545    78  1271  6474
16705    2802  6195  6347  6753
16706    6209  6198  6658  6826
16707    1091  1830  6709  6739
16708    4766  2772  3434  6717
16709    3584  3585  3589  6991
16710    2224  3432   923  3433
16711     974  2826  1442  6644
16712    5244  5306  1062  6175
16713    5575  5576  5510  6622
16714    6271  6156  6524  6955
16715    1782  4047  4048  6372
16716    1684  3657  6289  6529
16717    2883  2884  1019  6421
16718    5059  1006  4128  6602
16719    3034  1118  6462  6868
16720    6265  6179  6623  6628
16721     765  1361  2567  6912
16722    4104   787  6386  6431
16723    3798  3800  3797  6960
16724    6266  6285  6335  6893
16725    6281  6202  6418  6434
16726    6298  6322  6338  6493
16727    2549  2550  6898  7060
16728     584  1580  6545  7014
16729    2559  3949  6742  7076
16730    6249  6154  6345  6641
16731    4520  6551  6639  7026
16732    6153  6172  6351  7057
16733    2181  4972  4971  6622
16734    2059  3961  5218  6523
16735    6239  6180  6339  6641
16736    1248  6077  6865  7063
16737    5031   647   645  6732
16738    1328  1327  3588  6634
16739     438   437  4863  6195
16740    6532  6676  7003  7120
16741    2639  4248    30  6786
16742    6396  6449  6854  7092
16743     601   600  2720  6607
16744    1711  1710  2207  6571
16745    4129  1461  5154  6308
16746    6577   908  6629  6955
16747    6576  6368  6982  7001
16748    6551  6488  6590  6639
16749    3414  3572   660  4675
16750    5633  2881  3059  6507
16751    1513   509  4689  6631
16752     737  5890  6010  6379
16753    6220  6374  6407  6562
16754    6413  6240  6563  6589
16755    6154  6148  6178  7042
16756    1584   162  4376  6383
16757    6233  3855  6425  6501
16758    4575  6357  7035  7091
16759     567  3284  3285  6695
16760    6306  6196  6369  6848
16761     384  1821  6548  6688
16762    5306  1472  5310  6175
16763     814  2965  1070  6166
16764    6223  6187  6318  6991
16765    6456  6939  6972  7042
16766    2201  3066  6769  6874
16767    4145   381  6225  6427
16768     422  3430  4698  7029
16769    6134  6132  6610  6996
16770    6802  6583  6904  7012
16771    6152   478  6558  6941
16772     747  1270  3203  6469
16773    1161  5722  6292  7002
16774    6049  2299  5966  6862
16775    6561  6407  6687  7015
16776    2778  2773   933  6771
16777     876  3361  6359  6774
16778    6235  6173  6641  6706
16779    1786  1787  6671  7054
16780    4182  2624  6746  6993
16781    1190  5797  5796  6543
16782    3520   645  1650  6732
16783    6196  6306  6573  6848
16784      65  1499  3053  6749
16785     976   190  4790  1954
16786    1425   939  4800  6457
16787    1028  6809  7088  7119
16788    6015  3897   365  6473
16789    5552  5539  4312  6751
16790    1810   802  6535  6981
16791    2622  4182  6506  6817
16792    4085  1794  5037  6440
16793    5565  1117  6696  6995
16794    3962  3963  6206  6820
16795    5157  5159  6451  7010
16796    4439  1871  6163  6873
16797    5755  5754  6653  6874
16798    2134  1515  1516  6882
16799    6279  6310  6343  6732
16800    4944  1997  6643  6818
16801    1475  2956  6380  7046
16802    6170  6162  6257  6280
16803    5535  2165  6181  6706
16804    5344  1069  2962  6463
16805    3611  2075  3610  6291
16806    4573  4574   900  7091
16807    4913   964   194  6760
16808     178  4558  5982  6859
16809    6496  2011  6561  6910
16810    4401  4399  6573  7109
16811    4459  4460  1233  6245
16812    2951   473  2087  6227
16813    6329  6205  6734  6822
16814     110  3614  1329  6436
16815    3377  1302  6590  6665
16816     568   798  4142  7085
16817    5977   871  5978  7023
16818    2823  2848  2849  7077
16819    3523   216  5053  6451
16820    4845   448  4973  6875
16821    1498   499    65  6436
16822    4648  4647  6756  6887
16823    3825  3830  3826  6676
16824    5503   496  5509  6622
16825    4404  4405   860  6195
16826      18  1344  6336  6356
16827     569  4142   662  7085
16828    6521  6475  6829  7038
16829    6374  6391  6397  6573
16830    1647  2013   210  6157
16831    6155  6191  6215  6322
16832    5412  5413  1087  6973
16833    5563  3033   495  6968
16834    1529  5915  3158  6501
16835    4704  4707  6443  6851
16836    3979  1762  3981  6964
16837    3839  1729  5864  7041
16838    1882  4485  1881  6826
16839    3094  2234  6418  6638
16840    2739  3399   906  6400
16841    2610  6535  2611  4146
16842    4201   385   384  6688
16843    3703  5532  2163  6350
16844     712  1959   271  6457
16845     747  3203  3915  6469
16846    1395  4401  4399  6848
16847    4995   440   450  6910
16848    3018  5517  1490  6363
16849    4172  1815  6578  7110
16850    6052  2328  3194  7056
16851    3272  3271  4093  6937
16852    1629  1630  1631  6931
16853    5963   413  2730  6755
16854    6298  6345  6493  6809
16855    3390  3391  1600  6767
16856    6566  6219  6759  7120
16857    6286  6644  7095  7111
16858    4781  1640   934    99
16859     609  3418  2421  6919
16860    2416  1305  1306  6277
16861    6155  6215  6298  6322
16862    6205  3704  6294  6350
16863    6029  2321  6972  7108
16864    6153  6160  6641  7042
16865    5903  3853   730  6425
16866    6137   550  6656  6769
16867    2850  5025  6310  7077
16868    1725  3819  3818  6761
16869    6272  6183  6331  6547
16870    1663  1662  6502  6673
16871    1405  1406  6471  6691
16872      36  1396  1397  6736
16873    6177  6367  6781  7097
16874    4116   304  4114  6661
16875    3908  6301  6576  6886
16876    5000  4999   988  6496
16877     328  3463   626  6698
16878     175  6551  6590  6639
16879    6733  1465  6833  7048
16880    6342  6193  6351  6927
16881    4047   142  3258  6819
16882     949  4039  4038  6397
16883    1514  3105  6483  6582
16884    2914   230  5203  6921
16885    2989  2991  6620  6689
16886    1183  5783  6885  6888
16887    4045   778  4044  6372
16888     601  4570  1903  6607
16889    6174  6271  6577  6955
16890    2144  3678  3009  6285
16891      36  2684  6736  6888
16892    5002   451  6561  7015
16893     499  5597  6436  6971
16894    5694  3771  5693  6928
16895     238  5196  2079  7048
16896     549  2126  6104   484
16897    6104  2126  5428   484
16898    5719  1720   714  6947
16899    6874  6554  7017  7022
16900    3907   742  6600  7060
16901     914  1917  4646  6756
16902    6210  6255  6355  6805
16903    2743   765  3982  6953
16904    3270  1780   141  6397
16905    2754  6337  6349  6479
16906    6253   674  6327  7118
16907    3682  5488  3683  6285
16908    6499  6365  6539  7000
16909    3790  1719  1720  6947
16910     387  2632  2631  6913
16911    5695  3085   511  6863
16912    5338  2630  4225  6913
16913    6051  1263  6050  6842
16914    6993  6345  7110  7119
16915    6214  6173  6249  6322
16916    2575  1766  2572  6705
16917    4042  3270  1781  6397
16918    1168  1965  1167  7103
16919    1983   441  4896  6761
16920    3467  1633  6262  6487
16921     104   647  5031  6490
16922    1570  4246   577  6645
16923    6368  7060  7001  6669
16924    1501  5609  6297  6393
16925    1714  6559  6707  6741
16926    6637  6666  6850  7108
16927     472    56  2945  7071
16928    1309  3406  6524  6536
16929    2534  2535   731  6704
16930    3215   485  3214   296
16931    2001  1639  1953  6429
16932     549  3215   484  3214
16933    1501  5609  5612  6297
16934    4622    43  1912  6518
16935    3438   615   100  6429
16936    5423  5424  1273   296
16937      43   417  1912  6518
16938    3009  3678   348  6285
16939     959  4031  1777  6566
16940    4447  3154  6358  6873
16941    4228   297  5422   893
16942    3762  3202  6559  6741
16943    4273  4272   391  6904
16944    6303  6255  6304  6720
16945    3487  4899  3490  6701
16946    6321  6443  6526  7070
16947    5273  5270  2936  6746
16948    2322  4498  6637  7108
16949    3259   302  3257  6744
16950    5824  6323  6761  6945
16951    4288   583   310  6745
16952    5395  1685  6289  6678
16953    2691  4467  4466  6949
16954    6294  5527  3700  6678
16955    5423   297  6099  4228
16956    1984  1985  6378  6566
16957     297  6099  4228  5422
16958    4573  4574  6901  7070
16959    6224  6517  7037  7086
16960    1902  1901   179  6702
16961    4228  4227  5406   893
16962    4227   894  5406   893
16963    2048  5161  5159  7010
16964    3510  3512  6477  6994
16965    6557  6217  6756  6887
16966    2600   988  5002  7015
16967    6174  6577  6629  6955
16968    6555  6651  6752  7070
16969    6651  6555  6901  7070
16970    5204  2914  6803  6921
16971    4263  1384   389  7012
16972    6314  6829  6986  7019
16973    1823  4220  6825  6978
16974    1488   489  5494  6285
16975    3234  2356  2360  6621
16976    2443  2447  2445  6994
16977    6555  6526  6901  7070
16978    3392  3390   602  6851
16979     529  2276  2277  6466
16980    6277  6489  6990  7034
16981    1469  1051  6201  6232
16982    6200  6264  6302  7077
16983    4073  4074  6721  6871
16984     489  5493  5494  6285
16985    2473  2472   670  6453
16986     423  4710   424  7070
16987    2758  4720  6752  7070
16988    4709  2726  6526  7070
16989    2726  4709   424  7070
16990    4708  6725  4712  7070
16991    6386  6322  6410  6614
16992    3533  1657  6459  6828
16993     353  3756  1711  6763
16994    6038  2325  1260  6989
16995    6440  6392  6773  6937
16996    5651  3069   268  6878
16997     281   113  5363  1212
16998    5917  2319  6728  6876
16999     123  1718  6457  6909
17000    6378  6219  6566  6701
17001    5298  3628  6453  6927
17002    6241  6357  6841  7090
17003    5216  1667  3586  6509
17004    6657  6184  6796  6673
17005     769  3991  6752  6943
17006    3765   708  3764  6559
17007    1407  4538   409  6491
17008    6388  6209  6665  7124
17009    4505  4506  1888  6474
17010     667  2072  6436  6749
17011    4760   926  4750  6887
17012    2991  6284  6689  6709
17013    4473  2287  1218  6861
17014    2727    41  2726  6526
17015    6312  6193  6713  6870
17016    1850  1852  6454  6878
17017    4049  2817  6375  6601
17018    2098  2284  2283  6226
17019    4086   145  4094  6293
17020     583  1578  6745  6879
17021    2253  5782  2254  6236
17022    5527  6294  3700   118
17023    4166  4163  6591  6790
17024     653  5136  5135  6813
17025    1211  2277  6152  6466
17026    5852  1204  3140  6369
17027    1862  1863  6513  6563
17028    3524   331  1320  6727
17029    1451  6275  6297  7000
17030    6303  1628  6347  7024
17031    1405  2704  4511  6471
17032    3850  3849  6166  6336
17033    4098   786  6624  6937
17034     157  5560  4275  6812
17035    6698  6255  6720  7041
17036    6320  6056  6442  7056
17037    3863  1227  6175  6664
17038    2713  4547  6449  6491
17039    6475  2485  6610  6611
17040    3871  3870  6346  6389
17041     158  4283  3325  6983
17042    6222  6208  6511  6952
17043    1346  2540  2538  6664
17044    5715  3781  2231  7002
17045    3104  1165  3101  6950
17046    4150  5217  6206  6523
17047    5040   999   214  6495
17048    2773  1953   933  6771
17049    4292  4297  6627  6983
17050    1174  1722  6527  6672
17051    4843  3838  1973  7041
17052    3389  4552  3392  6851
17053    2403   590  6513  7080
17054     256  3032  3031  6462
17055    3246   301  3244  6915
17056    4916   204  2814  6677
17057    6015   133  3897  6248
17058    4849  4850  3469  6487
17059    6259  6224  6633  7037
17060    5976   872  4471  7008
17061    5864  5863  6585  7041
17062    2500   693  6538  6762
17063    5553  1493  6272  6331
17064    2782    46  6457  6638
17065      91  3347  2402  6513
17066    6202  6188  6273  6938
17067    4110  4109  6477  6695
17068    4056  4052   558  6911
17069    1146  3754  6508  6571
17070    4437  5928  1871  6163
17071    4081  4079   988  7015
17072    3504  3506  6722  6895
17073    6768  3247  6915  7051
17074    2870  1128   217   458
17075    4043  1555  3256  6819
17076     357  1345    18  6336
17077    5371  2278   113  6253
17078    3484  3487  3490  6701
17079    3990    82   556  6984
17080     706   705  3758  6693
17081    1326  1327  1328  6634
17082    1165  5744  6483  6950
17083    5502  5505  6597  6777
17084    4000   772  6601  6681
17085    2036  5105  2879  6274
17086    4277  5534  6652  6663
17087    6160  6377  6723  6966
17088    4331  4333  6237  6474
17089    4987  4980  6467  6869
17090    6158  3554  6546  6680
17091    6153  6233  6420  6567
17092    6184  6149  6287  6722
17093    2629   816  4217  6734
17094    4376  4377  6292  6383
17095    5294  2080  5206  6588
17096    6655     9  2452  2453
17097    3598  1328  3591  6884
17098    1790  3265  6694  6708
17099    5318  4190  6713  6870
17100    2075  4212  6575  7020
17101    1927   509  4689  6865
17102    1744   738  1257  6969
17103    3325  4283  6267  6983
17104    6339  6579  6900  6968
17105    6231  6654  6776  7104
17106    4425  4422  4427  6662
17107     326   952  6262  7053
17108    6787  6470  2564  7021
17109    1858  1857  4379  7105
17110     173  6637  6850  7108
17111    6390  6216  6471  6571
17112    4979  6176  6467  6917
17113    3785   123  1718  6457
17114    1374  1372  6481  6674
17115    1211  3149  3148  6466
17116    1794  3272  5037  6440
17117    5969  1238  6511  6774
17118    3611  3610   109  6291
17119    6151  6174  6458  6536
17120    6286  6428  6643  6818
17121    4373  4374  6383  7074
17122    2634  1091  6689  6739
17123     481  6802  6821  6904
17124    3308  4188  4187  6423
17125    5160  5161  2048  7010
17126    1639  4781  1953  6429
17127     910  3956  3959  6300
17128      91  1588  1589  6563
17129    1678  5349  1679  6830
17130    1782  4046  6372  7054
17131    6234  4869  6487  7053
17132    6350  1695  6364  6547
17133    2769   929   429  6715
17134    6284  6551  6986  7038
17135    4059   561  6592  6743
17136    3649   246  1078  6558
17137     487  5440  6610  6656
17138    2120  2119  2118  6703
17139    1362  3979  2567  6964
17140    6254  6411  6448  6936
17141    3132  3131  6556  6906
17142    6873  6569  7046  7004
17143    4436  5928  2289  6163
17144     625  1628   325  7024
17145     812  4198   813  6226
17146    2851  2852  2854  6684
17147     679  3660  1683  6678
17148    4193  6688  6963  7121
17149    4452  2296  5954  6389
17150    4724  4717  2756  6651
17151     236  5147  5269  6993
17152    6286  6681  6979  7095
17153    2041  2890  5133  6852
17154    1161  4367  4375  6292
17155    6264  5024  6302  7077
17156    5412  2116  6801  6973
17157    4391  3344  4390  6563
17158    1940  4747  4743  7037
17159    3623   128  5314  6227
17160    5932  3164  6265  6569
17161    6029  1256  6939  6972
17162    6030   545  6876  7108
17163    5460  2132   153  6550
17164    2319  6025  6728  6876
17165    6188  6162  6280  6768
17166     198  2268  4861  4858
17167     207  3492  4943  6643
17168    3204  3205  6237  6469
17169    6625  6890  6353  7118
17170    2951  2087  1472  6227
17171     666  3609  6291  6827
17172    6207  6282  6454  6669
17173    1207   527  3835  6304
17174    6162  6155  6256  6370
17175    2741  3956  2742  6518
17176    2607  1374  1801  6674
17177    1253  2977  1077  6558
17178    3671  1690  3672  6785
17179    1185  1186   252  5785
17180    3201  3199  6886  6935
17181    6913  6734  6970  7047
17182     772  4002  4000  6601
17183    6187  6509  6523  6820
17184    6097  6284  6551  6565
17185    5290   806  6766  6922
17186    6373  6314  6845  6874
17187     586  4364   585  6545
17188    4083  1794  6440  6773
17189     192   968  4927  6601
17190    2134  1515   252  1516
17191     308  3322  1573  6334
17192    1422  4758  6405  6478
17193    1186  1185   252  5468
17194    2251   165  5773  6647
17195    2806  4898  4897  6378
17196     828  4269  1836  7011
17197    4436   864  1871  6163
17198    6198  6160  6432  7042
17199    5786   155  2255  4431
17200    6519  2043  6770  6813
17201    1185  1515   252  1099
17202    1515  5467   252  1099
17203     853  5714  1160  6883
17204    5437  5436   248  6675
17205    4325   499  6718  6971
17206    2180  3716   690  6382
17207     155  4432  2255  4431
17208    3181  1539  6396  7007
17209    1185  1099  5468  5469
17210    4434  1103  5490   823
17211    1103  4434  4432   823
17212    5939   865  6328  6628
17213    3781  6295  6401  6938
17214    5469  4250   823  2255
17215    4250  1099   155  2255
17216    5831  5469   823  2255
17217    1099  1185   155  2255
17218    4506  6474  6595  6691
17219    3234  2360  6560  6621
17220    1099  4250  5469  2255
17221    1185  5786   155  2255
17222    1185  1515  1099   155
17223    1515  1185  5786   155
17224    4432  5831   823  2255
17225     823  4432   155  4431
17226    6496  6407  6561  7015
17227    4087  2600  5002  7015
17228    6227  1348  6664  7079
17229     377  4119  6481  7000
17230    5353  2097  2971  6552
17231     984  2838  6585  6622
17232    2970  5359  2099  6525
17233    6243  6396  7007  7092
17234    5688   709  1715  6479
17235      69  2234  3094  6638
17236     952   326  6262  6858
17237     588  2398  6282  6924
17238    2677  1863  1393  6967
17239    2805    47  1983  6761
17240    2928  1467  6283  6400
17241    6540  6737  3296  7068
17242    1580  3332   585  6545
17243    5350  2966   384  6548
17244    3914  1353  6469  7060
17245    4079  5000   988  7015
17246    2068  2067  6482  6930
17247    1260  6639  6969  6989
17248    3967  3233  3237  6560
17249    3704   118  1693  6294
17250    2164  5535  6652  6706
17251    4243  5410  6660  6779
17252    2200   299  1507  6769
17253    6257  6194  6259  6633
17254    2441  1319  6564  6748
17255    6307   940  6635  6838
17256    4700  1154  6479  6631
17257     126  1727  3832  6805
17258    4128  1804  4127  6308
17259    5318  5303   807  6870
17260    6293  6581  6624  6804
17261    3383   599  3384  6607
17262    2498  1700  1701  6398
17263     302  1286  3263  6911
17264    4644  1917  4643  6405
17265     938   937  6460  6903
17266    4394  5775  3799  7114
17267    3708  5548   685  6364
17268    4883   200   439  6682
17269    3953  3952  6742  6789
17270    2417   598  6449  6854
17271    6233  6567  6808  6861
17272    4623  4622  3593  6714
17273    3136  5834  1197  6740
17274    1312  1313   318  6557
17275    5300   239  2082  7071
17276    4261  4263  1572  6998
17277    5865  5862    75  6585
17278    6586  6579  6868  6968
17279    1734   128  1735  6227
17280     816  4218  4217  6734
17281    1301  1596  6388  6598
17282    5805  5746  5744  6483
17283    4312  5551  2172  6751
17284    6330  6311  6416  6958
17285    5115  5114  1456  6837
17286    5252  5251  6421  6680
17287    3771  5694  3770  6928
17288    3123  1517  7003  7058
17289    5796  3125  6543  7058
17290    3000  6550  6710  6974
17291    4938   970  2820  6315
17292    3751    15  5646  6763
17293    6202  6281  6504  6938
17294    6231  6148  6289  6294
17295      54  1469  1468  6201
17296    3416  6557  6756  6887
17297    3710  1114  3709  6547
17298    4441   865   866  7004
17299     333     9  3532  6828
17300    6153  6171  6432  6567
17301    6221  6282  6669  7060
17302    6385  6150  6969  6987
17303    2522   722  1340  6897
17304    6880  2086  6896  7096
17305    6426  2490  3695    12
17306    6518  3593  6714  6923
17307    1406  2702   174  6471
17308    5589   210  6157  6244
17309    4157  3299   797  6918
17310    4527  6097  6551  6565
17311    4996  6496  6636  6910
17312    1708  3742  6201  6232
17313     283  6025   284  6728
17314      57  5339  5338  6970
17315    2999  5466   252  5781
17316    5757  5756  3792  6672
17317    3322  4297   581  6334
17318    3933  3934  6829  6996
17319    6338  6494  6519  6540
17320    6371  6713  6726  6870
17321     725  3826  3827  7099
17322    6362  6278  6699  6956
17323    1186   252  5785  5781
17324    3014  5509  6622  6777
17325    5538  4289   834  6484
17326    3361  3359  6359  6774
17327    6693  2506   703  3757
17328    6352   137  6705  7028
17329     707  5756  6672  6874
17330    2232  6401  6532  6711
17331     922  3984  6640  7028
17332    6246  3684  6597  6977
17333    2465   338  6230  6792
17334    1896  2707   408  7026
17335    2687  4447  1872  6425
17336    1578  6309  6745  6879
17337    6266  6192  6426  6977
17338    5027   996  2849  6310
17339    2413  2719  1303  6944
17340    3118  3802   722  6897
17341    3310  3311   577  6645
17342     792  5076  4117  6609
17343    5157  2048  5159  7010
17344    3530  5068  6539  6679
17345      71  3119  6333  6840
17346    5931  5935  6265  5932
17347    3696  1691  6316  6977
17348    6428  6286  6857  6872
17349    6170  6302  6694  6708
17350    1303  1305  6767  6944
17351     237  4328  6580  6971
17352    1772  1935  6806  7006
17353    5712   853  4381  6883
17354    3479  4909  2436  6394
17355    6440  6446  6773  6392
17356    6619  6515  6690  6966
17357    5778  5462   250  3810
17358    3682  1332  3684  6977
17359    6314  6845  6874  7061
17360    2711  2309  2308  7063
17361    1614  3426  6724  7006
17362    2999  5466  5781  1098
17363    1182  2999  5781  1098
17364     396  5668  6669  7001
17365      61  1182  1098   250
17366    1098  1182  5463   250
17367    5463  1182  5462   250
17368    6475  2485  6611  6675
17369    5759  5454  3667  2245
17370      61  5778   250  5779
17371      61   250  2998  5779
17372    1182    61  2252  5779
17373    1182  5778    61  5779
17374    6307  6354  6360  6948
17375    1962  4009  1622  6948
17376     692  1703  3733  6538
17377    5694  5696  3770  6928
17378    6497  6377  6723  7074
17379    6246  6192  6285  6977
17380    5016  2607  5013  6674
17381    3809  5759  3668  2245
17382    3668  5759  3667  2245
17383    6366  6246  6597  6977
17384    6210  6192  6366  6977
17385    5777  3809  5759  3668
17386    5777  5461  3810  3668
17387    3809  5777  3810  3668
17388    5454  2243  3667  2245
17389    3683  3682  6285  6977
17390    1812  4159  6494  6540
17391     889  4525  1895  6986
17392     702   698  1139  7017
17393    3421  4713  6725  7082
17394    4168  4166  4163  6591
17395    5713  2229  6452  6712
17396    6479  3769  6928  7073
17397    1860   164  6747  6799
17398    3438  3437  2427  6816
17399     199  4875  6562  6832
17400    6316  1691  6426  6977
17401    6228  6455  6647  6799
17402    5802  5801  6648  6950
17403    6935  6865  6077  7063
17404    5157  6451  6988  7010
17405    1364  2573   369  7101
17406    2243  5451  5452  2129
17407    5453  2243  5452  2129
17408    3195  1543  6060  6617
17409     253  5490   823  6544
17410    1831  4243    89  6660
17411     843  4328  4327  6580
17412    4274  5421  5534  6663
17413    1610  3416  6887  6919
17414    1871   864  4439  6163
17415    6336  6178  6438  6704
17416    5436  2489   347  6675
17417    6677  6307  6701  6819
17418    1300  2409  6665  7123
17419    4092  1797  4091  6687
17420    6061  1242  6600  6757
17421    3408  4642  1604  6686
17422    2660  4306  1842  6965
17423    3823  1725  3822  6761
17424    1606  4642  3409  6686
17425    1179  1178  6647  6799
17426     703  6693  7013  7094
17427    5766  2248  5767  6799
17428    6211  6210  6382  6696
17429    4088  4089  2599  6687
17430    4562  1902   179  6702
17431    3574  1666   337  6537
17432     156   825  6802  7012
17433    2262  3138  2263  6716
17434    4407   860  6195  7064
17435    5436  2987  1092  6675
17436     244  2961  6822  6970
17437    3278  1288  6661  6730
17438    1331  2478  6529  7066
17439     604  6400  6524  6714
17440      91  3345  1588  6563
17441    6277  2416  6449  6854
17442    6393  6290  6444  6481
17443     422  2753  1416  6479
17444    3538  1658  6450  6499
17445    6275  6290  6393  6481
17446    5064  4122  6275  6481
17447    4722  1614  3427  7006
17448    1319   103  3501  6564
17449    3738  5075   218  6499
17450    6196  6791  6858  6931
17451    3961  4655  6523  6820
17452     236  5269  2070  6993
17453    3550  2041  5133  6852
17454     823  4432  4431  6544
17455    6182  6214  6570  6738
17456    3391  6443  6604  6851
17457    6666   173  6850  7108
17458    2228  5711  5710  6807
17459    4445  4446  6328  6936
17460    1162  6401  6711  6947
17461     720   718  6412  6527
17462    6151  6174  6441  6458
17463    6778  1026  6784  7043
17464     629  4850  4869  6487
17465     949   950  4040  6397
17466     218  5072  6297  6499
17467    3287  3288  2371  6427
17468    4054  6516  6644  7078
17469    6909  6950  7032  7103
17470    4408  4405    35  6848
17471    4195  1566  2378  6668
17472    3690  1332  3696  6977
17473     412  2724  2725  6901
17474    4202   812   813  6226
17475    2742  3956  6300  6518
17476    3811  3813  6667  7005
17477     766  1940  6259  6633
17478    6344  6909  6950  7032
17479    5141  2894  6770  6933
17480    3627  5322  2088  6265
17481    2571   766   136  6352
17482    6477   209  4109   640
17483    1395  4399  1865  6848
17484    3494  2819  4939  6315
17485    5075  5074   218  6499
17486    1060  5295  6588  6880
17487    6768  6263  6915  6984
17488     970  4938  2823  6315
17489    1662  6168  6502  6673
17490    2349  5640  2350  2199
17491    6449   602  6767  6851
17492    4454  2691  1401  6476
17493    6153  6193  6641  7057
17494    2820  2819   444  6315
17495    6275  5064  6481  7000
17496    3131  3132    72  6906
17497    4974  4848  6875  6917
17498    4328  4327  6580  6971
17499     573  3297  6540  7068
17500    5641   299  1507  2199
17501     299  2200  1507  2199
17502    2351   299  5641  2199
17503     299  2351  2349  2199
17504    2200   299  3930  2199
17505     299  2349  3930  2199
17506    5640  2351  5641  2199
17507    2351  5640  2349  2199
17508    2839  4975  6875  6917
17509    5402   114  2478  6775
17510    3998  2579  6962  7051
17511     535  1238  1879  6774
17512    6698  6255  6875  6917
17513     786  3273   376  6937
17514    1281   298  6128  3746
17515    1281  3747   298  3746
17516    1459  1458  2894  6770
17517    6293  6279  6804  7081
17518    1393  4388  2678  6967
17519    6210  6255  6487  6917
17520    3360  3359   877  6774
17521    6035  3901  6033  6775
17522    6182  6199  6214  7020
17523    4849  6234  6487  6917
17524    6026  5921  6728  6826
17525    2806  3476  1982  6556
17526      25   375  6446  7027
17527    2098   812  4202  6226
17528    6486  6277  6489  6990
17529    2315  3185  3184  6558
17530    1527  1214  3155  6226
17531    6579  6800  6812  6868
17532    2701   172  4495  6850
17533     892  1262  6891  7026
17534    6167  6160  6169  6966
17535    5847  3688  3842  6716
17536    1294  2388  3319  6341
17537    5267  2068  5264  6482
17538    6147  6150  6529  6719
17539    6634  1326  6923  7097
17540    3513  1647   644  6869
17541    6181  6235  6528  6484
17542    5841  2263  2533  6716
17543     896  2717  6486  6944
17544     200  4057  4881  6447
17545    6494  6338  6519  7088
17546    3127   520  4386  7030
17547    5129  5128   223  6431
17548     436  2838  2836  6585
17549    6613  6147  6775  7066
17550    1393  2678   857  6967
17551    6559  6301  6707  6886
17552    3882  3171   538  6914
17553    3584  5205  3590  6991
17554    2551  2550  6062  6600
17555    1383    30  6754  6786
17556    1323   654  2457  6530
17557    2293  1224  5945  6175
17558    1717  3778  5724  6295
17559    6221   295  6469  6595
17560     225  6770  6813  7050
17561    5987   539  3878  6486
17562    6322  6386  6530  6614
17563    4549  2713  6449  6491
17564     548  4505  6091  6474
17565    2441  1319  2439  6564
17566    4750   926  4751  6296
17567    1340  2521   719  6897
17568    6721  4928  6780  6871
17569    3024  5553  6272  6331
17570     846  2668    33  7116
17571    6572  6286  6962  6979
17572     850  2396  3342  7074
17573    6140  2993  5442  6139
17574    3768  3769  3770  6479
17575     920  1418  4700  6479
17576    6468  6725  6752  7006
17577     120  1338  6707  7055
17578    4876  4877  6562  6832
17579    6616  6325  6952  7008
17580     444  2819  6313  6315
17581    4039  4038  6397  6975
17582    5439  1283  1093  6138
17583    2120  2983  2984  6801
17584    2638   150  5407  6783
17585    3662  2485   346  6611
17586    6427  2371  6790  6957
17587    6243  6301  6707  7122
17588    3298  1812    85  6540
17589    3767  5691  3768  6479
17590    6200  6626  6671  6708
17591     486  5447  5444  2241
17592    2538   733  1347  6664
17593    2699  4493  1404  6658
17594    2855  5040   454  6657
17595    6136  2993  6138  6140
17596    3662  2996  6610  6611
17597    3980  3983  6357  7028
17598    6287  6184  6495  6657
17599    2128  2348  6130  1093
17600    6130  2348  1283  1093
17601     153  1832  2642  6786
17602    1398  1399  6873  7004
17603    4320  1845  1575  6738
17604    1797  3284  4090  6687
17605    6240  6239  6413  6676
17606    4552  4551  6349  6851
17607    1560  3275  6773  6937
17608    5751  1135  1095  2241
17609    2067  5265  6482  6933
17610    6259  4631  6953  7086
17611    2982  5403   480  7066
17612    2422  3417  3415  6686
17613    3662   680  2996  6611
17614    4249  4246  6381  6786
17615    6167  6321  6966  7122
17616    5040   999  6495  6657
17617    3199  2332  6886  6935
17618    4454  2688  6465  6476
17619    2162  5528  1086  7104
17620     447  4964  6414  6657
17621    6238  6724  6836  6863
17622    2688  6245  6465  6476
17623    2691  4454  6465  6476
17624    3488  3484  6701  7009
17625    2689  2688  1401  6476
17626    2835  2834   447  6657
17627     999  2002  6495  6657
17628    2834  2831  4958  6657
17629    4701  1418   920  6479
17630     727   728  6720  7041
17631     702   698  7017  7094
17632    1745  6037  6038  6989
17633     404  1875  4469  6476
17634    5803  5802  6906  6950
17635    6320  6439  6189  6617
17636    5012  4110   641  6477
17637    2638  6783  7069  7113
17638    1154  5688  3768  6479
17639    6359  6258  6615  6824
17640    2821   444  6313  7077
17641    5394  6289  6889  7033
17642      48  4992  2842  6832
17643    5445  5635  2994   486
17644    5443  6145  1097  1096
17645    4458  4459  6245  6476
17646    3757  2506   705  6693
17647     450    48  6561  6832
17648    3113  5451  2129   516
17649    2129  5451  5758   516
17650      48  2842  6561  6832
17651     986   199  2010  6832
17652    2592  1368  6516  7054
17653    6873  6165  6936  7004
17654    6391  6288  6592  6743
17655     683  2137  6892  7011
17656    4957  2002   999  6657
17657    6584  1100  6958  7011
17658    6606  3775  7055  7073
17659     299  2351  5641   501
17660    1264  6063  2330  6934
17661    6037  6040  6038  6989
17662    2351   299  3221   501
17663    3221   299  6137   501
17664    6137   299  5636   501
17665     299  5641  1507   501
17666    5636   299  1507   501
17667    1136   551  5638   501
17668     551  5636  5638   501
17669    6143   551  1136   501
17670    6143  3221   551   501
17671    3221  6137   551   501
17672     551  6137  5636   501
17673    6143  2198  1135  2352
17674    1136  6143   501  6144
17675    6146  6145  5751  1135
17676    6146  2198  6145  1135
17677     551  6143  1136  1135
17678    5635   551  5638  1135
17679     551  1136  5638  1135
17680    6143  2198  6144  1135
17681    1136  6143  6144  1135
17682    1025  4133  2887  6925
17683    6414  6287  6646  6657
17684    3561  5253  6778  6784
17685    3222  6141  2352  1095
17686    3222  5635  5445  1095
17687    5144  4158  6519  7088
17688    6140  6142  6139  1095
17689    5442  6140  6139  1095
17690    6141  5443  6145  1095
17691    6145  5443  1097  1095
17692    1135  3222  2352  1095
17693    6141  6145  2352  1095
17694    5635  3222  1135  1095
17695    6145  1135  2352  1095
17696    1097  6145  5751  1096
17697    6145  1097  5751  1095
17698    6145  5751  1135  1095
17699    5447   486  5753  2241
17700    5635  5752   486  2241
17701     486  5752  5753  2241
17702    5445   486  5446  2241
17703    5445  5635   486  2241
17704    5573   497  3042  6319
17705    3062  3057  6201  6274
17706    2036  3061  2064  6274
17707    2991  1481  2989  6620
17708    5488  3682  5493  6285
17709     199  4875  4873  6858
17710    2144  3679  3678  6335
17711     198   438  4863  6195
17712    5574   690  6382  6846
17713    6180  6584  6958  7011
17714    3212  3209  6620  7038
17715    3296  2377  6540  7068
17716     795  2048  5158  7010
17717    4538  4539  6491  6541
17718    3353   869  6764  6834
17719    2067  5266  6797  6930
17720    3576  3573  1037  6186
17721    1446    64  5592  6218
17722    6225  6206  6535  6798
17723    6220  6234  6487  7053
17724    4371  5661  5662  7044
17725    1871  4437  6163  6873
17726    3405  4593   607  6174
17727    1820   811    28  6726
17728    5205  3597  3590  6884
17729     889   890  6986  7123
17730    6507  6274  6655  6843
17731    2261  1488  3137  6740
17732    3283  4111   566  6814
17733    2970  5359  6525  6552
17734    3775  1716  6606  7055
17735    5487  2144  3009  6285
17736    6808  6456  6972  7042
17737    2422  1606  3409  6686
17738    2622  4185   810  6817
17739    6532  6452  6712  7058
17740    6024  2317  1255  6987
17741    6947  1721  6999  7032
17742    3209  6097  6098  6620
17743    1240  1241  6914  7039
17744    3361   876   877  6774
17745    6373  6362  6699  7013
17746    4251   155  6333  6840
17747     308  3324   307  6334
17748    4667  4668  6887  6919
17749    3590  5205  6884  6991
17750    6578  2623  2620  6817
17751    5556  5557  1847  6580
17752    2083   239  6927  7071
17753     800  4146  1810  6535
17754    1340  2520  2523  6897
17755    6642  6647  6455  7080
17756    6169  6216  6362  7124
17757     174  4501  4502  6471
17758    1941  1942  4752  6296
17759    5702  3085  3086  6863
17760    6235  6528  6745  6879
17761    5970  4471  6616  7008
17762    3346   589  2682  6589
17763    4911  2790   442  6839
17764    6190  3225  6629  6787
17765    6239  6240  6452  6676
17766    6832  6220  6858  7053
17767     470  5260  1050  6232
17768    3730  5585  6492  6810
17769    6150  6147  6969  7042
17770    4145  2613   799  6225
17771    2267  4859   198  6195
17772    4375  4367  1582  6619
17773    4107  3279  4108  6614
17774     959  1984  6378  6566
17775    6163  6299  6380  6873
17776    5418   825  6660  6802
17777    3021  6181  6654  6776
17778    5561  3028  5478  6968
17779    5370  5371  3639  6327
17780    2628  4195  2378  6371
17781    6161  6155  6191  6215
17782    6415  6606  6966  7122
17783    5843  3139  2265  6246
17784     574    85  6540  7115
17785    2098  1070  5357  6226
17786    6219  6556  6761  7049
17787    6210  6339  6340  6995
17788    3202   547  2335  6559
17789    3351   591  3352  7080
17790    5822   524  2258  7064
17791    4399  4401  6573  6848
17792    1291  2381  1567  6825
17793    3591  1667  3590  6884
17794    1271  6093  6092  6474
17795     438  4865  6195  6753
17796    6162  6200  6257  6478
17797    4480  4481  6212  6750
17798     509  1927  4689  6631
17799    4470   872  6616  7008
17800    1456  2883  1455  6837
17801    4575  2569   412  7035
17802    5769   164  5767  6799
17803    6766   238  7048  7098
17804    6181  6173  6235  6706
17805    6312  6193  6417  6578
17806    5916  6420  6501  6861
17807    4714  1933  4715  6651
17808    6840  1183  6885  6888
17809    4363  2669  6485  7116
17810    5351  2096  2097  6830
17811      88  3315   579  6630
17812    2449  2860   455  6727
17813    6286  6516  6643  6671
17814    7017  6916  7022  7075
17815    1274  6829  7019  7038
17816    3974  6593  6621  6912
17817    3822  3823  6761  6945
17818    5178  1036  6387  6788
17819    3249  1552   555  6203
17820    1639  4950  3495  6429
17821    6186  2906  6270  6387
17822    3082   709  2221  6631
17823    5487  6285  6544  6893
17824    4839  4841  2794  6585
17825    6232  6269  6570  6959
17826    5258  1050  6749  6959
17827    3785  2235  3786  6457
17828    6803  2914  6833  6921
17829      75  3144    74  6585
17830    6770  6493  6797  6932
17831    3784  2235  3100  6457
17832    4399  6413  6848  7109
17833    6317  6224  7057  7090
17834    4841  4839  4836  6585
17835    6287  6184  6657  6673
17836    3345  1587  1588  6650
17837    1485  3005  3004  6584
17838    2328  6053  6056  7056
17839    2620  4173   148  6578
17840     290  2709  6003  7063
17841    6649  6154  6654  7042
17842    6187  6223  6509  6991
17843    3185  6014  1540  6558
17844    6202  6203  6697  6902
17845    2680  4402  2682  6650
17846    2680  2682  2681  6650
17847     927  6296  6405  6478
17848    6621  6560  6841  7090
17849      41  1409  6526  6607
17850    6325  6151  6877  6881
17851    4742   136  6352  6640
17852    5862  2530  6355  6585
17853     449  2840  2837  6319
17854    6647   855  6799  6967
17855     348  6266  6426  6977
17856    1474  1220  5328  6569
17857    3698  1691  3697  6533
17858    3857   127  1345  6587
17859    5185  2906  2907  6270
17860    1587  2680  1865  6650
17861    1118  4276  6800  6868
17862    2176  6586  5559  6868
17863    2135  5476  6579  6584
17864    1861   856  1862  6563
17865    6165  6179  6328  6628
17866    3125  2256  5796  6543
17867    1613   320  3423  7029
17868    6434  6202  6504  6638
17869    3830  3826  6676  6765
17870    5996  5994  7007  7092
17871    6418  6434  6638  6806
17872    2978  3186  6152  6558
17873      28  1821  6548  6726
17874    3067  3106  6531  6831
17875    4567  3391  6604  6767
17876    1691  1692  6316  6533
17877    2804  2803  4876  6562
17878    4276  2650  6800  6812
17879    2374  2373  2372  7115
17880    3302  1293  6668  6985
17881    2421  2420  1312  6270
17882    3020   492  6363  6811
17883     933  3441  2774  6771
17884     884  3376  3370  6850
17885     595   884   172  6850
17886    6213  6335  6754  6893
17887    6130  2128  1093  6610
17888    2297   168  5957  6465
17889    4671  4670  1923  6758
17890    3727  3726  6492  6940
17891      27   376  4103  6386
17892    4795  4796  6457  6638
17893    1073  5525  2158  6463
17894    6883  6401   512  7002
17895    1992  1994   633  6384
17896    6240  6413  6543  6676
17897    3288  1289  2371  6957
17898    6672  5760  6693  6699
17899    6637  6031  6639  6939
17900    1953  4780   933  6771
17901    3332     3  6545  7014
17902    3424  2754  4698  7029
17903    2109  2153  6252  7033
17904    6265  6179  6628  7079
17905    1538   289   540  6396
17906    6281  6238  6966  7006
17907    3745  3744   235  6232
17908    3938  4559  4560  6859
17909    2971  5359  2970  6552
17910    1523  1204   278  6369
17911    5295  6588  6880  7106
17912    3642  1680  3641  6811
17913    4380   163   854  6853
17914    6432  6178  6808  7042
17915     382  1813  5195  6849
17916    6586  2176  5559  2136
17917    1899   178  6782  6859
17918    3320   580  6406  6660
17919    5117  3554  3548  6546
17920     463  1010   462  5125
17921    6578  5291  6766  7098
17922     774  4021   191  6902
17923    1931  5698  2224  6512
17924    6493  2893  7088  7119
17925    6696  6492  6864  6940
17926    1939  4741  4742  6640
17927    3895  6038  1260  6989
17928    5686   509  1928  6865
17929    4505  1888  6091  6474
17930    5970  6616  6952  7008
17931    6657  6168  6673  6796
17932    6276  6284  6406  6488
17933    1508  5652  5653  6835
17934    4338  4343  6326  6669
17935    5528  2162  2160  7104
17936    4142   798  3582  7085
17937    4510   887  3371  6598
17938    6535  2911  5187  1039
17939    4134   795  5158  6988
17940     319    97  2423  6724
17941    4411  2681  6650  7025
17942    4937   970  2823  6315
17943    6492  3727  6940  7052
17944    5972  5969  1238  6511
17945    3589  3585  6921  6991
17946    1069  5345  6463  6811
17947    2695   878   879  6774
17948    3023   494  6272  6547
17949    5601  5600  6738  7072
17950    1628  3463  6303  6720
17951    6264  6256  6721  6780
17952    6413  6306  6589  6650
17953    3651  5403  6775  7066
17954    6945  2524  7005  7049
17955    2261  1198   488  6544
17956    5539  5552  2168  6528
17957    5243  5306  6175  6283
17958    5303  5318  6713  6870
17959    6161  6155  6215  6409
17960    4061  4059  4064  6592
17961    4631  1763  4632  6640
17962    6471  6305  6691  6835
17963     922  4741  4578  6640
17964    6279  6343  6490  6732
17965    4017  2581  6902  6905
17966    4478    39  6750  6824
17967    5858  5856   526  6347
17968    6457  3100  6504  6638
17969    3918  1269  2337  6250
17970    3061  2036  3058  6274
17971    6782  6859  7023  7076
17972    5851   727  3835  6304
17973     249  5456  5455  6550
17974    2373   805  6957  7115
17975    6648  6556  6906  7065
17976    3957   754  6632  7021
17977    5342  1477  6435  6463
17978    3191  1262  6891  7069
17979    6159  6311  6330  6381
17980    3529   649   334  6679
17981    6383  4374  6951  7074
17982    1676  3627  3626  6265
17983    1953  2001  6429  6771
17984    6357  6241  6841  7035
17985     998  4083  6440  6534
17986    4954  4955  3505  6722
17987    6749   339   110  1673
17988    1358  1359  1758  6408
17989     491  5524  6463  6811
17990    2368   562  2604  6730
17991    3488  6677  6701  6819
17992    4378  1857    34  6853
17993    1648  6343  6727  6895
17994    4929  5023  6721  6780
17995    6608  5021  6636  6780
17996    1802  4115  6539  6661
17997    2722   899  1903  6607
17998    6368  5677  6707  7055
17999    2405  2404  4456  6615
18000    4648  1610  4647  6887
18001    5047  2021   453  6502
18002    6155  6161  6211  6409
18003    4124  4121  4125  6376
18004    4474  1218  2697  6861
18005    3882   361  3171  6489
18006    6744  6701  6819  6954
18007    1939  4742  6259  6640
18008    6343   645  6490  6732
18009    4725  3989   767  6943
18010    1753   750  6521  6610
18011    2636  1381  6689  6739
18012    4017  4018   555  6902
18013    4058   561  6391  6592
18014    2550  3916  2548  6898
18015    1119  2178   257  6462
18016    5350  2966  6548  6552
18017    3857  5887  6251  6890
18018    1219  6501  6808  6861
18019    3444  1620  3445  6857
18020    6260  6184  6403  6659
18021    3557   654  1027  7050
18022    2211  5660  2210  6505
18023    6610  6475  6611  6996
18024    4466  4468  6476  6949
18025    2319   545  6028  6876
18026    6263    81  6572  6915
18027     873  3854   730  6420
18028    5058  4099   456  6581
18029    3319    88   579  6630
18030    3338  6383  6497  7074
18031    1423  4757  2766  6633
18032    4512  1405  6471  6691
18033    2021  5048   453  6502
18034    6205  6164  6435  6822
18035    2801  4855   948  6753
18036    1398    37  1400  6873
18037    1845   395  6738  6879
18038    6163  4437  6569  6873
18039    6211  6382  6398  6940
18040    2494  3712  3710  6547
18041     883   173  6666  7108
18042     376   790  4103  6614
18043    3901  6034  3900  6731
18044     995  2019  2017  6780
18045    6539  6444  6609  6661
18046    1821  4204   384  6548
18047     786  6386  6624  6937
18048    3267  2367  6743  6954
18049    4121  5017  6376  6674
18050    6557  6149  6887  6919
18051    2269  2267  5853  6195
18052    2325  1261  6891  6989
18053    5127  5129  6431  6852
18054    6173  6182  6214  6423
18055    2139  2142  6340  6864
18056    2105  6007  2107  6152
18057    1740   736  1739  6489
18058    4741  3984   136  6640
18059    5121  3554  6158  6680
18060     790  5081  5079  6614
18061    5080  5079  6348  6386
18062     208  4989  2009  6467
18063    4721   425  6725  6752
18064    1441   778   966  6372
18065    3769  1715  2510  7073
18066    2877  2036  2879  6274
18067    1388   397  2665  6669
18068    1954  4792   975  7078
18069     440  2804  4876  6910
18070    6059  2329  1242  7039
18071    6231  6289  6649  6973
18072     178  2302  6782  6859
18073    4204  1822  4206  6520
18074    6160  6239  6332  6377
18075    6234  2444  6795  6869
18076     142  4914  4043  6819
18077    4709  2726  1409  6526
18078    2804  1433  6562  6910
18079    3897  6015  6248  6473
18080    4350  4351  6454  6508
18081    5757   707  5756  6672
18082     372  1784  4049  6601
18083    3506   103  3504  6722
18084    2711  2710  6491  7063
18085    4465  2691  6465  6949
18086    6201  6269  6421  6843
18087    5793  5717  6532  6711
18088    7017  6874  7022  7061
18089    2524  2525  7005  7049
18090    3864  2295  5950  6346
18091    6573  6413  6676  7109
18092    6455  6647  6799  6967
18093    1218  5919  5920  6861
18094    3413  1607   608  6186
18095    6219  6344  6378  6648
18096    3084   511  6512  6863
18097    2527   125  7003  7005
18098    5862  1209    75  6585
18099      50  1451  1452  6297
18100    6305  6554  6691  6835
18101    2740   417  2742  6518
18102     125  5794  7003  7005
18103    6406  6488  6739  6779
18104     566  2605  3281  6814
18105    1206  5856  2799  6347
18106    6030   883   545  7108
18107    4103   789  6386  6614
18108    4076  5021  6608  6780
18109    5022  2017  4929  6780
18110    6261  6298  6338  7068
18111    6370  6407  6496  7015
18112    2570  3987  6263  7101
18113    4170  1029  7110  7119
18114    2468  3619   111  6623
18115    6161  6191  6267  6334
18116      86  3305  6520  6825
18117    1660   653  5135  6813
18118    1601  3397  6346  6536
18119    1698   349  1697  6940
18120    1561  3279  6410  6609
18121    4623  1911  5229  6518
18122     348  3678  6266  6285
18123    3873  1222  2291  7079
18124    4741  4632  4578  6640
18125    6149  6184  6498  6895
18126     691  3715  6696  6940
18127    3963  4651  6206  7067
18128    6149  6498  6722  6895
18129    2762  4736  2761  7062
18130    4051  4052  1787  7054
18131    6344  6229  6903  6909
18132     509  5689  4691  6631
18133    3112   515  3108  6831
18134     166  4418  6642  6736
18135    2900  1461  4129  6308
18136    4801  1424  1958  6457
18137    5744  5805  6483  6906
18138     712   271  1718  6457
18139    6733  6351  6766  6833
18140    4643  4745  6405  6517
18141    4941  1996  1788  6671
18142    3667  5453   681  6685
18143    2267  1431  4859  6195
18144    2519  3794   719  6960
18145    6626  1556  6708  6911
18146     666  3309  6423  6575
18147    4058  6391  6447  6592
18148    1957   774   191  6902
18149    1798  4094  6293  6804
18150    5586  5585  6810  7052
18151    3504  3499  6498  6564
18152    1708  1130   351  6201
18153    2297  6245  6389  6465
18154    6924  6497  7074  7014
18155    2670  1390   399  6690
18156    3015  2147  1107  6500
18157     107  3580  3578  6403
18158    6150  6251  6379  6473
18159    5919  5918  6728  6808
18160     306  1570  6341  6381
18161    3463   328  6303  6720
18162    6250  6221  6390  6595
18163    3376     6  3370  6665
18164    1061  1677  6453  6927
18165    6711  6401  6938  6947
18166    5834  3136  1522  6740
18167    2989  2986  2992  6620
18168    6184  6343  6498  6895
18169    6495  1648  6727  6895
18170    6220  6211  6795  7100
18171    1458  5141  6770  7050
18172    3387  3386  2416  6449
18173    3527  6490  6804  6980
18174    6341  6276  6406  6998
18175     910   756  6300  6820
18176    2375  1290  6737  6957
18177    1002  1654  1655  6804
18178    1911  5227  2061  6518
18179    5488   489  3009  6285
18180    4673  4672  6715  6758
18181     136  3984  6352  6640
18182    3901  6034  6731  6775
18183     130  1738   288  7008
18184    6159  6430  6885  7114
18185     272  3104  3102  6950
18186    5823  1725  3823  6761
18187    6461  4273  6663  6904
18188    5098  2877  6274  6507
18189    6343  6495  6727  6895
18190    7003  6765  7120  6676
18191    4120  2606  1374  6674
18192    5475  2647   829  6461
18193    2450  1321   332  6727
18194    2834  2855  4963  6657
18195    6486  2718  6702  6944
18196    6393  6444  6539  7000
18197    1931  2224  3432  6512
18198    6160  6194  6241  7090
18199    6156  6151  6179  6568
18200     226  5052  5053  6596
18201    1101  6340  6892  6900
18202    6270  6387  6557  6919
18203    1446  2187  2016  5019
18204    3169  3863  6175  6664
18205    4800  1960  1958  6457
18206    1288  6661  6730  7027
18207    2228  4383  4384  6807
18208    4272  2648  6416  6461
18209    3761  3764  6559  6576
18210    6577  6518  6632  7112
18211    1471  5281  6436  6971
18212    5884  3851  6253  6525
18213    5610  6538  6762  6847
18214    3656  6719  6801  6997
18215    6281  6295  6437  6504
18216     875   593  2406  6615
18217    4392    91  1862  6563
18218    2981  5408  7069  7113
18219    4877  4991    48  6832
18220    1745  3895  6969  6989
18221    3576   660  3573  6186
18222    4623  5229  3593  6518
18223    3397  1311  6185  6536
18224    2992  2989  6620  6689
18225    1080  5392  2153  7033
18226    6854  6277  6944  6990
18227    3693  6995  2141  5485
18228    4323   395  6735  6738
18229    6261  6279  6343  6490
18230    3066  6769  6874  7017
18231    5249  5250  1048  6274
18232    4236  2638  4237  6783
18233    3760  3909  2214  6576
18234     584  4353  4341  6326
18235    5025  5024  2018  6264
18236    2140  3693  5484  6340
18237    4447  6358  6425  6873
18238     684   118  6294  6350
18239    2967  2970  6166  6552
18240    1555  3257  6744  6954
18241    6168  6414  6715  6899
18242    1546  3213  3212  6620
18243    6733  6599  6922  7057
18244     755  3958  3226  6787
18245    4186  6506  6746  6827
18246    5403    59  5399  6775
18247     526  3140  3141  6347
18248    6211  6210  6220  6382
18249    1779  1367   371  6975
18250    1526  1070  6166  6226
18251    4874   199  6858  7053
18252     708  3762  5678  6559
18253    2229  3092  3090  6712
18254    1849  4331  1147  6474
18255    1692  5500  5501  6316
18256    1242  2329  3905  6600
18257    4880  1977  4881  6791
18258    3705   686    13  7031
18259    4080  2596  4077  6608
18260     338  3614  6436  6792
18261    4844   626   624  6720
18262    2057   232  6981  6991
18263    3325  4283  2395  6267
18264     767   768  6705  6943
18265    4498  6031   597  6637
18266    2029  4107  4108  6614
18267    1030  5052   226  6596
18268    3103  1514  6483  6582
18269    6429  6287  6646  6717
18270     700  3071   503  6793
18271    2156  3019  6252  6811
18272    2332  6071  6072  7007
18273    4960  2830   977  6646
18274    6300  2920  6509  6523
18275    6151  6222  6359  6465
18276    3255  4033  4032  6566
18277    6336  6166  6525  6552
18278    6208  6442  6862  7056
18279    3399  3401  1307  6524
18280    6129  6107  3661  6521
18281    2434   328  3466  6698
18282     433   434   193  6838
18283    2523  3804  3806  6412
18284    3466  3469  6487  6698
18285    2403  6513  6967  7080
18286    1706  1707  3740  6762
18287    4106  4107   562  6614
18288    5318  3633  6713  7087
18289    6231  6350  6678  7104
18290    4904   202  2812  6612
18291    2556  3948  3947  6877
18292    2358  2359  6190  6560
18293    5187  1039   800  6535
18294    2330  1264  6934  7039
18295    3530  5068  1008  6539
18296     943  2789   942  6399
18297    3488  4915   204  6677
18298    2594  2595  4074  6871
18299    2338   295  2337  6595
18300    1849  5666  4329  6474
18301    2096  4206  4205  6830
18302    3649  3898  6558  6889
18303     565  2597  6446  7027
18304    4639  4649  6542  7093
18305    2583  2582    23  6434
18306    1473  1475  2960  6163
18307    2211  3074  6422  6793
18308      10  1325  2459  6673
18309    6179  6328  6628  6764
18310    1366  2583    23  6434
18311    6422  6332  6860  7105
18312    4356  1580   585  6545
18313    6461  6416  6584  6958
18314    5527  5411   679  6678
18315    6391  6374  6413  6573
18316    2171  2963  2170  5341
18317    2364  3257  6744  6794
18318    4226  1826   818  6580
18319    4393   165  6647  7080
18320     813  4201   814  6688
18321     747  1270  6469  6898
18322    4246   306  4249  6381
18323    3327  4287   310  6745
18324    6021  5912  6456  6808
18325     338  2466  6230  6436
18326    5573  6319  6500  6846
18327     604  3402  6400  6714
18328    5058  2867  1004  6581
18329    1656  5077  6609  6679
18330    6733  6599  6849  6922
18331    5820  1193  6323  6945
18332     282  1215  2285  6358
18333    1607  1608  2420  6270
18334    4989  3516  2009  6467
18335    5771  2249  6907  7114
18336    2502   693  1703  6538
18337    6377  6383  6883  6951
18338    3474  6556  6612  6906
18339    2573  2575   369  7101
18340    2538   358   733  6664
18341     116  1682  2479  6719
18342    6270  4674  6758  6919
18343     313  3347  2403  6513
18344    1719  2516  2518  6999
18345    2661  4323   395  6735
18346     231  6509  6523  6981
18347    6526  2721  6604  6607
18348    6322  6770  6933  7050
18349    6287  6428  6429  6564
18350      39  4478    38  6824
18351    1524  5510  5577  6622
18352    1923  4670  4669  6758
18353    3968  3972  6841  6866
18354    6330  6276  6341  6998
18355    1583  1584  6383  6619
18356    6744  6280  6794  6819
18357    6402  6247  6607  6742
18358    2176  5561  5478  6868
18359    6530  6594  6784  7043
18360     106  6530  6784  7043
18361    5717  1188  6532  6712
18362    6643  6428  6748  6818
18363    3448  1622  6354  6948
18364    1474  1473  6163  7046
18365    4798  1773   937  6697
18366    5120   234   221  6680
18367    1026  3560   106  7043
18368    2768  4962  2770  4771
18369      97  1614  3426  6724
18370    1361  2567  6912  6964
18371     582  6334  6772  7107
18372    4222  1066  1824  6970
18373    6051   170  1880  6826
18374    6347  6303  6369  6720
18375    5038  6495  6722  6895
18376    2993  5442  6139  6656
18377    1087  5413  2480  6973
18378    4075  4928  1990  6871
18379    1012  1013  5097  6507
18380    3058  5633  3059  6507
18381    5097  2881  2035  6507
18382    4394  5776  6430  7114
18383    2881  2880  2035  6507
18384    6352  6194  6705  6984
18385     764  4635  6553  6912
18386    4523  4515  6942  7019
18387     376   788  6614  6730
18388    6386   376  6614  6730
18389    1341   725  2526  7099
18390    5576  5575   496  6622
18391    3988   138  3987  7101
18392     394  1385  6393  6627
18393    5296  5305  6367  6880
18394    4307  2660  3323  6965
18395     449  4982  6319  6622
18396    4297  3322  2659  6627
18397     670  1675  6588  6880
18398    4292  1839  6424  6627
18399    4295  1839  2656  6627
18400    3618   111  5305  6880
18401    1555  6744  6819  6954
18402    5938  3165  4440  6628
18403    4298  1385  2656  6627
18404    3620   669  6623  6880
18405    6290  6161  6424  6627
18406    6603  6642  7080  7117
18407    3173  3175   536  6511
18408    3174  1536   536  6511
18409    3175  3174   536  6511
18410     511  5697  2224  6512
18411     511  3085    67  6512
18412    1616  4730  4729  6512
18413    6310  5033  6732  7081
18414    5696   511  2224  6512
18415    2409  1301  6665  6942
18416    2019  2018  2017  6780
18417    2543  2542  6489  6990
18418    2884  1456  1457  6837
18419    6419  6243  6886  7007
18420    5713  5789  6452  7030
18421    3127  4386  6747  7030
18422    1014  1016  3536  6837
18423    1456  5114   461  6837
18424    2545    19  7034  7092
18425    5345  3636  6822  6929
18426    5646  6554  6763  6835
18427    2878  1014  5099  6837
18428    6348  5127  6431  6546
18429    6243  6396  6935  7007
18430     273  5789  5788  7030
18431    2223  6863  6928  7059
18432    3432   923  4728  6512
18433    1931  3432  1615  6512
18434    5697   923  2224  6512
18435     940   433  4807  6838
18436    4817   193  4820  6838
18437    5696  2224  3770  6512
18438    3430  1931  1615  6512
18439    2224  5698  3770  6512
18440    4955  2442  4956  6646
18441    1291  2381  6825  6926
18442    6766  6733  6833  7048
18443    4126  1006   793  6602
18444    4246  1570  6381  6645
18445    1805  4128   793  6602
18446    1368  4050   372  6516
18447    4050  1368   779  6516
18448    3792  5755  6653  6672
18449    1368  4053   779  6516
18450    2592  1368   372  6516
18451    1784  4050   779  6516
18452    6285  1488  6544  6740
18453    4053  4055   779  6516
18454     718   124  6412  6672
18455    1007  5086   224  6602
18456    1785  1784   779  6516
18457    3375   889  4522  7123
18458    4295  4296  6290  6627
18459    4055  4054   779  6516
18460    6527   718  1722   720
18461     393   394  6290  6627
18462    4101  1800  4100  6602
18463    2290  5940  6628  7079
18464    6281  6188  6468  6966
18465    6299  6358  6380  6873
18466    5112  2036  5105  2037
18467    2659  3322  6334  6627
18468    6637  4498  6939  7108
18469    2885  2030  6431  6602
18470     224  1805   793  6602
18471    3266   559  1286  6911
18472    1800  5059   456  6602
18473    2393   309  6309  6772
18474    6179  2290  6628  7079
18475    1954   976  6644  1998
18476    4296  4295   393  6627
18477    3165   532  5937  6628
18478    1007   224   793  6602
18479    6197  2888  6431  6602
18480    4885  4072   374  6682
18481    1006  1007   793  6602
18482    4128  4126   793  6602
18483    3265  4067  6510  6911
18484    6468  6188  6555  6966
18485    3165  2290  5940  6628
18486    2601  4099  5058  6602
18487     822  6381  6404  6645
18488    3311  3310   151  6645
18489    4128  4131  6308  6602
18490     224  5086  5087  6602
18491     146  2601  2603  6602
18492    6358  6299  6380  7121
18493    1911  4623  4622  6518
18494    4625   417  4627  6518
18495    5227  2918  5224  6518
18496     417  2740  4627  6518
18497    3926  6106   750  6521
18498    6178  6329  6520  6830
18499    2670   845  6690  7059
18500     952  4874  6858  7053
18501    3665  2987   347  6521
18502    3665  2127  5432  6521
18503    1825  1826  6272  6913
18504    1090  5431  2127  6521
18505    6106  2346   750  6521
18506     553  3234  3236  6621
18507    4144   799  6361  6788
18508    3933  3926   750  6521
18509    3665   347  3664  6521
18510    2127  3665  1687  6521
18511    2054  6361  6387  6788
18512    2346  1275  6107  6521
18513    2346  1753   750  6521
18514    2631  2632  2630  6913
18515    5510  5576  5577  6622
18516    1687  3665  3664  6521
18517    6027  6750  6826  6842
18518    3661  1090  2127  6521
18519    1753  2346  6107  6521
18520    1275  2347  6107  6521
18521    6357  6901  7035  7091
18522    4481  6212  6750  6842
18523    3661  2127  1687  6521
18524    1753  6107  6129  6521
18525    5438  3661  1687  6521
18526    3846  3851  5884  6525
18527    3845  3846  2282  6525
18528    3852  3846  5884  6525
18529    2281  5892  2282  6525
18530    4077  1792  1793  6608
18531    2099  5361  3638  6525
18532    2967  5360  2968  6525
18533    3845  5883  3851  6525
18534    5892  3845  2282  6525
18535    2100  1072  2099  6525
18536    5360  1072  2968  6525
18537    2281  5895  5892  6525
18538    4705  4566  6443  6604
18539    5363  2099  3638  6525
18540    1072  2969  2968  6525
18541    5363  2100  2099  6525
18542    6332  6228  6362  6605
18543      25  2598  6446  6608
18544    1957   191  6460  6902
18545      56  5294  6833  7071
18546    6233  6371  6713  6726
18547    3815  5814  6556  7049
18548     304  4116   563  6661
18549     157  4277   831  6652
18550    3984  6352  6640  7028
18551    1218  5920  2697  6861
18552    6409  6444  6814  6908
18553    3284   564  4090  6908
18554    4709  4569  4708  6526
18555    6163  6299  6873  7046
18556    6371  6233  6688  6726
18557    4844   623  3462  6720
18558     441  2808  6378  6700
18559    4708  4569  4705  6526
18560     997  1448  5033  6732
18561    3284  4090  6687  6908
18562     770  4775  3238  6979
18563    4107   788   562  6614
18564    1492  2166   493  6776
18565    5530  1492  3021  6776
18566    5885  6253  6353  6890
18567    6552  6251  6830  6890
18568    6303  6304  6369  6720
18569     589  2682  6589  6650
18570    4853  4854  5857  6720
18571    6181  6231  6654  6776
18572    2743  4633  4634  6953
18573    3879  3881  6854  6990
18574    2537  5884  6253  6890
18575    5079  6348  6386  6614
18576    3604  5295  6781  7106
18577    3553  1660   654  6530
18578    1323  3555   106  6530
18579    6342  6367  6880  7106
18580    1114  3708  1695  6547
18581    3708  5548  6364  6547
18582    3709  1695  1333  6547
18583    6588  6833  5208  5206
18584    6351  6342  6588  7106
18585    6360  6915  6962  7051
18586    5542  3712  6435  6547
18587    4473  1877  6448  6861
18588    6481  4113  6695  6814
18589    5547   494  3023  6547
18590    3598  1040  3600  6781
18591     852   851  6924  7044
18592    6189  6600  6898  6934
18593    2361  1551  6915  7051
18594    1493  6272  6331  6547
18595    3710  3712   494  6547
18596     269  5663  5662  7105
18597    3284  3283   566  6814
18598    2551  3916  6600  6934
18599    1555  4043  4899  6819
18600    4780  1953  6429  6771
18601    4111  3283  6695  6814
18602    5549  1493  6331  6547
18603    1373  4113  6481  6814
18604    3950  3952  1755  6789
18605    6649  6660  6703  6779
18606    6221  6207  6390  6595
18607    6701  6280  6744  6819
18608    1803  6481  6539  6814
18609    4043  4914  3490  6819
18610     494  5542  6435  6547
18611    6649  6488  6660  6779
18612    6530  3553  6813  7050
18613    2778  2775  6644  6771
18614    1459  2893  2891  6770
18615    6471   887  6598  7089
18616      58  2982   480  6613
18617     202   961  2812  6612
18618     114  1681  6529  6889
18619    1184  5784  2254  6840
18620     698    14  1709  7094
18621    6399  6344  6483  6612
18622    4137  2049  4136  7010
18623    2576  1767  6962  6979
18624    1542  3190  6613  6989
18625    2328  6056  6055  7056
18626    2839   448  6176  6875
18627    3017  3015  6500  6777
18628    6524  6271  6955  7112
18629    6068  2331  6250  6934
18630    6189  6250  6320  6934
18631     225  5143  1458  6770
18632    6154  6173  6231  6654
18633    4164  4167  6599  6957
18634    3284  1797  3285  6687
18635    1208  5506  2149  6777
18636    3293  1289  1564  6957
18637    4745   912  4746  7086
18638    1515  5467   155  6840
18639    1227  3864  6185  6664
18640    6148  6150  6178  7042
18641    6495  6168  6502  6657
18642    6961  3750  2204  3749
18643    5969  5968  1238  6774
18644    2042  5139  5138  7043
18645    6233  6178  6356  6704
18646     334  3531  6450  6679
18647    4429  2684  5834  6740
18648    5402  5403  5399  6775
18649    2831  4957  4958  6657
18650    5401  5402  5399  6775
18651    2894  1458  5141  6770
18652     114  5401  5400  6775
18653    6154  6231  6649  6654
18654    2996   487  6610  6611
18655    4956  4955  6646  6722
18656    3651  5403  2478  6775
18657    6598  6471  6390  6305
18658    1349   360    19  6990
18659    5403  5402  2478  6775
18660    3416  6557  6887  6919
18661    1216  3157  6438  6704
18662     575  3299   804  6540
18663     804  4159  1812  6540
18664    6310  5025  6684  7077
18665    3384  4565  6742  6866
18666    6607  3384  6742  6866
18667     973   633  6384  6708
18668    6626  6170  6694  6708
18669     354  3766  3763  6541
18670    4231  4232  2636  6783
18671    1901  1902   599  6742
18672    2008  4837  5577  6622
18673     754  2563  1360  6632
18674    1358  1360  1359  6632
18675     753  4617  4619  6632
18676    3652   480  7066  7113
18677    1359  1360  6470  6632
18678    1360  2563  6470  6632
18679    6607   599  6702  6742
18680    2559  3949  4564  6742
18681    6488  6551  6783  7026
18682    2443  2448  2447  6869
18683     763  3968  3971  6866
18684    4069  1790  6694  6708
18685    6510  6626  6694  6708
18686    3953  1901  3383  6742
18687    6269  6191  6570  6594
18688    2838  2836  6585  6622
18689    2570   139  4754  6633
18690     785  4075   144  6636
18691    3211  6105  6521  7038
18692    6324  6225  6992  7036
18693    4572  4565   899  6866
18694    1643   638  2444  6869
18695    1647   643  1646  6869
18696    1896  4528  6565  7026
18697    6250  6221  6898  6934
18698    6671   780  4941  6708
18699    4575  3980  6357  7091
18700    3956  3959  6300  6632
18701    5835  4429  5836  6549
18702    3465   950  6753  6791
18703     510  3083  6541  6741
18704    6242  6312  6926  6985
18705    1562   570  2376  6737
18706    6188  6202  6203  6768
18707    6257  6263  6360  6768
18708    1997   974  4942  6643
18709    5835  5836  2262  6549
18710    1869  2262  4428  6549
18711    5836  4429  5834  6549
18712     899  4565  3384  6866
18713    2262  5836  2264  6549
18714    6298  6149  6395  6737
18715    6298  6494  6540  6737
18716    2705   407  4524  6551
18717    2706  4527   407  6551
18718    2705   175  4520  6551
18719    6194  6259  6352  6640
18720    4920  3455  3481  6760
18721    2941  5599  2944  6971
18722    2049  3581  1031  7010
18723    2957  2958  2088  6569
18724    6322  6482  6778  7043
18725     407  4525  4524  6551
18726    1256  1257  6939  6987
18727     890  4518  2705  6551
18728    4527  6097   407  6551
18729    4518   175  2705  6551
18730    6173  6181  6654  6706
18731    2944  5599  1059  6971
18732    2367  4034  6759  6954
18733    1255  2317  6456  6987
18734    4526  4525   407  6551
18735    3633   239  6815  6927
18736    2329  6062  3905  6600
18737    6097  6100   407  6551
18738    1519  5790  6452  7058
18739     259  4328   237  6971
18740    6161  6393  6444  6965
18741    4741  1939  4632  6640
18742    3814  3131  5804  7049
18743    6023  6024  1255  6987
18744    6939  6456  6972  6987
18745    6100  4526   407  6551
18746    4154   803   802  6981
18747    4714  4574  6651  7091
18748    1415  6186  6758  6899
18749    4880  4881  6447  6791
18750    6438  6150  6618  6987
18751     908  4618  6577  7021
18752    4637   418  1412  6553
18753    3751    15  6763  7094
18754    6744  6743  6759  6954
18755    3260   777  3261  6954
18756    1412   418  1413  6553
18757    6874  1139  7017  7094
18758    4036  3255  6566  6954
18759    4035  6566  6759  6954
18760    6256  6170  6302  6694
18761    1222  6179  6628  6764
18762    1222  4442  3875  6764
18763    4443  1591  3353  6764
18764    6493  6338  6494  7088
18765    1643  1644   638  6917
18766     151   152  6645  6709
18767    6280  6962  6681  6360
18768    4066  4065  6729  7018
18769    4978  4976  4974  6917
18770    1591  4444  6328  6764
18771    1222  2291  6179  6764
18772      81  3239  6572  6962
18773    4443  4444  1591  6764
18774    1229  4451  6568  6764
18775    3154  4439  6358  6873
18776    6210  6176  6382  6846
18777    2551  6063  1266  6934
18778    2653  4287   392  6920
18779    2180  2179  6533  6846
18780    1551    81  6915  6962
18781    6308   456  6581  6980
18782    4469   404  6476  7023
18783     302  1286  6911  7018
18784    4975  4978  4974  6917
18785    1644  4978  3509  6917
18786    3239   770  3238  6962
18787    6325  6222  6402  6692
18788    5325  2959  4197  6963
18789    2891  2044  1458  6770
18790    6065  1543  6617  6934
18791    6280  6257  6286  6962
18792    1767  3242  3998  6962
18793    1243  4464  5977  7023
18794    4937  2823  2849  7077
18795     609  3416  1610  6919
18796     682  3669  6685  6976
18797     915  4648  4647  6756
18798    3269  1557  2367  6743
18799    3242    81  1551  6962
18800     193  3453  4816  6760
18801    4757  1944  6478  6572
18802    2895  5146  1459  6770
18803    2185  5586  6810  7052
18804     638  3509  6869  6917
18805    5025  2850  2848  7077
18806    4976  1644  4849  6917
18807    6490  3526  6727  6980
18808    1437  1436   443  6839
18809    4152  6223  6225  6790
18810    6595  6571  6835  6878
18811    6322  6215  6410  6594
18812    5050  1653  6804  6980
18813     543  5917  6808  6876
18814    2442  3498  3501  6564
18815    1319  3498  2440  6564
18816    4956  2442  3501  6564
18817    1739  1741  6489  6952
18818    4529  6096  4528  6565
18819    2458  3555  6546  6784
18820    1829  4231  2633  6565
18821    4527  1896  6095  6565
18822    4527  6095  6098  6565
18823    6661  6410  6730  7027
18824    2344  6095  6096  6565
18825     176  4528   892  6565
18826       1  2369  6908  7027
18827     176  4529  4528  6565
18828    4230   150  1829  6565
18829    4230  1829  5425  6565
18830    2142  1117  6696  6864
18831    1456  2884  2883  6837
18832    1829  2633  5426  6565
18833    3561  1026  3559  6784
18834     848  2671  6619  6690
18835    6097  4527  6098  6565
18836    6095  2344  6098  6565
18837    6180  6266  6340  6892
18838    1829  5426  5425  6565
18839    4529   296  6096  6565
18840     150  4230   820  6565
18841    5566   691  6696  6864
18842    4086  5037  6293  7081
18843    6332  6723  6853  7044
18844    6454  6207  6505  6924
18845    2477  5340  3636  6929
18846     296  2344  6096  6565
18847    6266  6180  6335  6892
18848    6422  5661  6505  7044
18849     297  4529   176  6565
18850    4230  5425  5424  6565
18851    5426  2988  5425  6565
18852     296  4529   297  6565
18853    6546  6158  6680  6784
18854    4230  5423   820  6565
18855    6419  6221  7060  7122
18856    2992  2988  5426  6565
18857    1817  4178  6578  7098
18858    6325  6616  6949  7008
18859    3214  2344   296  6565
18860    5661  4371  6505  7044
18861    4631  4633  1763  6953
18862     893   297   176  6565
18863    5423  4230  5424  6565
18864    5425   485  5424  6565
18865    5423  4228   820  6565
18866    2988   485  5425  6565
18867    5931  3163  5932  6569
18868    6183  6423  6734  7047
18869    1474  5328  2958  6569
18870     387  6575  6913  7047
18871    2631   387  6913  7047
18872    4595  3224  3223  6629
18873    3068  3070  6835  6961
18874    6172  6177  6577  6629
18875    5930  3163  5931  6569
18876    2958  5324  2088  6569
18877    4213   386  4209  7047
18878    3224  3944  6174  6629
18879    5324  5323  2088  6569
18880    2088  5323  3626  6569
18881    4443  4442   867  6764
18882    3875  4443  5941  6764
18883    1710  3755  2207  6571
18884    3754  1146  3755  6571
18885    6735  6182  6738  6879
18886    1579  3330    90  6879
18887    3875  5941   129  6764
18888     812  5327  4197  6963
18889    4169  1814  1813  6849
18890    2983  2117  3656  6703
18891    3125  6543   520  3126
18892    6849  1814  6922  7110
18893     382  4171  6733  6849
18894     637  2443  3511  6994
18895    2260   277  3821  6761
18896    3124  6676  7003  7058
18897    6287  6574  6717  6816
18898    6192  6549  6740  6888
18899    1780  6391  6743  6759
18900    1386   841  2661  6718
18901    2585  6418  6638  6806
18902    2263  3138  2533  6716
18903    3139  5843  2264  6716
18904    4420  1868  1183  6888
18905    4761  4762  1617  6574
18906    2684  2685  6740  6888
18907    1386  1846  2662  6718
18908    2266  3687  3688  6716
18909    3138  2262  2264  6716
18910    2685    36  2686  6888
18911    6167  6189  6489  6757
18912     841  1386  2662  6718
18913     817  1826  6913  7020
18914    4430  1870   167  6888
18915    3964  3229  6542  7040
18916    4324   840   841  6718
18917    6506  4182  6746  6817
18918    5674  3761  2214  6576
18919    3252  3253  6905  6984
18920    6905  3253  6943  6984
18921    1573  3325  6334  6983
18922    2341  3911   745  6576
18923    1509  2214  2215  6576
18924    6424  6161  6800  6983
18925    6712   512    68  3091
18926    3761  3760  2214  6576
18927    4297  6334  6627  6983
18928    3911  3909   745  6576
18929    6267  6161  6334  6983
18930     745  6559  3909  6083
18931    5478  5477  2135  6579
18932    6512  6337  6724  7029
18933    4836  1524  4837  6585
18934    4367  6292  6515  6619
18935    6236  3118  6333  6897
18936    6245  6692  6755  6881
18937     468  2910  2747  7036
18938    2724   412  2723  6901
18939    4836  4839  2274  6585
18940    5887  3857  6251  6587
18941    3635  2475  1679  6625
18942    2556  3951  6877  6881
18943    2444  2443  6795  6869
18944     239  6815  6927  7071
18945    4375  1583  6383  6619
18946    4725  4718  6651  6705
18947    2468   340  2469  6623
18948    1487  5487  6544  6893
18949    3699  5498  6533  6995
18950    3135  1195  5827  7064
18951    3859  1733  5908  6587
18952    6178  6336  6438  6587
18953    3336  1583  1582  6619
18954    5489  1487  6544  6893
18955    1513   510  6631  6865
18956     127  5907  5908  6587
18957    5557  2173   843  6580
18958    5331  4226   819  6580
18959    5556  3024  2173  6580
18960    2173  2174   843  6580
18961    4824  4826   323  6582
18962     162   853  6383  6951
18963    6231  6678  6973  7104
18964    3459  1626  2432  6582
18965    1966  4827  4826  6582
18966    1626  3460  2432  6582
18967     323  4826  4825  6582
18968    5411  2162  1086  7104
18969    2116  5528  2160  7104
18970    1894   891  4522  7019
18971    6416  6663  6706  6904
18972     768  3989  3991  6943
18973    2719  2413  2718  6944
18974     391  4272  6416  6904
18975    1895   891  1894  7019
18976    6583  6641  6706  6904
18977    2719  2718   896  6944
18978    3381  3382  1306  6944
18979    1710   700  6793  7013
18980    2121   481  6821  6904
18981    2655  4287  2653  6920
18982     481  4264  6802  6904
18983    3922   748  6829  6845
18984    6444  6410  6609  6661
18985    2680  1587  4402  6650
18986    4777  1620  6872  7111
18987    2164  4284  4278  6652
18988    1246  5995  6396  7092
18989    3773  3772  6368  6707
18990    5499  5570  2148  6846
18991    6365  6158  6421  6655
18992    1305  6277  6767  6944
18993    4417  5776   721  6885
18994    4075  1990  4074  6871
18995    4169  2618  2617  6849
18996    1814  4169  6809  6849
18997    6192  6180  6642  6885
18998     869  4451  6764  6834
18999    1909   184  6400  6714
19000    1930  4697  6415  7029
19001    3111  3109   515  6685
19002    3949  2559  2560  7076
19003    5292  2946  7071  7098
19004    4528   408   892  7026
19005    5782  3800  6236  6885
19006    6457  1958  6460  6909
19007    3071   503  6793  7013
19008    3795  3804  6412  6653
19009    4565  3383  3384  6742
19010    1265   546  6056  7056
19011     305   304     1  6661
19012    4167   382  2616  6849
19013    4075  6636  5021  6871
19014    4453  4457  6465  6834
19015      83  1561  6410  6661
19016    2482  1080  5394  7033
19017     704  6693  6699  7013
19018    6410  1561  6609  6661
19019     701  3071   700  7013
19020    6159  6180  6213  6885
19021    5694  2223  3084  6928
19022    6191  6444  6847  7107
19023    6209  6432  6876  7042
19024    1209  3142    75  6585
19025    2475  3634  1679  6625
19026    3655  1087  2480  6973
19027    6432  6728  6826  6876
19028    1322  2450   332  6727
19029    3359  3357  6359  6949
19030    3929  2349   264  6916
19031    3035  1118  3034  6868
19032    4569  4568  4566  6604
19033    3378   595  1598  6590
19034    1930  6349  6415  6851
19035    6939  1257  6969  6987
19036    4518   890   596  6590
19037    1598  4516   596  6590
19038    4516   175   596  6590
19039    1257  1256  3892  6987
19040     595  1885  1598  6590
19041    6418  6434  6504  6638
19042     175  4518   596  6590
19043    3096  3098  1956  6638
19044    6202  6229  6504  6638
19045    4795  2781  2584  6638
19046    3098  3100  6457  6638
19047    6457  6229  6460  6638
19048      69  6418  6504  6638
19049    4026  1774  6418  6638
19050    6293  6279  6581  6804
19051    2651  2654  2653  6920
19052    3905  3906  1748  6600
19053     209  6477  4109  6823
19054    2302  5981  6782  6859
19055     572  4156  3294  6591
19056    3822  2524  6945  7049
19057    4042  4880  6447  6791
19058    6279  6261  6581  6804
19059    1240  1241   538  6914
19060    6447  1978  6562  6791
19061    4041  4042  6397  6791
19062    1026  3558  3559  6784
19063     153   154  1832  6786
19064    6360  6280  6372  6681
19065    4438  5899  6226  6963
19066     336  2458  6546  6784
19067    6280  6286  6516  6681
19068    1383  2639    30  6786
19069    2390   580  1295  6998
19070    6360  6372  6635  6681
19071    5900   812  6226  6963
19072    6358  6299  6425  6873
19073    6158  6594  6680  6784
19074    6660  5410  6703  6779
19075    5456  2487  3671  6785
19076    2487  2486  2483  6785
19077    6508  6422  2210  6505
19078    3755  6508  6571  6793
19079     154   153  4245  6786
19080    1710   701   700  7013
19081    4249  4254  1832  6786
19082    3305  6520  6825  6978
19083    3684  1332  3689  6597
19084    5456  5455  6550  6785
19085    5455  3672  6404  6785
19086    3635  6822  6929  6978
19087     100  3437  6429  6717
19088    4236  4237  4239  6779
19089    1617  1946  6574  6717
19090    1301  3367  1596  6598
19091    2380  6926  6985  1291
19092    6503  6711  6938  6947
19093    6194  6162  6224  7090
19094    1451  2868  5064  7000
19095    4270  2647  6584  6958
19096    4223   816  1824  6734
19097    2093   816  4223  6734
19098    6209  6637  6666  6850
19099     805  1378  1377  6599
19100    4164  2616  4168  6599
19101      31  2645  6416  6958
19102    6397  6196  6753  6791
19103    6836  6238  6863  7116
19104    6311  6180  6416  6958
19105    2669    33  6515  7116
19106    6374  6196  6397  6791
19107     825   156  4261  7012
19108    1159  4358  6836  7116
19109    6214  6191  6570  6738
19110    6485  6515  2669  6437
19111    3118  3117  6882  6897
19112    6182  6191  6214  6738
19113     840  4323  6718  6738
19114    4763  1945  1923  6758
19115    6043  2326  6613  7069
19116    5940  6265  6628  7079
19117    6179  6156  6664  7079
19118    4809   192  4812  6601
19119    3599  1326  6634  7097
19120    2541  2291  3874  7079
19121    4003  4002   772  6601
19122    4003  2785  4811  6601
19123    6179  6156  7079  7096
19124    4883  4064  6592  6682
19125    4050  1784   372  6601
19126    3872  2290  3873  7079
19127    4925  2815  4049  6601
19128    5033  1448   213  7081
19129     968  4925  1783  6601
19130    2785   192  4811  6601
19131    2785  4003  4810  6601
19132     818  2942  6580  7020
19133     858   165  3352  7080
19134     968  1783  4927  6601
19135    6177  6634  6923  7097
19136    2815  2817  4049  6601
19137     967  4925   968  6601
19138     192  2785  2786  6601
19139    2815  4925   967  6601
19140    1006  1800  1007  6602
19141    5086  1007  4101  6602
19142    5086  4101  2030  6602
19143     224  2040  2885  6602
19144    4217  6734  6825  6926
19145    5087  5086  2030  6602
19146     699  2210  6508  6793
19147    3465  1629  6791  6931
19148     564  4089  4090  6908
19149    1390  1389    33  7116
19150    5762  1175  3077  6605
19151    5919  1219  6808  6861
19152    3075  3077  5657  6605
19153    4474  1878  1877  6861
19154    3789   123  2515  6909
19155    4894    73  6323  6700
19156    6378   959  6566  6700
19157    6567  5919  6728  6861
19158    3078  3075  5657  6605
19159    3075  3073  3077  6605
19160    3073  5656  3077  6605
19161    4913  4829  6399  6760
19162      73  5826  6323  6700
19163     620  3449  6354  6760
19164    5826  5824  6323  6700
19165     959  4029  6566  6700
19166    1436  1437   442  6839
19167    4070  4067  6510  6694
19168    2684  4429  6549  6740
19169    6301  6886  6982  7060
19170    6723  6377  6951  7074
19171    3643  3641  6811  6929
19172    6419   741  6886  7060
19173     742  6419  6600  7060
19174     780  6671  4941  1789
19175     400  2672  6951  7074
19176    6057  3194  6617  7056
19177    6164  5345  6822  6929
19178    6433  3032  6462  6864
19179     546  1265  6320  7056
19180    6492  6339  6696  6864
19181    3636  5340  6822  6929
19182    6247  6526  6607  6901
19183    6433  6339  6492  6864
19184     595  1885  6590  6637
19185    2596  4078  4077  6608
19186    1821    28  6548  6688
19187    2627   384  6548  6688
19188    5076  1561  4117  6609
19189    3279  5077  4108  6609
19190    3279  1561  5076  6609
19191    5653  5652  6763  6835
19192    4633  4634  6953  7086
19193    4422  4421  2683  6662
19194    6254  6258  6411  6615
19195    4744   912   186  7086
19196    3348  4425  3349  6662
19197    1915  4631  6259  7086
19198    2855  5042  4963  6657
19199    1282  6134  6132  6610
19200    1282  3936  3937  6610
19201    1282  6136  6135  6610
19202    3663  5441  1094  6610
19203    5441  3662   487  6610
19204    1686  1094  1093  6610
19205    6322  6249  6482  6797
19206     569  4137  3289  6659
19207    2835  6414  6646  6657
19208    3936  1282  6132  6610
19209    1282  3937  6130  6610
19210    3936   750  3937  6610
19211    3663  1094  1686  6610
19212    6136  1282  1283  6610
19213    3663  2485  5441  6610
19214    2485  3662  5441  6610
19215    3662  2996   487  6610
19216    2128  1686  1093  6610
19217    2857  2855   454  6657
19218     454  5040  6502  6657
19219    3653  3652   480  7066
19220    3799  2250  5774  7114
19221    6703  6649  6779  6997
19222    1282  6130  1283  6610
19223     750  1753  3937  6610
19224    3937  1753  6130  6610
19225    3664  3663  1686  6610
19226    1184   518  3121  6840
19227     347  2485  3663  6610
19228    5657  5764  6605  6907
19229    5786   155  4431  6840
19230    2128  5438  1686  6610
19231    1413   419  6517  7086
19232    1687  3664  1686  6610
19233    1753  6129  6130  6610
19234    3664   347  3663  6610
19235    2982    58    59  6613
19236    3192  2326  1542  6613
19237    5438  1687  1686  6610
19238    6054  6051  1880  6658
19239    6382  6210  6533  6696
19240    1342  2531  6355  7016
19241    6718  4323  6735  6738
19242    2855  4958   999  6657
19243    4574  6651  6901  7070
19244    2722  1904  6607  6901
19245    3681  1101  6340  6892
19246    3521   645  6343  6732
19247     212   996  5030  6732
19248    3520   997  5031  6732
19249     493  2166  6181  6776
19250    6332  6670  6799  7105
19251      58  1479    59  6613
19252    3190  6034  6035  6613
19253    1919  3407  6798  7067
19254    6321  6555  6752  7070
19255    3192    59  2326  6613
19256    1661   221  3559  6784
19257    6660  6583  6802  7012
19258    7070  4712  4708  4711
19259    6660  4261  6998  7012
19260     156  4263  4261  7012
19261    5027   996  6310  6732
19262     996  5026  6315  6732
19263    3703  6350  6364  6776
19264     759  3965  2562  7067
19265    5536  1112  6364  6776
19266    1479  1085    59  6613
19267    4708  4709  6526  7070
19268    3558   655  3559  6784
19269    2326    59  3193  6043
19270    1611  3421  6443  7082
19271    3555   336   655  6784
19272    5765  1177  2247  6860
19273    5480  3677  6335  6892
19274    5480  1101  3681  6892
19275    1492  5536  2167  6776
19276    6776  2160  5530  2161
19277    3561  1020  5253  6784
19278    6310  6315  6498  6732
19279    1026  3561  6778  6784
19280     279  3011  3013  6777
19281    2986  2988  2992  6620
19282    5709  4384  6670  6807
19283    1481  5431  5429  6620
19284     484  2988  2986  6620
19285    3213  1275  3212  6620
19286    3209  6100  6097  6620
19287    6600  6189  6757  7039
19288    1481  2991  2990  6620
19289    3032  6433  6492  6864
19290    5431  1481  5432  6620
19291    5431  1090  5429  6620
19292    5429  5428   484  6620
19293    1546   549  3213  6620
19294    5429  1090  5428  6620
19295    6104  1275  3213  6620
19296    1275  6105  3212  6620
19297    2344   549  1546  6620
19298     549  6104  3213  6620
19299     485  2988   484  6620
19300    2347  1275  6104  6620
19301     549  2344  3214  6620
19302     984  2007  2838  6622
19303    2007   449  2838  6622
19304     984  2006  2007  6622
19305    6622  3040  5579  3039
19306    5576  2181  5577  6622
19307    2181  5579  3039  6622
19308    2838   448  2836  6622
19309    4972   449  2007  6622
19310     449  2837  2838  6622
19311    2006  4972  2007  6622
19312    5579  6319  3040  6622
19313    2181  5578  5577  6622
19314    2008  2006  4837  6622
19315    2838  2837   448  6622
19316    4972  4982   449  6622
19317    4972  2006  4971  6622
19318    2006  2008  4971  6622
19319    1330   342  2475  6625
19320    1672  3608  6291  6930
19321    3605  5267  6230  6930
19322    6656  3067  6769  6831
19323    6531  6656  6769  6831
19324    4087  4091  6687  6823
19325    6291  6214  6827  6930
19326    3605  3608  1056  6930
19327    3987  2570  6352  7101
19328    6561  4087  6687  6823
19329    3589  5204  6803  6921
19330    2483   680  6611  6831
19331    3108  3067  6656  6831
19332    6409  6687  6695  6823
19333    6641  6652  6663  6812
19334     486   516  5753  6831
19335    2994  5449   486  6831
19336     680  2996  6611  6831
19337    5434   248  1092  6709
19338    6176   448  6319  6875
19339      34  6723  6853  7074
19340    2797  4847  6698  6875
19341    4955  4957  6646  6722
19342    6412  6278  6527  6672
19343     248  4235  6675  6709
19344    3814  1191  3812  7049
19345    6464  6409  6674  6695
19346    4933  4069   783  6694
19347    6404  6475  6709  6314
19348    6280  6516  6626  7054
19349    2595   144  4074  6871
19350    5182  2054  6387  6788
19351    6305  6554  6845  7022
19352    1910  4614   908  6629
19353    4787  1955   190  7078
19354     607  4594  4595  6629
19355    3224  4594  3944  6629
19356    1174  5761  6699  6956
19357    5182  4144  2054  6788
19358    6260  5178  6387  6788
19359    3317  3315    88  6630
19360    2356  2359  6621  6787
19361    5964  1235   413  6755
19362    3317    88  1571  6630
19363    1416  1417  2755  6631
19364    5688  1153  2221  6631
19365     709  3082  5687  6631
19366    3766   709  3763  6631
19367    1417  4690  2752  6631
19368    1418  1416  2755  6631
19369    1416  4694  1417  6631
19370    4699  2755  2752  6631
19371    1153  3082  2221  6631
19372    5688  1154  1153  6631
19373    1418  2755  4699  6631
19374    3082   510  5687  6631
19375    3763   709  5687  6631
19376    4694  4539  1417  6631
19377    4539  4690  1417  6631
19378    2752  4690  4537  6631
19379    2753  4694  1416  6631
19380    4691  4699  2752  6631
19381    5689  3082  1153  6631
19382     510  3082  1513  6631
19383    3082   509  1513  6631
19384    1418  4699  4700  6631
19385    4690  4539  4537  6631
19386    4689  2752  4537  6631
19387    5689   509  3082  6631
19388    1927  4691  2752  6631
19389    4539  4538  4537  6631
19390    1927  2752  4689  6631
19391    6284  6097  6551  7038
19392    3588  1327  3587  6634
19393    3599  1326  1328  6634
19394    6430  5776  6642  6885
19395    2463  2462  1326  6634
19396    1667  3588  3587  6634
19397     616  1620  1621  6857
19398    2823  2821  2848  7077
19399    6494  6599  6849  7115
19400     166  1868  6736  6885
19401    3587  6509  1667  6634
19402    5209  5208  6588  7106
19403    2717  1408  6486  6782
19404    4097  3271  1559  6937
19405     444  4938  6315  7077
19406    3902   676  6248  6889
19407    6159  6213  6236  6885
19408    3342   850  6723  6924
19409    4563  2718  6702  6782
19410    6228  6159  6430  6885
19411    3076  6422  6605  6860
19412    4886  1979  4996  6636
19413    1238   535  6511  6774
19414    4886  4999  4997  6636
19415    1004  5050  6804  6980
19416    1602  4622  6714  7112
19417    4997  4998   785  6636
19418    4998  5021   785  6636
19419    6286  6478  6857  6872
19420    2904   466  4684  6683
19421    1979  1980  4996  6636
19422    4999  4886  4996  6636
19423     562   788   376  6730
19424    4999  5000  4997  6636
19425    6545  6606  7055  7122
19426    5000  4998  4997  6636
19427    5481  3007    63  6900
19428    1764  3983  4578  6640
19429    6543  1190  6676  7109
19430    1598   597  4516  6637
19431    6151  6389  6568  7083
19432    6277  6167  6415  6851
19433    1885  4496  1598  6637
19434    6277  6449  6767  6851
19435    2358  3232  6560  6877
19436    5738  5800   717  6667
19437    4630  1764  4578  6640
19438    6337  6415  6724  7029
19439    3812  1191  1163  6667
19440    6259  4742  6352  6640
19441    4884  1979  6682  6910
19442     602  3390  6767  6851
19443    6407  6374  6496  6910
19444     477  1079  6558  7033
19445    3093  1188  5716  6712
19446    6167  6321  6415  6851
19447    6031  4517   597  6639
19448     391   826  6904  7012
19449    5480  3681   117  6892
19450     689  3714  6696  6940
19451    6266  3681  6340  6892
19452    3716  3717  6382  6940
19453    6269  6421  6680  6959
19454     565  6446  6908  7027
19455     175  1893  4520  6639
19456     597   175  4516  6639
19457     349  3727  1334  6940
19458    6446  6392  6908  7027
19459    4521  6042  6891  7026
19460    3123  1188  1517  7058
19461     520  3125  1519  7058
19462    6154  6153  6193  6641
19463    6154  6193  6345  6641
19464    3998  3242  2579  7051
19465    5139  1027  5138  7043
19466    1026  3558  6784  7043
19467    1027  3560  5138  7043
19468    3556   106  1027  7043
19469      93  4395   592  6642
19470     592   166  1867  6642
19471    6490  6279  6732  7081
19472    4393    93  3352  6642
19473    6553  6224  6953  7086
19474    1448  5033  6310  7081
19475      93  4393  4395  6642
19476    4395  4394   592  6642
19477    2842  5004  6823  7100
19478     805  1378  6599  7115
19479    1566  2379  2378  6668
19480    3746  6127  6916  7075
19481    6462  6339  6864  6968
19482    6783  6891  7026  7069
19483     950  4868  6397  6791
19484    4395  4393  2251  6642
19485    4394  4395  2251  6642
19486    4394  5776   592  6642
19487     743  3908  6559  6886
19488     846  6836  6863  7116
19489     142  4043  3256  6819
19490    4424  1396  6549  6736
19491     207  4055  1996  6643
19492    4141  3300   796  6918
19493    6279  6293  6440  7081
19494    6561   450  6832  6910
19495    4055   974  4054  6643
19496    3492   207   973  6643
19497    6427  6395  6737  6957
19498    2830  4961   977  6646
19499    3257  2364  3256  6819
19500    6278  6412  6653  6672
19501    2442  2829  4960  6646
19502    3311  3312   577  6645
19503     142  3256  3258  6819
19504    2775  2779  4789  6644
19505     446  2825  1442  6644
19506    6518  4617  6632  7112
19507    1442  2825  1999  6644
19508     359  3873  2541  7079
19509     974  4946  4054  6644
19510    2512   354  6707  7073
19511    3404  3403  6955  7112
19512    2778  2775  4789  6644
19513    2825   446  1443  6644
19514    4622  6518  6714  7112
19515     989  1645  6477  7100
19516    6265  6179  7079  7096
19517    2952  6227  6896  7096
19518    5034  5033   213  7081
19519    1999   976  6644  2825
19520     590  2403   857  7080
19521     309  1577  6309  6772
19522    6195  6196  6573  6848
19523    1574  1576  1575  6772
19524    1716  3775  6606  7073
19525    6358  6163  6380  6873
19526    3862   359  1735  7079
19527     976  4789   190  6644
19528    1999   976  1998  6644
19529    6191  6267  6334  6772
19530    2680  1865  6650  6848
19531    1576  1574  1577  6772
19532     309  1576  1577  6772
19533    6342  6367  6623  6880
19534    3874  2291  6764  7079
19535    5267  3605  2068  6930
19536    3227  2358  6190  6877
19537     368   756  1357  6820
19538    2985  1088  2119  6802
19539    2453  3539  2452  6655
19540    5440  2993  6135  6656
19541     481  1088  2985  6802
19542     222  5120   221  6680
19543    5913  3157  6501  6704
19544    6276  6209  6488  7042
19545    6160  6153  6171  7042
19546    6059  1240  1264  7039
19547    6141  6139  1095  6656
19548    6178  6336  6356  6704
19549    6304  3141  6369  6720
19550    1732  1731  6356  6704
19551      18  2534  6356  6704
19552     623  2271  3837  6720
19553    6139  5442  1095  6656
19554    6269  6365  6421  6655
19555    6354  6344  6697  6844
19556    6336    18  6356  6704
19557    4854  1628  6347  6720
19558    6233  6358  6425  6704
19559    3859  3858  6587  6704
19560    3858  3859  2535  6704
19561    1732  2534   731  6704
19562    5859  4853  5857  6720
19563    5098  3537  2452  6655
19564    3853  3855  6501  6704
19565    6358  1731  6425  6704
19566     728  1972  4843  6720
19567    4116  1802  6609  6661
19568    5051   455  6451  6727
19569     727  5860  3835  6720
19570    1216  6438  6501  6704
19571    3858    18  6336  6704
19572    2271   623  5859  6720
19573     814  6166  6226  6688
19574       1   563  3278  6661
19575    6363  6327  6929  6941
19576    5860  2272  1207  6720
19577    4114  4115  1802  6661
19578    1716  5692  5693  6928
19579    1731  3853  6425  6704
19580    4117  4116  6609  6661
19581     356  2533  6716  7016
19582    1046  2925  6400  6714
19583    5766  5767  6670  6799
19584    3021  5533  5529  6654
19585    6052  3175  6862  7056
19586    2940  1471  6436  6971
19587    3841  1209  6355  6777
19588    3015  5502  6316  6777
19589    5417  6802  2119  5418
19590    6450  3530  6539  6679
19591    2672  4370    34  7074
19592    5677  3773  6368  6707
19593    3428  4011  6468  6905
19594    2396   587  3342  7074
19595     120  1338  2512  6707
19596    6179  6156  6568  6664
19597    5417  6660  6703  6802
19598    6175  6156  6283  6664
19599    3067  5639  5637  6656
19600    5637  5636  5638  6656
19601      80  6134    79  6656
19602    6133    80   550  6656
19603     324     7   327  7024
19604     487  1482  1483  6656
19605    5635  5637  5638  6656
19606      80    79   551  6656
19607    5445  1482  2994  6656
19608     199   953  4876  6832
19609    6644  4779  7095  7111
19610    3108  3067  5637  6656
19611      80  6137   550  6656
19612    2330  6062  6600  6934
19613      80  6133  6134  6656
19614      79  6134  6135  6656
19615    1482  5445  1483  6656
19616    2593  4051  1786  7054
19617    5440   487  1483  6656
19618      14  1712  2506  7094
19619    1603  3407  1604  6798
19620    6320  6065  6617  6934
19621    6137    80   551  6656
19622    3407  1603  1919  6798
19623    3965   759  4651  7067
19624    1483  5445  1095  6656
19625    2993  5440  1483  6656
19626     551    79  3222  6656
19627     225  2044  5144  6770
19628    1080  2108  5394  7033
19629    3407  4649  6317  7067
19630    6136    79  6135  6656
19631    5442  1483  1095  6656
19632    5442  2993  1483  6656
19633    1597  4492  6522  7089
19634      79  6141  3222  6656
19635      79  6136  6139  6656
19636    4492  3366  6522  7089
19637    6141    79  6139  6656
19638    6063  6066  1266  6934
19639    3157  1216  6501  6704
19640    6938  6503  6947  6999
19641    5421  4274  1089  6663
19642    2124  1089  4273  6663
19643    4016  4017  6902  6905
19644    4277  4274  5534  6663
19645    1089  4274  5470  6663
19646    4273  6461  1837  4272
19647    4274   157  5470  6663
19648     157  4275  5470  6663
19649    4275  5471  5470  6663
19650    4275  5558  5471  6663
19651    6197  6386  6530  6813
19652    6555  6241  7028  7091
19653    5471  1089  5470  6663
19654    1837  6663  4273  1089
19655    6149  6574  6887  6919
19656    3175  6439  6862  7056
19657    1837  1089  5471  6663
19658    3864  1227   358  6664
19659    3376   595  1302  6665
19660       6  3369  3370  6665
19661    3377  2410  1300  6665
19662    1301  1596     6  6665
19663     810  2621  6817  6985
19664    6845  6942  7019  7124
19665    6321  6167  6604  6851
19666    1596  3369     6  6665
19667    6506  3306  6817  6985
19668    4724  3989  4717  6943
19669    3254  3992   769  6943
19670    3667  2245  6685  6976
19671    1630   628  1631  6931
19672    6423   666  6575  6827
19673    2701  2700   882  6666
19674    6692  6222  6789  6877
19675    6592  6288  6682  6729
19676    1756  1755  6789  6877
19677    6167  6277  6767  6851
19678    6243  6349  6449  6851
19679    6249  6214  6797  6827
19680    4187  3309  6423  6827
19681     456  2867  6581  6980
19682     455  6308  6451  6980
19683    3420   610  6415  6851
19684    6277  6243  6449  6851
19685    6256  6288  6510  6729
19686    4707  3420  6443  6851
19687    6349  4551  6449  6851
19688    5144  6519  6770  7088
19689    6351  6193  6815  6927
19690      32  5668  2664  6669
19691    1851   397  1850  6669
19692    1579    90  6745  6879
19693     398    32  4334  6669
19694    6377  6273  6883  7002
19695      32  2664  4334  6669
19696    6528  1579  6745  6879
19697    6318  6591  6733  7057
19698    6200  6384  6643  6748
19699    1860  4385  5767  6670
19700    6449  2712  6491  6854
19701    6200  6315  6384  6748
19702    3161  1530  3160  6808
19703    5912  6021  3160  6808
19704    6204  6200  6428  6748
19705    6204  6428  6564  6748
19706     971  6315  6498  6748
19707    1319  3500  6564  6748
19708    5767  4385  4382  6670
19709    1055  1815  4174  6993
19710    6498  6200  6564  6748
19711    6541  3766  6631  7073
19712    4939   330  6384  6748
19713       8   330   329  6748
19714    5766  5767  4382  6670
19715    3880  3379  4554  6854
19716    5918   285  6728  6808
19717    6432  6233  6567  6808
19718    1313   317   318  6992
19719    1864  2679  6647  6967
19720    1322   332  1648  6727
19721     784  4932   373  6694
19722     718  3791  3758  6672
19723    5757   124   718  6672
19724    5756  5755  3792  6672
19725    5137  5136  6813  6918
19726     124  5757  3792  6672
19727    1174  5760  3791  6672
19728    6287  6149  6564  6722
19729    4073   784   373  6694
19730     718  1722  3791  6672
19731    1722  1174  3791  6672
19732    4067   373   783  6694
19733     718  6527  1722  6672
19734    2459  5172   657  6673
19735    1663    10  2459  6673
19736    1663  2459   657  6673
19737    5483  3007  6340  6900
19738     657  5172  5165  6673
19739    6583  6660  6998  7012
19740    5172  5173  2905  6673
19741    5090   333  3532  6828
19742    1662  1663   657  6673
19743    5172  2905  5165  6673
19744    6803  5210  6884  7106
19745     320  3423  7029  7082
19746    2852  6264  6534  6684
19747    5025  2850  6310  6684
19748    6264  6440  6534  6684
19749    2462  1043  6518  6923
19750    4751  4750  6296  6816
19751    5798  3830  3825  6676
19752    5798  3825  3124  6676
19753     865  4440   866  7004
19754    4300  4296  6290  6810
19755    2775  6644  6771  7111
19756     865  4445  6328  7004
19757    1398  6873  6936  7004
19758     585  4357   160  7059
19759    1029  1814  6809  7110
19760    6328  6254  6411  6834
19761    6993  5271  4174   236
19762    4217  2629  6734  7047
19763    5797  5798  3124  6676
19764    3829  5798  1190  6676
19765    6545  6606  6966  7059
19766    5798  5797  1190  6676
19767    1156  6606  7055  7059
19768    4918   631  4917  6760
19769     201  1981  3820  6761
19770    2789   942  6399  6839
19771     204  1989  1441  6677
19772    4044  1989   204  6677
19773    2478  3651  6775  7066
19774    6399  6394  6612  6839
19775    5068   649  3528  6679
19776     649  5068  3530  6679
19777    1661   656   221  6680
19778    6480  6531  6685  6785
19779     539  6486  6782  6856
19780    6278  6159  6897  6960
19781    6480  6404  6531  6785
19782     222  5251  5252  6680
19783    3633  3629  6927  7087
19784     772    22  2577  6681
19785    6227  6265  7079  7096
19786    6261  6308  6581  6980
19787    6606  6707  7055  7122
19788    2577  2578   370  6681
19789      22   772  4000  6681
19790    6490  6279  6804  6980
19791    6301  6326  6282  6368
19792    6301  6326  7055  7122
19793    5325  5326  6163  6963
19794     772  2577   370  6681
19795    2578  1365   370  6681
19796    4808   772   370  6681
19797    4767  1001  5168  6683
19798     227  4767  5168  6683
19799    3139  2264  6246  6716
19800    3688  3687  6597  6716
19801    2004  4769  4965  6683
19802    4769  2004  4768  6683
19803     227  2903    51  6683
19804    4686   187  4685  6683
19805     187  1947  4685  6683
19806    2903  2902    51  6683
19807    4683  4681   187  6683
19808    4681  4680   187  6683
19809    4686  4684   187  6683
19810     187  4682  1947  6683
19811    2903   227  2052  6683
19812      51  2902  2905  6683
19813    3007  2139  6340  6900
19814     930  4686  4685  6683
19815    2904   227    51  6683
19816     466    51  1462  6683
19817    4684  4683   187  6683
19818    4680  4682   187  6683
19819    1947  4682  2767  6683
19820    1947   930  4685  6683
19821    2005   980  5043  6683
19822     982   980  2005  6683
19823    2902  2903  2052  6683
19824     738  6041  6939  6969
19825    4686   930  4767  6683
19826    2904    51   466  6683
19827    2052   227  5168  6683
19828    4130  5157  6451  6988
19829    4682  4680  2767  6683
19830    1947  2767  2768  6683
19831     930  1947  4768  6683
19832    4769  1947  2768  6683
19833     980  4964  5043  6683
19834     980   982  2004  6683
19835    2005  5043   215  6683
19836    2020  2005   215  6683
19837    2020   982  2005  6683
19838    5167  2902  2052  6683
19839     826  4264  6904  7012
19840    1484  5481    63  6900
19841    2262  2263  6366  6716
19842    4615   909  6955  7112
19843    1947  4769  4768  6683
19844    2833   980  4965  6683
19845    1001   982  2020  6683
19846    5477  1484  2135  6900
19847    1366  2585  6434  6806
19848     980  2004  4965  6683
19849    6979  4776  3994   932
19850    4231  1381  2633  6689
19851    1381  5433  2633  6689
19852     656  6546  6680  6784
19853    3555   106  6530  6784
19854    3136  1197  3137  6740
19855    1177  5764  5768  6860
19856    5836  6246  6549  6740
19857     153  5460  6550  6710
19858    2684  6549  6736  6740
19859    5433  2634  1091  6689
19860    2633  5433  2992  6689
19861    2588  2591  4038  6975
19862    2991  5433  1091  6689
19863    2633  2992  5426  6689
19864    5992  3888  6419  7034
19865    3220  6122  6916  7022
19866    5433  2989  2992  6689
19867    2355  2353  2357  6787
19868    5433  2991  2989  6689
19869      67  1158  1934  6836
19870    6113  1888  4509  6691
19871    4506  4504  4509  6691
19872    4504  1406  4508  6691
19873    4508  1405  2703  6691
19874     886  2703  6111  6691
19875    4193  4196  4192  6963
19876      67  4730  6512  6836
19877    1116  5482  3029  6864
19878    1888  4506  4509  6691
19879    1406  4504  2702  6691
19880    1406  1405  4508  6691
19881    2703  1405  6111  6691
19882    3242  1551  6915  6962
19883    1405  4512  6111  6691
19884    1365  3998  2579  6962
19885    1754  3941  2555  6692
19886    6200  6302  6313  7077
19887     205  4920  4918  6760
19888    4920   631  4918  6760
19889     560  1558  6592  6743
19890    3295   572  1563  6790
19891     252  2134  1516  6882
19892    6248  5400  6775  6889
19893    1754  3940  3941  6692
19894    6409  6215  6444  6908
19895    6264  6200  6310  7077
19896    6524  6156  6536  6955
19897    1336   703   701  7013
19898    5781  1182  1098  6882
19899    4430  3121  6840  6888
19900    2758  1419  4720  7070
19901    6422  6362  6605  6860
19902     583  1838  3328  6745
19903     295  2337  6221  6898
19904    1550  3964  6593  7040
19905    6841  6241  6866  7035
19906    3964  6542  6593  7040
19907    4647  3416  3415  6756
19908    1829   150  4231  6783
19909    5202  4165  6591  6921
19910     317  2749  6992  7036
19911    1917  4645  6517  6756
19912    6217  6405  6517  6756
19913    2686   167  6740  6888
19914    3882  1241  2300  6757
19915    1549  2358  2359  6787
19916    6217  6296  6405  6756
19917    6517   914  6686  6756
19918    2353  3230   755  6787
19919     926   915  6296  6756
19920    6641  6416  6706  6904
19921     672  6299  6380  7046
19922     872  4470  6616  6949
19923    2432  3459  6582  6903
19924    6585  6355  6622  6875
19925    6571  1710  6793  7013
19926    6329  6178  6336  6830
19927     197  5856  2799  1974
19928    5655  1176  5762  6699
19929    3288  2371  6427  6957
19930    6298  6261  6659  7068
19931    2209   704  5654  6699
19932    2209  5760  1174  6699
19933    5655  5762  3077  6699
19934    4626   756  3961  6820
19935    2667   846    33  7116
19936    6370  6409  6687  6908
19937    6444  6215  6661  6908
19938    2808    47  2809  6700
19939    6354  6394  6399  6760
19940    2805  4893    47  6700
19941    1658  3740  2034  6762
19942    4893  4894  2807  6700
19943    4894  4895  2807  6700
19944    4029   959  2809  6700
19945      47  2808   441  6700
19946    3736  3737  3734  6762
19947     959  2808  2809  6700
19948    1335  3736   693  6762
19949    3734  5610   693  6762
19950     350  1707  1335  6762
19951    3735  3737  6499  6762
19952    2398  4345  6282  7014
19953    3734  3735  6499  6762
19954    3489  3255  4899  6701
19955    6217  6225  6557  6992
19956    3487  3489  4899  6701
19957    4136  2049  2048  7010
19958    2377   573  6540  7068
19959    3255  3489  4033  6701
19960    1637  3489  3487  6701
19961    6403  6659  6796  7010
19962    3489  1637  3486  6701
19963    1031  3581  6796  7010
19964    5158  2048  5157  7010
19965    2414  2415  6767  6944
19966    1766  3990  2572  6705
19967    1314  2422   318  6992
19968    2718  6486  6702  6782
19969    1305  1306  6277  6944
19970    1668  3596  6714  6923
19971     767  2575  2573  6705
19972    6331   839  6751  7102
19973    2413  2414  6702  6944
19974    4865   437  6195  6753
19975    2574   767  2573  6705
19976    2663  6718  6735  7102
19977    2386  2384  2621  6985
19978    1292  1291  2380  6985
19979    3431   611  6512  7029
19980     137  2574  2573  6705
19981     767  2574  4718  6705
19982    1291  2386  2383  6985
19983    6209  6590  6665  7124
19984    4725   767  4718  6705
19985    6337  6349  6415  7029
19986    1364   137  2573  6705
19987    2093  4219  6734  6822
19988    6235  6182  6528  6879
19989    6691  2205  1145  6835
19990    5776  4417   166  6885
19991    5535   255  2165  6706
19992    6201  6232  6269  6843
19993     400  4373   587  7074
19994    1714  2507  5683  6707
19995    3765   355  1714  6707
19996    3773   355  3772  6707
19997    6723  3342  6924  7074
19998     868  1400  6873  6936
19999    2639  4247  3002  6710
20000    4247  2639  1383  6710
20001    2354  2355  6621  6787
20002    6190  6172  6621  6787
20003    2229  6452  6712  6883
20004    5460  2639  3002  6710
20005    6172  6190  6629  6787
20006    4247  1383  2640  6710
20007    1549  3225  6190  6787
20008    4028  1776  2588  6975
20009    5714  5712   512  6883
20010    2132  5460  3002  6710
20011    3508   987  6795  7100
20012    4030  2810   371  6975
20013     721  5782  2253  6885
20014    3000  2132  3002  6710
20015    6557  3415  6686  6992
20016    3429   924  3427  7006
20017    1142  5646  6835  6961
20018    3090  2229  6712  6883
20019    5711  5712  6807  6883
20020    1604  1603  6798  6992
20021    3825  3124  6676  7003
20022     721  3800  5782  6885
20023    5145  5144  6770  7088
20024    2594  4073  6694  6871
20025    2686  4430   167  6888
20026    6391  6743  6759  7120
20027    6428  6287  6429  6816
20028    4190   149  5318  6713
20029    6220  6562  6832  6858
20030    6256  6721  6780  6871
20031      98  1619  2428  6816
20032    3084  2223  6863  6928
20033    3435  3437  6717  6816
20034    6261  6184  6451  6727
20035    6184  6261  6343  6727
20036    6493  6494  6809  7088
20037     321   322  6428  6816
20038    6256  6510  6694  6871
20039    1619   613   322  6816
20040    4374   400  1391  7074
20041    1397    36  6736  6888
20042    1322  1648  6343  6727
20043     331  1652  6596  6727
20044     231   803  2057  6981
20045    2619  1028  6809  7088
20046    2594  6510  6729  6871
20047    2428  1619   322  6816
20048    4153   380  6225  6981
20049     916  4654  6324  6992
20050    6184  6495  6596  6727
20051    3493  2441  2439  6818
20052    1498  3052   499  6718
20053    6460  6903  6909  7103
20054    5683  1714  6707  6741
20055    4325  1846  1848  6718
20056    4412  4415  1203  6867
20057    1965  1966  6582  7103
20058    2683  4424  6549  6736
20059    4651   759  4650  7067
20060    3683  5488   348  6977
20061    1683  3659   345  6719
20062    3656   116  2480  6719
20063    1758  2562  6408  7067
20064     704   703  6693  7013
20065    1295  4262  3321  6998
20066     798  3286  1808  7085
20067    6660  6583  6703  6802
20068    3658  1683   345  6719
20069    6435  6164  6463  6822
20070    1972  4844  3462  6720
20071    5860   728  3837  6720
20072    2272  5857  1207  6720
20073    1972  2795   626  6720
20074    4854   623   624  6720
20075    5860  2271  2272  6720
20076    3463  1628   624  6720
20077    4843  1972  3462  6720
20078     728  3838  3837  6720
20079    5857  3141  1207  6720
20080    4853   623  4854  6720
20081    1628  4854   624  6720
20082    2271  5860  3837  6720
20083    2271  5857  2272  6720
20084    2271  5859  5857  6720
20085    6203  6697  6902  7045
20086    4370   850  1856  6723
20087    6768  6948  6697  7045
20088    3753  6916  7017  7075
20089    3880  4555  5989  6854
20090    4555  3880  4554  6854
20091    6127  3928  6916  7075
20092     850   851  1856  6723
20093    3250  1553  6768  7045
20094    5273  2624  1055  6993
20095    2307  3379  5999  6854
20096    2244   514  6685  6976
20097    4132  4138  6514  6925
20098    5135  2041  6852  6925
20099    6197  2888  6602  6925
20100     267  6125   298  7075
20101    6961  6554  7022  7075
20102    6581  6197  6602  6925
20103    2305  4555  4556  6854
20104    4131  4132  6308  6925
20105    6197  6813  6852  6925
20106    2539   735  6568  7083
20107     149  4190  4194  6726
20108    2759  4732   319  6724
20109    6072  6070  6419  7007
20110    6326  6282  6545  7122
20111     612  2425   319  6724
20112    2426   320   612  6724
20113    2860  2449  1321  6727
20114    3526  2860  1321  6727
20115    2425  2759   319  6724
20116    6886  6243  6935  7007
20117    4203  1821    28  6726
20118     612   320  3431  6724
20119     461  2878  5105  6837
20120    6243  6167  6419  7122
20121    5112   461  5105  6837
20122    6419  6189  6600  7122
20123    7048    56  2945  5289
20124      56   472  2082  7071
20125     802  4149  6535  6981
20126    4653   916  6324  6992
20127    6390  4501  6471  7089
20128    5551  5539  6364  6751
20129    4476   283  4477  6728
20130     284  6025  6026  6728
20131     283  4476  5920  6728
20132    6472  6271  6714  6923
20133    3233  3237  6560  6877
20134    6183  6331  6364  6751
20135    5921   284  6026  6728
20136    6151  6190  6222  6877
20137    6218  6244  6464  6994
20138    3237  1756  6789  6877
20139    6183  6364  6528  6751
20140    6151  6222  6325  6877
20141    5539  5552  6528  6751
20142    2936  6746  6797  6827
20143    4186  4187  6423  6827
20144    1288  3278    83  6730
20145    5969  6511  6616  6774
20146    4557  2716  1244  6990
20147    6435  6272  6547  6970
20148    1112  3703  6364  6776
20149    3899  3900    20  6731
20150    1352    20  1351  6731
20151     364  3899    20  6731
20152    6325  6402  6952  7008
20153    5338  4222  6913  6970
20154    5336  6272  6435  6970
20155    4223  2093  6734  6970
20156    5027  1448   997  6732
20157     212  5026   996  6732
20158    2912   229  2913  6733
20159    3370  3376  6665  6850
20160     314  2720  3385  6767
20161     229  1465  2913  6733
20162    5200  2912  2913  6733
20163    4171   229  2912  6733
20164    6413  6543  6676  7109
20165     335  2457  2456  6852
20166    1465  1463  2913  6733
20167    1465   229  5198  6733
20168     382  2912  2616  6733
20169    2912  5201  2616  6733
20170    1463  5200  2913  6733
20171    2912  5200  5201  6733
20172     382  4171  2912  6733
20173    4496   173  6637  6850
20174    4455  4453   869  6834
20175    1591  3353  6764  6834
20176    2616  5201  4168  6733
20177    1517  3124  7003  7058
20178    5201  5200  5202  6733
20179    2699  4493  6658  6850
20180    6254  6328  6764  6834
20181    4453  4456  4457  6834
20182    6849  5195  1814  1813
20183    6581  1798  6624  6804
20184    4094  4086  6293  6804
20185    5201  4166  4168  6733
20186    5200  5203  5202  6733
20187    4166  5201  5202  6733
20188    6051  1880  6658  6826
20189    4087  2012  4091  6823
20190    2941  2940  6436  6971
20191    5206  5208  2915  6833
20192    6198  6442  6658  6826
20193     695  5602  6570  7072
20194    3057  6201  6274  6843
20195    1536  5971  6511  6914
20196    2188  5601  5602  7072
20197    6198  6209  6432  6826
20198     170  1882  1881  6826
20199     138  3246  6915  7101
20200    4092  4091   209  6823
20201    6542  6593  6172  6470
20202     695  1705  2188  7072
20203     840  4324  5601  6738
20204    4716  1933  6651  7028
20205     354  6541  6707  7073
20206    6243  6606  6707  7073
20207    6479  6337  6541  7073
20208    1794  1795  3271  6773
20209    3272  1794  3271  6773
20210    4083  4084  1370  6773
20211     709  1715  6479  7073
20212    6606  6337  6928  7073
20213    1716  6606  6928  7073
20214    2634  1381    29  6739
20215    1381  2636    29  6739
20216    5022  4928  4076  6780
20217    2334  3200  1152  6741
20218    6222  6241  6247  6866
20219    6338  6519  6813  6918
20220    1647  3513   643  6869
20221    6279  6261  6804  6980
20222    2218  1714  5683  6741
20223    3083  2218  5683  6741
20224    3201  1544  3198  6741
20225    3198  1544  6077  6741
20226    2218  3762  1714  6741
20227    3083  5682  2218  6741
20228    2507  3083  5683  6741
20229    3553   653  6813  7050
20230    3201  3202  1544  6741
20231    1544  6079  6077  6741
20232    6165  6254  6448  6936
20233    3202  1268  1544  6741
20234    5678  3762  2218  6741
20235    5682  3083    66  6741
20236    1268  6079  1544  6741
20237    5682  5681  2218  6741
20238    3083  2507  3763  6741
20239    1594   868  6420  6936
20240    3237  6560  6789  6866
20241    3967  3968  6841  6866
20242    6254  6328  6411  6936
20243    3202  2336  1268  6741
20244    5680  5678  2218  6741
20245    3083   510    66  6741
20246    6079  1268  3200  6741
20247    5681  5680  2218  6741
20248    4565  3954  6789  6866
20249    3237  3967  6560  6866
20250    5681  5682    66  6741
20251    2334  6079  3200  6741
20252    6079  2334  6078  6741
20253    1152  5681    66  6741
20254    6394  4913  6399  6760
20255    6453   670  6588  6880
20256     891  3921  4515  7019
20257    1558  1557   561  6743
20258    1557  1558  3268  6743
20259    3454   620  6399  6760
20260    3269  1780   561  6743
20261    4059  1558   561  6743
20262    6276  6278  6314  7124
20263    1625  3454  6399  6760
20264    6691  1145  6474  6835
20265    4616  4617    43  7112
20266    2419  3403  6524  6955
20267    4615   908  6577  6955
20268    6156  6174  6536  6955
20269     748  6829  6845  7019
20270    3255  1555  6819  6954
20271     875  6359  6615  6824
20272    6174  3405  6536  6955
20273    3406  1308  6524  6955
20274    4032   777  4036  6954
20275    2776  2779  2774  7111
20276    6402  6167  6486  6944
20277    1053  5266  6797  6933
20278    6249  6345  6746  6993
20279    6206  2744  6324  6798
20280    4387  1859  1860  6747
20281    2675   856  2676  6747
20282    6424  6161  6433  6800
20283     687   686  6463  7031
20284     856  3127  4386  6747
20285    1859  5787  1860  6747
20286    3019  2155  6252  7031
20287    3493  4944   634  6748
20288     635   330   634  6748
20289    1319  2441     8  6748
20290    6307  6280  6701  6819
20291     667   110  2072  6749
20292    1673  1674   110  6749
20293       3  2397  6497  7014
20294    1499  1124  3053  6749
20295    5605  1499    65  6749
20296    5279  2072  5280  6749
20297    1498    65  3053  6749
20298    1674  5279  5280  6749
20299    5605  1125  1499  6749
20300    1674  1673  1050  6749
20301    6362  6207  6422  6793
20302    1050  1673   339  6749
20303    4345  4344  6326  7014
20304    1580  3332  6545  7014
20305    5258  1050   339  6749
20306    2072  5279  2073  6749
20307    5279  1674  5278  6749
20308    1674  3615  5278  6749
20309    2189  1125  5605  6749
20310    5260  1674  1050  6749
20311    6508  6216  6571  6793
20312    5604  5605    65  6749
20313    5260  3615  1674  6749
20314    6588  5298  6927  7071
20315    4720   425  4721  6752
20316    2415  1303  6767  6944
20317     769  4727  3428  6752
20318    6277  6167  6767  6944
20319    6361  6324  5187  7036
20320    1921  4662  3411  7036
20321    6324  6361  5187  6535
20322    1145  6691  1888  6113
20323    6071  2332  2306  7007
20324    5993  6071  2306  7007
20325     232  3584  3583  6991
20326    4561  2413  6702  6944
20327    6650  4410  6848  7025
20328    6746  2936  6797  6932
20329    3984   137  6352  7028
20330    6445  1203  6867  7025
20331    1835  3316  3675  6754
20332     824  5486  4259  6754
20333     824  4258  4256  6754
20334    1835  3675  5486  6754
20335    4258   824  4259  6754
20336    4582  1905   180  6755
20337     305  3282  6814  6908
20338    3939  1905  1754  6755
20339    1905  3939  2733  6755
20340    5764  5657  6605  6860
20341    5962  4460  1873  6755
20342    2369   305  6661  6908
20343    6362  6332  6605  6860
20344    1177  5765  2212  6860
20345    3939  1754  2553  6755
20346    5465  2640  6333  6882
20347    1905  2733  2730  6755
20348    4460  4459  1873  6755
20349    6262  6196  6931  7024
20350    1060  5209  6588  7106
20351    5962  4462  1235  6755
20352    4460  5962  1233  6755
20353    6228  6332  6647  6860
20354    6367  7106  6177  6781
20355    5600  1123  4322  7072
20356    1233  5962  5963  6755
20357    1905  4581   180  6755
20358    1312  1313  6557  7036
20359    1754  2555  2553  6755
20360    5778   250  5779  6976
20361    4459  4461  1873  6755
20362    1178  3115  6647  6860
20363    6753   627  6931  7024
20364    6588  6342  6880  7106
20365    5962  1235  5963  6755
20366    4462  2298  1235  6755
20367     413  1905  2730  6755
20368    4581  1905   413  6755
20369    6588  6803  5208  6833
20370    1235  5964  5963  6755
20371    3269  2589   141  6759
20372    4034  2589  2367  6759
20373    1367  1779   141  6759
20374    1778  4030   371  6759
20375    6480  5458  6685  6976
20376    4034  4035  1778  6759
20377    4029  1778  4031  6759
20378    1778  4035  4031  6759
20379    2589  3269  2367  6759
20380    4614   607  6629  6955
20381    1778  4029  4030  6759
20382    1308  2419  6524  6955
20383    3453  3449   620  6760
20384     434   940  3449  6760
20385    3455   621  4830  6760
20386     631  4913  3479  6760
20387     631  4920  3481  6760
20388    4921  4920   205  6760
20389    4820   193  3455  6760
20390    1635   631  3479  6760
20391    3453   620  3454  6760
20392    1625   621  3454  6760
20393    4830   621   194  6760
20394    4913   631   964  6760
20395     194   621  4829  6760
20396     621  1625  4829  6760
20397     631  3481   964  6760
20398    6085  1886  6390  6946
20399    3133   277  5826  6761
20400    4893  2805   957  6761
20401    2805   201   957  6761
20402    4892  4893   957  6761
20403    2291  3875   129  6764
20404    3874  2291   129  6764
20405    6328  4445  6936  7004
20406     989  6477  6823  7100
20407    4992  2842  6832  7100
20408    3830  5817  3826  6765
20409    5821  1193  5817  6765
20410    6069  3919   881  6946
20411    5929  4437   866  7004
20412    1886  6069  4499  6946
20413    1815  4174  6993  7110
20414    1194  5821  5817  6765
20415    5818  1194  5817  6765
20416    4490  1883  6522  6946
20417    6809  6849  6922  7110
20418    6357  6640  6953  7090
20419    3812  1191  6648  7049
20420    3817  3822  6761  7049
20421    5302  4179  6870  7098
20422     951  2010  4871  7053
20423    6556  3818  6761  7049
20424    3815  3814  2525  7049
20425    6577  6177  6634  6923
20426    5290   238  2079  6766
20427    6300  6518  6634  6923
20428    6424  6290  6627  6810
20429    3131  6556  6906  7049
20430    6761  3822  6945  7049
20431    6518  6577  6634  6923
20432    5291   238  5290  6766
20433    3131  3815  6556  7049
20434    2463  2462  6634  6923
20435    6648  6219  7005  7049
20436    1323   335  6530  6852
20437    3391  4567  1600  6767
20438    4567  3388   314  6767
20439    2890  2888  5133  6852
20440    1553  3247   300  6768
20441    3259   302  6744  7018
20442     300  1285  1284  6768
20443    2822  5025  2848  7077
20444    6211  6244  6464  7052
20445    5585  3729  6492  7052
20446    1553   300  3250  6768
20447    6668  6926  2380  6825
20448    3250   300  1284  6768
20449    6510  4066  6729  7018
20450    6127  3929   264  6916
20451    6476  6325  7008  7023
20452    6464  6218  6810  7052
20453    6398  6492  6940  7052
20454    6163  1475  6380  7046
20455    1293  1292  6668  6985
20456    1552  3250  1284  6768
20457    3065  1505  6769  6916
20458    4812  4927   771  7078
20459    6299  3630  6623  7046
20460    6265  5322  6569  7046
20461    3630  2470  6623  7046
20462    3251  1552  1284  6768
20463    4470  3360  6616  6949
20464    2957  1474  6569  7046
20465    3358  4467  3357  6949
20466    6165  6623  6628  7046
20467    6719  6649  6801  6997
20468     299  3932   550  6769
20469    1506  1505  1507  6769
20470    6649  6703  6801  6997
20471    3067  5642  1506  6769
20472    1643   638  6869  6917
20473    1644  4977  4849  6917
20474    1609   609  1312  6919
20475    1505  2200  1507  6769
20476    1138  2201  5642  6769
20477    6216  6314  6373  7124
20478    3558  1026   106  7043
20479    2654   832  2655  6920
20480    6187  6206  6798  7067
20481    4242  6703  6779  6997
20482    6382  2180  6533  6846
20483    6137   299   550  6769
20484    1506  5636  5639  6769
20485    3067  1506  5639  6769
20486    2201  1138  2202  6769
20487    2836  6585  6622  6875
20488    5409   678  4239  6997
20489    6210  6382  6533  6846
20490    5636  1506  1507  6769
20491    3654   678  2114  6997
20492    6034  3901  6035  6775
20493     759  4649  4650  7067
20494     759  2562  1758  7067
20495    5403  2982    59  6775
20496    5401  2324   479  5397
20497    6035   479  6033  1259
20498    3407  1919  4649  7067
20499    3843   279  1210  6777
20500    1730  3843  1210  6777
20501    5506  5505  1489  6777
20502    3016  3012  1489  6777
20503    1730  3842  3843  6777
20504    5506  3010  1108  6777
20505    3842  1208  3843  6777
20506    3841  1730  1210  6777
20507    5505  5502  1489  6777
20508    3012  3016  5509  6777
20509    3010  3012  1108  6777
20510    3016  1489  3017  6777
20511    5502  3015  1489  6777
20512    1489  3015  3017  6777
20513    3840  3842  1730  6777
20514    1208  5861  3843  6777
20515    5861   279  3843  6777
20516     279  3142  1210  6777
20517    3014  3012  5509  6777
20518    1209  3841  1210  6777
20519    2149  5506  1108  6777
20520    1108  3012  3011  6777
20521    3012  3014  3011  6777
20522    3142  1209  1210  6777
20523     279   528  3142  6777
20524    3011  3014  3013  6777
20525    4238  4241  2637  6779
20526    4241  4238  4242  6779
20527    1020   221  6680  6784
20528    1336  3756  6763  7013
20529    4241  4240  2637  6779
20530    4241  4242  5410  6779
20531    6330  4265  6416  6998
20532     336  3555  2458  6784
20533    7013  3756  1710   701
20534    2391  2389  6341  6998
20535    4243  4241  5410  6779
20536      89   580  6660  6998
20537     580  1572  1295  6998
20538    4262   389  3321  6998
20539    4178  4173  6578  7098
20540     238  5292  7048  7098
20541    1243  5984  5981  6782
20542    4753   927  6478  6857
20543     927  4753  6296  6857
20544    5025  6264  6684  7077
20545    5295  1060  6588  7106
20546    2818  2821  6313  7077
20547    5984  1243  3176  6782
20548     410  1899  1900  6782
20549     322  6428  6816  6857
20550    3444  3445  6428  6857
20551     410  4563   411  6782
20552    4563   410  2715  6782
20553    2715   410  1900  6782
20554    1773  3249  6902  7045
20555    6446  6370  6687  6908
20556     539  5984  3176  6782
20557    5984  2302  5981  6782
20558    4753  3436  6296  6857
20559    1621  4753  3442  6857
20560    1620  3444  3443  6857
20561    2718  4563  2715  6782
20562    2715  1900  1408  6782
20563    2248  5765  1178  6860
20564    6244  6218  6464  7052
20565    6781  6177  6884  7106
20566    5984   539  3177  6782
20567    2302  5984  2303  6782
20568    1899   178  1900  6782
20569    2718  2715  2717  6782
20570    2715  1408  2717  6782
20571    1177  3076  3078  6860
20572    1178  5765  2247  6860
20573    2303  5984  3177  6782
20574     178  1898  1900  6782
20575    1900   898  1408  6782
20576    5985  2303  3177  6782
20577    1898   898  1900  6782
20578     761  1756  3954  6789
20579    1852  4346  4347  6878
20580    3952  4565  3954  6789
20581    3237  1756   761  6789
20582    6237   398  6669  6878
20583    6603  6445  6662  6867
20584    4336   844  5651  6878
20585    3350  6603  6662  6867
20586    1896  2706  2707  7026
20587    4528   892  6565  7026
20588    3348  4415    92  6867
20589    3952  3953  4565  6789
20590    3350  2400  6603  6867
20591     381  2614  3292  6790
20592    4270   828   827  6958
20593    4163  3295  1564  6790
20594    4166   572  4163  6790
20595    2645  4267  6416  6958
20596     156  1088  4264  7012
20597    4879  1978  1977  6791
20598    1977  1978  4881  6791
20599    4558   751  5982  6859
20600     751  1237  5982  6859
20601    6299  3631  6380  7087
20602    1671   665  3607  6792
20603    5257  5258   339  6792
20604    2467   665   339  6792
20605     665  2467  3607  6792
20606    3176   539  6782  6856
20607    1329  2467   339  6792
20608    2467   338  3607  6792
20609    1329   338  2467  6792
20610    6307  6394  6677  7009
20611     110  1329   339  6792
20612     338  2465  3607  6792
20613    3614   338  1329  6792
20614     339  6749   110  6792
20615    3755  1710   700  6793
20616    3073  3072   503  6793
20617    3074  3072  3073  6793
20618    5658  3072  3074  6793
20619    5658  5659   700  6793
20620    3073   503  5656  6793
20621    5659  3755   700  6793
20622     699  5658  2210  6793
20623    5658  3074  2210  6793
20624    5658   699  5659  6793
20625    3074  2211  2210  6793
20626    5303  5302   807  6870
20627    3246   301  6915  7101
20628    5003   637   639  6795
20629    6340  2141  3693  6995
20630    6915   301  6984  7101
20631    1363  3987  6352  7101
20632     637  5003  3508  6795
20633    3988  3987   369  7101
20634    3987   138  6263  7101
20635    3699  5485  2141  6995
20636    6316  6210  6426  6995
20637    6705  6352  6984  7101
20638    1724  3812  7005  7049
20639    6171  6258  6359  6824
20640    5814  3818  6556  7049
20641    6212  6171  6359  6824
20642     637  3508  4993  6795
20643    2443   637  2444  6795
20644    5206  5294  6588  6833
20645    2142  6340  6864  6995
20646    3508   987  4993  6795
20647     637  4993  1642  6795
20648     637  1642  2444  6795
20649    2915  5208  6803  6833
20650    6210  6316  6533  6995
20651    5302  4179   807  6870
20652     987  4990  4993  6795
20653    4181  3301   807  6870
20654    3196  1264  6617  6934
20655     746  1266  6250  6934
20656    6262  6196  6858  6931
20657     851  4372  1856  7044
20658    2895  6797  6932  6933
20659    2067  6482  6797  6933
20660    1630  3465  6753  6931
20661    5266  2067  6797  6933
20662     326  6262  6858  6931
20663    6318  6177  6342  7106
20664    4866  1630  6753  6931
20665     158  4283  6267  6800
20666    3993  1766  6943  6984
20667    6555  6468  6705  6984
20668    6197  6293  6386  6813
20669    6322  6293  6338  6813
20670    6733  6318  6833  6921
20671    6322  6338  6770  6813
20672    4019  1552  3249  7045
20673    6338  6261  6514  6813
20674     163  1857  1858  6853
20675    3415  2422  6686  6992
20676    4276  2650   833  6800
20677    2650   158   833  6800
20678    2652   158  2650  6800
20679    5202   230  4165  6921
20680    1877  1878  6448  6861
20681    1606  1604  6686  6992
20682     833  4281  5569  6800
20683     842  4318   839  7102
20684    1118  4276   833  6800
20685    2652   392   158  6800
20686    1118   833  5569  6800
20687    1846  1848  6718  7102
20688     392  4283   158  6800
20689    6263  6194  6352  6984
20690    6194  6188  6555  6984
20691    5210  3597   469  6803
20692      53   469  5204  6803
20693    3216  6111  6305  6961
20694    3354  2405  4455  6834
20695    3597  5205   469  6803
20696     469  3589  5204  6803
20697    2914    53  5204  6803
20698    3354  3355  6615  6834
20699    5784  6236  6840  6885
20700     469  5205  3589  6803
20701    6771  6644  6818  7111
20702    3898  3649   676  6889
20703    3445  3441  6771  7111
20704    6601  6516  7078  7095
20705    3836  3834  2528  6805
20706    3832  2528   726  6805
20707    1726  3832   726  6805
20708    4735  1772   925  6806
20709    4735   775  2586  6806
20710    1772  2586  4015  6806
20711    4662  1921  2747  7036
20712    6070  5992  6419  7007
20713     775  4735  2587  6806
20714    4538  4537  6541  7063
20715    2586   775  1366  6806
20716    2586  1366  4015  6806
20717    1771  1772  4015  6806
20718    5993  6070  6072  7007
20719    4012  1772  1771  6806
20720    4636  4638  6553  7093
20721     290  6002  6865  7063
20722    4022   775  2587  6806
20723    5185   468  4663  7036
20724     775  2585  1366  6806
20725     775  1774  2585  6806
20726    1366  1770  4015  6806
20727    2709   290  1897  7063
20728    2710  1407  6491  7063
20729    1897   290  6865  7063
20730    4022  4023   775  6806
20731    3886  5992  6070  7007
20732    4023  1774   775  6806
20733    6491  4538  6541  7063
20734    1028  4169  2619  6809
20735    4777   189  2774  7111
20736    6857  6428  6872  7111
20737    6676  6573  6765  7120
20738    3445  6428  6857  7111
20739    7005  7003  7099  7120
20740     992  3514  6244  6994
20741    5010   211  6464  6994
20742    4294  4299  2185  6810
20743    4293  4294  2184  6810
20744    4291  4293  2184  6810
20745    3470   629  6487  7053
20746    3730  2184  5585  6810
20747    4294  4300  4299  6810
20748    4293  4296  4294  6810
20749    5584  4291  2184  6810
20750    1839  4293  4291  6810
20751    4293  1839  4295  6810
20752    4293  4295  4296  6810
20753    3730  5584  2184  6810
20754    4296  4300  4294  6810
20755    1680  3643  3641  6811
20756    3643  1680   675  6811
20757    3020  2159  2158  6811
20758    3646  6363  3645  6811
20759    1056  1672  6291  6930
20760     675  1680  3645  6811
20761    5364  3646  1073  6811
20762    1056  5275  5274  6930
20763    3609  6291  6827  6930
20764    6230  5267  6482  6930
20765    4674  3418  6758  6919
20766    6360  6768  6915  7051
20767    1553  1552  3248  7045
20768      87  3307  6506  6926
20769     225  3551  3552  6813
20770    1365  4006  6360  7051
20771    3551   225  2043  6813
20772    6360  4006  6948  7051
20773    6332  6422  6723  7044
20774      34  4378  6853  7044
20775    3770  5696  6512  6928
20776    5302  5303   239  6815
20777    5299  5302  2946  6815
20778    6556  6219  6648  7049
20779    2510  3771  3770  6928
20780    3769  3770  6479  6928
20781    3826   725  7003  7099
20782    6636  6256  6780  6871
20783    7003  2527  7005  7099
20784      24  2595  6729  6871
20785    5303  5318   239  6815
20786    6945  6219  7005  7099
20787    2525  1724  7005  7049
20788    6299  6358  6713  7121
20789    2397  6497  7014  7074
20790    1193  6765  6945  7099
20791    6256  6694  6721  6871
20792     239  5318  3633  6815
20793    3816  2524  7005  7099
20794    6510  2594  6694  6871
20795    4899  4043  3490  6819
20796    3255  1555  4899  6819
20797     756   757  3961  6820
20798    3963  3962   368  6820
20799     757  3962  4655  6820
20800    3961   757  4655  6820
20801    2120  2984    60  6821
20802    3306  6506  6926  6985
20803      60   481  2985  6821
20804    1067  2093  2094  6822
20805    6681  2576  6962  6979
20806    2094  2093   244  6822
20807    2962  2095   244  6822
20808    3636  5340  2094  6822
20809    2095  5345  3636  6822
20810    2093  1067  4219  6822
20811    1335   350  6762  6843
20812    6156  6179  6896  7096
20813    1626  1965  6582  7103
20814    5345  2095  2962  6822
20815    2961  2962   244  6822
20816    5597  2941  6436  6971
20817    3789  5741  6909  7103
20818    6214  6230  6482  6930
20819    3227  6190  6441  6877
20820     500  6274  6507  6843
20821    6436  6199  6718  6971
20822    6286  6681  6962  6979
20823    6230  6214  6291  6930
20824    3608  6230  6291  6930
20825    6728  5921  6750  6826
20826    3609  1056  6291  6930
20827    2468  3619  6623  7096
20828    2693  2694   875  6824
20829    2693   875  2692  6824
20830      38  2696   879  6824
20831      38  4480  2696  6824
20832    2694   876   875  6824
20833    2692   875  2406  6824
20834    3238  6572  6962  6979
20835    6286  6572  6872  6979
20836    1704   694  6269  7072
20837    3238  4775  6572  6979
20838    6572  4776  4775   617
20839    4187  5277   666  6827
20840    2939  2071  2936  6827
20841    2071  4187  4186  6827
20842    3309  4187   666  6827
20843    2936  2071  5276  6827
20844       9  2451  3532  6828
20845     650  5090  3532  6828
20846    2451     9  2452  6828
20847       9   105  3529  6828
20848    2451  1657  3532  6828
20849    3533   650  3532  6828
20850       9  6655  2452  6828
20851    1657  2451  2452  6828
20852    1657  3533  3532  6828
20853    3537  1657  2452  6828
20854     690  5572  2179  6846
20855    6355  6316  6500  6846
20856    6169  6160  6723  6966
20857    6103  6102  1274  6829
20858    6199  2076  6291  7020
20859    3924  6102   367  6829
20860    6102  3924   748  6829
20861    6101  6103  1274  6829
20862    6102  6103   367  6829
20863    1058  2077  6580  7020
20864    1255  6456  6618  6987
20865    3924   367    21  6829
20866    3924  3925   748  6829
20867    3921  6102   748  6829
20868    3925  3924    21  6829
20869    3892   362  6969  6987
20870    6594  6322  6778  7043
20871     367  6103  3926  6829
20872    6651  6555  6752  6943
20873     363   362  6022  6987
20874      21   367  3933  6829
20875    3925  3922   748  6829
20876    6316  2147  6500  6846
20877    6703  3656  6801  6997
20878    5973  1242  6757  7039
20879     367  3926  3933  6829
20880    6312  6242  6817  6985
20881    3934    21  3933  6829
20882    6649  6147  6779  6997
20883    5499  6316  6533  6846
20884    5500  2147  6316  6846
20885    3800   721  5774  7114
20886    6059  5973  1240  7039
20887    6189  6439  6914  7039
20888    6555  6651  6705  6943
20889    4242   678  6703  6997
20890    3043  5574  6382  6846
20891    5572  5571  2148  6846
20892    1239  1240  3172  7039
20893    6312  6417  6668  6985
20894    6241  6160  6321  6966
20895     516  5752  5753  6831
20896    2130  5453  2129  6831
20897    3070  5652   502  6835
20898    2206  1508  5653  6835
20899    5652  3070  1142  6835
20900    1145   502  5650  6835
20901     502  3069  5650  6835
20902    3068  3070   502  6835
20903    5652  1142  5646  6835
20904    1145  2205   502  6835
20905    2205  3068   502  6835
20906    3045  3728  5587  7052
20907    3998  1365  2578  6962
20908    3085  5702    67  6836
20909     846  1159  5702  6836
20910    1159  5703  2226  6836
20911    1491  3018  6363  6941
20912     846  5702  3086  6836
20913    4730   426  4729  6836
20914    1420  2760   426  6836
20915    2763  4730   428  6836
20916     427  2763   428  6836
20917      67  2226  5705  6836
20918    6603  6192  6642  7117
20919    5703  1159  5704  6836
20920    1904  2722  2724  6901
20921    4729   426   612  6836
20922     426  2425   612  6836
20923    2759  2425   426  6836
20924    2761  2760  1420  6836
20925    2760  2759   426  6836
20926     428  4730  1934  6836
20927    1158    67  5705  6836
20928    1420   427   188  6836
20929    5703  2227  2226  6836
20930    2226  2227  5705  6836
20931    6642  6192  6736  7117
20932    1159  4358  5704  6836
20933    2761  1420  4739  6836
20934    6541  6865  6935  7063
20935    4739  1420   188  6836
20936    2227  5703  5704  6836
20937    6541  4537  6865  7063
20938    5707  2227  5704  6836
20939    2811  4904  1438  6839
20940    1435  2811  1438  6839
20941     443  1438  2812  6839
20942     443  3478  3480  6839
20943    1968  1427  1428  6839
20944    4833  1427  1969  6839
20945    4911  1437  1988  6839
20946    1438  4904  2812  6839
20947    3478   443  2812  6839
20948    4908  1435   442  6839
20949    1427  1968  1969  6839
20950    1133   500  6507  6843
20951    1503  3057  6274  6843
20952     500  1503  6274  6843
20953     350  2501   351  6843
20954     351  2501   352  6843
20955    5628   350   351  6843
20956    3057  5628   351  6843
20957    2501   350  2500  6843
20958    2503   351   352  6843
20959    2501  2500   352  6843
20960    1130  3057   351  6843
20961     350  1335  2500  6843
20962    2500  2502   352  6843
20963     350  5628   500  6843
20964    5628  3057   500  6843
20965    1133   350   500  6843
20966    3057  1503   500  6843
20967    4271  4273   391  6904
20968    2431  3460   323  6844
20969    1316   323  2430  6844
20970    1316  2430  1315  6844
20971    1315   620  2429  6844
20972    2430   323  4825  6844
20973     638  1644  3509  6917
20974    4978  4979  3509  6917
20975    4717  4725  6651  6943
20976    6926  6668  2380  6985
20977    1890  1276  4513  6845
20978    1276  1750  1277  6845
20979    4513  1276  1277  6845
20980    3992   768  3991  6943
20981    1750  1276  3920  6845
20982    6313   444  6315  7077
20983    6692  6325  6755  7023
20984    1292  2380  6668  6985
20985    3989  4724  4723  6943
20986    6325  6856  7008  7023
20987    6402  6325  6692  7023
20988    4022  6485  6806  7062
20989    4212  4216  6575  7020
20990    1750  3920   748  6845
20991    3989  4725  4717  6943
20992    1875  4469  6476  7023
20993    4733  2759  4734  7062
20994    6199  6331  6580  7020
20995    3922  1750   748  6845
20996    4463  4464  6859  7023
20997    3509  4980  6869  6917
20998    4464  4463   870  7023
20999    4980  4979  6467  6917
21000     404  4461  6476  7023
21001    6876  6209  7042  7108
21002    4498  2323  6939  7108
21003    6241  6321  6555  6966
21004    6545  6619  6690  6966
21005    1885   595   172  6850
21006    2701  2699  2700  6850
21007    4493  2699  3370  6850
21008    1885   172  4496  6850
21009    4695  3390  3392  6851
21010     610  4695  3392  6851
21011    1930   610  4552  6851
21012    4707  4695   610  6851
21013    3391  3390  4695  6851
21014    1930  4697   610  6851
21015    3420  4707   610  6851
21016    3391  4695  4707  6851
21017    4704  3391  4707  6851
21018    2888  2889  5133  6852
21019    3546   335  3545  6852
21020    5127  3546  3545  6852
21021    5129  3545  2889  6852
21022    1323  2457   335  6852
21023    5127  3545  5129  6852
21024    2436   632  6394  7009
21025    4383   163  4384  6853
21026    4384   163  4385  6853
21027     163  1858  4382  6853
21028    6367  6781  6880  7106
21029    5210  1041  6884  7106
21030     163  4383   854  6853
21031    1738  1739  6856  6952
21032    6222  6325  6402  6952
21033    4385   163  4382  6853
21034    6697  4805  6354  1623
21035    6342  6351  6803  7106
21036    6258  6420  6448  6861
21037    5969  5970  6616  6952
21038    1552  4019  3248  7045
21039    5208  1041  6803  7106
21040    6420  6258  6567  6861
21041    6511  6439  6914  6952
21042    4545   598    96  6854
21043    4556    96  3382  6854
21044      96  2417  2416  6854
21045      96  2416  1306  6854
21046    1246   131  3881  6854
21047     131  2305  3879  6854
21048    1606  1314  1605  6992
21049    3379  4545  3380  6854
21050    4555  4554  3380  6854
21051      96   598  2417  6854
21052    3382    96  1306  6854
21053    6317  6217  6517  7093
21054    5216   231  3583  6991
21055    1246  1742   131  6854
21056    4554  3379  3380  6854
21057     598  4545  4546  6854
21058    5989  2305   131  6854
21059    4545  3379  4546  6854
21060    1667  3590  6884  6991
21061    4642  4640  6686  7093
21062    1246   289  1742  6854
21063    4156  6591  6921  6991
21064     131  1742  5999  6854
21065    2712   598  4546  6854
21066    3880  5989   131  6854
21067    3379  4544  4546  6854
21068     232   231  6981  6991
21069     289  1246   540  6854
21070    3585  3584  5212  6991
21071    1742   289  5999  6854
21072    3880   131  5999  6854
21073     289  2307  5999  6854
21074    3938   751  4559  6859
21075    6859  4582  3940  3938
21076     627   324  1632  7024
21077    5980  1243  5981  6859
21078    4463  4464  1874  6859
21079    5980  2302  5982  6859
21080     178  1899  4559  6859
21081    5980  1237  1874  6859
21082    1899   410  4559  6859
21083     751  3938   180  6859
21084    3940  6755  4582  6859
21085    1628   625  6347  7024
21086    2302  5980  5981  6859
21087    4463  6755  4462  1873
21088    1237  5980  5982  6859
21089    6310  6200  6315  7077
21090    3938  4582   180  6859
21091    1237  4462  1874  6859
21092    4462  6859  4463  1874
21093    6200  6313  6315  7077
21094    2298  4462  1237  6859
21095    3175  3173  6052  6862
21096    6172  6318  6351  7057
21097     537  5967  3173  6862
21098    6049  5966  1263  6862
21099    6053  2328  2327  6862
21100    2299  4479  4481  6862
21101    2299   537  4479  6862
21102    6351  6733  6766  7057
21103     537  2695  4479  6862
21104      11   675  6327  6929
21105    1116  2139  5482  6864
21106    5301  2083  6927  7071
21107    1116  5566  1117  6864
21108    5567  5568   691  6864
21109    1116  2142  2139  6864
21110     239  5300  6815  7071
21111    2142  1116  1117  6864
21112    3813  5800  6667  7005
21113     291  6080  4531  6865
21114    4531  6080  2220  6865
21115    4534  4537  4536  6865
21116     291   290  2333  6865
21117    6081   291  2333  6865
21118    4534  4689  4537  6865
21119    1195  4403   860  7064
21120     290  6002  2333  6865
21121    4534  4536  1897  6865
21122    6002  1248  2333  6865
21123    1512    66  1513  6865
21124    1248  6078  2333  6865
21125    4533  1928  4534  6865
21126    4403  1194  4400  7064
21127    4533  4534  1897  6865
21128     101  4897  3477  7065
21129     860  4407  5828  7064
21130      66   510  1513  6865
21131    6078  6741  6077  6079
21132    6078  2334  2333  6865
21133    2334  6081  2333  6865
21134    2219    66  1512  6865
21135     509  1512  1513  6865
21136    4534  1927  4689  6865
21137    5686  2220  1512  6865
21138     509  5686  1512  6865
21139    1928  4533  4531  6865
21140    1928  1927  4534  6865
21141    6081  6080   291  6865
21142    2220  2219  1512  6865
21143    6165  6420  6873  6936
21144    6077  6865  6078  1248
21145    1152    66  2219  6865
21146    6420  6165  6448  6936
21147    6581  1004  6804  6980
21148    4776   616   617  6872
21149    1620  3446   189  6872
21150     189  1952  4778  6872
21151    3995  1952  3994  6872
21152     617   616  4759  6872
21153    4777  1620   189  6872
21154    1952  3995  4778  6872
21155     648  3526  6490  6980
21156    6518  6577  6923  7112
21157    6367  6179  6623  7096
21158    2860   455  6727  6980
21159    3403  6524  6955  7112
21160    6271  6714  6923  7112
21161    2469  2468  6623  7096
21162    4622  4621  6518  7112
21163    4097   145  4093  6937
21164      37  1871  4439  6873
21165      37  2687  1872  6873
21166    2687    37  4439  6873
21167    2687  3154  4447  6873
21168    3154  2687  4439  6873
21169    3418  4667  4669  6919
21170     782  6510  6911  7018
21171    1286  3266  6911  7018
21172     266  2201  2202  6874
21173     266  2202  5754  6874
21174    5756   707  1140  6874
21175    5754  5755  1140  6874
21176    4848  4976  4849  6917
21177    2201   266  3066  6874
21178    5755  5756  1140  6874
21179    1429  2795  2796  6875
21180    2798  1429  2796  6875
21181    1565  3297   147  6918
21182    4845  2798   436  6875
21183    4845   436  2836  6875
21184    1429  2797  2795  6875
21185    3829  5798  6676  7109
21186    6147  6150  6649  7042
21187    3232  2358  3228  6877
21188    3233   554  3237  6877
21189    2358  3227  3228  6877
21190    3951  1755  2556  6877
21191     554  1755  1756  6877
21192    3118  3120  6333  6882
21193     554  1756  3237  6877
21194    1515  5467  6333  6882
21195    4334  4333   844  6878
21196    4335  3069  5651  6878
21197     398  1852  1850  6878
21198    3069  4335  5650  6878
21199    3617  3604  5295  6880
21200     135   752  2554  6881
21201    2554  1356  3947  6881
21202     135  2554  3947  6881
21203    2553  1356  3942  6881
21204    3942   752  2732  6881
21205    1356  2556  3947  6881
21206    3951  2556  1356  6881
21207    2733  2553  3942  6881
21208    2733  3942   415  6881
21209    2555  1356  2553  6881
21210    3942  2732   415  6881
21211    2558  3951  1356  6881
21212    3939  2553  2733  6881
21213    2555  2558  1356  6881
21214    6334  6161  6627  6983
21215    5464  2133    61  6882
21216    5465  2133  5464  6882
21217    3122  1181  2252  6882
21218    1516  1181  3122  6882
21219    3001  5464    61  6882
21220    5465  2134  2133  6882
21221    2640  5465  5464  6882
21222    1181  5780  2252  6882
21223    6737   570  7068  7085
21224    1516  3120  1181  6882
21225    1182  3122  2252  6882
21226    2133  5466    61  6882
21227    1182  5781  3122  6882
21228    2133  2134   252  6882
21229    5781  1516  3122  6882
21230    4895  1776  4028  6975
21231    3001  4247  5464  6882
21232    4247  2640  5464  6882
21233      84  1562  6737  7085
21234    3582  6260  6403  7085
21235    3120  3118  1181  6882
21236    5177  1808  6788  7085
21237    5466  2133   252  6882
21238      61  5466  1098  6882
21239    5785  1516  5781  6882
21240    2590  2588  4038  6975
21241    3001  6710  4247  6882
21242     570  3289  7068  7085
21243    1181  3118  3117  6882
21244     798  5177  3582  7085
21245     743  6076   744  6886
21246     547  1267  6076  6886
21247    6407  6220  6832  7100
21248    3199   547  3201  6886
21249     743   744  3908  6886
21250     547  6076   743  6886
21251    6800  6235  6812  6920
21252    2654  2655  2653  6920
21253    6267  6309  6745  6920
21254    5390  2482   115  6889
21255    2482  3657  3650  6889
21256     115  2482  3650  6889
21257    1079  5393  2482  6889
21258    4641  4640  3408  7093
21259    3657  2482  5394  6889
21260    6243  6277  7007  7034
21261    3649  5390   115  6889
21262    3650  3657  1681  6889
21263     114   115  3650  6889
21264     676  3649   115  6889
21265    3657  2481  1681  6889
21266     114  3650  1681  6889
21267     114   676   115  6889
21268     114  5400   676  6889
21269    3852  5884  2536  6890
21270    5889  5887  2279  6890
21271    5886  2537  2279  6890
21272    2279  2537  5885  6890
21273    3382  6854  6944  6990
21274    6446   375  6773  7027
21275    2370  1560  6773  7027
21276    1262  1261  3191  6891
21277    2325  6042  1260  6891
21278    4637  4636  6553  7093
21279    3274  2370  6773  7027
21280    2369  3280  6908  7027
21281    6402  6856  6952  7008
21282    4711  4712   425  7070
21283      44  1412  6517  7093
21284     425  4712  6725  7070
21285    6042  4519  1260  6891
21286    3381  3382  6944  6990
21287    3878  5987  6486  6990
21288    2757  1419  2758  7070
21289    4720  1419  6752  7070
21290    1102  4258  4259  6893
21291    4257  4253  2641  6893
21292    4258  4257  2641  6893
21293    2143  1102  4259  6893
21294    4253  4251  2641  6893
21295    4256  4258  2641  6893
21296    5081  4105   219  6894
21297     105  5077  1656  6894
21298    2029  5077  5078  6894
21299    4105  2029   219  6894
21300    5077  2029  4108  6894
21301    5029  4940  3503  6895
21302    1650  3521  1649  6895
21303    5029   212  1650  6895
21304    3518  3517  1648  6895
21305    3521  1322  1649  6895
21306    3517  3506  4940  6895
21307    5038  3506  3517  6895
21308    4940  3506  3503  6895
21309    5028  5029  3503  6895
21310    5029  5028   212  6895
21311    3506  3504  3503  6895
21312     240  2084  5232  6896
21313     240  2086   668  6896
21314    2085  2952  2084  6896
21315    6472  6271  6923  7097
21316    1045  5234  5232  6896
21317    5304   240  5231  6896
21318    2084  1045  5232  6896
21319    2086   240  5305  6896
21320    2952  2948  2084  6896
21321    3594  5233  6923  7097
21322     240  5304  5305  6896
21323    6271  6177  6923  7097
21324    1669  3599  6781  7097
21325     663  1669  6781  7097
21326    6367  6472  6896  7097
21327    3931  1354  6769  7061
21328    1270  3917   295  6898
21329    3917  1270   747  6898
21330    1926  4677  1035  6899
21331    4677   421  1035  6899
21332    3569  5174  1462  6899
21333    4681  2751    45  6899
21334    1665  5174  3569  6899
21335    5173  3569  1462  6899
21336    5173  6673  3569  6899
21337     421  2751  4681  6899
21338    2751   421  1926  6899
21339    5174   466  1462  6899
21340    2751  1926    45  6899
21341    4680  4681    45  6899
21342    5173    51  2905  6899
21343    1665  3571  5174  6899
21344    3569  6673  5172  3570
21345      51  5173  1462  6899
21346    2053   466  5174  6899
21347    1926  1415    45  6899
21348    4683   421  4681  6899
21349     421  4677  1926  6899
21350    3571  1035  5174  6899
21351    1035  2053  5174  6899
21352     468  5185  6361  7036
21353    6815  6351  6927  7071
21354    2748  1414  6324  7036
21355    2674   854  6807  6951
21356    3458  3459  2432  6903
21357    4799   619  3447  6903
21358    4799  3447   937  6903
21359    4802  4799   430  6903
21360    4876  2804  6562  6910
21361    1433  1434  6682  6910
21362    1434  1980  1979  6910
21363     619  1624  3447  6903
21364    4799   937   938  6903
21365     430  4799   938  6903
21366    3920   748  6845  7019
21367     481  2121  2123  6904
21368    4014  2581   557  6905
21369    1771  4014  4013  6905
21370    6417  6312  6817  6985
21371    2581  4017   557  6905
21372    4017  4016   557  6905
21373    3253  3254  4011  6905
21374    4011  1771  4013  6905
21375      23  2581  4014  6905
21376    1771  1770  4014  6905
21377    2386  3306  6926  6985
21378    1771  4011  3428  6905
21379    1770    23  4014  6905
21380    1770  1771  4015  6905
21381    4012  1771  3428  6905
21382    3128   521  5744  6906
21383    5804  3131  3130  6906
21384    5802  3130  3128  6906
21385    3132  5813    72  6906
21386    5815   523    72  6906
21387    5813  5815    72  6906
21388     521  5805  5744  6906
21389    4374   162  6383  6951
21390    5810   521   523  6906
21391    5802  5804  3130  6906
21392    5802  3128  5803  6906
21393    5710  2674  6807  6951
21394    5805   521  5810  6906
21395    5768  3115  6860  6907
21396    6591  6395  6790  6957
21397    6737  2375  6957  7115
21398    3114  1175   517  6907
21399    3114   517    70  6907
21400    1564  4163  6790  6957
21401    6112   886  6691  6961
21402    6599  6737  6957  7115
21403    6395  6591  6599  6957
21404    6114  3068  6691  6961
21405    1290  3288  6737  6957
21406    1175  3114  5764  6907
21407     517  1175  5763  6907
21408     517  5771    70  6907
21409    6494  6540  6737  7115
21410    5764  3114    70  6907
21411    1175  5764  5657  6907
21412    5771  2249    70  6907
21413    6863   846   399  3086
21414    6494  6298  6599  7115
21415    2669  4363    33  7116
21416    5764    70  5768  6907
21417    2249  5772    70  6907
21418    5772  3115    70  6907
21419      70  3115  5768  6907
21420    6807  6377  6883  6951
21421    6558  1079  6889  7033
21422     123  3789  5741  6909
21423    2515  3788   715  6909
21424    2160  2162  2163  7104
21425    3752  3753  7017  7075
21426     716  2515   715  6909
21427    5392  1080  2980  7033
21428    3788   123  2514  6909
21429    1718   123  5741  6909
21430    6444  6481  6539  7000
21431     123  3786  2514  6909
21432     457  6499  6539  7000
21433    2160  6776  5532  2161
21434    4119  5067  6539  7000
21435    1622  4805  6354  6948
21436    5064   377  6481  7000
21437     340  6265  6623  7046
21438     883  1258  2322  7108
21439    1361  3974  3975  6912
21440    1361  3978   764  6912
21441    6255  6698  6875  7041
21442    6829  6314  6845  7019
21443    3260  1555  4036  6954
21444     777  3267  3261  6954
21445    6701  3255  6819  6954
21446    3978  2743   764  6912
21447    6585  5864  3143  5867
21448    2743  4635   764  6912
21449    6358  6380  6963  7121
21450    1704   692  1705  7072
21451    5196  5198  6922  7048
21452     817  2632   387  6913
21453    2632   817  1825  6913
21454    4225  1825  5334  6913
21455    5336  5338  4225  6913
21456    5288  5196   238  7048
21457    2941  5597  5599  6971
21458     694  1704  1705  7072
21459    3958  3223  6787  7021
21460     817  1826  1825  6913
21461    5336  4225  5334  6913
21462    5197  5288  2945  7048
21463    5281  2077  6199  6971
21464     908  6577  6629  7021
21465    6553   764  6912  7040
21466    3974  6593  6912  7040
21467    5556  4319  6580  7102
21468    1285   300   301  6915
21469    3246  3244   138  6915
21470    6199  6718  6971  7102
21471     300  3247  2361  6915
21472    4192  2959  6380  6963
21473    2384  1291  1292  6985
21474    2349  2199   264  6916
21475    6281  6238  7006  7062
21476    1873  4463  6755  7023
21477     265  3753  3748  6916
21478    6402  6702  6782  7076
21479     781   560  6729  7018
21480    3065  3753   265  6916
21481    4065  3266   303  7018
21482      97  3429  7006  7062
21483    3928  6122  1751  6916
21484    4461  1873  6755  7023
21485    6782  4560  6859  7076
21486    4562  4563  6702  7076
21487    3266   782  6911  7018
21488    1505  3065   265  6916
21489    2366  3259  6954  7018
21490    6476  4461  6755  7023
21491    3928  1751  1752  6916
21492     264   265  3748  6916
21493    6859  6692  7023  7076
21494    2848  2850  2849  7077
21495    2200  1505   265  6916
21496    4937  2849  6310  7077
21497    1751  3930  1752  6916
21498    3746   264  3748  6916
21499     264  2200   265  6916
21500    3941  2559  6692  7076
21501    2818  7077  2822  2821
21502    6127  3928  1752  6916
21503    1751  3931  3930  6916
21504    2199  2200   264  6916
21505     179  2560   411  7076
21506    3929  6127  1752  6916
21507    3930  2349  1752  6916
21508    2349  3929  1752  6916
21509    5198   229  5196  6922
21510    6428  6771  6818  7111
21511    2079  5194  5193  6922
21512    5195  6849  1814  6922
21513    4788  4779  6644  7111
21514     806  2079  5193  6922
21515     806  5290  2079  6922
21516    3601  3594  1326  6923
21517    2463  1043  2462  6923
21518    1668  3592  2463  6923
21519    2946  5299  6815  7098
21520    1668  3594  5233  6923
21521    2463  3592  1043  6923
21522    3592  1668  5228  6923
21523    4180  6417  6870  7098
21524    3596  1668  5233  6923
21525    5228  1668  3593  6923
21526    2598  6446  6608  7015
21527    3343  1586   588  6924
21528     161  1586   849  6924
21529    4368  1585  1586  6924
21530     850  1585  4368  6924
21531     850  3341  1585  6924
21532    4087  6561  6687  7015
21533     161  4368  1586  6924
21534     850  4368   851  6924
21535    4368   161   851  6924
21536    3341   850  3342  6924
21537     161   852   851  6924
21538    4140  1025  5136  6925
21539    4138  4132  1025  6925
21540    2886  2890  2887  6925
21541    4132  1024  4133  6925
21542    1024  2886  2887  6925
21543    5136  2041  5135  6925
21544    2890  2886  2888  6925
21545    4132  4131  1024  6925
21546    3307  2382  1568  6926
21547    6276  6314  6709  6986
21548    2386  1568  2383  6926
21549    3307    87   576  6926
21550    6189  6600  6934  7039
21551    3306  1568  2386  6926
21552      87  4209   576  6926
21553    4321  4310  6772  7072
21554    3629   239  3633  6927
21555    6493  2893  6770  7088
21556     112  1677  1061  6927
21557    4322  1575  6738  7072
21558    5298  5301  1061  6927
21559    3732  1123  1705  7072
21560    4161  2619  6494  7088
21561    6269  6191  6538  7072
21562    3628  5298  1061  6927
21563    6191  6738  6772  7072
21564    2938  2937  5266  6930
21565    2068  2938  2067  6930
21566    2938  5266  2067  6930
21567    6589   589  6650  7025
21568    1630   627  1632  6931
21569    4410   861  6369  7025
21570     627  1630  4866  6931
21571    5270  5269  1054  6932
21572    5269  5270  2070  6932
21573    6744  6566  6759  7120
21574    6218  2844  6244  6994
21575    5268  5270  1054  6932
21576    5270  5273  2070  6932
21577    2445  2447  2446  6994
21578    5270  2935  2936  6932
21579    5146  2895  1054  6932
21580    5146  1054  2893  6932
21581    6188  6273  6503  7120
21582    2895  5268  1054  6932
21583    5268  2935  5270  6932
21584    1054  2046  2893  6932
21585    5139  2042  5140  6933
21586    1670  3604  6781  7106
21587    1052  2894  5141  6933
21588    5140  2042  5141  6933
21589    1052  2895  2894  6933
21590    5266  1052  2067  6933
21591    1052  5265  2067  6933
21592    6723    34  6853  7044
21593    2895  1052  1053  6933
21594    1052  5266  1053  6933
21595    4378    34  4372  7044
21596    4379  4378  4372  7044
21597     746  2551  1266  6934
21598    6063  1264  3196  6934
21599    1543  6065  2331  6934
21600    2330  2551  6062  6934
21601    3916  2551   746  6934
21602    2331  6068  1266  6934
21603    1195   860  5828  7064
21604    1637  3482  3486  7065
21605    6074  3197  5998  6935
21606    2332  6074  5998  6935
21607    5998  3197  5997  6935
21608    2301   288  6856  7008
21609    2332  3199  6074  6935
21610    2306  5998  1539  6935
21611    3197  6074  3198  6935
21612    6074  3199  3198  6935
21613    5827  6268  4862  4027
21614    5998  5997  1539  6935
21615    5976   288  1876  7008
21616    1194  6323  2258  5821
21617    3197  3198  6077  6935
21618    3199  3201  3198  6935
21619    3135  5827   524  7064
21620    2408  3356    95  6936
21621    3356  2408  2407  6936
21622     639  5003  6795  7100
21623    4446  3356  2407  6936
21624    4445   403  4446  6936
21625    1559  3275  1560  6937
21626     145  4097  4098  6937
21627    2368  1559  1560  6937
21628    4119  2868  5067  7000
21629    6499  6297  6847  7000
21630    2516  3782  2517  6938
21631    4009  4805  1622  6948
21632    2517  3088   714  6938
21633    1962  4008   140  6948
21634    2517   121   122  6938
21635    3088  2517   122  6938
21636    3782   121  2517  6938
21637    4008  1962  4806  6948
21638    3781  3088   122  6938
21639    4498  6031  6637  6939
21640    6676  3830  6765  7109
21641    6573  4399  6848  7109
21642    3893  6029  1256  6939
21643    1086  1087  3660  6973
21644    2212  3076  6860  7105
21645    6029  3893  2323  6939
21646     244  4223  1066  6970
21647      57  5336  6435  6970
21648    3893  1256  1257  6939
21649    5766  2248  6799  7105
21650     269  2213  1858  7105
21651    2323  3893  3894  6939
21652    3893   738  3894  6939
21653    5339  2961   244  6970
21654    6272  6183  6547  6970
21655    1194  6573  6765  7109
21656    6031  2323  3894  6939
21657     738  6041  3894  6939
21658    2093   244  6822  6970
21659    1824  4223  6734  6970
21660    4498  2323  6031  6939
21661    5817  5818  6765  7109
21662    6553  4638  7040  7093
21663    5520   490  5521  6941
21664    3018   490  5386  6941
21665     478  2979  5386  6941
21666     477  5391  2980  6941
21667     478  5391   477  6941
21668    5521   490  2156  6941
21669    2156   490   492  6941
21670    3018  1491   490  6941
21671    6517  1412  6553  7093
21672     490  1491   492  6941
21673    6167  6243  6419  7034
21674    1276  4514  4515  6942
21675    1276  1891  4514  6942
21676    3373  2409   594  6942
21677    1301  2409  3373  6942
21678    1891  3372  3373  6942
21679    5265  6482  6933  7043
21680    6291  2075  6575  7020
21681    1276  4515  3920  6942
21682    1891  1276  1890  6942
21683     888  1891  1890  6942
21684    3372  1301  3373  6942
21685    4510  3372  1891  6942
21686    6385  2318  6618  6987
21687    2076  1057  6291  7020
21688     888  4510  1891  6942
21689     896  2718  2717  6944
21690    2413  4561  2718  6944
21691    6211  6409  6477  7100
21692    4726  4727  6752  7006
21693    1193  5819  3828  6945
21694    3823    17  5819  6945
21695    3308  4209  6423  7047
21696    6725  6468  6966  7006
21697      17  3823  3822  6945
21698    2524    17  3822  6945
21699    1193  5820  5819  6945
21700    1398   866  1399  7004
21701     425  4721  6725  7006
21702    5824  3823  5819  6945
21703    5820  1520  5819  6945
21704    6468  3428  6905  7006
21705    1520  5824  5819  6945
21706    5824  5823  3823  6945
21707    1720  2518   714  6947
21708    5720  3790  1720  6947
21709    5720  5719   270  6947
21710     270  5719   714  6947
21711    6365  6499  6847  7000
21712    1719  3790  1721  6947
21713    5721  5720   270  6947
21714    1162   270   714  6947
21715    3790  5720   717  6947
21716    5720  5721  3811  6947
21717    2868  4119   377  7000
21718    6539  6365  6847  7000
21719    6148  6252  6941  7033
21720    5720  5738   717  6947
21721    5738  5720  3811  6947
21722    6252  5520  6941  7033
21723    4468  6476  1875  2690
21724    6677  3488  6701  7009
21725    1875  6949  4468   872
21726    4470  3358  3360  6949
21727    4467  2691  4465  6949
21728    6354  6307  6701  7009
21729    2116  5414  6801  7104
21730    1164   272  3102  6950
21731     272  5802  5803  6950
21732    5803  3128  1165  6950
21733    2109  6252  6289  7033
21734     272  5801  5802  6950
21735    3128  5744  1165  6950
21736    6558  6148  6941  7033
21737     400  2672  1392  6951
21738    1392   854  2674  6951
21739    6554  3750  7017  7075
21740    4381   853   162  6951
21741      34  4380  1392  6951
21742    4380   854  1392  6951
21743    3218  1280  6961  7075
21744    3652  3653  1682  7066
21745    5970   130  5975  6952
21746     130  1741  1739  6952
21747    5403  3651   480  7066
21748     130  5970  3876  6952
21749     632  2437  6677  7009
21750     130  1739  1738  6952
21751    1741   130  3877  6952
21752     130  3876  3877  6952
21753    2438  1636  1317  7009
21754     361  1741  3877  6952
21755    3876  5970  5969  6952
21756     361  3877  3171  6952
21757    3876  5969  5972  6952
21758    1677  6453  6927  7087
21759    2366  3267  3268  6954
21760    3260  3259  1555  6954
21761    1555  3259  3257  6954
21762    1910   908   909  6955
21763     606  3406  3405  6955
21764     606  1308  3406  6955
21765     908  4615   909  6955
21766    2638  4237  6783  7113
21767    3404  3403   909  6955
21768    3403  2419   909  6955
21769     606  3405   607  6955
21770    5409  2114  6997  7113
21771    5763  1176  3116  6956
21772    5763  1175  1176  6956
21773    1176  1175  5762  6956
21774    3070  1142  6835  6961
21775    3794  2246  3793  6956
21776    5761  1174  1176  6956
21777     517  5763  3116  6956
21778    3749  3750  6554  6961
21779     517  3116  1180  6956
21780    1290  2375  1289  6957
21781    6515  6485  2669  7116
21782    4270  2646    31  6958
21783    4266   827    88  6958
21784    3003  1100   828  6958
21785     156   826  1384  7012
21786      88   827  1571  6958
21787    2645    31  4267  6958
21788    2647  4270    31  6958
21789    4264  1088  6802  7012
21790    5258  5257  5255  6959
21791    5252  2931  5255  6959
21792    5258  5256   470  6959
21793    1468   470  2931  6959
21794    2930  2931  5252  6959
21795    2930    54  2931  6959
21796    5252  5255   234  6959
21797    5258   470  1050  6959
21798      54  1468  2931  6959
21799    5252  6421  2930  6959
21800    5252   234  5120  6959
21801    1180  3116  3794  6960
21802    3800  3798  5782  6960
21803    3800  5774  3797  6960
21804    3801  2519  2521  6960
21805    3794  6527   719  6960
21806    2376  2375  6737  7115
21807    1378  2617  6849  7115
21808    6115   886  6112  6961
21809    3217  6115  6112  6961
21810     886  6115  6114  6961
21811    6115  3217  3218  6961
21812    3217  6112  3216  6961
21813    3068  2203  1142  6961
21814    1142  2203  2204  6961
21815    1141  2203  3068  6961
21816    6115  6117  6114  6961
21817    6692  6402  7023  7076
21818    2203  1141  2204  6961
21819    1280  6115  3218  6961
21820    3216  6112  6111  6961
21821    6692  6755  6859  7023
21822    3070  3068  1142  6961
21823    1142  3751  5646  6961
21824    3749  1142  2204  6961
21825    1144  1141  3068  6961
21826    6117  6118  6114  6961
21827    1280  6117  6115  6961
21828    3940  3941  6859  7076
21829    6325  6476  6755  7023
21830    3749  3751  1142  6961
21831    6702  6402  6742  7076
21832     411   410  6782  7076
21833    1141  5645  2204  6961
21834    6402  6856  7023  7076
21835    6692  2559  6742  7076
21836    4563   411  6782  7076
21837     179  6702  6742  7076
21838    1362  2568  1762  6964
21839    1362   762  2566  6964
21840    1362  3973  2568  6964
21841     762  3975  3236  6964
21842    1762  1764  3981  6964
21843    3973  1362  2566  6964
21844    6377  6383  6497  6966
21845    6725  6468  6752  6966
21846    6321  6725  6752  6966
21847    6555  6321  6752  6966
21848    6468  6555  6752  6966
21849    2409   594  6942  7123
21850    6281  6238  6515  6966
21851    6515  6238  6690  6966
21852    1894  6986  7019  7123
21853     594  3374  6942  7123
21854    6282  6301  6669  7060
21855    6075  6072  6886  7007
21856    3411  2749  3410  7036
21857    6238  6724  6863  6966
21858    6690  6238  6863  6966
21859    6665  2409  6942  7123
21860    2410  1300  6665  7123
21861     747  2548  6898  7060
21862    3374  4523  6942  7123
21863    6415  6606  6724  6966
21864    6321  6415  6724  6966
21865     738  1745  3895  6969
21866     738  3893  1257  6969
21867     362  1257  3892  6969
21868    6335   683  6892  7011
21869    6037  1745  1351  6969
21870    1745   362  1351  6969
21871    4556  2305  6854  6990
21872    1376   378  6308  6988
21873    3896  6037  1351  6969
21874    6402  6325  6856  7008
21875     738  3895  1260  6969
21876    6041   738  1260  6969
21877      55  5284  2943  6971
21878    5598   258   259  6971
21879    4326  1848  1847  6971
21880    1471    55  2943  6971
21881    5285  5284    55  6971
21882     258   499  4325  6971
21883      55  1471  2940  6971
21884     499   258  5597  6971
21885    5597   258  5599  6971
21886     259  4326  4327  6971
21887     258  5598  5599  6971
21888    4327  4326  1847  6971
21889    2943  5284  2078  6971
21890    2077  1471  2943  6971
21891    1059  5285    55  6971
21892    5281  1471  2077  6971
21893    2941    55  2940  6971
21894    4328   259  4327  6971
21895    2078  5284   237  6971
21896    2942  2943  2078  6971
21897    5284  5285   237  6971
21898    2941  2944    55  6971
21899    2944  1059    55  6971
21900    3696  2492  1691  6977
21901    3682  3683  1332  6977
21902    1823  1067  4220  6978
21903      62  3001    61  6974
21904    3001    62  3002  6974
21905      62    61  2998  6974
21906     251    62  2998  6974
21907      62  3000  3002  6974
21908     251  2997    62  6974
21909    3000    62  5459  6974
21910      62  2997  5459  6974
21911    4220  4221  3305  6978
21912    6623   111  6880  7096
21913    3690  3696  6597  6977
21914    2997   682  5459  6974
21915     682  5458  5459  6974
21916    1691  3695  6426  6977
21917    3667  3668  2245  6976
21918     250  5778  3810  6976
21919    5461   250  3810  6976
21920    5461  3810  3668  6976
21921    3808  1723   723  6976
21922    1723  3803   723  6976
21923    3803  3805   723  6976
21924    5779  3808   723  6976
21925    3796  3803  1723  6976
21926    3805  3809   723  6976
21927    3805  3803   514  6976
21928    6659  6737  7068  7085
21929    3804  3796  1723  6976
21930    6427  6260  6788  7085
21931     682   251  3669  6976
21932     251  3668  3669  6976
21933    3669  6685  3667   681
21934     723  3809  3810  6976
21935    2244  3805   514  6976
21936    5778  5779   723  6976
21937    2997   251   682  6976
21938    2244  3809  3805  6976
21939    3667  6976  3669  3668
21940     250   251  2998  6976
21941    5778   723  3810  6976
21942     251  5461  3668  6976
21943    3809  2244  2245  6976
21944     251   250  5461  6976
21945    3622   671  6265  7096
21946    4776  6572  4775  6979
21947     648  2860  3526  6980
21948    2860  2861   455  6980
21949    2862  2861  1450  6980
21950    1450  2866   456  6980
21951    1653   648  3527  6980
21952    2867  2866  1004  6980
21953    2861  2862   455  6980
21954    2866  2867   456  6980
21955     231  2057   232  6981
21956     802  1810   380  6981
21957    1811   380  4153  6981
21958    3923  6110  1750  7061
21959    1354  2552   366  7061
21960    3922  3925   366  7061
21961     512  3087  1160  7002
21962    3087  2231  1160  7002
21963    6401  6883   512  6712
21964    3781  5715  6401  7002
21965    3087    68  2231  7002
21966    3913  1749  3914  6982
21967    1750  6110  6845  7061
21968    3912   744  1749  6982
21969    3925  3922  6829  7061
21970    3204  3913  3914  6982
21971    3913  3912  1749  6982
21972     744  3912  3908  6982
21973     744   741  1749  6982
21974     741  2547  1749  6982
21975    3913  3204  6087  6982
21976    3204  3914  3915  6982
21977    2340  3912  3913  6982
21978    1751  3931  6916  7061
21979    6087  3204  6088  6982
21980    2340  3913  6087  6982
21981    6996   366   749  1355
21982    6281  6273  6292  7002
21983    6292  5722  6295  7002
21984     556    82  1554  6984
21985    1285   556  1284  6984
21986    1554    82  2362  6984
21987      82  3990  1766  6984
21988      82  3252  2362  6984
21989    3993    82  1766  6984
21990    3993  3253    82  6984
21991      82  3253  3252  6984
21992    6314  6278  6373  7124
21993    6216  6198  6388  7124
21994     889   890  4524  6986
21995    6575   387  6913  7020
21996    1239  6439  6617  7039
21997    1242  2329  6757  7039
21998    4525   889  4524  6986
21999    6439  1239  6914  7039
22000    6169  6198  6216  7124
22001    6216  6598  6845  7124
22002    6214  6291  6575  7020
22003    3172  1240  6914  7039
22004    6314  6845  7019  7124
22005    3675   683  6335  7011
22006    5407  2638  6783  7069
22007     379  4139  2609  6988
22008    4134   378  4135  6988
22009    3006  1485  6900  7011
22010    1180  6956  6960  7114
22011     378   379  4135  6988
22012    1479  1085  6613  7069
22013     379   147  4139  6988
22014    4130  4134  5158  6988
22015    4134  4130   378  6988
22016    6430  6228  6907  7114
22017     378  1375   379  6988
22018    1375   147   379  6988
22019    4130  5158  5157  6988
22020    4130   794   378  6988
22021     378  1376  1375  6988
22022      19   360  2543  6990
22023    3879  2305  1244  6990
22024    5987  1245  1244  6990
22025    3381  4557  4556  6990
22026    4557  3381   896  6990
22027      19  1349  6990  7092
22028    3972  3973  6841  7035
22029     360  5987  3878  6990
22030     360  2542  2543  6990
22031    5987  1244  3179  6990
22032    3381  4556  3382  6990
22033    2716  4557   896  6990
22034    6241  6357  6901  7035
22035     412   763  2723  7035
22036     360  3878  2542  6990
22037    6643  6286  6818  7111
22038    4176  1815  1055  6993
22039    4182  4176  1055  6993
22040    2624  4182  1055  6993
22041    2445  2446  3514  6994
22042     211   991   992  6994
22043     992   991  3514  6994
22044    2844   211   992  6994
22045    2142  1117  2141  6995
22046    3932   550  6769  6996
22047     749  3932  6769  6996
22048    2761  2760  6836  7062
22049     925  4736  2587  7062
22050      97  4733  3429  7062
22051    2587  4022  6806  7062
22052    6132  3936  6610  6996
22053     749  1355  3935  6996
22054    1355    21  3935  6996
22055    6133   749  3935  6996
22056    6238  6281  6806  7062
22057      21  3934  3935  6996
22058    1355   366    21  6996
22059    6134  6133  3935  6996
22060     749  6133   550  6996
22061    6238  2759  6724  7062
22062    1935  3429   925  7062
22063    4733  4734   925  7062
22064     366  3925    21  6996
22065    3935  3934  6132  6996
22066    6134  3935  6132  6996
22067    3932   749   550  6996
22068    2762  2761  6485  7062
22069    4022  2762  6485  7062
22070    3934  3936  6132  6996
22071    3656  2117   116  6997
22072    5774  3797  6960  7114
22073    1758  6408  6542  7067
22074    6187  6317  6408  7067
22075    2391  1295  2389  6998
22076     580    89  1572  6998
22077      89  4261  1572  6998
22078    5393  2482  6889  7033
22079      16  3782  2516  6999
22080    2513    16  2514  6999
22081    6941  2980  5520  5391
22082    3782    16  3779  6999
22083     457  2027  5067  7000
22084    5065  1451  5064  7000
22085      50  5070   457  7000
22086    6088  3204  6237  7001
22087    2664  4332  6237  7001
22088    1148  6088  3206  7001
22089    3206  6088  6237  7001
22090    1148  3206  6237  7001
22091    1149  3080  1510  7001
22092    1149  1510   508  7001
22093    3080  1149  5675  7001
22094    1510   506   508  7001
22095    5668  1149   508  7001
22096     506  1511   508  7001
22097    1511  1148   508  7001
22098     396  4337  1149  7001
22099    5668   396  1149  7001
22100    2664  5668   508  7001
22101    1148  4332   508  7001
22102    4332  2664   508  7001
22103      68  3087   512  7002
22104    2230  1161  1160  7002
22105    1161  2230   711  7002
22106    6401   512    68  6712
22107    1161  4377  1160  7002
22108    1161   711  5722  7002
22109     725  5795  3824  7003
22110    5794  5795   125  7003
22111    4719   425  6725  7006
22112    3825   725  3824  7003
22113    5795  5794   274  7003
22114    3824  5795   274  7003
22115    3825  3824   519  7003
22116     274  5794  1189  7003
22117     519  3824   274  7003
22118    3123   274  5793  7003
22119    3124  3825   519  7003
22120    3123   519   274  7003
22121    1517  3124   519  7003
22122    3123  1517   519  7003
22123    6220  6795  6832  7100
22124    3816  2524  1724  7005
22125    6561  6407  6832  7100
22126    1724  3813   125  7005
22127     987  4994  6832  7100
22128    2524  2525  1724  7005
22129    5794   125  3811  7005
22130    1724  5800  3813  7005
22131     125  3813  3811  7005
22132    5800  1724  3812  7005
22133    3556   654  6530  7050
22134    5143   225  5142  7050
22135    1614    97  3427  7006
22136    3183  1538  6396  7063
22137    4727  4721  4722  7006
22138    4719  1614  4722  7006
22139    4721   425  4722  7006
22140    4536  1897  6865  7063
22141    2709  4542  6000  7063
22142    4727  4726  4721  7006
22143     425  4719  4722  7006
22144    5997  6396  6935  7063
22145    2569   763   412  7035
22146    3973  6357  6841  7035
22147    4640    44  6517  7093
22148    2437   632  1317  7009
22149    3484  3488  2437  7009
22150    2436  3480  1317  7009
22151     632  2436  1317  7009
22152    3488  3485  2437  7009
22153     662  3581  2049  7010
22154    4137  5162  2049  7010
22155    5160  2049  1031  7010
22156    5162   662  2049  7010
22157    5479  4269  1100  7011
22158    2137  4269  5479  7011
22159    4268  3318  1836  7011
22160    4268  2137   683  7011
22161    3675  4268   683  7011
22162    3316  4268  3675  7011
22163    3005  5479  1100  7011
22164    2137  5479  3006  7011
22165    4268  3316  3318  7011
22166    5479  1485  3006  7011
22167    3005  1485  5479  7011
22168    2138  2137  3006  7011
22169    1710  6763  3756  7013
22170     704  2208   503  7013
22171    3756  1336   701  7013
22172    3334  4345  2398  7014
22173       2  3333  3334  7014
22174       2  3334  3339  7014
22175    4345  3333  4344  7014
22176    3334  2398  3339  7014
22177    3333     2  1581  7014
22178       2     3  1581  7014
22179    3333  1581   584  7014
22180    3341     2  3339  7014
22181       2  3341  3342  7014
22182       3  1580  1581  7014
22183       3     2  2397  7014
22184    1581  1580   584  7014
22185    2397     2  3342  7014
22186    1580     3  3332  7014
22187    2598  2600  2599  7015
22188    5840  1728  6445  7016
22189    2532   356  1343  7016
22190    1343   356  1730  7016
22191    2532  1343  1342  7016
22192     356  2532  3833  7016
22193     356  3840  1730  7016
22194    5841   356  3833  7016
22195    1343  2531  1342  7016
22196    3841  1343  1730  7016
22197    2532  1727  3833  7016
22198     356  5841  2533  7016
22199    3841  2531  1343  7016
22200    1727  1728  3833  7016
22201    1728  5841  3833  7016
22202    5841  1728  5840  7016
22203    3750   698  1709  7017
22204    6286  6516  6681  7095
22205    3995  6872  6979  7095
22206    3949   179  6742  7076
22207    6516  6644  7078  7095
22208    1769  6601  7078  7095
22209      22  2576  6681  7095
22210     781  4065   303  7018
22211    3266  4065   782  7018
22212    1558   560   303  7018
22213     560   781   303  7018
22214    3268  1558   303  7018
22215    2366   302  3259  7018
22216    4065  4066   782  7018
22217    1826   818  6580  7020
22218    4224  4216  1057  7020
22219    1057  4216  4212  7020
22220    1058  4224  1057  7020
22221    2075  1057  4212  7020
22222    4224   387  4216  7020
22223    2077  1058  1057  7020
22224     818  4224  1058  7020
22225     817   387  4224  7020
22226     817  4224   818  7020
22227    2076  2077  1057  7020
22228    2942   818  1058  7020
22229    1826   817   818  7020
22230    1548  3219  1547  7022
22231    6122  3219  3927  7022
22232    3219  1279  3927  7022
22233    3220  3219  6122  7022
22234    3219  3220  1547  7022
22235    1548  6109  1279  7022
22236    6109  1548  1278  7022
22237    1548  3216  1278  7022
22238    1935  6806  7006  7062
22239    1279  6110  3927  7022
22240    6109  4513  1277  7022
22241    6109  1278  4513  7022
22242    6109  1277  1279  7022
22243    3216  1548  1547  7022
22244    6724    97  7006  7062
22245    1277  6110  1279  7022
22246    1278  1889  4513  7022
22247    3217  3216  1547  7022
22248    1750  6110  1277  7022
22249     871  2301  5978  7023
22250    4412  1866   589  7025
22251     861  1866  4416  7025
22252    4416  1866  1203  7025
22253    2681   861  4410  7025
22254     861  4416   278  7025
22255    5848  4416  1203  7025
22256     278  4416  5848  7025
22257     861  6369   278  5850
22258    1205   278  5848  7025
22259    4521  1262   408  7026
22260    6042  4521   408  7026
22261    6042  2708  1893  7026
22262    1893  2708  2707  7026
22263    4519  6042  1893  7026
22264    4520  1893  2707  7026
22265     565  3280  3276  7027
22266     375    25  3276  7027
22267    3280  1287  3276  7027
22268    2370   375  3276  7027
22269    1287  1560  2370  7027
22270    1287  3280     1  7027
22271     375  2370  3274  7027
22272    1287  1288  1560  7027
22273    3280  2369     1  7027
22274    1288  1287     1  7027
22275    1288     1  3278  7027
22276     922  3983  4576  7028
22277    3983  3980  4576  7028
22278    1933   922  4576  7028
22279    3985  1933  4718  7028
22280    3985   922  1933  7028
22281    5995  3181  6396  7092
22282    3881  6854  6990  7092
22283    3983   922  4578  7028
22284    1933  4716  4718  7028
22285     922  3985   137  7028
22286     137  3985  4718  7028
22287    3181  5996  7007  7092
22288    3984   922   137  7028
22289    2574   137  4718  7028
22290    3704  1693    13  7031
22291    2495  3712    13  7031
22292    3711   686   687  7031
22293    5522  2155  3706  7031
22294    3712  2494    13  7031
22295    2155  3019  3706  7031
22296    5739  2237   717  7032
22297    3102  2515   716  7032
22298    1721  2237   715  7032
22299    5739  6667   717  1163
22300    1164  5739   272  7032
22301    2237  1721   717  7032
22302    5739  5801   272  7032
22303    1721  3790   717  7032
22304    2980  6941  5520  7033
22305    5520  5521  2153  7033
22306    1743  3887  3885  7034
22307    3884  1743  3885  7034
22308    5992  3887  3888  7034
22309    5992  3886  3885  7034
22310    5974  3887  1743  7034
22311      19  3884  3885  7034
22312    6317  6517  6553  7093
22313    2545    19  3885  7034
22314    3884  1350  1743  7034
22315    3887  5974  3888  7034
22316    5974  1743  2300  7034
22317    1350  3884    19  7034
22318    4640  6517  6686  7093
22319    1604  3408  6686  7093
22320    3883  3882  1743  7034
22321    1350  3883  1743  7034
22322    1743  3882  2300  7034
22323    1350    19  2543  7034
22324    6317  3407  6798  7093
22325    4662  2748  2749  7036
22326    1414  4662  2747  7036
22327    1608  3412  3411  7036
22328    1921  3412  4663  7036
22329    1608  3410  1312  7036
22330    2748  4662  1414  7036
22331    2749  6324  2748  4654
22332    2749   317  3410  7036
22333    3410   317  1313  7036
22334    1312  3410  1313  7036
22335    1423  6633  4748  4755
22336    1677  3631  6453  7087
22337     673   112  3633  7087
22338    4526  2345  1895  7038
22339    6105  3211  3210  7038
22340    3211  6103  6101  7038
22341    6100  3209  3210  7038
22342    1895  2345  1274  7038
22343    4525  4526  1895  7038
22344    3209  3212  3210  7038
22345    3212  6105  3210  7038
22346    6103  3211  3926  7038
22347    4636  3977   764  7040
22348     552  3964  1550  7040
22349    3964   552  3229  7040
22350     552  3976   760  7040
22351    3231  3974  1760  7040
22352    3231   552  1550  7040
22353    4638  3976  4636  7040
22354    3976  4638   760  7040
22355    4635  4636   764  7040
22356    3229   552   760  7040
22357    4638  4639   760  7040
22358    1729  3839   727  7041
22359    1430  2793  1973  7041
22360    2796  2793  1430  7041
22361    1972  2793  2796  7041
22362    1729  5863  5864  7041
22363    5863  1729  2530  7041
22364    3839   728   727  7041
22365    2273  3839  5864  7041
22366    2798  2796  1430  7041
22367     436  2798  1430  7041
22368    2795  1972  2796  7041
22369    1729  3836  2530  7041
22370    2792  1430  1973  7041
22371    2793  1972  1973  7041
22372    3839  2273   728  7041
22373    5868  2273  5864  7041
22374    3143  5868  5864  7041
22375    4840   436  1430  7041
22376    2794  1430  2792  7041
22377    1972  4843  1973  7041
22378    2273  3838   728  7041
22379    5864  6585  3143  7041
22380    2794  4840  1430  7041
22381    4019  3249  1773  7045
22382    1623  4805   618  7045
22383    4798  4019  1773  7045
22384    2955  1473  2953  7046
22385    2955  2953   672  7046
22386    1473  2955  2956  7046
22387    1473  2954  2953  7046
22388     340  2470  2953  7046
22389    2954   340  2953  7046
22390    2953  2470   672  7046
22391    1473  1474  2957  7046
22392    1475  1473  2956  7046
22393    1473  2957  2954  7046
22394    2470   340   341  7046
22395    2954  5322   340  7046
22396    2470  3630   672  7046
22397    3630  3631   672  7046
22398     387  2631  4214  7047
22399    2631  2630  1380  7047
22400    2630  4222  1380  7047
22401    4215   387  4214  7047
22402    4210  4215  4214  7047
22403    4210  4213  3308  7047
22404    1575  4321  6772  7072
22405    6221  6419  6600  7122
22406     692  1704  6538  7072
22407    6497  6169  6966  7122
22408    5602  5601  6570  7072
22409    3817  3815  2525  7049
22410    2524  3817  2525  7049
22411    3818  3815  3817  7049
22412    3817  2524  3822  7049
22413    3815  3818  5814  7049
22414     653  5142  3552  7050
22415    5140  7043  1027  5139
22416     654  3556  1027  7050
22417    3553   654  5142  7050
22418     653  3553  5142  7050
22419    3247   773  2361  7051
22420    4006  1365  4004  7051
22421    3247  1553   773  7051
22422     773  4005   140  7051
22423    1553  4005   773  7051
22424    4004   773   140  7051
22425    5587  3729  5586  7052
22426    1496  5587  5586  7052
22427    3045  1496   498  7052
22428    3728  3045  3724  7052
22429    5587  3728  3727  7052
22430    3724  3045   498  7052
22431    5586  3729  5585  7052
22432    1496  5586  2185  7052
22433    1496  3048   498  7052
22434    3049  1496  2185  7052
22435    3044  3724   498  7052
22436    4990  2010   951  7053
22437    4990   951   636  7053
22438     636  3470  4869  7053
22439    1633   629  4870  7053
22440    4990   636  4993  7053
22441    4046  1782  2592  7054
22442    1716  3775   710  7055
22443    3777   710   120  7055
22444     710  3777  4341  7055
22445     120  3775  1338  7055
22446      34  6853  6951  7074
22447    1155  1716   710  7055
22448    3777   120  5677  7055
22449    1150  3777  5677  7055
22450    4341  6326  4340  3331
22451    1155   710  4341  7055
22452    6853  6723  6951  7074
22453    4340  3777  1150  7055
22454    4340  7055  4341  3777
22455    4353  1155  4341  7055
22456    4353  1156  1155  7055
22457    6172  6187  6318  7057
22458    4577  7028  1933  4576
22459     900   412  2725  7091
22460    3980   901  4577  7091
22461    4715  4577   900  7091
22462     901  3980  4575  7091
22463    6217  6162  6298  7057
22464    6162  6217  6224  7057
22465    6317  6217  6395  7057
22466    6224  6217  6317  7057
22467     901   412   900  7091
22468    6223  6187  6395  7057
22469    6187  6223  6318  7057
22470    6187  6172  6317  7057
22471    6187  6317  6395  7057
22472    1156  4353   160  7059
22473    2223  5692  4354  7059
22474     845  4357   585  7059
22475    4355  4357   845  7059
22476    4356   585   160  7059
22477    4353  4356   160  7059
22478    4355  1157  4354  7059
22479    5693  5692  2223  7059
22480    1157  2223  4354  7059
22481    4364   845   585  7059
22482    4355   845  2670  7059
22483    7060  2550  3907  2549
22484    3907  6600  2550  7060
22485    1353  2549   747  7060
22486    1353  2547  3907  7060
22487    3914  7060  2547  1353
22488     747  2549  2548  7060
22489    2547  6982  3914  1749
22490    2547   741  3907  7060
22491     741   742  3907  7060
22492    1751  2552  1354  7061
22493    6110  3923  2552  7061
22494    1354   366   749  7061
22495    1751  3927  2552  7061
22496    3931  1751  1354  7061
22497    3927  6110  2552  7061
22498     366  6996   749  7061
22499    1751  6122  3927  7061
22500    4734  2759  2761  7062
22501     925  6806  2587  4735
22502    4022  2587  2762  7062
22503    2761  2759  2760  7062
22504    6002  2310   541  7063
22505    2310  3182   541  7063
22506    1248  6002   541  7063
22507    6077  1248   541  7063
22508    5997   541  3183  7063
22509     541  3182  3183  7063
22510    4537  4535  4536  7063
22511    2709  4535  2710  7063
22512    2710  4535  1407  7063
22513    4538  4535  4537  7063
22514    4535  4538  1407  7063
22515     290  2310  6002  7063
22516    3197  6077   541  7063
22517    5997  3197   541  7063
22518    2310  6000  3182  7063
22519    4536  4535  1897  7063
22520    4542  2709  2710  7063
22521    2310   290  6003  7063
22522    3182  1538  3183  7063
22523    6000  2308  3182  7063
22524    2308  2309  3182  7063
22525    2310  6003  6000  7063
22526    4535  2709  1897  7063
22527    2309  1538  3182  7063
22528    4543  4542  2710  7063
22529    2711  4543  2710  7063
22530    1331  3653  3651  7066
22531    2479  3653   345  7066
22532    3653  1331   345  7066
22533    6228  6159  6956  7114
22534     721  3800  6885  7114
22535    1331  3651  2478  7066
22536     721  3799  5774  7114
22537    1806  3290  3289  7068
22538    2609  3291  1806  7068
22539    4139  3297  2609  7068
22540     573  2377  3291  7068
22541     571   570  3290  7068
22542    2377   571  3291  7068
22543    3290   570  3289  7068
22544    4137  1806  3289  7068
22545    2377  3296   571  7068
22546    3296  2376   571  7068
22547    6045   894   176  7069
22548     894  6045   293  7069
22549    6045  1262   293  7069
22550    2112  2981  5407  7069
22551    2981  2112    58  7069
22552     150  4229  5407  7069
22553    2111  2112  4229  7069
22554    1262  6045   176  7069
22555     150   820  4229  7069
22556     820  5406  4229  7069
22557    1262  3191   293  7069
22558     293  3191  1542  7069
22559    2638  2981  5408  7069
22560    3800  5774  6960  7114
22561    2981  2638  5407  7069
22562      58  2112  1479  7069
22563    2112  1085  1479  7069
22564    2112  2111  1085  7069
22565    5406  2111  4229  7069
22566    1262   176   892  7069
22567    4228  5406   820  7069
22568     894   893   176  7069
22569    6047   894   293  7069
22570    2326   293  1542  7069
22571    3799   721  6885  7114
22572    6047   293  6043  7069
22573    6043   293  2326  7069
22574    3776  2510  2511  7073
22575    1716  3776  2511  7073
22576    3775  1716  2511  7073
22577    2510  6928  3776  3771
22578      34  4370  1856  7074
22579     587  3338  3337  7074
22580     587  2397  3342  7074
22581    1280   267  5645  7075
22582    6121  3928   298  7075
22583    1547  6121  6123  7075
22584    3928  6121  3220  7075
22585    3220  6121  1547  7075
22586    5644   267   697  7075
22587    6123  6121   298  7075
22588     697   267  3747  7075
22589    3928  6127   298  7075
22590     697  3747  3746  7075
22591    1547  6123  3218  7075
22592    3220  6916  3928  7075
22593    2204  5644  3750  7075
22594    5644   697  3750  7075
22595     697  3752  3750  7075
22596    3752   697  3753  7075
22597     267  5644  2204  7075
22598    6125  6123   298  7075
22599     697  3746  3748  7075
22600    6123  1280  3218  7075
22601    1547  6961  3218  3217
22602    3750  6961  2204  7075
22603    3753   697  3748  7075
22604    5645   267  2204  7075
22605    6125  1280  6123  7075
22606     975   143  4947  7078
22607    4788  4787   190  7078
22608    1769  1768  4787  7078
22609    2086   668  6896  7096
22610    1785  4946   143  7078
22611    4946  2824  1999  7078
22612    1999   975  4947  7078
22613    1955  4792   190  7078
22614    1955  1768   771  7078
22615    7078  4809  1769  1768
22616    2085  2952  6896  7096
22617    4946  1785   779  7078
22618    1785  6601  1783  1784
22619    1998   975  1999  7078
22620    4792  1954   190  7078
22621    1768  4809   771  7078
22622    4792  1955   771  7078
22623     143   975   969  7078
22624    1769  6601  4809  7078
22625    4054  4946   779  7078
22626    1783  7078  1785   143
22627    4809  4812   771  7078
22628    4927   143   969  7078
22629    1783   143  4927  7078
22630    1612  1613  3423  7082
22631    3420  1613  1612  7082
22632     320  2424  3423  7082
22633    3420  1611  4707  7082
22634    4713  3421  3426  7082
22635     320  2426  2424  7082
22636    2540   735  2539  7083
22637    2540  1346   735  7083
22638    3866  3865   358  7083
22639    2538  2540   358  7083
22640    2539  3868  3866  7083
22641    2539  3871  3868  7083
22642    5955  3871  2539  7083
22643    3865  3864   358  7083
22644    3868  3865  3866  7083
22645    3868  6346  3865  7083
22646    6480  6159  6710  7084
22647    6159  6278  6897  7084
22648    6710  6159  6897  7084
22649    5780  3806  3808  7084
22650    5780  3807  3806  7084
22651    5780  3808  2252  7084
22652    3806  1723  3808  7084
22653    3807  5780  1181  7084
22654    3807  2522  3806  7084
22655    2252  3808  5779  7084
22656    3807  1181  3117  7084
22657    3804  1723  3806  7084
22658    2522  2523  3806  7084
22659     568   569  3289  7085
22660      84   568   570  7085
22661     570   568  3289  7085
22662    4142  3582   107  7085
22663     662  4142   107  7085
22664    5162   569   662  7085
22665    1562    84   570  7085
22666     186  4631  1915  7086
22667     186  1915  4743  7086
22668     912  4744  4746  7086
22669     186  4633  4631  7086
22670    4158  5145  4160  7088
22671    5145   464  4160  7088
22672     464  2892  4160  7088
22673    4161  4159  2892  7088
22674    5145  4158  5144  7088
22675     464  1028  2892  7088
22676    1028  4161  2892  7088
22677     464  5145  2891  7088
22678    1028   464  2045  7088
22679    4161  1028  2619  7088
22680    2893   464  2891  7088
22681    6391  6759  6765  7120
22682     406  4503  3371  7089
22683    1887  3366  1595  7089
22684    3371  1595  3367  7089
22685    1886  1887  4501  7089
22686    1887   406  4501  7089
22687     887   406  3371  7089
22688    3366  6946  4499  4491
22689    3367  1595  1596  7089
22690    3366  4492  1595  7089
22691    1887  1886  4499  7089
22692    4499  7089  3366  1887
22693    1595  1597  1596  7089
22694    4492  1597  1595  7089
22695    6153  6171  6172  7090
22696    6171  6160  6222  7090
22697    6222  6160  6241  7090
22698    6190  6222  6560  7090
22699    6190  6172  6222  7090
22700    6190  6560  6621  7090
22701    6172  6190  6621  7090
22702    5994  3181  5995  7092
22703    5994  2545  3886  7092
22704    2544  1349    19  7092
22705    1246  3881  2544  7092
22706    5996  3181  5994  7092
22707    3886  2545  3885  7092
22708     913  4641  3408  7093
22709    4641  1916  1412  7093
22710    1916  4641   913  7093
22711    4641    44  4640  7093
22712      44  4641  1412  7093
22713    4640  4642  3408  7093
22714     913  3408  1604  7093
22715    1916  4638  4636  7093
22716    4638  1916   913  7093
22717    1916  4637  1412  7093
22718    3407   913  1604  7093
22719     913  3407  4649  7093
22720    4637  1916  4636  7093
22721    4639  4638   913  7093
22722    4639   913  4649  7093
22723    1713   702  1139  7094
22724    3999  3997    22  7095
22725    3997  2780  3995  7095
22726    4778  2780  4779  7095
22727    2780  4788  4779  7095
22728    3995  2780  4778  7095
22729    4002  1769  4000  7095
22730    3997  3996    22  7095
22731    7095  3996  3995  3997
22732    3995  6979  3996  7095
22733    3996  2576    22  7095
22734     671  3622  1063  7096
22735    2086   111   668  7096
22736    2952  3621   473  7096
22737     473  3621  1063  7096
22738    2952  2085   668  7096
22739    3602  1669  3603  7097
22740    3602  3603  2062  7097
22741    1669  3601  1326  7097
22742    3603  1669   663  7097
22743    3603  5231  2062  7097
22744    3599  1669  1326  7097
22745    5230  3603   663  7097
22746    5304  3603  5230  7097
22747    3603  5304  5231  7097
22748    4173  4178  4177  7098
22749    4173  4177  5291  7098
22750    4178  1817  1816  7098
22751    1816  5299  4177  7098
22752    4177   238  5291  7098
22753    4177  5292   238  7098
22754    2946  5292  4177  7098
22755    1817  4180  1816  7098
22756    5302  5299  1816  7098
22757    5299  2946  4177  7098
22758    5302  1816  4179  7098
22759    3816  7099  2527  1341
22760    2524  3816    17  7099
22761    2843  4994  5003  7100
22762    5005  2843  5003  7100
22763    5005   989  2843  7100
22764    4992  4994  2842  7100
22765    4994   987  5003  7100
22766     989  2842  2843  7100
22767    5005  5003   639  7100
22768     989  5005  1645  7100
22769    3510  5005   639  7100
22770    5003   987  3508  7100
22771     989  5004  2842  7100
22772    1363  1364   369  7101
22773    4319   842   839  7102
22774    4318  2663  1387  7102
22775    4317  4318  1387  7102
22776    1846   842  1848  7102
22777    5556   842  4319  7102
22778    1848   842  1847  7102
22779     842  5556  1847  7102
22780    3105  6483  6582  7103
22781    6582  6483  6950  7103
22782    3104  3102  6950  7103
22783    3101  3104  6950  7103
22784    1167   622   713  7103
22785    5740  1166  3789  7103
22786    1166  5740  3101  7103
22787     622  1627  4803  7103
22788    1627  3458  4803  7103
22789    1965  1167  7103  4822
22790    1627  1965  1626  7103
22791    3789  1166  5741  7103
22792    1166  3101  5743  7103
22793    1627  1626  3459  7103
22794    3458  1627  3459  7103
22795    4822  1627   622  7103
22796    4822  7103  1965  1627
22797    1168  1166  5743  7103
22798    5740  3102  3101  7103
22799    5743  3101  1514  7103
22800    1166   713  5741  7103
22801    1167  1166  1168  7103
22802    3102  3104  3101  7103
22803    3101  3105  1514  7103
22804    1166  1167   713  7103
22805    3076   269  5662  7105
22806     269  3076  2212  7105
22807    1670  1040  5211  7106
22808    5295  1670  5211  7106
22809    5211  1040  1041  7106
22810    5209  5211  1041  7106
22811    1060  5295  5211  7106
22812    5295  3604  1670  7106
22813    5209  1041  5208  7106
22814    5209  1060  5211  7106
22815    6538  4310  7072  7107
22816    4321  1574  6772  7107
22817    4307  1844   159  7107
22818    1844   838   159  7107
22819    4307   582  1844  7107
22820    3326   838  1844  7107
22821    2190  5608   159  7107
22822    4306  4307   159  7107
22823     838  4309   159  7107
22824     582  3326  1844  7107
22825    3326  1574   838  7107
22826    4309  2190   159  7107
22827    4309   838  5607  7107
22828    4321  4310   838  7107
22829     838  4310  5607  7107
22830    1574  4321   838  7107
22831    1258  3188  2321  7108
22832    1258  4498  2322  7108
22833    6029  2323  1258  7108
22834    2323  4498  1258  7108
22835    6029  1258  2321  7108
22836    4401  4397  4399  7109
22837    4399  4397  3831  7109
22838    4397  3829  3831  7109
22839    1194  4398  4400  7109
22840    4397  4401  4398  7109
22841    3829  3830  5798  7109
22842    3831  3829  1190  7109
22843    4396  4399  3831  7109
22844    5799  3831  1190  7109
22845    5272  5191  1029  7110
22846    5191  5272   806  7110
22847    7110  4174  5271  5272
22848    5271  5272  1029  7110
22849    1029  5191  5192  7110
22850     806  5272  4172  7110
22851    5272  1815  4172  7110
22852    5191   806  5192  7110
22853    6280  6188  6697  7120
22854    5271  6993  4174  7110
22855    1029  5192  1814  7110
22856    1815  5272  4174  7110
22857     806  5193  5192  7110
22858    6219  7005  7099  7120
22859    2776   189  4779  7111
22860    2776  4788  2779  7111
22861    4788  2776  4779  7111
22862     189  4778  4779  7111
22863    4621  4616    43  7112
22864    4617  4615  4619  7112
22865    4615  4616   909  7112
22866    4616  3404   909  7112
22867     605  4616  4621  7112
22868    3404  4616   605  7112
22869     605  4621  4622  7112
22870     604  3403  3404  7112
22871     604  3404   605  7112
22872     605  4622  1602  7112
22873    2638  2113  4237  7113
22874     247  1480   480  7113
22875    5409   247  2114  7113
22876    2113  5409  4239  7113
22877     247  1682  2114  7113
22878    5408    58  1480  7113
22879    4237  2113  4239  7113
22880    3652   247   480  7113
22881     247  3652  1682  7113
22882    2981    58  5408  7113
22883    5771  2250  2249  7114
22884    2250  5771   517  7114
22885    2374    85   574  7115
22886     805  2373  2615  7115
22887    2375  2374  2372  7115
22888    2615  2373   574  7115
22889    3296  2374  2376  7115
22890    2374  3296    85  7115
22891    2374  2375  2376  7115
22892     805  2615  1378  7115
22893    1379  2615   574  7115
22894    1812  1379   574  7115
22895    1378  2615  1379  7115
22896    2617  1378  1379  7115
22897     846  6863   399  7116
22898    4358   846  2667  7116
22899    4358  1159   846  7116
22900    3351  2401  7080  7117
22901    4419    93  1867  7117
22902    4421  4419   402  7117
22903    4419  4421   312  7117
22904      93  4419  1590  7117
22905    4419   312  1590  7117
22906    4421   402  2683  7117
22907    4421   311   312  7117
22908     312  3351  1590  7117
22909     311  4421  4422  7117
22910     312  2401  3351  7117
22911    3637  2474   674  7118
22912    5352   342  3637  7118
22913    2474   342  2476  7118
22914    1678  3634   342  7118
22915    5361  3637   674  7118
22916    5352  1678   342  7118
22917     342  1330  2476  7118
22918    2097  5352  3637  7118
22919    3637  5361  2971  7118
22920    2097  3637  2971  7118
22921    5361  6552  2971  7118
22922    5148  1028  2045  7119
22923    4170  1028  5148  7119
22924    2046  5147  2045  7119
22925    7119  5269  2046  5147
22926    2046  6932  5269  7119
22927     464  2046  2045  7119
22928    2046   464  2893  7119
22929    6711  6532  7003  7120
22930    6391  6288  6743  7120
22931    6743  6288  6744  7120
22932    6413  6391  6573  7120
22933    6413  6573  6676  7120
22934    6188  6170  6239  7120
22935    6239  6170  6288  7120
22936    6239  6288  6374  7120
22937    6374  6288  6391  7120
22938    6239  6374  6391  7120
22939    6711  7003  7005  7120
22940    6503  6711  7005  7120
22941    6759  6219  6945  7120
22942    6945  6219  7099  7120
22943    6344  7120  6648  6701
22944    6280  6344  6701  7120
22945    6344  6280  6503  7120
22946    6170  6280  6288  7120
22947    6170  6188  6280  7120
22948    6219  6566  6701  7120
22949    6273  6239  6452  7120
22950    6273  6452  6532  7120
22951    6503  6219  6648  7120
22952    6648  6219  6701  7120
22953    7120  6344  6648  6503
22954    3375  2410  2411  7123
22955    2410  3377  2411  7123
22956     890   889  2411  7123
22957    6278  6362  6373  7124
22958    6986  6314  7019  7124
22959    7019  6942  7123  7124
22960    6986  7019  7123  7124
22961    6160  6276  6641  7124
22962    6198  6160  6641  7124
22963    6160  6169  6362  7124
22964    6169  6160  6198  7124
22965    6590  6986  7123  7124
22966    6590  6488  6986  7124
# Generated by C:\CCH\Projects\github-software\tetgen1.5.1\build\Release\tetgen.exe -p -q C:\CCH\3dModel\cube6k.stl 
