7124  3  0  0
   1    -0.3125  -0.375  1
   2    1  0.3125  -0.375
   3    1  0.375  -0.3125
   4    1  -0.375  0.3125
   5    -0.375  0.3125  -1
   6    0.3125  -0.3125  -1
   7    0.6875  -0.375  1
   8    -0.3125  0.625  1
   9    -0.6875  -0.625  1
  10    -1  0.625  0.6875
  11    -1  -0.6875  -0.6875
  12    0.625  -1  0.3125
  13    -0.6875  -1  -0.375
  14    1  -0.375  -0.6875
  15    1  -0.3125  -0.6875
  16    1  0.6875  0.3125
  17    1  0.3125  0.6875
  18    -0.625  -0.3125  -1
  19    0.375  0.6875  -1
  20    -0.3125  -0.6875  -1
  21    0.625  -0.6875  -1
  22    0.125  1  0.6875
  23    0.625  1  0.1875
  24    0.1875  0.125  1
  25    -0.1875  -0.1875  1
  26    -0.6875  -0.1875  1
  27    -0.625  -0.1875  1
  28    -1  -0.1875  -0.625
  29    0.1875  -1  -0.625
  30    0.625  -1  -0.1875
  31    0.1875  -1  -0.125
  32    1  0.1875  -0.6875
  33    1  0.6875  -0.125
  34    1  0.125  -0.1875
  35    1  -0.1875  0.6875
  36    1  -0.6875  0.125
  37    -0.6875  0.125  -1
  38    -0.125  0.1875  -1
  39    -0.1875  0.125  -1
  40    0.625  1  -0.8125
  41    0.1875  1  -0.375
  42    -0.3125  1  -0.875
  43    -0.8125  1  -0.375
  44    -0.375  1  0.1875
  45    -0.8125  1  0.6875
  46    0.8125  1  0.3125
  47    0.8125  0.3125  1
  48    0.1875  -0.3125  1
  49    -0.875  0.1875  1
  50    -0.375  -0.8125  1
  51    -1  0.875  0.8125
  52    -1  0.8125  0.3125
  53    -1  0.375  -0.1875
  54    -1  -0.8125  0.6875
  55    -1  -0.875  0.1875
  56    -1  0.1875  -0.3125
  57    -1  -0.8125  -0.3125
  58    -0.125  -1  -0.8125
  59    -0.1875  -1  -0.875
  60    -0.125  -1  -0.3125
  61    0.875  -1  -0.3125
  62    0.8125  -1  -0.375
  63    0.375  -1  0.1875
  64    0.1875  -1  0.875
  65    -0.875  -1  0.3125
  66    1  0.8125  -0.875
  67    1  0.875  -0.3125
  68    1  0.375  0.1875
  69    1  0.8125  0.1875
  70    1  -0.3125  -0.125
  71    1  -0.8125  -0.125
  72    1  0.625  0.8125
  73    1  0.1875  0.875
  74    1  -0.8125  0.875
  75    1  -0.8125  0.8125
  76    -0.8125  -0.6875  -1
  77    -0.3125  0.8125  -1
  78    0.8125  0.125  -1
  79    0.8125  -0.875  -1
  80    0.8125  -0.8125  -1
  81    0.125  1  0.4375
  82    0.375  1  0.1875
  83    -0.4375  -0.375  1
  84    -1  0.4375  0.375
  85    -1  0.1875  0.375
  86    -1  -0.375  -0.4375
  87    -1  -0.4375  -0.125
  88    0.375  -1  -0.1875
  89    0.125  -1  -0.4375
  90    -0.4375  -1  0.1875
  91    1  -0.1875  0.375
  92    1  -0.375  0.4375
  93    1  -0.4375  0.125
  94    -0.4375  0.125  -1
  95    -0.4375  0.1875  -1
  96    0.4375  1  -0.8125
  97    0.625  1  -0.1875
  98    -0.4375  1  0.625
  99    -0.4375  1  0.875
 100    -0.4375  1  0.8125
 101    0.8125  0.5625  1
 102    -0.4375  0.8125  1
 103    -0.4375  0.625  1
 104    -0.5625  0.1875  1
 105    -0.625  -0.5625  1
 106    -1  -0.375  0.5625
 107    -1  0.5625  0.5625
 108    -1  -0.5625  0.4375
 109    -1  -0.625  0.1875
 110    -1  -0.8125  0.375
 111    -1  0.4375  -0.625
 112    -1  0.125  -0.5625
 113    -1  -0.5625  -0.875
 114    -0.375  -1  -0.8125
 115    -0.4375  -1  -0.8125
 116    -0.1875  -1  -0.5625
 117    0.5625  -1  0.1875
 118    -0.5625  -1  -0.4375
 119    -0.875  -1  0.5625
 120    1  0.5625  -0.625
 121    1  0.625  0.1875
 122    1  0.5625  0.1875
 123    1  0.8125  0.4375
 124    1  -0.625  -0.4375
 125    1  0.375  0.5625
 126    1  -0.5625  0.5625
 127    -0.5625  -0.4375  -1
 128    -0.875  0.5625  -1
 129    -0.5625  0.5625  -1
 130    0.125  0.5625  -1
 131    0.4375  0.875  -1
 132    -0.4375  -0.5625  -1
 133    -0.4375  -0.8125  -1
 134    -0.3125  1  -0.5625
 135    -0.3125  1  -0.625
 136    0.0625  1  0.125
 137    0.125  1  0.0625
 138    0.125  1  0.3125
 139    0.0625  1  0.3125
 140    0.375  1  0.5625
 141    0.5625  0.125  1
 142    0.375  0.5625  1
 143    0.0625  0.875  1
 144    0.125  0.0625  1
 145    -0.5625  -0.0625  1
 146    -0.8125  -0.125  1
 147    -1  0.125  0.5625
 148    -1  -0.0625  -0.125
 149    -1  -0.0625  -0.5625
 150    0.0625  -1  -0.8125
 151    0.375  -1  -0.5625
 152    0.3125  -1  -0.5625
 153    0.625  -1  -0.3125
 154    0.5625  -1  -0.375
 155    0.875  -1  -0.0625
 156    0.0625  -1  -0.3125
 157    -0.0625  -1  0.0625
 158    -0.125  -1  0.3125
 159    -0.375  -1  0.5625
 160    1  0.5625  -0.375
 161    1  0.0625  -0.375
 162    1  0.3125  -0.0625
 163    1  0.0625  -0.0625
 164    1  -0.125  0.0625
 165    1  -0.3125  0.0625
 166    1  -0.5625  0.0625
 167    1  -0.8125  0.125
 168    -0.3125  0.625  -1
 169    -0.125  0.0625  -1
 170    0.0625  -0.0625  -1
 171    0.3125  -0.0625  -1
 172    0.125  -0.3125  -1
 173    0.0625  -0.3125  -1
 174    0.625  -0.0625  -1
 175    0.125  -0.5625  -1
 176    0.0625  -0.875  -1
 177    0.3125  1  -0.9375
 178    0.0625  1  -0.9375
 179    0.0625  1  -0.6875
 180    -0.125  1  -0.9375
 181    -0.4375  1  -0.875
 182    -0.375  1  -0.6875
 183    -0.9375  1  -0.875
 184    -0.9375  1  -0.625
 185    -0.875  1  -0.1875
 186    -0.1875  1  0.125
 187    -0.875  1  0.8125
 188    0.9375  1  -0.125
 189    -0.125  1  0.6875
 190    -0.0625  1  0.875
 191    0.6875  1  0.375
 192    0.1875  1  0.9375
 193    0.4375  1  0.875
 194    0.625  1  0.9375
 195    0.6875  1  0.9375
 196    0.9375  1  0.875
 197    0.875  -0.3125  1
 198    0.875  -0.0625  1
 199    0.375  -0.3125  1
 200    0.375  -0.0625  1
 201    0.9375  0.375  1
 202    0.875  0.6875  1
 203    0.9375  0.9375  1
 204    0.4375  0.6875  1
 205    0.4375  0.875  1
 206    -0.0625  0.1875  1
 207    -0.0625  0.625  1
 208    0.5625  -0.9375  1
 209    0.0625  -0.4375  1
 210    0.3125  -0.875  1
 211    0.125  -0.6875  1
 212    -0.4375  0.375  1
 213    -0.4375  0.125  1
 214    -0.6875  0.5625  1
 215    -0.9375  0.8125  1
 216    -0.875  0.3125  1
 217    -0.1875  -0.9375  1
 218    -0.4375  -0.9375  1
 219    -0.6875  -0.4375  1
 220    -1  -0.8125  0.875
 221    -1  -0.5625  0.625
 222    -1  -0.625  0.6875
 223    -1  -0.3125  0.875
 224    -1  -0.0625  0.9375
 225    -1  -0.125  0.4375
 226    -1  0.375  0.9375
 227    -1  0.9375  0.875
 228    -1  0.9375  0.1875
 229    -1  0.1875  -0.0625
 230    -1  0.4375  -0.0625
 231    -1  0.6875  -0.0625
 232    -1  0.625  -0.0625
 233    -1  0.875  -0.8125
 234    -1  -0.625  0.5625
 235    -1  -0.9375  0.5625
 236    -1  -0.125  0.0625
 237    -1  -0.9375  0.0625
 238    -1  0.0625  -0.1875
 239    -1  0.0625  -0.4375
 240    -1  0.5625  -0.625
 241    -1  0.875  -0.9375
 242    -1  0.5625  -0.9375
 243    -1  0.125  -0.6875
 244    -1  -0.6875  -0.375
 245    -1  -0.875  -0.4375
 246    -0.5625  -1  -0.9375
 247    -0.125  -1  -0.6875
 248    0.4375  -1  -0.625
 249    0.625  -1  -0.4375
 250    0.9375  -1  -0.375
 251    0.875  -1  -0.4375
 252    0.9375  -1  -0.1875
 253    0.875  -1  0.0625
 254    -0.9375  -1  -0.8125
 255    -0.1875  -1  -0.125
 256    0.125  -1  0.4375
 257    0.0625  -1  0.375
 258    -0.875  -1  0.1875
 259    -0.9375  -1  0.125
 260    -0.375  -1  0.6875
 261    -0.125  -1  0.9375
 262    -0.9375  -1  0.6875
 263    -0.9375  -1  0.875
 264    1  -0.5625  -0.9375
 265    1  -0.5625  -0.875
 266    1  -0.5625  -0.6875
 267    1  -0.375  -0.9375
 268    1  -0.0625  -0.6875
 269    1  -0.0625  -0.1875
 270    1  0.4375  0.375
 271    1  0.9375  0.375
 272    1  0.6875  0.625
 273    1  0.0625  0.125
 274    1  0.3125  0.4375
 275    1  0.625  0.9375
 276    1  0.5625  0.9375
 277    1  0.3125  0.9375
 278    1  -0.375  0.6875
 279    1  -0.9375  0.6875
 280    -0.9375  -0.875  -1
 281    -0.875  -0.5625  -1
 282    -0.6875  -0.125  -1
 283    -0.1875  -0.0625  -1
 284    -0.125  -0.0625  -1
 285    -0.1875  -0.125  -1
 286    -0.875  0.9375  -1
 287    -0.375  0.9375  -1
 288    0.0625  0.625  -1
 289    0.5625  0.875  -1
 290    0.8125  0.9375  -1
 291    0.875  0.9375  -1
 292    -0.375  -0.9375  -1
 293    -0.0625  -0.875  -1
 294    0.9375  0.5625  -1
 295    0.6875  0.125  -1
 296    0.1875  -0.9375  -1
 297    0.125  -0.9375  -1
 298    0.9375  -0.4375  -1
 299    0.875  -0.6875  -1
 300    0.3125  1  0.375
 301    0.25  1  0.3125
 302    0.3125  0.375  1
 303    0.3125  0.25  1
 304    -0.3125  -0.4375  1
 305    -0.25  -0.4375  1
 306    0.4375  -1  -0.3125
 307    -0.3125  -1  0.375
 308    -0.25  -1  0.4375
 309    -0.375  -1  0.3125
 310    -0.3125  -1  0.25
 311    1  -0.4375  0.3125
 312    1  -0.4375  0.25
 313    1  -0.3125  0.3125
 314    0.3125  1  -0.5625
 315    -0.5625  1  -0.6875
 316    -0.5625  1  -0.75
 317    -0.6875  1  0.25
 318    -0.625  1  0.3125
 319    0.6875  1  -0.25
 320    0.6875  1  -0.375
 321    -0.3125  1  0.6875
 322    -0.3125  1  0.625
 323    0.75  1  0.6875
 324    0.6875  -0.3125  1
 325    0.75  -0.3125  1
 326    0.5625  -0.3125  1
 327    0.625  -0.3125  1
 328    0.75  -0.4375  1
 329    -0.3125  0.5625  1
 330    -0.25  0.5625  1
 331    -0.75  0.4375  1
 332    -0.6875  0.375  1
 333    -0.6875  -0.5625  1
 334    -0.625  -0.6875  1
 335    -1  -0.3125  0.6875
 336    -1  -0.4375  0.6875
 337    -1  0.6875  0.625
 338    -1  -0.6875  0.3125
 339    -1  -0.75  0.4375
 340    -1  0.3125  -0.75
 341    -1  0.3125  -0.6875
 342    -1  -0.5625  -0.6875
 343    -1  -0.6875  -0.75
 344    -1  -0.6875  -0.625
 345    -0.3125  -1  -0.625
 346    0.625  -1  -0.6875
 347    0.5625  -1  -0.75
 348    0.6875  -1  0.25
 349    0.3125  -1  0.5625
 350    -0.6875  -1  0.75
 351    -0.75  -1  0.6875
 352    -0.6875  -1  0.625
 353    1  -0.25  -0.6875
 354    1  0.6875  -0.6875
 355    1  0.5625  -0.75
 356    1  -0.75  0.5625
 357    -0.6875  -0.375  -1
 358    -0.6875  0.75  -1
 359    -0.75  0.5625  -1
 360    0.3125  0.75  -1
 361    0.25  0.5625  -1
 362    -0.25  -0.5625  -1
 363    -0.3125  -0.5625  -1
 364    -0.375  -0.6875  -1
 365    -0.4375  -0.6875  -1
 366    0.6875  -0.625  -1
 367    0.5625  -0.6875  -1
 368    -0.75  1  -0.0625
 369    0.1875  1  0.1875
 370    0.25  1  0.6875
 371    0.6875  0.1875  1
 372    0.1875  0.75  1
 373    0.0625  0.25  1
 374    0.25  0.0625  1
 375    -0.25  -0.1875  1
 376    -0.5625  -0.25  1
 377    -0.25  -0.6875  1
 378    -1  0.1875  0.6875
 379    -1  0.1875  0.625
 380    -1  0.6875  0.125
 381    -1  0.5625  0.25
 382    -1  0.1875  0.0625
 383    -1  -0.1875  -0.1875
 384    -1  -0.25  -0.6875
 385    -1  -0.1875  -0.6875
 386    -1  -0.5625  -0.1875
 387    -1  -0.6875  -0.0625
 388    0.6875  -1  -0.125
 389    0.1875  -1  -0.25
 390    0.125  -1  -0.1875
 391    0.0625  -1  -0.1875
 392    -0.1875  -1  0.25
 393    -0.125  -1  0.6875
 394    -0.1875  -1  0.6875
 395    -0.5625  -1  0.25
 396    1  0.25  -0.6875
 397    1  0.1875  -0.5625
 398    1  0.125  -0.6875
 399    1  0.6875  -0.25
 400    1  0.25  -0.1875
 401    1  -0.125  0.6875
 402    1  -0.5625  0.1875
 403    -0.5625  0.25  -1
 404    -0.125  0.6875  -1
 405    -0.1875  0.0625  -1
 406    0.5625  -0.1875  -1
 407    0.25  -0.6875  -1
 408    0.0625  -0.75  -1
 409    0.6875  1  -0.75
 410    0.0625  1  -0.8125
 411    0.0625  1  -0.75
 412    0.0625  1  -0.25
 413    -0.25  1  -0.9375
 414    -0.375  1  -0.8125
 415    -0.3125  1  -0.8125
 416    -0.8125  1  -0.8125
 417    -0.875  1  -0.3125
 418    -0.3125  1  0.0625
 419    -0.3125  1  0.1875
 420    -0.9375  1  0.25
 421    -0.9375  1  0.6875
 422    0.8125  1  -0.5625
 423    0.25  1  -0.1875
 424    0.3125  1  -0.25
 425    0.4375  1  -0.1875
 426    0.8125  1  -0.25
 427    0.9375  1  -0.1875
 428    0.9375  1  -0.25
 429    -0.625  1  0.8125
 430    0.75  1  0.4375
 431    0.9375  1  0.25
 432    0.3125  1  0.8125
 433    0.375  1  0.8125
 434    0.4375  1  0.8125
 435    0.9375  1  0.8125
 436    0.8125  -0.75  1
 437    0.75  -0.0625  1
 438    0.8125  -0.125  1
 439    0.3125  -0.0625  1
 440    0.25  -0.1875  1
 441    0.8125  0.375  1
 442    0.8125  0.9375  1
 443    0.75  0.8125  1
 444    -0.1875  0.375  1
 445    -0.25  0.9375  1
 446    -0.1875  0.8125  1
 447    -0.75  0.8125  1
 448    0.6875  -0.75  1
 449    0.6875  -0.875  1
 450    0.1875  -0.25  1
 451    0.0625  -0.25  1
 452    0.125  -0.8125  1
 453    -0.875  0.6875  1
 454    -0.8125  0.625  1
 455    -0.8125  0.25  1
 456    -0.8125  0.0625  1
 457    -0.4375  -0.75  1
 458    -0.25  -0.9375  1
 459    -0.8125  -0.25  1
 460    -0.8125  -0.3125  1
 461    -1  -0.75  0.9375
 462    -1  -0.1875  0.9375
 463    -1  -0.1875  0.875
 464    -1  -0.0625  0.25
 465    -1  0.3125  0.9375
 466    -1  0.9375  0.75
 467    -1  0.9375  0.3125
 468    -1  0.875  0.3125
 469    -1  0.4375  -0.1875
 470    -1  -0.8125  0.5625
 471    -1  0.1875  -0.375
 472    -1  0.125  -0.3125
 473    -1  0.5625  -0.8125
 474    -1  -0.75  -0.8125
 475    -1  -0.75  -0.9375
 476    -1  -0.8125  -0.9375
 477    -0.625  -1  -0.8125
 478    -0.6875  -1  -0.8125
 479    -0.25  -1  -0.9375
 480    -0.1875  -1  -0.75
 481    -0.0625  -1  -0.25
 482    -0.1875  -1  -0.3125
 483    -0.25  -1  -0.3125
 484    0.3125  -1  -0.9375
 485    0.25  -1  -0.9375
 486    0.9375  -1  -0.8125
 487    0.75  -1  -0.8125
 488    0.9375  -1  0.1875
 489    0.8125  -1  0.1875
 490    -0.75  -1  -0.6875
 491    -0.8125  -1  -0.5625
 492    -0.8125  -1  -0.625
 493    -0.3125  -1  -0.125
 494    -0.8125  -1  -0.25
 495    0.1875  -1  0.3125
 496    0.75  -1  0.8125
 497    0.5625  -1  0.8125
 498    0.1875  -1  0.8125
 499    -0.8125  -1  0.25
 500    -0.75  -1  0.8125
 501    1  -0.75  -0.9375
 502    1  -0.125  -0.8125
 503    1  -0.25  -0.4375
 504    1  -0.125  -0.3125
 505    1  0.3125  -0.9375
 506    1  0.3125  -0.875
 507    1  0.4375  -0.75
 508    1  0.25  -0.8125
 509    1  0.9375  -0.8125
 510    1  0.8125  -0.8125
 511    1  0.8125  -0.375
 512    1  0.3125  0.125
 513    1  0.75  0.0625
 514    1  -0.8125  -0.5625
 515    1  -0.875  -0.6875
 516    1  -0.9375  -0.75
 517    1  -0.375  -0.1875
 518    1  -0.8125  -0.0625
 519    1  0.25  0.4375
 520    1  0.0625  0.25
 521    1  0.6875  0.8125
 522    1  0.75  0.9375
 523    1  0.6875  0.875
 524    1  0.125  0.8125
 525    1  -0.875  0.3125
 526    1  -0.3125  0.875
 527    1  -0.4375  0.75
 528    1  -0.9375  0.75
 529    -0.9375  -0.75  -1
 530    -0.8125  -0.5625  -1
 531    -0.8125  0.4375  -1
 532    -0.8125  0.3125  -1
 533    -0.75  0.9375  -1
 534    -0.8125  0.875  -1
 535    0.0625  0.3125  -1
 536    0.125  0.3125  -1
 537    0.0625  0.25  -1
 538    0.25  0.4375  -1
 539    0.1875  0.8125  -1
 540    0.5625  0.8125  -1
 541    0.75  0.8125  -1
 542    -0.75  -0.9375  -1
 543    -0.1875  -0.25  -1
 544    -0.25  -0.3125  -1
 545    -0.0625  -0.25  -1
 546    0.3125  0.125  -1
 547    0.8125  0.5625  -1
 548    0.8125  0.0625  -1
 549    0.3125  -0.9375  -1
 550    0.8125  -0.75  -1
 551    0.875  -0.8125  -1
 552    -0.4375  1  -0.125
 553    -0.3125  1  -0.25
 554    -0.1875  1  -0.5
 555    0.5  1  0.3125
 556    0.3125  1  0.25
 557    0.5  1  0.1875
 558    0.1875  0.4375  1
 559    0.1875  0.375  1
 560    0.3125  0.1875  1
 561    0.4375  0.125  1
 562    -0.5  -0.3125  1
 563    -0.375  -0.4375  1
 564    -0.1875  -0.375  1
 565    -0.1875  -0.3125  1
 566    -0.1875  -0.5  1
 567    -0.0625  -0.5  1
 568    -1  0.4375  0.4375
 569    -1  0.4375  0.5
 570    -1  0.375  0.4375
 571    -1  0.3125  0.4375
 572    -1  0.4375  0.0625
 573    -1  0.1875  0.4375
 574    -1  0.1875  0.3125
 575    -1  0.125  0.4375
 576    -1  -0.5  -0.1875
 577    0.4375  -1  -0.4375
 578    0.5  -1  -0.1875
 579    0.4375  -1  -0.25
 580    0.1875  -1  -0.4375
 581    -0.125  -1  0.4375
 582    -0.3125  -1  0.4375
 583    -0.375  -1  0.1875
 584    1  0.4375  -0.4375
 585    1  0.5  -0.3125
 586    1  0.4375  -0.25
 587    1  0.3125  -0.25
 588    1  0.1875  -0.5
 589    1  -0.3125  0.5
 590    1  -0.3125  0.25
 591    1  -0.3125  0.1875
 592    1  -0.5  0.0625
 593    -0.1875  0.375  -1
 594    0.375  -0.4375  -1
 595    0.1875  -0.375  -1
 596    0.1875  -0.5  -1
 597    0.0625  -0.5  -1
 598    0.5  1  -0.8125
 599    0.125  1  -0.5625
 600    0.1875  1  -0.5625
 601    0.1875  1  -0.5
 602    0.4375  1  -0.625
 603    -0.5  1  -0.8125
 604    -0.8125  1  -0.5625
 605    -0.8125  1  -0.5
 606    -0.625  1  -0.5625
 607    -0.5625  1  -0.5625
 608    -0.8125  1  0.5
 609    -0.625  1  0.4375
 610    0.5625  1  -0.5
 611    0.75  1  -0.4375
 612    0.75  1  -0.3125
 613    -0.3125  1  0.5625
 614    -0.5  1  0.9375
 615    -0.375  1  0.8125
 616    -0.125  1  0.5625
 617    -0.0625  1  0.5
 618    0.5625  1  0.5
 619    0.6875  1  0.5625
 620    0.5625  1  0.75
 621    0.5625  1  0.875
 622    0.9375  1  0.5
 623    0.9375  -0.4375  1
 624    0.875  -0.4375  1
 625    0.8125  -0.3125  1
 626    0.8125  -0.5  1
 627    0.6875  -0.25  1
 628    0.5625  -0.25  1
 629    0.5625  -0.4375  1
 630    0.875  0.5625  1
 631    0.5625  0.875  1
 632    0.5625  0.75  1
 633    -0.0625  0.5  1
 634    -0.1875  0.625  1
 635    -0.1875  0.5625  1
 636    0.4375  -0.5  1
 637    0.3125  -0.5625  1
 638    0.4375  -0.6875  1
 639    0.25  -0.5625  1
 640    0.0625  -0.5  1
 641    0.0625  -0.5625  1
 642    0.1875  -0.625  1
 643    0.4375  -0.75  1
 644    0.3125  -0.8125  1
 645    -0.5625  0.3125  1
 646    -0.9375  0.5  1
 647    -0.5625  0.25  1
 648    -0.6875  0.1875  1
 649    -0.5625  -0.625  1
 650    -0.8125  -0.5  1
 651    -0.5  -0.8125  1
 652    -1  -0.4375  0.875
 653    -1  -0.125  0.5625
 654    -1  -0.25  0.5625
 655    -1  -0.4375  0.625
 656    -1  -0.5  0.6875
 657    -1  0.6875  0.8125
 658    -1  0.5625  0.75
 659    -1  0.5  0.8125
 660    -1  0.9375  0.5625
 661    -1  0.5625  0.625
 662    -1  0.5  0.5625
 663    -1  0.5625  -0.4375
 664    -1  -0.5625  0.375
 665    -1  -0.6875  0.4375
 666    -1  -0.5  0.0625
 667    -1  -0.8125  0.3125
 668    -1  0.5  -0.6875
 669    -1  0.375  -0.5625
 670    -1  0.3125  -0.5
 671    -1  0.4375  -0.75
 672    -1  0.1875  -0.6875
 673    -1  0.0625  -0.5625
 674    -1  -0.5625  -0.8125
 675    -1  -0.75  -0.6875
 676    -0.4375  -1  -0.875
 677    -0.5  -1  -0.9375
 678    -0.0625  -1  -0.5625
 679    -0.4375  -1  -0.5
 680    0.75  -1  -0.6875
 681    0.875  -1  -0.5625
 682    0.8125  -1  -0.5
 683    0.5  -1  0.0625
 684    -0.5625  -1  -0.375
 685    -0.5625  -1  -0.125
 686    -0.75  -1  -0.4375
 687    -0.8125  -1  -0.4375
 688    0.5  -1  0.5625
 689    0.4375  -1  0.5
 690    0.5  -1  0.6875
 691    0.3125  -1  0.5
 692    -0.5625  -1  0.5625
 693    -0.5625  -1  0.6875
 694    -0.6875  -1  0.5625
 695    -0.6875  -1  0.5
 696    -0.8125  -1  0.5
 697    1  -0.4375  -0.875
 698    1  -0.4375  -0.75
 699    1  -0.0625  -0.5
 700    1  -0.1875  -0.5
 701    1  -0.25  -0.5625
 702    1  -0.4375  -0.6875
 703    1  -0.3125  -0.5625
 704    1  -0.3125  -0.5
 705    1  -0.4375  -0.5625
 706    1  -0.4375  -0.5
 707    1  -0.5  -0.5625
 708    1  0.5625  -0.875
 709    1  0.8125  -0.6875
 710    1  0.5625  -0.5625
 711    1  0.5  0.0625
 712    1  0.9375  0.4375
 713    1  0.9375  0.5
 714    1  0.5  0.3125
 715    1  0.6875  0.4375
 716    1  0.6875  0.5
 717    1  0.5625  0.5
 718    1  -0.5625  -0.4375
 719    1  -0.5625  -0.3125
 720    1  -0.5625  -0.375
 721    1  -0.5625  -0.0625
 722    1  -0.6875  -0.25
 723    1  -0.875  -0.4375
 724    1  0.5  0.9375
 725    1  0.25  0.5625
 726    1  -0.5  0.6875
 727    1  -0.5625  0.8125
 728    1  -0.5625  0.875
 729    -0.6875  -0.25  -1
 730    -0.5  -0.0625  -1
 731    -0.5625  -0.1875  -1
 732    -0.5625  -0.5  -1
 733    -0.75  0.6875  -1
 734    -0.5625  0.875  -1
 735    -0.5625  0.625  -1
 736    0.1875  0.6875  -1
 737    -0.5  -0.5625  -1
 738    -0.125  -0.5625  -1
 739    -0.5  -0.9375  -1
 740    0.6875  0.5  -1
 741    0.6875  0.4375  -1
 742    0.625  0.4375  -1
 743    0.8125  0.5  -1
 744    0.75  0.4375  -1
 745    0.875  0.4375  -1
 746    0.5625  0.1875  -1
 747    0.6875  0.25  -1
 748    0.5625  -0.5625  -1
 749    0.75  -0.6875  -1
 750    0.5625  -0.8125  -1
 751    -0.0625  1  -0.9375
 752    -0.3125  1  -0.6875
 753    -0.6875  1  -0.3125
 754    -0.5625  1  -0.3125
 755    -0.5  1  -0.3125
 756    -0.8125  1  -0.125
 757    -0.8125  1  -0.0625
 758    -0.5625  1  -0.1875
 759    -0.625  1  -0.0625
 760    -0.5  1  -0.0625
 761    -0.0625  1  -0.4375
 762    -0.1875  1  -0.25
 763    0  1  -0.3125
 764    -0.3125  1  -0.0625
 765    -0.1875  1  -0.0625
 766    0  1  0.1875
 767    0.25  1  0.0625
 768    0.3125  1  0.0625
 769    0.4375  1  0
 770    0.0625  1  0.5625
 771    0.0625  1  0.9375
 772    0.1875  1  0.75
 773    0.3125  1  0.5
 774    0.625  1  0.3125
 775    0.75  1  0.0625
 776    0.8125  0.0625  1
 777    0.5  0.3125  1
 778    0.3125  0.6875  1
 779    0.0625  0.75  1
 780    0.0625  0.5  1
 781    0.25  0.1875  1
 782    0.1875  0.3125  1
 783    0.0625  0.3125  1
 784    0  0.1875  1
 785    0.0625  0  1
 786    -0.5625  -0.1875  1
 787    -0.75  -0.1875  1
 788    -0.5625  -0.3125  1
 789    -0.6875  -0.25  1
 790    -0.625  -0.3125  1
 791    -0.0625  -0.5625  1
 792    -0.4375  -0.5625  1
 793    -1  0  0.9375
 794    -1  0.1875  0.75
 795    -1  0.3125  0.625
 796    -1  0.0625  0.5625
 797    -1  0.0625  0.5
 798    -1  0.5  0.4375
 799    -1  0.6875  0.25
 800    -1  0.8125  0.125
 801    -1  0.9375  0
 802    -1  0.75  0.0625
 803    -1  0.6875  0
 804    -1  0.0625  0.375
 805    -1  0.25  0.1875
 806    -1  0  -0.0625
 807    -1  -0.0625  -0.4375
 808    -1  -0.1875  -0.3125
 809    -1  -0.1875  -0.25
 810    -1  -0.25  -0.1875
 811    -1  -0.125  -0.5625
 812    -1  -0.0625  -0.875
 813    -1  -0.125  -0.8125
 814    -1  -0.1875  -0.8125
 815    -1  -0.3125  -0.5
 816    -1  -0.5625  -0.3125
 817    -1  -0.75  -0.0625
 818    -1  -0.8125  0
 819    -1  -0.9375  0
 820    0.0625  -1  -0.875
 821    0.25  -1  -0.5625
 822    0.5  -1  -0.4375
 823    0.9375  -1  0
 824    0.625  -1  -0.0625
 825    0.0625  -1  -0.375
 826    0.0625  -1  -0.25
 827    0.3125  -1  -0.125
 828    0.3125  -1  -0.0625
 829    0.125  -1  -0.0625
 830    -0.0625  -1  0.125
 831    -0.125  -1  0.0625
 832    -0.1875  -1  0.0625
 833    -0.0625  -1  0.3125
 834    -0.3125  -1  0
 835    -0.4375  -1  0.0625
 836    0  -1  0.8125
 837    -0.1875  -1  0.8125
 838    -0.4375  -1  0.5
 839    -0.6875  -1  0
 840    -0.625  -1  0.3125
 841    -0.6875  -1  0.25
 842    -0.75  -1  0.0625
 843    -0.9375  -1  0
 844    1  0.0625  -0.8125
 845    1  0.5625  -0.25
 846    1  0.75  -0.1875
 847    1  0.8125  0
 848    1  0.5625  -0.125
 849    1  0.0625  -0.4375
 850    1  0.1875  -0.3125
 851    1  0.125  -0.3125
 852    1  0.0625  -0.3125
 853    1  0.3125  0
 854    1  0.125  -0.0625
 855    1  -0.1875  0.0625
 856    1  -0.0625  0.25
 857    1  -0.25  0.1875
 858    1  -0.3125  0.125
 859    1  -0.0625  0.6875
 860    1  -0.0625  0.8125
 861    1  -0.3125  0.625
 862    1  -0.875  0.0625
 863    -0.875  0.0625  -1
 864    -0.8125  0.0625  -1
 865    -0.625  0.3125  -1
 866    -0.6875  0.25  -1
 867    -0.5625  0.375  -1
 868    -0.5625  0.125  -1
 869    -0.4375  0.5  -1
 870    -0.0625  0.75  -1
 871    0  0.6875  -1
 872    -0.0625  0.5625  -1
 873    -0.4375  0  -1
 874    -0.25  0.1875  -1
 875    -0.1875  0.3125  -1
 876    -0.125  0.3125  -1
 877    -0.0625  0.375  -1
 878    0  0.3125  -1
 879    -0.0625  0.25  -1
 880    0.25  -0.0625  -1
 881    0.4375  0  -1
 882    0.0625  -0.25  -1
 883    0  -0.3125  -1
 884    0.1875  -0.3125  -1
 885    0.6875  0  -1
 886    0.8125  -0.1875  -1
 887    0.5625  -0.25  -1
 888    0.5625  -0.3125  -1
 889    0.3125  -0.5625  -1
 890    0.25  -0.5625  -1
 891    0.4375  -0.5625  -1
 892    0.0625  -0.8125  -1
 893    0.0625  -0.9375  -1
 894    0  -0.9375  -1
 895    0.3125  1  -1
 896    0.25  1  -0.8125
 897    0.1875  1  -1
 898    0.1875  1  -0.9375
 899    0.0625  1  -0.4375
 900    0.125  1  -0.1875
 901    0.0625  1  -0.1875
 902    -0.5625  1  -1
 903    -0.625  1  -0.9375
 904    -0.75  1  -0.8125
 905    -0.9375  1  -1
 906    -0.875  1  -0.6875
 907    -1  1  -0.5625
 908    -0.625  1  -0.4375
 909    -0.6875  1  -0.5
 910    -0.8125  1  -0.1875
 911    -0.9375  1  -0.125
 912    -0.25  1  0.1875
 913    -0.5  1  0.0625
 914    -0.4375  1  0.25
 915    -0.4375  1  0.375
 916    -0.6875  1  0.1875
 917    -0.9375  1  0
 918    -0.9375  1  0.375
 919    1  1  -0.8125
 920    0.9375  1  -0.5625
 921    1  1  -0.5625
 922    0.0625  1  0
 923    0.9375  1  -0.375
 924    0.5625  1  -0.0625
 925    0.6875  1  -0.0625
 926    -0.4375  1  0.4375
 927    -0.25  1  0.4375
 928    0  1  0.4375
 929    -0.6875  1  0.75
 930    -0.875  1  0.9375
 931    -0.625  1  0.9375
 932    0  1  0.5625
 933    -0.25  1  0.8125
 934    -0.375  1  0.9375
 935    -0.0625  1  1
 936    0.9375  1  0.0625
 937    0.625  1  0.4375
 938    0.6875  1  0.4375
 939    0.9375  1  0.3125
 940    0.4375  1  0.75
 941    1  1  0.6875
 942    0.6875  1  0.875
 943    0.75  1  0.8125
 944    1  1  0.9375
 945    1  -0.8125  1
 946    1  -0.3125  1
 947    0.9375  0  1
 948    0.75  -0.1875  1
 949    0.6875  0  1
 950    0.625  -0.0625  1
 951    0.4375  -0.4375  1
 952    0.5  -0.3125  1
 953    0.3125  -0.3125  1
 954    1  0.1875  1
 955    0.9375  0.1875  1
 956    1  0.3125  1
 957    0.9375  0.3125  1
 958    1  0.4375  1
 959    0.6875  0.375  1
 960    1  0.6875  1
 961    0.8125  0.6875  1
 962    0.9375  1  1
 963    0.6875  1  1
 964    0.625  0.9375  1
 965    0.5625  1  1
 966    0.3125  0.75  1
 967    0.25  0.9375  1
 968    0.1875  0.9375  1
 969    0.0625  0.9375  1
 970    -0.3125  0.375  1
 971    -0.3125  0.5  1
 972    -0.3125  0.4375  1
 973    -0.0625  0.5625  1
 974    -0.0625  0.75  1
 975    0  0.9375  1
 976    -0.125  0.9375  1
 977    -0.5625  0.875  1
 978    -0.5625  1  1
 979    -0.625  0.9375  1
 980    -0.8125  0.875  1
 981    -0.8125  1  1
 982    -0.875  0.9375  1
 983    0.9375  -0.9375  1
 984    0.8125  -0.8125  1
 985    0.8125  -1  1
 986    0.3125  -0.375  1
 987    0.3125  -0.4375  1
 988    0  -0.1875  1
 989    0.125  -0.4375  1
 990    0.3125  -1  1
 991    0.1875  -0.6875  1
 992    0.1875  -0.75  1
 993    0.0625  -0.8125  1
 994    0.0625  -0.875  1
 995    -0.1875  0  1
 996    -0.375  0.3125  1
 997    -0.4375  0.25  1
 998    -0.3125  0  1
 999    -0.6875  0.625  1
1000    -0.6875  0.5  1
1001    -0.9375  0.9375  1
1002    -0.5625  0.0625  1
1003    -0.625  0.0625  1
1004    -0.6875  0.0625  1
1005    -0.9375  0.25  1
1006    -0.9375  0.0625  1
1007    -0.9375  0  1
1008    -0.4375  -0.625  1
1009    -0.3125  -0.9375  1
1010    -0.9375  -0.25  1
1011    -0.625  -0.9375  1
1012    -0.6875  -0.875  1
1013    -0.6875  -0.9375  1
1014    -0.875  -0.6875  1
1015    -1  -0.5625  1
1016    -0.9375  -0.625  1
1017    -1  -0.5  0.9375
1018    -1  -0.5625  0.875
1019    -1  -0.6875  0.75
1020    -1  -0.5625  0.5625
1021    -1  -0.375  0.9375
1022    -1  -0.4375  0.9375
1023    -1  -0.0625  1
1024    -1  0  0.8125
1025    -1  0  0.6875
1026    -1  -0.4375  0.5
1027    -1  -0.3125  0.5
1028    -1  0  0.1875
1029    -1  0  0.0625
1030    -1  0.4375  0.9375
1031    -1  0.5  0.6875
1032    -1  0.6875  0.9375
1033    -1  0.6875  0.875
1034    -1  0.9375  1
1035    -1  0.9375  0.625
1036    -1  0.6875  0.4375
1037    -1  0.8125  0.5
1038    -1  1  0.3125
1039    -1  0.8125  0.1875
1040    -1  0.5  -0.3125
1041    -1  0.4375  -0.3125
1042    -1  0.8125  -0.0625
1043    -1  0.8125  -0.3125
1044    -1  1  -0.4375
1045    -1  0.6875  -0.6875
1046    -1  0.9375  -0.625
1047    -1  -0.9375  0.9375
1048    -1  -0.8125  0.75
1049    -1  -1  0.8125
1050    -1  -0.8125  0.5
1051    -1  -0.875  0.5625
1052    -1  -0.3125  0.3125
1053    -1  -0.3125  0.25
1054    -1  -0.1875  0.1875
1055    -1  -0.1875  0
1056    -1  -0.5  0.1875
1057    -1  -0.6875  0.0625
1058    -1  -0.75  0.0625
1059    -1  -0.9375  0.1875
1060    -1  0.375  -0.4375
1061    -1  0.1875  -0.5
1062    -1  0.8125  -0.875
1063    -1  0.5  -0.8125
1064    -1  0.3125  -1
1065    -1  -0.9375  -0.1875
1066    -1  -0.6875  -0.3125
1067    -1  -0.5625  -0.4375
1068    -1  -0.5625  -0.5
1069    -1  -0.8125  -0.5
1070    -1  -0.1875  -0.875
1071    -1  -0.1875  -1
1072    -1  -0.375  -0.9375
1073    -1  -0.9375  -0.5625
1074    -1  -1  -0.6875
1075    -1  -0.6875  -1
1076    -1  -0.8125  -1
1077    -0.625  -1  -0.9375
1078    -0.5625  -1  -0.875
1079    -0.5625  -1  -0.8125
1080    -0.5625  -1  -0.6875
1081    -0.5625  -1  -0.5625
1082    -0.4375  -1  -1
1083    -0.4375  -1  -0.9375
1084    -0.1875  -1  -1
1085    -0.125  -1  -0.9375
1086    -0.375  -1  -0.4375
1087    -0.3125  -1  -0.5
1088    0  -1  -0.3125
1089    0  -1  -0.0625
1090    0.4375  -1  -0.9375
1091    0.3125  -1  -0.6875
1092    0.4375  -1  -0.6875
1093    0.6875  -1  -0.9375
1094    0.6875  -1  -0.875
1095    0.875  -1  -0.9375
1096    1  -1  -0.9375
1097    0.9375  -1  -0.9375
1098    0.9375  -1  -0.3125
1099    0.9375  -1  -0.125
1100    0.3125  -1  0
1101    0.4375  -1  0.1875
1102    0.6875  -1  0.0625
1103    1  -1  0.0625
1104    0.9375  -1  0.3125
1105    0.9375  -1  0.375
1106    0.9375  -1  0.4375
1107    0.6875  -1  0.6875
1108    0.9375  -1  0.625
1109    1  -1  0.8125
1110    0.9375  -1  0.9375
1111    -0.9375  -1  -0.6875
1112    -0.5  -1  -0.1875
1113    -1  -1  -0.4375
1114    -0.6875  -1  -0.1875
1115    -1  -1  -0.0625
1116    0.3125  -1  0.375
1117    0.375  -1  0.4375
1118    0  -1  0.3125
1119    0  -1  0.4375
1120    0.5625  -1  1
1121    0.375  -1  0.9375
1122    0.3125  -1  0.9375
1123    -0.5625  -1  0.4375
1124    -0.8125  -1  0.4375
1125    -0.875  -1  0.4375
1126    -1  -1  0.4375
1127    -0.4375  -1  0.75
1128    -0.1875  -1  0.875
1129    -0.25  -1  0.9375
1130    -0.8125  -1  0.6875
1131    -0.875  -1  0.6875
1132    -1  -1  0.6875
1133    -0.6875  -1  0.8125
1134    -1  -1  0.9375
1135    1  -0.875  -0.9375
1136    1  -0.8125  -0.9375
1137    1  -0.5625  -1
1138    1  -0.6875  -0.6875
1139    1  -0.5  -0.6875
1140    1  -0.5625  -0.625
1141    1  -0.25  -0.9375
1142    1  -0.25  -0.8125
1143    1  -0.1875  -1
1144    1  -0.1875  -0.9375
1145    1  -0.0625  -0.875
1146    1  -0.0625  -0.625
1147    1  0.125  -0.9375
1148    1  0.1875  -0.875
1149    1  0.3125  -0.75
1150    1  0.4375  -0.625
1151    1  0.8125  -1
1152    1  0.8125  -0.9375
1153    1  0.9375  -0.6875
1154    1  0.9375  -0.625
1155    1  0.5625  -0.5
1156    1  0.5625  -0.4375
1157    1  0.6875  -0.3125
1158    1  0.9375  -0.3125
1159    1  0.8125  -0.1875
1160    1  0.375  0.0625
1161    1  0.4375  0
1162    1  0.4375  0.3125
1163    1  0.5625  0.5625
1164    1  0.6875  0.5625
1165    1  0.75  0.6875
1166    1  0.875  0.5625
1167    1  0.9375  0.5625
1168    1  0.9375  0.625
1169    1  0.9375  0.6875
1170    1  0.9375  0.75
1171    1  -0.6875  -0.625
1172    1  -0.6875  -0.5625
1173    1  -0.6875  -0.5
1174    1  -0.4375  -0.375
1175    1  -0.3125  -0.25
1176    1  -0.375  -0.3125
1177    1  -0.1875  -0.1875
1178    1  -0.1875  -0.0625
1179    1  -0.1875  0
1180    1  -0.4375  -0.1875
1181    1  -0.8125  -0.25
1182    1  -0.9375  -0.3125
1183    1  -0.6875  0
1184    1  -0.75  -0.0625
1185    1  -0.9375  -0.125
1186    1  -1  -0.1875
1187    1  -0.8125  0
1188    1  0.25  0.3125
1189    1  0.375  0.4375
1190    1  0.0625  0.4375
1191    1  0.5625  0.625
1192    1  0.8125  1
1193    1  0.1875  0.6875
1194    1  0.0625  0.6875
1195    1  0  0.8125
1196    1  0.0625  1
1197    1  -0.8125  0.1875
1198    1  -0.9375  0.1875
1199    1  -0.9375  0.25
1200    1  -0.9375  0.375
1201    1  -0.9375  0.5
1202    1  -1  0.4375
1203    1  -0.4375  0.5625
1204    1  -0.3125  0.75
1205    1  -0.4375  0.6875
1206    1  -0.1875  0.9375
1207    1  -0.4375  0.8125
1208    1  -0.9375  0.5625
1209    1  -0.8125  0.75
1210    1  -0.875  0.6875
1211    -0.8125  -0.8125  -1
1212    -0.9375  -0.5625  -1
1213    -0.75  -0.6875  -1
1214    -0.75  -0.0625  -1
1215    -0.625  -0.0625  -1
1216    -0.4375  -0.25  -1
1217    -0.4375  -0.3125  -1
1218    -0.3125  0  -1
1219    -0.3125  -0.0625  -1
1220    -0.9375  0.1875  -1
1221    -0.9375  0.5  -1
1222    -0.625  0.4375  -1
1223    -0.9375  0.625  -1
1224    -0.8125  0.6875  -1
1225    -0.9375  0.9375  -1
1226    -0.8125  0.9375  -1
1227    -0.75  0.8125  -1
1228    -0.6875  0.9375  -1
1229    -0.5  0.5625  -1
1230    -0.4375  0.75  -1
1231    -0.4375  1  -1
1232    -0.4375  0.9375  -1
1233    -0.25  0.8125  -1
1234    -0.1875  1  -1
1235    -0.1875  0.9375  -1
1236    -0.0625  1  -1
1237    -0.0625  0.9375  -1
1238    0.0625  0.375  -1
1239    0.25  0.3125  -1
1240    0.3125  0.375  -1
1241    0.3125  0.4375  -1
1242    0.4375  0.4375  -1
1243    0.0625  0.8125  -1
1244    0.3125  0.875  -1
1245    0.3125  0.8125  -1
1246    0.5  0.8125  -1
1247    0.5625  1  -1
1248    0.8125  0.8125  -1
1249    0.8125  1  -1
1250    -0.6875  -0.6875  -1
1251    -0.625  -0.6875  -1
1252    -0.5  -0.6875  -1
1253    -0.6875  -0.9375  -1
1254    -0.375  -0.4375  -1
1255    -0.3125  -0.375  -1
1256    -0.1875  -0.4375  -1
1257    -0.1875  -0.5  -1
1258    -0.0625  -0.375  -1
1259    -0.25  -0.9375  -1
1260    -0.0625  -0.625  -1
1261    -0.0625  -0.75  -1
1262    0  -0.8125  -1
1263    0.0625  0.0625  -1
1264    0.375  0.3125  -1
1265    0.3125  0.0625  -1
1266    0.5  0.1875  -1
1267    0.75  0.5625  -1
1268    0.9375  0.6875  -1
1269    0.5625  0.0625  -1
1270    0.6875  0.1875  -1
1271    0.875  0.0625  -1
1272    0.9375  0.1875  -1
1273    0.1875  -1  -1
1274    0.4375  -0.625  -1
1275    0.4375  -0.875  -1
1276    0.5625  -0.4375  -1
1277    0.625  -0.4375  -1
1278    0.6875  -0.3125  -1
1279    0.6875  -0.4375  -1
1280    0.9375  -0.3125  -1
1281    1  -0.4375  -1
1282    0.6875  -0.875  -1
1283    0.6875  -0.9375  -1
1284    0.375  1  0.3125
1285    0.3125  1  0.3125
1286    0.25  0.375  1
1287    -0.3125  -0.3125  1
1288    -0.375  -0.3125  1
1289    -1  0.375  0.25
1290    -1  0.375  0.3125
1291    -1  -0.375  -0.3125
1292    -1  -0.3125  -0.375
1293    -1  -0.25  -0.375
1294    0.3125  -1  -0.3125
1295    0.25  -1  -0.375
1296    -0.3125  -1  0.3125
1297    1  -0.3125  0.375
1298    -0.3125  0.3125  -1
1299    -0.3125  0.375  -1
1300    0.3125  -0.375  -1
1301    0.375  -0.3125  -1
1302    0.25  -0.375  -1
1303    0.3125  1  -0.6875
1304    0.375  1  -0.625
1305    0.375  1  -0.6875
1306    0.375  1  -0.75
1307    -0.75  1  -0.625
1308    -0.6875  1  -0.625
1309    -0.625  1  -0.6875
1310    -0.6875  1  -0.6875
1311    -0.625  1  -0.75
1312    -0.6875  1  0.375
1313    -0.6875  1  0.3125
1314    -0.625  1  0.25
1315    0.625  1  0.75
1316    0.6875  1  0.6875
1317    0.625  0.6875  1
1318    0.75  0.625  1
1319    -0.375  0.6875  1
1320    -0.75  0.375  1
1321    -0.6875  0.3125  1
1322    -0.625  0.375  1
1323    -1  -0.3125  0.625
1324    -1  -0.375  0.75
1325    -1  0.6875  0.6875
1326    -1  0.6875  -0.375
1327    -1  0.6875  -0.3125
1328    -1  0.625  -0.3125
1329    -1  -0.75  0.375
1330    -1  -0.625  -0.6875
1331    -0.3125  -1  -0.6875
1332    0.75  -1  0.375
1333    -0.625  -1  -0.3125
1334    0.3125  -1  0.625
1335    -0.625  -1  0.75
1336    1  -0.3125  -0.625
1337    1  0.6875  -0.625
1338    1  0.625  -0.625
1339    1  0.6875  0.375
1340    1  -0.625  -0.3125
1341    1  0.3125  0.625
1342    1  -0.6875  0.6875
1343    1  -0.75  0.625
1344    -0.6875  -0.3125  -1
1345    -0.625  -0.375  -1
1346    -0.625  0.625  -1
1347    -0.6875  0.625  -1
1348    -0.75  0.625  -1
1349    0.375  0.75  -1
1350    0.3125  0.625  -1
1351    -0.25  -0.625  -1
1352    -0.3125  -0.625  -1
1353    0.6875  0.3125  -1
1354    0.75  -0.625  -1
1355    0.6875  -0.6875  -1
1356    -0.1875  1  -0.6875
1357    -0.75  1  -0.125
1358    -0.6875  1  -0.1875
1359    -0.625  1  -0.1875
1360    -0.625  1  -0.25
1361    -0.25  1  -0.125
1362    -0.125  1  -0.1875
1363    0.125  1  0.1875
1364    0.125  1  0.125
1365    0.25  1  0.625
1366    0.6875  1  0.125
1367    0.625  0.1875  1
1368    0.125  0.6875  1
1369    0.1875  0.1875  1
1370    -0.25  -0.125  1
1371    -0.6875  -0.125  1
1372    -0.1875  -0.6875  1
1373    -0.1875  -0.625  1
1374    -0.125  -0.6875  1
1375    -1  0.125  0.625
1376    -1  0.125  0.6875
1377    -1  0.1875  0.125
1378    -1  0.1875  0.1875
1379    -1  0.125  0.25
1380    -1  -0.625  -0.1875
1381    0.1875  -1  -0.6875
1382    0.75  -1  -0.125
1383    0.6875  -1  -0.1875
1384    0.125  -1  -0.25
1385    -0.1875  -1  0.625
1386    -0.6875  -1  0.1875
1387    -0.625  -1  0.125
1388    1  0.1875  -0.625
1389    1  0.625  -0.125
1390    1  0.625  -0.1875
1391    1  0.25  -0.125
1392    1  0.1875  -0.125
1393    1  -0.1875  0.1875
1394    1  -0.1875  0.625
1395    1  -0.125  0.625
1396    1  -0.625  0.1875
1397    1  -0.625  0.125
1398    -0.625  0.1875  -1
1399    -0.6875  0.1875  -1
1400    -0.625  0.125  -1
1401    -0.1875  0.625  -1
1402    -0.1875  0.1875  -1
1403    -0.25  0.125  -1
1404    0.1875  -0.125  -1
1405    0.6875  -0.1875  -1
1406    0.6875  -0.125  -1
1407    0.6875  1  -0.8125
1408    0.1875  1  -0.875
1409    0.25  1  -0.375
1410    -0.875  1  -0.8125
1411    -0.8125  1  -0.875
1412    -0.375  1  0.125
1413    -0.3125  1  0.125
1414    -0.875  1  0.1875
1415    -0.8125  1  0.625
1416    0.8125  1  -0.625
1417    0.8125  1  -0.6875
1418    0.875  1  -0.625
1419    0.375  1  -0.1875
1420    0.875  1  -0.1875
1421    -0.25  1  0.375
1422    -0.1875  1  0.375
1423    -0.125  1  0.3125
1424    0.8125  1  0.375
1425    0.875  1  0.3125
1426    0.3125  1  0.875
1427    0.8125  1  0.875
1428    0.875  1  0.8125
1429    0.75  -0.625  1
1430    0.875  -0.6875  1
1431    0.875  -0.1875  1
1432    0.875  -0.25  1
1433    0.3125  -0.125  1
1434    0.25  -0.125  1
1435    0.875  0.875  1
1436    0.8125  0.875  1
1437    0.75  0.875  1
1438    0.8125  0.8125  1
1439    0.375  0.875  1
1440    0.3125  0.875  1
1441    0.375  0.75  1
1442    -0.125  0.8125  1
1443    -0.1875  0.875  1
1444    0.125  -0.25  1
1445    0.125  -0.3125  1
1446    0.125  -0.875  1
1447    0.1875  -0.8125  1
1448    -0.375  0.1875  1
1449    -0.375  0.125  1
1450    -0.8125  0.125  1
1451    -0.3125  -0.8125  1
1452    -0.3125  -0.875  1
1453    -0.875  -0.375  1
1454    -0.75  -0.375  1
1455    -1  -0.625  0.8125
1456    -1  -0.6875  0.875
1457    -1  -0.75  0.875
1458    -1  -0.1875  0.375
1459    -1  -0.1875  0.3125
1460    -1  0.375  0.8125
1461    -1  0.25  0.875
1462    -1  0.875  0.75
1463    -1  0.3125  -0.125
1464    -1  0.3125  -0.1875
1465    -1  0.25  -0.125
1466    -1  0.875  -0.6875
1467    -1  0.8125  -0.6875
1468    -1  -0.8125  0.625
1469    -1  -0.875  0.625
1470    -1  -0.875  0.6875
1471    -1  -0.8125  0.1875
1472    -1  0.6875  -0.8125
1473    -1  0.1875  -0.8125
1474    -1  0.1875  -0.875
1475    -1  0.125  -0.8125
1476    -1  -0.8125  -0.375
1477    -1  -0.875  -0.375
1478    -1  -0.8125  -0.8125
1479    -0.125  -1  -0.875
1480    -0.125  -1  -0.75
1481    0.375  -1  -0.8125
1482    0.8125  -1  -0.8125
1483    0.8125  -1  -0.875
1484    0.3125  -1  0.1875
1485    0.3125  -1  0.125
1486    0.875  -1  0.125
1487    0.8125  -1  0.125
1488    0.875  -1  0.1875
1489    0.8125  -1  0.625
1490    -0.875  -1  -0.6875
1491    -0.8125  -1  -0.6875
1492    -0.375  -1  -0.1875
1493    -0.75  -1  -0.125
1494    -0.8125  -1  -0.125
1495    0.125  -1  0.375
1496    0.125  -1  0.75
1497    -0.75  -1  0.375
1498    -0.8125  -1  0.3125
1499    -0.875  -1  0.375
1500    -0.25  -1  0.875
1501    -0.3125  -1  0.8125
1502    -0.375  -1  0.8125
1503    -0.8125  -1  0.8125
1504    -0.875  -1  0.8125
1505    1  -0.625  -0.8125
1506    1  -0.6875  -0.8125
1507    1  -0.6875  -0.875
1508    1  -0.125  -0.75
1509    1  0.375  -0.875
1510    1  0.3125  -0.8125
1511    1  0.25  -0.875
1512    1  0.875  -0.875
1513    1  0.875  -0.8125
1514    1  0.875  0.6875
1515    1  -0.875  -0.125
1516    1  -0.875  -0.1875
1517    1  0.1875  0.375
1518    1  0.1875  0.3125
1519    1  0.125  0.25
1520    1  0.1875  0.8125
1521    1  0.125  0.875
1522    1  -0.8125  0.3125
1523    1  -0.375  0.75
1524    1  -0.875  0.875
1525    -0.875  -0.6875  -1
1526    -0.875  -0.1875  -1
1527    -0.75  -0.125  -1
1528    -0.875  -0.25  -1
1529    -0.375  -0.125  -1
1530    -0.3125  -0.125  -1
1531    -0.875  0.8125  -1
1532    -0.8125  0.8125  -1
1533    -0.375  0.875  -1
1534    -0.375  0.8125  -1
1535    -0.3125  0.875  -1
1536    0.1875  0.375  -1
1537    0.125  0.75  -1
1538    0.625  0.8125  -1
1539    0.625  0.75  -1
1540    -0.625  -0.75  -1
1541    -0.1875  -0.3125  -1
1542    -0.125  -0.8125  -1
1543    0.375  0.1875  -1
1544    0.875  0.6875  -1
1545    0.875  0.125  -1
1546    0.3125  -0.875  -1
1547    0.8125  -0.375  -1
1548    0.75  -0.375  -1
1549    -0.375  1  -0.4375
1550    -0.4375  1  -0.1875
1551    0.1875  1  0.4375
1552    0.4375  1  0.375
1553    0.375  1  0.4375
1554    0.375  1  0.25
1555    0.4375  0.4375  1
1556    0.125  0.4375  1
1557    0.4375  0.1875  1
1558    0.375  0.1875  1
1559    -0.4375  -0.1875  1
1560    -0.375  -0.25  1
1561    -0.4375  -0.4375  1
1562    -1  0.375  0.375
1563    -1  0.5  0.125
1564    -1  0.375  0.1875
1565    -1  0.125  0.5
1566    -1  -0.1875  -0.4375
1567    -1  -0.4375  -0.375
1568    -1  -0.375  -0.1875
1569    -1  -0.375  -0.125
1570    0.4375  -1  -0.375
1571    0.375  -1  -0.125
1572    0.1875  -1  -0.375
1573    -0.1875  -1  0.4375
1574    -0.4375  -1  0.4375
1575    -0.5  -1  0.375
1576    -0.4375  -1  0.375
1577    -0.375  -1  0.375
1578    -0.375  -1  0.25
1579    -0.4375  -1  0.125
1580    1  0.4375  -0.375
1581    1  0.375  -0.375
1582    1  0.5  -0.125
1583    1  0.4375  -0.125
1584    1  0.375  -0.125
1585    1  0.1875  -0.375
1586    1  0.125  -0.4375
1587    1  -0.125  0.5
1588    1  -0.125  0.4375
1589    1  -0.125  0.375
1590    1  -0.4375  0.1875
1591    -0.4375  0.375  -1
1592    -0.25  0.375  -1
1593    -0.375  0.1875  -1
1594    -0.5  0.125  -1
1595    0.4375  -0.1875  -1
1596    0.375  -0.25  -1
1597    0.375  -0.1875  -1
1598    0.125  -0.4375  -1
1599    0.1875  1  -0.625
1600    0.375  1  -0.5625
1601    -0.5625  1  -0.8125
1602    -0.875  1  -0.5
1603    -0.625  1  0.125
1604    -0.5625  1  0.125
1605    -0.625  1  0.1875
1606    -0.5625  1  0.1875
1607    -0.8125  1  0.4375
1608    -0.75  1  0.375
1609    -0.625  1  0.375
1610    -0.5625  1  0.4375
1611    0.5  1  -0.375
1612    0.5625  1  -0.375
1613    0.625  1  -0.4375
1614    0.5625  1  -0.1875
1615    0.8125  1  -0.4375
1616    0.8125  1  -0.375
1617    -0.5  1  0.625
1618    -0.4375  1  0.5625
1619    -0.375  1  0.5625
1620    -0.1875  1  0.625
1621    -0.1875  1  0.5625
1622    0.5  1  0.625
1623    0.5625  1  0.5625
1624    0.625  1  0.5625
1625    0.625  1  0.8125
1626    0.8125  1  0.625
1627    0.875  1  0.5625
1628    0.8125  -0.375  1
1629    0.5625  -0.125  1
1630    0.625  -0.1875  1
1631    0.5625  -0.1875  1
1632    0.625  -0.25  1
1633    0.5625  -0.375  1
1634    0.875  0.625  1
1635    0.5625  0.8125  1
1636    0.625  0.625  1
1637    0.625  0.5625  1
1638    -0.25  0.625  1
1639    -0.375  0.875  1
1640    -0.4375  0.875  1
1641    -0.5  0.875  1
1642    0.375  -0.5625  1
1643    0.4375  -0.625  1
1644    0.5  -0.625  1
1645    0.125  -0.5  1
1646    0.4375  -0.8125  1
1647    0.375  -0.8125  1
1648    -0.625  0.4375  1
1649    -0.5625  0.4375  1
1650    -0.5  0.375  1
1651    -0.875  0.4375  1
1652    -0.8125  0.4375  1
1653    -0.625  0.125  1
1654    -0.5625  0.125  1
1655    -0.5  0.125  1
1656    -0.5625  -0.5625  1
1657    -0.8125  -0.625  1
1658    -0.5625  -0.875  1
1659    -1  -0.375  0.8125
1660    -1  -0.1875  0.625
1661    -1  -0.5  0.625
1662    -1  0.625  0.8125
1663    -1  0.625  0.75
1664    -1  0.5625  0.875
1665    -1  0.8125  0.625
1666    -1  0.75  0.625
1667    -1  0.625  -0.1875
1668    -1  0.8125  -0.4375
1669    -1  0.625  -0.4375
1670    -1  0.5  -0.375
1671    -1  -0.625  0.4375
1672    -1  -0.5625  0.1875
1673    -1  -0.8125  0.4375
1674    -1  -0.875  0.4375
1675    -1  0.375  -0.5
1676    -1  0.4375  -0.875
1677    -1  0.1875  -0.5625
1678    -1  -0.5  -0.625
1679    -1  -0.5625  -0.5625
1680    -1  -0.8125  -0.625
1681    -0.375  -1  -0.75
1682    -0.1875  -1  -0.625
1683    -0.375  -1  -0.5625
1684    -0.4375  -1  -0.625
1685    -0.4375  -1  -0.5625
1686    0.625  -1  -0.875
1687    0.5625  -1  -0.875
1688    0.8125  -1  -0.625
1689    0.8125  -1  -0.5625
1690    0.625  -1  -0.625
1691    0.625  -1  0.4375
1692    0.625  -1  0.5
1693    -0.625  -1  -0.4375
1694    -0.5625  -1  -0.1875
1695    -0.625  -1  -0.25
1696    -0.875  -1  -0.4375
1697    0.375  -1  0.625
1698    0.375  -1  0.5625
1699    0.4375  -1  0.875
1700    0.375  -1  0.8125
1701    0.375  -1  0.75
1702    0.1875  -1  0.5625
1703    -0.5625  -1  0.625
1704    -0.625  -1  0.5625
1705    -0.625  -1  0.5
1706    -0.5625  -1  0.875
1707    -0.625  -1  0.8125
1708    -0.8125  -1  0.625
1709    1  -0.375  -0.75
1710    1  -0.1875  -0.5625
1711    1  -0.1875  -0.625
1712    1  -0.4375  -0.625
1713    1  -0.5  -0.625
1714    1  0.625  -0.8125
1715    1  0.8125  -0.625
1716    1  0.625  -0.5
1717    1  0.5625  0.125
1718    1  0.875  0.4375
1719    1  0.625  0.375
1720    1  0.5625  0.375
1721    1  0.625  0.4375
1722    1  -0.5  -0.375
1723    1  -0.8125  -0.4375
1724    1  0.4375  0.625
1725    1  0.375  0.8125
1726    1  -0.5  0.625
1727    1  -0.625  0.625
1728    1  -0.625  0.5625
1729    1  -0.625  0.8125
1730    1  -0.8125  0.625
1731    -0.625  -0.125  -1
1732    -0.625  -0.1875  -1
1733    -0.5625  -0.375  -1
1734    -0.875  0.625  -1
1735    -0.8125  0.625  -1
1736    -0.5  0.875  -1
1737    -0.5  0.625  -1
1738    0.125  0.625  -1
1739    0.1875  0.625  -1
1740    0.25  0.625  -1
1741    0.1875  0.5625  -1
1742    0.5  0.875  -1
1743    0.375  0.5625  -1
1744    -0.1875  -0.5625  -1
1745    -0.1875  -0.625  -1
1746    -0.375  -0.8125  -1
1747    0.625  0.5  -1
1748    0.5625  0.4375  -1
1749    0.75  0.375  -1
1750    0.625  -0.5  -1
1751    0.8125  -0.5625  -1
1752    0.875  -0.5625  -1
1753    0.5625  -0.875  -1
1754    -0.125  1  -0.8125
1755    -0.125  1  -0.5625
1756    -0.125  1  -0.5
1757    -0.5625  1  -0.375
1758    -0.625  1  -0.125
1759    -0.5625  1  -0.125
1760    -0.375  1  -0.125
1761    -0.3125  1  -0.125
1762    -0.0625  1  -0.125
1763    -0.125  1  0
1764    -0.0625  1  -0.0625
1765    0  1  0.375
1766    0.3125  1  0.125
1767    0.125  1  0.5625
1768    0.0625  1  0.875
1769    0.0625  1  0.8125
1770    0.625  1  0.125
1771    0.5625  1  0.0625
1772    0.625  1  0
1773    0.5625  1  0.375
1774    0.8125  1  0.125
1775    0.875  1  0.0625
1776    0.8125  0.125  1
1777    0.625  0.375  1
1778    0.625  0.25  1
1779    0.625  0.125  1
1780    0.5  0.125  1
1781    0.5625  0.0625  1
1782    0.25  0.625  1
1783    0.125  0.875  1
1784    0.125  0.8125  1
1785    0.0625  0.8125  1
1786    0.125  0.625  1
1787    0.125  0.5625  1
1788    0.0625  0.625  1
1789    0.0625  0.5625  1
1790    0.0625  0.375  1
1791    0.125  0  1
1792    -0.125  0  1
1793    -0.0625  -0.0625  1
1794    -0.375  -0.0625  1
1795    -0.375  -0.125  1
1796    -0.3125  -0.125  1
1797    -0.0625  -0.375  1
1798    -0.625  0  1
1799    -0.625  -0.125  1
1800    -0.875  0  1
1801    -0.0625  -0.625  1
1802    -0.375  -0.5625  1
1803    -0.3125  -0.625  1
1804    -1  0.125  0.8125
1805    -1  0  0.875
1806    -1  0.3125  0.5625
1807    -1  0.0625  0.625
1808    -1  0.5625  0.375
1809    -1  0.5625  0.3125
1810    -1  0.75  0.125
1811    -1  0.625  0.0625
1812    -1  0.125  0.3125
1813    -1  0.125  0.0625
1814    -1  0.0625  0.0625
1815    -1  -0.125  -0.0625
1816    -1  -0.0625  -0.3125
1817    -1  -0.125  -0.25
1818    -1  -0.375  -0.0625
1819    -1  0  -0.625
1820    -1  -0.125  -0.625
1821    -1  -0.25  -0.625
1822    -1  -0.3125  -0.5625
1823    -1  -0.5  -0.375
1824    -1  -0.625  -0.25
1825    -1  -0.8125  -0.125
1826    -1  -0.8125  -0.0625
1827    -1  -0.875  -0.125
1828    -1  -0.875  0
1829    0.125  -1  -0.8125
1830    0.3125  -1  -0.625
1831    0.125  -1  -0.5
1832    0.5625  -1  -0.3125
1833    0.8125  -1  -0.125
1834    0.5625  -1  -0.125
1835    0.5625  -1  -0.0625
1836    0.375  -1  -0.0625
1837    0.0625  -1  -0.0625
1838    -0.3125  -1  0.125
1839    -0.0625  -1  0.5625
1840    -0.125  -1  0.8125
1841    -0.125  -1  0.75
1842    -0.25  -1  0.625
1843    -0.3125  -1  0.625
1844    -0.375  -1  0.5
1845    -0.5625  -1  0.3125
1846    -0.75  -1  0.125
1847    -0.8125  -1  0.0625
1848    -0.8125  -1  0.125
1849    1  0.0625  -0.875
1850    1  0.125  -0.625
1851    1  0.125  -0.5625
1852    1  0.0625  -0.625
1853    1  0.875  -0.0625
1854    1  0.625  0
1855    1  0.5625  -0.0625
1856    1  0.125  -0.25
1857    1  0.0625  -0.125
1858    1  0  -0.125
1859    1  0  0.125
1860    1  -0.0625  0.0625
1861    1  -0.0625  0.3125
1862    1  -0.125  0.3125
1863    1  -0.125  0.25
1864    1  -0.25  0.125
1865    1  -0.125  0.5625
1866    1  -0.375  0.5625
1867    1  -0.5  0.125
1868    1  -0.625  0.0625
1869    1  -0.625  0.3125
1870    1  -0.8125  0.0625
1871    -0.75  0.125  -1
1872    -0.625  0.0625  -1
1873    -0.125  0.8125  -1
1874    -0.0625  0.875  -1
1875    -0.0625  0.625  -1
1876    0  0.625  -1
1877    -0.375  0.125  -1
1878    -0.3125  0.125  -1
1879    0  0.375  -1
1880    0.125  -0.0625  -1
1881    0.0625  -0.125  -1
1882    0  -0.125  -1
1883    0.375  0  -1
1884    0.3125  -0.125  -1
1885    0.125  -0.375  -1
1886    0.5625  -0.0625  -1
1887    0.5  -0.125  -1
1888    0.875  -0.0625  -1
1889    0.625  -0.3125  -1
1890    0.5625  -0.375  -1
1891    0.5  -0.375  -1
1892    0.0625  -0.5625  -1
1893    0.0625  -0.625  -1
1894    0.375  -0.5625  -1
1895    0.375  -0.625  -1
1896    0.125  -0.75  -1
1897    0.8125  1  -0.9375
1898    0.125  1  -0.9375
1899    0.0625  1  -0.875
1900    0.125  1  -0.875
1901    0.0625  1  -0.625
1902    0.125  1  -0.625
1903    0.125  1  -0.4375
1904    0.0625  1  -0.375
1905    -0.1875  1  -0.875
1906    -0.375  1  -1
1907    -0.6875  1  -0.9375
1908    -0.9375  1  -0.6875
1909    -0.875  1  -0.625
1910    -0.625  1  -0.5
1911    -0.9375  1  -0.375
1912    -0.875  1  -0.375
1913    -0.9375  1  -0.1875
1914    -0.25  1  0.125
1915    -0.125  1  0.125
1916    -0.4375  1  0.0625
1917    -0.375  1  0.3125
1918    -0.6875  1  0.0625
1919    -0.625  1  0.0625
1920    -0.9375  1  0.0625
1921    -0.875  1  0.3125
1922    -0.9375  1  0.3125
1923    -0.6875  1  0.625
1924    -0.9375  1  0.5625
1925    -0.875  1  0.5625
1926    -0.875  1  0.625
1927    0.9375  1  -0.8125
1928    0.9375  1  -0.875
1929    0.6875  1  -0.625
1930    0.625  1  -0.5625
1931    0.875  1  -0.5
1932    0.4375  1  -0.3125
1933    0.125  1  -0.0625
1934    0.9375  1  -0.3125
1935    0.625  1  -0.0625
1936    0.875  1  -0.0625
1937    0.875  1  0
1938    0.9375  1  -0.0625
1939    -0.0625  1  0.125
1940    -0.0625  1  0.1875
1941    -0.375  1  0.375
1942    -0.3125  1  0.375
1943    -0.125  1  0.4375
1944    -0.0625  1  0.4375
1945    -0.625  1  0.6875
1946    -0.5625  1  0.625
1947    -0.8125  1  0.875
1948    -0.625  1  0.875
1949    -0.625  1  1
1950    -0.5625  1  0.875
1951    -0.5  1  0.875
1952    -0.0625  1  0.625
1953    -0.3125  1  0.875
1954    -0.0625  1  0.9375
1955    0  1  0.875
1956    0.875  1  0.1875
1957    0.625  1  0.375
1958    0.875  1  0.4375
1959    0.9375  1  0.4375
1960    0.9375  1  0.375
1961    1  1  0.375
1962    0.4375  1  0.625
1963    0.4375  1  0.6875
1964    0.375  1  0.875
1965    0.875  1  0.625
1966    0.875  1  0.6875
1967    0.9375  1  0.6875
1968    0.875  1  0.875
1969    0.875  1  0.9375
1970    0.875  1  1
1971    0.9375  1  0.9375
1972    0.875  -0.5625  1
1973    0.9375  -0.625  1
1974    0.9375  -0.3125  1
1975    1  -0.125  1
1976    0.6875  -0.125  1
1977    0.5  -0.125  1
1978    0.4375  -0.125  1
1979    0.1875  -0.0625  1
1980    0.1875  -0.125  1
1981    0.9375  0.4375  1
1982    0.875  0.5  1
1983    0.875  0.375  1
1984    0.6875  0.4375  1
1985    0.625  0.4375  1
1986    0.9375  0.6875  1
1987    0.9375  0.875  1
1988    0.6875  0.9375  1
1989    0.375  0.6875  1
1990    0  0.125  1
1991    -0.125  0.25  1
1992    -0.0625  0.4375  1
1993    -0.0625  0.375  1
1994    -0.125  0.4375  1
1995    -0.375  0.4375  1
1996    0  0.625  1
1997    -0.125  0.6875  1
1998    -0.0625  0.9375  1
1999    -0.0625  0.875  1
2000    -0.3125  0.9375  1
2001    -0.3125  0.875  1
2002    -0.625  0.625  1
2003    -0.5625  0.9375  1
2004    -0.8125  0.9375  1
2005    -0.875  0.875  1
2006    0.8125  -0.875  1
2007    0.75  -0.875  1
2008    0.875  -0.9375  1
2009    0.5  -0.875  1
2010    0.375  -0.375  1
2011    0.125  -0.1875  1
2012    0.0625  -0.375  1
2013    0.375  -0.875  1
2014    0.375  -0.9375  1
2015    0.0625  -0.6875  1
2016    0.125  -0.9375  1
2017    -0.125  0.0625  1
2018    -0.1875  0.125  1
2019    -0.1875  0.0625  1
2020    -0.9375  0.875  1
2021    -0.9375  0.625  1
2022    -1  0.625  1
2023    -0.9375  0.5625  1
2024    -0.875  0.5625  1
2025    -0.1875  -0.875  1
2026    -0.125  -0.9375  1
2027    -0.4375  -0.6875  1
2028    -0.375  -0.875  1
2029    -0.625  -0.4375  1
2030    -0.875  -0.125  1
2031    -0.875  -0.4375  1
2032    -0.9375  -0.4375  1
2033    -0.875  -0.5  1
2034    -0.625  -0.875  1
2035    -0.75  -0.875  1
2036    -0.875  -0.875  1
2037    -0.9375  -0.875  1
2038    -0.875  -0.9375  1
2039    -1  -0.875  0.9375
2040    -1  -0.125  0.9375
2041    -1  -0.125  0.6875
2042    -1  -0.3125  0.375
2043    -1  -0.0625  0.4375
2044    -1  -0.125  0.375
2045    -1  -0.0625  0.1875
2046    -1  -0.125  0.1875
2047    -1  0.375  0.875
2048    -1  0.375  0.6875
2049    -1  0.4375  0.625
2050    -1  0.625  0.9375
2051    -1  0.75  0.875
2052    -1  0.875  0.9375
2053    -1  0.9375  0.6875
2054    -1  0.75  0.375
2055    -1  0.9375  0.4375
2056    -1  1  0.125
2057    -1  0.625  0
2058    -1  0.9375  -0.125
2059    -1  0.875  -0.125
2060    -1  1  -0.375
2061    -1  0.9375  -0.375
2062    -1  0.6875  -0.5625
2063    -1  0.9375  -0.8125
2064    -1  -0.875  0.875
2065    -1  -0.9375  0.8125
2066    -1  -1  0.625
2067    -1  -0.375  0.3125
2068    -1  -0.4375  0.3125
2069    -1  -0.4375  0.375
2070    -1  -0.1875  0.0625
2071    -1  -0.375  0.0625
2072    -1  -0.875  0.3125
2073    -1  -0.9375  0.3125
2074    -1  -1  0.375
2075    -1  -0.625  0.0625
2076    -1  -0.6875  0.125
2077    -1  -0.75  0.125
2078    -1  -0.875  0.0625
2079    -1  0.0625  -0.125
2080    -1  0.3125  -0.375
2081    -1  0.3125  -0.4375
2082    -1  0.125  -0.375
2083    -1  0.125  -0.4375
2084    -1  0.625  -0.6875
2085    -1  0.5625  -0.6875
2086    -1  0.5  -0.625
2087    -1  0.625  -0.875
2088    -1  0.3125  -0.875
2089    -1  0.375  -1
2090    -1  0.125  -0.9375
2091    -1  0.0625  -0.9375
2092    -1  -0.875  -0.25
2093    -1  -0.625  -0.375
2094    -1  -0.625  -0.4375
2095    -1  -0.6875  -0.4375
2096    -1  -0.4375  -0.625
2097    -1  -0.4375  -0.6875
2098    -1  -0.125  -0.9375
2099    -1  -0.4375  -0.875
2100    -1  -0.4375  -0.9375
2101    -1  -0.9375  -0.6875
2102    -1  -0.6875  -0.9375
2103    -1  -0.75  -0.875
2104    -1  -0.875  -0.9375
2105    -0.75  -1  -0.875
2106    -0.875  -1  -0.9375
2107    -0.8125  -1  -0.875
2108    -0.5  -1  -0.625
2109    -0.5625  -1  -0.625
2110    -0.375  -1  -0.9375
2111    -0.0625  -1  -0.9375
2112    -0.0625  -1  -0.875
2113    -0.0625  -1  -0.6875
2114    -0.125  -1  -0.625
2115    -0.25  -1  -0.375
2116    -0.3125  -1  -0.375
2117    -0.125  -1  -0.5
2118    -0.0625  -1  -0.4375
2119    -0.0625  -1  -0.375
2120    -0.125  -1  -0.375
2121    -0.125  -1  -0.25
2122    -0.0625  -1  -0.1875
2123    -0.125  -1  -0.1875
2124    -0.0625  -1  -0.125
2125    -0.125  -1  -0.125
2126    0.375  -1  -1
2127    0.5  -1  -0.875
2128    0.625  -1  -0.9375
2129    0.9375  -1  -0.6875
2130    0.875  -1  -0.625
2131    0.6875  -1  -0.4375
2132    0.6875  -1  -0.375
2133    0.875  -1  -0.25
2134    0.875  -1  -0.1875
2135    0.25  -1  0.125
2136    0.125  -1  0.125
2137    0.4375  -1  0.0625
2138    0.4375  -1  0.125
2139    0.375  -1  0.3125
2140    0.4375  -1  0.3125
2141    0.4375  -1  0.375
2142    0.375  -1  0.375
2143    0.625  -1  0.0625
2144    0.6875  -1  0.125
2145    0.625  -1  0.125
2146    0.9375  -1  0.125
2147    0.6875  -1  0.625
2148    0.625  -1  0.625
2149    0.9375  -1  0.5625
2150    1  -1  0.625
2151    0.9375  -1  0.875
2152    -0.875  -1  -0.875
2153    -0.625  -1  -0.625
2154    -0.625  -1  -0.5625
2155    -0.6875  -1  -0.5625
2156    -0.75  -1  -0.625
2157    -0.875  -1  -0.5
2158    -0.9375  -1  -0.5625
2159    -0.9375  -1  -0.625
2160    -0.375  -1  -0.3125
2161    -0.375  -1  -0.25
2162    -0.4375  -1  -0.375
2163    -0.4375  -1  -0.3125
2164    -0.1875  -1  -0.0625
2165    -0.25  -1  -0.125
2166    -0.375  -1  -0.125
2167    -0.4375  -1  -0.125
2168    -0.4375  -1  -0.0625
2169    -0.5  -1  -0.125
2170    -0.9375  -1  -0.375
2171    -0.9375  -1  -0.3125
2172    -0.625  -1  0
2173    -0.875  -1  -0.0625
2174    -0.9375  -1  -0.0625
2175    -0.9375  -1  -0.125
2176    0.125  -1  0.1875
2177    0.125  -1  0.5
2178    0.0625  -1  0.4375
2179    0.5625  -1  0.625
2180    0.5  -1  0.625
2181    0.8125  -1  0.9375
2182    0.625  -1  0.9375
2183    0.5  -1  0.875
2184    0.0625  -1  0.625
2185    0.0625  -1  0.6875
2186    0.0625  -1  0.875
2187    0.0625  -1  0.9375
2188    -0.625  -1  0.4375
2189    -0.9375  -1  0.4375
2190    -0.4375  -1  0.625
2191    -0.125  -1  1
2192    -0.4375  -1  0.875
2193    -0.6875  -1  0.875
2194    -0.625  -1  0.9375
2195    -0.6875  -1  0.9375
2196    -0.9375  -1  0.9375
2197    -1  -1  0.875
2198    1  -0.875  -1
2199    1  -0.625  -0.9375
2200    1  -0.625  -0.875
2201    1  -0.625  -0.75
2202    1  -0.625  -0.6875
2203    1  -0.25  -0.875
2204    1  -0.3125  -0.875
2205    1  -0.125  -0.875
2206    1  -0.125  -0.6875
2207    1  -0.125  -0.625
2208    1  -0.3125  -0.4375
2209    1  -0.375  -0.4375
2210    1  -0.0625  -0.4375
2211    1  -0.0625  -0.375
2212    1  -0.125  -0.1875
2213    1  -0.0625  -0.125
2214    1  0.4375  -0.9375
2215    1  0.375  -0.9375
2216    1  0.4375  -0.6875
2217    1  0.625  -1
2218    1  0.6875  -0.875
2219    1  0.875  -0.9375
2220    1  0.9375  -0.9375
2221    1  0.875  -0.6875
2222    1  1  -0.625
2223    1  0.6875  -0.375
2224    1  0.875  -0.4375
2225    1  0.9375  -0.4375
2226    1  0.875  -0.25
2227    1  0.9375  -0.1875
2228    1  0.125  0.0625
2229    1  0.1875  0.125
2230    1  0.4375  0.0625
2231    1  0.4375  0.125
2232    1  0.375  0.3125
2233    1  0.9375  0.125
2234    1  0.875  0.125
2235    1  0.875  0.3125
2236    1  0.9375  0.3125
2237    1  0.625  0.5
2238    1  1  0.625
2239    1  0.9375  0.8125
2240    1  1  0.875
2241    1  -0.9375  -0.875
2242    1  -0.75  -0.625
2243    1  -0.9375  -0.625
2244    1  -0.875  -0.5625
2245    1  -0.9375  -0.5625
2246    1  -0.4375  -0.3125
2247    1  -0.1875  -0.125
2248    1  -0.125  -0.0625
2249    1  -0.375  -0.0625
2250    1  -0.4375  -0.125
2251    1  -0.375  0
2252    1  -0.875  -0.3125
2253    1  -0.625  -0.0625
2254    1  -0.6875  -0.125
2255    1  -0.9375  -0.0625
2256    1  0.0625  0.375
2257    1  0.5  0.875
2258    1  0.125  0.75
2259    1  0.375  1
2260    1  0.3125  0.875
2261    1  -0.875  0.1875
2262    1  -0.6875  0.375
2263    1  -0.6875  0.4375
2264    1  -0.75  0.375
2265    1  -0.875  0.375
2266    1  -0.875  0.4375
2267    1  -0.125  0.875
2268    1  -0.125  0.9375
2269    1  -0.1875  0.875
2270    1  -0.25  0.875
2271    1  -0.4375  0.9375
2272    1  -0.4375  0.875
2273    1  -0.625  0.9375
2274    1  -0.875  0.9375
2275    -1  -0.875  -1
2276    -0.9375  -0.8125  -1
2277    -0.875  -0.8125  -1
2278    -0.875  -0.625  -1
2279    -0.6875  -0.5625  -1
2280    -0.6875  -0.625  -1
2281    -0.875  -0.3125  -1
2282    -0.875  -0.375  -1
2283    -0.9375  -0.0625  -1
2284    -0.9375  -0.125  -1
2285    -0.6875  -0.0625  -1
2286    -0.4375  -0.375  -1
2287    -0.375  0  -1
2288    -0.375  -0.0625  -1
2289    -0.875  0.125  -1
2290    -0.6875  0.4375  -1
2291    -0.625  0.5  -1
2292    -1  0.625  -1
2293    -0.875  0.6875  -1
2294    -0.625  1  -1
2295    -0.625  0.875  -1
2296    -0.4375  0.6875  -1
2297    -0.375  0.6875  -1
2298    -0.125  0.9375  -1
2299    0.0625  0.1875  -1
2300    0.375  0.5  -1
2301    0.0625  0.6875  -1
2302    0.0625  0.9375  -1
2303    0.125  0.9375  -1
2304    0.3125  0.9375  -1
2305    0.375  0.875  -1
2306    0.625  0.6875  -1
2307    0.5625  0.9375  -1
2308    0.625  0.9375  -1
2309    0.625  0.875  -1
2310    0.75  0.875  -1
2311    -0.875  -0.875  -1
2312    -0.75  -0.875  -1
2313    -0.875  -0.9375  -1
2314    -0.8125  -0.9375  -1
2315    -0.625  -0.875  -1
2316    -0.5625  -0.875  -1
2317    -0.25  -0.375  -1
2318    -0.375  -0.5  -1
2319    -0.125  -0.1875  -1
2320    -0.125  -0.25  -1
2321    -0.125  -0.375  -1
2322    0  -0.375  -1
2323    -0.0625  -0.4375  -1
2324    -0.3125  -0.9375  -1
2325    -0.0625  -0.6875  -1
2326    -0.125  -0.875  -1
2327    0.125  0.0625  -1
2328    0.1875  0.125  -1
2329    0.4375  0.375  -1
2330    0.4375  0.3125  -1
2331    0.4375  0.125  -1
2332    0.6875  0.625  -1
2333    0.875  0.875  -1
2334    0.9375  0.8125  -1
2335    0.875  0.5625  -1
2336    0.9375  0.625  -1
2337    0.625  0.125  -1
2338    0.625  0.0625  -1
2339    0.6875  0.0625  -1
2340    0.875  0.375  -1
2341    0.9375  0.375  -1
2342    0.9375  0.3125  -1
2343    0.9375  0.125  -1
2344    0.25  -0.875  -1
2345    0.375  -0.6875  -1
2346    0.5  -0.875  -1
2347    0.4375  -0.9375  -1
2348    0.625  -1  -1
2349    0.9375  -0.625  -1
2350    1  -0.625  -1
2351    0.9375  -0.6875  -1
2352    0.9375  -0.875  -1
2353    -0.4375  1  -0.3125
2354    -0.375  1  -0.25
2355    -0.375  1  -0.3125
2356    -0.3125  1  -0.3125
2357    -0.375  1  -0.375
2358    -0.3125  1  -0.4375
2359    -0.3125  1  -0.375
2360    -0.25  1  -0.375
2361    0.25  1  0.4375
2362    0.4375  1  0.25
2363    0.25  1  0.25
2364    0.3125  0.4375  1
2365    0.3125  0.3125  1
2366    0.375  0.3125  1
2367    0.5  0.25  1
2368    -0.4375  -0.25  1
2369    -0.25  -0.375  1
2370    -0.3125  -0.25  1
2371    -1  0.4375  0.25
2372    -1  0.3125  0.25
2373    -1  0.25  0.25
2374    -1  0.25  0.3125
2375    -1  0.3125  0.3125
2376    -1  0.3125  0.375
2377    -1  0.25  0.4375
2378    -1  -0.25  -0.5
2379    -1  -0.25  -0.4375
2380    -1  -0.375  -0.375
2381    -1  -0.4375  -0.3125
2382    -1  -0.4375  -0.25
2383    -1  -0.375  -0.25
2384    -1  -0.3125  -0.3125
2385    -1  -0.25  -0.3125
2386    -1  -0.3125  -0.25
2387    0.375  -1  -0.3125
2388    0.3125  -1  -0.25
2389    0.3125  -1  -0.375
2390    0.25  -1  -0.4375
2391    0.3125  -1  -0.4375
2392    0.25  -1  -0.5
2393    -0.4375  -1  0.3125
2394    -0.4375  -1  0.25
2395    -0.25  -1  0.3125
2396    1  0.25  -0.25
2397    1  0.3125  -0.3125
2398    1  0.25  -0.5
2399    1  -0.3125  0.4375
2400    1  -0.375  0.375
2401    1  -0.375  0.25
2402    1  -0.25  0.375
2403    1  -0.25  0.25
2404    -0.25  0.4375  -1
2405    -0.3125  0.4375  -1
2406    -0.25  0.3125  -1
2407    -0.4375  0.3125  -1
2408    -0.4375  0.25  -1
2409    0.375  -0.375  -1
2410    0.3125  -0.4375  -1
2411    0.25  -0.5  -1
2412    0.3125  1  -0.75
2413    0.25  1  -0.6875
2414    0.25  1  -0.625
2415    0.3125  1  -0.625
2416    0.4375  1  -0.75
2417    0.5  1  -0.75
2418    -0.6875  1  -0.75
2419    -0.6875  1  -0.5625
2420    -0.75  1  0.4375
2421    -0.6875  1  0.4375
2422    -0.5625  1  0.25
2423    0.625  1  -0.25
2424    0.625  1  -0.3125
2425    0.75  1  -0.25
2426    0.6875  1  -0.3125
2427    -0.375  1  0.6875
2428    -0.375  1  0.625
2429    0.625  1  0.6875
2430    0.6875  1  0.75
2431    0.6875  1  0.625
2432    0.75  1  0.5625
2433    0.75  -0.375  1
2434    0.6875  -0.4375  1
2435    0.6875  0.6875  1
2436    0.625  0.75  1
2437    0.5625  0.6875  1
2438    0.6875  0.625  1
2439    -0.3125  0.75  1
2440    -0.375  0.75  1
2441    -0.3125  0.6875  1
2442    -0.5  0.75  1
2443    0.3125  -0.625  1
2444    0.375  -0.625  1
2445    0.25  -0.6875  1
2446    0.3125  -0.75  1
2447    0.3125  -0.6875  1
2448    0.375  -0.6875  1
2449    -0.75  0.3125  1
2450    -0.625  0.3125  1
2451    -0.75  -0.625  1
2452    -0.75  -0.6875  1
2453    -0.6875  -0.6875  1
2454    -0.625  -0.75  1
2455    -0.5625  -0.75  1
2456    -1  -0.25  0.6875
2457    -1  -0.25  0.625
2458    -1  -0.375  0.6875
2459    -1  0.6875  0.75
2460    -1  0.75  0.5
2461    -1  0.75  -0.25
2462    -1  0.75  -0.3125
2463    -1  0.75  -0.375
2464    -1  -0.625  0.25
2465    -1  -0.625  0.3125
2466    -1  -0.6875  0.25
2467    -1  -0.6875  0.375
2468    -1  0.375  -0.6875
2469    -1  0.375  -0.75
2470    -1  0.25  -0.6875
2471    -1  0.3125  -0.625
2472    -1  0.3125  -0.5625
2473    -1  0.25  -0.5625
2474    -1  -0.5625  -0.75
2475    -1  -0.625  -0.625
2476    -1  -0.625  -0.75
2477    -1  -0.6875  -0.5625
2478    -0.3125  -1  -0.75
2479    -0.25  -1  -0.625
2480    -0.25  -1  -0.5
2481    -0.375  -1  -0.6875
2482    -0.5  -1  -0.75
2483    0.75  -1  -0.625
2484    0.6875  -1  -0.6875
2485    0.625  -1  -0.75
2486    0.75  -1  -0.5625
2487    0.6875  -1  -0.5625
2488    0.6875  -1  -0.625
2489    0.5625  -1  -0.6875
2490    0.6875  -1  0.3125
2491    0.625  -1  0.25
2492    0.6875  -1  0.375
2493    -0.5625  -1  -0.3125
2494    -0.6875  -1  -0.3125
2495    -0.75  -1  -0.375
2496    0.4375  -1  0.75
2497    0.375  -1  0.6875
2498    0.3125  -1  0.75
2499    0.3125  -1  0.6875
2500    -0.625  -1  0.6875
2501    -0.6875  -1  0.6875
2502    -0.625  -1  0.625
2503    -0.75  -1  0.625
2504    -0.75  -1  0.5625
2505    -0.75  -1  0.5
2506    1  -0.375  -0.625
2507    1  0.6875  -0.75
2508    1  0.75  -0.625
2509    1  0.625  -0.75
2510    1  0.75  -0.5625
2511    1  0.6875  -0.5625
2512    1  0.625  -0.6875
2513    1  0.75  0.3125
2514    1  0.75  0.375
2515    1  0.75  0.5
2516    1  0.625  0.3125
2517    1  0.5625  0.25
2518    1  0.5625  0.3125
2519    1  -0.5625  -0.25
2520    1  -0.625  -0.375
2521    1  -0.625  -0.25
2522    1  -0.6875  -0.3125
2523    1  -0.6875  -0.375
2524    1  0.375  0.6875
2525    1  0.4375  0.6875
2526    1  0.25  0.625
2527    1  0.3125  0.5625
2528    1  -0.5625  0.6875
2529    1  -0.625  0.6875
2530    1  -0.6875  0.75
2531    1  -0.75  0.6875
2532    1  -0.6875  0.625
2533    1  -0.75  0.5
2534    -0.625  -0.25  -1
2535    -0.5625  -0.25  -1
2536    -0.75  -0.4375  -1
2537    -0.75  -0.5  -1
2538    -0.6875  0.6875  -1
2539    -0.5625  0.6875  -1
2540    -0.625  0.6875  -1
2541    -0.6875  0.5625  -1
2542    0.25  0.6875  -1
2543    0.3125  0.6875  -1
2544    0.4375  0.75  -1
2545    0.4375  0.6875  -1
2546    -0.375  -0.625  -1
2547    0.6875  0.375  -1
2548    0.625  0.25  -1
2549    0.625  0.3125  -1
2550    0.5625  0.3125  -1
2551    0.5  0.25  -1
2552    0.75  -0.5625  -1
2553    -0.1875  1  -0.75
2554    -0.25  1  -0.6875
2555    -0.125  1  -0.75
2556    -0.1875  1  -0.625
2557    -0.1875  1  -0.5625
2558    -0.125  1  -0.6875
2559    -0.0625  1  -0.6875
2560    0  1  -0.75
2561    -0.6875  1  -0.25
2562    -0.6875  1  -0.125
2563    -0.5625  1  -0.25
2564    -0.5  1  -0.25
2565    -0.1875  1  -0.1875
2566    -0.125  1  -0.25
2567    -0.1875  1  -0.125
2568    -0.0625  1  -0.1875
2569    0  1  -0.25
2570    0.0625  1  0.25
2571    0.0625  1  0.1875
2572    0.25  1  0.1875
2573    0.1875  1  0.125
2574    0.1875  1  0.0625
2575    0.25  1  0.125
2576    0.125  1  0.625
2577    0.1875  1  0.6875
2578    0.1875  1  0.625
2579    0.25  1  0.5625
2580    0.625  1  0.25
2581    0.5625  1  0.1875
2582    0.6875  1  0.25
2583    0.6875  1  0.1875
2584    0.75  1  0.1875
2585    0.75  1  0.125
2586    0.6875  1  0.0625
2587    0.75  1  0
2588    0.75  0.125  1
2589    0.5625  0.1875  1
2590    0.6875  0.125  1
2591    0.75  0.0625  1
2592    0.1875  0.6875  1
2593    0.1875  0.625  1
2594    0.125  0.1875  1
2595    0.125  0.125  1
2596    -0.1875  -0.125  1
2597    -0.1875  -0.25  1
2598    -0.125  -0.1875  1
2599    -0.125  -0.25  1
2600    -0.0625  -0.25  1
2601    -0.75  -0.0625  1
2602    -0.6875  -0.0625  1
2603    -0.75  -0.125  1
2604    -0.5  -0.25  1
2605    -0.25  -0.5625  1
2606    -0.125  -0.75  1
2607    -0.0625  -0.6875  1
2608    -1  0.125  0.75
2609    -1  0.25  0.5625
2610    -1  0.75  0.25
2611    -1  0.6875  0.1875
2612    -1  0.75  0
2613    -1  0.625  0.1875
2614    -1  0.5  0.25
2615    -1  0.1875  0.25
2616    -1  0.25  0.0625
2617    -1  0.125  0.1875
2618    -1  0.125  0.125
2619    -1  0.0625  0.1875
2620    -1  -0.125  -0.1875
2621    -1  -0.25  -0.25
2622    -1  -0.25  -0.125
2623    -1  -0.1875  -0.125
2624    -1  -0.25  0
2625    -1  -0.125  -0.75
2626    -1  -0.125  -0.6875
2627    -1  -0.25  -0.75
2628    -1  -0.1875  -0.5625
2629    -1  -0.5625  -0.25
2630    -1  -0.6875  -0.1875
2631    -1  -0.6875  -0.125
2632    -1  -0.75  -0.125
2633    0.1875  -1  -0.75
2634    0.25  -1  -0.6875
2635    0.1875  -1  -0.5625
2636    0.125  -1  -0.6875
2637    0.125  -1  -0.625
2638    0  -1  -0.75
2639    0.6875  -1  -0.25
2640    0.75  -1  -0.1875
2641    0.75  -1  -0.0625
2642    0.5625  -1  -0.25
2643    0.625  -1  -0.125
2644    0.5625  -1  -0.1875
2645    0.1875  -1  -0.1875
2646    0.25  -1  -0.125
2647    0.1875  -1  -0.0625
2648    0.125  -1  -0.125
2649    -0.0625  -1  0.1875
2650    -0.0625  -1  0.25
2651    -0.125  -1  0.1875
2652    -0.125  -1  0.25
2653    -0.1875  -1  0.1875
2654    -0.1875  -1  0.125
2655    -0.25  -1  0.125
2656    -0.125  -1  0.625
2657    -0.25  -1  0.75
2658    -0.25  -1  0.6875
2659    -0.1875  -1  0.5625
2660    -0.25  -1  0.5625
2661    -0.625  -1  0.1875
2662    -0.75  -1  0.1875
2663    -0.6875  -1  0.125
2664    1  0.1875  -0.75
2665    1  0.25  -0.625
2666    1  0.25  -0.5625
2667    1  0.75  -0.125
2668    1  0.6875  -0.1875
2669    1  0.6875  -0.0625
2670    1  0.625  -0.25
2671    1  0.5625  -0.1875
2672    1  0.1875  -0.1875
2673    1  0.25  -0.0625
2674    1  0.1875  -0.0625
2675    1  -0.125  0.1875
2676    1  -0.0625  0.1875
2677    1  -0.1875  0.25
2678    1  -0.1875  0.125
2679    1  -0.25  0.0625
2680    1  -0.1875  0.5625
2681    1  -0.25  0.5625
2682    1  -0.25  0.5
2683    1  -0.5625  0.25
2684    1  -0.6875  0.1875
2685    1  -0.75  0.1875
2686    1  -0.75  0.125
2687    -0.6875  0.0625  -1
2688    -0.25  0.6875  -1
2689    -0.1875  0.6875  -1
2690    -0.125  0.625  -1
2691    -0.25  0.5625  -1
2692    -0.25  0.25  -1
2693    -0.1875  0.25  -1
2694    -0.125  0.25  -1
2695    0  0.25  -1
2696    -0.0625  0.1875  -1
2697    -0.25  0.0625  -1
2698    0.25  0  -1
2699    0.1875  -0.1875  -1
2700    0.125  -0.1875  -1
2701    0.125  -0.25  -1
2702    0.6875  -0.0625  -1
2703    0.75  -0.1875  -1
2704    0.625  -0.1875  -1
2705    0.1875  -0.625  -1
2706    0.1875  -0.6875  -1
2707    0.125  -0.6875  -1
2708    0.0625  -0.6875  -1
2709    0.75  1  -0.9375
2710    0.6875  1  -0.875
2711    0.625  1  -0.875
2712    0.5625  1  -0.8125
2713    0.625  1  -0.75
2714    0.25  1  -0.9375
2715    0.125  1  -0.8125
2716    0.25  1  -0.875
2717    0.1875  1  -0.8125
2718    0.1875  1  -0.75
2719    0.25  1  -0.75
2720    0.25  1  -0.5
2721    0.25  1  -0.4375
2722    0.125  1  -0.375
2723    0.0625  1  -0.3125
2724    0.125  1  -0.3125
2725    0.125  1  -0.25
2726    0.25  1  -0.3125
2727    0.1875  1  -0.3125
2728    -0.25  1  -1
2729    -0.3125  1  -0.9375
2730    -0.25  1  -0.875
2731    -0.5  1  -0.75
2732    -0.3125  1  -0.75
2733    -0.25  1  -0.8125
2734    -0.75  1  -1
2735    -0.8125  1  -0.9375
2736    -0.75  1  -0.9375
2737    -0.9375  1  -0.75
2738    -0.875  1  -0.75
2739    -0.8125  1  -0.75
2740    -0.875  1  -0.25
2741    -0.8125  1  -0.3125
2742    -0.8125  1  -0.25
2743    -0.25  1  0
2744    -0.75  1  0.0625
2745    -0.8125  1  0.125
2746    -0.9375  1  0.1875
2747    -0.875  1  0.25
2748    -0.8125  1  0.1875
2749    -0.75  1  0.25
2750    -0.8125  1  0.5625
2751    -0.875  1  0.6875
2752    0.875  1  -0.75
2753    0.75  1  -0.625
2754    0.75  1  -0.5625
2755    0.875  1  -0.6875
2756    0.25  1  -0.125
2757    0.3125  1  -0.1875
2758    0.3125  1  -0.125
2759    0.75  1  -0.1875
2760    0.8125  1  -0.1875
2761    0.8125  1  -0.125
2762    0.8125  1  -0.0625
2763    0.875  1  -0.25
2764    -0.25  1  0.3125
2765    -0.1875  1  0.3125
2766    -0.125  1  0.375
2767    -0.75  1  0.8125
2768    -0.75  1  0.875
2769    -0.6875  1  0.8125
2770    -0.6875  1  0.875
2771    -0.5625  1  0.8125
2772    -0.5625  1  0.75
2773    -0.25  1  0.875
2774    -0.1875  1  0.75
2775    -0.1875  1  0.8125
2776    -0.125  1  0.75
2777    -0.1875  1  0.9375
2778    -0.1875  1  0.875
2779    -0.125  1  0.8125
2780    0  1  0.75
2781    0.75  1  0.25
2782    0.75  1  0.3125
2783    0.75  1  0.375
2784    0.3125  1  0.75
2785    0.25  1  0.875
2786    0.25  1  0.9375
2787    0.3125  1  0.9375
2788    0.8125  1  0.8125
2789    0.75  1  0.875
2790    0.75  1  0.9375
2791    1  1  0.75
2792    0.9375  -0.6875  1
2793    0.875  -0.625  1
2794    0.9375  -0.75  1
2795    0.8125  -0.5625  1
2796    0.8125  -0.625  1
2797    0.75  -0.5625  1
2798    0.8125  -0.6875  1
2799    0.9375  -0.25  1
2800    0.9375  -0.1875  1
2801    0.8125  -0.25  1
2802    0.8125  -0.1875  1
2803    0.375  -0.1875  1
2804    0.3125  -0.1875  1
2805    0.875  0.3125  1
2806    0.8125  0.4375  1
2807    0.8125  0.25  1
2808    0.75  0.375  1
2809    0.75  0.3125  1
2810    0.75  0.25  1
2811    0.875  0.8125  1
2812    0.8125  0.75  1
2813    0.375  0.8125  1
2814    0.4375  0.75  1
2815    0.25  0.875  1
2816    0.3125  0.8125  1
2817    0.25  0.8125  1
2818    -0.125  0.3125  1
2819    -0.1875  0.4375  1
2820    -0.25  0.4375  1
2821    -0.1875  0.3125  1
2822    -0.1875  0.25  1
2823    -0.25  0.3125  1
2824    -0.0625  0.8125  1
2825    -0.125  0.875  1
2826    -0.125  0.75  1
2827    -0.25  0.875  1
2828    -0.1875  0.75  1
2829    -0.5625  0.75  1
2830    -0.625  0.8125  1
2831    -0.625  0.75  1
2832    -0.6875  0.875  1
2833    -0.75  0.875  1
2834    -0.6875  0.75  1
2835    -0.6875  0.8125  1
2836    0.75  -0.75  1
2837    0.6875  -0.8125  1
2838    0.75  -0.8125  1
2839    0.625  -0.75  1
2840    0.625  -0.8125  1
2841    0.0625  -0.3125  1
2842    0.1875  -0.375  1
2843    0.1875  -0.4375  1
2844    0.125  -0.75  1
2845    0.0625  -0.75  1
2846    0.25  -0.875  1
2847    0.1875  -0.875  1
2848    -0.25  0.25  1
2849    -0.3125  0.25  1
2850    -0.3125  0.1875  1
2851    -0.25  0.125  1
2852    -0.25  0.0625  1
2853    -0.3125  0.125  1
2854    -0.3125  0.0625  1
2855    -0.75  0.6875  1
2856    -0.875  0.75  1
2857    -0.8125  0.6875  1
2858    -0.9375  0.75  1
2859    -0.8125  0.5625  1
2860    -0.75  0.25  1
2861    -0.75  0.1875  1
2862    -0.8125  0.1875  1
2863    -0.875  0.25  1
2864    -0.9375  0.1875  1
2865    -0.875  0.125  1
2866    -0.75  0.125  1
2867    -0.75  0.0625  1
2868    -0.3125  -0.75  1
2869    -0.375  -0.75  1
2870    -0.25  -0.875  1
2871    -0.25  -1  1
2872    -0.875  -0.3125  1
2873    -0.8125  -0.375  1
2874    -0.8125  -0.4375  1
2875    -0.75  -0.4375  1
2876    -0.75  -0.8125  1
2877    -0.8125  -0.8125  1
2878    -0.9375  -0.75  1
2879    -0.875  -0.8125  1
2880    -0.8125  -0.875  1
2881    -0.8125  -0.9375  1
2882    -1  -0.625  0.875
2883    -1  -0.6875  0.8125
2884    -1  -0.75  0.8125
2885    -1  -0.125  0.875
2886    -1  -0.0625  0.8125
2887    -1  -0.0625  0.75
2888    -1  -0.125  0.8125
2889    -1  -0.1875  0.8125
2890    -1  -0.125  0.75
2891    -1  -0.125  0.3125
2892    -1  0  0.25
2893    -1  -0.125  0.25
2894    -1  -0.25  0.3125
2895    -1  -0.25  0.25
2896    -1  0.25  1
2897    -1  0.25  0.9375
2898    -1  0.3125  0.875
2899    -1  0.3125  0.8125
2900    -1  0.25  0.8125
2901    -1  0.75  0.9375
2902    -1  0.8125  0.875
2903    -1  0.875  0.875
2904    -1  0.9375  0.8125
2905    -1  0.8125  0.8125
2906    -1  0.8125  0.4375
2907    -1  0.8125  0.375
2908    -1  1  0.25
2909    -1  0.75  0.3125
2910    -1  0.875  0.25
2911    -1  0.8125  0.25
2912    -1  0.25  0
2913    -1  0.25  -0.0625
2914    -1  0.375  -0.125
2915    -1  0.375  -0.25
2916    -1  0.8125  -0.125
2917    -1  0.875  -0.1875
2918    -1  0.9375  -0.25
2919    -1  0.8125  -0.1875
2920    -1  0.75  -0.1875
2921    -1  0.8125  -0.25
2922    -1  0.75  -0.5625
2923    -1  0.8125  -0.625
2924    -1  0.75  -0.625
2925    -1  0.875  -0.625
2926    -1  0.9375  -0.75
2927    -1  0.875  -0.75
2928    -1  0.8125  -0.75
2929    -1  -0.75  0.75
2930    -1  -0.75  0.6875
2931    -1  -0.75  0.625
2932    -1  -0.875  0.75
2933    -1  -0.9375  0.75
2934    -1  -0.9375  0.6875
2935    -1  -0.3125  0.1875
2936    -1  -0.3125  0.125
2937    -1  -0.375  0.1875
2938    -1  -0.4375  0.25
2939    -1  -0.375  0.125
2940    -1  -0.8125  0.25
2941    -1  -0.875  0.25
2942    -1  -0.8125  0.0625
2943    -1  -0.8125  0.125
2944    -1  -0.9375  0.25
2945    -1  0.125  -0.25
2946    -1  0.0625  -0.3125
2947    -1  0.6875  -0.75
2948    -1  0.625  -0.75
2949    -1  0.75  -1
2950    -1  0.6875  -0.875
2951    -1  0.625  -0.8125
2952    -1  0.5625  -0.75
2953    -1  0.25  -0.75
2954    -1  0.25  -0.8125
2955    -1  0.1875  -0.75
2956    -1  0.125  -0.75
2957    -1  0.25  -0.875
2958    -1  0.25  -0.9375
2959    -1  0.0625  -0.75
2960    -1  0.125  -0.875
2961    -1  -0.75  -0.375
2962    -1  -0.75  -0.4375
2963    -1  -0.875  -0.3125
2964    -1  -0.9375  -0.25
2965    -1  -0.25  -0.875
2966    -1  -0.3125  -0.75
2967    -1  -0.3125  -0.8125
2968    -1  -0.3125  -0.875
2969    -1  -0.3125  -0.9375
2970    -1  -0.375  -0.8125
2971    -1  -0.4375  -0.75
2972    -1  -0.8125  -0.75
2973    -1  -0.75  -1
2974    -1  -0.8125  -0.875
2975    -1  -0.875  -0.8125
2976    -1  -0.9375  -0.8125
2977    -0.6875  -1  -0.9375
2978    -0.6875  -1  -0.875
2979    -0.75  -1  -0.8125
2980    -0.625  -1  -0.75
2981    -0.0625  -1  -0.8125
2982    -0.1875  -1  -0.8125
2983    -0.1875  -1  -0.4375
2984    -0.1875  -1  -0.375
2985    -0.0625  -1  -0.3125
2986    0.3125  -1  -0.875
2987    0.5  -1  -0.75
2988    0.25  -1  -0.875
2989    0.3125  -1  -0.8125
2990    0.375  -1  -0.75
2991    0.3125  -1  -0.75
2992    0.25  -1  -0.8125
2993    0.75  -1  -0.9375
2994    0.875  -1  -0.8125
2995    0.8125  -1  -0.75
2996    0.75  -1  -0.75
2997    0.8125  -1  -0.4375
2998    0.875  -1  -0.375
2999    1  -1  -0.25
3000    0.75  -1  -0.375
3001    0.8125  -1  -0.3125
3002    0.75  -1  -0.3125
3003    0.25  -1  0
3004    0.25  -1  0.0625
3005    0.3125  -1  0.0625
3006    0.375  -1  0.125
3007    0.375  -1  0.25
3008    0.75  -1  0.0625
3009    0.75  -1  0.1875
3010    0.875  -1  0.625
3011    0.9375  -1  0.6875
3012    0.875  -1  0.6875
3013    0.9375  -1  0.75
3014    0.875  -1  0.75
3015    0.75  -1  0.625
3016    0.8125  -1  0.6875
3017    0.75  -1  0.6875
3018    -0.8125  -1  -0.75
3019    -0.75  -1  -0.5625
3020    -0.875  -1  -0.625
3021    -0.3125  -1  -0.1875
3022    -0.3125  -1  -0.0625
3023    -0.8125  -1  -0.1875
3024    -0.8125  -1  -0.0625
3025    -0.875  -1  -0.1875
3026    -0.9375  -1  -0.1875
3027    -0.9375  -1  -0.25
3028    0.25  -1  0.25
3029    0.25  -1  0.3125
3030    0.25  -1  0.375
3031    0.1875  -1  0.375
3032    0.1875  -1  0.4375
3033    0.125  -1  0.3125
3034    0.0625  -1  0.3125
3035    0.0625  -1  0.25
3036    0.6875  -1  0.75
3037    0.6875  -1  0.8125
3038    0.6875  -1  0.875
3039    0.75  -1  0.9375
3040    0.6875  -1  0.9375
3041    0.625  -1  0.875
3042    0.625  -1  0.8125
3043    0.5625  -1  0.75
3044    0.25  -1  0.8125
3045    0.1875  -1  0.75
3046    0.25  -1  0.9375
3047    0.25  -1  1
3048    0.125  -1  0.8125
3049    0.0625  -1  0.75
3050    0.0625  -1  0.8125
3051    -0.75  -1  0.25
3052    -0.75  -1  0.3125
3053    -0.8125  -1  0.375
3054    -1  -1  0.25
3055    -0.3125  -1  0.875
3056    -0.4375  -1  0.8125
3057    -0.8125  -1  0.75
3058    -0.8125  -1  0.875
3059    -0.75  -1  0.9375
3060    -0.75  -1  1
3061    -0.875  -1  0.875
3062    -0.875  -1  0.75
3063    -0.9375  -1  0.8125
3064    1  -0.75  -1
3065    1  -0.5625  -0.8125
3066    1  -0.5625  -0.75
3067    1  -0.75  -0.75
3068    1  -0.1875  -0.875
3069    1  -0.0625  -0.75
3070    1  -0.1875  -0.8125
3071    1  -0.25  -0.5
3072    1  -0.1875  -0.4375
3073    1  -0.1875  -0.375
3074    1  -0.125  -0.375
3075    1  -0.1875  -0.3125
3076    1  -0.125  -0.25
3077    1  -0.25  -0.3125
3078    1  -0.1875  -0.25
3079    1  0.25  -0.9375
3080    1  0.375  -0.8125
3081    1  0.75  -1
3082    1  0.875  -0.75
3083    1  0.75  -0.8125
3084    1  0.75  -0.375
3085    1  0.8125  -0.3125
3086    1  0.75  -0.25
3087    1  0.375  0.125
3088    1  0.5  0.25
3089    1  0.4375  0.25
3090    1  0.25  0.125
3091    1  0.3125  0.1875
3092    1  0.25  0.1875
3093    1  0.25  0.25
3094    1  0.8125  0.125
3095    1  1  0.25
3096    1  0.875  0.1875
3097    1  0.9375  0.25
3098    1  0.875  0.25
3099    1  0.75  0.1875
3100    1  0.8125  0.25
3101    1  0.8125  0.625
3102    1  0.75  0.5625
3103    1  0.875  0.75
3104    1  0.75  0.625
3105    1  0.8125  0.6875
3106    1  -0.75  -0.6875
3107    1  -0.8125  -0.6875
3108    1  -0.8125  -0.75
3109    1  -0.8125  -0.625
3110    1  -0.75  -0.5625
3111    1  -0.875  -0.625
3112    1  -0.875  -0.75
3113    1  -0.9375  -0.6875
3114    1  -0.3125  -0.1875
3115    1  -0.25  -0.0625
3116    1  -0.4375  -0.25
3117    1  -0.75  -0.25
3118    1  -0.75  -0.1875
3119    1  -0.75  -0.125
3120    1  -0.8125  -0.1875
3121    1  -0.75  0
3122    1  -0.875  -0.25
3123    1  0.25  0.375
3124    1  0.1875  0.4375
3125    1  0.125  0.3125
3126    1  0.0625  0.3125
3127    1  0  0.25
3128    1  0.6875  0.75
3129    1  0.6875  0.9375
3130    1  0.625  0.75
3131    1  0.5625  0.75
3132    1  0.5625  0.8125
3133    1  0.25  0.9375
3134    1  0.1875  0.9375
3135    1  0.0625  0.8125
3136    1  -0.8125  0.25
3137    1  -0.875  0.25
3138    1  -0.75  0.4375
3139    1  -0.8125  0.375
3140    1  -0.3125  0.8125
3141    1  -0.375  0.8125
3142    1  -0.875  0.75
3143    1  -0.75  0.9375
3144    1  -0.875  0.8125
3145    1  -1  0.75
3146    -0.8125  -0.625  -1
3147    -0.75  -0.625  -1
3148    -0.8125  -0.75  -1
3149    -0.75  -0.75  -1
3150    -0.9375  -0.1875  -1
3151    -0.9375  -0.25  -1
3152    -0.875  -0.125  -1
3153    -0.8125  -0.0625  -1
3154    -0.75  0  -1
3155    -0.8125  -0.125  -1
3156    -0.8125  -0.1875  -1
3157    -0.5  -0.25  -1
3158    -0.375  -0.1875  -1
3159    -0.375  -0.25  -1
3160    -0.3125  -0.1875  -1
3161    -0.25  -0.1875  -1
3162    -1  0.25  -1
3163    -0.875  0.3125  -1
3164    -0.8125  0.375  -1
3165    -0.75  0.375  -1
3166    -0.875  0.25  -1
3167    -0.8125  0.25  -1
3168    -0.9375  0.75  -1
3169    -0.8125  0.75  -1
3170    0.1875  0.4375  -1
3171    0.25  0.5  -1
3172    0.25  0.375  -1
3173    0.125  0.25  -1
3174    0.1875  0.3125  -1
3175    0.1875  0.25  -1
3176    0.125  0.8125  -1
3177    0.1875  0.875  -1
3178    0.25  0.9375  -1
3179    0.25  0.875  -1
3180    0.1875  0.75  -1
3181    0.5625  0.75  -1
3182    0.6875  0.875  -1
3183    0.6875  0.8125  -1
3184    -0.6875  -0.8125  -1
3185    -0.625  -0.8125  -1
3186    -0.6875  -0.875  -1
3187    -0.75  -1  -1
3188    -0.125  -0.3125  -1
3189    -0.1875  -0.375  -1
3190    -0.1875  -0.8125  -1
3191    -0.0625  -0.8125  -1
3192    -0.1875  -0.875  -1
3193    -0.1875  -0.9375  -1
3194    0.25  0.1875  -1
3195    0.3125  0.1875  -1
3196    0.375  0.25  -1
3197    0.75  0.75  -1
3198    0.8125  0.6875  -1
3199    0.75  0.625  -1
3200    0.9375  0.75  -1
3201    0.8125  0.625  -1
3202    0.875  0.625  -1
3203    0.75  0.1875  -1
3204    0.8125  0.25  -1
3205    0.8125  0.1875  -1
3206    0.875  0.1875  -1
3207    0.75  0.0625  -1
3208    0.75  0  -1
3209    0.3125  -0.8125  -1
3210    0.375  -0.75  -1
3211    0.4375  -0.75  -1
3212    0.375  -0.8125  -1
3213    0.375  -0.875  -1
3214    0.25  -0.9375  -1
3215    0.25  -1  -1
3216    0.75  -0.3125  -1
3217    0.8125  -0.3125  -1
3218    0.875  -0.3125  -1
3219    0.75  -0.4375  -1
3220    0.8125  -0.4375  -1
3221    0.9375  -0.75  -1
3222    0.875  -0.875  -1
3223    -0.5  1  -0.4375
3224    -0.4375  1  -0.5
3225    -0.4375  1  -0.4375
3226    -0.4375  1  -0.375
3227    -0.3125  1  -0.5
3228    -0.25  1  -0.5
3229    -0.5  1  -0.125
3230    -0.4375  1  -0.25
3231    -0.375  1  -0.1875
3232    -0.25  1  -0.4375
3233    -0.1875  1  -0.4375
3234    -0.25  1  -0.3125
3235    -0.1875  1  -0.375
3236    -0.25  1  -0.25
3237    -0.125  1  -0.4375
3238    0.0625  1  0.5
3239    0.125  1  0.5
3240    0.0625  1  0.4375
3241    0.125  1  0.375
3242    0.1875  1  0.5
3243    0.25  1  0.5
3244    0.1875  1  0.375
3245    0.25  1  0.375
3246    0.1875  1  0.3125
3247    0.3125  1  0.4375
3248    0.4375  1  0.4375
3249    0.5  1  0.375
3250    0.375  1  0.375
3251    0.4375  1  0.3125
3252    0.4375  1  0.1875
3253    0.4375  1  0.125
3254    0.4375  1  0.0625
3255    0.5  0.4375  1
3256    0.375  0.5  1
3257    0.375  0.4375  1
3258    0.3125  0.5  1
3259    0.375  0.375  1
3260    0.4375  0.375  1
3261    0.4375  0.3125  1
3262    0.25  0.5  1
3263    0.25  0.4375  1
3264    0.0625  0.4375  1
3265    0.125  0.375  1
3266    0.25  0.3125  1
3267    0.4375  0.25  1
3268    0.375  0.25  1
3269    0.5  0.1875  1
3270    0.5  0.0625  1
3271    -0.4375  -0.125  1
3272    -0.4375  -0.0625  1
3273    -0.5  -0.1875  1
3274    -0.3125  -0.1875  1
3275    -0.375  -0.1875  1
3276    -0.25  -0.25  1
3277    -0.4375  -0.3125  1
3278    -0.375  -0.375  1
3279    -0.5  -0.4375  1
3280    -0.25  -0.3125  1
3281    -0.25  -0.5  1
3282    -0.1875  -0.4375  1
3283    -0.125  -0.5  1
3284    -0.125  -0.4375  1
3285    -0.0625  -0.4375  1
3286    -1  0.5  0.375
3287    -1  0.5  0.3125
3288    -1  0.4375  0.3125
3289    -1  0.375  0.5
3290    -1  0.3125  0.5
3291    -1  0.25  0.5
3292    -1  0.5  0.1875
3293    -1  0.4375  0.1875
3294    -1  0.5  0.0625
3295    -1  0.4375  0.125
3296    -1  0.25  0.375
3297    -1  0.1875  0.5
3298    -1  0.125  0.375
3299    -1  0.0625  0.4375
3300    -1  0  0.5
3301    -1  -0.125  -0.4375
3302    -1  -0.1875  -0.375
3303    -1  -0.3125  -0.4375
3304    -1  -0.375  -0.5
3305    -1  -0.4375  -0.4375
3306    -1  -0.3125  -0.1875
3307    -1  -0.4375  -0.1875
3308    -1  -0.5  -0.0625
3309    -1  -0.5  0
3310    0.4375  -1  -0.5
3311    0.375  -1  -0.5
3312    0.375  -1  -0.4375
3313    0.3125  -1  -0.5
3314    0.375  -1  -0.375
3315    0.4375  -1  -0.1875
3316    0.5  -1  -0.0625
3317    0.4375  -1  -0.125
3318    0.4375  -1  -0.0625
3319    0.375  -1  -0.25
3320    0.1875  -1  -0.5
3321    0.25  -1  -0.3125
3322    -0.1875  -1  0.5
3323    -0.25  -1  0.5
3324    -0.25  -1  0.375
3325    -0.1875  -1  0.375
3326    -0.375  -1  0.4375
3327    -0.25  -1  0.25
3328    -0.375  -1  0.125
3329    -0.5  -1  0.25
3330    -0.5  -1  0.125
3331    1  0.4375  -0.5
3332    1  0.4375  -0.3125
3333    1  0.375  -0.4375
3334    1  0.3125  -0.4375
3335    1  0.5  -0.1875
3336    1  0.4375  -0.1875
3337    1  0.375  -0.25
3338    1  0.375  -0.1875
3339    1  0.25  -0.4375
3340    1  0.1875  -0.4375
3341    1  0.25  -0.375
3342    1  0.25  -0.3125
3343    1  0.125  -0.5
3344    1  -0.0625  0.4375
3345    1  -0.1875  0.4375
3346    1  -0.25  0.4375
3347    1  -0.25  0.3125
3348    1  -0.4375  0.4375
3349    1  -0.5  0.4375
3350    1  -0.4375  0.375
3351    1  -0.375  0.1875
3352    1  -0.375  0.125
3353    -0.4375  0.4375  -1
3354    -0.375  0.4375  -1
3355    -0.375  0.375  -1
3356    -0.5  0.25  -1
3357    -0.1875  0.4375  -1
3358    -0.125  0.5  -1
3359    -0.125  0.4375  -1
3360    -0.0625  0.4375  -1
3361    -0.125  0.375  -1
3362    -0.375  0.25  -1
3363    -0.3125  0.25  -1
3364    -0.3125  0.1875  -1
3365    -0.5  0.0625  -1
3366    0.4375  -0.125  -1
3367    0.4375  -0.25  -1
3368    0.3125  -0.1875  -1
3369    0.3125  -0.25  -1
3370    0.25  -0.25  -1
3371    0.5  -0.25  -1
3372    0.4375  -0.3125  -1
3373    0.4375  -0.375  -1
3374    0.4375  -0.4375  -1
3375    0.3125  -0.5  -1
3376    0.25  -0.3125  -1
3377    0.25  -0.4375  -1
3378    0.1875  -0.4375  -1
3379    0.5  1  -0.9375
3380    0.4375  1  -0.875
3381    0.3125  1  -0.8125
3382    0.375  1  -0.8125
3383    0.0625  1  -0.5625
3384    0.0625  1  -0.5
3385    0.25  1  -0.5625
3386    0.4375  1  -0.6875
3387    0.5  1  -0.6875
3388    0.3125  1  -0.5
3389    0.5  1  -0.625
3390    0.4375  1  -0.5625
3391    0.4375  1  -0.5
3392    0.5  1  -0.5625
3393    -0.5  1  -0.9375
3394    -0.5625  1  -0.9375
3395    -0.625  1  -0.875
3396    -0.5625  1  -0.875
3397    -0.625  1  -0.8125
3398    -0.5  1  -0.875
3399    -0.8125  1  -0.6875
3400    -0.8125  1  -0.625
3401    -0.75  1  -0.6875
3402    -0.875  1  -0.5625
3403    -0.75  1  -0.5625
3404    -0.75  1  -0.5
3405    -0.5625  1  -0.625
3406    -0.625  1  -0.625
3407    -0.5625  1  0.0625
3408    -0.5  1  0.125
3409    -0.5  1  0.25
3410    -0.75  1  0.3125
3411    -0.8125  1  0.3125
3412    -0.8125  1  0.375
3413    -0.875  1  0.4375
3414    -0.875  1  0.5
3415    -0.5625  1  0.3125
3416    -0.5625  1  0.375
3417    -0.5  1  0.3125
3418    -0.6875  1  0.5
3419    -0.5625  1  0.5
3420    0.5625  1  -0.4375
3421    0.5  1  -0.3125
3422    0.5625  1  -0.3125
3423    0.625  1  -0.375
3424    0.6875  1  -0.5
3425    0.6875  1  -0.4375
3426    0.5625  1  -0.25
3427    0.5625  1  -0.125
3428    0.5  1  0
3429    0.625  1  -0.125
3430    0.8125  1  -0.5
3431    0.75  1  -0.375
3432    0.875  1  -0.4375
3433    0.9375  1  -0.4375
3434    -0.5  1  0.6875
3435    -0.4375  1  0.6875
3436    -0.3125  1  0.5
3437    -0.4375  1  0.75
3438    -0.375  1  0.75
3439    -0.4375  1  0.9375
3440    -0.3125  1  0.75
3441    -0.25  1  0.75
3442    -0.1875  1  0.5
3443    -0.25  1  0.5625
3444    -0.25  1  0.625
3445    -0.25  1  0.6875
3446    -0.125  1  0.625
3447    0.625  1  0.5
3448    0.5  1  0.6875
3449    0.5  1  0.75
3450    0.5625  1  0.625
3451    0.5625  1  0.6875
3452    0.625  1  0.625
3453    0.5  1  0.8125
3454    0.5625  1  0.8125
3455    0.5  1  0.9375
3456    0.5  1  1
3457    0.6875  1  0.8125
3458    0.8125  1  0.5
3459    0.8125  1  0.5625
3460    0.75  1  0.625
3461    1  -0.5  1
3462    0.9375  -0.5  1
3463    0.8125  -0.4375  1
3464    0.75  -0.5  1
3465    0.625  -0.125  1
3466    0.6875  -0.5  1
3467    0.625  -0.375  1
3468    0.625  -0.4375  1
3469    0.625  -0.5  1
3470    0.5  -0.4375  1
3471    1  0.5  1
3472    0.9375  0.5625  1
3473    0.9375  0.5  1
3474    0.8125  0.625  1
3475    0.75  0.6875  1
3476    0.8125  0.5  1
3477    0.75  0.5625  1
3478    0.75  0.75  1
3479    0.625  0.8125  1
3480    0.6875  0.75  1
3481    0.5625  0.9375  1
3482    0.6875  0.5  1
3483    0.6875  0.5625  1
3484    0.5625  0.625  1
3485    0.5  0.6875  1
3486    0.625  0.5  1
3487    0.5625  0.5625  1
3488    0.5  0.625  1
3489    0.5625  0.5  1
3490    0.5  0.5625  1
3491    0  0.5  1
3492    -0.125  0.5625  1
3493    -0.25  0.6875  1
3494    -0.1875  0.5  1
3495    -0.375  0.8125  1
3496    -0.4375  0.9375  1
3497    -0.5  0.9375  1
3498    -0.4375  0.75  1
3499    -0.375  0.5625  1
3500    -0.375  0.625  1
3501    -0.4375  0.6875  1
3502    -0.375  0.5  1
3503    -0.4375  0.5  1
3504    -0.4375  0.5625  1
3505    -0.5  0.625  1
3506    -0.5  0.5625  1
3507    0.4375  -0.5625  1
3508    0.3125  -0.5  1
3509    0.5  -0.6875  1
3510    0.1875  -0.5625  1
3511    0.25  -0.625  1
3512    0.125  -0.5625  1
3513    0.375  -0.75  1
3514    0.25  -0.75  1
3515    0.4375  -0.875  1
3516    0.4375  -0.9375  1
3517    -0.5625  0.5  1
3518    -0.625  0.5  1
3519    -0.6875  0.4375  1
3520    -0.5  0.3125  1
3521    -0.5625  0.375  1
3522    -0.75  0.5  1
3523    -0.875  0.375  1
3524    -0.8125  0.375  1
3525    -0.625  0.25  1
3526    -0.6875  0.25  1
3527    -0.625  0.1875  1
3528    -0.5  -0.5625  1
3529    -0.625  -0.625  1
3530    -0.5  -0.6875  1
3531    -0.5625  -0.6875  1
3532    -0.75  -0.5625  1
3533    -0.8125  -0.5625  1
3534    -0.9375  -0.5  1
3535    -0.875  -0.5625  1
3536    -0.875  -0.625  1
3537    -0.8125  -0.6875  1
3538    -0.5625  -0.8125  1
3539    -0.6875  -0.75  1
3540    -0.75  -0.75  1
3541    -0.625  -0.8125  1
3542    -0.6875  -0.8125  1
3543    -0.5  -1  1
3544    -1  -0.5  1
3545    -1  -0.25  0.75
3546    -1  -0.3125  0.75
3547    -1  -0.5  0.875
3548    -1  -0.4375  0.8125
3549    -1  -0.4375  0.75
3550    -1  -0.1875  0.6875
3551    -1  -0.0625  0.5
3552    -1  -0.125  0.5
3553    -1  -0.1875  0.5625
3554    -1  -0.5  0.75
3555    -1  -0.375  0.625
3556    -1  -0.3125  0.5625
3557    -1  -0.25  0.5
3558    -1  -0.4375  0.5625
3559    -1  -0.5  0.5625
3560    -1  -0.375  0.5
3561    -1  -0.5  0.5
3562    -1  0.5  1
3563    -1  0.5625  0.9375
3564    -1  0.5  0.9375
3565    -1  0.625  0.875
3566    -1  0.5  0.875
3567    -1  0.5625  0.8125
3568    -1  0.5  0.75
3569    -1  0.8125  0.6875
3570    -1  0.75  0.6875
3571    -1  0.875  0.625
3572    -1  0.9375  0.5
3573    -1  0.875  0.5625
3574    -1  0.75  0.5625
3575    -1  0.8125  0.5625
3576    -1  0.875  0.5
3577    -1  0.5625  0.6875
3578    -1  0.625  0.625
3579    -1  0.6875  0.5625
3580    -1  0.625  0.5625
3581    -1  0.5  0.625
3582    -1  0.5625  0.5
3583    -1  0.625  -0.125
3584    -1  0.5625  -0.125
3585    -1  0.5  -0.0625
3586    -1  0.6875  -0.1875
3587    -1  0.6875  -0.25
3588    -1  0.625  -0.25
3589    -1  0.5  -0.125
3590    -1  0.5625  -0.1875
3591    -1  0.5625  -0.25
3592    -1  0.8125  -0.375
3593    -1  0.875  -0.4375
3594    -1  0.75  -0.4375
3595    -1  0.875  -0.5
3596    -1  0.8125  -0.5
3597    -1  0.5  -0.25
3598    -1  0.5625  -0.3125
3599    -1  0.625  -0.375
3600    -1  0.5625  -0.375
3601    -1  0.6875  -0.4375
3602    -1  0.6875  -0.5
3603    -1  0.625  -0.5
3604    -1  0.5  -0.4375
3605    -1  -0.5  0.25
3606    -1  -0.5625  0.3125
3607    -1  -0.625  0.375
3608    -1  -0.5625  0.25
3609    -1  -0.5  0.125
3610    -1  -0.5625  0.125
3611    -1  -0.625  0.125
3612    -1  -0.6875  0.1875
3613    -1  -0.75  0.25
3614    -1  -0.75  0.3125
3615    -1  -0.9375  0.5
3616    -1  -1  0.5
3617    -1  0.4375  -0.5
3618    -1  0.4375  -0.5625
3619    -1  0.4375  -0.6875
3620    -1  0.375  -0.625
3621    -1  0.5  -0.75
3622    -1  0.4375  -0.8125
3623    -1  0.5  -0.875
3624    -1  0.5  -0.9375
3625    -1  0.4375  -0.9375
3626    -1  0.375  -0.875
3627    -1  0.375  -0.8125
3628    -1  0.25  -0.5
3629    -1  0.125  -0.5
3630    -1  0.25  -0.625
3631    -1  0.1875  -0.625
3632    -1  0.125  -0.625
3633    -1  0.0625  -0.5
3634    -1  -0.5625  -0.625
3635    -1  -0.625  -0.5625
3636    -1  -0.6875  -0.5
3637    -1  -0.5  -0.75
3638    -1  -0.5  -0.875
3639    -1  -0.625  -0.8125
3640    -1  -0.6875  -0.8125
3641    -1  -0.75  -0.5625
3642    -1  -0.8125  -0.5625
3643    -1  -0.75  -0.625
3644    -1  -0.75  -0.75
3645    -1  -0.8125  -0.6875
3646    -1  -0.875  -0.625
3647    -1  -0.875  -0.5625
3648    -1  -0.9375  -0.5
3649    -0.5  -1  -0.875
3650    -0.4375  -1  -0.75
3651    -0.25  -1  -0.75
3652    -0.1875  -1  -0.6875
3653    -0.25  -1  -0.6875
3654    -0.125  -1  -0.5625
3655    -0.25  -1  -0.5625
3656    -0.1875  -1  -0.5
3657    -0.4375  -1  -0.6875
3658    -0.375  -1  -0.625
3659    -0.3125  -1  -0.5625
3660    -0.375  -1  -0.5
3661    0.5  -1  -0.9375
3662    0.6875  -1  -0.75
3663    0.625  -1  -0.8125
3664    0.5625  -1  -0.8125
3665    0.5  -1  -0.8125
3666    0.8125  -1  -0.6875
3667    0.9375  -1  -0.5625
3668    0.9375  -1  -0.5
3669    0.875  -1  -0.5
3670    0.5625  -1  -0.625
3671    0.625  -1  -0.5625
3672    0.5625  -1  -0.5625
3673    0.5  -1  -0.5625
3674    0.5  -1  -0.5
3675    0.5  -1  0
3676    0.5625  -1  0.0625
3677    0.5625  -1  0.125
3678    0.6875  -1  0.1875
3679    0.625  -1  0.1875
3680    0.5625  -1  0.25
3681    0.5  -1  0.1875
3682    0.8125  -1  0.3125
3683    0.75  -1  0.3125
3684    0.8125  -1  0.375
3685    0.875  -1  0.375
3686    0.9375  -1  0.5
3687    0.875  -1  0.4375
3688    0.875  -1  0.5
3689    0.8125  -1  0.4375
3690    0.75  -1  0.4375
3691    0.8125  -1  0.5
3692    0.5625  -1  0.3125
3693    0.5  -1  0.3125
3694    0.5625  -1  0.375
3695    0.625  -1  0.375
3696    0.6875  -1  0.4375
3697    0.5625  -1  0.4375
3698    0.5625  -1  0.5
3699    0.5  -1  0.4375
3700    -0.5625  -1  -0.5
3701    -0.625  -1  -0.5
3702    -0.5  -1  -0.375
3703    -0.5  -1  -0.25
3704    -0.625  -1  -0.375
3705    -0.6875  -1  -0.4375
3706    -0.75  -1  -0.5
3707    -0.5625  -1  -0.25
3708    -0.625  -1  -0.1875
3709    -0.6875  -1  -0.25
3710    -0.75  -1  -0.25
3711    -0.8125  -1  -0.375
3712    -0.75  -1  -0.3125
3713    -0.875  -1  -0.375
3714    0.4375  -1  0.5625
3715    0.375  -1  0.5
3716    0.4375  -1  0.625
3717    0.4375  -1  0.6875
3718    0.5  -1  0.8125
3719    0.4375  -1  0.8125
3720    0.5  -1  0.9375
3721    0.5  -1  1
3722    0.4375  -1  0.9375
3723    0.3125  -1  0.8125
3724    0.25  -1  0.75
3725    0.1875  -1  0.5
3726    0.25  -1  0.5625
3727    0.25  -1  0.625
3728    0.25  -1  0.6875
3729    0.1875  -1  0.625
3730    0.125  -1  0.5625
3731    0.0625  -1  0.5
3732    -0.5625  -1  0.5
3733    -0.5  -1  0.625
3734    -0.5  -1  0.75
3735    -0.5  -1  0.8125
3736    -0.5625  -1  0.75
3737    -0.5625  -1  0.8125
3738    -0.5  -1  0.9375
3739    -0.5625  -1  0.9375
3740    -0.625  -1  0.875
3741    -0.8125  -1  0.5625
3742    -0.875  -1  0.625
3743    -0.875  -1  0.5
3744    -0.9375  -1  0.5
3745    -0.9375  -1  0.5625
3746    1  -0.5  -0.9375
3747    1  -0.4375  -0.9375
3748    1  -0.5  -0.875
3749    1  -0.3125  -0.8125
3750    1  -0.375  -0.8125
3751    1  -0.3125  -0.75
3752    1  -0.4375  -0.8125
3753    1  -0.5  -0.8125
3754    1  -0.0625  -0.5625
3755    1  -0.125  -0.5625
3756    1  -0.25  -0.625
3757    1  -0.375  -0.5625
3758    1  -0.5  -0.5
3759    1  0.5625  -0.9375
3760    1  0.5  -0.9375
3761    1  0.5  -0.875
3762    1  0.625  -0.875
3763    1  0.75  -0.75
3764    1  0.5  -0.8125
3765    1  0.5625  -0.8125
3766    1  0.75  -0.6875
3767    1  0.9375  -0.5
3768    1  0.875  -0.5625
3769    1  0.8125  -0.5625
3770    1  0.8125  -0.5
3771    1  0.75  -0.5
3772    1  0.5  -0.75
3773    1  0.5  -0.6875
3774    1  0.5625  -0.6875
3775    1  0.625  -0.5625
3776    1  0.6875  -0.5
3777    1  0.5  -0.5625
3778    1  0.625  0.125
3779    1  0.6875  0.25
3780    1  0.5  0.125
3781    1  0.5  0.1875
3782    1  0.625  0.25
3783    1  0.75  0.25
3784    1  0.8125  0.3125
3785    1  0.875  0.375
3786    1  0.8125  0.375
3787    1  1  0.5
3788    1  0.75  0.4375
3789    1  0.8125  0.5
3790    1  0.5625  0.4375
3791    1  -0.5  -0.4375
3792    1  -0.625  -0.5
3793    1  -0.5  -0.3125
3794    1  -0.5  -0.25
3795    1  -0.6875  -0.4375
3796    1  -0.75  -0.5
3797    1  -0.5  -0.1875
3798    1  -0.5625  -0.1875
3799    1  -0.5  -0.0625
3800    1  -0.5625  -0.125
3801    1  -0.625  -0.1875
3802    1  -0.6875  -0.1875
3803    1  -0.8125  -0.5
3804    1  -0.75  -0.4375
3805    1  -0.875  -0.5
3806    1  -0.75  -0.375
3807    1  -0.75  -0.3125
3808    1  -0.8125  -0.375
3809    1  -0.9375  -0.5
3810    1  -0.9375  -0.4375
3811    1  0.4375  0.5
3812    1  0.5  0.625
3813    1  0.4375  0.5625
3814    1  0.5  0.6875
3815    1  0.5  0.75
3816    1  0.375  0.625
3817    1  0.4375  0.75
3818    1  0.4375  0.8125
3819    1  0.4375  0.875
3820    1  0.4375  0.9375
3821    1  0.375  0.875
3822    1  0.375  0.75
3823    1  0.3125  0.75
3824    1  0.25  0.5
3825    1  0.1875  0.5
3826    1  0.1875  0.5625
3827    1  0.1875  0.625
3828    1  0.25  0.6875
3829    1  0.0625  0.5
3830    1  0.125  0.5625
3831    1  0  0.5
3832    1  -0.5625  0.625
3833    1  -0.6875  0.5625
3834    1  -0.5625  0.75
3835    1  -0.5  0.8125
3836    1  -0.625  0.75
3837    1  -0.5  0.9375
3838    1  -0.5625  0.9375
3839    1  -0.625  0.875
3840    1  -0.8125  0.5625
3841    1  -0.8125  0.6875
3842    1  -0.875  0.5625
3843    1  -0.875  0.625
3844    1  -1  0.5
3845    -0.9375  -0.4375  -1
3846    -0.875  -0.4375  -1
3847    -0.8125  -0.375  -1
3848    -0.75  -0.25  -1
3849    -0.75  -0.3125  -1
3850    -0.75  -0.375  -1
3851    -0.875  -0.5  -1
3852    -0.8125  -0.4375  -1
3853    -0.5625  -0.125  -1
3854    -0.5  0  -1
3855    -0.5  -0.125  -1
3856    -0.6875  -0.4375  -1
3857    -0.625  -0.4375  -1
3858    -0.5625  -0.3125  -1
3859    -0.5  -0.3125  -1
3860    -0.9375  0.5625  -1
3861    -0.875  0.5  -1
3862    -0.8125  0.5625  -1
3863    -0.75  0.75  -1
3864    -0.6875  0.8125  -1
3865    -0.625  0.8125  -1
3866    -0.625  0.75  -1
3867    -0.5  0.9375  -1
3868    -0.5625  0.75  -1
3869    -0.5625  0.8125  -1
3870    -0.5  0.8125  -1
3871    -0.5  0.75  -1
3872    -0.75  0.5  -1
3873    -0.6875  0.5  -1
3874    -0.625  0.5625  -1
3875    -0.5625  0.5  -1
3876    0.125  0.5  -1
3877    0.1875  0.5  -1
3878    0.25  0.75  -1
3879    0.375  0.8125  -1
3880    0.4375  0.9375  -1
3881    0.4375  0.8125  -1
3882    0.3125  0.5  -1
3883    0.3125  0.5625  -1
3884    0.375  0.625  -1
3885    0.4375  0.625  -1
3886    0.5  0.625  -1
3887    0.4375  0.5625  -1
3888    0.5  0.5  -1
3889    -0.375  -0.5625  -1
3890    -0.5  -0.625  -1
3891    -0.4375  -0.625  -1
3892    -0.25  -0.5  -1
3893    -0.125  -0.5  -1
3894    -0.0625  -0.5  -1
3895    -0.125  -0.625  -1
3896    -0.25  -0.6875  -1
3897    -0.4375  -0.75  -1
3898    -0.5  -0.875  -1
3899    -0.375  -0.75  -1
3900    -0.3125  -0.75  -1
3901    -0.3125  -0.8125  -1
3902    -0.4375  -0.875  -1
3903    -0.4375  -0.9375  -1
3904    -0.5  -1  -1
3905    0.5  0.375  -1
3906    0.5625  0.375  -1
3907    0.625  0.375  -1
3908    0.8125  0.4375  -1
3909    0.9375  0.5  -1
3910    1  0.5  -1
3911    0.9375  0.4375  -1
3912    0.8125  0.375  -1
3913    0.8125  0.3125  -1
3914    0.75  0.3125  -1
3915    0.75  0.25  -1
3916    0.5625  0.25  -1
3917    0.625  0.1875  -1
3918    0.5625  0.125  -1
3919    0.5  0.0625  -1
3920    0.5625  -0.5  -1
3921    0.5  -0.5625  -1
3922    0.625  -0.5625  -1
3923    0.6875  -0.5625  -1
3924    0.5625  -0.625  -1
3925    0.625  -0.625  -1
3926    0.5  -0.75  -1
3927    0.75  -0.5  -1
3928    0.875  -0.5  -1
3929    0.9375  -0.5625  -1
3930    0.875  -0.625  -1
3931    0.8125  -0.625  -1
3932    0.8125  -0.6875  -1
3933    0.5625  -0.75  -1
3934    0.625  -0.75  -1
3935    0.6875  -0.75  -1
3936    0.625  -0.8125  -1
3937    0.625  -0.875  -1
3938    -0.0625  1  -0.875
3939    -0.1875  1  -0.8125
3940    -0.0625  1  -0.8125
3941    -0.0625  1  -0.75
3942    -0.25  1  -0.75
3943    -0.375  1  -0.625
3944    -0.4375  1  -0.5625
3945    -0.375  1  -0.5625
3946    -0.375  1  -0.5
3947    -0.25  1  -0.625
3948    -0.25  1  -0.5625
3949    0  1  -0.6875
3950    -0.0625  1  -0.625
3951    -0.125  1  -0.625
3952    -0.0625  1  -0.5625
3953    0  1  -0.5625
3954    -0.0625  1  -0.5
3955    -0.5625  1  -0.4375
3956    -0.75  1  -0.25
3957    -0.625  1  -0.3125
3958    -0.5  1  -0.375
3959    -0.75  1  -0.1875
3960    -0.9375  1  -0.0625
3961    -0.875  1  -0.0625
3962    -0.8125  1  0
3963    -0.75  1  0
3964    -0.5  1  -0.1875
3965    -0.6875  1  -0.0625
3966    -0.5625  1  -0.0625
3967    -0.125  1  -0.375
3968    -0.0625  1  -0.375
3969    -0.125  1  -0.3125
3970    -0.1875  1  -0.3125
3971    0  1  -0.375
3972    -0.0625  1  -0.3125
3973    -0.0625  1  -0.25
3974    -0.3125  1  -0.1875
3975    -0.25  1  -0.1875
3976    -0.4375  1  -0.0625
3977    -0.375  1  -0.0625
3978    -0.25  1  -0.0625
3979    -0.125  1  -0.125
3980    0  1  -0.125
3981    -0.125  1  -0.0625
3982    -0.1875  1  0
3983    0  1  -0.0625
3984    0.0625  1  0.0625
3985    0.125  1  0
3986    0.0625  1  0.375
3987    0.125  1  0.25
3988    0.1875  1  0.25
3989    0.3125  1  0
3990    0.3125  1  0.1875
3991    0.375  1  0
3992    0.375  1  0.0625
3993    0.375  1  0.125
3994    0  1  0.625
3995    0  1  0.6875
3996    0.0625  1  0.625
3997    0.0625  1  0.6875
3998    0.1875  1  0.5625
3999    0.0625  1  0.75
4000    0.125  1  0.75
4001    0  1  1
4002    0.125  1  0.8125
4003    0.1875  1  0.8125
4004    0.3125  1  0.5625
4005    0.375  1  0.5
4006    0.3125  1  0.625
4007    0.3125  1  0.6875
4008    0.375  1  0.625
4009    0.4375  1  0.5625
4010    0.4375  1  0.5
4011    0.5  1  0.0625
4012    0.5625  1  0
4013    0.5  1  0.125
4014    0.5625  1  0.125
4015    0.625  1  0.0625
4016    0.5  1  0.25
4017    0.5625  1  0.25
4018    0.5625  1  0.3125
4019    0.5  1  0.4375
4020    0.5  1  0.5
4021    0.6875  1  0.3125
4022    0.8125  1  0
4023    0.8125  1  0.0625
4024    0.8125  1  0.1875
4025    0.9375  1  0
4026    0.875  1  0.125
4027    0.875  0.0625  1
4028    0.75  0.1875  1
4029    0.6875  0.3125  1
4030    0.6875  0.25  1
4031    0.625  0.3125  1
4032    0.5625  0.375  1
4033    0.5625  0.4375  1
4034    0.5625  0.25  1
4035    0.5625  0.3125  1
4036    0.5  0.375  1
4037    0.75  0  1
4038    0.6875  0.0625  1
4039    0.625  0.0625  1
4040    0.625  0  1
4041    0.5625  0  1
4042    0.5  0  1
4043    0.4375  0.5  1
4044    0.375  0.625  1
4045    0.3125  0.625  1
4046    0.25  0.6875  1
4047    0.3125  0.5625  1
4048    0.25  0.5625  1
4049    0.1875  0.8125  1
4050    0.125  0.75  1
4051    0.1875  0.5625  1
4052    0.1875  0.5  1
4053    0.0625  0.6875  1
4054    0  0.75  1
4055    0  0.6875  1
4056    0.125  0.5  1
4057    0.4375  0  1
4058    0.4375  0.0625  1
4059    0.375  0.125  1
4060    0.375  0.0625  1
4061    0.3125  0.125  1
4062    0.25  0.125  1
4063    0.375  0  1
4064    0.3125  0.0625  1
4065    0.25  0.25  1
4066    0.1875  0.25  1
4067    0.125  0.3125  1
4068    0  0.4375  1
4069    0  0.375  1
4070    0.125  0.25  1
4071    0.1875  0.0625  1
4072    0.1875  0  1
4073    0.0625  0.1875  1
4074    0.0625  0.125  1
4075    0.0625  0.0625  1
4076    -0.0625  0  1
4077    -0.125  -0.0625  1
4078    -0.1875  -0.0625  1
4079    -0.0625  -0.125  1
4080    -0.125  -0.125  1
4081    -0.0625  -0.1875  1
4082    -0.25  0  1
4083    -0.3125  -0.0625  1
4084    -0.25  -0.0625  1
4085    -0.375  0  1
4086    -0.5  0  1
4087    0  -0.3125  1
4088    -0.0625  -0.3125  1
4089    -0.125  -0.3125  1
4090    -0.125  -0.375  1
4091    0  -0.375  1
4092    0  -0.4375  1
4093    -0.5  -0.0625  1
4094    -0.5625  0  1
4095    -0.6875  0  1
4096    -0.625  -0.0625  1
4097    -0.5  -0.125  1
4098    -0.5625  -0.125  1
4099    -0.8125  0  1
4100    -0.8125  -0.0625  1
4101    -0.875  -0.0625  1
4102    -1  0  1
4103    -0.625  -0.25  1
4104    -0.75  -0.25  1
4105    -0.625  -0.375  1
4106    -0.5  -0.375  1
4107    -0.5625  -0.375  1
4108    -0.5625  -0.4375  1
4109    0  -0.5  1
4110    0  -0.5625  1
4111    -0.125  -0.5625  1
4112    -0.1875  -0.5625  1
4113    -0.125  -0.625  1
4114    -0.3125  -0.5  1
4115    -0.3125  -0.5625  1
4116    -0.375  -0.5  1
4117    -0.4375  -0.5  1
4118    -0.25  -0.625  1
4119    -0.3125  -0.6875  1
4120    -0.0625  -0.75  1
4121    -0.0625  -0.8125  1
4122    -0.1875  -0.75  1
4123    -0.125  -0.8125  1
4124    -0.125  -0.875  1
4125    -0.0625  -0.875  1
4126    -1  0.0625  0.9375
4127    -1  0.125  0.875
4128    -1  0.0625  0.875
4129    -1  0.1875  0.8125
4130    -1  0.25  0.75
4131    -1  0.0625  0.8125
4132    -1  0.0625  0.75
4133    -1  0  0.75
4134    -1  0.25  0.6875
4135    -1  0.25  0.625
4136    -1  0.375  0.625
4137    -1  0.375  0.5625
4138    -1  0.0625  0.6875
4139    -1  0.1875  0.5625
4140    -1  0  0.625
4141    -1  0  0.5625
4142    -1  0.5  0.5
4143    -1  0.625  0.3125
4144    -1  0.6875  0.3125
4145    -1  0.625  0.25
4146    -1  0.75  0.1875
4147    -1  0.9375  0.0625
4148    -1  0.875  0.0625
4149    -1  0.8125  0.0625
4150    -1  0.8125  0
4151    -1  0.5625  0.1875
4152    -1  0.5625  0.125
4153    -1  0.625  0.125
4154    -1  0.6875  0.0625
4155    -1  0.5625  0.0625
4156    -1  0.5  0
4157    -1  0  0.4375
4158    -1  0  0.375
4159    -1  0.0625  0.3125
4160    -1  0  0.3125
4161    -1  0.0625  0.25
4162    -1  0.3125  0.1875
4163    -1  0.375  0.125
4164    -1  0.3125  0.125
4165    -1  0.4375  0
4166    -1  0.375  0.0625
4167    -1  0.25  0.125
4168    -1  0.3125  0.0625
4169    -1  0.0625  0.125
4170    -1  0  0.125
4171    -1  0.1875  0
4172    -1  -0.0625  -0.0625
4173    -1  -0.0625  -0.1875
4174    -1  -0.125  0
4175    -1  -0.125  -0.125
4176    -1  -0.1875  -0.0625
4177    -1  0  -0.25
4178    -1  -0.0625  -0.25
4179    -1  -0.0625  -0.375
4180    -1  -0.125  -0.3125
4181    -1  -0.125  -0.375
4182    -1  -0.25  -0.0625
4183    -1  -0.3125  -0.0625
4184    -1  -0.3125  0
4185    -1  -0.3125  -0.125
4186    -1  -0.375  0
4187    -1  -0.4375  0
4188    -1  -0.4375  -0.0625
4189    -1  0  -0.5625
4190    -1  -0.0625  -0.5
4191    -1  -0.0625  -0.625
4192    -1  0  -0.75
4193    -1  -0.0625  -0.6875
4194    -1  -0.125  -0.5
4195    -1  -0.1875  -0.5
4196    -1  -0.0625  -0.75
4197    -1  0  -0.8125
4198    -1  -0.0625  -0.8125
4199    -1  0  -0.9375
4200    -1  0  -1
4201    -1  -0.1875  -0.75
4202    -1  -0.125  -0.875
4203    -1  -0.25  -0.5625
4204    -1  -0.3125  -0.625
4205    -1  -0.375  -0.5625
4206    -1  -0.375  -0.625
4207    -1  -0.4375  -0.5
4208    -1  -0.4375  -0.5625
4209    -1  -0.5  -0.125
4210    -1  -0.5625  -0.0625
4211    -1  -0.5625  0
4212    -1  -0.625  0
4213    -1  -0.5625  -0.125
4214    -1  -0.625  -0.125
4215    -1  -0.625  -0.0625
4216    -1  -0.6875  0
4217    -1  -0.5  -0.25
4218    -1  -0.5  -0.3125
4219    -1  -0.5625  -0.375
4220    -1  -0.5  -0.4375
4221    -1  -0.5  -0.5
4222    -1  -0.6875  -0.25
4223    -1  -0.625  -0.3125
4224    -1  -0.75  0
4225    -1  -0.75  -0.1875
4226    -1  -0.875  -0.0625
4227    0  -1  -1
4228    0.0625  -1  -0.9375
4229    0  -1  -0.875
4230    0.125  -1  -0.875
4231    0.125  -1  -0.75
4232    0.0625  -1  -0.75
4233    0.25  -1  -0.625
4234    0.375  -1  -0.625
4235    0.4375  -1  -0.5625
4236    0.0625  -1  -0.6875
4237    0  -1  -0.6875
4238    0.0625  -1  -0.625
4239    0  -1  -0.625
4240    0.125  -1  -0.5625
4241    0.0625  -1  -0.5625
4242    0  -1  -0.5625
4243    0.0625  -1  -0.5
4244    0.5625  -1  -0.4375
4245    0.625  -1  -0.375
4246    0.5  -1  -0.375
4247    0.75  -1  -0.25
4248    0.625  -1  -0.25
4249    0.5  -1  -0.3125
4250    0.9375  -1  -0.0625
4251    0.8125  -1  -0.0625
4252    0.875  -1  0
4253    0.8125  -1  0
4254    0.5  -1  -0.25
4255    0.5  -1  -0.125
4256    0.6875  -1  -0.0625
4257    0.75  -1  0
4258    0.6875  -1  0
4259    0.625  -1  0
4260    0.0625  -1  -0.4375
4261    0.125  -1  -0.375
4262    0.1875  -1  -0.3125
4263    0.125  -1  -0.3125
4264    0  -1  -0.25
4265    0.25  -1  -0.25
4266    0.3125  -1  -0.1875
4267    0.25  -1  -0.1875
4268    0.4375  -1  0
4269    0.375  -1  0
4270    0.25  -1  -0.0625
4271    0  -1  -0.1875
4272    0.0625  -1  -0.125
4273    0  -1  -0.125
4274    -0.0625  -1  0
4275    0  -1  0.0625
4276    0  -1  0.25
4277    -0.125  -1  0
4278    -0.1875  -1  0
4279    -0.125  -1  0.125
4280    -0.0625  -1  0.4375
4281    -0.0625  -1  0.375
4282    -0.125  -1  0.375
4283    -0.1875  -1  0.3125
4284    -0.25  -1  0
4285    -0.25  -1  0.0625
4286    -0.3125  -1  0.0625
4287    -0.25  -1  0.1875
4288    -0.3125  -1  0.1875
4289    -0.375  -1  0.0625
4290    0  -1  0.5
4291    0  -1  0.5625
4292    -0.0625  -1  0.5
4293    0  -1  0.625
4294    0  -1  0.6875
4295    -0.0625  -1  0.625
4296    -0.0625  -1  0.6875
4297    -0.125  -1  0.5
4298    -0.125  -1  0.5625
4299    0  -1  0.75
4300    -0.0625  -1  0.75
4301    -0.0625  -1  0.8125
4302    0  -1  0.875
4303    0  -1  0.9375
4304    -0.0625  -1  0.875
4305    -0.1875  -1  0.75
4306    -0.3125  -1  0.5625
4307    -0.3125  -1  0.5
4308    -0.3125  -1  0.6875
4309    -0.4375  -1  0.5625
4310    -0.5  -1  0.5
4311    -0.5  -1  0.0625
4312    -0.5625  -1  0
4313    -0.5625  -1  0.0625
4314    -0.5  -1  0.1875
4315    -0.5625  -1  0.125
4316    -0.5625  -1  0.1875
4317    -0.625  -1  0.0625
4318    -0.6875  -1  0.0625
4319    -0.75  -1  0
4320    -0.5  -1  0.3125
4321    -0.5  -1  0.4375
4322    -0.5625  -1  0.375
4323    -0.625  -1  0.25
4324    -0.6875  -1  0.3125
4325    -0.8125  -1  0.1875
4326    -0.875  -1  0.125
4327    -0.875  -1  0.0625
4328    -0.9375  -1  0.0625
4329    1  0  -0.9375
4330    1  0  -0.875
4331    1  0.125  -0.875
4332    1  0.1875  -0.8125
4333    1  0.125  -0.8125
4334    1  0.125  -0.75
4335    1  0  -0.8125
4336    1  0.0625  -0.75
4337    1  0.3125  -0.6875
4338    1  0.3125  -0.625
4339    1  0.375  -0.625
4340    1  0.4375  -0.5625
4341    1  0.5  -0.5
4342    1  0.375  -0.5625
4343    1  0.3125  -0.5625
4344    1  0.375  -0.5
4345    1  0.3125  -0.5
4346    1  0.0625  -0.6875
4347    1  0  -0.6875
4348    1  0  -0.625
4349    1  0  -0.5625
4350    1  0.0625  -0.5625
4351    1  0.0625  -0.5
4352    1  0  -0.5
4353    1  0.5  -0.4375
4354    1  0.625  -0.375
4355    1  0.625  -0.3125
4356    1  0.5  -0.375
4357    1  0.5625  -0.3125
4358    1  0.8125  -0.125
4359    1  0.9375  -0.0625
4360    1  0.9375  0
4361    1  0.875  0
4362    1  0.8125  -0.0625
4363    1  0.75  -0.0625
4364    1  0.5  -0.25
4365    1  0.625  -0.0625
4366    1  0.6875  0
4367    1  0.5  -0.0625
4368    1  0.125  -0.375
4369    1  0  -0.4375
4370    1  0.1875  -0.25
4371    1  0  -0.3125
4372    1  0.0625  -0.25
4373    1  0.3125  -0.1875
4374    1  0.3125  -0.125
4375    1  0.4375  -0.0625
4376    1  0.375  -0.0625
4377    1  0.375  0
4378    1  0.0625  -0.1875
4379    1  0  -0.1875
4380    1  0.125  -0.125
4381    1  0.25  0
4382    1  0  -0.0625
4383    1  0.125  0
4384    1  0.0625  0
4385    1  0  0
4386    1  0  0.1875
4387    1  -0.0625  0.125
4388    1  -0.125  0.125
4389    1  0  0.3125
4390    1  0  0.375
4391    1  -0.0625  0.375
4392    1  -0.1875  0.3125
4393    1  -0.375  0.0625
4394    1  -0.4375  0
4395    1  -0.4375  0.0625
4396    1  -0.0625  0.5
4397    1  0  0.5625
4398    1  0  0.625
4399    1  -0.0625  0.5625
4400    1  0  0.6875
4401    1  -0.0625  0.625
4402    1  -0.1875  0.5
4403    1  0  0.75
4404    1  -0.0625  0.75
4405    1  -0.125  0.75
4406    1  0  0.9375
4407    1  -0.0625  0.875
4408    1  -0.1875  0.75
4409    1  -0.125  0.8125
4410    1  -0.25  0.625
4411    1  -0.3125  0.5625
4412    1  -0.375  0.5
4413    1  -0.25  0.6875
4414    1  -0.25  0.75
4415    1  -0.4375  0.5
4416    1  -0.375  0.625
4417    1  -0.5625  0
4418    1  -0.5625  0.125
4419    1  -0.5  0.1875
4420    1  -0.6875  0.0625
4421    1  -0.5  0.25
4422    1  -0.5  0.3125
4423    1  -0.5625  0.3125
4424    1  -0.625  0.25
4425    1  -0.5  0.375
4426    1  -0.5  0.5
4427    1  -0.5625  0.375
4428    1  -0.625  0.375
4429    1  -0.6875  0.25
4430    1  -0.75  0.0625
4431    1  -0.875  0
4432    1  -0.9375  0
4433    1  -0.875  0.125
4434    1  -0.9375  0.0625
4435    -0.9375  0  -1
4436    -0.8125  0.125  -1
4437    -0.75  0.1875  -1
4438    -0.8125  0  -1
4439    -0.75  0.0625  -1
4440    -0.6875  0.3125  -1
4441    -0.625  0.25  -1
4442    -0.5625  0.4375  -1
4443    -0.5  0.4375  -1
4444    -0.5  0.375  -1
4445    -0.5625  0.3125  -1
4446    -0.5  0.3125  -1
4447    -0.6875  0  -1
4448    -0.5625  0.1875  -1
4449    -0.5  0.1875  -1
4450    -0.5625  0.0625  -1
4451    -0.4375  0.5625  -1
4452    -0.375  0.625  -1
4453    -0.375  0.5625  -1
4454    -0.25  0.625  -1
4455    -0.375  0.5  -1
4456    -0.3125  0.5  -1
4457    -0.3125  0.5625  -1
4458    -0.25  0.75  -1
4459    -0.1875  0.75  -1
4460    -0.1875  0.8125  -1
4461    -0.125  0.75  -1
4462    -0.125  0.875  -1
4463    -0.0625  0.8125  -1
4464    0  0.8125  -1
4465    -0.25  0.5  -1
4466    -0.1875  0.5625  -1
4467    -0.1875  0.5  -1
4468    -0.125  0.5625  -1
4469    -0.0625  0.6875  -1
4470    -0.0625  0.5  -1
4471    0  0.5  -1
4472    -0.4375  0.0625  -1
4473    -0.375  0.0625  -1
4474    -0.3125  0.0625  -1
4475    -0.0625  0.3125  -1
4476    -0.1875  0  -1
4477    -0.125  0  -1
4478    -0.125  0.125  -1
4479    0  0.1875  -1
4480    -0.0625  0.125  -1
4481    0  0.125  -1
4482    -0.0625  0.0625  -1
4483    -0.0625  0  -1
4484    0.1875  -0.0625  -1
4485    0  -0.1875  -1
4486    0.125  -0.125  -1
4487    0.0625  -0.1875  -1
4488    0.3125  0  -1
4489    0.25  -0.125  -1
4490    0.375  -0.0625  -1
4491    0.4375  -0.0625  -1
4492    0.375  -0.125  -1
4493    0.25  -0.1875  -1
4494    0  -0.25  -1
4495    0.1875  -0.25  -1
4496    0.0625  -0.375  -1
4497    0.0625  -0.4375  -1
4498    0  -0.4375  -1
4499    0.5  -0.0625  -1
4500    0.625  0  -1
4501    0.5625  -0.125  -1
4502    0.625  -0.125  -1
4503    0.5  -0.1875  -1
4504    0.75  -0.0625  -1
4505    0.8125  0  -1
4506    0.8125  -0.0625  -1
4507    0.9375  -0.0625  -1
4508    0.75  -0.125  -1
4509    0.8125  -0.125  -1
4510    0.5  -0.3125  -1
4511    0.625  -0.25  -1
4512    0.6875  -0.25  -1
4513    0.625  -0.375  -1
4514    0.5  -0.4375  -1
4515    0.5  -0.5  -1
4516    0.125  -0.5  -1
4517    0  -0.5625  -1
4518    0.1875  -0.5625  -1
4519    0  -0.625  -1
4520    0.125  -0.625  -1
4521    0  -0.75  -1
4522    0.375  -0.5  -1
4523    0.4375  -0.5  -1
4524    0.25  -0.625  -1
4525    0.3125  -0.625  -1
4526    0.3125  -0.6875  -1
4527    0.1875  -0.75  -1
4528    0.125  -0.8125  -1
4529    0.125  -0.875  -1
4530    0.9375  1  -1
4531    0.9375  1  -0.9375
4532    0.875  1  -1
4533    0.875  1  -0.9375
4534    0.875  1  -0.875
4535    0.75  1  -0.875
4536    0.8125  1  -0.875
4537    0.8125  1  -0.8125
4538    0.75  1  -0.8125
4539    0.75  1  -0.75
4540    0.6875  1  -1
4541    0.625  1  -1
4542    0.6875  1  -0.9375
4543    0.625  1  -0.9375
4544    0.5625  1  -0.9375
4545    0.5  1  -0.875
4546    0.5625  1  -0.875
4547    0.625  1  -0.6875
4548    0.625  1  -0.625
4549    0.5625  1  -0.75
4550    0.5625  1  -0.6875
4551    0.5625  1  -0.625
4552    0.5625  1  -0.5625
4553    0.5  1  -1
4554    0.4375  1  -0.9375
4555    0.375  1  -0.9375
4556    0.375  1  -0.875
4557    0.3125  1  -0.875
4558    0  1  -0.9375
4559    0  1  -0.875
4560    0  1  -0.8125
4561    0.1875  1  -0.6875
4562    0.125  1  -0.6875
4563    0.125  1  -0.75
4564    0  1  -0.625
4565    0  1  -0.5
4566    0.375  1  -0.4375
4567    0.375  1  -0.5
4568    0.3125  1  -0.4375
4569    0.3125  1  -0.375
4570    0.1875  1  -0.4375
4571    0.125  1  -0.5
4572    0  1  -0.4375
4573    0.1875  1  -0.25
4574    0.1875  1  -0.1875
4575    0  1  -0.1875
4576    0.0625  1  -0.0625
4577    0.0625  1  -0.125
4578    0  1  0
4579    0  1  -1
4580    -0.125  1  -1
4581    -0.1875  1  -0.9375
4582    -0.125  1  -0.875
4583    -0.3125  1  -1
4584    -0.375  1  -0.9375
4585    -0.4375  1  -0.9375
4586    -0.375  1  -0.875
4587    -0.4375  1  -0.8125
4588    -0.375  1  -0.75
4589    -0.4375  1  -0.75
4590    -0.4375  1  -0.6875
4591    -0.5  1  -0.6875
4592    -0.4375  1  -0.625
4593    -0.5  1  -0.625
4594    -0.5  1  -0.5625
4595    -0.5  1  -0.5
4596    -0.5  1  -1
4597    -0.6875  1  -1
4598    -0.75  1  -0.875
4599    -0.6875  1  -0.875
4600    -0.6875  1  -0.8125
4601    -0.8125  1  -1
4602    -0.875  1  -0.9375
4603    -0.875  1  -1
4604    -1  1  -1
4605    -0.9375  1  -0.9375
4606    -0.875  1  -0.875
4607    -1  1  -0.875
4608    -1  1  -0.8125
4609    -0.9375  1  -0.8125
4610    -0.75  1  -0.75
4611    -1  1  -0.75
4612    -1  1  -0.625
4613    -0.9375  1  -0.5625
4614    -0.5625  1  -0.5
4615    -0.6875  1  -0.4375
4616    -0.75  1  -0.4375
4617    -0.75  1  -0.375
4618    -0.625  1  -0.375
4619    -0.6875  1  -0.375
4620    -0.75  1  -0.3125
4621    -0.8125  1  -0.4375
4622    -0.875  1  -0.4375
4623    -0.9375  1  -0.4375
4624    -0.9375  1  -0.5
4625    -0.9375  1  -0.3125
4626    -0.875  1  -0.125
4627    -0.9375  1  -0.25
4628    -1  1  -0.125
4629    -1  1  0
4630    -0.0625  1  0
4631    -0.125  1  0.0625
4632    -0.0625  1  0.0625
4633    -0.1875  1  0.0625
4634    -0.25  1  0.0625
4635    -0.3125  1  0
4636    -0.375  1  0
4637    -0.375  1  0.0625
4638    -0.4375  1  0
4639    -0.5  1  0
4640    -0.4375  1  0.1875
4641    -0.4375  1  0.125
4642    -0.5  1  0.1875
4643    -0.3125  1  0.25
4644    -0.3125  1  0.3125
4645    -0.375  1  0.25
4646    -0.4375  1  0.3125
4647    -0.5  1  0.375
4648    -0.5  1  0.4375
4649    -0.5625  1  0
4650    -0.625  1  0
4651    -0.6875  1  0
4652    -0.75  1  0.125
4653    -0.6875  1  0.125
4654    -0.75  1  0.1875
4655    -0.875  1  0
4656    -0.875  1  0.0625
4657    -0.8125  1  0.0625
4658    -0.875  1  0.125
4659    -1  1  0.0625
4660    -0.9375  1  0.125
4661    -1  1  0.1875
4662    -0.8125  1  0.25
4663    -0.875  1  0.375
4664    -0.9375  1  0.4375
4665    -1  1  0.375
4666    -1  1  0.5
4667    -0.625  1  0.5625
4668    -0.625  1  0.5
4669    -0.6875  1  0.5625
4670    -0.75  1  0.5625
4671    -0.75  1  0.625
4672    -0.6875  1  0.6875
4673    -0.75  1  0.6875
4674    -0.75  1  0.5
4675    -0.9375  1  0.5
4676    -1  1  0.5625
4677    -0.9375  1  0.625
4678    -1  1  0.6875
4679    -0.75  1  0.75
4680    -0.8125  1  0.75
4681    -0.875  1  0.75
4682    -0.8125  1  0.8125
4683    -0.9375  1  0.75
4684    -0.9375  1  0.8125
4685    -0.875  1  0.875
4686    -0.9375  1  0.875
4687    -1  1  0.9375
4688    1  1  -0.875
4689    0.875  1  -0.8125
4690    0.8125  1  -0.75
4691    0.9375  1  -0.75
4692    1  1  -0.75
4693    0.6875  1  -0.6875
4694    0.75  1  -0.6875
4695    0.5  1  -0.5
4696    0.6875  1  -0.5625
4697    0.625  1  -0.5
4698    0.75  1  -0.5
4699    0.9375  1  -0.6875
4700    0.9375  1  -0.625
4701    0.875  1  -0.5625
4702    0.9375  1  -0.5
4703    1  1  -0.5
4704    0.4375  1  -0.4375
4705    0.375  1  -0.375
4706    0.4375  1  -0.375
4707    0.5  1  -0.4375
4708    0.375  1  -0.3125
4709    0.3125  1  -0.3125
4710    0.25  1  -0.25
4711    0.375  1  -0.25
4712    0.4375  1  -0.25
4713    0.5  1  -0.25
4714    0.1875  1  -0.125
4715    0.125  1  -0.125
4716    0.1875  1  -0.0625
4717    0.25  1  -0.0625
4718    0.1875  1  0
4719    0.5  1  -0.1875
4720    0.375  1  -0.125
4721    0.4375  1  -0.125
4722    0.5  1  -0.125
4723    0.375  1  -0.0625
4724    0.3125  1  -0.0625
4725    0.25  1  0
4726    0.4375  1  -0.0625
4727    0.5  1  -0.0625
4728    0.875  1  -0.375
4729    0.8125  1  -0.3125
4730    0.875  1  -0.3125
4731    1  1  -0.3125
4732    0.6875  1  -0.1875
4733    0.6875  1  -0.125
4734    0.75  1  -0.125
4735    0.6875  1  0
4736    0.75  1  -0.0625
4737    1  1  -0.25
4738    1  1  -0.1875
4739    0.875  1  -0.125
4740    1  1  0
4741    0  1  0.0625
4742    0  1  0.125
4743    -0.125  1  0.1875
4744    -0.1875  1  0.1875
4745    -0.25  1  0.25
4746    -0.1875  1  0.25
4747    -0.125  1  0.25
4748    -0.0625  1  0.25
4749    -0.375  1  0.4375
4750    -0.4375  1  0.5
4751    -0.375  1  0.5
4752    -0.3125  1  0.4375
4753    -0.25  1  0.5
4754    0  1  0.25
4755    -0.0625  1  0.3125
4756    0  1  0.3125
4757    -0.0625  1  0.375
4758    -0.1875  1  0.4375
4759    -0.125  1  0.5
4760    -0.5  1  0.5
4761    -0.5625  1  0.5625
4762    -0.5  1  0.5625
4763    -0.625  1  0.625
4764    -0.625  1  0.75
4765    -0.5625  1  0.6875
4766    -0.5  1  0.75
4767    -0.9375  1  0.9375
4768    -0.8125  1  0.9375
4769    -0.75  1  0.9375
4770    -0.5  1  0.8125
4771    -0.6875  1  0.9375
4772    -0.6875  1  1
4773    -0.5625  1  0.9375
4774    -0.5  1  1
4775    0  1  0.5
4776    -0.0625  1  0.5625
4777    -0.1875  1  0.6875
4778    -0.0625  1  0.6875
4779    -0.0625  1  0.75
4780    -0.3125  1  0.8125
4781    -0.375  1  0.875
4782    -0.4375  1  1
4783    -0.25  1  0.9375
4784    -0.3125  1  0.9375
4785    -0.3125  1  1
4786    -0.25  1  1
4787    0  1  0.8125
4788    -0.0625  1  0.8125
4789    -0.125  1  0.875
4790    -0.125  1  0.9375
4791    -0.1875  1  1
4792    0  1  0.9375
4793    1  1  0.0625
4794    0.9375  1  0.125
4795    0.8125  1  0.25
4796    0.875  1  0.25
4797    0.9375  1  0.1875
4798    0.5625  1  0.4375
4799    0.6875  1  0.5
4800    0.875  1  0.375
4801    0.8125  1  0.4375
4802    0.75  1  0.5
4803    0.875  1  0.5
4804    1  1  0.4375
4805    0.5  1  0.5625
4806    0.375  1  0.6875
4807    0.375  1  0.75
4808    0.25  1  0.75
4809    0.125  1  0.875
4810    0.25  1  0.8125
4811    0.1875  1  0.875
4812    0.125  1  0.9375
4813    0.0625  1  1
4814    0.125  1  1
4815    0.25  1  1
4816    0.5  1  0.875
4817    0.375  1  0.9375
4818    0.3125  1  1
4819    0.375  1  1
4820    0.4375  1  0.9375
4821    0.4375  1  1
4822    0.9375  1  0.5625
4823    0.9375  1  0.625
4824    0.8125  1  0.6875
4825    0.75  1  0.75
4826    0.8125  1  0.75
4827    0.875  1  0.75
4828    0.9375  1  0.75
4829    0.625  1  0.875
4830    0.5625  1  0.9375
4831    0.75  1  1
4832    1  1  0.8125
4833    0.8125  1  0.9375
4834    0.8125  1  1
4835    1  -0.875  1
4836    0.9375  -0.875  1
4837    0.875  -0.875  1
4838    1  -0.75  1
4839    0.9375  -0.8125  1
4840    0.875  -0.75  1
4841    0.875  -0.8125  1
4842    1  -0.625  1
4843    0.9375  -0.5625  1
4844    0.875  -0.5  1
4845    0.75  -0.6875  1
4846    0.6875  -0.625  1
4847    0.6875  -0.5625  1
4848    0.625  -0.5625  1
4849    0.5625  -0.5625  1
4850    0.5625  -0.5  1
4851    1  -0.4375  1
4852    1  -0.375  1
4853    0.9375  -0.375  1
4854    0.875  -0.375  1
4855    0.75  -0.25  1
4856    1  -0.25  1
4857    1  -0.1875  1
4858    0.9375  -0.125  1
4859    0.875  -0.125  1
4860    1  -0.0625  1
4861    0.9375  -0.0625  1
4862    0.875  0  1
4863    0.8125  -0.0625  1
4864    0.8125  0  1
4865    0.75  -0.125  1
4866    0.6875  -0.1875  1
4867    0.6875  -0.0625  1
4868    0.5625  -0.0625  1
4869    0.5  -0.5  1
4870    0.5  -0.375  1
4871    0.4375  -0.375  1
4872    0.5  -0.25  1
4873    0.4375  -0.25  1
4874    0.4375  -0.3125  1
4875    0.375  -0.25  1
4876    0.3125  -0.25  1
4877    0.25  -0.25  1
4878    0.5  -0.1875  1
4879    0.4375  -0.1875  1
4880    0.5  -0.0625  1
4881    0.4375  -0.0625  1
4882    0.375  -0.125  1
4883    0.3125  0  1
4884    0.25  -0.0625  1
4885    0.25  0  1
4886    0.125  -0.0625  1
4887    0.9375  0.125  1
4888    0.9375  0.0625  1
4889    0.875  0.125  1
4890    1  0.125  1
4891    1  0.25  1
4892    0.9375  0.25  1
4893    0.875  0.25  1
4894    0.875  0.1875  1
4895    0.8125  0.1875  1
4896    0.875  0.4375  1
4897    0.75  0.5  1
4898    0.75  0.4375  1
4899    0.5  0.5  1
4900    1  0.5625  1
4901    0.9375  0.625  1
4902    1  0.625  1
4903    0.9375  0.75  1
4904    0.875  0.75  1
4905    0.9375  0.8125  1
4906    1  0.875  1
4907    1  0.9375  1
4908    0.875  0.9375  1
4909    0.6875  0.8125  1
4910    0.6875  0.875  1
4911    0.75  0.9375  1
4912    0.625  1  1
4913    0.625  0.875  1
4914    0.4375  0.5625  1
4915    0.4375  0.625  1
4916    0.5  0.75  1
4917    0.5  0.8125  1
4918    0.5  0.875  1
4919    0.4375  0.8125  1
4920    0.5  0.9375  1
4921    0.4375  0.9375  1
4922    0.3125  0.9375  1
4923    0.375  0.9375  1
4924    0.25  0.75  1
4925    0.1875  0.875  1
4926    0.1875  1  1
4927    0.125  0.9375  1
4928    0  0.0625  1
4929    -0.0625  0.125  1
4930    -0.0625  0.25  1
4931    -0.125  0.1875  1
4932    0  0.25  1
4933    0  0.3125  1
4934    -0.0625  0.3125  1
4935    -0.125  0.5  1
4936    -0.125  0.375  1
4937    -0.3125  0.3125  1
4938    -0.25  0.375  1
4939    -0.25  0.5  1
4940    -0.5  0.5  1
4941    0  0.5625  1
4942    -0.0625  0.6875  1
4943    -0.125  0.625  1
4944    -0.1875  0.6875  1
4945    -0.25  0.75  1
4946    0  0.8125  1
4947    0  0.875  1
4948    -0.125  1  1
4949    -0.1875  0.9375  1
4950    -0.3125  0.8125  1
4951    -0.25  0.8125  1
4952    -0.375  0.9375  1
4953    -0.375  1  1
4954    -0.5625  0.625  1
4955    -0.5625  0.6875  1
4956    -0.5  0.6875  1
4957    -0.625  0.6875  1
4958    -0.6875  0.6875  1
4959    -0.5  0.8125  1
4960    -0.5625  0.8125  1
4961    -0.625  0.875  1
4962    -0.6875  0.9375  1
4963    -0.75  0.75  1
4964    -0.8125  0.8125  1
4965    -0.75  0.9375  1
4966    -0.75  1  1
4967    -0.875  1  1
4968    -0.9375  1  1
4969    -1  1  1
4970    0.9375  -1  1
4971    0.8125  -0.9375  1
4972    0.75  -0.9375  1
4973    0.6875  -0.6875  1
4974    0.625  -0.625  1
4975    0.625  -0.6875  1
4976    0.5625  -0.625  1
4977    0.5  -0.5625  1
4978    0.5625  -0.6875  1
4979    0.5625  -0.75  1
4980    0.5  -0.75  1
4981    0.6875  -1  1
4982    0.6875  -0.9375  1
4983    0.625  -0.875  1
4984    0.625  -0.9375  1
4985    0.625  -1  1
4986    0.5625  -0.8125  1
4987    0.5  -0.8125  1
4988    0.5625  -0.875  1
4989    0.5  -0.9375  1
4990    0.375  -0.4375  1
4991    0.25  -0.3125  1
4992    0.25  -0.375  1
4993    0.375  -0.5  1
4994    0.25  -0.4375  1
4995    0.1875  -0.1875  1
4996    0.125  -0.125  1
4997    0.0625  -0.0625  1
4998    0  -0.0625  1
4999    0.0625  -0.125  1
5000    0  -0.125  1
5001    0.0625  -0.1875  1
5002    0  -0.25  1
5003    0.25  -0.5  1
5004    0.125  -0.375  1
5005    0.1875  -0.5  1
5006    0.375  -1  1
5007    0.25  -0.8125  1
5008    0.3125  -0.9375  1
5009    0.25  -0.9375  1
5010    0.125  -0.625  1
5011    0.0625  -0.625  1
5012    0  -0.625  1
5013    0  -0.6875  1
5014    0.1875  -0.9375  1
5015    0.1875  -1  1
5016    0  -0.75  1
5017    0  -0.8125  1
5018    0  -0.875  1
5019    0.0625  -0.9375  1
5020    0  -0.9375  1
5021    0  0  1
5022    -0.0625  0.0625  1
5023    -0.125  0.125  1
5024    -0.1875  0.1875  1
5025    -0.25  0.1875  1
5026    -0.375  0.375  1
5027    -0.375  0.25  1
5028    -0.4375  0.4375  1
5029    -0.5  0.4375  1
5030    -0.4375  0.3125  1
5031    -0.5  0.25  1
5032    -0.375  0.0625  1
5033    -0.4375  0.1875  1
5034    -0.5  0.1875  1
5035    -0.4375  0.0625  1
5036    -0.5  0.0625  1
5037    -0.4375  0  1
5038    -0.5625  0.5625  1
5039    -0.625  0.5625  1
5040    -0.75  0.625  1
5041    -0.75  0.5625  1
5042    -0.8125  0.75  1
5043    -0.875  0.8125  1
5044    -1  0.875  1
5045    -1  0.75  1
5046    -0.8125  0.5  1
5047    -0.875  0.625  1
5048    -0.9375  0.6875  1
5049    -0.875  0.5  1
5050    -0.6875  0.125  1
5051    -0.8125  0.3125  1
5052    -0.9375  0.4375  1
5053    -0.9375  0.375  1
5054    -1  0.4375  1
5055    -1  0.375  1
5056    -0.9375  0.3125  1
5057    -1  0.3125  1
5058    -0.75  0  1
5059    -0.875  0.0625  1
5060    -0.9375  0.125  1
5061    -0.0625  -0.9375  1
5062    -0.0625  -1  1
5063    -0.1875  -0.8125  1
5064    -0.25  -0.75  1
5065    -0.25  -0.8125  1
5066    -0.375  -0.625  1
5067    -0.375  -0.6875  1
5068    -0.5  -0.625  1
5069    -0.375  -0.9375  1
5070    -0.4375  -0.8125  1
5071    -0.5  -0.75  1
5072    -0.4375  -0.875  1
5073    -0.4375  -1  1
5074    -0.5  -0.875  1
5075    -0.5  -0.9375  1
5076    -0.5  -0.5  1
5077    -0.5625  -0.5  1
5078    -0.625  -0.5  1
5079    -0.6875  -0.3125  1
5080    -0.75  -0.3125  1
5081    -0.6875  -0.375  1
5082    -0.6875  -0.5  1
5083    -0.8125  -0.1875  1
5084    -0.875  -0.1875  1
5085    -0.875  -0.25  1
5086    -0.9375  -0.0625  1
5087    -0.9375  -0.125  1
5088    -1  -0.125  1
5089    -0.9375  -0.1875  1
5090    -0.75  -0.5  1
5091    -0.9375  -0.3125  1
5092    -0.9375  -0.375  1
5093    -1  -0.3125  1
5094    -1  -0.4375  1
5095    -0.5625  -0.9375  1
5096    -0.5625  -1  1
5097    -0.75  -0.9375  1
5098    -0.8125  -0.75  1
5099    -0.875  -0.75  1
5100    -0.9375  -0.5625  1
5101    -0.9375  -0.6875  1
5102    -1  -0.625  1
5103    -1  -0.6875  1
5104    -0.8125  -1  1
5105    -0.9375  -0.8125  1
5106    -1  -0.8125  1
5107    -0.875  -1  1
5108    -0.9375  -0.9375  1
5109    -0.9375  -1  1
5110    -1  -0.875  1
5111    -1  -0.9375  1
5112    -1  -0.8125  0.9375
5113    -1  -0.75  1
5114    -1  -0.6875  0.9375
5115    -1  -0.625  0.9375
5116    -1  -0.5625  0.9375
5117    -1  -0.5  0.8125
5118    -1  -0.5625  0.8125
5119    -1  -0.625  0.75
5120    -1  -0.625  0.625
5121    -1  -0.5625  0.75
5122    -1  -0.5625  0.6875
5123    -1  -0.375  1
5124    -1  -0.3125  0.9375
5125    -1  -0.25  0.9375
5126    -1  -0.375  0.875
5127    -1  -0.3125  0.8125
5128    -1  -0.25  0.875
5129    -1  -0.25  0.8125
5130    -1  -0.25  1
5131    -1  -0.1875  1
5132    -1  -0.0625  0.875
5133    -1  -0.1875  0.75
5134    -1  -0.0625  0.6875
5135    -1  -0.125  0.625
5136    -1  -0.0625  0.625
5137    -1  -0.0625  0.5625
5138    -1  -0.375  0.4375
5139    -1  -0.3125  0.4375
5140    -1  -0.25  0.4375
5141    -1  -0.25  0.375
5142    -1  -0.1875  0.5
5143    -1  -0.1875  0.4375
5144    -1  -0.0625  0.375
5145    -1  -0.0625  0.3125
5146    -1  -0.1875  0.25
5147    -1  -0.125  0.125
5148    -1  -0.0625  0.125
5149    -1  0.0625  1
5150    -1  0.125  0.9375
5151    -1  0.125  1
5152    -1  0.1875  1
5153    -1  0.1875  0.9375
5154    -1  0.1875  0.875
5155    -1  0.4375  0.8125
5156    -1  0.4375  0.875
5157    -1  0.3125  0.75
5158    -1  0.3125  0.6875
5159    -1  0.375  0.75
5160    -1  0.4375  0.6875
5161    -1  0.4375  0.75
5162    -1  0.4375  0.5625
5163    -1  0.5625  1
5164    -1  0.6875  1
5165    -1  0.75  0.8125
5166    -1  0.8125  1
5167    -1  0.8125  0.9375
5168    -1  0.9375  0.9375
5169    -1  1  0.875
5170    -1  1  0.8125
5171    -1  1  0.75
5172    -1  0.75  0.75
5173    -1  0.8125  0.75
5174    -1  0.875  0.6875
5175    -1  1  0.625
5176    -1  0.625  0.5
5177    -1  0.5625  0.4375
5178    -1  0.625  0.4375
5179    -1  0.625  0.375
5180    -1  0.6875  0.5
5181    -1  0.75  0.4375
5182    -1  0.6875  0.375
5183    -1  0.875  0.4375
5184    -1  1  0.4375
5185    -1  0.875  0.375
5186    -1  0.9375  0.375
5187    -1  0.875  0.1875
5188    -1  0.9375  0.25
5189    -1  0.875  0.125
5190    -1  0.9375  0.125
5191    -1  0  0
5192    -1  0.0625  0
5193    -1  0.0625  -0.0625
5194    -1  0.125  -0.0625
5195    -1  0.125  0
5196    -1  0.125  -0.125
5197    -1  0.1875  -0.1875
5198    -1  0.1875  -0.125
5199    -1  0.25  -0.1875
5200    -1  0.3125  -0.0625
5201    -1  0.3125  0
5202    -1  0.375  0
5203    -1  0.375  -0.0625
5204    -1  0.4375  -0.125
5205    -1  0.5  -0.1875
5206    -1  0.3125  -0.3125
5207    -1  0.3125  -0.25
5208    -1  0.375  -0.3125
5209    -1  0.375  -0.375
5210    -1  0.4375  -0.25
5211    -1  0.4375  -0.375
5212    -1  0.5625  -0.0625
5213    -1  0.5625  0
5214    -1  0.75  -0.0625
5215    -1  0.75  -0.125
5216    -1  0.6875  -0.125
5217    -1  0.875  0
5218    -1  0.875  -0.0625
5219    -1  0.9375  -0.0625
5220    -1  1  -0.0625
5221    -1  1  -0.1875
5222    -1  0.9375  -0.1875
5223    -1  1  -0.25
5224    -1  0.875  -0.3125
5225    -1  0.875  -0.25
5226    -1  1  -0.3125
5227    -1  0.9375  -0.3125
5228    -1  0.875  -0.375
5229    -1  0.9375  -0.4375
5230    -1  0.5625  -0.5
5231    -1  0.625  -0.5625
5232    -1  0.625  -0.625
5233    -1  0.75  -0.5
5234    -1  0.6875  -0.625
5235    -1  0.75  -0.6875
5236    -1  0.8125  -0.5625
5237    -1  0.875  -0.5625
5238    -1  0.9375  -0.5
5239    -1  1  -0.5
5240    -1  0.9375  -0.5625
5241    -1  0.9375  -0.6875
5242    -1  1  -0.6875
5243    -1  0.75  -0.75
5244    -1  0.8125  -0.8125
5245    -1  0.9375  -0.875
5246    -1  1  -0.9375
5247    -1  -1  1
5248    -1  -0.9375  0.875
5249    -1  -0.8125  0.8125
5250    -1  -0.875  0.8125
5251    -1  -0.6875  0.6875
5252    -1  -0.6875  0.625
5253    -1  -0.5625  0.5
5254    -1  -0.625  0.5
5255    -1  -0.6875  0.5625
5256    -1  -0.75  0.5625
5257    -1  -0.6875  0.5
5258    -1  -0.75  0.5
5259    -1  -0.9375  0.625
5260    -1  -0.875  0.5
5261    -1  -1  0.5625
5262    -1  -0.4375  0.4375
5263    -1  -0.5  0.4375
5264    -1  -0.5  0.375
5265    -1  -0.375  0.375
5266    -1  -0.375  0.25
5267    -1  -0.5  0.3125
5268    -1  -0.25  0.1875
5269    -1  -0.1875  0.125
5270    -1  -0.25  0.125
5271    -1  -0.0625  0.0625
5272    -1  -0.0625  0
5273    -1  -0.25  0.0625
5274    -1  -0.4375  0.1875
5275    -1  -0.4375  0.125
5276    -1  -0.3125  0.0625
5277    -1  -0.4375  0.0625
5278    -1  -0.9375  0.4375
5279    -1  -0.9375  0.375
5280    -1  -0.875  0.375
5281    -1  -0.75  0.1875
5282    -1  -0.5625  0.0625
5283    -1  -1  0.1875
5284    -1  -0.875  0.125
5285    -1  -0.9375  0.125
5286    -1  -1  0.125
5287    -1  -1  0.0625
5288    -1  0.125  -0.1875
5289    -1  0.1875  -0.25
5290    -1  0  -0.125
5291    -1  0  -0.1875
5292    -1  0.0625  -0.25
5293    -1  0.25  -0.25
5294    -1  0.25  -0.3125
5295    -1  0.4375  -0.4375
5296    -1  0.5  -0.5
5297    -1  0.25  -0.375
5298    -1  0.25  -0.4375
5299    -1  0  -0.3125
5300    -1  0.0625  -0.375
5301    -1  0.1875  -0.4375
5302    -1  0  -0.375
5303    -1  0  -0.4375
5304    -1  0.5625  -0.5625
5305    -1  0.5  -0.5625
5306    -1  0.75  -0.8125
5307    -1  0.875  -0.875
5308    -1  0.9375  -0.9375
5309    -1  0.9375  -1
5310    -1  0.75  -0.875
5311    -1  0.8125  -0.9375
5312    -1  0.75  -0.9375
5313    -1  0.8125  -1
5314    -1  0.5625  -0.875
5315    -1  0.6875  -0.9375
5316    -1  0.625  -0.9375
5317    -1  0.6875  -1
5318    -1  0  -0.5
5319    -1  0.0625  -0.625
5320    -1  0.0625  -0.6875
5321    -1  0  -0.6875
5322    -1  0.3125  -0.8125
5323    -1  0.375  -0.9375
5324    -1  0.3125  -0.9375
5325    -1  0.0625  -0.8125
5326    -1  0.0625  -0.875
5327    -1  0  -0.875
5328    -1  0.1875  -0.9375
5329    -1  0.1875  -1
5330    -1  -1  0
5331    -1  -0.9375  -0.0625
5332    -1  -0.9375  -0.125
5333    -1  -1  -0.125
5334    -1  -0.8125  -0.1875
5335    -1  -0.875  -0.1875
5336    -1  -0.8125  -0.25
5337    -1  -1  -0.1875
5338    -1  -0.75  -0.25
5339    -1  -0.75  -0.3125
5340    -1  -0.625  -0.5
5341    -1  -0.9375  -0.3125
5342    -1  -0.9375  -0.375
5343    -1  -1  -0.375
5344    -1  -0.8125  -0.4375
5345    -1  -0.75  -0.5
5346    -1  -0.875  -0.5
5347    -1  -0.9375  -0.4375
5348    -1  -1  -0.5
5349    -1  -0.5  -0.5625
5350    -1  -0.3125  -0.6875
5351    -1  -0.375  -0.6875
5352    -1  -0.5  -0.6875
5353    -1  -0.375  -0.75
5354    -1  -0.25  -0.8125
5355    -1  -0.0625  -0.9375
5356    -1  -0.0625  -1
5357    -1  -0.1875  -0.9375
5358    -1  -0.25  -0.9375
5359    -1  -0.4375  -0.8125
5360    -1  -0.375  -0.875
5361    -1  -0.5  -0.8125
5362    -1  -0.3125  -1
5363    -1  -0.5  -0.9375
5364    -1  -0.9375  -0.625
5365    -1  -1  -0.5625
5366    -1  -1  -0.625
5367    -1  -0.875  -0.6875
5368    -1  -0.875  -0.75
5369    -1  -0.9375  -0.75
5370    -1  -0.6875  -0.875
5371    -1  -0.625  -0.875
5372    -1  -0.625  -0.9375
5373    -1  -0.5625  -0.9375
5374    -1  -1  -0.75
5375    -1  -0.9375  -0.875
5376    -1  -0.875  -0.875
5377    -1  -1  -0.875
5378    -1  -0.9375  -0.9375
5379    -1  -0.9375  -1
5380    -1  -1  -1
5381    -0.9375  -1  -1
5382    -0.8125  -1  -1
5383    -0.8125  -1  -0.9375
5384    -0.75  -1  -0.9375
5385    -0.8125  -1  -0.8125
5386    -0.75  -1  -0.75
5387    -0.6875  -1  -1
5388    -0.5625  -1  -1
5389    -0.625  -1  -0.875
5390    -0.5  -1  -0.8125
5391    -0.6875  -1  -0.75
5392    -0.625  -1  -0.6875
5393    -0.5625  -1  -0.75
5394    -0.5  -1  -0.6875
5395    -0.5  -1  -0.5625
5396    -0.375  -1  -1
5397    -0.3125  -1  -0.9375
5398    -0.3125  -1  -1
5399    -0.25  -1  -0.875
5400    -0.375  -1  -0.875
5401    -0.3125  -1  -0.875
5402    -0.3125  -1  -0.8125
5403    -0.25  -1  -0.8125
5404    -0.25  -1  -1
5405    -0.1875  -1  -0.9375
5406    0  -1  -0.9375
5407    0  -1  -0.8125
5408    -0.0625  -1  -0.75
5409    -0.0625  -1  -0.625
5410    0  -1  -0.5
5411    -0.4375  -1  -0.4375
5412    -0.3125  -1  -0.4375
5413    -0.25  -1  -0.4375
5414    -0.3125  -1  -0.3125
5415    -0.125  -1  -0.4375
5416    -0.0625  -1  -0.5
5417    0  -1  -0.4375
5418    0  -1  -0.375
5419    -0.1875  -1  -0.25
5420    -0.1875  -1  -0.1875
5421    -0.0625  -1  -0.0625
5422    0.0625  -1  -1
5423    0.125  -1  -0.9375
5424    0.1875  -1  -0.9375
5425    0.1875  -1  -0.875
5426    0.1875  -1  -0.8125
5427    0.3125  -1  -1
5428    0.375  -1  -0.9375
5429    0.375  -1  -0.875
5430    0.4375  -1  -1
5431    0.4375  -1  -0.875
5432    0.4375  -1  -0.8125
5433    0.25  -1  -0.75
5434    0.375  -1  -0.6875
5435    0.4375  -1  -0.75
5436    0.5  -1  -0.6875
5437    0.5  -1  -0.625
5438    0.5625  -1  -0.9375
5439    0.6875  -1  -1
5440    0.75  -1  -0.875
5441    0.6875  -1  -0.8125
5442    0.8125  -1  -0.9375
5443    0.9375  -1  -1
5444    1  -1  -0.875
5445    0.875  -1  -0.875
5446    0.9375  -1  -0.875
5447    1  -1  -0.8125
5448    0.875  -1  -0.6875
5449    0.875  -1  -0.75
5450    0.9375  -1  -0.75
5451    1  -1  -0.6875
5452    1  -1  -0.625
5453    0.9375  -1  -0.625
5454    1  -1  -0.5625
5455    0.5625  -1  -0.5
5456    0.625  -1  -0.5
5457    0.6875  -1  -0.5
5458    0.75  -1  -0.5
5459    0.75  -1  -0.4375
5460    0.6875  -1  -0.3125
5461    0.9375  -1  -0.4375
5462    1  -1  -0.375
5463    1  -1  -0.3125
5464    0.8125  -1  -0.25
5465    0.8125  -1  -0.1875
5466    0.9375  -1  -0.25
5467    0.875  -1  -0.125
5468    1  -1  -0.125
5469    1  -1  -0.0625
5470    0  -1  0
5471    0.0625  -1  0
5472    0.125  -1  0
5473    0.125  -1  0.0625
5474    0.1875  -1  0.0625
5475    0.1875  -1  0
5476    0.1875  -1  0.125
5477    0.25  -1  0.1875
5478    0.1875  -1  0.1875
5479    0.375  -1  0.0625
5480    0.5  -1  0.125
5481    0.3125  -1  0.25
5482    0.3125  -1  0.3125
5483    0.4375  -1  0.25
5484    0.5  -1  0.25
5485    0.5  -1  0.375
5486    0.5625  -1  0
5487    0.75  -1  0.125
5488    0.75  -1  0.25
5489    0.8125  -1  0.0625
5490    0.9375  -1  0.0625
5491    1  -1  0.1875
5492    1  -1  0.25
5493    0.8125  -1  0.25
5494    0.875  -1  0.25
5495    0.875  -1  0.3125
5496    0.9375  -1  0.25
5497    1  -1  0.3125
5498    0.5  -1  0.5
5499    0.625  -1  0.5625
5500    0.6875  -1  0.5625
5501    0.6875  -1  0.5
5502    0.75  -1  0.5625
5503    0.75  -1  0.75
5504    0.75  -1  0.5
5505    0.8125  -1  0.5625
5506    0.875  -1  0.5625
5507    1  -1  0.5625
5508    1  -1  0.6875
5509    0.8125  -1  0.75
5510    0.875  -1  0.8125
5511    0.9375  -1  0.8125
5512    1  -1  0.875
5513    -0.9375  -1  -0.9375
5514    -1  -1  -0.9375
5515    -0.9375  -1  -0.875
5516    -0.875  -1  -0.8125
5517    -0.875  -1  -0.75
5518    -1  -1  -0.8125
5519    -0.9375  -1  -0.75
5520    -0.6875  -1  -0.6875
5521    -0.6875  -1  -0.625
5522    -0.6875  -1  -0.5
5523    -0.8125  -1  -0.5
5524    -0.875  -1  -0.5625
5525    -0.9375  -1  -0.5
5526    -0.5  -1  -0.5
5527    -0.5  -1  -0.4375
5528    -0.375  -1  -0.375
5529    -0.25  -1  -0.25
5530    -0.3125  -1  -0.25
5531    -0.5  -1  -0.3125
5532    -0.4375  -1  -0.25
5533    -0.25  -1  -0.1875
5534    -0.125  -1  -0.0625
5535    -0.25  -1  -0.0625
5536    -0.4375  -1  -0.1875
5537    -0.375  -1  -0.0625
5538    -0.375  -1  0
5539    -0.5  -1  -0.0625
5540    -0.4375  -1  0
5541    -0.9375  -1  -0.4375
5542    -0.8125  -1  -0.3125
5543    -0.875  -1  -0.3125
5544    -1  -1  -0.3125
5545    -0.875  -1  -0.25
5546    -1  -1  -0.25
5547    -0.75  -1  -0.1875
5548    -0.625  -1  -0.125
5549    -0.6875  -1  -0.125
5550    -0.625  -1  -0.0625
5551    -0.5625  -1  -0.0625
5552    -0.5  -1  0
5553    -0.75  -1  -0.0625
5554    -0.6875  -1  -0.0625
5555    -0.875  -1  -0.125
5556    -0.8125  -1  0
5557    -0.875  -1  0
5558    0.0625  -1  0.0625
5559    0.0625  -1  0.125
5560    0  -1  0.125
5561    0.1875  -1  0.25
5562    0.0625  -1  0.1875
5563    0.125  -1  0.25
5564    0  -1  0.1875
5565    0.4375  -1  0.4375
5566    0.3125  -1  0.4375
5567    0.25  -1  0.4375
5568    0.25  -1  0.5
5569    0  -1  0.375
5570    0.5625  -1  0.5625
5571    0.625  -1  0.6875
5572    0.5625  -1  0.6875
5573    0.625  -1  0.75
5574    0.5  -1  0.75
5575    0.8125  -1  0.8125
5576    0.8125  -1  0.875
5577    0.875  -1  0.875
5578    0.875  -1  0.9375
5579    0.75  -1  0.875
5580    0.875  -1  1
5581    0.5625  -1  0.875
5582    0.75  -1  1
5583    0.5625  -1  0.9375
5584    0.0625  -1  0.5625
5585    0.125  -1  0.625
5586    0.125  -1  0.6875
5587    0.1875  -1  0.6875
5588    0.375  -1  0.875
5589    0.3125  -1  0.875
5590    0.25  -1  0.875
5591    0.4375  -1  1
5592    0.125  -1  0.875
5593    0.1875  -1  0.9375
5594    0.125  -1  0.9375
5595    0.125  -1  1
5596    0.0625  -1  1
5597    -0.875  -1  0.25
5598    -0.9375  -1  0.1875
5599    -0.9375  -1  0.25
5600    -0.625  -1  0.375
5601    -0.6875  -1  0.375
5602    -0.6875  -1  0.4375
5603    -0.75  -1  0.4375
5604    -0.9375  -1  0.3125
5605    -0.9375  -1  0.375
5606    -1  -1  0.3125
5607    -0.5  -1  0.5625
5608    -0.375  -1  0.625
5609    -0.3125  -1  0.75
5610    -0.5  -1  0.6875
5611    -0.4375  -1  0.6875
5612    -0.375  -1  0.75
5613    -0.125  -1  0.875
5614    -0.25  -1  0.8125
5615    -0.0625  -1  0.9375
5616    0  -1  1
5617    -0.1875  -1  0.9375
5618    -0.1875  -1  1
5619    -0.375  -1  0.875
5620    -0.375  -1  0.9375
5621    -0.3125  -1  0.9375
5622    -0.3125  -1  1
5623    -0.375  -1  1
5624    -0.5  -1  0.875
5625    -0.4375  -1  0.9375
5626    -0.9375  -1  0.625
5627    -0.9375  -1  0.75
5628    -0.75  -1  0.75
5629    -0.75  -1  0.875
5630    -0.625  -1  1
5631    -0.6875  -1  1
5632    -1  -1  0.75
5633    -0.8125  -1  0.9375
5634    -0.875  -1  0.9375
5635    1  -0.875  -0.875
5636    1  -0.75  -0.875
5637    1  -0.8125  -0.8125
5638    1  -0.8125  -0.875
5639    1  -0.75  -0.8125
5640    1  -0.6875  -1
5641    1  -0.6875  -0.9375
5642    1  -0.6875  -0.75
5643    1  -0.5  -0.75
5644    1  -0.375  -0.875
5645    1  -0.3125  -0.9375
5646    1  -0.25  -0.75
5647    1  -0.125  -0.9375
5648    1  -0.0625  -0.9375
5649    1  -0.0625  -1
5650    1  -0.0625  -0.8125
5651    1  0  -0.75
5652    1  -0.1875  -0.75
5653    1  -0.1875  -0.6875
5654    1  -0.375  -0.5
5655    1  -0.3125  -0.375
5656    1  -0.25  -0.375
5657    1  -0.25  -0.25
5658    1  -0.125  -0.4375
5659    1  -0.125  -0.5
5660    1  0  -0.375
5661    1  -0.0625  -0.3125
5662    1  -0.0625  -0.25
5663    1  0  -0.25
5664    1  0  -1
5665    1  0.0625  -1
5666    1  0.0625  -0.9375
5667    1  0.1875  -0.9375
5668    1  0.25  -0.75
5669    1  0.25  -1
5670    1  0.3125  -1
5671    1  0.375  -1
5672    1  0.4375  -1
5673    1  0.4375  -0.8125
5674    1  0.4375  -0.875
5675    1  0.375  -0.75
5676    1  0.375  -0.6875
5677    1  0.5  -0.625
5678    1  0.625  -0.9375
5679    1  0.6875  -1
5680    1  0.6875  -0.9375
5681    1  0.75  -0.9375
5682    1  0.75  -0.875
5683    1  0.6875  -0.8125
5684    1  0.9375  -1
5685    1  1  -0.9375
5686    1  0.9375  -0.875
5687    1  0.8125  -0.75
5688    1  0.875  -0.625
5689    1  0.9375  -0.75
5690    1  1  -0.6875
5691    1  0.9375  -0.5625
5692    1  0.625  -0.4375
5693    1  0.6875  -0.4375
5694    1  0.75  -0.4375
5695    1  0.75  -0.3125
5696    1  0.8125  -0.4375
5697    1  0.875  -0.375
5698    1  0.875  -0.5
5699    1  1  -0.4375
5700    1  0.9375  -0.375
5701    1  1  -0.375
5702    1  0.8125  -0.25
5703    1  0.875  -0.1875
5704    1  0.875  -0.125
5705    1  0.9375  -0.25
5706    1  1  -0.125
5707    1  0.9375  -0.125
5708    1  1  -0.0625
5709    1  0.0625  0.0625
5710    1  0.1875  0
5711    1  0.1875  0.0625
5712    1  0.25  0.0625
5713    1  0.1875  0.1875
5714    1  0.3125  0.0625
5715    1  0.4375  0.1875
5716    1  0.3125  0.25
5717    1  0.3125  0.3125
5718    1  0.375  0.25
5719    1  0.5  0.375
5720    1  0.5  0.4375
5721    1  0.4375  0.4375
5722    1  0.5  0
5723    1  0.5625  0
5724    1  0.625  0.0625
5725    1  0.5625  0.0625
5726    1  0.6875  0.0625
5727    1  0.75  0.125
5728    1  0.6875  0.125
5729    1  0.6875  0.1875
5730    1  0.75  0
5731    1  0.8125  0.0625
5732    1  0.875  0.0625
5733    1  0.9375  0.0625
5734    1  1  0.125
5735    1  0.9375  0.1875
5736    1  1  0.1875
5737    1  1  0.3125
5738    1  0.5  0.5
5739    1  0.625  0.5625
5740    1  0.8125  0.5625
5741    1  0.875  0.5
5742    1  1  0.5625
5743    1  0.875  0.625
5744    1  0.75  0.75
5745    1  0.8125  0.75
5746    1  0.8125  0.8125
5747    1  0.875  0.8125
5748    1  0.875  0.875
5749    1  0.9375  0.875
5750    1  -1  -1
5751    1  -0.9375  -0.9375
5752    1  -0.875  -0.8125
5753    1  -0.9375  -0.8125
5754    1  -0.625  -0.625
5755    1  -0.625  -0.5625
5756    1  -0.5625  -0.5625
5757    1  -0.5625  -0.5
5758    1  -1  -0.75
5759    1  -1  -0.5
5760    1  -0.4375  -0.4375
5761    1  -0.375  -0.375
5762    1  -0.3125  -0.3125
5763    1  -0.375  -0.25
5764    1  -0.25  -0.1875
5765    1  -0.125  -0.125
5766    1  -0.0625  -0.0625
5767    1  -0.0625  0
5768    1  -0.25  -0.125
5769    1  -0.125  0
5770    1  -0.25  0
5771    1  -0.375  -0.125
5772    1  -0.3125  -0.0625
5773    1  -0.3125  0
5774    1  -0.5  -0.125
5775    1  -0.4375  -0.0625
5776    1  -0.5  0
5777    1  -1  -0.4375
5778    1  -0.9375  -0.375
5779    1  -0.875  -0.375
5780    1  -0.8125  -0.3125
5781    1  -0.9375  -0.25
5782    1  -0.625  -0.125
5783    1  -0.625  0
5784    1  -0.6875  -0.0625
5785    1  -0.9375  -0.1875
5786    1  -0.875  -0.0625
5787    1  0  0.0625
5788    1  0.125  0.125
5789    1  0.125  0.1875
5790    1  0.1875  0.25
5791    1  0.0625  0.1875
5792    1  0.375  0.375
5793    1  0.3125  0.375
5794    1  0.375  0.5
5795    1  0.3125  0.5
5796    1  0.125  0.375
5797    1  0.125  0.4375
5798    1  0.125  0.5
5799    1  0  0.4375
5800    1  0.5  0.5625
5801    1  0.625  0.625
5802    1  0.625  0.6875
5803    1  0.6875  0.6875
5804    1  0.5625  0.6875
5805    1  0.75  0.8125
5806    1  0.8125  0.875
5807    1  0.9375  0.9375
5808    1  0.875  0.9375
5809    1  1  1
5810    1  0.75  0.875
5811    1  0.8125  0.9375
5812    1  0.75  1
5813    1  0.5625  0.875
5814    1  0.5  0.8125
5815    1  0.625  0.875
5816    1  0.0625  0.5625
5817    1  0.125  0.625
5818    1  0.0625  0.625
5819    1  0.25  0.75
5820    1  0.1875  0.75
5821    1  0.125  0.6875
5822    1  0.0625  0.75
5823    1  0.3125  0.8125
5824    1  0.25  0.8125
5825    1  0.375  0.9375
5826    1  0.25  0.875
5827    1  0.0625  0.875
5828    1  0  0.875
5829    1  0.125  0.9375
5830    1  0.0625  0.9375
5831    1  -1  0
5832    1  -0.9375  0.125
5833    1  -1  0.125
5834    1  -0.75  0.25
5835    1  -0.6875  0.3125
5836    1  -0.75  0.3125
5837    1  -0.5625  0.4375
5838    1  -0.625  0.4375
5839    1  -0.5625  0.5
5840    1  -0.625  0.5
5841    1  -0.6875  0.5
5842    1  -0.9375  0.3125
5843    1  -0.8125  0.4375
5844    1  -0.8125  0.5
5845    1  -1  0.375
5846    1  -0.9375  0.4375
5847    1  -0.875  0.5
5848    1  -0.4375  0.625
5849    1  -0.5  0.5625
5850    1  -0.3125  0.6875
5851    1  -0.5  0.75
5852    1  -0.25  0.8125
5853    1  -0.1875  0.8125
5854    1  -0.0625  0.9375
5855    1  0  1
5856    1  -0.25  0.9375
5857    1  -0.375  0.875
5858    1  -0.3125  0.9375
5859    1  -0.375  0.9375
5860    1  -0.5  0.875
5861    1  -0.9375  0.625
5862    1  -0.75  0.75
5863    1  -0.6875  0.8125
5864    1  -0.6875  0.875
5865    1  -0.75  0.8125
5866    1  -0.5625  1
5867    1  -0.75  0.875
5868    1  -0.6875  0.9375
5869    1  -0.6875  1
5870    1  -0.9375  0.8125
5871    1  -0.9375  0.875
5872    1  -0.8125  0.9375
5873    1  -0.9375  0.9375
5874    1  -1  0.9375
5875    1  -0.9375  1
5876    1  -1  1
5877    -0.875  -0.75  -1
5878    -0.9375  -0.6875  -1
5879    -0.9375  -0.625  -1
5880    -1  -0.625  -1
5881    -1  -0.5625  -1
5882    -1  -0.5  -1
5883    -0.9375  -0.5  -1
5884    -0.8125  -0.5  -1
5885    -0.75  -0.5625  -1
5886    -0.6875  -0.5  -1
5887    -0.625  -0.5  -1
5888    -0.625  -0.625  -1
5889    -0.625  -0.5625  -1
5890    -0.5625  -0.5625  -1
5891    -1  -0.4375  -1
5892    -0.9375  -0.375  -1
5893    -1  -0.375  -1
5894    -1  -0.25  -1
5895    -0.9375  -0.3125  -1
5896    -0.8125  -0.3125  -1
5897    -0.8125  -0.25  -1
5898    -1  -0.125  -1
5899    -0.875  0  -1
5900    -0.875  -0.0625  -1
5901    -0.75  -0.1875  -1
5902    -0.6875  -0.1875  -1
5903    -0.5625  -0.0625  -1
5904    -0.625  0  -1
5905    -0.5625  0  -1
5906    -0.5  -0.5  -1
5907    -0.5  -0.4375  -1
5908    -0.5  -0.375  -1
5909    -0.375  -0.375  -1
5910    -0.3125  -0.3125  -1
5911    -0.375  -0.3125  -1
5912    -0.3125  -0.25  -1
5913    -0.5  -0.1875  -1
5914    -0.4375  -0.125  -1
5915    -0.4375  -0.1875  -1
5916    -0.4375  -0.0625  -1
5917    -0.1875  -0.1875  -1
5918    -0.25  -0.125  -1
5919    -0.25  -0.0625  -1
5920    -0.25  0  -1
5921    -0.0625  -0.0625  -1
5922    -1  0.0625  -1
5923    -0.9375  0.125  -1
5924    -0.9375  0.0625  -1
5925    -1  0.125  -1
5926    -0.9375  0.25  -1
5927    -0.875  0.1875  -1
5928    -0.8125  0.1875  -1
5929    -0.75  0.25  -1
5930    -0.9375  0.3125  -1
5931    -0.9375  0.375  -1
5932    -0.875  0.375  -1
5933    -0.9375  0.4375  -1
5934    -1  0.4375  -1
5935    -0.875  0.4375  -1
5936    -0.8125  0.5  -1
5937    -0.75  0.3125  -1
5938    -0.6875  0.375  -1
5939    -0.625  0.375  -1
5940    -0.75  0.4375  -1
5941    -0.5  0.5  -1
5942    -1  0.5  -1
5943    -1  0.5625  -1
5944    -0.9375  0.6875  -1
5945    -0.875  0.75  -1
5946    -0.9375  0.8125  -1
5947    -1  0.875  -1
5948    -0.9375  0.875  -1
5949    -0.875  0.875  -1
5950    -0.6875  0.875  -1
5951    -0.75  0.875  -1
5952    -0.5625  0.9375  -1
5953    -0.625  0.9375  -1
5954    -0.4375  0.625  -1
5955    -0.5  0.6875  -1
5956    -0.375  0.75  -1
5957    -0.3125  0.6875  -1
5958    -0.3125  0.75  -1
5959    -0.4375  0.8125  -1
5960    -0.4375  0.875  -1
5961    -0.3125  0.9375  -1
5962    -0.1875  0.875  -1
5963    -0.25  0.875  -1
5964    -0.25  0.9375  -1
5965    0  0.0625  -1
5966    0.0625  0.125  -1
5967    0.125  0.1875  -1
5968    0  0.4375  -1
5969    0.0625  0.4375  -1
5970    0.0625  0.5  -1
5971    0.125  0.375  -1
5972    0.125  0.4375  -1
5973    0.375  0.4375  -1
5974    0.4375  0.5  -1
5975    0.0625  0.5625  -1
5976    0  0.5625  -1
5977    0  0.75  -1
5978    0.0625  0.75  -1
5979    0.125  0.6875  -1
5980    0  0.875  -1
5981    0.0625  0.875  -1
5982    0  0.9375  -1
5983    0.0625  1  -1
5984    0.125  0.875  -1
5985    0.1875  0.9375  -1
5986    0.125  1  -1
5987    0.25  0.8125  -1
5988    0.25  1  -1
5989    0.375  0.9375  -1
5990    0.375  1  -1
5991    0.4375  1  -1
5992    0.5  0.5625  -1
5993    0.5625  0.625  -1
5994    0.5  0.6875  -1
5995    0.5  0.75  -1
5996    0.5625  0.6875  -1
5997    0.6875  0.75  -1
5998    0.6875  0.6875  -1
5999    0.5  0.9375  -1
6000    0.6875  0.9375  -1
6001    0.75  1  -1
6002    0.8125  0.875  -1
6003    0.75  0.9375  -1
6004    1  1  -1
6005    -0.9375  -0.9375  -1
6006    -0.875  -1  -1
6007    -0.8125  -0.875  -1
6008    -0.75  -0.8125  -1
6009    -0.6875  -0.75  -1
6010    -0.5625  -0.625  -1
6011    -0.5625  -0.6875  -1
6012    -0.5625  -0.75  -1
6013    -0.625  -0.9375  -1
6014    -0.5625  -0.8125  -1
6015    -0.5  -0.75  -1
6016    -0.5  -0.8125  -1
6017    -0.625  -1  -1
6018    -0.5625  -0.9375  -1
6019    -0.4375  -0.4375  -1
6020    -0.4375  -0.5  -1
6021    -0.25  -0.25  -1
6022    -0.3125  -0.5  -1
6023    -0.3125  -0.4375  -1
6024    -0.25  -0.4375  -1
6025    -0.125  -0.125  -1
6026    -0.0625  -0.125  -1
6027    0  -0.0625  -1
6028    -0.0625  -0.1875  -1
6029    -0.125  -0.4375  -1
6030    -0.0625  -0.3125  -1
6031    0  -0.5  -1
6032    -0.375  -0.875  -1
6033    -0.3125  -0.875  -1
6034    -0.25  -0.8125  -1
6035    -0.25  -0.875  -1
6036    -0.25  -0.75  -1
6037    -0.1875  -0.6875  -1
6038    -0.125  -0.6875  -1
6039    -0.1875  -0.75  -1
6040    -0.125  -0.75  -1
6041    -0.0625  -0.5625  -1
6042    0  -0.6875  -1
6043    -0.125  -0.9375  -1
6044    -0.125  -1  -1
6045    0  -0.875  -1
6046    -0.0625  -1  -1
6047    -0.0625  -0.9375  -1
6048    0  0  -1
6049    0.125  0.125  -1
6050    0.0625  0  -1
6051    0.125  0  -1
6052    0.1875  0.1875  -1
6053    0.1875  0.0625  -1
6054    0.1875  0  -1
6055    0.25  0.125  -1
6056    0.25  0.0625  -1
6057    0.25  0.25  -1
6058    0.3125  0.3125  -1
6059    0.375  0.375  -1
6060    0.3125  0.25  -1
6061    0.5  0.4375  -1
6062    0.5  0.3125  -1
6063    0.4375  0.25  -1
6064    0.375  0.0625  -1
6065    0.375  0.125  -1
6066    0.4375  0.1875  -1
6067    0.4375  0.0625  -1
6068    0.5  0.125  -1
6069    0.5  0  -1
6070    0.5625  0.5625  -1
6071    0.625  0.625  -1
6072    0.625  0.5625  -1
6073    0.5625  0.5  -1
6074    0.75  0.6875  -1
6075    0.6875  0.5625  -1
6076    0.75  0.5  -1
6077    0.8125  0.75  -1
6078    0.875  0.8125  -1
6079    0.875  0.75  -1
6080    0.9375  0.9375  -1
6081    0.9375  0.875  -1
6082    1  0.875  -1
6083    0.875  0.5  -1
6084    1  0.5625  -1
6085    0.5625  0  -1
6086    0.75  0.125  -1
6087    0.875  0.3125  -1
6088    0.875  0.25  -1
6089    0.9375  0.25  -1
6090    1  0.1875  -1
6091    0.875  0  -1
6092    0.9375  0.0625  -1
6093    0.9375  0  -1
6094    1  0.125  -1
6095    0.1875  -0.8125  -1
6096    0.1875  -0.875  -1
6097    0.25  -0.75  -1
6098    0.25  -0.8125  -1
6099    0.125  -1  -1
6100    0.3125  -0.75  -1
6101    0.4375  -0.6875  -1
6102    0.5  -0.625  -1
6103    0.5  -0.6875  -1
6104    0.375  -0.9375  -1
6105    0.4375  -0.8125  -1
6106    0.5  -0.8125  -1
6107    0.5  -0.9375  -1
6108    0.5  -1  -1
6109    0.6875  -0.375  -1
6110    0.6875  -0.5  -1
6111    0.75  -0.25  -1
6112    0.8125  -0.25  -1
6113    0.875  -0.125  -1
6114    0.875  -0.1875  -1
6115    0.875  -0.25  -1
6116    0.9375  -0.125  -1
6117    0.9375  -0.25  -1
6118    0.9375  -0.1875  -1
6119    1  -0.125  -1
6120    1  -0.25  -1
6121    0.875  -0.4375  -1
6122    0.8125  -0.5  -1
6123    0.875  -0.375  -1
6124    1  -0.3125  -1
6125    0.9375  -0.375  -1
6126    1  -0.375  -1
6127    0.9375  -0.5  -1
6128    1  -0.5  -1
6129    0.5625  -0.9375  -1
6130    0.625  -0.9375  -1
6131    0.5625  -1  -1
6132    0.6875  -0.8125  -1
6133    0.75  -0.75  -1
6134    0.75  -0.8125  -1
6135    0.75  -0.875  -1
6136    0.75  -0.9375  -1
6137    0.875  -0.75  -1
6138    0.75  -1  -1
6139    0.8125  -0.9375  -1
6140    0.8125  -1  -1
6141    0.875  -0.9375  -1
6142    0.875  -1  -1
6143    0.9375  -0.8125  -1
6144    1  -0.8125  -1
6145    0.9375  -0.9375  -1
6146    1  -0.9375  -1
6147    -0.15625  -0.71875  -0.71875
6148    -0.59375000000000022  -0.65625  -0.65624999999999989
6149    -0.59375  0.59375  0.46875
6150    -0.40625000000000022  -0.65625  -0.77982954545454541
6151    -0.40625  0.71875  -0.71875
6152    -0.78125  -0.84375  -0.84375
6153    -0.46875  0.093749999999999764  -0.46875
6154    -0.5829326923076924  -0.46875  -0.28124999999999989
6155    -0.09375  -0.40625  0.40625
6156    -0.71875  0.65625  -0.71875
6157    0.40625  -0.84375  0.84375
6158    -0.78125  -0.53125  0.78125
6159    0.65625  -0.65625  -0.21875
6160    0.220703125  0.093749999999999722  -0.10351562500000022
6161    -0.15625000000000028  -0.69819078947368418  0.46875
6162    -0.093750000000000056  0.47235576923076927  0.34375
6163    -0.84375  0.09375  -0.84375
6164    -0.78125  -0.78125  -0.53125
6165    -0.63671875  0.28125000000000011  -0.67578124999999989
6166    -0.84375  -0.28125  -0.84375
6167    0.34375  0.59375  -0.59375
6168    -0.84375  0.71875  0.84375
6169    0.46874999999999961  0.093749999999999473  -0.51853128404139448
6170    0.093750000000000028  0.34375000000000011  0.6339758999013807
6171    -0.15624999999999989  0.15625  -0.64062499999999989
6172    -0.46875  0.52855603448275856  -0.28125
6173    -0.40624999999999994  -0.64800921293073432  -0.031249999999999889
6174    -0.46875  0.828125  -0.59375
6175    -0.84375  0.78125  -0.84375
6176    0.59375000000000011  -0.78125  0.80312499999999987
6177    -0.72853652645659928  0.59374999999999967  -0.34375
6178    -0.53125000000000022  -0.26302083333333304  -0.61197916666666696
6179    -0.65625  0.46295081695005313  -0.78889230207226357
6180    0.46875000000000011  -0.63778409090909094  0.09375
6181    -0.34374999999999989  -0.81568141276932449  -0.093750000000000111
6182    -0.59375  -0.72690068001153652  0.15624999999999989
6183    -0.70654786789297674  -0.70654786789297663  -0.15625000000000033
6184    -0.71875  0.46875  0.71875
6185    -0.71875  0.8504464285714286  -0.78125
6186    -0.84375  0.84375  0.53125
6187    -0.71875  0.71875  -0.03125
6188    0.48231418389724273  0.40625000000000061  0.21874999999999978
6189    0.40624999999999989  0.32175865626850814  -0.7023233004935826
6190    -0.34375  0.82883522727272729  -0.46875
6191    -0.39616191917731275  -0.73021509364374915  0.34374999999999989
6192    0.71875000000000011  -0.71875000000000011  0.1994124483471072
6193    -0.69944852941176472  0.031250000000000208  -0.28125
6194    0.031249999999999903  0.66399679122130717  0.09375
6195    0.84375  -0.09375  0.84375
6196    0.65625  -0.21875  0.765625
6197    -0.78125  -0.09375  0.78125
6198    0.28125  -0.093750000000000083  -0.68827517811911643
6199    -0.79564334020528205  -0.78125  0.15624999999999989
6200    -0.15624999999999986  0.46875000000000011  0.7129348630371829
6201    -0.84375  -0.84375  0.65625
6202    0.59374999999999967  0.69431252327537929  0.21874999999999978
6203    0.46875000000000011  0.81840447044829256  0.28125
6204    -0.40624999999999989  0.75120192307692302  0.53125
6205    -0.69302100752508466  -0.7947768603678933  -0.34374999999999989
6206    -0.78125  0.84895833333333337  0.03125
6207    0.73088819507721281  0.093750000000000361  -0.59374999999999978
6208    0.15625  0.16992692917469807  -0.70961967169458451
6209    0.09375  -0.28125  -0.73449060203501915
6210    0.59375000000000022  -0.6771164156684415  0.49587331543083402
6211    0.21874999999999997  -0.65625  0.703125
6212    -0.031249999999999931  0.21875  -0.79585597826086951
6213    0.65625  -0.77982954545454541  -0.03125
6214    -0.75175566105446001  -0.54211628928625677  0.21875
6215    -0.34374999999999989  -0.40624999999999989  0.65213815789473695
6216    0.59375  -0.21875000000000014  -0.66556963876245157
6217    -0.46875000000000006  0.7283257732145445  0.26555143596986824
6218    0.09375  -0.84375  0.84375
6219    0.78125  0.40625  0.78125
6220    0.40625  -0.46875  0.73643092105263153
6221    0.65625  0.15625000000000011  -0.78761471056691179
6222    -0.030532426643997856  0.62200140822430949  -0.53125
6223    -0.828125  0.59375  0.03125
6224    -0.21874999999999978  0.73608692316627633  0.15625
6225    -0.80610795454545459  0.65625  0.21875
6226    -0.84375  -0.12187499999999998  -0.84375
6227    -0.84375  0.59375  -0.84375
6228    0.63921261621900827  -0.34375  -0.03439275568181821
6229    0.7508714977422416  0.7508714977422416  0.40625000000000022
6230    -0.86657416402331044  -0.59375  0.28125
6231    -0.47171290402153448  -0.77287322086335108  -0.28124999999999989
6232    -0.84375  -0.87812500000000004  0.53125
6233    -0.53125000000000022  -0.093750000000000527  -0.77158487136465381
6234    0.46875  -0.53125  0.85710001590853102
6235    -0.28125000000000006  -0.76329601610482667  0.13676073281838291
6236    0.82528409090909094  -0.65625  -0.15625
6237    0.83090698612276281  0.15625000000000011  -0.78125
6238    0.78125  0.78125  -0.15625
6239    0.55440349644194031  -0.031250000000000278  0.28125000000000022
6240    0.77939333296681579  -0.031249999999999833  0.28124999999999978
6241    0.031249999999999903  0.68958439107203251  -0.21875
6242    -0.75634386776767903  -0.34375  -0.15624999999999989
6243    0.65625  0.71875  -0.71875
6244    0.25  -0.78125  0.83437499999999998
6245    -0.28124999999999994  0.78125  -0.828125
6246    0.84375  -0.84375  0.34375
6247    0.093750000000000056  0.78501850192544254  -0.40625000000000006
6248    -0.40624999999999989  -0.78125  -0.85886638563049855
6249    -0.7459094613380115  -0.28125  0.093750000000000111
6250    0.53125  0.093750000000000042  -0.85242472222322696
6251    -0.59374999999999978  -0.53124999999999978  -0.80823863636363624
6252    -0.65625  -0.8504464285714286  -0.59375
6253    -0.84375  -0.53125  -0.84375
6254    -0.40625000000000011  0.34375000000000006  -0.75296498493975905
6255    0.78125  -0.59375  0.78125
6256    0.031250000000000049  0.093750000000000305  0.72894303025464569
6257    -0.031250000000000389  0.73062549281584022  0.40625
6258    -0.28125000000000011  0.18910336778522238  -0.79843394627954578
6259    -0.093750000000000042  0.84214123050761291  0.15625
6260    -0.79927884615384615  0.59375  0.46875
6261    -0.7433035714285714  0.15625  0.71875
6262    0.59375  -0.34375000000000006  0.84531250000000002
6263    0.093750000000000111  0.83268507650747414  0.34375
6264    -0.15625000000000011  0.15625000000000008  0.79601842381802612
6265    -0.84375  0.40625  -0.84375
6266    0.59375  -0.83440466061523866  0.21875000000000006
6267    -0.22998922403954994  -0.8164829382231944  0.34374999999999989
6268    0.78125  0.03125  0.86562499999999998
6269    -0.65625  -0.7917009730538922  0.57470995508982037
6270    -0.78125  0.86562499999999998  0.40625
6271    -0.77473958333333337  0.77473958333333337  -0.53125
6272    -0.84375  -0.84375  -0.15625
6273    0.73927069199400841  0.34375000000000017  0.21874999999999978
6274    -0.84375  -0.84375  0.84375
6275    -0.21874999999999997  -0.84375  0.84375
6276    0.34374999999999978  -0.59801136363636342  -0.46875
6277    0.40625  0.77524038461538458  -0.71875
6278    0.77414772727272729  -0.59375  -0.40625
6279    -0.53125000000000011  0.15625  0.78290639172335608
6280    0.28125000000000011  0.59375000000000011  0.68625458434141162
6281    0.74356306635383218  0.59374999999999978  0.031249999999999778
6282    0.79649622100333672  0.28124999999999989  -0.53125
6283    -0.86562499999999998  0.71875  -0.71875
6284    0.28125  -0.78125  -0.78125
6285    0.78125  -0.86562499999999998  0.21875
6286    -0.031250000000000167  0.75292855008416271  0.65625000000000011
6287    -0.53125  0.74999845511172625  0.74999845511172625
6288    0.28124999999999994  0.21874999999999989  0.75028725321126244
6289    -0.46874999999999989  -0.81421575159914705  -0.59375
6290    -0.093749999999999972  -0.828125  0.71875
6291    -0.88205309535562038  -0.59375  0.15624999999999997
6292    0.83750775531258115  0.46875  -0.03125
6293    -0.53124999999999989  -0.03125  0.81498128758308652
6294    -0.59375  -0.84809598652467744  -0.45117822485729331
6295    0.86466475779147955  0.53125  0.09375
6296    -0.34375  0.86382559921962099  0.46875
6297    -0.34375  -0.87812499999999993  0.84375
6298    -0.52043269230769229  0.15625  0.28125
6299    -0.80025258458646609  0.16103735902255631  -0.65624999999999989
6300    -0.84375  0.84375  -0.21875
6301    0.78125  0.46875  -0.78125
6302    -0.093749999999999958  0.28125  0.85492168084611353
6303    0.77081997027534421  -0.40625  0.81324213861076344
6304    0.86166906566857704  -0.46875  0.71875
6305    0.65625000000000011  -0.28125000000000011  -0.82402458753756547
6306    0.75434427331282039  -0.34375  0.53125
6307    0.40625  0.78125  0.78125
6308    -0.86784743788819874  0.15625  0.78125
6309    -0.35671745636558894  -0.85741382184513415  0.28124999999999994
6310    -0.34375000000000011  0.21874999999999997  0.8070466463317808
6311    0.46875  -0.80564057917888565  -0.09375
6312    -0.77797309104609103  -0.21875  -0.34374999999999989
6313    -0.15624999999999997  0.40625  0.8668793382988329
6314    0.59374999999999956  -0.59375000000000011  -0.67737261485172595
6315    -0.28125  0.40625  0.88208823044228701
6316    0.65624999999999989  -0.8335956842396246  0.53125
6317    -0.53125000000000022  0.78295642444926195  0.062589059985547896
6318    -0.77833076322830008  0.48032514925188347  -0.15625
6319    0.65625  -0.88238839285714288  0.84375
6320    0.34375  0.09375  -0.81371680799388835
6321    0.40625  0.71754807692307698  -0.34375
6322    -0.63929990683991211  -0.30550750231151913  0.46874999999999978
6323    0.84310267857142862  0.15625  0.78125
6324    -0.78125  0.87922054597701149  0.15625
6325    -0.086424631326724954  0.65625  -0.76269384896128634
6326    0.86465690382382032  0.40625  -0.53125
6327    -0.86562499999999998  -0.65625  -0.78125
6328    -0.55019758247237915  0.34375000000000011  -0.83682618197106096
6329    -0.74697787353136769  -0.53125  -0.46875000000000011
6330    0.34375  -0.8274525125189286  -0.21875
6331    -0.72088929243311017  -0.82940857545986613  -0.03125
6332    0.73081418242372798  -0.09375  -0.09375
6333    0.78125  -0.82814554376408711  -0.15625
6334    -0.21875000000000008  -0.87064770256090818  0.46875
6335    0.59375  -0.87592135268229687  0.09375
6336    -0.65909444255992777  -0.34375  -0.80596944255992775
6337    0.77473958333333326  0.77473958333333337  -0.53125
6338    -0.71075410821960139  -0.031250000000000056  0.39885170430466155
6339    0.28125000000000011  -0.66501657673759618  0.37178406324657609
6340    0.46875  -0.86412678764649065  0.28124999999999994
6341    0.34375  -0.87410853942223765  -0.34375
6342    -0.75667842741935498  0.34374999999999989  -0.46875000000000011
6343    -0.59375  0.34375  0.80729166666666663
6344    0.71875  0.71875  0.68556752224993855
6345    -0.77687062368666138  -0.09375  -0.031250000000000111
6346    -0.59375  0.84375  -0.85927250364431484
6347    0.84375  -0.25312500000000004  0.84375
6348    -0.78125  -0.40625  0.859375
6349    0.65625  0.85590277777777779  -0.65625
6350    -0.52410669154057909  -0.87522334902560062  -0.34375
6351    -0.7944872616477785  0.21875  -0.28125
6352    0.093749999999999917  0.82327917084298297  0.15625
6353    -0.71875  -0.65625  -0.84578125000000004
6354    0.53125  0.8236607142857143  0.65625
6355    0.8058035714285714  -0.78125  0.71875
6356    -0.71260710040061603  -0.21874999999999997  -0.85948210040061601
6357    -0.031249999999999868  0.83535424391329416  -0.15624999999999989
6358    -0.71875  -0.031250000000000028  -0.85184375000000001
6359    -0.15624999999999994  0.40624999999999994  -0.77833564304058456
6360    0.28125000000000011  0.78874703307793559  0.59374999999999978
6361    -0.8577243069430569  0.78125  0.28125
6362    0.69298723285606068  -0.21875000000000003  -0.37335726413472681
6363    -0.857421875  -0.857421875  -0.71875
6364    -0.53125  -0.84853588189805162  -0.15625
6365    -0.53124999999999978  -0.71875  0.76502466474212505
6366    0.7916137275696038  -0.65625  0.42543545405066041
6367    -0.79661756256422522  0.53732978592273506  -0.53124999999999989
6368    0.8772321428571429  0.40625  -0.71875
6369    0.85928836973672584  -0.32415889542966897  0.71875
6370    -0.053468345440925165  -0.21874999999999981  0.67304438660215393
6371    -0.81421379577744424  -0.21875  -0.53125000000000011
6372    0.28125000000000011  0.65625  0.84001469689038888
6373    0.76536375139945478  -0.34375  -0.56089379686735963
6374    0.36303564382981052  -0.093750000000000222  0.66845527259577264
6375    0.28125  0.8504464285714286  0.84375
6376    -0.093749999999999944  -0.87812500000000004  0.84375
6377    0.7759977619190418  0.21874999999999994  0.03125
6378    0.71875  0.46875  0.8772321428571429
6379    -0.46874999999999994  -0.59375  -0.87660832111436959
6380    -0.88136756407276129  0.093750000000000014  -0.72415427345460215
6381    0.54103487358499502  -0.78817996552318048  -0.34375
6382    0.46875000000000011  -0.81785037878787903  0.67097537878787916
6383    0.86466475779147955  0.34375  -0.09375
6384    -0.15624999999999997  0.53125  0.88208823044228701
6385    -0.34375  -0.59375  -0.88290384862580973
6386    -0.65625  -0.21875  0.8236607142857143
6387    -0.86562499999999998  0.71875  0.46875
6388    0.34375  -0.21874999999999997  -0.81594264953896245
6389    -0.46875  0.71875  -0.85590277777777779
6390    0.55488274019418504  -0.093750000000000069  -0.80871242553773326
6391    0.46875000000000028  0.093750000000000125  0.77737503924290896
6392    -0.34374999999999944  -0.21875000000000033  0.77834449265895267
6393    -0.28125  -0.86093749999999991  0.71406249999999993
6394    0.59375  0.78125  0.82266784554730976
6395    -0.74214175729761833  0.40625  0.18911281697261978
6396    0.59375  0.78125  -0.84895833333333337
6397    0.59374999999999989  0.031250000000000028  0.84920828750790089
6398    0.3198336693548387  -0.85127520161290327  0.71875
6399    0.65625  0.88223971330335815  0.78125
6400    -0.84375  0.85505208333333338  -0.65625
6401    0.86588984263388569  0.40625000000000006  0.21875
6402    0.093750000000000083  0.77248469214007875  -0.65625
6403    -0.86558253684937814  0.59375  0.59375
6404    0.53124999999999989  -0.8154881903642841  -0.53125000000000011
6405    -0.28125  0.86737010693312355  0.34375
6406    0.21875  -0.82069659594378852  -0.46875
6407    0.15625000000000011  -0.28124999999999983  0.76627579358781561
6408    -0.65625  0.828125  -0.15625
6409    -0.03125  -0.46875000000000033  0.74317537897393282
6410    -0.46874999999999989  -0.40624999999999989  0.80641777871096187
6411    -0.34375  0.28125000000000006  -0.87330951839788928
6412    0.88274996426529451  -0.65625  -0.40625
6413    0.81444253784230569  -0.031249999999999944  0.46875
6414    -0.71875  0.84375  0.84375
6415    0.59375  0.81032484344894029  -0.46875
6416    0.15625  -0.80619245341556334  -0.15625
6417    -0.87579135439146882  -0.15625  -0.28125000000000006
6418    0.79105864778921975  0.79105864778921986  0.09375
6419    0.59374999999999989  0.46874999999999994  -0.81473214285714279
6420    -0.46875000000000006  0.03125  -0.84731397520333041
6421    -0.86562499999999998  -0.71875  0.71875
6422    0.82280003321830886  -0.093749999999999806  -0.34375
6423    -0.81805262818119051  -0.46875  -0.031250000000000111
6424    -0.03125  -0.81997414133084745  0.53125
6425    -0.59375  0.0016855113040455637  -0.87283486565512647
6426    0.59375  -0.87592135268229698  0.34375
6427    -0.83836578537415762  0.53125  0.32128694233567823
6428    -0.28125  0.81672414994425868  0.65625
6429    -0.40625  0.84375  0.84375
6430    0.81688586665073737  -0.40625  -0.03125
6431    -0.84375  -0.21875000000000006  0.85044642857142849
6432    -0.09375  -0.093749999999999889  -0.73851280506078221
6433    0.093750000000000028  -0.86116595927079709  0.46875
6434    0.65625  0.84736629559551502  0.15625
6435    -0.84375  -0.84679446643860712  -0.34375000000000011
6436    -0.86437065604287455  -0.78125  0.28125
6437    0.86777164752006708  0.65625  0.032905049027651331
6438    -0.40624999999999994  -0.28124999999999994  -0.7879439317673379
6439    0.21875  0.28125  -0.83010783350833484
6440    -0.34374999999999983  -0.03524088725133076  0.81708747587351238
6441    -0.34401109132124352  0.87443218617522378  -0.59375
6442    0.15625  0.031250000000000028  -0.82505891265949383
6443    0.45759513274303387  0.8496358535623092  -0.40625
6444    -0.28124999999999994  -0.59374999999999989  0.77272983544855056
6445    0.8361374027295605  -0.53124999999999989  0.53125
6446    -0.16439416865518736  -0.21874999999999994  0.82001521823884982
6447    0.40625000000000011  -0.031250000000000014  0.84920828750790056
6448    -0.40625000000000006  0.1556077425957029  -0.86648835753240205
6449    0.52475517069444078  0.85991482699129451  -0.71875
6450    -0.59375  -0.78125  0.87004426844943938
6451    -0.84375  0.34375  0.84375
6452    0.80584514207996016  0.15624999999999994  0.21777677680473753
6453    -0.86629882013122073  0.28125  -0.53125
6454    0.86181526193148694  0.093749999999999917  -0.53125
6455    0.74361512265068008  -0.28125000000000017  0.21874999999999978
6456    -0.28124999999999994  -0.34375000000000006  -0.8525250854748665
6457    0.85420264811033664  0.84375  0.34375
6458    -0.40625  0.85590277777777779  -0.78125
6459    -0.84375  -0.59375  0.8772321428571429
6460    0.74945793677692141  0.87739228569669547  0.40625
6461    0.09375  -0.85774679292724076  -0.03125
6462    0.093750000000000028  -0.88134478514004733  0.34375
6463    -0.84375  -0.87877784290687289  -0.46875
6464    0.093749999999999944  -0.65625  0.82853618421052633
6465    -0.34375  0.59951872362869207  -0.83004790787623062
6466    -0.84374999999999989  -0.73765190972222217  -0.87696614583333332
6467    0.53125  -0.86922185363900384  0.87455209350523611
6468    0.46875  0.78582540173740112  0.067221456404853427
6469    0.71875  0.21875  -0.88001314426337962
6470    -0.53125  0.86292613636363635  -0.21875
6471    0.65625  -0.15551411741042268  -0.87251291679698395
6472    -0.87795731906818486  0.73587727800680525  -0.59375
6473    -0.53125  -0.71875  -0.86715842900887929
6474    0.85644007381277554  0.031249999999999972  -0.85644007381277554
6475    0.59375  -0.78481306567340314  -0.78481306567340325
6476    -0.15624999999999989  0.65625  -0.87518935735150039
6477    0.093749999999999944  -0.53125  0.87439998658967566
6478    -0.15625  0.83268507650747459  0.46875
6479    0.87246357177263967  0.84375  -0.59375
6480    0.73261841724358978  -0.79151838255707285  -0.46875
6481    -0.21875000000000014  -0.65625  0.87347414736828877
6482    -0.82068172416898055  -0.42884343036407591  0.34375000000000006
6483    0.83962697946952713  0.78125  0.78125
6484    -0.28821819785180375  -0.86133803703420697  0.031250000000000056
6485    0.86662435909631919  0.78125  -0.031250000000000014
6486    0.21875000000000011  0.78125  -0.8081268827318121
6487    0.59375  -0.47804317310772704  0.86907728726492228
6488    0.15625000000000008  -0.54550305245591502  -0.73077090959877222
6489    0.28124999999999994  0.59375  -0.80736053809225228
6490    -0.59375  0.21875  0.8779581532242795
6491    0.65625  0.88051162985274434  -0.78125
6492    0.21875000000000008  -0.86727672956994695  0.53125
6493    -0.78935145988411393  -0.11404607931112154  0.21875
6494    -0.80783612675889271  0.093749999999999944  0.28125
6495    -0.65625  0.53125  0.84895833333333337
6496    0.093749999999999958  -0.15624999999999994  0.84553347988340588
6497    0.80966246506486328  0.34375  -0.28125
6498    -0.40625  0.46875  0.86650480050330181
6499    -0.47278905024027668  -0.84375  0.87030469975972335
6500    0.70473579596324298  -0.87018829125708919  0.71875
6501    -0.43210413253033364  -0.15625  -0.85792546551572724
6502    -0.87239583333333337  0.59375  0.87239583333333337
6503    0.77471116935548578  0.53125000000000022  0.46875
6504    0.85030032698920388  0.71875  0.21875000000000006
6505    0.86421170915188017  0.026692176148408131  -0.40625
6506    -0.87416398017032959  -0.34375  -0.093749999999999944
6507    -0.71875  -0.84375  0.87812500000000004
6508    0.88143807596603951  -0.031250000000000028  -0.53125
6509    -0.83124999999999993  0.68437499999999996  -0.15625
6510    0.15624999999999992  0.28125  0.83994693515505126
6511    0.093750000000000028  0.34375  -0.86332073398596021
6512    0.84561979166666668  0.84561979166666668  -0.40625
6513    0.86038064905855927  -0.21875000000000006  0.28125
6514    -0.85262218119543798  0.072895130484107437  0.65625
6515    0.86519296752410257  0.59283448015872364  -0.093749999999999986
6516    0.093750000000000139  0.71875  0.80653947522057357
6517    -0.34374999999999994  0.83772499245026943  0.19354609515979654
6518    -0.84375  0.87812500000000004  -0.34375
6519    -0.85818073329882094  0.031250000000000056  0.40625
6520    -0.87031225251337907  -0.34375  -0.53125
6521    0.46875  -0.85256806104130123  -0.84375
6522    0.34375  -0.093749999999999917  -0.87083106667668053
6523    -0.88203124999999993  0.78125  -0.09375
6524    -0.71875  0.88036470497963826  -0.65625
6525    -0.87239583333333337  -0.40625  -0.87239583333333337
6526    0.25908515729507298  0.82231050845455755  -0.34375
6527    0.87571078847186712  -0.54287595676568434  -0.34375
6528    -0.46875  -0.82836723753874797  0.03125
6529    -0.34375000000000006  -0.84128619652078962  -0.71875
6530    -0.79988242121132935  -0.28125000000000011  0.59374999999999978
6531    0.79431778329044511  -0.71875  -0.65624999999999989
6532    0.83205050283693149  0.27047231841451258  0.34375
6533    0.53125  -0.87571755241239968  0.53125
6534    -0.21875000000000008  -0.031249999999999986  0.87112748597035883
6535    -0.8720043845204366  0.78125  0.14822733770759597
6536    -0.59375  0.86671688815085368  -0.71875
6537    -0.87738303072625701  0.73834671787709494  0.59375
6538    -0.53125000000000011  -0.86216238314033578  0.59375
6539    -0.40862873891709295  -0.65625  0.84605720521007077
6540    -0.88088861198652901  0.15625  0.40625
6541    0.81960227272727271  0.78125  -0.78125
6542    -0.53125  0.88159260186057464  -0.09375
6543    0.87641652613497811  0.031249999999999944  0.34375
6544    0.85828125  -0.84375  0.09375
6545    0.83968901145410979  0.46875  -0.38225610432263973
6546    -0.8504464285714286  -0.40625  0.71875
6547    -0.71550347903293843  -0.86237847903293841  -0.21875
6548    -0.83961957122521746  -0.28124999999999994  -0.68024457122521742
6549    0.84516079127695976  -0.65625  0.27477590279201336
6550    0.65625  -0.87708785649185605  -0.40625
6551    0.1976976694070246  -0.65625  -0.84142400117443916
6552    -0.8659457578120161  -0.40625  -0.73396694254160544
6553    -0.34374999999999994  0.84372185111795706  0.031249999999999944
6554    0.82262275950689623  -0.34375000000000011  -0.78125
6555    0.21875  0.77348913300194089  -0.03125
6556    0.85177282349109862  0.53125  0.83446523556231
6557    -0.61274687696605379  0.8168204964721556  0.34375
6558    -0.59375  -0.85462541731116293  -0.85462541731116293
6559    0.8772321428571429  0.53125  -0.84375
6560    -0.21875  0.86306906591852128  -0.40625
6561    0.093750000000000042  -0.28125  0.87895962824829643
6562    0.34375000000000006  -0.21875  0.81304827511804811
6563    0.87520943810518581  -0.093750000000000028  0.37413963642418868
6564    -0.40625000000000006  0.67552074749489255  0.83489574749489259
6565    0.15625000000000003  -0.84843749999999996  -0.84843749999999996
6566    0.59375  0.40625  0.86702516233766236
6567    -0.21875  0.031250000000000111  -0.83256187366949463
6568    -0.53125  0.59375  -0.8669574129852744
6569    -0.84375000000000011  0.28124999999999994  -0.87812499999999993
6570    -0.72217144883276041  -0.82150207602520042  0.40625000000000011
6571    0.86658847227558  -0.09375  -0.65625
6572    0.03125  0.86381248106255881  0.46875
6573    0.81775268971687753  -0.031250000000000056  0.65625
6574    -0.59374999999999989  0.82226614397315068  0.59375
6575    -0.87145535369877658  -0.59375  -0.03125
6576    0.88293425324675323  0.40625  -0.84375
6577    -0.65625  0.82585952552986508  -0.40625
6578    -0.8671352043080377  -0.09375  -0.15625000000000003
6579    0.21555001181826061  -0.75935831765328365  0.15625
6580    -0.85657736094351877  -0.84375  0.03125
6581    -0.71875  0.031249999999999972  0.8504464285714286
6582    0.78125  0.85437474735844332  0.65625
6583    0.031250000000000042  -0.7771255773173904  -0.34375
6584    0.21874999999999997  -0.86708876129891299  0.03125
6585    0.85702200864422207  -0.78125  0.85702200864422196
6586    0.1082376508680228  -0.87763605187498328  0.09375
6587    -0.53125  -0.40625  -0.85828598484848506
6588    -0.87187425353807813  0.32466194318000641  -0.40625
6589    0.84796666423595324  -0.28125  0.42347209012597603
6590    0.21875  -0.46875  -0.85081764556003092
6591    -0.82653566476185214  0.40625  0.031249999999999944
6592    0.34375  0.093749999999999958  0.86631803270218743
6593    -0.40625  0.88159260186057464  -0.21875
6594    -0.78851772302595724  -0.53125  0.53125
6595    0.71875  0.031249999999999972  -0.86899239630287484
6596    -0.87869791666666663  0.46875  0.87869791666666663
6597    0.77983630579658214  -0.86477678347794928  0.46875
6598    0.46875  -0.28125000000000011  -0.86021956436445179
6599    -0.81445601634728193  0.23502479018098443  0.15625
6600    0.53125  0.34375  -0.85992631239242689
6601    0.15625  0.87333278218694887  0.87333278218694887
6602    -0.8671875  -0.031249999999999972  0.8671875
6603    0.82917317320199824  -0.40625  0.30409533194524041
6604    0.34375  0.87522552193396874  -0.46875
6605    0.83247239702783704  -0.25201021803499118  -0.28125
6606    0.82798109752106208  0.62031114743023552  -0.46875000000000006
6607    0.15624999999999992  0.87888162474260834  -0.46874999999999994
6608    -0.093749999999999972  -0.09375  0.86736407631321166
6609    -0.46874999999999989  -0.53125  0.8678960519756822
6610    0.65625000000000011  -0.87979729323579414  -0.84375
6611    0.71875000000000011  -0.84740676848150753  -0.70384624572352572
6612    0.78125  0.71875  0.87837129318403295
6613    -0.15625  -0.84375  -0.84375
6614    -0.59375  -0.34774225863323482  0.85845114063239591
6615    -0.27355238383507563  0.40625000000000006  -0.86158428906424744
6616    -0.031250000000000083  0.46875  -0.84951750235955692
6617    0.34375  0.21874999999999994  -0.87016192362003653
6618    -0.40625  -0.40625  -0.88090543813089128
6619    0.87668456220588198  0.46875  -0.15625
6620    0.34375  -0.87359193411382474  -0.87359193411382474
6621    -0.28125  0.86671540422153337  -0.28069523939581048
6622    0.78125  -0.88088826562585598  0.85196567814250557
6623    -0.86741279870117804  0.34375  -0.65625
6624    -0.65625  -0.093749999999999944  0.87306453435804698
6625    -0.82348302586237387  -0.59374999999999989  -0.6184766522416415
6626    0.093749999999999917  0.50183013153373901  0.78419036080584381
6627    -0.15134034595691595  -0.8638188007351062  0.59375
6628    -0.71875  0.34511408730158716  -0.86589781746031746
6629    -0.53125  0.86253572278182533  -0.46832054506000786
6630    0.47742373540826044  -0.86625405728908367  -0.21875
6631    0.87652717263306645  0.87652717263306645  -0.71875
6632    -0.65625  0.87428977272727271  -0.28125
6633    -0.029879890112387911  0.86458018187060637  0.28125
6634    -0.85560977687193196  0.65624999999999989  -0.29978519097831346
6635    0.32684469063545152  0.86998701027233638  0.71875
6636    0.093749999999999958  -0.031250000000000097  0.87851159976737847
6637    0.066864198271010256  -0.40625  -0.83833438915199676
6638    0.78125  0.86905324647045212  0.20432765474681991
6639    0.03125  -0.59375  -0.83567164689794848
6640    -0.03125  0.8653938699690038  0.03125
6641    -0.02906443862179732  -0.44967635117844978  -0.01311120221206101
6642    0.86044520459060092  -0.46875  0.09375
6643    -0.093749999999999958  0.65625  0.8665048005033017
6644    -0.09375  0.84375  0.84375
6645    0.40625  -0.86723966545072062  -0.46875
6646    -0.59375  0.78125  0.86913969564934401
6647    0.86044520459060092  -0.28125  0.03125
6648    0.82677802294088809  0.59375  0.62484366750074816
6649    -0.15625  -0.76608621447091263  -0.48720013289117337
6650    0.87935758346679782  -0.21875  0.53125
6651    0.21875  0.88243323913313887  -0.09375
6652    -0.15625  -0.87491299172528858  0.031250000000000056
6653    0.86333895829054041  -0.72259708356353469  -0.53125
6654    -0.28125000000000011  -0.81087750432630057  -0.28125000000000011
6655    -0.70281456332587067  -0.71875  0.8788867470066335
6656    0.81146689648119263  -0.84375  -0.84375
6657    -0.71875  0.71875  0.87812500000000004
6658    0.20419700416758579  -0.093750000000000014  -0.86488895342138683
6659    -0.80719930331644407  0.40625  0.53125
6660    0.070920192812625932  -0.85232879227547242  -0.46874999999999994
6661    -0.34375  -0.45771801977140303  0.85958756369020661
6662    0.86996722562510498  -0.53125  0.34375
6663    -0.038623766972143855  -0.87271938240816394  -0.031250000000000014
6664    -0.71875  0.66193181818181823  -0.86221590909090906
6665    0.28911054858707252  -0.34375  -0.86155416003656549
6666    0.03125  -0.21875  -0.85621108707836147
6667    0.88272362992336184  0.53125  0.53196429514893673
6668    -0.87579135439146882  -0.28125000000000006  -0.40625000000000006
6669    0.8634758134490178  0.21875  -0.65625
6670    0.81388550315478703  0.031249999999999944  0.03125
6671    0.031250000000000014  0.59447063105251119  0.8675830517457831
6672    0.88231140252112439  -0.53125  -0.46875
6673    -0.87509704367364194  0.70361021836820958  0.71875
6674    -0.093749999999999972  -0.71875  0.86727251512010894
6675    0.53125  -0.87069531487102658  -0.65625
6676    0.82752332963330222  0.14590750483536541  0.46875
6677    0.46875  0.71875  0.8772321428571429
6678    -0.45978080248906583  -0.86880417145719824  -0.46875
6679    -0.59375  -0.62364821201668208  0.85703687080031266
6680    -0.86740552325581388  -0.59375  0.65625
6681    0.15624999999999992  0.83382037359859673  0.69894833176116489
6682    0.28125  -0.031250000000000014  0.87927050182480126
6683    -0.84375  0.87812500000000004  0.84375
6684    -0.34374999999999983  0.09375  0.86840016640162665
6685    0.85654851888054317  -0.85654851888054317  -0.59375
6686    -0.53125  0.85096373025130634  0.19935098608062676
6687    -0.063512688647425833  -0.34374999999999994  0.84104487591678323
6688    -0.87434374999999998  -0.15624999999999997  -0.71875
6689    0.21875  -0.8772321428571429  -0.71875
6690    0.8818843179148268  0.59375  -0.21875
6691    0.78125  -0.15625000000000003  -0.88263370627460391
6692    -0.093750000000000028  0.82807903943602656  -0.71875
6693    0.87664725890542639  -0.40624999999999994  -0.53125
6694    0.03125  0.28125  0.88034189432643828
6695    -0.0446045706330577  -0.53125  0.86616027825702224
6696    0.37614015726146721  -0.8292857179037818  0.46875
6697    0.57729298071383628  0.80952527195306334  0.46875
6698    0.71875  -0.5216594894629133  0.87312192405553424
6699    0.8557103850437402  -0.328800585081997  -0.40625
6700    0.78125  0.28125  0.859375
6701    0.53125  0.53125  0.86741689980151848
6702    0.15625  0.88195005246928859  -0.65625
6703    -0.06524691711925526  -0.86671687740986991  -0.46874999999999994
6704    -0.56540687293094627  -0.21875  -0.85614581921602517
6705    0.22590645218525507  0.85557795306493734  0.093750000000000056
6706    -0.15624999999999989  -0.82807489490484987  -0.15643337856390838
6707    0.86702516233766236  0.59375  -0.71875
6708    0.013359161600207767  0.46874999999999994  0.87726277457027302
6709    0.37031746021444573  -0.83906037419380897  -0.65625
6710    0.71875  -0.86703705960672273  -0.28125
6711    0.85532633846806305  0.40625  0.40625
6712    0.88197236536550794  0.28125  0.21875
6713    -0.81774847340574608  -0.031249999999999944  -0.53125
6714    -0.87974491918295983  0.8468711285456445  -0.53125
6715    -0.71875  0.87812500000000004  0.71875
6716    0.87850937231721415  -0.78125  0.46875
6717    -0.53125  0.87695253359156555  0.71875
6718    -0.71875  -0.87264623253045659  0.21875
6719    -0.24522831317575489  -0.84398879741776778  -0.59375
6720    0.87161061759736502  -0.46875  0.87161061759736502
6721    -0.031250000000000021  0.15625  0.8668793382988329
6722    -0.53125  0.59375  0.86628951149425282
6723    0.81995662384725154  0.15625  -0.28125
6724    0.65625  0.8236607142857143  -0.28125
6725    0.46875000000000006  0.82765701718494267  -0.21875
6726    -0.87614091573841812  -0.12613410897356372  -0.59375
6727    -0.71875  0.34375  0.87812500000000004
6728    -0.15942744511331972  -0.09375  -0.86438255782962103
6729    0.21875000000000006  0.15625  0.86741295741989921
6730    -0.46874999999999989  -0.28125000000000006  0.86789605197568243
6731    -0.2787538945836987  -0.71875  -0.86439497344912897
6732    -0.46875000000000006  0.28125  0.86696228292864297
6733    -0.86259999632152196  0.28125  -0.031249999999999944
6734    -0.80179374836920303  -0.58049500882069593  -0.28124999999999989
6735    -0.59349475794676909  -0.86699698444954587  0.15625
6736    0.87090900450755648  -0.59375  0.15625
6737    -0.82177650179942385  0.35085176953056896  0.34375
6738    -0.59374999999999989  -0.85908322835530293  0.34375
6739    0.21875  -0.88293425324675323  -0.59375
6740    0.87881696428571432  -0.78125  0.21875
6741    0.87652717263306645  0.71875  -0.87652717263306645
6742    0.031250000000000069  0.8733654652677868  -0.59375
6743    0.42787943332468692  0.21874999999999994  0.85224442410775836
6744    0.39279349907586952  0.40625  0.80736492840881535
6745    -0.33593615641602687  -0.87775159853508344  0.15625
6746    -0.86849043125487824  -0.28629875977228969  0.03125
6747    0.84985624543811866  -0.093750000000000056  0.15625
6748    -0.28690772418025345  0.59375  0.85900750480092558
6749    -0.87434374999999998  -0.84375  0.40625
6750    -0.09375  0.031250000000000014  -0.87545428850910512
6751    -0.59375  -0.87293393459710122  0.023446488155477008
6752    0.40625000000000006  0.84186643753495705  -0.070626188956152913
6753    0.71875  -0.15624999999999997  0.87031250000000004
6754    0.59375  -0.87660832111436948  -0.09375
6755    -0.15624999999999994  0.85615808823529416  -0.85615808823529416
6756    -0.46875  0.85714366214359539  0.34375
6757    0.40625  0.46722805307571968  -0.82640512739291905
6758    -0.71875  0.88297275641025641  0.59375
6759    0.59375  0.21874999999999997  0.83962828539546885
6760    0.53125  0.87715358257849385  0.87715358257849385
6761    0.8793247767857143  0.3583984375  0.84375
6762    -0.59375  -0.87706774946406607  0.78125
6763    0.85103401410436963  -0.26095378364770849  -0.65625
6764    -0.53125  0.46875  -0.88209713271699064
6765    0.8461521841082883  0.15625  0.62428847689398181
6766    -0.80862039090869964  0.093750000000000028  -0.13343548981365427
6767    0.34375  0.88282641678863094  -0.59375
6768    0.34374999999999989  0.82853704739622114  0.40624999999999994
6769    0.82283606107732987  -0.65625  -0.82283606107732998
6770    -0.85799604084235603  -0.15625  0.34375
6771    -0.28125  0.87106344835044991  0.78125
6772    -0.43252896039462752  -0.8572725311250341  0.40625
6773    -0.34375000000000006  -0.14430738133645188  0.87971530558005295
6774    -0.03125  0.34646709170207435  -0.88102469402280981
6775    -0.28125  -0.87487245635194633  -0.8274872817597313
6776    -0.40625  -0.86839430177475729  -0.20831124744566595
6777    0.84375  -0.88286944241982512  0.65625
6778    -0.87461176664439366  -0.46875  0.45567986817351069
6779    0.031250000000000042  -0.87454431585021419  -0.59375
6780    -0.093749999999999986  0.039073754743197742  0.87292625680694624
6781    -0.86086118291048819  0.56151451948979891  -0.40624999999999994
6782    0.093750000000000056  0.85647441375107869  -0.84375
6783    0.031250000000000042  -0.84390507981912899  -0.74996595622945261
6784    -0.87462668236172991  -0.46874999999999994  0.60678648478792963
6785    0.65625  -0.87389152188097297  -0.5383580214353676
6786    0.59375  -0.87866185822119769  -0.26659506067990979
6787    -0.40625  0.88306394968015134  -0.34375
6788    -0.87277282999501904  0.65625  0.35144313965952728
6789    -0.093749999999999986  0.86727779093622981  -0.53125
6790    -0.86518956628976107  0.46875  0.15624999999999994
6791    0.53125  -0.093750000000000014  0.86631803270218755
6792    -0.87869877990140433  -0.71875  0.38987968460854699
6793    0.86371975132470136  -0.15625000000000006  -0.46512204186183792
6794    0.28125  0.50297401941924291  0.84966301526583499
6795    0.31174256686897706  -0.53125  0.84571515669812036
6796    -0.85748337968540844  0.51702458283132391  0.71875
6797    -0.85202899511440799  -0.34375  0.21875000000000006
6798    -0.65625  0.86684075625988122  0.09375
6799    0.86871800734288396  -0.14506712854193635  0.03125
6800    -0.063226635698369116  -0.82449197990007961  0.28125
6801    -0.21874999999999994  -0.86196198425072457  -0.40020597174852457
6802    -0.045861601889997036  -0.87803488622401926  -0.34375
6803    -0.87238305122621351  0.40625  -0.21875
6804    -0.59375  0.093750000000000056  0.88296601485830895
6805    0.86574390300960591  -0.59375  0.65395682517472931
6806    0.70126926147953683  0.8696794174067829  0.031250000000000028
6807    0.87754631785593151  0.14169175969187772  0.03125
6808    -0.28125  -0.18912156326263677  -0.84851792578253404
6809    -0.81786178886919803  0.031249999999999993  0.10666379502982848
6810    0.031250000000000028  -0.86292613636363635  0.65625
6811    -0.87813000801282048  -0.83746494391025639  -0.59375
6812    -0.015946247823894671  -0.8648704063486975  0.15625
6813    -0.81745239433268557  -0.10685224198597074  0.53125
6814    -0.21875000000000003  -0.53125  0.88270908368989476
6815    -0.83596178961790613  0.031250000000000056  -0.37745420935066892
6816    -0.40625  0.86391740550982321  0.61433969356318108
6817    -0.87855780140112893  -0.21875000000000006  -0.17138371001882469
6818    -0.21671017889910876  0.78125  0.86684889266053478
6819    0.40625  0.53125  0.88214880549837038
6820    -0.78125  0.87922054597701149  -0.09375
6821    -0.16230666594376519  -0.87402165919162667  -0.28125
6822    -0.84486262739946838  -0.65625  -0.45572113059875941
6823    0.06925724295673337  -0.40625  0.87667980741898788
6824    -0.15625  0.21875  -0.86444213222527666
6825    -0.85004920098935155  -0.46875000000000011  -0.37423843424010172
6826    0.071990747580572251  -0.093749999999999944  -0.87170977771047498
6827    -0.86220169599983065  -0.41487228166290951  0.09375
6828    -0.71875  -0.59470444141518775  0.88269130452288724
6829    0.53125  -0.65625  -0.84946343567985094
6830    -0.87045979839872212  -0.46875  -0.6160211062365607
6831    0.84171743121482545  -0.87942589529238036  -0.71875
6832    0.28125000000000011  -0.34375000000000006  0.85951166679658664
6833    -0.88298812762009804  0.28125  -0.21875
6834    -0.39510405255527359  0.46875  -0.86829807278780524
6835    0.87001156157042903  -0.14516442536060573  -0.78125
6836    0.8671875  0.8671875  -0.21875
6837    -0.87477678571428574  -0.71875  0.86049107142857117
6838    0.40625  0.86117106250328979  0.87869454464144725
6839    0.78125  0.84375  0.88298232355296402
6840    0.86712298442668134  -0.78125  -0.03125
6841    -0.12543739517541622  0.84625253090006147  -0.28125
6842    0.036980873804460267  0.031250000000000014  -0.87652494660258318
6843    -0.71875  -0.86591872108880041  0.71728139455599771
6844    0.65625  0.88307025697967911  0.65625
6845    0.59375000000000011  -0.46078857664816775  -0.8136422154774674
6846    0.59375  -0.87377454023917878  0.64745515410946897
6847    -0.40625  -0.86783416332436292  0.65397022869944366
6848    0.86788015567487975  -0.16031724934759475  0.65625
6849    -0.87758672974301388  0.14333959504296903  0.09375
6850    0.15625  -0.29171593133788204  -0.86233540756627758
6851    0.49466413053845981  0.87163345104818968  -0.53125
6852    -0.87262436224489803  -0.21875  0.71875
6853    0.87356365667892566  0.09375  -0.09375
6854    0.46875  0.86996371900426483  -0.84375
6855    -0.87200309379691687  -0.61270480461224663  0.46875
6856    0.10706759598626148  0.71875000000000011  -0.86476383554489722
6857    -0.21875000000000003  0.87874492534918491  0.56710017841735227
6858    0.46874999999999994  -0.2730680677670172  0.86087932137394974
6859    -0.031250000000000056  0.87581915711199743  -0.87581915711199743
6860    0.85145523202995332  -0.16506018795297728  -0.15625
6861    -0.34375  0.03125  -0.87888578140186169
6862    0.10223038189524508  0.15624999999999994  -0.86380419289759314
6863    0.86653152740670869  0.71875  -0.28125
6864    0.28125  -0.88255044462498  0.40625
6865    0.8673884208703927  0.84375  -0.87884153184569158
6866    -0.031250000000000042  0.85976681389779164  -0.39975141853342511
6867    0.86666467544814407  -0.40625  0.47990102339987339
6868    0.090933074998009858  -0.88231872969490721  0.21875000000000003
6869    0.40625  -0.71875  0.87812500000000004
6870    -0.86832125012897143  -0.093750000000000056  -0.42116433374880163
6871    0.077554898738578848  0.09375  0.8788217633801122
6872    -0.093749999999999972  0.86784428027713523  0.61934785264505021
6873    -0.68663820389268204  0.093749999999999958  -0.8730086085778701
6874    0.81761653259112255  -0.53279312811165047  -0.65625
6875    0.71875  -0.65625  0.87723214285714279
6876    -0.09375  -0.21875  -0.88056406512404439
6877    -0.21929926325077609  0.8814866601206155  -0.53125
6878    0.86743711464818518  0.038394835825522632  -0.71875
6879    -0.46875  -0.87784498299627589  0.21875000000000006
6880    -0.88202093455994079  0.40625  -0.53125
6881    -0.23345037750944067  0.86091701821563438  -0.71875
6882    0.84375  -0.87633219674404383  -0.25668278419596335
6883    0.87569683614161353  0.28125  0.088181938309872226
6884    -0.87228373129258485  0.53125  -0.2609829668495276
6885    0.84587142800144921  -0.56306384929195707  -0.03125
6886    0.71875  0.53125  -0.8772321428571429
6887    -0.53125  0.86342812101350452  0.47205962786116606
6888    0.87274498860957728  -0.71134915779388663  0.09375
6889    -0.45284083827001537  -0.87466361551950123  -0.78125
6890    -0.71875  -0.46875  -0.86562499999999998
6891    -0.031250000000000083  -0.73729414413693317  -0.84671854635840316
6892    0.46875000000000011  -0.86975385215633272  0.14581633544602712
6893    0.71875  -0.87065018868706934  0.045242583730780786
6894    -0.65881979255466194  -0.46875  0.8689006950364413
6895    -0.53125  0.46877693966867012  0.88203872822133167
6896    -0.85788506351432725  0.58556240462232145  -0.65625
6897    0.88307276109565536  -0.65625  -0.28125
6898    0.59375  0.21875  -0.88303418579792869
6899    -0.8642153581289993  0.84375  0.70862160812899933
6900    0.34375  -0.8673776301781424  0.21875000000000006
6901    0.1292758121561022  0.8555473765640117  -0.28124999999999994
6902    0.59887411965285953  0.86714954144577416  0.28125
6903    0.71875  0.87909609050196158  0.53125
6904    -0.031249999999999976  -0.8653449731258207  -0.20567618093358608
6905    0.53125  0.87499292195491074  0.13718337476208969
6906    0.87322783220477906  0.65625  0.8015746435674167
6907    0.86044520459060092  -0.34375  -0.15625
6908    -0.21875000000000006  -0.3630436659648007  0.8470697823945762
6909    0.86966367065975458  0.78125  0.46875
6910    0.21875  -0.15625  0.87851159976737836
6911    0.21875  0.39082858967675743  0.8740930260545231
6912    -0.28125  0.8656210573312465  -0.093750000000000014
6913    -0.87812500000000004  -0.71875  -0.15625
6914    0.21875  0.40625  -0.87481699682333958
6915    0.21875  0.86917116790454674  0.37755917507239678
6916    0.86526374248562199  -0.53125  -0.86526374248562199
6917    0.5436770720897306  -0.65625  0.85889219398249683
6918    -0.8757032422773785  0.054782330551238878  0.53125
6919    -0.66396797623352743  0.8727901578373447  0.46875
6920    -0.15625  -0.88280703550472162  0.15625
6921    -0.8765439852170207  0.40625  -0.088782962513858088
6922    -0.87732067209919784  0.12321783248132108  -0.031249999999999972
6923    -0.87669079190621069  0.78125  -0.42108826348964878
6924    0.87749103974720821  0.15625  -0.40625
6925    -0.87799321342802039  -0.036577493996142713  0.71875
6926    -0.85718891114789308  -0.40625000000000006  -0.242034849732091
6927    -0.85632498161754356  0.14676229295199267  -0.46875
6928    0.87803762112364103  0.73660844935385406  -0.46875000000000006
6929    -0.87670191155836485  -0.70854672793364926  -0.59375
6930    -0.87771861109084937  -0.46874999999999994  0.20881549272745714
6931    0.59375  -0.21899547472677602  0.87861310336976317
6932    -0.86466323142985957  -0.21689946560085421  0.15624999999999994
6933    -0.87220139185024659  -0.30769106152086151  0.34375
6934    0.46875  0.21875  -0.88307320015445556
6935    0.71875  0.71875  -0.86628951149425293
6936    -0.53125  0.21875  -0.87541941083808417
6937    -0.46875  -0.15625  0.88243346758025787
6938    0.83248813777516217  0.56122256031540407  0.28124999999999994
6939    -0.093750000000000056  -0.46875  -0.83334175049831571
6940    0.33007527333633502  -0.8770766416526482  0.59375
6941    -0.71875  -0.86812392979452058  -0.71875
6942    0.46875  -0.40625  -0.88120495892195627
6943    0.33620889522516717  0.87747046548716334  0.03125
6944    0.2834039966374714  0.86697876791684125  -0.71875
6945    0.86800857406843812  0.28125  0.73117707377697549
6946    0.46875  -0.03125  -0.87985913301942453
6947    0.88302087133573559  0.53125  0.40625
6948    0.40625000000000011  0.86200271162287045  0.59382971456578904
6949    -0.1373905977405947  0.53125  -0.87810220541352979
6950    0.86608773459241606  0.72428282776131647  0.65625
6951    0.88214248836550013  0.219213749425823  -0.09375
6952    0.11946608088622837  0.53125  -0.83965117827735214
6953    -0.21875  0.87573217675336901  0.019314704845266692
6954    0.46875000000000011  0.33533589741327718  0.87954314421758562
6955    -0.65625  0.87367445740987359  -0.53125
6956    0.8617886868275183  -0.41436966476981818  -0.28125
6957    -0.87239077366182838  0.34375  0.21875
6958    0.28125000000000006  -0.86741707203437157  -0.09375
6959    -0.87738303072625701  -0.73834671787709494  0.59375
6960    0.87968854635009019  -0.54786190416047842  -0.21875
6961    0.87714451833798146  -0.28125  -0.87714451833798146
6962    0.15625000000000003  0.85597692497436417  0.55293539559304872
6963    -0.87939794037485064  -0.01849896201903925  -0.78125
6964    -0.15625  0.87615805907597333  -0.15625
6965    -0.28125  -0.87477476609606941  0.58354307494864466
6966    0.61176657977565152  0.48221486033044819  -0.17063983632843607
6967    0.88122907772569625  -0.21875  0.15625
6968    0.21875  -0.86695959375973519  0.2818977330033472
6969    -0.19673449835754697  -0.59375  -0.85369618246280821
6970    -0.86583349201232507  -0.71875000000000011  -0.29461862623038648
6971    -0.87754107128513781  -0.87754107128513781  0.15625
6972    -0.15625000000000008  -0.34375000000000006  -0.87990932041476522
6973    -0.32926668895609268  -0.87427727212753037  -0.46875
6974    0.78125  -0.87881679185594341  -0.39008190850251945
6975    0.71688165001188586  0.15625000000000003  0.86610202326410635
6976    0.8783620377046355  -0.85687326038241918  -0.46875
6977    0.71875  -0.87891548989648272  0.3594398996696227
6978    -0.87538345266118478  -0.53125  -0.48466065790373586
6979    0.039167006713102581  0.87989454360743546  0.59375
6980    -0.71875  0.15625000000000006  0.87951425906183367
6981    -0.87491876186859818  0.71875  0.031249999999999972
6982    0.78125  0.33232508667345406  -0.8756830524573529
6983    -0.093750000000000028  -0.87275218067151605  0.42849874086821693
6984    0.32428075482414664  0.84405122579162439  0.21875000000000006
6985    -0.88285975383863691  -0.28125000000000006  -0.28125
6986    0.34375000000000006  -0.57728798735361808  -0.83756248288547253
6987    -0.28124999999999983  -0.46874999999999989  -0.87990932041476522
6988    -0.85930958067391172  0.21875000000000006  0.6493931229301152
6989    -0.15256928755322136  -0.71875  -0.87989143548124249
6990    0.34375  0.78125  -0.86843605594929685
6991    -0.87051693925233642  0.57299941588785042  -0.09375
6992    -0.65625  0.8820838181736419  0.21875
6993    -0.87607055515387888  -0.15625000000000003  0.025786094348274051
6994    0.21874999999999994  -0.65625  0.87439998658967566
6995    0.48359042862939206  -0.87833903735718599  0.40625
6996    0.69804960901700663  -0.71875  -0.85951680284181786
6997    -0.093750000000000014  -0.88179960641804955  -0.58980089917273171
6998    0.21875  -0.87936395878439932  -0.35740696011999878
6999    0.87189653725523819  0.65625  0.36441205826457496
7000    -0.34375  -0.75805720848147506  0.8790756609548096
7001    0.87502640891843197  0.28125  -0.78125
7002    0.88250426382863245  0.40625  0.094510885190319166
7003    0.87497709809481861  0.28125  0.46875
7004    -0.65625  0.23615187070271829  -0.87847298155134079
7005    0.86679714216138137  0.40625  0.59375
7006    0.53125  0.87090808817596455  -0.10859831169859124
7007    0.59375  0.65625  -0.87922054597701149
7008    0.0069860209336881085  0.59375  -0.8713916601220113
7009    0.59375  0.65625  0.87278514677136632
7010    -0.87883827096406586  0.40625  0.65625
7011    0.40625  -0.87699202711121105  0.031250000000000056
7012    0.10747578788651793  -0.86964415248856075  -0.28125
7013    0.87795787231751565  -0.27734379769039397  -0.53125
7014    0.87540718374741544  0.34375  -0.40625
7015    -0.024968000989337935  -0.21874999999999997  0.87173278911028107
7016    0.86845500067217896  -0.71875  0.59375
7017    0.874761614370683  -0.46875  -0.75269370989397111
7018    0.28125  0.28125  0.88160640562863279
7019    0.46875000000000011  -0.53987288835873415  -0.87171691208551738
7020    -0.8743529402870216  -0.71875  0.0024606017036863728
7021    -0.53228197926980303  0.88169427515920118  -0.34375
7022    0.71875  -0.40615800908225597  -0.86211646895668959
7023    -0.031250000000000132  0.73677557722536879  -0.86470316109608114
7024    0.71875  -0.28955685801928133  0.87243714395267302
7025    0.87830642389471991  -0.34760469303196712  0.59375
7026    0.09375  -0.71875  -0.88048446593619523
7027    -0.28124999999999994  -0.2592986695372187  0.8790497438482463
7028    0.09375  0.86740226751299732  -0.031249999999999972
7029    0.71086149845669777  0.8730212041229215  -0.46875
7030    0.86705288367981315  0.050070646175365677  0.15625
7031    -0.71875  -0.87559058076454377  -0.44001928072736657
7032    0.88307051037651552  0.65625  0.53125
7033    -0.59375  -0.8778995201323776  -0.70049255972079905
7034    0.40625  0.59981281930723296  -0.86721110258471124
7035    0.0058218796827732705  0.8785173427702383  -0.28125000000000006
7036    -0.78402149126672582  0.88229467524811866  0.28125
7037    -0.15625  0.87630080837380153  0.26288460399455349
7038    0.39540778109240193  -0.71875  -0.85509309381754206
7039    0.34375  0.35423304781954451  -0.8698157179149576
7040    -0.40625  0.88306394968015134  -0.09375
7041    0.84623508049872442  -0.65625  0.87977142352110393
7042    -0.16040068720678752  -0.3282991768575122  -0.59987183616136364
7043    -0.88135021190745377  -0.34375  0.46353372939586496
7044    0.8702911197927764  0.03125  -0.2713466860396509
7045    0.45554491188145185  0.87022935736965368  0.46875
7046    -0.87273718629469654  0.21875  -0.76557126377402007
7047    -0.88244885224584368  -0.59334135475175809  -0.15625
7048    -0.88167274902195558  0.15624999999999997  -0.21350627034936542
7049    0.87515347106783992  0.47360023417504005  0.71875
7050    -0.88294603328007681  -0.21875000000000006  0.46875
7051    0.28125000000000006  0.87777016139687536  0.50425324763063728
7052    0.15625000000000006  -0.86642826188641864  0.7200887698106978
7053    0.46874999999999994  -0.40241564879969466  0.8765202269692054
7054    0.16592995126463972  0.59375  0.87074302906243128
7055    0.87929302795124453  0.53125  -0.54219531154729073
7056    0.2308366031552197  0.15625  -0.87611564387205465
7057    -0.54266906267072934  0.26615571568013707  -0.019015867551538349
7058    0.87860501275510006  0.15625  0.32013707983228346
7059    0.88306722330686527  0.59375  -0.34375
7060    0.65625  0.32719804745282582  -0.87968899064102346
7061    0.71875000000000011  -0.58647253103815322  -0.87147886846370992
7062    0.71875  0.87765591411725341  -0.096716398820774097
7063    0.72414840817772341  0.84375  -0.88075815665656387
7064    0.87628004807692306  0.013491586538461529  0.78125
7065    0.71875  0.59375  0.88293425324675323
7066    -0.21875  -0.87818582640456921  -0.7149968268190946
7067    -0.64113481020700203  0.87853656401565761  -0.03125
7068    -0.85948920354664116  0.28125  0.47785519593802722
7069    -0.031250000000000028  -0.87499763342349723  -0.85938683288251372
7070    0.32581623745289867  0.85790463086588409  -0.21875
7071    -0.87891891920973542  0.14732974225771189  -0.34375
7072    -0.59375  -0.87253120186525801  0.47641582882045164
7073    0.88263190391523694  0.71875  -0.59375
7074    0.87569352017737345  0.25334266300468422  -0.21875
7075    0.87900694582976413  -0.40625  -0.87900694582976413
7076    0.031250000000000042  0.87282207332517803  -0.72675657522720993
7077    -0.22906054542388116  0.28125000000000006  0.86923739069090455
7078    0.03125  0.87878309712740188  0.87878309712740188
7079    -0.73156774257537971  0.53125000000000011  -0.87331564554522789
7080    0.88305888997925797  -0.34375  0.15625
7081    -0.46835050491368901  0.09375  0.88253979876301902
7082    0.56240144463248232  0.87855011251708826  -0.34375
7083    -0.60625019172161487  0.71874999999999989  -0.8782847485378561
7084    0.86896779052809547  -0.78125  -0.3516326388102296
7085    -0.87676371704336498  0.49268919349225382  0.46875
7086    -0.21875  0.87635694894009664  0.14912978099918611
7087    -0.87842315390285475  0.09375  -0.58207225111759864
7088    -0.8737681182765602  -0.03125  0.28125
7089    0.47454697424562386  -0.15624999999999997  -0.88152235569517512
7090    -0.22543843563342714  0.61700652105254261  -0.18117952735353163
7091    0.10893604127133728  0.87856820536765257  -0.15624999999999997
7092    0.45707346229479306  0.71875  -0.87573401743775292
7093    -0.45021901124573893  0.87673764789838471  0.093750000000000056
7094    0.87751256449264936  -0.38496123034547031  -0.65625
7095    0.042029817864672712  0.8806760061232457  0.71875
7096    -0.87010441865581867  0.46494995858540061  -0.71875
7097    -0.87519341616027924  0.65625  -0.49244778235901937
7098    -0.88240136476623254  -0.03125  -0.27942805165295687
7099    0.87931983386059676  0.28125  0.60551015507264594
7100    0.21875  -0.45203721348091691  0.87834772996967003
7101    0.19568056693382305  0.87414370459264801  0.21875
7102    -0.71875  -0.87710223848161328  0.089231187848980792
7103    0.87899374824847976  0.84375000000000011  0.57762913394741677
7104    -0.38802558108559682  -0.86799993135258424  -0.34375
7105    0.87424060438475559  -0.034447093438182919  -0.15625
7106    -0.87695540608170852  0.43507191588986394  -0.34375
7107    -0.40625  -0.88048855494780132  0.52795156254348263
7108    -0.031249999999999972  -0.34274124224498254  -0.88276903011882857
7109    0.87618002716034227  0.031249999999999944  0.5614392964625009
7110    -0.87988810647651072  -0.031249999999999972  0.017471953717979632
7111    -0.15624999999999994  0.87450987894620835  0.73355813157701388
7112    -0.78125  0.87732538603400856  -0.45525824815578897
7113    -0.093749999999999972  -0.88203929113565804  -0.71486012685525824
7114    0.87839592596437177  -0.46875  -0.12118833826824393
7115    -0.86943885257339948  0.22163333664406287  0.28125
7116    0.87927810522135474  0.70269057884982766  -0.15625000000000003
7117    0.8788645419584612  -0.48457728736639649  0.21875
7118    -0.88136785844280441  -0.53125  -0.72415476407134061
7119    -0.87920845445931883  -0.093750000000000028  0.13410993512205488
7120    0.58084153201182409  0.30838941009759879  0.49708450380278418
7121    -0.87930084707411482  -0.01141612717054042  -0.65625
7122    0.62877150276447602  0.49480468781056186  -0.56438016893444609
7123    0.34374999999999989  -0.4571010932471109  -0.87850691199314923
7124    0.39769394555320547  -0.39732525829926324  -0.62884365632945527
# Generated by C:\CCH\Projects\github-software\tetgen1.5.1\build\Release\tetgen.exe -p -q C:\CCH\3dModel\cube6k.stl 
