9945  3  0  0
   0    -0.050928599999999997  0.22039300000000001  0.071234800000000001
   1    -0.062995200000000001  0.34087200000000001  -0.0051550199999999997
   2    -0.15802099999999999  0.29924299999999998  0.059209600000000001
   3    -0.045280300000000002  0.21962599999999999  0.075652300000000006
   4    0.032287799999999998  0.23941200000000001  0.0615174
   5    -0.0486223  0.30652400000000002  -0.00738969
   6    0.088610700000000001  0.16905899999999999  0.039225700000000002
   7    -0.13966000000000001  0.304842  0.0139513
   8    -0.019725300000000001  0.24656900000000001  0.058217699999999997
   9    -0.14097999999999999  0.30249900000000002  0.0595107
  10    -0.145316  0.31942300000000001  -0.0283758
  11    -0.147175  0.32599699999999998  -0.043812400000000001
  12    -0.150978  0.32333299999999998  -0.046520300000000001
  13    -0.031017099999999999  0.224354  0.075910500000000006
  14    -0.15041299999999999  0.26399899999999998  0.100732
  15    -0.033963800000000002  0.216082  0.080346299999999996
  16    -0.070908600000000002  0.33410200000000001  0.00157781
  17    -0.073773699999999998  0.33514899999999997  0.00157957
  18    -0.179198  0.28425499999999998  0.045450999999999998
  19    0.016020400000000001  0.25747799999999998  0.028381699999999999
  20    -0.11246399999999999  0.081678299999999995  0.090236899999999995
  21    -0.10313700000000001  0.085951200000000005  0.088259900000000002
  22    -0.12557499999999999  0.31665900000000002  -0.038311900000000003
  23    -0.059486299999999999  0.35000599999999998  -0.011212700000000001
  24    -0.050472299999999998  0.22604099999999999  0.065900500000000001
  25    0.0059044199999999996  0.082968600000000003  0.089849300000000007
  26    -0.048930399999999999  0.35287200000000002  -0.0180068
  27    -0.116573  0.30610700000000002  0.0146537
  28    -0.12181400000000001  0.30368299999999998  0.010894600000000001
  29    -0.067566600000000004  0.24777299999999999  0.033997899999999998
  30    -0.082602700000000001  0.085069400000000003  0.082599199999999998
  31    0.0151007  0.082505999999999996  0.088804499999999995
  32    -0.0611125  0.24512900000000001  0.0041138199999999998
  33    -0.069159399999999996  0.18434400000000001  -0.046289499999999997
  34    -0.111828  0.088834999999999997  0.085476800000000006
  35    -0.077522300000000002  0.084392599999999998  0.081109600000000004
  36    0.00074095900000000002  0.086635000000000004  0.090074799999999997
  37    0.0078757800000000006  0.086429400000000003  0.089873400000000006
  38    0.014314  0.086362300000000003  0.089175299999999999
  39    -0.078397800000000004  0.32622600000000002  0.0067434699999999997
  40    -0.029166500000000001  0.24698999999999999  0.051856399999999997
  41    -0.067740499999999995  0.24872900000000001  0.0077871399999999997
  42    0.088183899999999996  0.13418099999999999  0.048170600000000001
  43    -0.080033599999999996  0.087273199999999995  0.081757200000000002
  44    -0.075022699999999998  0.086057300000000003  0.0803175
  45    -0.18012500000000001  0.22859399999999999  0.062689800000000004
  46    -0.052774500000000002  0.087214100000000003  0.099912000000000001
  47    -0.046265399999999998  0.088935100000000003  0.10327600000000001
  48    -0.039982799999999999  0.089739299999999994  0.102703
  49    -0.025399100000000001  0.088053699999999999  0.097609600000000005
  50    -0.016730800000000001  0.091703999999999994  0.092897099999999996
  51    -0.010554300000000001  0.089426599999999995  0.092174900000000004
  52    -0.00068011600000000003  0.089359499999999994  0.092023300000000002
  53    -0.092721100000000001  0.22859399999999999  0.062075499999999999
  54    -0.013779899999999999  0.21469199999999999  0.0845244
  55    -0.17640700000000001  0.29620099999999999  0.034938799999999999
  56    -0.107487  0.092333799999999994  0.081161300000000006
  57    -0.101937  0.091018799999999997  0.082316700000000007
  58    -0.096071699999999996  0.090133199999999997  0.081421599999999997
  59    -0.046774999999999997  0.093999600000000003  0.0988874
  60    -0.037582200000000003  0.093654299999999996  0.097796800000000003
  61    -0.029646499999999999  0.093038200000000001  0.095069299999999995
  62    -0.011174999999999999  0.094549499999999995  0.097232200000000005
  63    0.0047849700000000004  0.091284500000000005  0.095954399999999995
  64    0.0122145  0.090539800000000004  0.095727699999999999
  65    -0.097154599999999994  0.095828899999999995  0.074099100000000001
  66    -0.049886300000000001  0.0953904  0.095868599999999998
  67    -0.034989699999999999  0.096495300000000006  0.092489699999999994
  68    -0.029261100000000002  0.094929299999999994  0.093454400000000007
  69    -0.024249400000000001  0.092776999999999998  0.093817200000000003
  70    -0.018774599999999999  0.096236299999999997  0.097832600000000006
  71    -0.0026578999999999999  0.093615900000000002  0.097246299999999994
  72    0.0172788  0.093548000000000006  0.096319299999999997
  73    -0.14238799999999999  0.23951600000000001  0.105074
  74    -0.016886499999999999  0.24190600000000001  0.066332500000000003
  75    0.075329300000000002  0.089764899999999995  0.060776999999999998
  76    -0.00050548800000000001  0.22194800000000001  0.082146999999999998
  77    -0.101351  0.095960299999999998  0.073593800000000001
  78    -0.093164700000000003  0.095225299999999999  0.076120599999999997
  79    -0.086408899999999997  0.093400399999999995  0.0782833
  80    -0.080335100000000007  0.096055600000000005  0.077717099999999997
  81    -0.070246199999999995  0.096065600000000001  0.076319499999999998
  82    -0.046378700000000002  0.097552100000000003  0.092011800000000005
  83    -0.042181000000000003  0.098097500000000004  0.090310699999999994
  84    -0.031285300000000002  0.097542299999999998  0.093149200000000001
  85    -0.0246538  0.099156599999999998  0.098843500000000001
  86    -0.0018952400000000001  0.100498  0.105473
  87    0.0022045799999999998  0.097049899999999995  0.101315
  88    0.0090648599999999992  0.10169499999999999  0.10456500000000001
  89    0.064803200000000005  0.090279600000000002  0.059429900000000001
  90    0.077679499999999999  0.094939499999999996  0.0630608
  91    -0.092089900000000002  0.100231  0.073830699999999999
  92    -0.077582200000000004  0.103187  0.077019799999999999
  93    0.060584300000000001  0.23216100000000001  0.039941299999999999
  94    -0.050543900000000003  0.100245  0.083112699999999998
  95    -0.045684500000000003  0.099910700000000005  0.085200999999999999
  96    -0.040552299999999999  0.100034  0.088964100000000004
  97    -0.036806600000000002  0.0998748  0.091709700000000005
  98    0.015635699999999999  0.100856  0.101229
  99    0.068716799999999995  0.0982098  0.061556899999999998
 100    0.081911700000000004  0.0995751  0.064150899999999997
 101    -0.01078  0.25325500000000001  0.049820900000000001
 102    -0.031089499999999999  0.31373600000000001  -0.0193072
 103    -0.080505999999999994  0.33250600000000002  0.0030782600000000002
 104    -0.124281  0.311058  -0.0323477
 105    -0.042760899999999998  0.10241599999999999  0.086732100000000006
 106    -0.0321508  0.105702  0.098697699999999999
 107    -0.027856599999999999  0.102224  0.097716499999999998
 108    -0.014501999999999999  0.101616  0.102164
 109    0.0030857599999999999  0.105209  0.10498399999999999
 110    -0.11353199999999999  0.29992799999999997  0.0611388
 111    -0.058280899999999997  0.106418  0.071071300000000004
 112    -0.021552999999999999  0.108989  0.102572
 113    -0.0087171200000000001  0.10545  0.105679
 114    -0.00161403  0.10595  0.10779900000000001
 115    -0.159165  0.244475  0.101769
 116    -0.15539600000000001  0.24929999999999999  0.104309
 117    0.075584399999999996  0.21196499999999999  0.00614768
 118    -0.12603200000000001  0.29072300000000001  0.074699100000000004
 119    -0.056051499999999997  0.105022  0.071228899999999998
 120    -0.0060076900000000004  0.114977  0.105258
 121    0.014211700000000001  0.109495  0.103451
 122    0.0068979899999999997  0.21664800000000001  0.082856200000000005
 123    0.0875668  0.105546  0.063786499999999996
 124    -0.085014800000000001  0.102104  0.076477299999999998
 125    -0.071032200000000004  0.103243  0.075474399999999997
 126    -0.064222699999999994  0.110747  0.073787599999999995
 127    -0.151392  0.19228799999999999  -0.021128399999999999
 128    -0.012344900000000001  0.110398  0.105503
 129    0.0036166200000000001  0.112942  0.10617799999999999
 130    0.013243100000000001  0.114135  0.10473200000000001
 131    -0.035706799999999997  0.241309  0.057163499999999999
 132    -0.071336999999999998  0.22570200000000001  0.063949599999999995
 133    0.075517600000000004  0.110042  0.061196500000000001
 134    -0.156837  0.30283199999999999  0.048370900000000001
 135    -0.086375400000000005  0.114539  0.077307899999999999
 136    -0.076228500000000005  0.114692  0.079148399999999994
 137    -0.024662400000000001  0.11827799999999999  0.105975
 138    -0.0184385  0.117841  0.1087
 139    0.00020389  0.114361  0.10698199999999999
 140    0.018366899999999999  0.115037  0.103446
 141    0.017106  0.24052599999999999  0.068210000000000007
 142    0.092332800000000007  0.110044  0.062610799999999994
 143    -0.082342100000000001  0.11565400000000001  0.078917200000000007
 144    -0.067879900000000007  0.116341  0.0770922
 145    -0.0557338  0.115801  0.071826799999999996
 146    -0.051363600000000002  0.11312800000000001  0.075462199999999993
 147    -0.011113700000000001  0.119357  0.10935599999999999
 148    -0.0023765800000000001  0.118646  0.109572
 149    0.0057666000000000002  0.11780599999999999  0.109279
 150    0.010429600000000001  0.119149  0.109167
 151    0.080589400000000005  0.11079700000000001  0.062207499999999999
 152    0.0906946  0.115082  0.062382699999999999
 153    -0.0225857  0.25373499999999999  0.0361999
 154    0.0067406100000000002  0.12468799999999999  0.111202
 155    -0.18415999999999999  0.23288700000000001  0.040056799999999997
 156    -0.14858099999999999  0.27692899999999998  0.092676800000000004
 157    0.081094899999999998  0.119837  0.057629800000000002
 158    0.097790699999999994  0.11889  0.059736499999999998
 159    0.0310561  0.22337499999999999  0.073727100000000004
 160    -0.12161  0.290821  -0.0064120499999999999
 161    -0.063830399999999995  0.122271  0.076032100000000005
 162    -0.056019199999999998  0.122542  0.073432499999999998
 163    -0.030324299999999998  0.121555  0.104271
 164    -0.015351200000000001  0.124247  0.110042
 165    -0.0076154999999999999  0.122534  0.109582
 166    -0.168512  0.23894000000000001  -0.0052089099999999998
 167    -0.0182446  0.237868  0.070075799999999994
 168    0.00153465  0.23177700000000001  0.076597499999999999
 169    0.089397900000000002  0.119158  0.0606697
 170    -0.057089300000000003  0.24588399999999999  0.017950600000000001
 171    -0.101643  0.122306  0.0621313
 172    -0.0818884  0.12206599999999999  0.080476099999999995
 173    -0.071352399999999996  0.123389  0.0809034
 174    -0.0534834  0.12185  0.074189099999999994
 175    -0.0271687  0.12745500000000001  0.105173
 176    -0.026531800000000001  0.122403  0.106405
 177    -0.00297898  0.123636  0.111135
 178    0.018601300000000001  0.131025  0.10706599999999999
 179    -0.181896  0.232404  0.021812000000000002
 180    -0.155918  0.23983499999999999  0.099686899999999995
 181    -0.057813000000000003  0.18124699999999999  -0.048775300000000001
 182    0.047355599999999998  0.24363699999999999  0.038297999999999999
 183    0.0067305300000000002  0.13503699999999999  0.108971
 184    0.011635400000000001  0.13275300000000001  0.108477
 185    -0.0408776  0.35927999999999999  -0.041191999999999999
 186    -0.12289  0.13274  0.0683063
 187    -0.050180200000000001  0.246059  0.0099190400000000005
 188    -0.12773200000000001  0.30704100000000001  -0.017778700000000001
 189    -0.077414200000000002  0.12942899999999999  0.081824300000000003
 190    -0.071488499999999996  0.131689  0.081475500000000006
 191    -0.030956999999999998  0.12741  0.104827
 192    -0.0199896  0.13367599999999999  0.107863
 193    -0.0114985  0.13417999999999999  0.109962
 194    0.093651499999999999  0.13001099999999999  0.0542097
 195    0.096182599999999993  0.12463299999999999  0.057759999999999999
 196    -0.025609400000000001  0.13292899999999999  0.10556699999999999
 197    -0.0033657100000000001  0.13514599999999999  0.111042
 198    0.075132699999999997  0.20546  -0.0031054500000000001
 199    0.0141995  0.23231199999999999  0.0733988
 200    0.085573300000000005  0.12805900000000001  0.052933300000000003
 201    -0.15385399999999999  0.34330899999999998  -0.093769599999999995
 202    -0.13517399999999999  0.31761800000000001  -0.023569300000000001
 203    -0.082016800000000001  0.132859  0.081192799999999996
 204    -0.067327600000000001  0.13506399999999999  0.081002299999999999
 205    -0.056674799999999997  0.13356699999999999  0.076384900000000006
 206    -0.053616299999999999  0.135156  0.078465099999999996
 207    -0.0333327  0.13974900000000001  0.107445
 208    -0.0296698  0.13380900000000001  0.107044
 209    0.0020130399999999998  0.140767  0.11143400000000001
 210    -0.070894499999999999  0.235236  0.058426800000000001
 211    -0.0419671  0.20590600000000001  -0.044322599999999997
 212    -0.068515699999999999  0.33014199999999999  -0.029085300000000001
 213    -0.018658500000000001  0.17904800000000001  -0.070773100000000005
 214    -0.087798399999999999  0.13917299999999999  0.082274399999999998
 215    -0.060548900000000003  0.131828  0.076669899999999999
 216    -0.055059299999999999  0.14203499999999999  0.079890299999999997
 217    0.0884273  0.13897699999999999  0.044056699999999997
 218    -0.0302264  0.14419799999999999  0.10877199999999999
 219    -0.0266904  0.139738  0.10705000000000001
 220    -0.022780100000000001  0.14146600000000001  0.109615
 221    -0.0056712200000000003  0.14279900000000001  0.114928
 222    0.0163979  0.14738999999999999  0.110363
 223    -0.121457  0.34271200000000002  -0.110744
 224    -0.0100763  0.23304800000000001  0.075048599999999993
 225    -0.16747699999999999  0.21349000000000001  0.0131004
 226    -0.121894  0.287601  -0.012919699999999999
 227    -0.062707799999999994  0.143235  0.079457100000000003
 228    -0.052288599999999998  0.180594  -0.060248200000000002
 229    -0.17361299999999999  0.20178699999999999  0.029380300000000002
 230    0.00564015  0.18191199999999999  -0.063697900000000002
 231    -0.099999199999999996  0.14483799999999999  0.082880499999999996
 232    -0.094367699999999999  0.141593  0.080156199999999997
 233    -0.084274799999999997  0.14560600000000001  0.083737599999999995
 234    0.0102585  0.244729  0.064342099999999999
 235    -0.025155799999999999  0.14813000000000001  0.11142100000000001
 236    -0.0137222  0.14155699999999999  0.113818
 237    0.0050322700000000001  0.145707  0.110334
 238    -0.032450300000000001  0.230125  0.071373199999999998
 239    -0.122866  0.32685799999999998  -0.086173899999999998
 240    -0.044516600000000003  0.361535  -0.0242419
 241    -0.11375  0.14801900000000001  0.083391900000000005
 242    -0.091235700000000003  0.146254  0.082304799999999997
 243    -0.077207100000000001  0.14361399999999999  0.082339999999999997
 244    0.00067957200000000003  0.14984  0.11408699999999999
 245    -0.0041232899999999999  0.22901099999999999  0.078315200000000001
 246    -0.037902499999999999  0.227578  0.072151000000000007
 247    0.052220099999999998  0.23627400000000001  0.050635699999999999
 248    -0.070188399999999998  0.34472799999999998  -0.010152
 249    -0.106505  0.145953  0.081796499999999994
 250    -0.070346599999999995  0.14274800000000001  0.0824714
 251    -0.060520699999999997  0.15214900000000001  0.080310800000000002
 252    -0.058686200000000001  0.14502200000000001  0.079047599999999996
 253    -0.031734999999999999  0.15173500000000001  0.11037
 254    -0.017083899999999999  0.14909500000000001  0.11240700000000001
 255    -0.012201  0.15606900000000001  0.112911
 256    -0.00851324  0.14885399999999999  0.115173
 257    0.012062099999999999  0.14557100000000001  0.111126
 258    -0.13957900000000001  0.272478  0.093242400000000003
 259    -0.077960799999999997  0.33983200000000002  -0.0075176399999999999
 260    -0.122574  0.15148200000000001  0.081892900000000005
 261    -0.0809835  0.15221599999999999  0.084787299999999996
 262    -0.041883499999999997  0.15471399999999999  0.108792
 263    0.0043433600000000001  0.15615999999999999  0.111497
 264    -0.064545099999999994  0.229882  0.061821800000000003
 265    -0.048390299999999997  0.23306499999999999  0.061759599999999998
 266    -0.027520900000000001  0.23394999999999999  0.071599099999999999
 267    0.011991699999999999  0.256994  0.037069100000000001
 268    -0.10100199999999999  0.30736000000000002  0.019993299999999999
 269    -0.052519000000000003  0.35297400000000001  -0.014686299999999999
 270    -0.154695  0.30459000000000003  0.036665999999999997
 271    -0.11236  0.154532  0.085906899999999994
 272    -0.095855700000000002  0.15206800000000001  0.086053500000000005
 273    -0.088530399999999995  0.153055  0.082581399999999999
 274    -0.073533500000000002  0.15427399999999999  0.083516800000000002
 275    -0.069966399999999998  0.15165400000000001  0.082125199999999995
 276    -0.034193099999999997  0.157999  0.112763
 277    -0.0128898  0.22971800000000001  0.076458700000000004
 278    0.011613399999999999  0.22527  0.078478400000000004
 279    -0.15898699999999999  0.291078  0.073193599999999998
 280    -0.146035  0.298292  0.068023600000000004
 281    -0.118755  0.15837699999999999  0.084570400000000004
 282    -0.10923099999999999  0.159912  0.088052199999999997
 283    -0.102016  0.156164  0.086047499999999999
 284    -0.095002699999999995  0.16061700000000001  0.086332900000000004
 285    -0.077844200000000002  0.157389  0.084107399999999999
 286    -0.061285399999999997  0.15676000000000001  0.0807229
 287    -0.16916200000000001  0.29760799999999998  0.049557799999999999
 288    -0.020679099999999999  0.154614  0.11362
 289    -0.0173186  0.15845300000000001  0.11383600000000001
 290    0.0081003299999999993  0.15443599999999999  0.10953499999999999
 291    -0.0536277  0.22959399999999999  0.062425899999999999
 292    -0.0176591  0.22811400000000001  0.077463000000000004
 293    -0.15118599999999999  0.243752  0.102839
 294    -0.0740648  0.32813500000000001  0.0038723799999999999
 295    -0.13095599999999999  0.31431900000000002  -0.024113699999999998
 296    -0.053363399999999998  0.24507799999999999  0.033468699999999997
 297    -0.106531  0.15881700000000001  0.088251599999999999
 298    -0.100925  0.162052  0.087270600000000004
 299    -0.090865000000000001  0.159802  0.085239899999999993
 300    -0.084611699999999998  0.159913  0.082353499999999996
 301    -0.077523700000000001  0.162462  0.0853907
 302    -0.071464799999999995  0.159798  0.085218600000000005
 303    -0.064721100000000004  0.159694  0.081611299999999998
 304    -0.060105699999999998  0.16353999999999999  0.082942799999999997
 305    -0.028551  0.15789800000000001  0.111431
 306    -0.0121482  0.16386200000000001  0.111364
 307    -0.0050079599999999997  0.15929499999999999  0.112633
 308    -0.044781099999999997  0.23091  0.066151100000000004
 309    -0.090609700000000001  0.32194299999999998  0.0101026
 310    -0.089502399999999996  0.23630300000000001  0.0537172
 311    0.080356899999999995  0.19738  0.046002099999999997
 312    0.078607999999999997  0.208148  0.0300267
 313    0.082944299999999999  0.19680300000000001  0.0024788499999999999
 314    -0.072274500000000005  0.24838399999999999  0.035683100000000002
 315    -0.012103600000000001  0.19800499999999999  0.087263400000000005
 316    -0.091160400000000003  0.16539699999999999  0.087474200000000002
 317    -0.034976199999999999  0.166188  0.112751
 318    -0.031477400000000003  0.170929  0.111135
 319    -0.016946300000000001  0.169931  0.112155
 320    -0.0065718199999999999  0.165576  0.112495
 321    0.00374873  0.16658200000000001  0.112653
 322    -0.035529600000000001  0.24723899999999999  0.045323099999999998
 323    -0.0059458899999999997  0.23979  0.070277300000000001
 324    -0.077043899999999998  0.33072499999999999  0.0047895000000000004
 325    -0.13506099999999999  0.31174099999999999  -0.013455399999999999
 326    -0.13882900000000001  0.30777100000000002  -0.0033095799999999999
 327    -0.136772  0.325378  -0.038389199999999998
 328    -0.12504699999999999  0.15973799999999999  0.085728200000000004
 329    -0.115271  0.16486600000000001  0.085690199999999994
 330    -0.096666199999999994  0.167494  0.089168800000000006
 331    -0.082121100000000002  0.16605400000000001  0.083281999999999995
 332    -0.067543199999999998  0.16727  0.083734100000000006
 333    -0.024238599999999999  0.16652  0.11229500000000001
 334    0.0083052200000000003  0.169575  0.11170099999999999
 335    0.0590129  0.23083400000000001  0.050681200000000003
 336    -0.084046899999999994  0.231462  0.0604839
 337    -0.049455800000000001  0.35618100000000003  -0.017675900000000001
 338    -0.13131699999999999  0.16476499999999999  0.085257700000000006
 339    -0.105181  0.16708600000000001  0.089030999999999999
 340    -0.0665467  0.170098  0.083596100000000007
 341    -0.062962400000000002  0.16686699999999999  0.082202999999999998
 342    -0.0124221  0.253776  0.0026703299999999998
 343    0.0095484899999999998  0.25786500000000001  0.017605099999999999
 344    0.0156542  0.17047899999999999  0.109737
 345    0.043016800000000001  0.16877400000000001  0.096393699999999999
 346    -0.054148399999999999  0.18341199999999999  -0.050648699999999998
 347    -0.056680300000000003  0.179622  -0.052921500000000003
 348    0.084719799999999998  0.18889600000000001  0.0429784
 349    -0.14194200000000001  0.32857700000000001  -0.043533599999999999
 350    -0.064801200000000003  0.34649799999999997  -0.0091536299999999994
 351    -0.127136  0.17331199999999999  0.087981299999999998
 352    -0.11999600000000001  0.17374000000000001  0.089175099999999993
 353    -0.11282  0.16852700000000001  0.086729299999999995
 354    -0.080816700000000005  0.172129  0.083369200000000004
 355    -0.074019399999999999  0.16924700000000001  0.086165099999999994
 356    0.00139047  0.17485000000000001  0.110165
 357    -0.084157700000000002  0.32169599999999998  0.0097157600000000004
 358    0.036000600000000001  0.17788999999999999  0.094093399999999994
 359    0.079250200000000007  0.20430499999999999  0.00166497
 360    -0.034702700000000003  0.234402  0.067715399999999995
 361    -0.17131199999999999  0.22824900000000001  0.0043452999999999999
 362    -0.109267  0.29746600000000001  0.057731600000000001
 363    -0.11519699999999999  0.17594399999999999  0.088140800000000005
 364    -0.092441099999999998  0.17269599999999999  0.088014200000000001
 365    -0.085793400000000006  0.16821700000000001  0.085215299999999994
 366    -0.087872599999999995  0.177207  0.084169300000000002
 367    -0.083535899999999996  0.17535000000000001  0.0833541
 368    -0.074498099999999998  0.176702  0.085173399999999996
 369    -0.059771699999999997  0.17005700000000001  0.085324700000000003
 370    -0.027035199999999999  0.17446200000000001  0.11144900000000001
 371    -0.0226658  0.17297699999999999  0.110619
 372    -0.0158529  0.17638899999999999  0.11181000000000001
 373    0.084326999999999999  0.19556299999999999  0.028733700000000001
 374    -0.10766199999999999  0.173984  0.087962899999999997
 375    -0.0972224  0.171572  0.089389300000000005
 376    -0.069869899999999999  0.174787  0.084713700000000003
 377    -0.021857100000000001  0.181086  0.109948
 378    0.00167677  0.25756600000000002  0.032054100000000002
 379    -0.0784107  0.22472200000000001  0.066880499999999996
 380    -0.020905  0.32333699999999999  -0.032409800000000002
 381    -0.023740000000000001  0.254216  0.027288900000000001
 382    -0.109567  0.18023600000000001  0.088816400000000004
 383    -0.104044  0.17682800000000001  0.087568599999999996
 384    -0.10089099999999999  0.18055399999999999  0.086157499999999998
 385    -0.094726699999999997  0.17949000000000001  0.086340399999999998
 386    -0.067087599999999997  0.17807999999999999  0.087197999999999998
 387    -0.0579193  0.17496200000000001  0.086118700000000006
 388    -0.030597599999999999  0.183391  0.107366
 389    -0.0096160299999999994  0.18181800000000001  0.109981
 390    -0.15576599999999999  0.26630100000000001  0.098662100000000003
 391    0.0433459  0.24493100000000001  0.045257899999999997
 392    -0.14730699999999999  0.30324299999999998  0.00415103
 393    -0.13649600000000001  0.17711499999999999  0.082361900000000002
 394    -0.13241600000000001  0.182505  0.083162
 395    -0.13131499999999999  0.17460300000000001  0.086347800000000002
 396    -0.121253  0.18243400000000001  0.088239100000000001
 397    -0.080650100000000002  0.184027  0.082516800000000001
 398    -0.056834000000000003  0.180308  0.086350099999999999
 399    -0.052856300000000002  0.18426400000000001  0.088125200000000001
 400    -0.028196499999999999  0.180981  0.10939400000000001
 401    0.012050699999999999  0.17837500000000001  0.10699
 402    0.016183099999999999  0.18559300000000001  0.101489
 403    -0.139097  0.23174  0.10448200000000001
 404    -0.113566  0.28919600000000001  0.064149300000000006
 405    0.072835800000000006  0.21495300000000001  0.044133600000000002
 406    0.026117999999999999  0.240565  0.064956299999999995
 407    -0.10538599999999999  0.18775900000000001  0.085240300000000005
 408    -0.072136500000000006  0.18359500000000001  0.086316699999999996
 409    -0.062642500000000004  0.18489700000000001  0.087209900000000007
 410    -0.025013799999999999  0.25096299999999999  0.046249100000000001
 411    -0.022356899999999999  0.18467500000000001  0.10807700000000001
 412    -0.013337399999999999  0.187556  0.106431
 413    0.0050573500000000004  0.18452299999999999  0.107062
 414    0.0228551  0.182092  0.102343
 415    -0.062819799999999995  0.34418599999999999  -0.0062092600000000003
 416    -0.121129  0.19134499999999999  0.083982699999999993
 417    -0.11219  0.184975  0.087978299999999995
 418    -0.050524899999999998  0.187471  0.085657899999999995
 419    -0.017701000000000001  0.19183500000000001  0.101649
 420    0.0106585  0.18909799999999999  0.101704
 421    0.033846399999999999  0.185807  0.093668000000000001
 422    0.041039300000000001  0.189225  0.091956800000000005
 423    0.070627099999999998  0.21288699999999999  -0.00621442
 424    -0.081392900000000004  0.25226399999999999  0.022045800000000001
 425    -0.016925900000000001  0.25482900000000003  0.0154015
 426    -0.11594699999999999  0.19177  0.084112099999999995
 427    -0.0960564  0.18642700000000001  0.087818999999999994
 428    -0.089545100000000002  0.18579200000000001  0.084948399999999993
 429    -0.077829999999999996  0.18842100000000001  0.082762100000000005
 430    -0.064272399999999993  0.18835499999999999  0.087177199999999996
 431    -0.056994900000000001  0.18828400000000001  0.088103399999999998
 432    -0.096525399999999997  0.27689399999999997  0.020469600000000001
 433    -0.0065609900000000001  0.192381  0.10159600000000001
 434    -2.7447e-05  0.18939400000000001  0.104796
 435    0.017545499999999999  0.19137699999999999  0.095905400000000002
 436    0.026092500000000001  0.19103300000000001  0.094566999999999998
 437    -0.14804300000000001  0.23721  0.104185
 438    -0.061878000000000002  0.23397000000000001  0.057008000000000003
 439    -0.15134500000000001  0.29072500000000001  0.0783248
 440    -0.15230199999999999  0.25310199999999999  0.10469000000000001
 441    -0.13120999999999999  0.19797799999999999  0.080515600000000007
 442    -0.103465  0.19651299999999999  0.082661100000000001
 443    -0.090712299999999996  0.19477  0.083083299999999999
 444    -0.073293300000000006  0.19634099999999999  0.081957299999999997
 445    -0.069288100000000005  0.19189999999999999  0.084418699999999999
 446    -0.043372899999999999  0.19284699999999999  0.087533200000000005
 447    -0.0210493  0.32428400000000002  -0.040069899999999999
 448    0.0097626099999999997  0.19212499999999999  0.098378400000000005
 449    0.024780300000000002  0.19561200000000001  0.093922900000000004
 450    -0.035682699999999998  0.25021300000000002  0.0121776
 451    -0.14097999999999999  0.319633  -0.025595699999999999
 452    -0.10972800000000001  0.12675900000000001  0.065628500000000006
 453    0.032494799999999997  0.25172600000000001  0.035135300000000001
 454    -0.126336  0.191609  0.082773399999999997
 455    -0.080527600000000005  0.19101399999999999  0.082097100000000006
 456    -0.068593699999999994  0.20186000000000001  0.079719600000000002
 457    -0.056450899999999998  0.19508700000000001  0.084654999999999994
 458    -0.051454800000000002  0.19592399999999999  0.086378300000000005
 459    -0.020914800000000001  0.19708700000000001  0.087984800000000002
 460    -0.17585100000000001  0.22919700000000001  0.0088971099999999997
 461    0.0118219  0.19486100000000001  0.092998499999999998
 462    0.0226115  0.199851  0.092748999999999998
 463    0.029217  0.200437  0.091484599999999999
 464    -0.088722499999999996  0.317195  0.0124797
 465    -0.14775099999999999  0.30353799999999997  0.053770800000000001
 466    -0.097436900000000007  0.19461899999999999  0.085226399999999994
 467    -0.094252799999999998  0.20096700000000001  0.080613099999999993
 468    -0.017553300000000001  0.199183  0.086132600000000004
 469    -0.040891900000000002  0.24962899999999999  0.024791400000000002
 470    0.0048402200000000001  0.19889799999999999  0.086976999999999999
 471    0.014347800000000001  0.199853  0.090381799999999998
 472    -0.078850000000000003  0.233067  0.059918699999999998
 473    -0.0059109999999999996  0.25698100000000001  0.021390900000000001
 474    -0.142961  0.20161899999999999  0.073986499999999997
 475    -0.127054  0.19866700000000001  0.082109399999999999
 476    -0.11869499999999999  0.20269400000000001  0.081603300000000004
 477    -0.085303799999999999  0.19706099999999999  0.082652400000000001
 478    -0.0572048  0.20244500000000001  0.082023399999999996
 479    -0.039678900000000003  0.20155999999999999  0.084839600000000001
 480    -0.030732499999999999  0.20269799999999999  0.084229399999999996
 481    0.0095417999999999996  0.20045199999999999  0.087292599999999998
 482    0.032983600000000002  0.20288800000000001  0.088568999999999995
 483    0.0097026600000000001  0.236292  0.070474400000000006
 484    0.086327600000000004  0.18040100000000001  0.044343500000000001
 485    -0.142706  0.28611900000000001  0.084815500000000002
 486    -0.10920199999999999  0.196691  0.084489099999999998
 487    -0.100827  0.20221800000000001  0.080181799999999998
 488    -0.097857100000000002  0.20624899999999999  0.077734300000000006
 489    -0.088292200000000001  0.20380999999999999  0.081402100000000005
 490    -0.073065599999999994  0.20669299999999999  0.075644100000000006
 491    -0.062690800000000005  0.194184  0.086001900000000006
 492    -0.033237099999999999  0.20195399999999999  0.085287500000000002
 493    0.0022153799999999999  0.202543  0.085661799999999996
 494    -0.075588100000000005  0.23983099999999999  0.054185799999999999
 495    0.066017099999999995  0.22481200000000001  0.046190000000000002
 496    -0.124015  0.29874000000000001  -0.0155315
 497    -0.151342  0.297933  0.066945299999999999
 498    -0.082974300000000001  0.33417000000000002  -0.00058164999999999996
 499    -0.14543800000000001  0.20625099999999999  0.072134000000000004
 500    -0.11283799999999999  0.204955  0.081002099999999994
 501    -0.078913999999999998  0.20170299999999999  0.079015799999999997
 502    -0.043986400000000002  0.200382  0.086014199999999999
 503    -0.0279995  0.20893700000000001  0.084362699999999999
 504    -0.0195824  0.20289299999999999  0.085326799999999994
 505    -0.0054213400000000002  0.209121  0.086120299999999997
 506    0.0226213  0.25555899999999998  0.0351461
 507    -0.073842599999999994  0.34140999999999999  -0.0196116
 508    -0.084782800000000005  0.207872  0.079736899999999999
 509    -0.063158900000000004  0.210509  0.076500200000000004
 510    -0.049003999999999999  0.204154  0.083386000000000002
 511    -0.036763499999999998  0.20941299999999999  0.082641500000000007
 512    -0.014549400000000001  0.20921899999999999  0.086202899999999999
 513    0.014974899999999999  0.20798900000000001  0.0814859
 514    0.022207899999999999  0.20763100000000001  0.084861699999999998
 515    0.036189100000000002  0.21254700000000001  0.077978099999999995
 516    0.046019499999999998  0.20594899999999999  0.077940899999999994
 517    -0.14555799999999999  0.24834899999999999  0.103535
 518    -0.11051999999999999  0.22296199999999999  0.0699684
 519    0.035640600000000001  0.24928700000000001  0.038852600000000001
 520    0.036647800000000001  0.24610799999999999  0.047837600000000001
 521    -0.13888600000000001  0.21352199999999999  0.073454199999999997
 522    -0.121639  0.21660499999999999  0.072945999999999997
 523    -0.10316  0.210288  0.077589699999999998
 524    -0.075513700000000003  0.21412500000000001  0.072414300000000001
 525    -0.055108299999999999  0.21204799999999999  0.076748200000000003
 526    -0.019929499999999999  0.21635599999999999  0.083352700000000002
 527    0.00879717  0.20746600000000001  0.082241900000000007
 528    0.017223700000000002  0.212974  0.079021300000000003
 529    0.020433199999999999  0.21077899999999999  0.079843700000000004
 530    0.040069300000000002  0.210781  0.078256000000000006
 531    -0.10596800000000001  0.22220999999999999  0.069064899999999999
 532    -0.13333900000000001  0.21169299999999999  0.073386499999999993
 533    -0.10714  0.210642  0.077690499999999996
 534    -0.101276  0.21539700000000001  0.073726899999999998
 535    -0.093663899999999994  0.211865  0.077213400000000001
 536    -0.082377800000000001  0.21720800000000001  0.072632199999999994
 537    -4.2707699999999998e-05  0.21159700000000001  0.084173399999999995
 538    0.0258754  0.22062200000000001  0.075791700000000004
 539    0.037459300000000001  0.216474  0.075652300000000006
 540    -0.093918199999999993  0.22034200000000001  0.070083300000000001
 541    -0.16933899999999999  0.23638400000000001  -0.0040305000000000002
 542    -0.060216499999999999  0.22495299999999999  0.066291799999999998
 543    -0.0383808  0.21888199999999999  0.077921699999999997
 544    -0.0095935199999999995  0.21917600000000001  0.082530500000000007
 545    -0.0396689  0.237347  0.061556899999999998
 546    0.028193900000000001  0.212647  0.079767199999999996
 547    -0.152702  0.309143  -0.038517000000000003
 548    0.080616199999999999  0.187252  -0.0099939299999999998
 549    -0.067374799999999999  0.33965800000000002  -0.00212817
 550    -0.18118100000000001  0.229042  0.047110300000000001
 551    -0.066480899999999996  0.33677000000000001  -0.0023942400000000002
 552    -0.119495  0.221715  0.071118100000000004
 553    -0.114845  0.21936700000000001  0.070887900000000004
 554    -0.070819199999999999  0.216335  0.071232199999999996
 555    -0.118851  0.25855299999999998  -0.0147954
 556    -0.0110346  0.207036  -0.044443400000000001
 557    0.054698200000000002  0.22806299999999999  0.059548700000000003
 558    -0.058726100000000003  0.245696  0.0114918
 559    0.0057163500000000003  0.075368299999999999  0.0901946
 560    0.041814200000000003  0.078992099999999996  0.081139299999999998
 561    -0.11923499999999999  0.28813299999999997  0.072643200000000005
 562    -0.0980409  0.070442500000000005  0.090296299999999996
 563    -0.0111591  0.074741799999999997  0.094888799999999995
 564    0.0336148  0.075956899999999994  0.085328000000000001
 565    -0.17135300000000001  0.271567  0.015207699999999999
 566    -0.097320500000000004  0.072591100000000006  0.090355400000000002
 567    -0.0440737  0.080796900000000005  0.10586
 568    -0.00074114299999999999  0.081120700000000004  0.091546600000000006
 569    0.026703500000000002  0.082484699999999994  0.087684100000000001
 570    0.0837474  0.185752  0.049357999999999999
 571    -0.10556599999999999  0.077354900000000004  0.092449900000000002
 572    -0.088055099999999997  0.074383099999999994  0.087635400000000002
 573    -0.081648299999999993  0.078700300000000001  0.0843135
 574    -0.034203200000000003  0.083104899999999995  0.102608
 575    -0.024092499999999999  0.083909300000000006  0.0986871
 576    -0.0130785  0.083564899999999998  0.095209500000000002
 577    0.033276100000000003  0.085467799999999997  0.086375999999999994
 578    0.035846200000000002  0.083453100000000002  0.085717000000000002
 579    0.046892000000000003  0.085573499999999997  0.078385099999999999
 580    -0.099542800000000001  0.18350900000000001  -0.042500700000000002
 581    -0.088671600000000003  0.085125199999999998  0.084889300000000001
 582    0.086194499999999993  0.19278000000000001  0.016749699999999999
 583    -0.047070599999999997  0.33250299999999999  -0.0231313
 584    -0.0549223  0.33893499999999999  -0.017630400000000001
 585    0.026582000000000001  0.089972999999999997  0.086035299999999995
 586    0.031661000000000002  0.090273099999999995  0.085085499999999994
 587    0.051271799999999999  0.088936799999999996  0.074130799999999997
 588    0.0553424  0.088996500000000006  0.069609699999999997
 589    0.059779899999999997  0.087055499999999994  0.060563800000000001
 590    -0.135352  0.16608400000000001  -0.034180099999999998
 591    -0.088197399999999995  0.18454200000000001  -0.043007400000000001
 592    0.041136600000000002  0.23497399999999999  0.064497799999999994
 593    -0.12962499999999999  0.24357799999999999  0.098634100000000002
 594    -0.094955399999999995  0.084373799999999999  0.086270700000000006
 595    0.044958600000000001  0.19181899999999999  0.089712899999999998
 596    -0.060625900000000003  0.33939000000000002  -0.0088647099999999996
 597    0.019999800000000002  0.090886099999999997  0.091577800000000001
 598    0.0212531  0.087941000000000005  0.087511800000000001
 599    0.038726700000000003  0.088030800000000006  0.083471299999999998
 600    0.046607000000000003  0.093836199999999995  0.077048500000000006
 601    0.095451300000000003  0.093489100000000006  0.052053500000000003
 602    0.099977800000000006  0.092660699999999999  0.045815700000000001
 603    -0.027569799999999998  0.33819900000000003  -0.036629399999999999
 604    -0.107001  0.28906900000000002  0.053068999999999998
 605    -0.118241  0.29708400000000001  0.068005399999999994
 606    -0.16776099999999999  0.198048  0.00226677
 607    -0.108016  0.27644600000000003  0.058039100000000003
 608    -0.043806699999999997  0.358213  -0.022387000000000001
 609    0.061947500000000003  0.205266  0.069083900000000004
 610    0.042862900000000002  0.095183400000000001  0.079428499999999999
 611    -0.035226300000000002  0.329791  -0.027470899999999999
 612    0.046811600000000002  0.225219  0.066967399999999996
 613    -0.089395100000000005  0.30444700000000002  0.015092400000000001
 614    -0.063471  0.32147900000000001  -0.0084662399999999999
 615    -0.038697500000000003  0.315473  -0.010005099999999999
 616    -0.025813800000000001  0.33183299999999999  -0.033432499999999997
 617    0.023734499999999999  0.096135300000000007  0.093107899999999993
 618    0.030055499999999999  0.092948000000000003  0.086213300000000007
 619    0.036037  0.094065200000000002  0.082802600000000004
 620    -0.074887400000000007  0.31262400000000001  0.0032723399999999999
 621    -0.024108600000000001  0.35150999999999999  -0.0462476
 622    -0.045473300000000001  0.35549399999999998  -0.021333999999999999
 623    -0.087768899999999997  0.30020799999999997  0.015998700000000001
 624    0.021738799999999999  0.10381799999999999  0.10076
 625    0.034086999999999999  0.095820100000000005  0.0855128
 626    0.058019599999999998  0.096499600000000005  0.071076799999999996
 627    0.090310699999999994  0.096606300000000006  0.0594557
 628    -0.109017  0.25121900000000003  0.073378899999999997
 629    0.067497199999999993  0.185387  0.075902700000000003
 630    -0.085858199999999996  0.30737199999999998  0.0111742
 631    -0.13061700000000001  0.26451799999999998  0.086665900000000004
 632    -0.072562299999999996  0.31505899999999998  0.00083217600000000001
 633    0.021573200000000001  0.22287000000000001  0.075800300000000001
 634    0.039088100000000001  0.10274899999999999  0.090117900000000001
 635    0.045730199999999999  0.102675  0.082705899999999999
 636    0.048428199999999998  0.099777199999999996  0.077554799999999993
 637    0.063239400000000001  0.097497200000000006  0.065329399999999996
 638    0.104961  0.105243  0.052741999999999997
 639    0.111045  0.103062  0.042953699999999997
 640    0.074861399999999995  0.18679100000000001  -0.018063599999999999
 641    -0.12867300000000001  0.21271499999999999  0.074343599999999996
 642    0.031002999999999999  0.17965800000000001  0.099947300000000003
 643    0.047378700000000003  0.20215900000000001  0.081831399999999999
 644    -0.080906400000000003  0.30627100000000002  0.012189800000000001
 645    0.073637300000000003  0.193851  -0.018692400000000001
 646    -0.026411799999999999  0.34428599999999998  -0.040459799999999997
 647    0.0302749  0.10348499999999999  0.093086699999999994
 648    0.053226700000000002  0.099760100000000004  0.074972399999999995
 649    0.090568599999999999  0.101822  0.062145600000000002
 650    0.10012500000000001  0.10266500000000001  0.055068499999999999
 651    0.109806  0.107296  0.047702099999999997
 652    -0.105962  0.096198900000000004  0.072362999999999997
 653    0.0500361  0.230125  0.060735499999999998
 654    -0.079924800000000004  0.29446099999999997  0.0081090399999999997
 655    -0.077237899999999998  0.30604799999999999  0.0112514
 656    -0.094576900000000005  0.29979499999999998  0.020393100000000001
 657    0.050451299999999998  0.108242  0.082511500000000002
 658    0.067902599999999994  0.10147100000000001  0.063306299999999996
 659    0.059982199999999999  0.22137599999999999  0.061130499999999997
 660    -0.110398  0.232511  0.0753688
 661    -0.14771699999999999  0.13156399999999999  0.029883400000000001
 662    -0.068011100000000005  0.32549600000000001  -0.0065699199999999999
 663    0.030760599999999999  0.111303  0.096164799999999995
 664    0.041805200000000001  0.110554  0.092451099999999994
 665    0.062583700000000006  0.110234  0.075858099999999998
 666    0.067812499999999998  0.1065  0.066869700000000004
 667    0.074032899999999999  0.11104700000000001  0.061737
 668    -0.0016976300000000001  0.20199900000000001  0.086393200000000003
 669    0.10477599999999999  0.110956  0.055746900000000002
 670    -0.0113779  0.20057700000000001  0.085664500000000005
 671    -0.0295132  0.32106000000000001  -0.021313200000000001
 672    -0.090159600000000006  0.24531700000000001  0.049468600000000001
 673    -0.087207000000000007  0.31256699999999998  0.012918499999999999
 674    -0.025019099999999999  0.32030399999999998  -0.0243974
 675    -0.12268900000000001  0.26954699999999998  0.070680400000000004
 676    -0.11829199999999999  0.26798300000000003  0.068512600000000007
 677    -0.100367  0.25247599999999998  0.064883099999999999
 678    0.021826700000000001  0.109762  0.103073
 679    0.038099300000000003  0.109569  0.094551499999999997
 680    0.047900100000000001  0.111125  0.085964499999999999
 681    0.055870000000000003  0.11311  0.0810554
 682    0.065025799999999995  0.117899  0.077252500000000002
 683    0.073395100000000005  0.18176999999999999  0.070361699999999999
 684    -0.12224500000000001  0.23935100000000001  0.087432300000000004
 685    -0.059368200000000003  0.33100099999999999  -0.0145428
 686    -0.118936  0.27196100000000001  0.066952899999999996
 687    0.071162500000000004  0.11744  0.070260600000000006
 688    0.11564000000000001  0.11652800000000001  0.0425187
 689    -0.0690717  0.322044  -0.0052465599999999999
 690    -0.13380500000000001  0.273169  0.088969300000000001
 691    0.014788900000000001  0.12194000000000001  0.108117
 692    0.036177599999999997  0.1192  0.095681100000000005
 693    0.053567999999999998  0.118023  0.0853854
 694    -0.094298800000000002  0.236683  0.056889799999999997
 695    -0.067761199999999994  0.31210700000000002  0.0053856299999999998
 696    -0.119391  0.33005299999999999  -0.115499
 697    0.0228422  0.12017700000000001  0.10147399999999999
 698    0.0258725  0.118241  0.099211800000000003
 699    0.036109299999999997  0.124261  0.096016199999999996
 700    0.040988999999999998  0.12656600000000001  0.092804999999999999
 701    0.042613499999999999  0.11842800000000001  0.093351400000000001
 702    0.059594500000000002  0.124066  0.080865900000000004
 703    0.070447999999999997  0.127385  0.074451500000000004
 704    0.077256199999999997  0.119481  0.060596499999999998
 705    -0.119459  0.25298700000000002  0.078750200000000006
 706    0.11113000000000001  0.122686  0.050598499999999998
 707    0.019445799999999999  0.12349300000000001  0.106656
 708    0.0481643  0.120833  0.088419999999999999
 709    0.077323199999999995  0.12848300000000001  0.065365199999999998
 710    -0.125361  0.26335500000000001  0.077189499999999994
 711    0.10223500000000001  0.13059000000000001  0.0533415
 712    0.10387299999999999  0.119296  0.0570605
 713    -0.133185  0.283887  0.083449999999999996
 714    -0.13707800000000001  0.28008499999999997  0.087932300000000005
 715    -0.0285259  0.358489  -0.043449599999999998
 716    0.066883399999999996  0.12629899999999999  0.077404299999999995
 717    0.10802100000000001  0.129437  0.051348499999999998
 718    -0.049282399999999997  0.32161800000000001  -0.014438299999999999
 719    -0.080452399999999993  0.310805  0.0064625400000000001
 720    -0.11752799999999999  0.28326099999999999  0.071321499999999996
 721    0.022937300000000001  0.125995  0.103754
 722    0.079661899999999994  0.124128  0.057869200000000003
 723    -0.034526500000000002  0.31808999999999998  -0.0149289
 724    -0.17558299999999999  0.178895  0.024273599999999999
 725    -0.124513  0.28533599999999998  0.075054999999999997
 726    -0.042507400000000001  0.34984999999999999  -0.028156899999999999
 727    -0.032779999999999997  0.31560199999999999  -0.0151617
 728    -0.12900200000000001  0.23158500000000001  0.098865900000000007
 729    0.027466000000000001  0.12905900000000001  0.10344299999999999
 730    0.041677699999999998  0.13309399999999999  0.094487100000000004
 731    0.0480277  0.13392100000000001  0.087591699999999995
 732    0.054171700000000003  0.124552  0.085676100000000005
 733    0.057823399999999997  0.19670299999999999  0.078696500000000003
 734    -0.045707400000000002  0.318162  -0.011449000000000001
 735    -0.132525  0.233985  0.10248500000000001
 736    -0.034652200000000001  0.31264700000000001  -0.015044699999999999
 737    0.084522200000000006  0.13116900000000001  0.052195199999999997
 738    -0.063940999999999998  0.33035300000000001  -0.0099556499999999999
 739    -0.121474  0.24826500000000001  0.083359900000000001
 740    -0.058460999999999999  0.34620600000000001  -0.0091301500000000001
 741    -0.054964600000000002  0.35026099999999999  -0.0120585
 742    -0.094637200000000005  0.25409300000000001  0.055505100000000002
 743    0.022020100000000001  0.23632900000000001  0.069474599999999997
 744    -0.11980300000000001  0.22592799999999999  0.074415599999999998
 745    0.022551999999999999  0.137098  0.10624400000000001
 746    0.030871699999999998  0.13608400000000001  0.10226300000000001
 747    0.069971699999999998  0.13781599999999999  0.073785299999999998
 748    0.075660699999999997  0.14530999999999999  0.067556099999999994
 749    0.080035200000000001  0.13195200000000001  0.058461399999999997
 750    0.084783399999999995  0.13670399999999999  0.051495600000000002
 751    0.050796099999999997  0.200294  0.080345899999999998
 752    -0.102783  0.23908499999999999  0.070212300000000005
 753    -0.050929599999999998  0.314969  -0.0033777400000000002
 754    -0.040821799999999998  0.36106100000000002  -0.026164400000000001
 755    -0.031561699999999998  0.36238900000000002  -0.039795799999999999
 756    -0.060381299999999999  0.30947999999999998  0.0033221700000000002
 757    -0.124279  0.22413  0.078775999999999999
 758    0.0447245  0.138378  0.094275800000000007
 759    0.053647599999999997  0.137353  0.084092100000000003
 760    0.063695100000000004  0.13483899999999999  0.078975699999999996
 761    -0.0066874200000000003  0.19816  0.086140599999999998
 762    -0.029076399999999999  0.31783899999999998  -0.0194205
 763    -0.094238799999999998  0.24541399999999999  0.058668499999999998
 764    0.026914  0.14475099999999999  0.105835
 765    0.0391636  0.13645299999999999  0.097178500000000001
 766    0.051367500000000003  0.144958  0.088046299999999994
 767    0.058151300000000003  0.13894500000000001  0.081330600000000003
 768    -0.16100300000000001  0.15283099999999999  0.047722100000000003
 769    0.0248519  0.22691  0.072669200000000003
 770    0.080381499999999995  0.20565800000000001  0.010116099999999999
 771    -0.053363000000000001  0.34643099999999999  -0.0151501
 772    0.053918800000000003  0.20501900000000001  0.074841400000000002
 773    0.032949699999999998  0.142901  0.101219
 774    0.057840599999999999  0.14440800000000001  0.084674299999999994
 775    -0.098644599999999999  0.25764399999999998  0.059809099999999997
 776    -0.10066700000000001  0.22745899999999999  0.065322000000000005
 777    0.0530208  0.190438  0.0838922
 778    -0.058503100000000002  0.318019  -0.0069754400000000003
 779    -0.113125  0.25063400000000002  0.077168700000000007
 780    0.029566499999999999  0.14927199999999999  0.105433
 781    0.0361234  0.148447  0.102717
 782    0.042568300000000003  0.14582100000000001  0.097691799999999995
 783    0.049508900000000002  0.14710699999999999  0.092216999999999993
 784    0.062388199999999998  0.149366  0.083385000000000001
 785    0.064242300000000002  0.144734  0.079361000000000001
 786    0.071219900000000003  0.145622  0.074465199999999995
 787    0.085143999999999997  0.14773700000000001  0.052281000000000001
 788    -0.14275399999999999  0.34398200000000001  -0.103284
 789    -0.083627000000000007  0.30354799999999998  0.013602
 790    -0.0966915  0.29028700000000002  0.0219244
 791    -0.10908  0.27109800000000001  0.061101000000000003
 792    -0.0447339  0.30934099999999998  -0.0072717700000000003
 793    0.046466399999999998  0.15065400000000001  0.095959500000000003
 794    0.052812499999999998  0.151783  0.090264899999999995
 795    -0.024611500000000001  0.32414100000000001  -0.027109600000000001
 796    -0.070233400000000001  0.329264  -0.00049007300000000005
 797    -0.093048599999999995  0.30906299999999998  0.0171234
 798    -0.0897207  0.28713499999999997  0.0118368
 799    -0.0311583  0.20596900000000001  -0.043998599999999999
 800    0.077198500000000003  0.20735899999999999  0.043372899999999999
 801    -0.13278599999999999  0.25786900000000001  0.092282000000000003
 802    0.021504100000000002  0.14818600000000001  0.107599
 803    0.0269246  0.154145  0.106472
 804    0.040569099999999997  0.15823499999999999  0.099784600000000001
 805    0.077233700000000002  0.159277  0.067272200000000004
 806    0.080205299999999993  0.14285500000000001  0.061123299999999998
 807    -0.16527700000000001  0.215726  0.0074684399999999998
 808    -0.055516299999999998  0.312473  0.00120229
 809    0.079179700000000006  0.20826500000000001  0.020607299999999999
 810    0.071635500000000005  0.20211200000000001  0.059805799999999999
 811    -0.0835872  0.30981700000000001  0.0089240299999999995
 812    -0.12823499999999999  0.249385  0.093272499999999994
 813    -0.12524099999999999  0.23194899999999999  0.092301300000000003
 814    0.048276699999999999  0.15721299999999999  0.095628599999999994
 815    0.055192699999999997  0.154887  0.088608699999999999
 816    0.070704500000000003  0.15245300000000001  0.075022900000000003
 817    0.086695300000000003  0.15678500000000001  0.049477800000000002
 818    -0.096832799999999997  0.236564  0.063218800000000006
 819    -0.17080799999999999  0.26763199999999998  0.0077101000000000001
 820    -0.050630799999999997  0.33719500000000002  -0.021865099999999998
 821    -0.10434599999999999  0.26538899999999999  0.060237199999999998
 822    -0.110307  0.24226300000000001  0.078064999999999996
 823    0.075252600000000003  0.197682  -0.014724599999999999
 824    -0.108916  0.28210800000000003  0.060566300000000003
 825    -0.115658  0.27695700000000001  0.064991900000000005
 826    0.016992699999999999  0.15824299999999999  0.10808
 827    0.065376199999999995  0.15737200000000001  0.081507599999999999
 828    -0.057789500000000001  0.32501600000000003  -0.0135289
 829    -0.12950300000000001  0.224804  0.092541100000000001
 830    -0.124443  0.22006000000000001  0.073500399999999994
 831    -0.070435300000000006  0.31765300000000002  -0.0022967999999999999
 832    -0.105408  0.27995199999999998  0.0525155
 833    0.033862200000000002  0.15566199999999999  0.104285
 834    0.063442200000000004  0.163104  0.082563800000000007
 835    -0.078948299999999999  0.31478499999999998  0.0042579000000000002
 836    0.064886200000000005  0.19322  0.0736044
 837    -0.134133  0.227071  0.10047200000000001
 838    -0.081173800000000004  0.32127699999999998  0.0085816299999999998
 839    -0.13503299999999999  0.223167  0.097437499999999996
 840    -0.0695128  0.30694100000000002  0.00694263
 841    -0.039850400000000001  0.32234400000000002  -0.019111599999999999
 842    0.047483299999999999  0.212422  0.0754658
 843    -0.039625300000000002  0.30974800000000002  -0.013672200000000001
 844    0.010079299999999999  0.16366  0.11143400000000001
 845    0.018389200000000001  0.16506599999999999  0.108739
 846    0.0331469  0.168492  0.099292800000000001
 847    0.052283900000000001  0.16065599999999999  0.091198199999999993
 848    0.069947999999999996  0.163103  0.074970300000000004
 849    0.0805342  0.159107  0.061653800000000002
 850    0.059684599999999997  0.18410199999999999  0.082885200000000006
 851    0.054174899999999998  0.212371  0.073023099999999994
 852    -0.133296  0.21559500000000001  0.074844800000000003
 853    -0.119342  0.23918300000000001  0.082779900000000003
 854    -0.124473  0.27913199999999999  0.075049900000000003
 855    -0.035978299999999998  0.35364200000000001  -0.034815600000000002
 856    -0.058478599999999999  0.30174299999999998  -0.0077089100000000002
 857    0.0587815  0.215221  0.066719799999999996
 858    0.025034799999999999  0.162415  0.104147
 859    0.075411699999999998  0.206229  0.051894299999999997
 860    0.048262600000000003  0.16595399999999999  0.093645500000000007
 861    0.057535999999999997  0.164435  0.084990499999999997
 862    0.084522600000000003  0.16700499999999999  0.0540104
 863    -0.12206400000000001  0.23125599999999999  0.083301
 864    0.054643499999999998  0.18280399999999999  0.086807400000000007
 865    -0.097896800000000006  0.24332599999999999  0.063476400000000002
 866    -0.123153  0.274065  0.0726218
 867    -0.032410000000000001  0.34528399999999998  -0.036207700000000002
 868    -0.069615399999999994  0.30945499999999998  0.0077305999999999998
 869    0.064741499999999993  0.17309099999999999  0.083007899999999996
 870    0.0800342  0.167516  0.062536800000000003
 871    0.069178199999999995  0.19625899999999999  0.066986599999999993
 872    -0.13569000000000001  0.242754  0.103744
 873    -0.045559799999999998  0.32810400000000001  -0.021585500000000001
 874    -0.060581400000000001  0.31533899999999998  -0.0033842099999999999
 875    -0.076993900000000004  0.32245600000000002  0.0053334799999999998
 876    0.037158999999999998  0.22825500000000001  0.070380399999999996
 877    -0.143013  0.25334099999999998  0.101802
 878    -0.112054  0.26141700000000001  0.070477200000000004
 879    -0.039464699999999998  0.31256299999999998  -0.0096009400000000005
 880    -0.127528  0.219775  0.075943399999999994
 881    0.0512612  0.169269  0.092155500000000001
 882    0.069541000000000006  0.17554900000000001  0.077039099999999999
 883    0.075384499999999993  0.17313899999999999  0.068302699999999994
 884    -0.045492699999999997  0.312608  -0.0043469399999999997
 885    0.042003499999999999  0.20494899999999999  0.082938700000000004
 886    -0.13695199999999999  0.26562000000000002  0.094259599999999999
 887    -0.082648700000000005  0.29954900000000001  0.0125509
 888    -0.113678  0.29475000000000001  0.065747799999999995
 889    -0.14739099999999999  0.26048100000000002  0.101912
 890    -0.126364  0.217087  0.0733626
 891    -0.074924299999999999  0.319247  0.00025897700000000002
 892    -0.12740399999999999  0.25914199999999998  0.082903000000000004
 893    -0.119667  0.24509300000000001  0.082772399999999996
 894    0.082324300000000003  0.167264  -0.015868400000000001
 895    -0.127247  0.26946900000000001  0.080086699999999997
 896    -0.11169800000000001  0.26935700000000001  0.063665899999999997
 897    0.018696399999999998  0.175091  0.107018
 898    0.0251883  0.172402  0.105348
 899    0.0286089  0.17153099999999999  0.10201499999999999
 900    -0.110321  0.22564799999999999  0.070852799999999994
 901    0.043970000000000002  0.178562  0.094185400000000002
 902    0.056101999999999999  0.17580000000000001  0.086051600000000006
 903    -0.021176  0.32672299999999999  -0.032285099999999997
 904    -0.11670899999999999  0.29240500000000003  0.069857000000000002
 905    -0.128474  0.236509  0.099434800000000004
 906    -0.12217799999999999  0.26156200000000002  0.075463000000000002
 907    0.089295899999999997  0.18023500000000001  0.0141186
 908    -0.10255499999999999  0.24363299999999999  0.069565299999999997
 909    -0.089829099999999995  0.2903  0.014908899999999999
 910    0.0796129  0.17544199999999999  0.060452600000000002
 911    0.0685312  0.216838  0.053136099999999999
 912    -0.069076600000000002  0.30020599999999997  0.0027819199999999998
 913    -0.13026799999999999  0.27728000000000003  0.083872500000000003
 914    -0.039522099999999998  0.34049600000000002  -0.030176100000000001
 915    0.054962200000000003  0.22209999999999999  0.065187300000000004
 916    -0.182728  0.237952  0.077165800000000007
 917    -0.053078599999999997  0.308979  -0.0011586599999999999
 918    -0.075371800000000003  0.30906699999999998  0.0094584000000000005
 919    -0.11737499999999999  0.27818799999999999  0.069199999999999998
 920    -0.125088  0.24466099999999999  0.091539999999999996
 921    -0.095300300000000004  0.23267199999999999  0.0606241
 922    -0.093872399999999995  0.232764  0.058794399999999997
 923    0.024143399999999999  0.178449  0.104074
 924    -0.021425799999999998  0.33096599999999998  -0.035539399999999999
 925    0.050587600000000003  0.18513399999999999  0.089199000000000001
 926    -0.138185  0.25538699999999998  0.098618800000000006
 927    -0.10871599999999999  0.28845999999999999  0.058248599999999998
 928    -0.090138300000000005  0.23849200000000001  0.052244800000000001
 929    -0.118601  0.231987  0.079272499999999996
 930    -0.10355399999999999  0.22908700000000001  0.066540199999999994
 931    -0.12954199999999999  0.28445700000000002  0.080018800000000001
 932    0.0395801  0.19714200000000001  0.089610300000000004
 933    0.0423054  0.219446  0.072398799999999999
 934    0.076303599999999999  0.18485599999999999  0.064121300000000006
 935    -0.12051199999999999  0.31378899999999998  -0.066167100000000006
 936    0.036399000000000001  0.068709599999999996  -0.015024600000000001
 937    0.034842100000000001  0.068418400000000004  -0.026380899999999999
 938    0.042566699999999999  0.074190699999999998  0.075145699999999996
 939    0.083465899999999996  0.078226100000000007  0.014036
 940    0.074150599999999997  0.076203400000000004  0.0036633299999999998
 941    0.041973299999999998  0.072187200000000007  -0.0046226399999999999
 942    0.041589599999999997  0.072900999999999994  -0.0078108199999999996
 943    0.032776100000000002  0.069441500000000003  -0.032037299999999998
 944    0.083893599999999999  0.080449599999999996  0.0056471799999999999
 945    0.076847700000000005  0.0808334  -0.0024841400000000001
 946    0.038442200000000003  0.073254200000000005  -0.0191548
 947    0.036574799999999998  0.072835999999999998  -0.0288629
 948    0.029706799999999998  0.071591100000000005  -0.039538400000000001
 949    -0.10037  0.27360499999999999  0.00289492
 950    -0.020387599999999999  0.35208099999999998  -0.053176599999999997
 951    -0.125974  0.234573  -0.0172187
 952    -0.077022499999999994  0.18217800000000001  -0.045648099999999997
 953    0.096023300000000006  0.085436499999999999  0.0145624
 954    0.0440551  0.078512299999999993  -0.013720700000000001
 955    0.044101899999999999  0.083746600000000004  -0.0217976
 956    0.040905400000000001  0.080088800000000002  -0.028714300000000002
 957    0.034491000000000001  0.075922500000000004  -0.037659600000000001
 958    0.013161000000000001  0.23855100000000001  -0.025400699999999998
 959    0.047307799999999997  0.080181799999999998  0.075128799999999996
 960    0.048813099999999998  0.078598399999999999  0.068245799999999995
 961    -0.12182  0.31006499999999998  -0.038307899999999999
 962    -0.019417799999999999  0.35063299999999997  -0.057784299999999997
 963    0.091992199999999996  0.086412000000000003  0.00367242
 964    0.045730899999999998  0.081382099999999999  -0.0142629
 965    0.040500399999999999  0.083597199999999997  -0.038428700000000003
 966    0.038059900000000001  0.085269499999999998  -0.042888599999999999
 967    -0.178393  0.23622899999999999  0.0133705
 968    -0.018266299999999999  0.329096  -0.038720600000000001
 969    -0.158194  0.211452  -0.0067913399999999999
 970    -0.119884  0.34233799999999998  -0.119509
 971    -0.067624799999999999  0.29807600000000001  -0.00061718600000000004
 972    0.100992  0.088300400000000001  0.027090800000000002
 973    0.095282500000000006  0.090194099999999999  0.00131857
 974    0.050250499999999997  0.086373400000000003  -0.0165632
 975    0.043779899999999997  0.084562399999999996  -0.026588799999999999
 976    -0.017811500000000001  0.33088699999999999  -0.047022399999999999
 977    0.079273700000000002  0.16918  -0.022046400000000001
 978    -0.035933100000000003  0.071682899999999994  0.103225
 979    0.10832799999999999  0.096540100000000004  0.038664299999999999
 980    0.109442  0.096700999999999995  0.034177399999999997
 981    0.100824  0.088560600000000003  0.020455899999999999
 982    0.105515  0.095550499999999997  0.0083066100000000007
 983    0.096487299999999998  0.087976799999999994  0.0062942600000000003
 984    0.095337699999999997  0.095820699999999995  -0.0052721299999999999
 985    0.0535249  0.090979500000000005  -0.0241456
 986    0.044513299999999999  0.086601700000000004  -0.028784199999999999
 987    -0.12232700000000001  0.31869900000000001  -0.098023299999999994
 988    -0.176144  0.25973499999999999  0.065760700000000005
 989    -0.026561999999999999  0.317274  -0.0238085
 990    0.110161  0.096691700000000005  0.0246661
 991    0.10850600000000001  0.096713400000000005  0.0135529
 992    0.056893100000000002  0.092052899999999993  -0.015140300000000001
 993    0.043819200000000003  0.088149599999999995  -0.033316199999999997
 994    -0.12064800000000001  0.31371599999999999  -0.055697499999999997
 995    -0.017142399999999999  0.33361299999999999  -0.046060200000000003
 996    0.10963199999999999  0.101172  0.0078154999999999995
 997    -0.097774299999999995  0.28364  0.021169500000000001
 998    -0.083040600000000006  0.28925699999999999  0.0034854999999999999
 999    -0.121237  0.30321500000000001  -0.059174600000000001
1000    0.113428  0.10301299999999999  0.0357629
1001    0.104383  0.097961999999999994  0.0024061600000000001
1002    -0.0747694  0.066047900000000007  -0.0579818
1003    0.052780399999999998  0.092783500000000005  -0.031966799999999997
1004    0.111953  0.100928  0.0152056
1005    0.058161699999999997  0.098591399999999996  -0.027995800000000001
1006    0.052518700000000001  0.10059700000000001  -0.040302999999999999
1007    -0.0128863  0.19587299999999999  -0.047212299999999999
1008    -0.094645300000000002  0.26219599999999998  0.0085459999999999998
1009    -0.11901100000000001  0.334899  -0.119314
1010    -0.016938100000000001  0.33687600000000001  -0.052021600000000001
1011    -0.0585742  0.20730399999999999  -0.042804599999999998
1012    -0.122031  0.29172399999999998  -0.023461599999999999
1013    0.077201599999999995  0.19548199999999999  0.055208699999999999
1014    0.114505  0.103948  0.0233107
1015    0.062393400000000002  0.10141699999999999  -0.019525799999999999
1016    0.056184600000000001  0.10109799999999999  -0.035708700000000003
1017    -0.105144  0.28636  0.046890500000000002
1018    -0.12023399999999999  0.30798799999999998  -0.051475399999999998
1019    -0.122031  0.29743399999999998  -0.023709999999999998
1020    0.115593  0.114886  0.010395700000000001
1021    0.089079500000000006  0.177041  0.0080759000000000004
1022    -0.121988  0.31473800000000002  -0.046764
1023    -0.18438099999999999  0.23558899999999999  0.029707399999999998
1024    -0.12521399999999999  0.30168800000000001  -0.074449899999999999
1025    0.11497400000000001  0.110537  0.041002499999999997
1026    0.11897199999999999  0.116378  0.0215564
1027    0.10384599999999999  0.106491  -0.0043308699999999997
1028    0.061406200000000001  0.107102  -0.0279966
1029    0.055956499999999999  0.10616  -0.037158400000000001
1030    -0.036302500000000001  0.18327199999999999  -0.067277699999999996
1031    -0.12842700000000001  0.12998999999999999  0.061265800000000002
1032    0.080280299999999999  0.17926  -0.017650099999999998
1033    -0.149145  0.29328199999999999  -0.020320899999999999
1034    -0.15872600000000001  0.19078600000000001  -0.013909599999999999
1035    0.087216199999999994  0.185337  0.030425299999999999
1036    0.11805599999999999  0.115111  0.032144499999999999
1037    0.107186  0.11722299999999999  -0.0035533700000000001
1038    -0.17874399999999999  0.230299  0.054806199999999999
1039    0.070762000000000005  0.106903  -0.013540399999999999
1040    0.069153400000000004  0.112454  -0.0214542
1041    0.058571400000000003  0.11283799999999999  -0.033739100000000001
1042    -0.056941100000000001  0.069079699999999994  0.101413
1043    0.113509  0.117345  0.0049265200000000002
1044    -0.17779900000000001  0.24735699999999999  0.011705399999999999
1045    0.074248999999999996  0.111138  -0.011162999999999999
1046    -0.120513  0.33181500000000003  -0.108072
1047    -0.121571  0.30392999999999998  -0.031371400000000001
1048    -0.12245300000000001  0.31741799999999998  -0.089718900000000004
1049    0.117621  0.12142699999999999  0.012898099999999999
1050    0.077106900000000006  0.117669  -0.010421400000000001
1051    0.073873900000000006  0.119253  -0.020180699999999999
1052    0.067408499999999996  0.11393300000000001  -0.0256143
1053    0.058008200000000003  0.118952  -0.038106300000000003
1054    0.0489881  0.113939  -0.047045700000000003
1055    -0.12058199999999999  0.30935699999999999  -0.044999699999999997
1056    -0.126529  0.12278799999999999  0.048596800000000002
1057    -0.102605  0.29077199999999997  0.038840800000000002
1058    0.11471000000000001  0.12720100000000001  0.044568299999999998
1059    0.119493  0.12579799999999999  0.022557500000000001
1060    -0.16903199999999999  0.21076300000000001  0.0213958
1061    0.080463300000000001  0.124497  -0.0079901699999999996
1062    0.069062499999999999  0.12392599999999999  -0.026825700000000001
1063    0.063523800000000005  0.11897199999999999  -0.033767900000000003
1064    0.0523577  0.119453  -0.044493499999999998
1065    -0.094566800000000006  0.26752900000000002  0.019260300000000001
1066    -0.10226300000000001  0.28336800000000001  0.034158800000000003
1067    0.11749800000000001  0.12920200000000001  0.038198900000000001
1068    0.119103  0.12720300000000001  0.031435299999999999
1069    0.058108600000000003  0.12216  -0.038552500000000003
1070    -0.182555  0.24957299999999999  0.025308500000000001
1071    -0.15937999999999999  0.28629900000000003  -0.00033351499999999999
1072    -0.12213599999999999  0.32740999999999998  -0.093580300000000005
1073    0.087036699999999995  0.17763599999999999  -0.0024418299999999999
1074    -0.078765000000000002  0.29281600000000002  0.0056028199999999997
1075    0.087660799999999997  0.17089199999999999  -0.0026894800000000002
1076    0.117478  0.13438600000000001  0.020858000000000002
1077    -0.169463  0.21337300000000001  0.025068099999999999
1078    0.072437799999999997  0.12926399999999999  -0.025612900000000001
1079    0.063069600000000003  0.12748799999999999  -0.036171099999999998
1080    -0.14302300000000001  0.30267100000000002  -0.062980400000000006
1081    -0.13986699999999999  0.35380600000000001  -0.11032400000000001
1082    -0.122928  0.33394299999999999  -0.098520099999999999
1083    -0.12063500000000001  0.30304500000000001  -0.045253799999999997
1084    0.11412799999999999  0.13084799999999999  0.0081555599999999992
1085    0.077596100000000001  0.12540899999999999  -0.016174899999999999
1086    0.075945200000000004  0.134161  -0.023482699999999999
1087    0.067837599999999998  0.130691  -0.031136899999999999
1088    0.056363000000000003  0.12951599999999999  -0.039170700000000003
1089    0.051822899999999998  0.12762599999999999  -0.043497000000000001
1090    -0.18096899999999999  0.256996  0.025219999999999999
1091    -0.14091100000000001  0.288991  -0.056511400000000003
1092    -0.043905800000000002  0.23486299999999999  -0.021825500000000001
1093    -0.016881799999999999  0.34210099999999999  -0.053518999999999997
1094    -0.122779  0.321438  -0.065016400000000002
1095    0.117075  0.13666  0.028789599999999999
1096    0.113326  0.13634599999999999  0.0116279
1097    0.082298499999999997  0.13128699999999999  -0.0065525399999999999
1098    -0.086174100000000003  0.288323  0.0089284099999999995
1099    -0.120847  0.302452  -0.037266399999999998
1100    -0.103112  0.269621  0.052999600000000001
1101    -0.099024799999999996  0.26730300000000001  0.00226728
1102    -0.10407  0.28469  0.044091400000000003
1103    -0.16483999999999999  0.213451  0.048696499999999997
1104    0.081893800000000003  0.137742  -0.013224
1105    0.071897799999999998  0.13489000000000001  -0.027522600000000001
1106    0.055561699999999999  0.13703299999999999  -0.044110000000000003
1107    -0.12173200000000001  0.31946799999999997  -0.082711000000000007
1108    -0.093795600000000007  0.26652399999999998  0.027032199999999999
1109    -0.17431199999999999  0.27035300000000001  0.055590500000000001
1110    0.059753100000000003  0.13509699999999999  -0.038127599999999998
1111    -0.060903600000000002  0.24179700000000001  -0.0068927800000000003
1112    -0.17515500000000001  0.23466100000000001  0.0060836500000000003
1113    -0.059912100000000003  0.30238900000000002  -0.0029596000000000002
1114    -0.096873699999999993  0.27006599999999997  0.035087500000000001
1115    -0.018775  0.32634800000000003  -0.037784999999999999
1116    -0.150367  0.29000700000000001  -0.014591399999999999
1117    -0.149094  0.22215099999999999  -0.0102991
1118    -0.17608499999999999  0.26563900000000001  0.045288099999999998
1119    -0.170102  0.20749999999999999  0.0350204
1120    0.066622700000000007  0.13694100000000001  -0.032860100000000003
1121    0.063964099999999996  0.14021400000000001  -0.035414500000000002
1122    -0.18115500000000001  0.238228  0.056640999999999997
1123    -0.097283599999999998  0.27365200000000001  0.0103017
1124    0.085043999999999995  0.17471400000000001  -0.0083525200000000004
1125    -0.17263700000000001  0.237707  0.00051445600000000005
1126    -0.0509562  0.17560400000000001  -0.067665900000000001
1127    0.085514400000000004  0.14228399999999999  -0.0030243399999999999
1128    -0.18104300000000001  0.24129900000000001  0.016587600000000001
1129    -0.122393  0.31236000000000003  -0.079984299999999994
1130    0.088860700000000001  0.17835400000000001  0.025028499999999999
1131    -0.16339699999999999  0.21887000000000001  0.0869703
1132    -0.16994500000000001  0.22220200000000001  0.0076003700000000004
1133    -0.16945099999999999  0.19778000000000001  0.0087160199999999997
1134    -0.12138  0.32638699999999998  -0.101975
1135    -0.177812  0.27078799999999997  0.035295800000000002
1136    0.090839699999999995  0.14907000000000001  0.016063299999999999
1137    0.082829200000000006  0.14785799999999999  -0.0115555
1138    0.065878699999999998  0.14793700000000001  -0.0326802
1139    -0.178041  0.220857  0.028747200000000001
1140    -0.181339  0.24280499999999999  0.064896700000000002
1141    -0.0241151  0.31960899999999998  -0.031079499999999999
1142    -0.100548  0.29154200000000002  0.028981099999999999
1143    -0.073141800000000007  0.29455100000000001  0.00074611600000000001
1144    -0.11548700000000001  0.069766499999999995  0.089885499999999993
1145    -0.102642  0.27770499999999998  0.041356299999999999
1146    0.088760599999999995  0.147171  0.0036182900000000001
1147    0.081777699999999995  0.152285  -0.0129458
1148    0.075160000000000005  0.14927000000000001  -0.021813800000000001
1149    0.070775299999999999  0.146067  -0.02596
1150    -0.16972200000000001  0.21084700000000001  0.0283366
1151    0.085955900000000002  0.188531  0.00520361
1152    -0.10503899999999999  0.29515400000000003  0.049182900000000002
1153    0.082182400000000003  0.17680799999999999  -0.0160246
1154    -0.14435200000000001  0.28286899999999998  -0.019580899999999998
1155    -0.094704800000000006  0.28407900000000003  0.015374799999999999
1156    0.0911439  0.148835  0.025237200000000001
1157    -0.164767  0.190194  -0.0066803499999999998
1158    -0.169212  0.21285599999999999  0.0351572
1159    -0.164663  0.210871  0.048707399999999998
1160    -0.121827  0.29652400000000001  -0.031764500000000001
1161    -0.094013899999999997  0.28309000000000001  0.0106715
1162    -0.140875  0.31804900000000003  -0.082172999999999996
1163    0.090104799999999999  0.15471299999999999  0.039343200000000002
1164    0.071892600000000001  0.15112700000000001  -0.025841599999999999
1165    0.0657634  0.15554699999999999  -0.035484000000000002
1166    -0.16465399999999999  0.19645299999999999  -0.0065445900000000003
1167    -0.16539000000000001  0.20042299999999999  -0.0010961
1168    -0.175737  0.26954699999999998  0.064805699999999994
1169    -0.0188954  0.33711099999999999  -0.043626600000000001
1170    -0.15554299999999999  0.18582699999999999  -0.0197647
1171    -0.0308826  0.070846999999999993  0.10080699999999999
1172    -0.099811399999999995  0.279839  0.032532899999999997
1173    -0.14246200000000001  0.12549199999999999  0.033736500000000003
1174    -0.09672  0.27966400000000002  0.015097899999999999
1175    0.090365000000000001  0.158195  0.010249100000000001
1176    0.087618500000000002  0.15365300000000001  -0.0025339799999999999
1177    0.076414999999999997  0.15367500000000001  -0.021343999999999998
1178    -0.135327  0.27629900000000002  -0.016664200000000001
1179    0.087551000000000004  0.16731299999999999  0.046010700000000002
1180    0.090655899999999998  0.16095000000000001  0.019396199999999999
1181    0.088860700000000001  0.16032399999999999  0.0038784399999999999
1182    0.084872299999999998  0.15900600000000001  -0.00748375
1183    0.078389200000000006  0.162328  -0.023240400000000001
1184    0.074253700000000006  0.16078500000000001  -0.029267700000000001
1185    -0.17511699999999999  0.18615100000000001  0.032140799999999997
1186    -0.17158200000000001  0.24633099999999999  -0.0010812
1187    -0.16328799999999999  0.279719  0.0056703600000000002
1188    -0.096342800000000006  0.27998099999999998  0.0082039899999999995
1189    -0.097970799999999997  0.27662599999999998  0.00728569
1190    -0.124083  0.30603599999999997  -0.025196900000000001
1191    0.090323500000000001  0.15752099999999999  0.0306851
1192    0.089735599999999999  0.16819500000000001  0.0122054
1193    0.087369699999999995  0.16406599999999999  0.0021355300000000001
1194    0.080744300000000005  0.15711600000000001  -0.0152645
1195    -0.17013500000000001  0.216505  0.0170867
1196    -0.18398400000000001  0.24826300000000001  0.0329734
1197    -0.12170499999999999  0.32054300000000002  -0.076687099999999994
1198    -0.12503400000000001  0.32757900000000001  -0.074562299999999998
1199    -0.122215  0.30527900000000002  -0.069253599999999998
1200    -0.12501300000000001  0.35165999999999997  -0.115287
1201    -0.073102399999999998  0.25062400000000001  0.0107189
1202    -0.127191  0.352551  -0.117442
1203    -0.12291199999999999  0.34913699999999998  -0.115673
1204    -0.087524500000000005  0.25239  0.00410795
1205    -0.12542200000000001  0.34702499999999997  -0.107377
1206    -0.13234299999999999  0.35395700000000002  -0.107918
1207    -0.13711499999999999  0.35516700000000001  -0.110122
1208    -0.0636626  0.245199  0.038687300000000001
1209    -0.034367099999999998  0.250606  0.0353225
1210    -0.13231799999999999  0.34856300000000001  -0.10038900000000001
1211    -0.14385100000000001  0.35395300000000002  -0.105755
1212    -0.13881099999999999  0.35469499999999998  -0.10432
1213    -0.083924899999999997  0.252938  0.0155777
1214    -0.051879300000000003  0.24052999999999999  0.045611899999999997
1215    -0.133462  0.30598599999999998  0.0467225
1216    -0.088496699999999998  0.329073  0.0041375099999999996
1217    -0.072276999999999994  0.33889599999999998  -0.0016411900000000001
1218    -0.091189199999999998  0.25608399999999998  0.045260300000000003
1219    -0.168044  0.30003800000000003  0.026950399999999999
1220    -0.128916  0.30299199999999998  -0.0086091499999999994
1221    -0.095130000000000006  0.31476399999999999  0.0147624
1222    -0.13076199999999999  0.33991199999999999  -0.090050400000000003
1223    -0.053625100000000002  0.23529700000000001  0.0556001
1224    -0.13053600000000001  0.321023  -0.035963200000000001
1225    -0.144951  0.30523  0.0466156
1226    -0.092506099999999994  0.26338  0.022303199999999999
1227    -0.13824400000000001  0.305533  0.048474999999999997
1228    -0.059396999999999998  0.24554000000000001  0.033616699999999999
1229    0.097892300000000002  0.13764399999999999  0.047142400000000001
1230    -0.024136600000000001  0.35997299999999999  -0.051843599999999997
1231    -0.016698399999999999  0.19534099999999999  0.095766799999999999
1232    -0.12734300000000001  0.33970099999999998  -0.095657000000000006
1233    -0.12684400000000001  0.29923300000000003  0.067600300000000002
1234    -0.11329699999999999  0.30444700000000002  0.029466800000000001
1235    0.0258607  0.24538099999999999  0.060135599999999997
1236    -0.128052  0.30491699999999999  0.020857500000000001
1237    -0.088218400000000002  0.25695099999999998  0.0207437
1238    -0.13869600000000001  0.34767900000000002  -0.093542899999999998
1239    -0.145231  0.348078  -0.090760599999999997
1240    -0.144514  0.35243600000000003  -0.098210199999999997
1241    -0.13231200000000001  0.30343100000000001  0.00205331
1242    -0.10929  0.30016100000000001  0.053545099999999998
1243    -0.102565  0.29672199999999999  0.030080900000000001
1244    -0.113883  0.30830000000000002  0.013427
1245    0.030393799999999999  0.249667  0.048929399999999998
1246    -0.0276555  0.36263299999999998  -0.049396500000000003
1247    -0.12642800000000001  0.33272600000000002  -0.085030099999999997
1248    -0.11965000000000001  0.29965199999999997  0.065129500000000007
1249    -0.16500100000000001  0.21674599999999999  0.0524057
1250    -0.17100199999999999  0.184008  0.0105171
1251    -0.085753200000000002  0.25401800000000002  0.024372100000000001
1252    -0.13073599999999999  0.31977699999999998  -0.112901
1253    -0.076224  0.24482300000000001  -0.014477500000000001
1254    0.019205900000000001  0.254606  0.044493900000000003
1255    -0.139768  0.34376699999999999  -0.085733299999999998
1256    -0.127192  0.30301  0.0579444
1257    -0.181976  0.23206299999999999  0.067106399999999997
1258    -0.15828100000000001  0.28130100000000002  -0.00223259
1259    -0.13567799999999999  0.30199999999999999  0.061393499999999997
1260    -0.14799999999999999  0.29844799999999999  -0.026029500000000001
1261    -0.17146800000000001  0.18843599999999999  0.0065468999999999996
1262    -0.086506700000000006  0.24718799999999999  0.038832800000000001
1263    -0.029914300000000001  0.36530000000000001  -0.046847399999999997
1264    -0.16451099999999999  0.29883399999999999  0.015919099999999999
1265    -0.12808900000000001  0.332291  -0.077890699999999993
1266    -0.17824200000000001  0.22254099999999999  0.021388799999999999
1267    -0.13780899999999999  0.30521199999999998  0.0041250499999999999
1268    -0.178503  0.29072700000000001  0.028623599999999999
1269    -0.17227400000000001  0.19184799999999999  0.0102311
1270    -0.095954999999999999  0.24711  -0.0127934
1271    -0.0326631  0.36679899999999999  -0.041497199999999998
1272    -0.133491  0.33611200000000002  -0.075173100000000007
1273    -0.15176200000000001  0.342111  -0.084076100000000001
1274    -0.023892699999999999  0.19203500000000001  0.098855700000000005
1275    -0.147619  0.35084399999999999  -0.10321900000000001
1276    -0.16975799999999999  0.29976799999999998  0.037670099999999998
1277    -0.089004200000000006  0.246838  0.046021800000000002
1278    -0.0982122  0.26798100000000002  0.042824399999999999
1279    -0.047730300000000003  0.239485  0.051723400000000003
1280    0.00093731800000000003  0.242703  0.066276500000000002
1281    -0.085745799999999997  0.24929299999999999  0.036949299999999997
1282    -0.035457700000000002  0.364591  -0.034434300000000001
1283    -0.069763400000000003  0.25021500000000002  0.017758699999999999
1284    -0.14163899999999999  0.33987099999999998  -0.075305800000000006
1285    -0.166134  0.17963199999999999  -0.0079392899999999999
1286    -0.15092900000000001  0.18329100000000001  -0.0250861
1287    -0.174238  0.188499  0.0160123
1288    -0.181228  0.24765000000000001  0.057905600000000002
1289    -0.061462200000000002  0.23894399999999999  0.048952700000000002
1290    -0.17320099999999999  0.29671999999999998  0.024696699999999999
1291    -0.084932199999999999  0.243672  0.043828600000000002
1292    0.00189335  0.19326299999999999  0.099693400000000001
1293    -0.068431599999999995  0.240702  0.050817800000000003
1294    -0.106554  0.30086200000000002  0.037786
1295    -0.146535  0.34229700000000002  -0.079909499999999994
1296    0.113875  0.13961699999999999  0.0199534
1297    0.107921  0.14288500000000001  0.0191846
1298    -0.18550700000000001  0.242676  0.038222199999999998
1299    -0.086007700000000006  0.32685999999999998  0.0073550899999999999
1300    -0.0024497400000000002  0.25538100000000002  0.043193000000000002
1301    0.064208000000000001  0.22723499999999999  0.00225538
1302    -0.14357  0.28563499999999997  -0.028489299999999999
1303    -0.17576700000000001  0.192744  0.031099100000000001
1304    -0.18468499999999999  0.23838400000000001  0.047203299999999997
1305    -0.18021599999999999  0.226574  0.072453799999999999
1306    -0.17413500000000001  0.25054900000000002  0.0072509100000000002
1307    -0.083906499999999995  0.239784  0.050309600000000003
1308    -0.160133  0.29616199999999998  0.063670599999999994
1309    -0.13133600000000001  0.29390100000000002  0.074998300000000004
1310    -0.11422400000000001  0.30529000000000001  0.021211799999999999
1311    -0.10953300000000001  0.30531199999999997  0.022343700000000001
1312    -0.15071699999999999  0.217921  -0.0093117700000000005
1313    -0.056015700000000002  0.23929500000000001  0.045175300000000002
1314    -0.13348699999999999  0.30651600000000001  -0.0066431399999999996
1315    -0.042542200000000002  0.36258400000000002  -0.0354393
1316    -0.13131999999999999  0.30599500000000002  0.031529799999999997
1317    -0.13678000000000001  0.33550999999999997  -0.066355399999999995
1318    -0.127778  0.30581700000000001  0.045256400000000002
1319    -0.14075699999999999  0.31319799999999998  -0.013641800000000001
1320    -0.14404400000000001  0.30843500000000001  -0.0072378499999999997
1321    0.10803400000000001  0.14343600000000001  0.0311115
1322    0.103823  0.14288200000000001  0.0167227
1323    0.093567399999999995  0.14394000000000001  0.025251900000000001
1324    -0.058116300000000003  0.232351  0.058655400000000003
1325    -0.00824539  0.249171  0.058443599999999998
1326    -0.16849500000000001  0.18813299999999999  0.00039276799999999999
1327    -0.17317099999999999  0.18182499999999999  0.0151431
1328    -0.175201  0.18270400000000001  0.040446099999999999
1329    -0.157581  0.21818100000000001  -0.0021173199999999998
1330    -0.134044  0.29584700000000003  0.073326600000000006
1331    -0.059852700000000002  0.24664  0.0258566
1332    -0.090891799999999995  0.25952199999999997  0.038114500000000003
1333    0.0075068899999999996  0.19578899999999999  0.091471499999999997
1334    -0.146124  0.33779599999999999  -0.070607900000000001
1335    -0.064576700000000001  0.24846299999999999  0.0259496
1336    -0.097092200000000004  0.26292399999999999  0.050640200000000003
1337    -0.106796  0.30271799999999999  0.026759499999999999
1338    0.075494099999999995  0.214119  0.017499799999999999
1339    0.069424700000000006  0.22159499999999999  0.0069904900000000002
1340    0.0454204  0.242954  0.0045712900000000004
1341    0.039203599999999998  0.24623900000000001  0.0021128000000000002
1342    -0.147508  0.29087200000000002  -0.0303883
1343    -0.18126700000000001  0.23003699999999999  0.079666000000000001
1344    -0.119785  0.30532999999999999  0.031880100000000001
1345    -0.088242799999999996  0.25409900000000002  0.0393207
1346    -0.040609600000000003  0.36370200000000003  -0.028015000000000002
1347    -0.042186099999999997  0.36395499999999997  -0.029460400000000001
1348    -0.046702500000000001  0.36083599999999999  -0.028406500000000001
1349    -0.12889600000000001  0.32987100000000003  -0.063243099999999997
1350    -0.150087  0.33417599999999997  -0.066322099999999995
1351    -0.040438700000000001  0.24269099999999999  0.049293499999999997
1352    -0.14641999999999999  0.30582100000000001  0.028114400000000001
1353    0.112091  0.14122000000000001  0.031784699999999999
1354    0.0155622  0.25270100000000001  0.052131200000000003
1355    -0.075923099999999993  0.25073899999999999  0.026378499999999999
1356    -0.177454  0.26284400000000002  0.021404099999999999
1357    -0.17776  0.27260899999999999  0.040494700000000002
1358    -0.180647  0.22967499999999999  0.017716300000000001
1359    -0.14529600000000001  0.30630499999999999  -0.0024339399999999999
1360    -0.13608600000000001  0.33121400000000001  -0.052463599999999999
1361    -0.14347399999999999  0.33499699999999999  -0.060633899999999998
1362    -0.14175399999999999  0.306064  0.039187
1363    -0.00034810499999999997  0.19852800000000001  0.087310799999999994
1364    0.10259799999999999  0.14435000000000001  0.029130099999999999
1365    -0.026963899999999999  0.24318699999999999  0.060951199999999997
1366    -0.110138  0.30218899999999999  0.047311600000000002
1367    -0.164741  0.20874899999999999  0.0026474100000000002
1368    0.029455100000000001  0.23367399999999999  0.068934499999999996
1369    -0.15556900000000001  0.30273  0.018244300000000001
1370    -0.088450500000000001  0.25428499999999998  0.010677799999999999
1371    0.038954599999999999  0.23851  0.061686900000000003
1372    -0.050483199999999999  0.35813800000000001  -0.024671200000000001
1373    -0.116325  0.30268699999999998  0.0540717
1374    -0.12720500000000001  0.324133  -0.051192500000000002
1375    0.035194000000000003  0.244036  0.053901999999999999
1376    -0.13628199999999999  0.29885200000000001  0.068427799999999997
1377    0.026636799999999999  0.24845700000000001  0.055122200000000003
1378    0.11371299999999999  0.13633500000000001  0.039787200000000002
1379    0.095076900000000006  0.14385600000000001  0.027197800000000001
1380    -0.074603600000000006  0.24542800000000001  0.043891699999999999
1381    -0.149982  0.30320200000000003  0.011545100000000001
1382    -0.14122899999999999  0.30465999999999999  0.0075579499999999999
1383    -0.120786  0.30543700000000001  0.042330800000000002
1384    -0.16237799999999999  0.21901699999999999  0.0019580999999999999
1385    -0.00169875  0.25281799999999999  0.052110499999999997
1386    -0.048234800000000001  0.358626  -0.020459100000000001
1387    -0.112637  0.30405300000000002  0.0378222
1388    0.0060142900000000003  0.25559199999999999  0.045161
1389    0.10724  0.14169699999999999  0.039033699999999998
1390    0.091024499999999994  0.14704200000000001  0.031459000000000001
1391    -0.00261072  0.19572899999999999  0.095958500000000002
1392    0.026353700000000001  0.25384400000000001  0.0099535200000000004
1393    -0.16950599999999999  0.204597  0.012394499999999999
1394    -0.170761  0.21606500000000001  0.035113600000000002
1395    -0.059483300000000003  0.35111599999999998  -0.024354500000000001
1396    -0.16001299999999999  0.303284  0.0314674
1397    -0.051081500000000002  0.358097  -0.021579999999999998
1398    -0.14161699999999999  0.332426  -0.052427599999999998
1399    -0.121998  0.30429800000000001  0.050809800000000002
1400    -0.0102416  0.25575300000000001  0.037410899999999997
1401    0.092291300000000007  0.14408699999999999  0.0318074
1402    -0.0100903  0.24324699999999999  0.065875000000000003
1403    -0.111399  0.30749300000000002  0.017749000000000001
1404    -0.0818551  0.248419  0.035478500000000003
1405    0.053476299999999997  0.23885600000000001  0.0124425
1406    0.0381897  0.24854299999999999  0.011350499999999999
1407    -0.145925  0.34865299999999999  -0.10476100000000001
1408    -0.14199600000000001  0.35067799999999999  -0.10860499999999999
1409    -0.157525  0.20080500000000001  -0.0128673
1410    -0.117991  0.30510599999999999  0.0199575
1411    0.043362299999999999  0.23885000000000001  0.058155800000000001
1412    -0.058458700000000002  0.35277399999999998  -0.019380499999999998
1413    -0.14762700000000001  0.33052500000000001  -0.053861800000000001
1414    -0.106391  0.29852899999999999  0.048976400000000003
1415    0.104004  0.13941799999999999  0.044411100000000002
1416    0.092846100000000001  0.141038  0.036468899999999999
1417    0.090454000000000007  0.14465800000000001  0.036709899999999997
1418    -0.15418299999999999  0.29944900000000002  0.0043487600000000001
1419    -0.104356  0.30597800000000003  0.021392100000000001
1420    -0.019813799999999999  0.25041999999999998  0.051315800000000002
1421    -0.148864  0.30283399999999999  0.00019456899999999999
1422    -0.084997600000000006  0.251413  0.030916699999999998
1423    0.071817400000000003  0.218727  0.033914899999999998
1424    0.064883099999999999  0.22858800000000001  0.018545599999999999
1425    0.060692599999999999  0.23294000000000001  0.014782200000000001
1426    0.046187699999999998  0.24498200000000001  0.020397999999999999
1427    -0.147033  0.29365599999999997  -0.049047100000000003
1428    -0.11744499999999999  0.305784  0.010367400000000001
1429    -0.016660899999999999  0.25348799999999999  0.045522
1430    -0.053573799999999998  0.246258  0.023387000000000002
1431    -0.099873699999999996  0.29688199999999998  0.0243114
1432    -0.131804  0.325515  -0.044892399999999999
1433    0.10745399999999999  0.134741  0.048466599999999999
1434    0.10026500000000001  0.14265  0.038552700000000002
1435    -0.047186499999999999  0.245503  0.036254300000000003
1436    0.033081100000000002  0.25191000000000002  0.0227797
1437    0.0021157400000000001  0.25681999999999999  0.0091150999999999992
1438    -0.17314599999999999  0.19913900000000001  0.038913499999999997
1439    -0.173453  0.19955700000000001  0.019286000000000001
1440    -0.070804699999999998  0.34513899999999997  -0.016222899999999998
1441    -0.056567300000000001  0.35326800000000003  -0.014874800000000001
1442    -0.063339000000000006  0.34938200000000003  -0.0150487
1443    0.091083600000000001  0.137682  0.043530899999999997
1444    0.088938400000000001  0.143066  0.041477300000000002
1445    -0.144565  0.291379  0.078938700000000001
1446    0.0034384099999999998  0.246526  0.062101200000000002
1447    0.066773399999999997  0.22551499999999999  0.036101000000000001
1448    0.054845400000000002  0.23840800000000001  0.027870099999999998
1449    0.038321099999999997  0.24932199999999999  0.030449400000000001
1450    0.026828600000000001  0.25457299999999999  0.0196122
1451    0.019410199999999999  0.25564900000000002  0.0084633199999999999
1452    -0.13989599999999999  0.21241599999999999  -0.021111600000000001
1453    -0.13999300000000001  0.068355799999999994  0.017468600000000001
1454    -0.13087299999999999  0.069827799999999995  0.0289974
1455    -0.12842400000000001  0.071912900000000002  0.052467
1456    -0.13001099999999999  0.071345400000000003  0.056929100000000003
1457    -0.13059299999999999  0.074473200000000003  0.067704700000000007
1458    -0.12478400000000001  0.074508000000000005  0.082392300000000002
1459    -0.075924199999999997  0.072418399999999994  0.084489499999999995
1460    -0.141406  0.072744699999999995  0.016335599999999999
1461    -0.13264000000000001  0.073563299999999998  0.026888499999999999
1462    -0.12662100000000001  0.074079900000000004  0.048438799999999997
1463    -0.129027  0.075118099999999993  0.055651199999999998
1464    -0.13063900000000001  0.073924299999999998  0.0607153
1465    -0.13003300000000001  0.072003200000000003  0.073945399999999994
1466    -0.118058  0.073230299999999998  0.0893066
1467    -0.112996  0.076160099999999994  0.0917375
1468    -0.16603599999999999  0.15253900000000001  0.032577799999999997
1469    -0.076858300000000004  0.076882000000000006  0.082569600000000007
1470    -0.070946400000000007  0.0757911  0.090381199999999995
1471    -0.065135999999999999  0.076508599999999996  0.098769899999999994
1472    -0.059853700000000003  0.078666600000000003  0.101627
1473    -0.056506899999999999  0.075899800000000003  0.10516200000000001
1474    -0.0483699  0.071354399999999998  0.106062
1475    -0.114297  0.18863099999999999  -0.040447900000000002
1476    -0.14156199999999999  0.072456199999999998  0.0076016399999999998
1477    -0.12474200000000001  0.070260400000000001  0.035389200000000003
1478    -0.120322  0.0728573  0.0394937
1479    -0.11665300000000001  0.075243000000000004  0.040114700000000003
1480    -0.12561  0.076557200000000006  0.0519161
1481    -0.12822600000000001  0.078065200000000001  0.057892699999999998
1482    -0.12772  0.078854900000000006  0.063258400000000006
1483    -0.12598500000000001  0.083087599999999998  0.073712399999999997
1484    -0.12162199999999999  0.0812726  0.083817500000000003
1485    -0.071938799999999997  0.081466899999999995  0.088147900000000001
1486    -0.058776200000000001  0.18498899999999999  -0.047506199999999998
1487    -0.099759299999999995  0.188946  -0.043646999999999998
1488    0.099313799999999994  0.138511  0.00778416
1489    -0.138152  0.079166200000000006  0.0084244799999999998
1490    -0.142012  0.074550099999999994  0.011823800000000001
1491    -0.13994500000000001  0.077327300000000002  0.0154635
1492    -0.116607  0.077768400000000001  0.038024700000000002
1493    -0.081813200000000003  0.33724199999999999  -0.0058532499999999999
1494    -0.069467600000000004  0.080472399999999999  0.090977000000000002
1495    -0.065425499999999998  0.0802012  0.098230999999999999
1496    -0.048047100000000002  0.082632700000000003  0.105834
1497    -0.15787300000000001  0.18922600000000001  0.066469399999999998
1498    -0.166741  0.25841500000000001  0.095714599999999997
1499    -0.139654  0.076623700000000003  0.0060151500000000004
1500    -0.12839500000000001  0.080525799999999995  0.025804400000000002
1501    -0.120697  0.0771231  0.0346758
1502    -0.14993100000000001  0.19092700000000001  0.072599700000000003
1503    -0.10884199999999999  0.094460500000000003  0.076098899999999997
1504    -0.064906699999999998  0.085546300000000006  0.094593399999999994
1505    -0.054601400000000001  0.081413600000000003  0.104451
1506    -0.14672199999999999  0.18915499999999999  0.076526200000000003
1507    -0.136708  0.083218799999999996  0.0135397
1508    -0.118479  0.087026500000000007  0.083488199999999999
1509    -0.14307900000000001  0.29073500000000002  -0.059553799999999997
1510    -0.074685600000000005  0.083727999999999997  0.082331399999999999
1511    -0.080671499999999993  0.170379  -0.042032100000000003
1512    -0.131963  0.087422  0.010276499999999999
1513    -0.13204199999999999  0.086860900000000005  0.0143771
1514    -0.128856  0.084546899999999994  0.0209184
1515    -0.123833  0.081877599999999995  0.028049999999999999
1516    -0.036588700000000002  0.14948500000000001  0.108373
1517    -0.118045  0.089992199999999994  0.079902500000000001
1518    -0.155168  0.16756499999999999  0.070134000000000002
1519    -0.066597000000000003  0.0864457  0.090172699999999995
1520    -0.055031499999999997  0.091278200000000004  0.097559499999999993
1521    -0.037916400000000003  0.19303300000000001  0.087282799999999994
1522    -0.0280434  0.19558700000000001  0.087383600000000006
1523    -0.17224200000000001  0.27051999999999998  0.080197900000000003
1524    -0.14777799999999999  0.321044  -0.034652299999999997
1525    -0.115832  0.085608799999999999  0.0286796
1526    -0.114227  0.092484800000000006  0.078114500000000003
1527    -0.16055900000000001  0.25646999999999998  0.10144
1528    -0.070435300000000006  0.092470499999999997  0.078067300000000006
1529    -0.061235100000000001  0.092022400000000004  0.088589699999999993
1530    -0.054937  0.0941216  0.094200099999999995
1531    -0.16528499999999999  0.18559300000000001  0.058471000000000002
1532    -0.12507799999999999  0.089513999999999996  0.016510500000000001
1533    -0.114969  0.092172699999999996  0.017706199999999998
1534    -0.109927  0.091982999999999995  0.023261500000000001
1535    -0.032398299999999998  0.19275600000000001  0.090113399999999996
1536    -0.068093100000000004  0.089164300000000002  0.087192099999999995
1537    -0.14890300000000001  0.31457800000000002  -0.024687299999999999
1538    -0.097087900000000005  0.32307799999999998  0.0059054399999999996
1539    -0.144177  0.144035  0.066399700000000006
1540    -0.16603200000000001  0.28077400000000002  0.079141100000000006
1541    -0.13872699999999999  0.19722200000000001  0.077890000000000001
1542    -0.152921  0.32733800000000002  -0.058745699999999998
1543    -0.101662  0.090938400000000003  0.032014000000000001
1544    -0.18076500000000001  0.24715699999999999  0.076756599999999994
1545    -0.17156099999999999  0.279725  0.072952900000000001
1546    -0.14959600000000001  0.31002000000000002  -0.019885099999999999
1547    -0.17794599999999999  0.28992800000000002  0.047624800000000002
1548    -0.15993599999999999  0.155249  0.057745299999999999
1549    -0.17066700000000001  0.17806900000000001  0.050387500000000002
1550    -0.043896200000000003  0.18099299999999999  0.100866
1551    -0.11422  0.094552899999999995  0.013274299999999999
1552    -0.10048799999999999  0.097517199999999998  0.0275099
1553    -0.037465199999999997  0.161775  0.112621
1554    -0.101938  0.099413799999999997  0.061902899999999997
1555    -0.097093399999999996  0.099936300000000006  0.070464200000000005
1556    -0.173178  0.176509  0.044788300000000003
1557    -0.062926099999999999  0.10112599999999999  0.073441300000000001
1558    -0.0651254  0.096560699999999999  0.078973199999999993
1559    -0.059376400000000003  0.097995100000000002  0.083229999999999998
1560    -0.051934500000000001  0.097735900000000001  0.090061699999999995
1561    -0.11267099999999999  0.11526  0.041788499999999999
1562    -0.052312299999999999  0.173873  0.095073000000000005
1563    -0.044690199999999999  0.186697  0.090754600000000005
1564    -0.161907  0.23963000000000001  0.096656800000000001
1565    -0.15020700000000001  0.31582900000000003  -0.0302346
1566    -0.109893  0.096515400000000001  0.0189864
1567    -0.17207500000000001  0.25164199999999998  0.090112600000000001
1568    -0.060588299999999998  0.100483  0.076172299999999998
1569    -0.056055599999999997  0.100037  0.081244700000000003
1570    -0.0979632  0.318575  0.011097299999999999
1571    -0.057670699999999998  0.16740099999999999  0.087133000000000002
1572    -0.153165  0.16123899999999999  0.069697200000000001
1573    -0.106604  0.101898  0.020284400000000001
1574    -0.080310099999999995  0.32883600000000002  -0.0213905
1575    -0.099627999999999994  0.102141  0.064154000000000003
1576    -0.055896700000000001  0.10251399999999999  0.073339299999999996
1577    -0.050969500000000001  0.102365  0.077610600000000002
1578    -0.164687  0.20743900000000001  0.050716999999999998
1579    -0.053979699999999999  0.162886  0.095745700000000003
1580    -0.092009599999999997  0.32916499999999999  0.00054299000000000003
1581    -0.0975554  0.104867  0.030790000000000001
1582    -0.148923  0.30463099999999999  -0.0090131599999999992
1583    -0.093141000000000002  0.104958  0.072245699999999996
1584    -0.176283  0.23286000000000001  0.089143200000000006
1585    -0.053441299999999997  0.106284  0.072619100000000006
1586    -0.051709100000000001  0.181843  0.088965199999999994
1587    -0.084894999999999998  0.178508  -0.044332799999999999
1588    -0.099505300000000005  0.106576  0.036803799999999998
1589    -0.096341599999999999  0.109329  0.067695699999999998
1590    -0.047100000000000003  0.102496  0.081441799999999995
1591    -0.042942800000000003  0.10700999999999999  0.087917499999999996
1592    -0.037308500000000001  0.103968  0.093515100000000004
1593    -0.103894  0.10763  0.0233633
1594    -0.10011  0.10891000000000001  0.030734999999999998
1595    -0.101926  0.10993799999999999  0.0366948
1596    -0.102037  0.11079899999999999  0.041235300000000003
1597    -0.18091299999999999  0.235372  0.083484299999999997
1598    -0.17747099999999999  0.28463100000000002  0.052838700000000002
1599    -0.026743800000000002  0.112318  0.10097100000000001
1600    -0.14196500000000001  0.15763099999999999  0.076464199999999996
1601    -0.107168  0.11291  0.039342000000000002
1602    -0.104491  0.11255999999999999  0.041154400000000001
1603    -0.103246  0.113412  0.044565300000000002
1604    -0.103758  0.116518  0.0508411
1605    -0.097668900000000003  0.11988  0.066552399999999998
1606    -0.037753500000000002  0.11336400000000001  0.095761600000000002
1607    -0.16018499999999999  0.21341199999999999  0.0555632
1608    -0.168824  0.25396600000000003  0.095331100000000002
1609    -0.14590400000000001  0.292624  -0.057192300000000001
1610    -0.164187  0.17467299999999999  0.0580875
1611    -0.152255  0.33903499999999998  -0.079427300000000006
1612    -0.16986299999999999  0.19930700000000001  0.047524200000000003
1613    -0.162102  0.16292899999999999  0.059634300000000001
1614    -0.109815  0.11687699999999999  0.045444699999999998
1615    -0.105757  0.116295  0.047146500000000001
1616    -0.10290100000000001  0.11928  0.056941699999999998
1617    -0.099691600000000005  0.114828  0.0621916
1618    -0.088895299999999997  0.118932  0.076141100000000003
1619    -0.13736200000000001  0.18710499999999999  0.082482299999999995
1620    -0.0470391  0.11419600000000001  0.082006599999999999
1621    -0.043979200000000003  0.123111  0.087366399999999997
1622    -0.033618700000000001  0.11795  0.10119300000000001
1623    -0.161248  0.250861  0.10195799999999999
1624    -0.112278  0.120639  0.051822699999999999
1625    -0.10591200000000001  0.11902  0.052614000000000001
1626    -0.14959700000000001  0.35050700000000001  -0.098899899999999999
1627    -0.174621  0.225963  0.087203500000000003
1628    -0.16647700000000001  0.29014000000000001  0.067292199999999996
1629    -0.025119699999999998  0.19783700000000001  0.085832099999999995
1630    -0.152921  0.33411600000000002  -0.071417400000000006
1631    -0.158355  0.206709  0.059325700000000002
1632    -0.101645  0.096532699999999999  0.069283899999999995
1633    -0.17630999999999999  0.23969399999999999  0.089625399999999994
1634    -0.15174499999999999  0.172178  0.074401300000000004
1635    -0.094696799999999998  0.12510399999999999  0.071270200000000006
1636    -0.15379100000000001  0.22664999999999999  -0.0095242999999999994
1637    -0.16825799999999999  0.243754  0.095167000000000002
1638    -0.037007199999999997  0.18465799999999999  0.10274800000000001
1639    -0.167519  0.19259000000000001  0.054548600000000003
1640    -0.058363699999999998  0.154836  0.0834226
1641    -0.148645  0.22490399999999999  -0.010715499999999999
1642    0.0090223600000000001  0.21398400000000001  -0.039673600000000003
1643    -0.0444436  0.18898499999999999  0.088241899999999998
1644    -0.038259399999999999  0.191187  0.088631000000000001
1645    -0.16034799999999999  0.228044  -0.00553499
1646    -0.033520000000000001  0.18886900000000001  0.099624099999999993
1647    -0.034885300000000001  0.19398399999999999  0.086450899999999997
1648    -0.15359700000000001  0.230661  0.099641499999999994
1649    -0.15010100000000001  0.20516400000000001  0.068218399999999998
1650    -0.049251299999999998  0.171794  0.101312
1651    -0.050515299999999999  0.142871  0.088154899999999994
1652    -0.105907  0.31435099999999999  0.0120117
1653    -0.086399699999999996  0.29764600000000002  -0.012454399999999999
1654    -0.13141900000000001  0.20077700000000001  -0.030638700000000001
1655    -0.106139  0.17583799999999999  -0.043833499999999997
1656    -0.144952  0.29389500000000002  -0.066807099999999994
1657    -0.16708500000000001  0.27217599999999997  0.0861315
1658    -0.041736799999999998  0.18525700000000001  0.097695400000000002
1659    -0.051278600000000001  0.12717600000000001  0.078167
1660    -0.037477700000000003  0.12388299999999999  0.098322800000000002
1661    -0.160021  0.27073700000000001  0.093447199999999994
1662    -0.15193400000000001  0.34622999999999998  -0.091126899999999997
1663    -0.048074100000000002  0.16134999999999999  0.106507
1664    -0.15348700000000001  0.28560000000000002  0.083884799999999995
1665    -0.097228099999999998  0.17691899999999999  -0.042517800000000001
1666    -0.088653399999999993  0.130215  0.077880199999999997
1667    -0.162883  0.229794  0.095970200000000006
1668    -0.075211100000000003  0.31496299999999999  -0.0248104
1669    -0.169765  0.26321  0.089042200000000002
1670    -0.045108000000000002  0.131769  0.091477900000000001
1671    -0.14552399999999999  0.31190000000000001  -0.0156224
1672    -0.055828299999999997  0.071787799999999999  0.104824
1673    -0.15736800000000001  0.22725899999999999  0.094433400000000001
1674    -0.16858200000000001  0.23535200000000001  0.095561499999999994
1675    -0.046457199999999997  0.14308299999999999  0.096084799999999998
1676    -0.12687499999999999  0.26324500000000001  -0.015792899999999999
1677    -0.039393499999999998  0.17661199999999999  0.107083
1678    -0.17194200000000001  0.28780600000000001  0.061056899999999997
1679    -0.11409999999999999  0.172627  -0.041304599999999997
1680    -0.044773599999999997  0.146841  0.102173
1681    -0.140735  0.22631299999999999  -0.0150367
1682    -0.13289899999999999  0.18065200000000001  -0.032625500000000002
1683    -0.158196  0.23213300000000001  0.095699900000000004
1684    -0.044426100000000003  0.167846  0.108276
1685    -0.15891  0.17924000000000001  0.065276899999999999
1686    -0.173237  0.189828  0.044994199999999998
1687    -0.14238400000000001  0.18001  0.081082399999999999
1688    -0.078031900000000001  0.203624  -0.0400072
1689    -0.077796199999999996  0.21199699999999999  -0.038580299999999998
1690    -0.17633399999999999  0.25370500000000001  0.081971600000000006
1691    -0.048415699999999999  0.154339  0.10376299999999999
1692    -0.16794100000000001  0.29267900000000002  0.061714900000000003
1693    -0.15019099999999999  0.32008700000000001  -0.038064800000000003
1694    -0.038851400000000001  0.133992  0.102744
1695    -0.041069099999999997  0.14089399999999999  0.102744
1696    -0.053288200000000001  0.15215200000000001  0.091203999999999993
1697    -0.138486  0.168401  0.081615099999999996
1698    -0.179508  0.24320800000000001  0.0845027
1699    -0.056741600000000003  0.15997  0.088870299999999999
1700    -0.046134599999999998  0.18229899999999999  0.096234700000000006
1701    -0.087388099999999996  0.0701624  -0.045692799999999999
1702    -0.088809600000000002  0.067361099999999993  -0.044011099999999997
1703    -0.18099199999999999  0.256158  0.049941300000000001
1704    -0.12091399999999999  0.075793799999999995  0.046431199999999999
1705    -0.139714  0.33098499999999997  -0.095733399999999996
1706    -0.0793402  0.33972599999999997  -0.0130857
1707    -0.152561  0.34728900000000001  -0.097897600000000001
1708    -0.087920600000000002  0.075206200000000001  -0.043648899999999997
1709    -0.089353199999999994  0.075026599999999999  -0.040426400000000001
1710    -0.092835600000000004  0.073842000000000005  -0.028156299999999999
1711    -0.16958200000000001  0.249866  -0.00299308
1712    -0.115899  0.079838999999999993  0.0414898
1713    -0.120237  0.079095499999999999  0.045380499999999997
1714    -0.12520500000000001  0.079123499999999999  0.051313699999999997
1715    -0.12770699999999999  0.079913600000000001  0.057452999999999997
1716    -0.152782  0.32568000000000003  -0.072295100000000001
1717    -0.13226599999999999  0.32888899999999999  -0.10932799999999999
1718    -0.15193100000000001  0.34410600000000002  -0.097589200000000001
1719    -0.150034  0.346862  -0.10126599999999999
1720    -0.082625000000000004  0.074400400000000005  -0.052380599999999999
1721    -0.090553700000000001  0.0744591  -0.034867700000000001
1722    -0.137237  0.080016400000000001  0.00088198200000000001
1723    -0.12425600000000001  0.082265400000000002  0.052579899999999999
1724    -0.15353  0.31756499999999999  -0.049330499999999999
1725    -0.17197399999999999  0.25440600000000002  0.0035681900000000002
1726    -0.181368  0.22542999999999999  0.028654900000000001
1727    -0.0841137  0.075763899999999995  -0.049468900000000003
1728    -0.0847609  0.084133200000000005  -0.039040499999999999
1729    -0.085972699999999999  0.082971500000000004  -0.034287400000000003
1730    -0.091481400000000004  0.080490000000000006  -0.023979799999999999
1731    -0.12759799999999999  0.086077799999999996  -0.0024151899999999998
1732    -0.13525999999999999  0.084403000000000006  0.0043054199999999999
1733    -0.14595  0.30097200000000002  -0.039610600000000003
1734    -0.11269999999999999  0.080764000000000002  0.0379035
1735    -0.12700400000000001  0.084286299999999995  0.066387699999999994
1736    -0.094199900000000003  0.328295  -0.0039687699999999999
1737    -0.13201099999999999  0.087057200000000001  0.0048295899999999999
1738    -0.18215200000000001  0.25718200000000002  0.0380507
1739    -0.148481  0.29475600000000002  -0.015957300000000001
1740    -0.105835  0.085478799999999994  0.035902900000000001
1741    -0.119117  0.087891800000000006  0.055209500000000002
1742    -0.18060899999999999  0.25911400000000001  0.034137300000000002
1743    -0.14610600000000001  0.32207999999999998  -0.073543499999999998
1744    -0.081400700000000006  0.080907400000000004  -0.045988599999999998
1745    -0.12662000000000001  0.184696  -0.036227500000000003
1746    -0.106892  0.085206400000000002  0.040214
1747    -0.105805  0.091456800000000005  0.047606599999999999
1748    -0.118274  0.085043400000000005  0.050247699999999999
1749    -0.123557  0.088243199999999994  0.063220200000000004
1750    -0.122363  0.088833300000000004  0.073460499999999998
1751    -0.15492700000000001  0.32627899999999999  -0.069601099999999999
1752    -0.15190200000000001  0.31033899999999998  -0.0441456
1753    -0.17561199999999999  0.22437499999999999  0.0119335
1754    -0.074589699999999995  0.089362399999999995  -0.045484999999999998
1755    -0.081208500000000003  0.0862869  -0.043565699999999999
1756    -0.085659299999999994  0.087282200000000004  -0.027769499999999999
1757    -0.11079  0.092523099999999997  -0.0080529299999999998
1758    -0.11629100000000001  0.089741199999999993  -0.0060138199999999996
1759    -0.11973499999999999  0.092143900000000001  0.0038649399999999999
1760    -0.12773300000000001  0.090048600000000006  0.0099514600000000005
1761    -0.119536  0.092553099999999999  0.0119852
1762    -0.100953  0.089971099999999998  0.035500200000000003
1763    -0.111833  0.092990400000000001  0.059191199999999999
1764    -0.113427  0.093638600000000002  0.064516199999999996
1765    -0.118147  0.092248300000000005  0.071422299999999994
1766    -0.103002  0.31940200000000002  -0.0015691100000000001
1767    -0.080671699999999999  0.090664900000000007  -0.032355599999999998
1768    -0.079257400000000006  0.19156699999999999  -0.042898100000000002
1769    0.033817199999999999  0.221217  -0.030719699999999999
1770    -0.113041  0.094070699999999993  -0.00234271
1771    -0.115093  0.094396400000000005  0.0057032899999999997
1772    -0.14993699999999999  0.30392999999999998  -0.013222599999999999
1773    -0.098273899999999997  0.094766600000000006  0.033729500000000003
1774    -0.098828100000000002  0.095066600000000001  0.036979999999999999
1775    -0.102729  0.089325799999999997  0.040337499999999998
1776    -0.107777  0.093353000000000005  0.054746900000000001
1777    -0.108374  0.095664600000000002  0.071076
1778    -0.144256  0.33941300000000002  -0.097125900000000001
1779    -0.078172800000000001  0.089952299999999999  -0.041321999999999998
1780    -0.14107600000000001  0.29338599999999998  -0.079288300000000006
1781    -0.18030399999999999  0.22380900000000001  0.037152699999999997
1782    -0.179095  0.28562300000000002  0.034613400000000002
1783    -0.104516  0.093651200000000004  0.049267900000000003
1784    -0.105152  0.096121200000000004  0.057038199999999997
1785    -0.105209  0.096101000000000006  0.064719399999999996
1786    -0.103519  0.096090999999999996  0.067858000000000002
1787    -0.143486  0.31967400000000001  -0.075557799999999994
1788    -0.0607339  0.0943074  -0.046444699999999998
1789    -0.067432000000000006  0.094497499999999998  -0.037524500000000002
1790    -0.11208  0.098520099999999999  -0.00027235600000000002
1791    -0.112206  0.102654  0.0050789399999999997
1792    -0.10188800000000001  0.098441399999999998  0.045307699999999999
1793    -0.102673  0.099934800000000004  0.0526598
1794    -0.15643599999999999  0.27527299999999999  -0.0074380599999999998
1795    -0.099102300000000004  0.32334000000000002  -0.00085612299999999998
1796    -0.15457199999999999  0.32294099999999998  -0.060500400000000003
1797    -0.16139200000000001  0.212423  -0.00034628700000000003
1798    -0.050605200000000003  0.23697299999999999  -0.016771600000000001
1799    -0.0597694  0.096835000000000004  -0.040421100000000001
1800    -0.062711000000000003  0.097285200000000002  -0.036472200000000003
1801    -0.060887400000000001  0.098322999999999994  -0.033262600000000003
1802    -0.066867200000000002  0.097319699999999995  -0.026652800000000001
1803    0.066898100000000002  0.21704899999999999  -0.0096038600000000005
1804    -0.108252  0.097703200000000004  -0.0080747800000000002
1805    -0.14268600000000001  0.27921400000000002  -0.016326
1806    -0.15997400000000001  0.26953100000000002  -0.0033969899999999999
1807    -0.062406799999999998  0.212981  -0.0368314
1808    -0.051917199999999997  0.096699099999999996  -0.050298599999999999
1809    -0.0560294  0.097255099999999997  -0.045452600000000003
1810    -0.058121399999999997  0.099319900000000003  -0.039256199999999998
1811    -0.142344  0.29614800000000002  -0.078542299999999995
1812    -0.10151200000000001  0.10796600000000001  0.055686199999999998
1813    -0.059151099999999998  0.10295600000000001  -0.034200500000000002
1814    -0.061726499999999997  0.100581  -0.0258292
1815    -0.111294  0.109754  0.0096252899999999999
1816    -0.109415  0.104888  0.0151418
1817    -0.100509  0.10562199999999999  0.041986700000000002
1818    -0.102129  0.109557  0.050061500000000002
1819    -0.14164399999999999  0.30535099999999998  -0.069161
1820    -0.15237800000000001  0.34038200000000002  -0.092969099999999999
1821    -0.133932  0.34799200000000002  -0.114576
1822    -0.058146400000000001  0.105782  -0.041383700000000002
1823    -0.10698299999999999  0.108464  -0.0097061300000000003
1824    -0.111452  0.10867  0.0011101500000000001
1825    -0.10956399999999999  0.110223  0.016747700000000001
1826    -0.105226  0.109706  0.022749200000000001
1827    -0.179925  0.25568099999999999  0.019180699999999998
1828    -0.050140400000000002  0.10646799999999999  -0.054369399999999998
1829    -0.054233200000000002  0.103354  -0.048267699999999997
1830    -0.060261299999999997  0.109067  -0.030680200000000001
1831    -0.112516  0.113487  0.0033164900000000001
1832    -0.115785  0.114736  0.011731800000000001
1833    -0.11107499999999999  0.11254  0.019637999999999999
1834    -0.17387  0.26910499999999998  0.021541500000000002
1835    -0.15420400000000001  0.33044499999999999  -0.078524399999999994
1836    -0.145622  0.29333100000000001  -0.061020699999999997
1837    -0.040224700000000002  0.35303699999999999  -0.043999499999999997
1838    -0.062416300000000001  0.11185  -0.025406700000000001
1839    -0.111044  0.119293  -0.0073146699999999997
1840    -0.112043  0.11711199999999999  -0.0035826600000000001
1841    -0.17693800000000001  0.26538099999999998  0.029071900000000001
1842    -0.15539500000000001  0.32957999999999998  -0.0743452
1843    -0.179398  0.25298300000000001  0.062315099999999998
1844    -0.140428  0.29862300000000003  -0.086574100000000001
1845    -0.15367700000000001  0.33799400000000002  -0.089275499999999994
1846    -0.0897921  0.32643899999999998  -0.013792499999999999
1847    -0.046283999999999999  0.35384500000000002  -0.037733200000000001
1848    -0.052686200000000002  0.111857  -0.053700499999999998
1849    -0.056550700000000002  0.113117  -0.0450406
1850    -0.0605949  0.11404599999999999  -0.034852000000000001
1851    -0.17378299999999999  0.26794200000000001  0.051819400000000002
1852    0.0128559  0.20541300000000001  -0.0413923
1853    -0.14497099999999999  0.33430500000000002  -0.0905609
1854    -0.154256  0.33972599999999997  -0.0855823
1855    -0.15460099999999999  0.33854600000000001  -0.087195300000000003
1856    -0.047079599999999999  0.35824400000000001  -0.033262399999999998
1857    -0.049198400000000003  0.110086  -0.057155600000000001
1858    -0.062838000000000005  0.117309  -0.0292708
1859    -0.076715000000000005  0.069694699999999998  -0.057377499999999998
1860    -0.0080673800000000007  0.21859200000000001  -0.040566499999999998
1861    -0.12815599999999999  0.12186900000000001  -0.0036001399999999999
1862    -0.083763599999999994  0.18734600000000001  -0.043971000000000003
1863    -0.117816  0.183111  -0.0376564
1864    -0.111511  0.184336  -0.042190600000000002
1865    -0.17639099999999999  0.27360299999999999  0.028639700000000001
1866    -0.12345399999999999  0.32594000000000001  -0.118745
1867    -0.15174499999999999  0.30859300000000001  -0.0275561
1868    -0.086740300000000006  0.33429199999999998  -0.0088998700000000007
1869    -0.0368017  0.32793499999999998  -0.0381868
1870    -0.13355400000000001  0.31117899999999998  -0.107404
1871    -0.050926800000000001  0.118048  -0.060074200000000001
1872    -0.058018  0.12305099999999999  -0.047294200000000002
1873    -0.065008899999999994  0.119326  -0.028570000000000002
1874    -0.138181  0.177955  -0.031985
1875    -0.079082  0.33620800000000001  -0.0188399
1876    -0.085541800000000001  0.33418399999999998  -0.012718399999999999
1877    -0.176402  0.25982699999999997  0.073273099999999994
1878    -0.053339499999999998  0.239256  -0.0129713
1879    -0.065071199999999996  0.12266299999999999  -0.028110300000000001
1880    -0.038745300000000003  0.0679308  -0.054074799999999999
1881    -0.134857  0.12607299999999999  -0.0028284999999999999
1882    -0.119573  0.17491100000000001  -0.037562900000000003
1883    -0.14605299999999999  0.29645199999999999  -0.058235299999999997
1884    -0.076224  0.24029700000000001  -0.020723200000000001
1885    -0.15526699999999999  0.33331699999999997  -0.080468399999999995
1886    -0.11200499999999999  0.31193300000000002  0.0065429599999999996
1887    -0.055596300000000001  0.121611  -0.055286000000000002
1888    -0.059152299999999998  0.11852799999999999  -0.041483100000000002
1889    -0.063160300000000003  0.122978  -0.034775500000000001
1890    0.066355999999999998  0.18695100000000001  -0.027188299999999999
1891    -0.139151  0.12832099999999999  0.00034593200000000002
1892    -0.14512900000000001  0.13139700000000001  0.0030056499999999999
1893    -0.070368700000000006  0.172787  -0.0473347
1894    -0.10374899999999999  0.31582700000000002  -0.0041007600000000002
1895    -0.17860100000000001  0.25275199999999998  0.074888200000000002
1896    -0.13804900000000001  0.339225  -0.10449899999999999
1897    -0.17432400000000001  0.27326299999999998  0.073303099999999996
1898    -0.16564499999999999  0.262681  -0.00094952399999999998
1899    -0.055253900000000002  0.131274  -0.059295800000000003
1900    -0.058562599999999999  0.12729599999999999  -0.054054499999999998
1901    -0.0635685  0.128021  -0.036821699999999999
1902    0.086420999999999998  0.13536799999999999  0.00154207
1903    -0.0947741  0.198686  -0.042417299999999998
1904    -0.118855  0.24012900000000001  -0.017159799999999999
1905    -0.17480499999999999  0.26035399999999997  0.0077658600000000003
1906    -0.15456  0.335617  -0.078674599999999997
1907    -0.13799500000000001  0.323409  -0.094473799999999997
1908    -0.035486700000000003  0.35705599999999998  -0.047968999999999998
1909    -0.060657900000000001  0.12925400000000001  -0.048401
1910    -0.13902100000000001  0.13545599999999999  -0.0100523
1911    -0.14200399999999999  0.13611799999999999  -0.0060316700000000003
1912    -0.147119  0.136852  -0.0012233999999999999
1913    -0.153361  0.29133799999999999  -0.0047181799999999998
1914    -0.15162700000000001  0.294155  -0.0103001
1915    -0.153283  0.33413300000000001  -0.084692199999999995
1916    -0.147013  0.33312700000000001  -0.087502200000000002
1917    -0.053512999999999998  0.35313099999999997  -0.029852099999999999
1918    -0.0894345  0.22878599999999999  -0.030411199999999999
1919    -0.049153200000000001  0.12670899999999999  -0.064357600000000001
1920    -0.0594499  0.13544400000000001  -0.055660000000000001
1921    -0.061606500000000002  0.12939500000000001  -0.042704100000000002
1922    -0.088330500000000006  0.24480199999999999  -0.017480900000000001
1923    -0.029416100000000001  0.212177  -0.040392900000000002
1924    -0.143093  0.13905899999999999  -0.013152499999999999
1925    -0.14702000000000001  0.13963999999999999  -0.0099318500000000007
1926    -0.150976  0.138848  0.0036355300000000001
1927    -0.15847800000000001  0.14094599999999999  0.029157099999999998
1928    0.021088699999999998  0.173343  -0.061071399999999998
1929    -0.17577899999999999  0.26358799999999999  0.013021
1930    -0.151834  0.31529000000000001  -0.036035499999999998
1931    -0.15223800000000001  0.14161000000000001  -0.0051574699999999999
1932    -0.15303900000000001  0.14228299999999999  0.0010431100000000001
1933    -0.14429800000000001  0.28967599999999999  -0.039184999999999998
1934    -0.091262599999999999  0.32991199999999998  -0.0092933500000000006
1935    -0.14735599999999999  0.31256299999999998  -0.054784300000000001
1936    -0.13547999999999999  0.33204400000000001  -0.104264
1937    -0.16913800000000001  0.29579  0.017403600000000002
1938    -0.069181500000000007  0.14107700000000001  -0.035580500000000001
1939    0.0333648  0.24645400000000001  -0.0033501
1940    -0.15387600000000001  0.143902  -0.0075084399999999999
1941    -0.158722  0.14968799999999999  -0.00407114
1942    -0.160049  0.14966399999999999  0.00096138199999999999
1943    -0.16020400000000001  0.14413000000000001  0.0142901
1944    -0.16166900000000001  0.14885999999999999  0.022704499999999999
1945    -0.16062499999999999  0.14718800000000001  0.031197200000000001
1946    -0.15848200000000001  0.14618  0.038289900000000002
1947    -0.17483899999999999  0.28664699999999999  0.0200241
1948    -0.16625999999999999  0.284748  0.0122072
1949    -0.138601  0.302176  -0.092507900000000004
1950    -0.17774799999999999  0.264156  0.038622900000000002
1951    -0.138875  0.31021799999999999  -0.085722900000000005
1952    -0.14435100000000001  0.30309999999999998  -0.050782000000000001
1953    -0.14708199999999999  0.31831900000000002  -0.065925700000000004
1954    -0.062589199999999998  0.13647899999999999  -0.0470432
1955    -0.16411700000000001  0.14973400000000001  0.014326800000000001
1956    -0.13505500000000001  0.259432  -0.0167298
1957    -0.16386800000000001  0.29475400000000002  0.0079544999999999998
1958    -0.17768800000000001  0.29436099999999998  0.030662200000000001
1959    0.0518722  0.176095  -0.044120699999999999
1960    -0.088008699999999995  0.175206  -0.043315699999999999
1961    -0.10531600000000001  0.31758900000000001  0.0057983699999999997
1962    -0.043767199999999999  0.072577000000000003  0.105798
1963    -0.15069099999999999  0.29897699999999999  -0.0149626
1964    -0.184507  0.24846299999999999  0.043761099999999997
1965    -0.0011365399999999999  0.217643  -0.039081400000000002
1966    -0.053902699999999998  0.14097799999999999  -0.0683777
1967    -0.058076200000000001  0.138541  -0.061014199999999998
1968    -0.062346100000000002  0.14654900000000001  -0.0568269
1969    -0.065833500000000003  0.14996999999999999  -0.053307
1970    -0.065681600000000007  0.14591000000000001  -0.049852100000000003
1971    -0.065760700000000005  0.14244799999999999  -0.043867000000000003
1972    0.044691000000000002  0.19970399999999999  -0.038558500000000002
1973    -0.16475200000000001  0.15327299999999999  0.0075097499999999999
1974    -0.16753899999999999  0.15462699999999999  0.0256254
1975    0.015514500000000001  0.21058499999999999  -0.039387800000000001
1976    -0.14202500000000001  0.28196300000000002  -0.025771100000000002
1977    -0.14624300000000001  0.32681900000000003  -0.079931199999999994
1978    -0.15309  0.31514399999999998  -0.050805900000000001
1979    -0.063118400000000005  0.151583  -0.060853699999999997
1980    -0.067404199999999997  0.150866  -0.046453500000000002
1981    -0.148151  0.15809799999999999  -0.022162100000000001
1982    -0.15798499999999999  0.15679899999999999  -0.0101084
1983    -0.16145300000000001  0.15803300000000001  -0.00353383
1984    -0.168179  0.15614700000000001  0.020361199999999999
1985    -0.16975699999999999  0.15872600000000001  0.027220399999999999
1986    -0.16459399999999999  0.15845200000000001  0.044519499999999997
1987    -0.175682  0.26269300000000001  0.058546599999999997
1988    -0.15137300000000001  0.28540599999999999  -0.0080410299999999994
1989    -0.157052  0.29532799999999998  0.0017833700000000001
1990    -0.148532  0.29628900000000002  -0.0387044
1991    -0.144507  0.31385000000000002  -0.064318799999999995
1992    -0.14341899999999999  0.32718900000000001  -0.084149100000000004
1993    -0.059948300000000003  0.149615  -0.065426499999999999
1994    -0.0680283  0.15177199999999999  -0.041555599999999998
1995    -0.12142500000000001  0.34346199999999999  -0.120766
1996    -0.161686  0.16161700000000001  -0.0084735599999999998
1997    -0.16480400000000001  0.15973300000000001  0.0054435000000000004
1998    -0.16847699999999999  0.157498  0.015709000000000001
1999    -0.17591100000000001  0.29270099999999999  0.023555799999999998
2000    -0.15243200000000001  0.298952  -0.0011712999999999999
2001    -0.15097099999999999  0.30176700000000001  -0.021534999999999999
2002    0.0140661  0.22357399999999999  -0.036830300000000003
2003    -0.067920400000000006  0.15629699999999999  -0.045986800000000001
2004    -0.155135  0.16309999999999999  -0.018605799999999999
2005    -0.15790899999999999  0.16402700000000001  -0.0138472
2006    -0.16120799999999999  0.16436300000000001  -0.010463099999999999
2007    -0.16872599999999999  0.163076  0.012312200000000001
2008    -0.16953299999999999  0.16515199999999999  0.017818299999999999
2009    -0.17008699999999999  0.165078  0.0243418
2010    -0.168736  0.156719  0.032355200000000001
2011    -0.16781099999999999  0.16320200000000001  0.041416399999999999
2012    -0.16655400000000001  0.16803000000000001  0.051328600000000002
2013    -0.16458700000000001  0.15937000000000001  0.051684099999999997
2014    -0.17905799999999999  0.27628900000000001  0.040032499999999999
2015    -0.17352600000000001  0.28323700000000002  0.062225299999999997
2016    0.059552099999999997  0.228353  -0.0047779299999999997
2017    -0.14665300000000001  0.30164099999999999  -0.036450499999999997
2018    -0.095969499999999999  0.32473400000000002  -0.0077183199999999999
2019    -0.143707  0.30863800000000002  -0.059115500000000001
2020    -0.061606599999999997  0.15690799999999999  -0.062595100000000001
2021    -0.064105999999999996  0.15080199999999999  -0.055736500000000001
2022    -0.15032999999999999  0.16386100000000001  -0.023848600000000001
2023    -0.168877  0.165269  0.0048485999999999998
2024    -0.169684  0.16514699999999999  0.034097099999999998
2025    -0.16908799999999999  0.16722600000000001  0.045303799999999998
2026    -0.10957500000000001  0.313245  0.0026987600000000001
2027    -0.065409300000000004  0.20841799999999999  -0.039686800000000001
2028    -0.174702  0.29563299999999998  0.043731899999999997
2029    -0.13611000000000001  0.30613400000000002  -0.100281
2030    -0.14668600000000001  0.29933100000000001  -0.032019300000000001
2031    0.060018599999999998  0.17138999999999999  -0.0392739
2032    -0.17327799999999999  0.16921900000000001  0.023537099999999998
2033    -0.17429700000000001  0.173178  0.0368326
2034    -0.17923500000000001  0.28283199999999997  0.040642299999999999
2035    -0.17518500000000001  0.27459600000000001  0.066862500000000005
2036    -0.147006  0.28305900000000001  -0.013393800000000001
2037    -0.168938  0.29065299999999999  0.014483899999999999
2038    -0.154195  0.32349899999999998  -0.066740499999999994
2039    -0.055858100000000001  0.16553200000000001  -0.069085400000000005
2040    -0.063875399999999999  0.16204399999999999  -0.057401899999999999
2041    -0.066047099999999997  0.163215  -0.049469199999999998
2042    0.0524033  0.23305600000000001  -0.0071258299999999997
2043    -0.14718000000000001  0.16544400000000001  -0.028214099999999999
2044    -0.15220700000000001  0.172207  -0.023286600000000001
2045    -0.165853  0.16489799999999999  -0.0045109399999999997
2046    -0.17022699999999999  0.16983100000000001  0.0034214800000000002
2047    -0.17238400000000001  0.168681  0.0099172199999999992
2048    -0.17380999999999999  0.17201900000000001  0.017362499999999999
2049    -0.17261699999999999  0.17046  0.029265900000000001
2050    -0.17978  0.27820600000000001  0.0317121
2051    -0.17627399999999999  0.28255200000000003  0.026657299999999998
2052    -0.14639199999999999  0.30507699999999999  -0.042577900000000002
2053    -0.179503  0.290663  0.0382563
2054    -0.16819899999999999  0.272818  0.0050319800000000001
2055    -0.060592800000000002  0.16506199999999999  -0.060551399999999998
2056    -0.066604800000000006  0.34705000000000003  -0.020953200000000002
2057    -0.161583  0.17283699999999999  -0.0119674
2058    -0.16611500000000001  0.173264  -0.0057742399999999999
2059    -0.171151  0.27963900000000003  0.019580500000000001
2060    -0.15139900000000001  0.303454  -0.030278300000000001
2061    -0.153307  0.318797  -0.0585117
2062    -0.127249  0.32802700000000001  -0.117672
2063    -0.14060700000000001  0.30565300000000001  -0.077182299999999995
2064    -0.14752499999999999  0.29644399999999999  -0.023441799999999999
2065    -0.063808100000000006  0.16858899999999999  -0.050491099999999997
2066    -0.17142199999999999  0.216194  0.026741299999999999
2067    -0.167826  0.17616999999999999  -0.00018487199999999999
2068    -0.17157900000000001  0.174788  0.0062670900000000003
2069    -0.173567  0.17460700000000001  0.0124127
2070    -0.175818  0.27339200000000002  0.0471812
2071    -0.148391  0.29366799999999998  -0.0374624
2072    -0.15435399999999999  0.33012000000000002  -0.068164699999999995
2073    -0.16290199999999999  0.22396199999999999  -0.0023502699999999998
2074    -0.136295  0.31550400000000001  -0.097607299999999994
2075    -0.14799899999999999  0.213807  -0.015550100000000001
2076    -0.057381700000000001  0.17274800000000001  -0.062401699999999997
2077    -0.061474099999999997  0.171732  -0.052291900000000002
2078    -0.14605399999999999  0.172264  -0.029390099999999999
2079    -0.15761700000000001  0.17314099999999999  -0.015755399999999999
2080    -0.16342499999999999  0.17721100000000001  -0.0116673
2081    -0.16845399999999999  0.18107599999999999  0.0042127400000000004
2082    -0.17057600000000001  0.18130399999999999  0.0078317300000000003
2083    -0.17585200000000001  0.177948  0.029137699999999999
2084    -0.16130700000000001  0.28951199999999999  0.0046740100000000001
2085    -0.178235  0.278862  0.052272199999999998
2086    -0.167542  0.27995399999999998  0.013953999999999999
2087    -0.175592  0.27693899999999999  0.0592402
2088    -0.16297  0.28456799999999999  0.0052821700000000001
2089    -0.148976  0.29062700000000002  -0.0218216
2090    -0.152256  0.29577799999999999  -0.0062068499999999999
2091    -0.150947  0.30552699999999999  -0.037288200000000001
2092    -0.14916599999999999  0.29441400000000001  -0.029952699999999999
2093    -0.14532100000000001  0.30793199999999998  -0.051238699999999998
2094    -0.16722899999999999  0.229079  -0.00068903900000000001
2095    -0.163825  0.271507  0.00091494999999999999
2096    -0.161191  0.184229  -0.013377699999999999
2097    -0.061365900000000001  0.22443199999999999  -0.032004199999999997
2098    -0.0241975  0.19394700000000001  -0.048651
2099    0.110777  0.13472000000000001  0.0064547099999999998
2100    0.00097828499999999996  0.22853899999999999  -0.034148400000000002
2101    0.029690000000000001  0.23951  -0.0179308
2102    -0.037344599999999999  0.36592999999999998  -0.034198399999999997
2103    0.072949299999999995  0.17016100000000001  -0.031036299999999999
2104    -0.030535300000000001  0.20152300000000001  -0.045627000000000001
2105    -0.037782700000000002  0.36589300000000002  -0.038905799999999997
2106    0.0140512  0.232184  -0.0303474
2107    0.019747199999999999  0.21973500000000001  -0.037262000000000003
2108    -0.013277199999999999  0.22472  -0.033785500000000003
2109    0.094753100000000007  0.140315  0.011547399999999999
2110    -0.058537600000000002  0.34718500000000002  -0.029896900000000001
2111    -0.034216200000000002  0.363898  -0.0460087
2112    -0.084485400000000002  0.22123100000000001  -0.032205400000000002
2113    0.0059761099999999998  0.193824  -0.046201399999999997
2114    0.0094674600000000005  0.24165800000000001  -0.020309500000000001
2115    0.11125500000000001  0.12900500000000001  0.00337332
2116    -0.034266699999999997  0.070055699999999999  -0.0529513
2117    -0.010141799999999999  0.198044  -0.045573700000000002
2118    0.031329900000000001  0.23222000000000001  -0.0249342
2119    -0.048262199999999998  0.187308  -0.049301600000000001
2120    -0.031049  0.36247299999999999  -0.050068000000000001
2121    0.102712  0.13330600000000001  0.0020727100000000002
2122    -0.078807100000000005  0.228745  -0.028470499999999999
2123    0.027087400000000001  0.207374  -0.037368199999999997
2124    0.037097699999999997  0.17565500000000001  -0.051116099999999998
2125    -0.111234  0.31026700000000002  0.00252513
2126    -0.092791899999999997  0.221971  -0.032017299999999999
2127    -0.12062  0.33486900000000003  -0.12130100000000001
2128    -0.097953999999999999  0.21545600000000001  -0.036560299999999997
2129    -0.121279  0.081717799999999993  -0.013343300000000001
2130    -0.026532400000000001  0.36082199999999998  -0.053809000000000003
2131    -0.066845399999999999  0.221799  -0.033709299999999998
2132    0.0031996699999999999  0.20405799999999999  -0.043046000000000001
2133    -0.016149199999999999  0.22014900000000001  -0.0395456
2134    0.070223400000000005  0.20863899999999999  -0.0121507
2135    0.068032999999999996  0.20574000000000001  -0.0198727
2136    -0.12105100000000001  0.30260599999999999  0.0061684599999999997
2137    -0.11690300000000001  0.304956  0.0055604599999999997
2138    0.0239657  0.23896600000000001  -0.022095900000000002
2139    -0.094181500000000001  0.320934  -0.011950799999999999
2140    -0.021514800000000001  0.35650599999999999  -0.054978100000000002
2141    -0.0530956  0.067368899999999995  -0.057310699999999999
2142    -0.045051800000000003  0.18564  -0.058215500000000003
2143    -0.105436  0.24859200000000001  -0.0105267
2144    -0.022131700000000001  0.35360999999999998  -0.058045199999999998
2145    -0.030881200000000001  0.19304199999999999  -0.0478057
2146    -0.12778500000000001  0.302618  0.0058143099999999996
2147    -0.116901  0.30071700000000001  0.0014894000000000001
2148    0.0263451  0.21858  -0.035442700000000001
2149    -0.047407699999999997  0.213003  -0.041353500000000001
2150    -0.027518899999999999  0.35750999999999999  -0.055034100000000002
2151    -0.0343264  0.22140299999999999  -0.037080700000000001
2152    -0.11350200000000001  0.29573700000000003  -0.00191416
2153    -0.102614  0.24563599999999999  -0.012789200000000001
2154    0.040446299999999998  0.217333  -0.0297287
2155    -0.120673  0.29843700000000001  0.00051771399999999996
2156    0.054983600000000001  0.19503200000000001  -0.033990800000000002
2157    0.034670399999999997  0.20065  -0.042335900000000003
2158    0.092394900000000002  0.14025799999999999  0.0097360799999999994
2159    -0.067744399999999996  0.081643800000000002  -0.057889599999999999
2160    -0.123002  0.29709000000000002  -0.0019151699999999999
2161    -0.0029392400000000001  0.20477100000000001  -0.044003500000000001
2162    0.092160199999999998  0.14435799999999999  0.0192938
2163    0.022868200000000002  0.192138  -0.045238599999999997
2164    -0.0300016  0.24302799999999999  -0.010985999999999999
2165    0.015791800000000002  0.193825  -0.043889900000000003
2166    0.035755700000000001  0.20796000000000001  -0.034002200000000003
2167    -0.075009400000000004  0.22320799999999999  -0.032735399999999998
2168    0.023024200000000002  0.18712500000000001  -0.051356800000000001
2169    -0.0027825699999999998  0.195658  -0.046777899999999997
2170    -0.102633  0.069635199999999994  -0.024153600000000001
2171    -0.12511800000000001  0.29837999999999998  -0.0041608799999999996
2172    -0.116218  0.28808400000000001  -0.0040136599999999996
2173    0.042289100000000003  0.21194199999999999  -0.030456799999999999
2174    -0.014179799999999999  0.200906  -0.046013800000000001
2175    -0.12800700000000001  0.227239  -0.019604900000000001
2176    -0.0122956  0.24430199999999999  -0.018838799999999999
2177    -0.030287700000000001  0.184806  -0.066019700000000001
2178    -0.046150099999999999  0.22519700000000001  -0.030567400000000002
2179    0.0465596  0.22462199999999999  -0.022672600000000001
2180    -0.024215899999999999  0.20070499999999999  -0.047211000000000003
2181    -0.11795899999999999  0.068036700000000006  -0.0192138
2182    -0.067612500000000006  0.241399  -0.0137445
2183    0.067446099999999995  0.173128  -0.034633400000000002
2184    0.026276399999999998  0.18531300000000001  -0.050760399999999997
2185    0.0114699  0.190332  -0.052108500000000002
2186    -0.0081217800000000003  0.228792  -0.0308767
2187    0.021415199999999999  0.23272100000000001  -0.0292632
2188    0.022909499999999999  0.205204  -0.0390198
2189    0.0216803  0.224831  -0.032663499999999998
2190    0.0550147  0.18706900000000001  -0.0380997
2191    -0.065842100000000001  0.23354900000000001  -0.0215652
2192    0.029784499999999998  0.186919  -0.0469831
2193    0.067239699999999999  0.19645699999999999  -0.025211600000000001
2194    -0.069910600000000003  0.084730299999999995  -0.055347500000000001
2195    -0.064066100000000001  0.089077600000000007  -0.053415900000000002
2196    0.0137958  0.198434  -0.041577500000000003
2197    -0.077707700000000005  0.081040899999999999  -0.051713599999999998
2198    -0.107015  0.23111699999999999  -0.0263053
2199    -0.0400509  0.24169099999999999  -0.0117605
2200    -0.028766400000000001  0.23904400000000001  -0.015630000000000002
2201    -0.043892500000000001  0.189223  -0.048612299999999997
2202    0.062426500000000003  0.21917400000000001  -0.0142314
2203    -0.108998  0.28173999999999999  -0.0030162000000000001
2204    -0.072105799999999998  0.22767999999999999  -0.029136700000000001
2205    0.0443063  0.17108000000000001  -0.048102899999999997
2206    0.0110493  0.18266199999999999  -0.062495000000000002
2207    -0.0154468  0.18532100000000001  -0.0659917
2208    -0.026116  0.218888  -0.036574599999999999
2209    -0.032191900000000002  0.18793899999999999  -0.060986800000000001
2210    -0.066553200000000007  0.072107299999999999  -0.059982000000000001
2211    0.047780599999999999  0.19296199999999999  -0.040089800000000002
2212    -0.0164358  0.23385  -0.027696999999999999
2213    -0.13156399999999999  0.35173100000000002  -0.11669
2214    0.017485000000000001  0.18124999999999999  -0.059635100000000003
2215    -0.0049471699999999999  0.221858  -0.036751399999999997
2216    -0.052661199999999998  0.218144  -0.034846000000000002
2217    -0.117449  0.28102300000000002  -0.0060032699999999998
2218    -0.0065487799999999997  0.18784600000000001  -0.062776999999999999
2219    -0.12979299999999999  0.081944699999999995  -0.0082661999999999996
2220    -0.112474  0.087040999999999993  -0.012330600000000001
2221    0.090470499999999995  0.14231099999999999  0.0078192399999999999
2222    -0.099635199999999993  0.23150299999999999  -0.027825699999999998
2223    -0.023777699999999999  0.17016000000000001  -0.075391
2224    0.0075855899999999997  0.227987  -0.035525300000000003
2225    -0.073266300000000006  0.078290899999999997  -0.056654700000000002
2226    0.0025945299999999998  0.24518899999999999  -0.0156192
2227    -0.031804899999999997  0.23147599999999999  -0.027629299999999999
2228    -0.118854  0.27681  -0.0101324
2229    0.10774400000000001  0.13841400000000001  0.0092350699999999997
2230    0.0017005900000000001  0.18626000000000001  -0.062164200000000003
2231    0.0256996  0.179671  -0.057045800000000001
2232    -0.041470800000000002  0.21923799999999999  -0.037119600000000003
2233    0.054875500000000001  0.154422  -0.0440264
2234    0.090302499999999994  0.12876599999999999  -0.00088573099999999995
2235    0.10623  0.12532699999999999  -0.00076757599999999996
2236    -0.0050729299999999998  0.23943600000000001  -0.021307
2237    -0.115673  0.23638200000000001  -0.0183754
2238    0.038835000000000001  0.19547800000000001  -0.043654199999999997
2239    -0.081619200000000003  0.092706800000000006  -0.024740700000000001
2240    -0.0718699  0.088682899999999995  -0.050103200000000001
2241    0.095377299999999998  0.11942999999999999  -0.0082447300000000005
2242    -0.13891400000000001  0.22551099999999999  0.101073
2243    -0.083314299999999994  0.23591799999999999  -0.025624600000000001
2244    0.044742499999999998  0.23119000000000001  -0.017761900000000001
2245    0.013045299999999999  0.175126  -0.064743300000000004
2246    -0.024720200000000001  0.182924  -0.068741700000000003
2247    -0.020372700000000001  0.24504799999999999  -0.014609
2248    -0.0021472800000000001  0.17901300000000001  -0.067829600000000004
2249    0.069322900000000007  0.178813  -0.0307348
2250    -0.013169800000000001  0.239228  -0.0225274
2251    -0.0121356  0.19033  -0.058941100000000003
2252    0.0317097  0.175682  -0.054618100000000003
2253    -0.062549099999999996  0.073774500000000007  -0.059752100000000002
2254    -0.055201100000000003  0.229293  -0.0271162
2255    -0.104517  0.27032800000000001  -0.0021887
2256    -0.091176999999999994  0.254158  0.0041245700000000001
2257    -0.074673500000000004  0.093147800000000003  -0.032828200000000002
2258    0.082666699999999996  0.117359  -0.0077681699999999996
2259    -0.117908  0.22466700000000001  -0.02707
2260    -0.0266278  0.22988400000000001  -0.029962099999999998
2261    -0.097530699999999998  0.070471699999999998  -0.024122299999999999
2262    0.0105945  0.219303  -0.0394493
2263    -0.045617199999999997  0.18153  -0.066022200000000003
2264    -0.040824199999999998  0.192635  -0.0476947
2265    0.0291702  0.205098  -0.038358799999999998
2266    -0.085440000000000002  0.21509600000000001  -0.036138999999999998
2267    0.050993400000000001  0.22292999999999999  -0.018929600000000001
2268    -0.070294899999999994  0.091017899999999999  -0.047299599999999997
2269    -0.020530900000000001  0.070885699999999996  -0.0499135
2270    -0.011071900000000001  0.21418699999999999  -0.044070400000000003
2271    -0.035846700000000002  0.226078  -0.032829900000000002
2272    -0.022545200000000001  0.22330800000000001  -0.034180700000000001
2273    -0.0213297  0.237793  -0.0220004
2274    0.026871300000000001  0.20025599999999999  -0.043075099999999998
2275    -0.021265599999999999  0.18926899999999999  -0.061299300000000001
2276    -0.111038  0.27189600000000003  -0.0089524900000000004
2277    -0.108779  0.26496799999999998  -0.007613
2278    0.043562400000000001  0.17935899999999999  -0.045848600000000003
2279    -0.0096636099999999996  0.179956  -0.0692387
2280    -0.044538500000000002  0.177486  -0.070095000000000005
2281    -0.034998500000000002  0.19115199999999999  -0.049774699999999998
2282    -0.083664799999999998  0.070048799999999994  -0.053467500000000001
2283    -0.012312399999999999  0.19484599999999999  -0.049555700000000001
2284    -0.052508899999999997  0.21615100000000001  -0.037199900000000001
2285    0.00040409099999999998  0.191746  -0.054181699999999999
2286    0.059292299999999999  0.20485300000000001  -0.027686700000000002
2287    -0.096435800000000002  0.25790800000000003  -0.00098935400000000001
2288    0.055431500000000002  0.16459299999999999  -0.042316300000000001
2289    0.049343499999999998  0.162214  -0.047985600000000003
2290    0.088944499999999996  0.13473299999999999  0.0044291199999999999
2291    -0.035853200000000002  0.19900200000000001  -0.046609100000000001
2292    0.081443399999999999  0.12149699999999999  -0.0058985699999999997
2293    0.019446399999999999  0.19698499999999999  -0.043461600000000003
2294    -0.024354899999999999  0.25214300000000001  0.0063739900000000004
2295    0.0020785199999999999  0.25506800000000002  0.0013401800000000001
2296    0.085653800000000002  0.12987000000000001  -0.00012869300000000001
2297    0.036462399999999999  0.23944499999999999  -0.0130507
2298    -0.072840500000000002  0.068238499999999994  -0.059397600000000002
2299    0.049105799999999998  0.20160500000000001  -0.034909799999999998
2300    -0.0243371  0.178485  -0.071542900000000006
2301    -0.069671200000000003  0.23036599999999999  -0.0250469
2302    -0.028669400000000001  0.19544600000000001  -0.0462908
2303    0.064345899999999998  0.21257200000000001  -0.0172269
2304    -0.13283700000000001  0.35435800000000001  -0.113831
2305    -0.0684028  0.069187600000000002  -0.061103499999999998
2306    -0.103307  0.26106200000000002  -0.0073225399999999998
2307    -0.077102400000000001  0.25045200000000001  0.00147146
2308    0.0124292  0.25479600000000002  0.00122299
2309    0.026776100000000001  0.25200800000000001  0.0019988800000000002
2310    -0.037755700000000003  0.21027799999999999  -0.043643800000000003
2311    0.0272448  0.22627  -0.030841899999999998
2312    0.037364700000000001  0.22811400000000001  -0.0255716
2313    0.044776400000000001  0.187199  -0.0424263
2314    -0.11303000000000001  0.070331500000000005  -0.020419699999999999
2315    -0.069535700000000006  0.236597  -0.019307499999999998
2316    -0.040083399999999998  0.18517  -0.063022800000000004
2317    -0.019691500000000001  0.171323  -0.072914900000000005
2318    -0.098858199999999993  0.25117  -0.0069254399999999997
2319    -0.093850799999999998  0.25256800000000001  -0.0019632899999999999
2320    0.057325000000000001  0.18127099999999999  -0.038467099999999997
2321    -0.0025884200000000001  0.23531099999999999  -0.0253852
2322    0.033868700000000002  0.21419099999999999  -0.033089500000000001
2323    0.062333699999999999  0.18060399999999999  -0.035949099999999998
2324    -0.040220600000000002  0.24782999999999999  0.0063157899999999999
2325    -0.023185399999999998  0.24853500000000001  -0.00635536
2326    -0.00098943199999999994  0.25314500000000001  -0.00255113
2327    0.0038047599999999999  0.21110799999999999  -0.039820099999999997
2328    0.058397600000000001  0.21874499999999999  -0.018667900000000001
2329    -0.038453599999999998  0.231595  -0.0246029
2330    -0.113175  0.23438500000000001  -0.020837499999999998
2331    -0.0338947  0.178731  -0.071413299999999999
2332    -0.097242499999999996  0.23899100000000001  -0.022549099999999999
2333    -0.060971999999999998  0.068536899999999998  -0.059795000000000001
2334    -0.081751900000000002  0.066512399999999999  -0.054815999999999997
2335    0.022112  0.070614999999999997  -0.043723900000000003
2336    0.050625000000000003  0.212085  -0.027746400000000001
2337    -0.062645800000000001  0.23819100000000001  -0.014439799999999999
2338    -0.104848  0.25716899999999998  -0.0092924700000000006
2339    -0.0218514  0.196212  -0.047401600000000002
2340    -0.0050616699999999999  0.24842700000000001  -0.012199099999999999
2341    0.0112143  0.24851599999999999  -0.0122335
2342    0.017541500000000002  0.249054  -0.0094372599999999994
2343    0.0292689  0.244394  -0.0100181
2344    0.010134000000000001  0.18675800000000001  -0.058922299999999997
2345    0.049161200000000002  0.21839  -0.0237588
2346    -0.12410499999999999  0.34889599999999998  -0.118855
2347    0.085720500000000005  0.125385  -0.0028231100000000002
2348    0.055981400000000001  0.20974899999999999  -0.026077800000000002
2349    0.0013670100000000001  0.19746900000000001  -0.044733299999999997
2350    -0.1016  0.25176300000000001  -0.0080503899999999993
2351    -0.043748200000000001  0.24424799999999999  -0.0033155300000000001
2352    0.0452339  0.23605899999999999  -0.010237700000000001
2353    0.100157  0.126329  -0.0034778399999999998
2354    0.0049213900000000003  0.23521900000000001  -0.027078000000000001
2355    0.078391100000000005  0.19908799999999999  -0.0066540799999999997
2356    -0.089775099999999997  0.24876000000000001  -0.0111109
2357    -0.084413000000000002  0.24787500000000001  -0.0114734
2358    -0.071676199999999995  0.247636  -0.0044082000000000001
2359    -0.057046199999999998  0.24435499999999999  0.0040512500000000002
2360    -0.051956799999999997  0.24361099999999999  0.00012060700000000001
2361    -0.031914100000000001  0.24624699999999999  -0.0044190799999999997
2362    -0.0133606  0.248946  -0.0112175
2363    0.017950899999999999  0.243148  -0.017304
2364    0.0148106  0.066986000000000004  -0.040590399999999999
2365    0.0090959700000000001  0.066954100000000003  -0.041572600000000001
2366    4.9691699999999997e-05  0.068162600000000004  -0.046227799999999999
2367    -0.00622756  0.068187399999999995  -0.046792
2368    -0.0146648  0.068480700000000005  -0.048307999999999997
2369    -0.0304981  0.068163199999999993  -0.050839700000000002
2370    -0.087130700000000005  0.19282299999999999  -0.042164
2371    -0.050817599999999997  0.068526299999999998  -0.0565803
2372    0.0106012  0.070696400000000006  -0.046203300000000003
2373    0.00142354  0.070637699999999998  -0.047811399999999997
2374    -0.0069006700000000002  0.071016700000000002  -0.048590899999999999
2375    -0.024555199999999999  0.068239099999999997  -0.049959200000000002
2376    -0.031138099999999998  0.072290400000000005  -0.052480300000000001
2377    -0.050933699999999998  0.071923699999999993  -0.057189900000000002
2378    -0.049311000000000001  0.33456599999999997  -0.037951499999999999
2379    -0.107931  0.18962999999999999  -0.042153299999999998
2380    -0.132247  0.066101699999999999  -0.011482300000000001
2381    0.028292600000000001  0.076038599999999998  -0.0428674
2382    -0.0016936399999999999  0.0753307  -0.049201300000000003
2383    -0.15160499999999999  0.24091799999999999  -0.013639
2384    -0.13026799999999999  0.19342100000000001  -0.0317606
2385    -0.14644199999999999  0.190942  -0.026374999999999999
2386    -0.068459000000000006  0.31378099999999998  -0.026021300000000001
2387    -0.12729299999999999  0.071570900000000007  -0.0149847
2388    -0.130435  0.066267499999999993  -0.0136691
2389    -0.13375999999999999  0.070588200000000004  -0.0116425
2390    -0.13662199999999999  0.067247500000000002  -0.0078053799999999998
2391    0.045474500000000001  0.072087600000000002  -0.0037445600000000001
2392    0.0206965  0.0734953  -0.045021100000000001
2393    0.0082386200000000003  0.074944200000000002  -0.0475878
2394    -0.012958900000000001  0.078086299999999997  -0.050740100000000003
2395    -0.045274200000000001  0.071268100000000001  -0.0561696
2396    -0.14737900000000001  0.26675500000000002  -0.012663199999999999
2397    -0.13083700000000001  0.230628  -0.017341499999999999
2398    -0.120935  0.070935100000000001  -0.0172122
2399    -0.13612199999999999  0.071786100000000005  -0.0079363300000000001
2400    -0.13853599999999999  0.071155499999999997  -0.0020103899999999999
2401    0.065016699999999997  0.074963000000000002  5.5520399999999998e-05
2402    0.0474498  0.075951699999999997  -0.0074896800000000003
2403    0.0153312  0.080392900000000003  -0.0461033
2404    -0.024614899999999999  0.078565899999999994  -0.0520312
2405    -0.058626699999999997  0.0819719  -0.058327700000000003
2406    -0.14712  0.13603399999999999  0.049924299999999998
2407    -0.118453  0.251716  -0.0150046
2408    -0.093520400000000004  0.071624400000000005  -0.024660100000000001
2409    -0.134687  0.076356099999999996  -0.0038505900000000001
2410    0.022732499999999999  0.079265600000000005  -0.045469599999999999
2411    0.0046615600000000004  0.082158900000000007  -0.0476262
2412    -0.00764191  0.082191399999999998  -0.049874399999999999
2413    -0.0191886  0.084746000000000002  -0.050988499999999999
2414    -0.040237099999999998  0.081474900000000003  -0.0563542
2415    -0.112439  0.208647  -0.0354509
2416    0.028598200000000001  0.19667999999999999  -0.044332499999999997
2417    -0.131526  0.077532299999999998  -0.0110005
2418    -0.13963  0.074796799999999997  0.00049916499999999998
2419    0.063895199999999999  0.078636800000000007  -0.0052456400000000002
2420    0.0491481  0.078646999999999995  -0.0093678200000000007
2421    -0.126775  0.20138400000000001  -0.033759299999999999
2422    0.027768899999999999  0.084858199999999995  -0.047393999999999999
2423    0.0065323500000000001  0.084702899999999998  -0.048368700000000001
2424    -0.0024435300000000002  0.084991899999999995  -0.049076000000000002
2425    -0.0081329999999999996  0.084980100000000003  -0.050650199999999999
2426    -0.093355300000000002  0.0800646  -0.022912600000000002
2427    -0.111808  0.080679699999999993  -0.017177600000000001
2428    -0.13192999999999999  0.080924800000000005  -0.0037358700000000001
2429    -0.055106299999999997  0.34428399999999998  -0.034213599999999997
2430    0.054841800000000003  0.0803175  -0.0086460700000000005
2431    -0.063537099999999999  0.070577000000000001  0.098629999999999995
2432    0.034334200000000002  0.088551400000000002  -0.0455594
2433    0.0216574  0.085889300000000002  -0.048841099999999998
2434    -0.00108902  0.087747500000000006  -0.0515807
2435    -0.0152728  0.089896900000000002  -0.057787600000000001
2436    -0.025910699999999998  0.091382400000000003  -0.057894099999999997
2437    -0.027191799999999999  0.085237199999999999  -0.052334199999999997
2438    -0.034161900000000002  0.086485999999999993  -0.054074400000000002
2439    -0.050222700000000002  0.086842500000000003  -0.055674099999999997
2440    -0.051326799999999999  0.092912099999999997  -0.051363600000000002
2441    -0.13827600000000001  0.198931  -0.027650299999999999
2442    -0.097762699999999994  0.084530999999999995  -0.0204266
2443    -0.104516  0.077710600000000005  -0.0214986
2444    -0.050325799999999997  0.195714  -0.046892000000000003
2445    0.085681400000000005  0.085304099999999994  0.00094855299999999998
2446    0.081042199999999995  0.088380600000000004  -0.0071978700000000003
2447    0.070251999999999995  0.0904084  -0.0118791
2448    0.072315400000000002  0.082042400000000001  -0.0060799499999999998
2449    0.060744699999999999  0.088453500000000004  -0.0116953
2450    0.054474599999999998  0.087938000000000002  -0.0128431
2451    -0.120078  0.19026599999999999  -0.035675800000000001
2452    0.041179300000000002  0.0905136  -0.039692600000000001
2453    0.016627900000000001  0.090099700000000005  -0.0500892
2454    0.010068000000000001  0.088549000000000003  -0.050901000000000002
2455    -0.0032849899999999998  0.091114200000000006  -0.056463600000000003
2456    -0.010256299999999999  0.089305899999999994  -0.056788999999999999
2457    -0.032822299999999999  0.088965000000000002  -0.055125300000000002
2458    -0.040777599999999997  0.091140200000000005  -0.054616499999999998
2459    -0.042901700000000001  0.089780399999999996  -0.054510999999999997
2460    -0.060519700000000003  0.086919399999999994  -0.056086400000000002
2461    -0.12653900000000001  0.34083200000000002  -0.11970600000000001
2462    -0.10724599999999999  0.070689399999999999  0.091559199999999993
2463    -0.024686099999999999  0.334812  -0.049681400000000001
2464    -0.088341900000000001  0.087029599999999999  -0.021853899999999999
2465    -0.107791  0.0896116  -0.0128635
2466    -0.148756  0.13228300000000001  0.023555799999999998
2467    0.087249499999999994  0.090909199999999996  -0.0067056499999999996
2468    0.049174500000000003  0.095748600000000003  -0.039355899999999999
2469    0.040527599999999997  0.092929499999999998  -0.041455499999999999
2470    0.035251200000000003  0.093672500000000006  -0.045155399999999998
2471    0.027146900000000002  0.091826400000000002  -0.049109300000000002
2472    0.020387599999999999  0.0957345  -0.054442900000000002
2473    0.0137731  0.094580899999999996  -0.054103600000000002
2474    0.0068006200000000003  0.092470300000000005  -0.056217299999999998
2475    -0.0021075400000000002  0.095145300000000002  -0.059377199999999998
2476    -0.019826099999999999  0.090277899999999994  -0.057303
2477    -0.054739099999999999  0.095520900000000006  -0.047475799999999999
2478    -0.097860799999999998  0.090725  -0.0177457
2479    -0.122628  0.19772100000000001  -0.035851800000000003
2480    0.033863999999999998  0.096712400000000004  -0.047658100000000002
2481    0.028138900000000001  0.096798499999999996  -0.052479900000000003
2482    0.0026847799999999999  0.0975689  -0.059699099999999998
2483    -0.0114509  0.096914799999999995  -0.060265199999999998
2484    -0.0838922  0.094215199999999999  -0.021935400000000001
2485    -0.10426199999999999  0.094526200000000005  -0.012970799999999999
2486    -0.023041300000000001  0.34192899999999998  -0.055296600000000001
2487    0.083697999999999995  0.096449900000000005  -0.011822600000000001
2488    0.063994400000000007  0.095475900000000002  -0.012579699999999999
2489    0.061322599999999998  0.096876299999999999  -0.0149753
2490    0.043451200000000002  0.099445500000000006  -0.046007199999999998
2491    0.031577000000000001  0.10083300000000001  -0.051904100000000002
2492    0.0276414  0.10273400000000001  -0.054178200000000003
2493    0.010526799999999999  0.098534200000000002  -0.056758599999999999
2494    -0.023792399999999998  0.098991899999999994  -0.061847399999999997
2495    -0.038899599999999999  0.095670099999999994  -0.057580100000000002
2496    -0.045554900000000002  0.094159000000000007  -0.053638999999999999
2497    -0.069998699999999997  0.21229200000000001  -0.0392085
2498    -0.071353799999999995  0.095536399999999994  -0.0257953
2499    -0.072733199999999998  0.0983594  -0.021611200000000001
2500    -0.080704300000000007  0.099672399999999994  -0.0217106
2501    -0.092132599999999995  0.093804399999999996  -0.018898600000000002
2502    -0.041690199999999997  0.33755499999999999  -0.0415663
2503    0.091171199999999994  0.096024999999999999  -0.0085706800000000007
2504    0.076675800000000002  0.096324599999999996  -0.0126014
2505    -0.13943900000000001  0.27472299999999999  -0.0147026
2506    0.046420000000000003  0.102103  -0.044785800000000001
2507    0.039932200000000001  0.10149  -0.050099499999999998
2508    -0.0067449399999999996  0.101836  -0.061625199999999998
2509    -0.020121  0.10406600000000001  -0.065809999999999994
2510    -0.13057299999999999  0.308166  -0.106755
2511    -0.063865400000000003  0.099190100000000003  -0.022556300000000001
2512    0.088042999999999996  0.103631  -0.0123427
2513    0.066449400000000006  0.10126599999999999  -0.0135508
2514    0.05092  0.10880099999999999  -0.041378199999999997
2515    0.038908400000000003  0.106909  -0.053803499999999997
2516    0.035006500000000003  0.106373  -0.054785100000000003
2517    0.016841499999999999  0.105341  -0.059346700000000002
2518    0.0150454  0.10809100000000001  -0.060211800000000003
2519    0.0072352600000000003  0.103161  -0.058430700000000002
2520    0.000566118  0.104703  -0.059668899999999997
2521    -0.0125985  0.102842  -0.063558699999999996
2522    -0.0662272  0.099516599999999997  -0.020475899999999998
2523    -0.074537599999999996  0.102784  -0.020847899999999999
2524    -0.087195099999999998  0.10725899999999999  -0.021640900000000001
2525    -0.089406899999999997  0.10135  -0.0197903
2526    -0.139046  0.25114300000000001  -0.017913100000000001
2527    0.082934499999999994  0.105145  -0.013390900000000001
2528    0.0721937  0.10263799999999999  -0.0130224
2529    -0.13353000000000001  0.188079  -0.031975200000000002
2530    0.0437337  0.106366  -0.050666299999999997
2531    0.025950399999999998  0.108949  -0.057446200000000003
2532    0.0093212199999999999  0.11090899999999999  -0.060333199999999997
2533    0.00455821  0.10988299999999999  -0.062217799999999997
2534    -0.025944700000000001  0.10850700000000001  -0.066352099999999997
2535    -0.031067000000000001  0.10022399999999999  -0.062307099999999997
2536    -0.063837599999999994  0.10381899999999999  -0.020463599999999998
2537    -0.150057  0.19941700000000001  -0.020225699999999999
2538    0.096707100000000004  0.107878  -0.0097412100000000001
2539    0.077183199999999993  0.10907699999999999  -0.011563500000000001
2540    0.033123199999999998  0.11112  -0.055855299999999997
2541    -0.0230577  0.112035  -0.067011600000000004
2542    -0.037655599999999997  0.106229  -0.062754799999999999
2543    -0.064026600000000003  0.11000500000000001  -0.022201800000000001
2544    -0.082859199999999994  0.109912  -0.022564600000000001
2545    -0.097920900000000005  0.101063  -0.016365000000000001
2546    -0.138379  0.18845000000000001  -0.031012600000000001
2547    0.031320899999999999  0.11799800000000001  -0.055295999999999998
2548    -0.00199534  0.11188099999999999  -0.063367599999999996
2549    -0.00780462  0.11214499999999999  -0.064743499999999995
2550    -0.013448699999999999  0.11179500000000001  -0.065231899999999995
2551    -0.0314621  0.114533  -0.069299200000000005
2552    -0.092298599999999995  0.30764399999999997  -0.014921800000000001
2553    -0.075876100000000002  0.31031199999999998  -0.022624499999999999
2554    -0.067423399999999994  0.107865  -0.020213800000000001
2555    -0.0726387  0.110915  -0.021601800000000001
2556    -0.104079  0.103242  -0.0122303
2557    0.104092  0.117329  -0.0061881499999999999
2558    0.094351000000000004  0.11219899999999999  -0.0107437
2559    0.085209599999999996  0.110904  -0.011412500000000001
2560    0.077507400000000004  0.114065  -0.0093912900000000001
2561    -0.142009  0.26012299999999999  -0.0155865
2562    -0.15839300000000001  0.237206  -0.0095625899999999993
2563    0.0453946  0.11455  -0.050447199999999998
2564    0.021798100000000001  0.118854  -0.057941300000000001
2565    0.011533399999999999  0.117912  -0.060226099999999998
2566    0.00404369  0.119431  -0.065125000000000002
2567    -0.042173599999999999  0.11601499999999999  -0.065536300000000006
2568    -0.070313899999999999  0.115374  -0.022205900000000001
2569    -0.095973199999999995  0.10952099999999999  -0.0200188
2570    -0.14886099999999999  0.26019500000000001  -0.013745500000000001
2571    -0.0207145  0.21285200000000001  -0.042802399999999997
2572    -0.0017871499999999999  0.124573  -0.067388500000000004
2573    -0.0106541  0.118018  -0.068245
2574    -0.0190408  0.12364600000000001  -0.070226399999999994
2575    -0.026262400000000002  0.118535  -0.070883799999999997
2576    -0.0596538  0.33217200000000002  -0.033246499999999998
2577    -0.063806500000000002  0.116595  -0.024930600000000001
2578    -0.066008700000000003  0.112619  -0.0217615
2579    -0.090563299999999999  0.11497300000000001  -0.023352700000000001
2580    -0.068639699999999998  0.19828699999999999  -0.043386800000000003
2581    -0.066034800000000005  0.11891699999999999  -0.024940799999999999
2582    -0.083696099999999996  0.12106699999999999  -0.025451600000000001
2583    -0.10143000000000001  0.20686199999999999  -0.037845900000000002
2584    -0.1293  0.25465100000000002  -0.017481099999999999
2585    -0.151504  0.23239399999999999  -0.013088199999999999
2586    -0.10120899999999999  0.19891300000000001  -0.041908300000000002
2587    0.042770299999999997  0.12151000000000001  -0.0508662
2588    0.028299600000000001  0.124692  -0.058481999999999999
2589    0.0025712500000000002  0.12665799999999999  -0.067387100000000005
2590    -0.0073530799999999997  0.122484  -0.068886100000000006
2591    -0.0284132  0.124169  -0.072679199999999999
2592    -0.039401499999999999  0.12603200000000001  -0.070756100000000002
2593    -0.044179099999999999  0.12648200000000001  -0.068582099999999993
2594    -0.075552900000000006  0.11634  -0.022486599999999999
2595    -0.094888399999999998  0.12447999999999999  -0.0246147
2596    -0.095876900000000001  0.118586  -0.023046799999999999
2597    -0.10896400000000001  0.120256  -0.011682400000000001
2598    -0.11630600000000001  0.118948  -0.00363409
2599    -0.15449099999999999  0.25359999999999999  -0.011212400000000001
2600    -0.11133  0.19973199999999999  -0.037350599999999998
2601    -0.115035  0.262822  -0.0124657
2602    -0.160027  0.260015  -0.00662102
2603    -0.11633  0.194493  -0.037021900000000003
2604    -0.150256  0.24940200000000001  -0.015267299999999999
2605    0.020738599999999999  0.13286999999999999  -0.0602455
2606    0.019599800000000001  0.12526699999999999  -0.0616342
2607    0.011784299999999999  0.12717899999999999  -0.064015199999999994
2608    -0.027219799999999999  0.12958800000000001  -0.073030999999999999
2609    -0.0386139  0.12970100000000001  -0.072915300000000002
2610    -0.129852  0.33882400000000001  -0.11591700000000001
2611    -0.0684308  0.124211  -0.026994199999999999
2612    -0.078905199999999995  0.124844  -0.0265776
2613    -0.090526899999999993  0.12687499999999999  -0.0273691
2614    -0.10466200000000001  0.12023  -0.017493399999999999
2615    -0.10621899999999999  0.12629699999999999  -0.0178473
2616    -0.107612  0.12352399999999999  -0.0141417
2617    -0.11122  0.12282999999999999  -0.0120553
2618    -0.118848  0.12343700000000001  -0.0103848
2619    -0.123256  0.12078899999999999  -0.0051614399999999998
2620    -0.13758500000000001  0.141956  0.070078000000000001
2621    0.047567400000000003  0.12693299999999999  -0.046459
2622    0.036871800000000003  0.12596399999999999  -0.055270199999999998
2623    0.028785700000000001  0.13037899999999999  -0.059019200000000001
2624    -0.0029689600000000001  0.134356  -0.067107799999999995
2625    -0.010304499999999999  0.12975900000000001  -0.068548600000000001
2626    -0.032433299999999998  0.129581  -0.074223600000000001
2627    -0.099378599999999997  0.126892  -0.022203799999999999
2628    -0.047880300000000001  0.323023  -0.032734399999999997
2629    -0.079651899999999998  0.30427999999999999  -0.018119
2630    -0.0301062  0.34953400000000001  -0.052602400000000001
2631    -0.084266800000000003  0.31167499999999998  -0.0196676
2632    -0.066124000000000002  0.32457200000000003  -0.030164900000000001
2633    -0.122583  0.21734300000000001  -0.028990499999999999
2634    -0.091724200000000006  0.21081  -0.037248000000000003
2635    -0.11040899999999999  0.21351000000000001  -0.035219100000000003
2636    -0.061091800000000002  0.19273100000000001  -0.044941599999999998
2637    0.043034599999999999  0.130551  -0.053197399999999999
2638    0.039217500000000002  0.135715  -0.056097899999999999
2639    0.033099299999999998  0.13625799999999999  -0.058233899999999998
2640    0.026646599999999999  0.13551099999999999  -0.061290299999999999
2641    0.0119024  0.13355500000000001  -0.063819200000000006
2642    0.0044074500000000003  0.13436799999999999  -0.065249100000000004
2643    -0.010467199999999999  0.13505400000000001  -0.070419599999999999
2644    -0.017298999999999998  0.130442  -0.069769300000000006
2645    -0.053525499999999997  0.13528399999999999  -0.065426300000000007
2646    -0.068055500000000005  0.12914700000000001  -0.029519299999999998
2647    -0.070131399999999997  0.13301399999999999  -0.031217200000000001
2648    -0.074383500000000005  0.13390099999999999  -0.030510099999999998
2649    -0.089362200000000003  0.13081000000000001  -0.029840100000000001
2650    -0.10362499999999999  0.12976399999999999  -0.021855699999999999
2651    -0.108984  0.12734699999999999  -0.017227200000000002
2652    -0.11414000000000001  0.12982399999999999  -0.018828899999999999
2653    -0.121864  0.12923000000000001  -0.016205399999999998
2654    -0.128639  0.123475  -0.0063112899999999998
2655    -0.107631  0.277333  -0.0037579900000000001
2656    -0.022350200000000001  0.34708499999999998  -0.057663300000000001
2657    -0.121042  0.209315  -0.032830499999999999
2658    -0.12950800000000001  0.22222  -0.022340599999999999
2659    0.0467611  0.135349  -0.050238900000000003
2660    0.010616199999999999  0.13894999999999999  -0.066625000000000004
2661    -0.133826  0.272067  -0.0154795
2662    -0.065484799999999996  0.132165  -0.034822899999999997
2663    -0.082185300000000003  0.13076399999999999  -0.030261199999999999
2664    -0.096856100000000001  0.13570599999999999  -0.0281211
2665    -0.100633  0.13201499999999999  -0.024872700000000001
2666    0.0016624700000000001  0.221354  -0.039086099999999999
2667    -0.071851100000000001  0.32158999999999999  -0.027563299999999999
2668    -0.12321799999999999  0.14532900000000001  0.0791264
2669    -0.13922599999999999  0.24240200000000001  -0.0169172
2670    -0.14569399999999999  0.27811599999999997  -0.0131819
2671    -0.15562400000000001  0.137461  0.030300400000000002
2672    0.050385199999999998  0.13431000000000001  -0.0465671
2673    0.016104500000000001  0.139462  -0.064808699999999997
2674    -0.0169943  0.137713  -0.071544099999999999
2675    -0.022937900000000001  0.13881099999999999  -0.074467699999999998
2676    -0.040041500000000001  0.144978  -0.0765348
2677    -0.110072  0.217609  -0.033933699999999997
2678    -0.109182  0.135245  -0.027624200000000002
2679    -0.12639400000000001  0.135741  -0.022195099999999999
2680    -0.129189  0.132407  -0.014943
2681    -0.135634  0.13232099999999999  -0.0090516699999999995
2682    -0.16339600000000001  0.25031799999999998  -0.0087273999999999997
2683    -0.15634200000000001  0.14002400000000001  0.0357011
2684    -0.039716500000000002  0.070311899999999997  0.10385
2685    -0.089273000000000005  0.30438399999999999  -0.015230199999999999
2686    0.028559399999999999  0.14035  -0.060354900000000003
2687    -0.017307800000000002  0.14235800000000001  -0.073513899999999993
2688    -0.042993900000000002  0.13872899999999999  -0.074753200000000006
2689    -0.075308700000000006  0.14093900000000001  -0.033661000000000003
2690    -0.11341900000000001  0.14138800000000001  -0.032560800000000001
2691    -0.118489  0.136153  -0.0279733
2692    -0.13419400000000001  0.13817399999999999  -0.019161600000000001
2693    -0.136013  0.13683799999999999  -0.013905799999999999
2694    -0.12725600000000001  0.20904800000000001  -0.028660999999999999
2695    -0.0453987  0.34755900000000001  -0.040582399999999998
2696    0.020447699999999999  0.139373  -0.063082600000000003
2697    0.0156296  0.149199  -0.066651199999999994
2698    -0.0132455  0.14737900000000001  -0.072904300000000005
2699    -0.022682600000000001  0.14805599999999999  -0.074948100000000004
2700    -0.046081200000000003  0.146897  -0.075143500000000002
2701    -0.053291499999999999  0.14635799999999999  -0.070393200000000003
2702    -0.126635  0.31459900000000002  -0.112549
2703    -0.083427299999999996  0.13914099999999999  -0.034756299999999997
2704    -0.086332500000000006  0.13894699999999999  -0.034067800000000002
2705    -0.0922481  0.14275399999999999  -0.032106799999999998
2706    -0.096824999999999994  0.141761  -0.030569800000000001
2707    -0.10546800000000001  0.13916799999999999  -0.030596999999999999
2708    -0.13264500000000001  0.14402699999999999  -0.0271501
2709    -0.14313799999999999  0.14429700000000001  -0.018058100000000001
2710    -0.14633399999999999  0.23392499999999999  -0.0152421
2711    -0.155498  0.24726799999999999  -0.0117112
2712    -0.044677099999999997  0.31650400000000001  -0.0285107
2713    0.046790199999999997  0.145426  -0.050768300000000002
2714    0.041144600000000003  0.14163100000000001  -0.053769600000000001
2715    0.023345500000000002  0.14825199999999999  -0.0604477
2716    0.0071075399999999999  0.14904700000000001  -0.068619299999999994
2717    0.0034855400000000001  0.14255699999999999  -0.068772600000000003
2718    -0.0062123100000000004  0.14355399999999999  -0.070203100000000004
2719    -0.103676  0.144376  -0.033200300000000002
2720    -0.123684  0.14228099999999999  -0.0306547
2721    -0.14715500000000001  0.14275199999999999  -0.0143392
2722    -0.0084332899999999995  0.20180699999999999  -0.0456984
2723    -0.166272  0.246755  -0.0065503100000000002
2724    -0.053496500000000002  0.32732600000000001  -0.034249799999999997
2725    -0.102404  0.282495  -0.00061889300000000003
2726    -0.136514  0.30118299999999998  -0.097102400000000005
2727    -0.051254800000000003  0.338368  -0.037505900000000002
2728    0.061967800000000003  0.14995700000000001  -0.039421100000000001
2729    0.040004699999999997  0.15019199999999999  -0.052864000000000001
2730    0.030248500000000001  0.14749200000000001  -0.057884900000000003
2731    0.018401899999999999  0.14768899999999999  -0.064871700000000004
2732    -0.030327400000000001  0.14413500000000001  -0.076308200000000007
2733    -0.069579199999999994  0.14513000000000001  -0.037421500000000003
2734    -0.118839  0.1469  -0.034463800000000003
2735    -0.124477  0.14833199999999999  -0.034313900000000001
2736    -0.13769700000000001  0.14263600000000001  -0.021839799999999999
2737    -0.12703999999999999  0.24838399999999999  -0.017335
2738    -0.082228399999999993  0.32325999999999999  -0.021362900000000001
2739    -0.066154000000000004  0.33873999999999999  -0.028378299999999999
2740    -0.109039  0.292939  -0.0039228300000000004
2741    -0.096295800000000001  0.299091  -0.0099413799999999997
2742    0.053075799999999999  0.14383099999999999  -0.046850299999999998
2743    0.024521500000000002  0.15535499999999999  -0.061484700000000003
2744    -0.0276765  0.152168  -0.075199699999999994
2745    -0.056287400000000001  0.15595899999999999  -0.069311899999999996
2746    -0.084021799999999994  0.15056700000000001  -0.037149399999999999
2747    -0.089467599999999994  0.14867  -0.035061299999999997
2748    -0.098324800000000004  0.14787500000000001  -0.035214599999999999
2749    -0.107962  0.14960100000000001  -0.0376161
2750    -0.11379499999999999  0.14791699999999999  -0.036446800000000001
2751    -0.130138  0.14952699999999999  -0.032782199999999997
2752    -0.13439000000000001  0.14783399999999999  -0.029585199999999999
2753    -0.14158399999999999  0.14994499999999999  -0.025377400000000001
2754    -0.144706  0.149418  -0.0208028
2755    -0.045126199999999998  0.202371  -0.046217000000000001
2756    -0.093154699999999993  0.314975  -0.014242599999999999
2757    -0.14015  0.22106300000000001  -0.017197400000000002
2758    0.017007700000000001  0.15667500000000001  -0.064776
2759    0.0091934800000000004  0.156943  -0.066696099999999994
2760    -0.016779499999999999  0.15165999999999999  -0.073961700000000005
2761    -0.028737599999999999  0.158387  -0.077162700000000001
2762    -0.038132699999999999  0.15864  -0.076522300000000001
2763    -0.042623300000000003  0.15945599999999999  -0.076252299999999995
2764    -0.048177499999999998  0.15140400000000001  -0.073838500000000001
2765    -0.021786799999999999  0.20855699999999999  -0.044277900000000002
2766    -0.13372500000000001  0.30554500000000001  -0.103037
2767    -0.0698574  0.15312100000000001  -0.038436600000000001
2768    -0.075648199999999999  0.148759  -0.035584999999999999
2769    -0.0964005  0.15285799999999999  -0.037073599999999998
2770    -0.111551  0.153111  -0.038458699999999998
2771    -0.124334  0.160189  -0.037504700000000002
2772    -0.15385599999999999  0.149168  -0.0120746
2773    -0.12828200000000001  0.34673100000000001  -0.118865
2774    -0.053772199999999999  0.203463  -0.045566500000000003
2775    -0.060459800000000001  0.203571  -0.043803000000000002
2776    -0.100048  0.304564  -0.0094993000000000005
2777    -0.0991789  0.124165  0.066712300000000002
2778    -0.13522500000000001  0.236482  -0.017512
2779    0.015742599999999999  0.16516900000000001  -0.063807100000000005
2780    -0.00106949  0.15497900000000001  -0.070179199999999997
2781    -0.0076456099999999997  0.15792200000000001  -0.072684100000000001
2782    -0.0116458  0.15278  -0.0741396
2783    -0.017154800000000001  0.16192500000000001  -0.074254700000000007
2784    -0.073017299999999993  0.20402100000000001  -0.0399751
2785    -0.092802099999999998  0.154726  -0.038083199999999998
2786    -0.104517  0.153332  -0.038617100000000001
2787    -0.080500699999999994  0.19841800000000001  -0.041804000000000001
2788    0.063118599999999997  0.157056  -0.037967899999999999
2789    0.043864300000000002  0.15529200000000001  -0.051118499999999997
2790    0.036089299999999998  0.15696499999999999  -0.055152100000000003
2791    0.027339200000000001  0.16181100000000001  -0.059041299999999998
2792    0.022544399999999999  0.16370799999999999  -0.060458100000000001
2793    0.0053063499999999996  0.162995  -0.067877099999999996
2794    -0.0012120099999999999  0.16115199999999999  -0.071626700000000001
2795    -0.052819900000000003  0.15945200000000001  -0.072446200000000002
2796    -0.15490599999999999  0.27161400000000002  -0.0091765100000000006
2797    -0.0303609  0.331731  -0.0435293
2798    -0.105684  0.194521  -0.042537899999999997
2799    -0.070527900000000004  0.15781000000000001  -0.042451799999999998
2800    -0.086341699999999993  0.158527  -0.039367800000000001
2801    -0.10140299999999999  0.16109599999999999  -0.0422137
2802    -0.10758  0.158049  -0.041657600000000003
2803    -0.11727799999999999  0.15624499999999999  -0.0380331
2804    -0.134468  0.15812699999999999  -0.033653299999999997
2805    -0.14155599999999999  0.15640100000000001  -0.028627699999999999
2806    -0.120806  0.202907  -0.035782300000000003
2807    -0.13322200000000001  0.120973  0.037979100000000002
2808    0.0125332  0.16164600000000001  -0.065953300000000006
2809    -0.0082191799999999995  0.163803  -0.073883699999999997
2810    -0.13047900000000001  0.31388700000000003  -0.111609
2811    -0.142786  0.16123899999999999  -0.0306606
2812    -0.15343799999999999  0.15484899999999999  -0.0150242
2813    -0.144537  0.200047  -0.024232099999999999
2814    -0.10673100000000001  0.30740499999999998  -0.0040888599999999997
2815    -0.12778200000000001  0.31887300000000002  -0.11510099999999999
2816    -0.105838  0.28801399999999999  -0.0032056599999999999
2817    0.067737400000000003  0.163107  -0.035934199999999999
2818    0.058604900000000001  0.161247  -0.0394959
2819    0.044892399999999999  0.16434499999999999  -0.050403000000000003
2820    0.033806799999999998  0.16830800000000001  -0.055758799999999997
2821    0.0045763000000000002  0.16961699999999999  -0.066705100000000003
2822    -0.017063200000000001  0.166655  -0.074444800000000005
2823    -0.032694099999999997  0.16684299999999999  -0.076543700000000006
2824    -0.043353500000000003  0.168541  -0.074214600000000006
2825    -0.070142399999999994  0.165022  -0.044195900000000003
2826    -0.074840900000000002  0.16352700000000001  -0.043129399999999998
2827    -0.079394800000000001  0.163079  -0.041278700000000002
2828    -0.120701  0.16302  -0.0380278
2829    -0.108612  0.303037  -0.0034849299999999998
2830    0.036799900000000003  0.188642  -0.045018299999999997
2831    -0.112841  0.28848000000000001  -0.0035413300000000001
2832    -0.103288  0.297657  -0.0066693300000000002
2833    -0.032944899999999999  0.33946199999999999  -0.046772000000000001
2834    0.026053  0.172042  -0.060081799999999998
2835    0.0084014599999999995  0.17247299999999999  -0.065791000000000002
2836    -0.0043794000000000003  0.16652800000000001  -0.072491600000000003
2837    -0.15673200000000001  0.26506600000000002  -0.0080475500000000005
2838    -0.051748500000000003  0.16991899999999999  -0.070716000000000001
2839    -0.11054899999999999  0.24340000000000001  -0.0140444
2840    -0.068542900000000004  0.16764399999999999  -0.047716000000000001
2841    -0.087041599999999997  0.165688  -0.041983699999999999
2842    -0.100309  0.16991700000000001  -0.042305200000000001
2843    -0.108071  0.168348  -0.042002699999999997
2844    -0.111719  0.16378899999999999  -0.041955899999999997
2845    -0.12737599999999999  0.17094999999999999  -0.037033700000000003
2846    -0.121101  0.23455500000000001  -0.018103600000000001
2847    -0.138039  0.12336800000000001  0.037910100000000002
2848    -0.082914399999999999  0.20900099999999999  -0.039794799999999998
2849    0.049490100000000002  0.16864499999999999  -0.046261099999999999
2850    -0.036249400000000001  0.34581099999999998  -0.046862300000000003
2851    -0.0058916999999999997  0.17278299999999999  -0.070338700000000004
2852    -0.0599318  0.327573  -0.0326631
2853    -0.034352000000000001  0.17169200000000001  -0.075095499999999996
2854    -0.063907699999999998  0.17139299999999999  -0.049576200000000001
2855    -0.074786400000000003  0.174455  -0.046058300000000003
2856    -0.073563500000000004  0.168624  -0.043519299999999997
2857    -0.083870500000000001  0.17220099999999999  -0.042673599999999999
2858    -0.071104000000000001  0.066214499999999996  -0.059731600000000003
2859    -0.0594113  0.065535599999999999  -0.056863799999999999
2860    -0.078363500000000003  0.066537299999999994  -0.0578416
2861    -0.064441799999999994  0.065715999999999997  -0.0580057
2862    -0.053636299999999998  0.0655477  -0.051719899999999999
2863    -0.044545300000000003  0.065685099999999996  -0.050437799999999998
2864    -0.036669500000000001  0.065633999999999998  -0.048657699999999998
2865    -0.021141099999999999  0.0660723  -0.046237599999999997
2866    -0.00155652  0.0664275  -0.042825500000000002
2867    0.0248267  0.067928199999999994  -0.038392700000000002
2868    -0.015194900000000001  0.066188999999999998  -0.045136799999999998
2869    -0.085387299999999999  0.067303699999999994  -0.051447600000000003
2870    -0.069289400000000001  0.065734799999999996  -0.054506899999999997
2871    -0.048633200000000001  0.066239699999999999  -0.041765799999999999
2872    -0.038144699999999997  0.065976599999999996  -0.042199300000000002
2873    -0.0293356  0.066311800000000004  -0.040727699999999999
2874    -0.018277399999999999  0.066651600000000005  -0.0386629
2875    -0.00501418  0.066845000000000002  -0.036197
2876    0.0075896599999999998  0.066862900000000003  -0.034336800000000001
2877    0.018957499999999999  0.066855600000000001  -0.030734000000000001
2878    0.030705  0.067935700000000002  -0.028059799999999999
2879    -0.078992699999999999  0.065622299999999995  -0.049681700000000002
2880    -0.066051600000000002  0.065979499999999996  -0.0417907
2881    -0.056815600000000001  0.065903600000000007  -0.043449799999999997
2882    -0.038002899999999999  0.067475199999999999  -0.038453800000000003
2883    -0.031017900000000001  0.067628099999999997  -0.037275500000000003
2884    -0.0224064  0.067794699999999999  -0.035775700000000001
2885    0.0166473  0.067504599999999998  -0.0274392
2886    0.027460999999999999  0.067580200000000007  -0.0351905
2887    -0.086994600000000005  0.065609200000000006  -0.042336899999999997
2888    -0.0515696  0.068519899999999995  -0.039129999999999998
2889    -0.016334700000000001  0.069903400000000004  -0.033237099999999999
2890    0.0016981500000000001  0.068121500000000001  -0.031566999999999998
2891    0.0086250100000000007  0.067945900000000004  -0.0302019
2892    0.023412599999999999  0.067028500000000005  -0.023060299999999999
2893    -0.072908000000000001  0.066035899999999995  -0.039387199999999997
2894    -0.0081314000000000004  0.067956799999999998  -0.033320900000000001
2895    0.0139033  0.073392200000000005  -0.0237787
2896    0.028637900000000001  0.067368300000000006  -0.012438100000000001
2897    -0.080075099999999996  0.066050999999999999  -0.0300921
2898    -0.062870499999999996  0.069458599999999995  -0.0374998
2899    -0.051440399999999997  0.074935600000000005  -0.034992200000000001
2900    -0.039638800000000002  0.073644699999999994  -0.0349842
2901    -0.019566900000000002  0.0742009  -0.031424500000000001
2902    -0.0057519199999999998  0.0761077  -0.027268299999999999
2903    -0.00088969099999999996  0.073781200000000005  -0.0290469
2904    0.022051299999999999  0.067319799999999999  -0.0139586
2905    -0.091465400000000002  0.067971299999999998  -0.035035700000000003
2906    -0.0578042  0.074083800000000005  -0.035127100000000001
2907    -0.0437349  0.075643699999999994  -0.032557599999999999
2908    -0.013121499999999999  0.076417600000000002  -0.027114599999999999
2909    0.0043836500000000002  0.075249200000000002  -0.026316300000000001
2910    0.019982400000000001  0.068399100000000004  -0.021346500000000001
2911    -0.090675699999999998  0.065949599999999997  -0.032805800000000003
2912    -0.089460899999999996  0.065664799999999995  -0.025330800000000001
2913    -0.055805199999999999  0.075865100000000005  -0.031604599999999997
2914    -0.035111000000000003  0.075732400000000005  -0.031472300000000002
2915    -0.027328600000000002  0.075893500000000003  -0.0299799
2916    -0.023046899999999999  0.076310100000000006  -0.025381299999999999
2917    -0.00191862  0.076806399999999997  -0.0228259
2918    0.012782099999999999  0.075529799999999994  -0.016239099999999999
2919    0.018273600000000001  0.068843699999999994  -0.0146908
2920    0.034111599999999999  0.068543499999999993  -0.0128421
2921    0.039153899999999998  0.068775100000000006  -0.0078052800000000004
2922    -0.094626100000000005  0.066370499999999999  -0.0281438
2923    -0.077783699999999997  0.0667209  -0.028988199999999999
2924    -0.071727700000000005  0.067502999999999994  -0.033881799999999997
2925    -0.062412000000000002  0.075234700000000002  -0.032073900000000002
2926    -0.0500226  0.0755768  -0.023589200000000001
2927    -0.00783324  0.076523499999999994  -0.018148399999999999
2928    0.0085080599999999996  0.075847499999999998  -0.022582999999999999
2929    0.017289499999999999  0.066823099999999996  0.00021466700000000001
2930    0.040089600000000003  0.068290000000000003  -0.00175997
2931    0.041946299999999999  0.068250099999999994  -0.0026065699999999999
2932    -0.098950800000000005  0.065956100000000004  -0.0251779
2933    -0.075216099999999994  0.068989900000000007  -0.026550799999999999
2934    -0.067180599999999993  0.074710100000000002  -0.0291953
2935    -0.033483600000000002  0.075914800000000004  -0.019678000000000001
2936    -0.0016994099999999999  0.076712000000000002  -0.0146263
2937    0.0045606800000000001  0.076966099999999996  -0.017420600000000001
2938    0.0084657699999999992  0.076154700000000006  -0.0111459
2939    0.0119801  0.074651700000000001  -0.012094499999999999
2940    0.012589899999999999  0.069347800000000001  -0.0072068200000000001
2941    0.0140395  0.067718200000000006  -0.0056087100000000003
2942    0.0341657  0.067138500000000004  0.0026036499999999999
2943    0.044610900000000002  0.068315100000000004  0.00154068
2944    0.048728199999999999  0.070672899999999997  0.00028742500000000001
2945    0.054828700000000001  0.071913699999999997  0.00038124699999999998
2946    0.060582999999999998  0.074651400000000007  -0.00188999
2947    0.070740899999999995  0.077582799999999993  -0.00183092
2948    -0.109316  0.066746  -0.022872900000000002
2949    -0.10338899999999999  0.066120100000000001  -0.022552800000000001
2950    -0.081417699999999996  0.066595600000000005  -0.018746200000000001
2951    -0.070907700000000004  0.074791499999999997  -0.02445
2952    0.028213499999999999  0.066848400000000002  0.0026983900000000002
2953    0.043760500000000001  0.067605600000000002  0.0067247000000000001
2954    0.049508700000000003  0.068364800000000003  0.0061877800000000004
2955    -0.115144  0.066007200000000002  -0.020755099999999999
2956    -0.11233  0.065735799999999997  -0.020346900000000001
2957    -0.108638  0.065408900000000006  -0.015925100000000001
2958    -0.095877400000000002  0.065656099999999995  -0.021437100000000001
2959    -0.085588600000000001  0.065994200000000003  -0.010669100000000001
2960    -0.081805299999999997  0.066683500000000007  -0.0112789
2961    -0.0778475  0.069021600000000002  -0.020199499999999999
2962    0.00636471  0.068526500000000004  0.0020797599999999999
2963    0.010001299999999999  0.066483600000000004  0.0054052500000000003
2964    0.017714500000000001  0.067603099999999999  0.0058955300000000004
2965    0.032284100000000003  0.069045499999999996  0.0057984100000000004
2966    0.0505619  0.068051600000000004  0.010464599999999999
2967    0.058430500000000003  0.068961099999999997  0.0118397
2968    0.061139899999999997  0.070910799999999996  0.00701361
2969    -0.12221  0.066059800000000002  -0.018133199999999999
2970    -0.118849  0.065763000000000002  -0.017380900000000001
2971    -0.100338  0.065452300000000005  -0.018266500000000001
2972    -0.065835299999999999  0.075418399999999997  -0.021162899999999998
2973    -0.0179461  0.076020199999999996  -0.010057099999999999
2974    0.0066715100000000003  0.074173699999999995  -0.0046712100000000003
2975    0.026319599999999999  0.067687399999999995  0.0059399500000000003
2976    0.029993200000000001  0.070944300000000002  0.0071907000000000004
2977    0.0417854  0.067421999999999996  0.0103871
2978    0.044920099999999998  0.067075899999999994  0.015993899999999998
2979    0.078450000000000006  0.076529399999999997  0.0082557900000000007
2980    -0.124755  0.066098400000000002  -0.015642199999999998
2981    -0.051724399999999997  0.074971999999999997  -0.0079558500000000004
2982    -0.044409499999999998  0.0754967  -0.018703000000000001
2983    -0.0065535300000000001  0.076033100000000006  -0.00038019200000000001
2984    0.00622639  0.066941899999999999  0.0075199300000000002
2985    0.0095795600000000009  0.066840499999999997  0.0084371499999999992
2986    0.015028400000000001  0.067899500000000002  0.010591700000000001
2987    0.0184596  0.070536500000000002  0.00886348
2988    0.037086000000000001  0.071191299999999999  0.0125849
2989    0.064466300000000004  0.069565500000000002  0.017588199999999998
2990    -0.155753  0.21829499999999999  0.089339500000000002
2991    -0.104542  0.065464700000000001  -0.00662965
2992    -0.091266100000000003  0.065707000000000002  -0.010430699999999999
2993    -0.078242900000000004  0.067327799999999993  -0.0041189699999999996
2994    -0.074799400000000002  0.074949500000000002  -0.0138884
2995    -0.0398115  0.075262700000000002  -0.0063693600000000001
2996    -0.0301254  0.075658199999999995  -0.0080788300000000004
2997    -0.028597999999999998  0.075213199999999994  -0.00082185699999999995
2998    0.00013886399999999999  0.076131799999999999  -0.00188499
2999    0.00056523100000000002  0.074099700000000004  0.00380299
3000    0.012175699999999999  0.068781800000000004  0.0128215
3001    0.0154313  0.071117700000000006  0.0113592
3002    0.047912000000000003  0.067240099999999997  0.019271400000000001
3003    0.0660361  0.069630499999999998  0.023311599999999998
3004    0.075161099999999995  0.073643500000000001  0.020636999999999999
3005    -0.095812999999999995  0.065772399999999995  -0.00156588
3006    -0.080833500000000003  0.066078799999999993  -0.00160866
3007    -0.073722999999999997  0.065937999999999997  0.0051289999999999999
3008    -0.069499099999999994  0.075018799999999997  -0.0057884900000000003
3009    -0.0598565  0.075121199999999999  -0.0058982000000000001
3010    -0.011606099999999999  0.075692099999999998  0.0062645599999999997
3011    0.0093353199999999994  0.066528299999999999  0.017988799999999999
3012    0.042576099999999999  0.070483799999999999  0.0204201
3013    0.048890400000000001  0.067914500000000003  0.027413400000000001
3014    0.0544556  0.067769899999999994  0.020847299999999999
3015    0.071381399999999998  0.072100499999999998  0.026025400000000001
3016    0.094640799999999997  0.083688499999999999  0.022957100000000001
3017    -0.129159  0.065719399999999997  -0.0076279199999999998
3018    -0.110321  0.0654116  -0.0044903399999999998
3019    -0.0909055  0.065939800000000007  0.0010414599999999999
3020    -0.081745100000000001  0.065572000000000005  0.0077844699999999999
3021    -0.018170700000000001  0.075363399999999997  0.013583100000000001
3022    -0.0053854000000000003  0.075250600000000001  0.011998699999999999
3023    0.00146251  0.068559400000000006  0.010586699999999999
3024    0.00011048300000000001  0.067966600000000002  0.0194451
3025    0.0047498899999999997  0.066811800000000005  0.023100800000000001
3026    0.0065646300000000001  0.0669096  0.019191799999999998
3027    0.0086685500000000006  0.066837400000000005  0.022595299999999999
3028    0.010082000000000001  0.066162799999999994  0.021954899999999999
3029    -0.13500799999999999  0.065910800000000005  -0.0056035399999999997
3030    -0.12288300000000001  0.065276200000000006  -0.0072755700000000003
3031    -0.097343399999999997  0.065481499999999998  0.0085606199999999997
3032    -0.058494299999999999  0.0749755  0.0018686099999999999
3033    -0.048571499999999997  0.0750059  0.00096173600000000004
3034    -0.0242513  0.0752414  0.0092271000000000002
3035    0.0106252  0.065929799999999997  0.0258345
3036    0.0435643  0.071618899999999999  0.027368
3037    0.059935799999999997  0.068932199999999999  0.028552999999999999
3038    -0.139629  0.067123600000000005  -9.7936299999999999e-05
3039    -0.13069600000000001  0.065382099999999999  0.00138821
3040    -0.090368900000000002  0.065516900000000003  0.0083168700000000005
3041    -0.071546999999999999  0.066026100000000004  0.019896400000000002
3042    -0.069013000000000005  0.066017500000000007  0.0096006400000000006
3043    -0.0622862  0.0747892  0.00300586
3044    -0.042483300000000002  0.074805399999999994  0.013483500000000001
3045    -0.031624800000000002  0.075141200000000005  0.0097359600000000001
3046    0.0078984899999999993  0.066640699999999997  0.027887700000000001
3047    0.041984899999999999  0.071134799999999998  0.031051800000000001
3048    0.046565500000000003  0.067833699999999997  0.0337019
3049    0.077272300000000002  0.075636800000000004  0.031536300000000003
3050    0.087283200000000005  0.079826900000000006  0.026717000000000001
3051    0.086495199999999994  0.080926499999999998  0.036536399999999997
3052    0.093560099999999993  0.083964899999999995  0.035286400000000002
3053    -0.107525  0.137409  0.075868599999999994
3054    -0.113826  0.065666299999999997  0.0045690599999999998
3055    -0.086033799999999994  0.066287899999999997  0.012920299999999999
3056    -0.057066600000000002  0.074466099999999993  0.011559699999999999
3057    -0.053799199999999998  0.074376100000000001  0.0193165
3058    -0.0091870100000000007  0.075266100000000002  0.020411499999999999
3059    -0.0055085400000000001  0.073964000000000002  0.018104800000000001
3060    0.014619500000000001  0.067159800000000006  0.032645899999999999
3061    0.042142699999999998  0.070505499999999999  0.034530600000000002
3062    0.0549527  0.068782599999999999  0.034072900000000003
3063    0.056924799999999998  0.070447399999999993  0.039111
3064    -0.13961999999999999  0.066630700000000001  0.0049434700000000002
3065    -0.136959  0.066267699999999999  0.0117336
3066    -0.116829  0.065452700000000003  0.0023024600000000001
3067    -0.100997  0.065657499999999994  0.015623700000000001
3068    -0.093237299999999995  0.065789100000000003  0.011994299999999999
3069    -0.060924600000000002  0.066304299999999997  0.021475899999999999
3070    -0.0271992  0.075055999999999998  0.018806799999999999
3071    -0.015827500000000001  0.075146500000000005  0.0292444
3072    -0.00139511  0.069343100000000005  0.028438999999999999
3073    0.010792400000000001  0.066911600000000002  0.032783300000000001
3074    0.013827600000000001  0.067170999999999995  0.038587499999999997
3075    0.015950499999999999  0.068161399999999997  0.035388200000000002
3076    0.019762700000000001  0.068071000000000007  0.036422900000000001
3077    0.037118100000000001  0.070723599999999998  0.037559700000000001
3078    0.0349415  0.067799399999999996  0.043182600000000002
3079    0.041745699999999997  0.068002999999999994  0.039084000000000001
3080    0.047060600000000001  0.068969699999999995  0.043862900000000003
3081    0.079378400000000002  0.078584600000000004  0.040983699999999998
3082    -0.142346  0.069606600000000005  0.0022632099999999999
3083    -0.096287800000000007  0.0667904  0.015384699999999999
3084    -0.091683899999999999  0.069823899999999994  0.0157926
3085    -0.087963899999999998  0.070097599999999996  0.0162314
3086    -0.085837999999999998  0.070348900000000006  0.0164376
3087    -0.076528799999999994  0.0658942  0.016012700000000001
3088    -0.067598400000000003  0.066087999999999994  0.024641300000000001
3089    0.00049957799999999998  0.069574899999999995  0.035219100000000003
3090    0.0024450399999999999  0.067682699999999998  0.032793299999999997
3091    0.0074224199999999999  0.067904000000000006  0.040060100000000001
3092    0.0243016  0.067855399999999996  0.041099799999999999
3093    0.025996600000000002  0.067304500000000003  0.041940999999999999
3094    0.028039399999999999  0.067394599999999999  0.042272900000000002
3095    0.068030999999999994  0.073698299999999994  0.039755699999999998
3096    -0.17610300000000001  0.22641900000000001  0.054809700000000003
3097    -0.102675  0.066591700000000004  0.019689100000000001
3098    -0.098215700000000003  0.068279099999999995  0.019310799999999999
3099    -0.095138200000000006  0.070300199999999993  0.018119099999999999
3100    -0.076784599999999995  0.071115600000000001  0.021123300000000001
3101    -0.067618300000000006  0.066553500000000002  0.027461300000000001
3102    -0.063813900000000007  0.0659608  0.0269976
3103    -0.035210900000000003  0.074928599999999998  0.019588499999999998
3104    -0.024330600000000001  0.074871800000000002  0.0293163
3105    -0.00748549  0.075006900000000001  0.0289453
3106    -0.0053777299999999998  0.073811500000000002  0.029380900000000001
3107    0.0198827  0.067979899999999996  0.041747800000000002
3108    0.0251732  0.067712900000000006  0.044393200000000001
3109    0.056088300000000001  0.074098899999999995  0.049116600000000003
3110    0.062006800000000001  0.074429300000000004  0.0467891
3111    0.097673999999999997  0.088081099999999996  0.040889200000000001
3112    -0.14188799999999999  0.068723800000000002  0.0114013
3113    -0.13164500000000001  0.066534800000000005  0.021687700000000001
3114    -0.10565099999999999  0.065657300000000002  0.0214454
3115    -0.10291  0.0656751  0.024207099999999999
3116    -0.072014300000000003  0.070938799999999996  0.025690000000000001
3117    -0.048006199999999999  0.074223999999999998  0.024331999999999999
3118    -0.0386132  0.074678800000000004  0.0272435
3119    -0.0035044299999999998  0.075136300000000003  0.038174600000000003
3120    0.012296899999999999  0.068166900000000002  0.0456622
3121    0.034263000000000002  0.068218799999999996  0.050341900000000002
3122    0.076875899999999997  0.080069299999999996  0.048436899999999998
3123    0.083820400000000003  0.082697300000000001  0.046218599999999999
3124    -0.123987  0.065908499999999995  0.0164324
3125    -0.114181  0.065766000000000005  0.020162900000000001
3126    -0.10417  0.065749699999999994  0.027382299999999998
3127    -0.0699124  0.070264699999999999  0.030349899999999999
3128    -0.058593600000000003  0.066871700000000006  0.031303499999999998
3129    -0.0460017  0.074430499999999997  0.032375899999999999
3130    -0.0297434  0.074965000000000004  0.031448999999999998
3131    -0.00058574400000000002  0.075496499999999994  0.042962199999999999
3132    0.0040144899999999999  0.070089499999999999  0.0412948
3133    0.019778199999999999  0.0679815  0.050301699999999998
3134    0.026029500000000001  0.068104999999999999  0.055609800000000001
3135    0.069573700000000002  0.081604700000000002  0.054542899999999998
3136    -0.14632800000000001  0.132239  0.038278199999999998
3137    -0.10778799999999999  0.0656471  0.0295897
3138    -0.062906599999999993  0.066650100000000004  0.041399900000000003
3139    -0.056805599999999998  0.069186399999999995  0.034635899999999997
3140    -0.052027900000000002  0.073908399999999999  0.0307499
3141    0.0082730000000000008  0.071303699999999998  0.046753599999999999
3142    0.0226617  0.069146899999999997  0.057081800000000002
3143    0.043699399999999999  0.070811499999999999  0.0547874
3144    0.049470500000000001  0.074843999999999994  0.057092999999999998
3145    0.089436199999999993  0.0858212  0.047316900000000002
3146    -0.16699800000000001  0.15729399999999999  0.039371799999999998
3147    -0.15842999999999999  0.21466299999999999  0.068814700000000006
3148    -0.13622899999999999  0.068845400000000001  0.0227218
3149    -0.124649  0.066573499999999994  0.0287548
3150    -0.10753600000000001  0.065800800000000007  0.036503500000000001
3151    -0.105392  0.064579200000000003  0.035142199999999998
3152    -0.070847900000000005  0.069692299999999999  0.037723199999999998
3153    -0.067152400000000001  0.066459400000000002  0.0376318
3154    -0.060124900000000002  0.0678811  0.042261100000000003
3155    0.0054332299999999998  0.075542499999999999  0.049068399999999998
3156    0.017571799999999999  0.069463499999999997  0.052240700000000001
3157    0.040676999999999998  0.069002599999999997  0.054289799999999999
3158    0.060925199999999999  0.078049099999999996  0.052549999999999999
3159    0.076696600000000004  0.085247199999999995  0.056714399999999998
3160    0.084828000000000001  0.088121500000000005  0.054505900000000003
3161    -0.12889900000000001  0.067763599999999993  0.028872499999999999
3162    -0.104464  0.065013000000000001  0.038429499999999998
3163    -0.056134499999999997  0.073593000000000006  0.040468799999999999
3164    -0.037740599999999999  0.074703800000000001  0.0398301
3165    -0.029345  0.074941300000000002  0.043316500000000001
3166    -0.013747000000000001  0.075350600000000004  0.043439100000000001
3167    0.038185999999999998  0.068936499999999998  0.064298099999999997
3168    0.050725800000000001  0.077576500000000007  0.061546499999999997
3169    0.054078099999999997  0.0801597  0.060792600000000002
3170    0.062497400000000002  0.081625000000000003  0.055243
3171    -0.10253900000000001  0.127271  0.068059800000000004
3172    -0.114763  0.12366000000000001  0.058229200000000002
3173    -0.116455  0.0663049  0.037480399999999997
3174    -0.105332  0.066290199999999994  0.039603699999999999
3175    -0.103536  0.065444699999999995  0.0417147
3176    -0.069698599999999999  0.066739699999999999  0.047368899999999999
3177    -0.069035899999999997  0.066867200000000002  0.052449900000000001
3178    -0.055468299999999998  0.073615100000000003  0.044614099999999997
3179    -0.050224600000000001  0.074426000000000006  0.045642799999999997
3180    0.0087985600000000004  0.076649800000000004  0.0551496
3181    0.0141055  0.076629600000000006  0.0580221
3182    0.027021300000000002  0.0680341  0.064295900000000003
3183    0.081984899999999999  0.093051099999999998  0.062130299999999999
3184    -0.14438200000000001  0.21551899999999999  0.084675500000000001
3185    -0.17311699999999999  0.219526  0.068578399999999998
3186    -0.17664299999999999  0.22267799999999999  0.065962300000000001
3187    -0.14266499999999999  0.208588  0.073073600000000002
3188    -0.122222  0.067930599999999994  0.041884299999999999
3189    -0.12096999999999999  0.066977800000000004  0.036586500000000001
3190    -0.107296  0.066111100000000006  0.043904800000000001
3191    -0.074939699999999998  0.069359100000000007  0.0477297
3192    -0.072319300000000003  0.069149000000000002  0.047480099999999997
3193    -0.059034200000000002  0.070654499999999995  0.046401999999999999
3194    -0.0365744  0.075193599999999999  0.052594000000000002
3195    0.0178998  0.074851600000000004  0.0604453
3196    0.019791900000000001  0.071749300000000002  0.064386799999999994
3197    0.022063599999999999  0.069027699999999997  0.065345899999999998
3198    0.043560799999999997  0.073180300000000004  0.067629700000000001
3199    -0.119579  0.12976199999999999  0.066270300000000004
3200    -0.14074500000000001  0.28762599999999999  -0.046480100000000003
3201    -0.165326  0.21604300000000001  0.0736063
3202    -0.171899  0.22292100000000001  0.055647799999999997
3203    -0.083797499999999997  0.066302399999999997  0.052026700000000002
3204    -0.082018499999999994  0.065912200000000004  0.052740299999999997
3205    -0.075318099999999999  0.066943299999999997  0.0532592
3206    -0.064227599999999996  0.067658099999999999  0.051428599999999998
3207    -0.062576499999999993  0.070033300000000007  0.054773099999999998
3208    -0.059186900000000001  0.073830699999999999  0.053999800000000001
3209    -0.040368599999999998  0.075088299999999997  0.051618700000000003
3210    -0.021173000000000001  0.075341599999999995  0.0504936
3211    -0.0154244  0.075909900000000002  0.057516999999999999
3212    0.0014375799999999999  0.076269000000000003  0.052380999999999997
3213    0.012072299999999999  0.077222399999999997  0.065686099999999997
3214    0.0173636  0.074786000000000005  0.065566700000000006
3215    0.016715000000000001  0.068239499999999995  0.071037199999999995
3216    0.0210399  0.067691500000000002  0.077958100000000002
3217    0.033633999999999997  0.068398100000000003  0.073502600000000001
3218    0.038358700000000003  0.070543700000000001  0.074160400000000001
3219    -0.155504  0.14806900000000001  0.052968700000000001
3220    -0.124002  0.120236  -0.00064757200000000001
3221    -0.12537799999999999  0.068934899999999993  0.044447500000000001
3222    -0.123486  0.067166699999999996  0.049297500000000001
3223    -0.10349899999999999  0.067074300000000003  0.052883800000000002
3224    -0.10154299999999999  0.065929000000000001  0.0488764
3225    -0.089472300000000005  0.066220500000000002  0.054590100000000003
3226    -0.080009399999999994  0.067061599999999999  0.056374300000000002
3227    -0.068535100000000002  0.0680283  0.063115099999999993
3228    -0.057641900000000003  0.074324200000000007  0.057472599999999999
3229    -0.0098227799999999997  0.076843400000000006  0.069423499999999999
3230    -0.0058540700000000003  0.076073799999999997  0.055678800000000001
3231    0.0094206499999999992  0.068260100000000004  0.073065199999999997
3232    -0.139296  0.28826600000000002  -0.052162500000000001
3233    -0.11531  0.11666899999999999  0.0030099900000000001
3234    -0.12634300000000001  0.069209699999999999  0.047549000000000001
3235    -0.035931299999999999  0.075764499999999999  0.062149900000000001
3236    -0.030252600000000001  0.075551499999999994  0.057720199999999999
3237    -0.021918900000000002  0.076818899999999996  0.071344199999999997
3238    -0.00025515999999999999  0.077441800000000005  0.069939399999999999
3239    0.0069909999999999998  0.077205899999999994  0.068082299999999998
3240    0.0040480400000000001  0.0681451  0.075585399999999997
3241    0.034162900000000003  0.070621199999999995  0.081387200000000007
3242    0.038975099999999999  0.073572700000000005  0.080186300000000002
3243    -0.14813000000000001  0.21776000000000001  0.090380000000000002
3244    -0.094611799999999996  0.133713  0.076722200000000004
3245    -0.15668699999999999  0.21334400000000001  0.062897900000000007
3246    -0.14019899999999999  0.29077399999999998  -0.069159799999999994
3247    -0.143428  0.212815  0.074809100000000003
3248    -0.15112800000000001  0.15049599999999999  0.063003100000000006
3249    -0.12842000000000001  0.1193  0.0079612499999999996
3250    -0.11471199999999999  0.066840700000000003  0.051612199999999997
3251    -0.10945199999999999  0.0670322  0.056991
3252    -0.071350700000000003  0.0674202  0.064359600000000003
3253    -0.0496978  0.075212799999999996  0.0599074
3254    0.0067616799999999999  0.067686499999999997  0.082045900000000005
3255    0.015810899999999999  0.067582699999999996  0.077239000000000002
3256    0.029815299999999999  0.068729899999999997  0.080852300000000002
3257    -0.115603  0.14344599999999999  0.080400100000000002
3258    -0.13304299999999999  0.122838  0.0038498199999999999
3259    -0.12561  0.11820700000000001  0.0097909699999999995
3260    -0.13754  0.28932600000000003  -0.061657900000000002
3261    -0.118176  0.0671847  0.062521099999999996
3262    -0.098293199999999997  0.067523200000000005  0.065203700000000003
3263    -0.096318899999999999  0.067365800000000003  0.058160099999999999
3264    -0.089113399999999995  0.067608199999999993  0.0601574
3265    -0.084383799999999995  0.067229899999999995  0.057775399999999998
3266    -0.068211499999999994  0.068218399999999998  0.067149299999999995
3267    -0.063380699999999998  0.073141600000000001  0.0641679
3268    -0.060710199999999999  0.074820300000000006  0.065864199999999998
3269    -0.054971199999999998  0.075561500000000004  0.064791399999999999
3270    -0.044291999999999998  0.075064199999999998  0.055495900000000001
3271    -0.035778999999999998  0.076389200000000004  0.070003599999999999
3272    -0.0076546599999999998  0.077297400000000002  0.072090699999999994
3273    -0.010314800000000001  0.068565699999999993  0.079309099999999993
3274    0.012072899999999999  0.068414100000000005  0.086560200000000004
3275    0.020138400000000001  0.068232699999999993  0.0842006
3276    0.031909199999999999  0.071751400000000007  0.084808099999999997
3277    -0.152002  0.21107300000000001  0.067571300000000001
3278    -0.142757  0.21920500000000001  0.094639200000000007
3279    -0.171712  0.21921299999999999  0.080602499999999994
3280    -0.079778199999999994  0.067505399999999993  0.067302000000000001
3281    -0.063165600000000002  0.067372600000000005  0.076085399999999997
3282    -0.016502800000000001  0.068347199999999997  0.0812108
3283    -0.0037228299999999999  0.0683  0.077691099999999999
3284    -0.0029136000000000001  0.067761600000000005  0.087096400000000004
3285    0.0032564500000000001  0.068424700000000005  0.088325600000000004
3286    0.0196227  0.070177000000000003  0.087769899999999998
3287    0.0258678  0.070851700000000004  0.086578799999999997
3288    -0.151363  0.14204  0.053818400000000002
3289    -0.146646  0.22351599999999999  0.099434599999999998
3290    -0.154473  0.21030099999999999  0.063375799999999996
3291    -0.168045  0.22001499999999999  0.058017399999999997
3292    -0.14316200000000001  0.128439  0.0071585800000000003
3293    -0.123043  0.115398  0.021740200000000001
3294    -0.11945799999999999  0.114206  0.026975599999999999
3295    -0.128333  0.068011600000000005  0.056887
3296    -0.10722  0.067446099999999995  0.071426199999999995
3297    -0.087193699999999999  0.067750900000000003  0.0698323
3298    -0.069345000000000004  0.067446199999999998  0.071584599999999998
3299    -0.0569483  0.075389999999999999  0.070635500000000004
3300    -0.0443881  0.0766067  0.075647000000000006
3301    -0.029520100000000001  0.076691700000000002  0.074315199999999998
3302    -0.024766199999999999  0.068628099999999997  0.083253499999999994
3303    -0.022985499999999999  0.068103800000000006  0.084013199999999996
3304    0.010676700000000001  0.070181199999999999  0.089503600000000003
3305    0.020449700000000001  0.073381000000000002  0.087903200000000001
3306    -0.136684  0.217361  0.085242100000000001
3307    -0.158303  0.210143  0.058110799999999997
3308    -0.151672  0.223888  0.097036399999999995
3309    -0.14799499999999999  0.22955300000000001  0.102614
3310    -0.13844699999999999  0.12429999999999999  0.0081368599999999992
3311    -0.13583300000000001  0.120617  0.015118899999999999
3312    -0.130164  0.11840199999999999  0.017797199999999999
3313    -0.11524  0.11383600000000001  0.032713100000000002
3314    -0.12917300000000001  0.068428799999999998  0.067768700000000001
3315    -0.12638099999999999  0.067305299999999998  0.064865999999999993
3316    -0.075459899999999996  0.068010699999999993  0.081559300000000001
3317    -0.058366700000000001  0.067575300000000005  0.080422400000000005
3318    -0.051897899999999997  0.076307600000000003  0.074270199999999995
3319    -0.0294051  0.077385700000000002  0.078054999999999999
3320    -0.0299343  0.068144800000000005  0.085444900000000004
3321    -0.0118204  0.067707799999999999  0.088702500000000004
3322    0.00047020100000000001  0.070594199999999996  0.091614000000000001
3323    0.0062465899999999998  0.071410199999999993  0.090638899999999994
3324    0.0120687  0.074326000000000003  0.089312699999999995
3325    -0.15590999999999999  0.22279099999999999  0.0914576
3326    -0.17024  0.21926000000000001  0.045123299999999998
3327    -0.16436300000000001  0.217034  0.081744899999999995
3328    -0.163828  0.21718100000000001  0.062983300000000006
3329    -0.14876500000000001  0.13241  0.0112552
3330    -0.14546500000000001  0.12873299999999999  0.0149163
3331    -0.13861100000000001  0.121697  0.020761700000000001
3332    -0.13142699999999999  0.11806  0.028802899999999999
3333    -0.091056200000000004  0.067736400000000002  0.080671699999999999
3334    -0.051326400000000001  0.067968200000000006  0.085117999999999999
3335    -0.045387700000000003  0.068223400000000003  0.086100899999999994
3336    -0.046566499999999997  0.068144800000000005  0.089431499999999997
3337    -0.0138183  0.068340300000000007  0.092572100000000004
3338    -0.00536937  0.069174100000000002  0.091922299999999998
3339    -0.14854500000000001  0.21201600000000001  0.073110300000000003
3340    -0.160186  0.14980499999999999  0.044271100000000001
3341    -0.13439100000000001  0.119072  0.0242799
3342    -0.11194  0.113944  0.035624900000000001
3343    -0.131247  0.069970699999999997  0.061882300000000001
3344    -0.128196  0.068789400000000001  0.074041499999999996
3345    -0.100468  0.067699400000000007  0.071771199999999993
3346    -0.082531800000000002  0.068085999999999994  0.080706700000000006
3347    -0.039388199999999998  0.068010500000000002  0.094813800000000004
3348    -0.026580400000000001  0.067905699999999999  0.091750200000000004
3349    -0.021370199999999999  0.0693912  0.096596299999999996
3350    -0.013879600000000001  0.070481699999999994  0.095888399999999999
3351    -0.0060935399999999997  0.072489499999999998  0.0936607
3352    -0.099868200000000004  0.13064100000000001  0.0716146
3353    -0.134051  0.12839500000000001  0.052116099999999999
3354    -0.124613  0.116768  0.033574600000000003
3355    -0.078575400000000004  0.070383399999999999  0.083871100000000004
3356    -0.069663299999999997  0.068051  0.085846199999999998
3357    -0.060550300000000001  0.068373000000000003  0.091707200000000003
3358    -0.032611399999999999  0.068422200000000002  0.0978903
3359    -0.132525  0.15438299999999999  0.079952800000000004
3360    -0.17111499999999999  0.22866400000000001  0.0922592
3361    -0.13442299999999999  0.220356  0.091240199999999994
3362    -0.151558  0.214949  0.085430000000000006
3363    -0.16009300000000001  0.14569799999999999  0.0059040300000000002
3364    -0.15696599999999999  0.140539  0.012040199999999999
3365    -0.105242  0.12220200000000001  0.059244499999999999
3366    -0.14582800000000001  0.128638  0.020290300000000001
3367    -0.14196400000000001  0.12628800000000001  0.025665199999999999
3368    -0.13878799999999999  0.122476  0.0269257
3369    -0.113894  0.11545  0.038876099999999997
3370    -0.12560199999999999  0.069584300000000002  0.081759499999999999
3371    -0.124386  0.068023399999999998  0.078618400000000005
3372    -0.119079  0.067565500000000001  0.080460000000000004
3373    -0.099508399999999997  0.067851900000000007  0.086544099999999999
3374    -0.094125899999999998  0.068514599999999995  0.086357000000000003
3375    -0.084944699999999998  0.070944300000000002  0.086598400000000006
3376    -0.16413900000000001  0.223216  0.092195799999999994
3377    -0.0722555  0.070272000000000001  0.087875599999999998
3378    -0.056122999999999999  0.068412399999999998  0.097830399999999998
3379    -0.024321800000000001  0.070651400000000003  0.098729399999999995
3380    -0.020183599999999999  0.074276999999999996  0.097501199999999996
3381    -0.16109200000000001  0.21634300000000001  0.057781100000000002
3382    -0.099393700000000001  0.136685  0.0749996
3383    -0.14013300000000001  0.135855  0.059668499999999999
3384    -0.15187700000000001  0.13808799999999999  0.042937500000000003
3385    -0.15595000000000001  0.21394099999999999  0.075497300000000003
3386    -0.176179  0.22195699999999999  0.078190700000000002
3387    -0.15611  0.13831499999999999  0.019573500000000001
3388    -0.15127699999999999  0.13559599999999999  0.0141084
3389    -0.12548100000000001  0.119107  0.0407596
3390    -0.114699  0.11806  0.045327100000000002
3391    -0.11951299999999999  0.068522  0.085631700000000005
3392    -0.108695  0.067738900000000005  0.0870007
3393    -0.111196  0.13330600000000001  0.073125700000000002
3394    -0.14113800000000001  0.13029099999999999  0.0451207
3395    -0.067716600000000002  0.070441500000000004  0.093620800000000004
3396    -0.065133200000000002  0.068530999999999995  0.0927346
3397    -0.049403599999999999  0.068465600000000001  0.101133
3398    -0.037414799999999998  0.068926899999999999  0.100893
3399    -0.043664799999999997  0.30984400000000001  -0.0197267
3400    -0.11648799999999999  0.27063100000000001  -0.011975700000000001
3401    -0.034431499999999997  0.31225799999999998  -0.0204037
3402    -0.134105  0.299012  -0.093952099999999997
3403    -0.057075800000000003  0.31600299999999998  -0.0285048
3404    -0.096933800000000001  0.287748  -0.0044712700000000003
3405    -0.083887500000000004  0.29426099999999999  -0.0104148
3406    -0.026449799999999999  0.31756699999999999  -0.028412
3407    -0.025766600000000001  0.32154500000000003  -0.035192500000000002
3408    -0.13039700000000001  0.286939  -0.047939200000000001
3409    -0.022667400000000001  0.32901000000000002  -0.045667300000000001
3410    -0.123172  0.31991799999999998  -0.116205
3411    -0.122322  0.29684500000000003  -0.051671399999999999
3412    -0.070268499999999998  0.30546099999999998  -0.0202355
3413    -0.019290100000000001  0.327038  -0.043744699999999997
3414    -0.14071800000000001  0.28546700000000003  -0.040126799999999997
3415    -0.13427  0.28407500000000002  -0.0405885
3416    -0.019237199999999999  0.33676600000000001  -0.0539525
3417    -0.120481  0.32591300000000001  -0.118047
3418    -0.12506800000000001  0.29118300000000003  -0.049798599999999998
3419    -0.13127800000000001  0.29727999999999999  -0.088820700000000002
3420    -0.083405999999999994  0.29091299999999998  -0.0066399900000000001
3421    -0.12792999999999999  0.28043800000000002  -0.022723899999999998
3422    -0.12069299999999999  0.32281599999999999  -0.114625
3423    -0.13033900000000001  0.29934500000000003  -0.092829300000000003
3424    -0.124782  0.31193700000000002  -0.10756499999999999
3425    -0.124388  0.313998  -0.111177
3426    -0.052716399999999997  0.30430400000000002  -0.0083701000000000001
3427    -0.127196  0.29128100000000001  -0.0571329
3428    -0.035605699999999997  0.32224199999999997  -0.034390799999999999
3429    -0.054443800000000001  0.30475600000000003  -0.015652900000000001
3430    -0.13325699999999999  0.29474600000000001  -0.082883600000000002
3431    -0.13924400000000001  0.282335  -0.0294425
3432    -0.051406500000000001  0.30991299999999999  -0.022784200000000001
3433    -0.12507599999999999  0.31115999999999999  -0.101716
3434    -0.125915  0.28820400000000002  -0.041617599999999998
3435    -0.135908  0.28556300000000001  -0.046564899999999999
3436    -0.13078100000000001  0.30369499999999999  -0.101322
3437    -0.0183608  0.34244599999999997  -0.056526399999999997
3438    -0.071285500000000002  0.29958400000000002  -0.0143816
3439    -0.13533400000000001  0.27829799999999999  -0.019757199999999999
3440    -0.12053999999999999  0.28559400000000001  -0.0091515899999999994
3441    -0.093949500000000005  0.28230499999999997  0.0074161100000000001
3442    -0.018667099999999999  0.33252599999999999  -0.050021599999999999
3443    -0.13780400000000001  0.27999099999999999  -0.023251500000000001
3444    -0.067719100000000004  0.29728500000000002  -0.0035447199999999999
3445    -0.141931  0.28306700000000001  -0.031113600000000002
3446    -0.12771399999999999  0.306481  -0.102454
3447    -0.12978300000000001  0.30184299999999997  -0.098334299999999999
3448    -0.12508  0.28082299999999999  -0.018990400000000001
3449    -0.12940399999999999  0.28422199999999997  -0.0360795
3450    -0.080395800000000003  0.29076299999999999  -0.0035944599999999998
3451    -0.13276099999999999  0.28893999999999997  -0.057820499999999997
3452    -0.12757099999999999  0.30163800000000002  -0.082600400000000004
3453    -0.12254900000000001  0.27788499999999999  -0.0129824
3454    -0.051287300000000001  0.305058  -0.012463200000000001
3455    -0.124444  0.31065100000000001  -0.089958899999999994
3456    -0.040592400000000001  0.31471900000000003  -0.026763200000000001
3457    -0.029032200000000001  0.32514700000000002  -0.0386897
3458    -0.13094600000000001  0.27749299999999999  -0.017694000000000001
3459    -0.123221  0.29219000000000001  -0.039849599999999999
3460    -0.12867400000000001  0.27467999999999998  -0.0151538
3461    -0.098530499999999993  0.28157900000000002  0.0023386399999999999
3462    -0.123941  0.28059600000000001  -0.015848600000000001
3463    -0.12406499999999999  0.28336800000000001  -0.022787200000000001
3464    -0.0616873  0.30111700000000002  -0.0120427
3465    -0.136827  0.292348  -0.078054200000000004
3466    -0.034841900000000002  0.31554500000000002  -0.027320199999999999
3467    -0.13584299999999999  0.28315499999999999  -0.036197800000000002
3468    -0.12562000000000001  0.28646100000000002  -0.034494400000000001
3469    -0.122415  0.31795099999999998  -0.109262
3470    -0.13176499999999999  0.29116999999999998  -0.066034800000000005
3471    -0.071596999999999994  0.296371  -0.0090443699999999995
3472    -0.0924677  0.28949999999999998  -0.0061087299999999997
3473    -0.041750000000000002  0.30905100000000002  -0.016155800000000001
3474    -0.123765  0.286354  -0.027547499999999999
3475    -0.131387  0.29416500000000001  -0.075056999999999999
3476    -0.12765599999999999  0.29531200000000002  -0.068214999999999998
3477    -0.060450400000000001  0.30738500000000002  -0.021804199999999999
3478    -0.091944600000000001  0.28497400000000001  -0.00040480399999999998
3479    -0.13864499999999999  0.29769699999999999  -0.089306399999999994
3480    -0.122973  0.30031999999999998  -0.064225500000000005
3481    -0.12832499999999999  0.28269699999999998  -0.029617899999999999
3482    -0.045220799999999998  0.307315  -0.0114333
3483    -0.139603  0.294985  -0.085300799999999996
3484    -0.077609800000000007  0.29834699999999997  -0.0141339
3485    -0.101841  0.31013099999999999  -0.0077459800000000004
3486    -0.039448400000000002  0.075228500000000004  0.053802700000000002
3487    -0.13228300000000001  0.30068099999999998  0.0638151
3488    0.00878315  0.084130300000000005  0.089618600000000007
3489    -0.16919100000000001  0.20301900000000001  0.044431900000000003
3490    0.057525399999999997  0.095311699999999999  -0.021547400000000001
3491    -0.043669300000000001  0.096769900000000006  0.0930893
3492    -0.169409  0.161887  0.0207076
3493    -0.131193  0.065985699999999994  0.012019200000000001
3494    -0.078013200000000005  0.083670999999999995  -0.047451
3495    -0.117758  0.0682315  -0.0191559
3496    -0.0043406800000000004  0.19242600000000001  -0.053396899999999997
3497    0.024221199999999998  0.107983  0.100243
3498    -0.13675599999999999  0.128742  -0.0036794100000000001
3499    -0.084817699999999996  0.068325700000000003  0.034232100000000001
3500    -0.167744  0.15537899999999999  0.0301184
3501    -0.16363800000000001  0.20143  -0.0046129099999999996
3502    -0.029969800000000001  0.13940900000000001  0.107975
3503    0.0132494  0.148622  0.11039300000000001
3504    -0.13499800000000001  0.33700599999999997  -0.107473
3505    -0.064935099999999996  0.33128299999999999  -0.0075257099999999997
3506    -0.086985300000000002  0.065716300000000005  0.0047948599999999997
3507    0.045164999999999997  0.12981400000000001  -0.050489800000000001
3508    0.030047500000000001  0.25165799999999999  0.0076996499999999997
3509    -0.14933199999999999  0.29715200000000003  -0.017863400000000001
3510    -0.13457  0.30399300000000001  0.054058000000000002
3511    0.0087367199999999999  0.073888099999999998  0.049931700000000002
3512    0.0279949  0.069124400000000003  0.024565900000000002
3513    -0.122641  0.124516  -0.010037900000000001
3514    -0.12472999999999999  0.227794  0.085112999999999994
3515    0.0100427  0.103503  -0.058194000000000003
3516    -0.115284  0.065549899999999994  -0.0054742999999999997
3517    -0.00275406  0.087251300000000004  -0.051802300000000003
3518    -0.091182899999999997  0.19096299999999999  -0.0427395
3519    -0.059617499999999997  0.13842499999999999  0.077858700000000003
3520    0.0077126299999999998  0.067133899999999996  0.032639799999999997
3521    -0.17074500000000001  0.20775399999999999  0.025856400000000002
3522    0.027094099999999999  0.069370899999999999  0.0244627
3523    0.058448800000000002  0.230075  -0.0023214899999999998
3524    -0.131024  0.24990200000000001  0.095823400000000003
3525    0.0282519  0.0677402  0.044011700000000001
3526    0.072550299999999998  0.197269  -0.018261199999999998
3527    -0.117036  0.120087  0.047835599999999999
3528    0.067563700000000004  0.12883600000000001  0.076607099999999997
3529    -0.097739300000000001  0.065636200000000006  -0.0086754399999999995
3530    -0.026542900000000001  0.075988100000000003  -0.016835800000000001
3531    -0.14802999999999999  0.230432  -0.013716799999999999
3532    -0.100149  0.29461799999999999  -0.0072214999999999996
3533    -0.122312  0.31748300000000002  -0.054242899999999997
3534    -0.115579  0.25612299999999999  -0.013754199999999999
3535    0.083749599999999993  0.15046200000000001  0.0547635
3536    -0.150839  0.32317099999999999  -0.070123699999999997
3537    -0.16026000000000001  0.162137  -0.0103587
3538    0.034322499999999999  0.23263200000000001  -0.022542800000000002
3539    -0.13019700000000001  0.20518  0.077747899999999995
3540    -0.10373599999999999  0.29598000000000002  0.039121900000000001
3541    -0.028377099999999999  0.35227599999999998  -0.0421365
3542    0.049172199999999999  0.14410999999999999  0.091165700000000002
3543    -0.070066199999999995  0.071151199999999998  -0.00046800900000000002
3544    -0.15382699999999999  0.14358899999999999  -0.00489121
3545    -0.0624976  0.22067800000000001  -0.034057700000000003
3546    -0.025166500000000001  0.102385  0.099365400000000006
3547    -0.069570699999999999  0.067875000000000005  0.081696500000000005
3548    -0.181168  0.23349600000000001  0.051731600000000003
3549    -0.12764600000000001  0.31575900000000001  -0.032848099999999998
3550    -0.063839599999999996  0.13641200000000001  -0.043329300000000001
3551    -0.071545600000000001  0.070437799999999995  0.0305262
3552    -0.122923  0.077826300000000001  0.048648299999999998
3553    -0.056100299999999999  0.19062100000000001  -0.046637900000000003
3554    0.0075432099999999998  0.116519  0.107901
3555    -0.13856599999999999  0.28870699999999999  -0.056109300000000001
3556    -0.143154  0.30399399999999999  0.052451699999999997
3557    -0.094912700000000003  0.14923800000000001  -0.035293999999999999
3558    -0.052373099999999999  0.34117599999999998  -0.019791799999999998
3559    -0.12790199999999999  0.20602000000000001  0.078044299999999997
3560    -0.012313599999999999  0.075202000000000005  -0.029242400000000002
3561    0.072513300000000003  0.113853  -0.017277299999999999
3562    -0.068238900000000005  0.169518  0.084027000000000004
3563    -0.020729000000000001  0.0773504  0.075675900000000004
3564    -0.096162200000000003  0.067585999999999993  0.069758399999999998
3565    -0.040936599999999997  0.075070200000000004  0.0019907599999999998
3566    -0.13822599999999999  0.30108800000000002  0.0630241
3567    0.0045998999999999996  0.23679  -0.0253923
3568    -0.16999300000000001  0.18321699999999999  0.0057476999999999997
3569    -0.026792699999999999  0.074000700000000003  -0.032705999999999999
3570    0.036463299999999997  0.070218500000000003  -0.020085100000000002
3571    -0.114583  0.30333199999999999  0.046398799999999997
3572    -0.092615100000000006  0.067522100000000002  0.062897800000000004
3573    -0.024923899999999999  0.072757299999999997  0.098965899999999996
3574    -0.132187  0.20427000000000001  0.077244999999999994
3575    -0.083974800000000002  0.068184599999999998  0.034146999999999997
3576    -0.124151  0.30551699999999998  0.025305399999999999
3577    -0.00247752  0.082177799999999995  -0.048930700000000001
3578    -0.11157300000000001  0.30123299999999997  0.0531598
3579    -0.122098  0.12723400000000001  0.059864399999999998
3580    -0.052677000000000002  0.19316900000000001  0.085782300000000006
3581    -0.076891100000000004  0.067647299999999994  0.045847300000000001
3582    -0.138543  0.122776  0.015528699999999999
3583    -0.080851400000000004  0.073949899999999999  0.084559099999999998
3584    -0.0214168  0.075824500000000003  0.057308699999999997
3585    -0.082516000000000006  0.16944100000000001  -0.042251499999999997
3586    -0.107404  0.117392  0.048327500000000002
3587    -0.15143599999999999  0.16065399999999999  -0.020708500000000001
3588    0.058681200000000003  0.221105  -0.0152561
3589    0.045034400000000002  0.115774  0.090404100000000001
3590    -0.0071179700000000004  0.193188  -0.052415900000000001
3591    -0.0791684  0.16728999999999999  0.084380999999999998
3592    -0.098910100000000001  0.31508000000000003  0.013869899999999999
3593    -0.055964600000000003  0.0746526  0.011269599999999999
3594    -0.079541500000000001  0.065839599999999998  -0.0397495
3595    -0.033813200000000002  0.12709699999999999  -0.072804199999999999
3596    0.044940500000000001  0.069431199999999998  0.031579599999999999
3597    -0.16677700000000001  0.22182199999999999  0.088158500000000001
3598    0.057281899999999997  0.13580100000000001  0.082279900000000003
3599    -0.026044600000000001  0.18650800000000001  0.104125
3600    -0.0091572600000000004  0.22121499999999999  -0.037801500000000002
3601    -0.113898  0.20599300000000001  0.079978999999999995
3602    0.081373299999999996  0.199437  0.035886800000000003
3603    -0.0192388  0.085809300000000005  0.096409499999999995
3604    0.0046515999999999997  0.22298499999999999  0.080234799999999995
3605    -0.037532900000000001  0.34787499999999999  -0.032780400000000001
3606    -0.14188200000000001  0.12562499999999999  0.027950599999999999
3607    -0.069735900000000003  0.067804199999999995  0.042555900000000001
3608    0.034732100000000002  0.21562000000000001  0.076771400000000004
3609    -0.019945600000000001  0.075083899999999995  0.033531499999999999
3610    0.019126799999999999  0.069625400000000004  0.0106248
3611    -0.12793299999999999  0.220806  0.079348500000000002
3612    0.020003900000000002  0.068808900000000006  0.0124122
3613    -0.146005  0.29853200000000002  -0.049664100000000003
3614    -0.028651200000000002  0.174289  -0.073474899999999996
3615    -0.131744  0.065868300000000005  -0.0073079299999999998
3616    -0.050973699999999997  0.113284  -0.056636899999999997
3617    0.060637000000000003  0.23254  0.0277133
3618    -0.096624699999999994  0.29324299999999998  -0.00712154
3619    -0.146982  0.30965900000000002  -0.050048299999999997
3620    -0.069975999999999997  0.32372000000000001  -0.0046289599999999997
3621    -0.072301299999999999  0.248946  0.00222149
3622    -0.088231799999999999  0.22674800000000001  0.0645535
3623    -0.143154  0.132607  -0.000442492
3624    -0.111884  0.30616399999999999  0.00079905299999999998
3625    -0.082878800000000002  0.075805200000000003  0.085166400000000003
3626    -0.173649  0.23958099999999999  0.0030627699999999998
3627    0.024209499999999998  0.069319900000000004  0.0237168
3628    -0.17283799999999999  0.18554599999999999  0.013319599999999999
3629    -0.0265595  0.098692699999999994  0.097207100000000005
3630    -0.026821899999999999  0.36001899999999998  -0.048656400000000002
3631    -0.12331499999999999  0.065523499999999998  0.0019984199999999999
3632    -0.060483299999999997  0.33364300000000002  -0.012898099999999999
3633    0.012637600000000001  0.10299800000000001  -0.058371699999999999
3634    -0.090401400000000007  0.069041599999999995  0.021825600000000001
3635    -0.137326  0.30792999999999998  -0.093879799999999999
3636    -0.11849  0.116146  0.010710799999999999
3637    -0.091627899999999998  0.32296599999999998  0.0091142800000000006
3638    -0.16042799999999999  0.145759  0.023296299999999999
3639    -0.074861300000000006  0.074831700000000001  0.085465200000000005
3640    -0.0218683  0.089540599999999998  0.095689999999999997
3641    -0.10399899999999999  0.199408  -0.040679899999999998
3642    0.060175600000000003  0.143924  0.082312099999999999
3643    -0.100519  0.067331199999999994  0.0599359
3644    -0.11829199999999999  0.121546  0.050461399999999997
3645    -0.023833  0.138289  0.108109
3646    -0.114953  0.25816699999999998  -0.0132634
3647    -0.065592200000000003  0.33415600000000001  -0.0045357000000000001
3648    -0.124317  0.075689999999999993  0.031959099999999997
3649    -0.025387900000000001  0.070859699999999998  -0.0343988
3650    -0.085429599999999994  0.069539000000000004  0.023560999999999999
3651    -0.066781599999999997  0.068678900000000001  0.064008800000000005
3652    -0.068075399999999994  0.066064200000000003  0.019569699999999999
3653    -0.0089064299999999999  0.084491800000000006  0.093659300000000001
3654    -0.0936525  0.067618399999999995  0.067138900000000001
3655    -0.040988700000000003  0.21027499999999999  0.081686599999999998
3656    0.0084888199999999994  0.075987200000000005  -0.017379800000000001
3657    -0.119764  0.20774500000000001  0.078460000000000002
3658    -0.120092  0.33885999999999999  -0.115729
3659    -0.100332  0.29427500000000001  0.0269801
3660    -0.061593700000000001  0.31792500000000001  -0.0057636199999999997
3661    0.081057100000000007  0.129995  -0.010162600000000001
3662    -0.10906100000000001  0.130411  -0.0212608
3663    -0.12274500000000001  0.25319999999999998  0.081341899999999995
3664    -0.091086  0.13505900000000001  0.078849100000000005
3665    0.072936899999999999  0.13594400000000001  0.071159200000000006
3666    -0.059783799999999998  0.17888399999999999  0.086549500000000001
3667    0.027766300000000001  0.067857200000000006  0.046090199999999998
3668    -0.0146982  0.21787000000000001  0.082852800000000004
3669    0.096317399999999997  0.143568  0.0299128
3670    -0.084294800000000003  0.22306000000000001  0.068095699999999995
3671    -0.118161  0.30381900000000001  0.049239499999999999
3672    -0.122489  0.20650399999999999  0.078842899999999994
3673    -0.130775  0.137739  -0.0205445
3674    -0.104752  0.201458  0.080921599999999996
3675    -0.020999799999999999  0.068150199999999994  0.085913799999999999
3676    -0.078525600000000001  0.13617899999999999  -0.032070599999999998
3677    -0.093181299999999995  0.323878  0.0075816599999999996
3678    0.026918999999999998  0.149227  0.106138
3679    0.0197606  0.16067699999999999  -0.062744099999999997
3680    -0.080525899999999997  0.084659600000000002  0.082536499999999999
3681    -0.015131800000000001  0.071779200000000001  -0.032160000000000001
3682    -0.099631200000000003  0.31528800000000001  0.013783399999999999
3683    -0.066302899999999998  0.190135  0.086122199999999996
3684    -0.040583500000000002  0.096553899999999998  0.092911300000000002
3685    -0.092828599999999997  0.150701  -0.036036899999999997
3686    -0.063904100000000005  0.32530300000000001  -0.0093660199999999992
3687    0.0350204  0.112591  -0.0545683
3688    -0.0034473500000000001  0.071755700000000006  0.025886200000000002
3689    -0.102547  0.311915  -0.0067099300000000002
3690    0.016638500000000001  0.15915399999999999  -0.064493200000000001
3691    -0.035988100000000002  0.075205999999999995  0.0011521599999999999
3692    -0.12392499999999999  0.31429600000000002  -0.10423499999999999
3693    -0.0532276  0.21299499999999999  -0.039598899999999999
3694    -0.034592900000000003  0.073784500000000003  -0.034089300000000003
3695    -0.0266021  0.119058  0.104603
3696    -0.031649099999999999  0.320822  -0.033568399999999998
3697    -0.078511800000000007  0.084493499999999999  -0.045775000000000003
3698    -0.054224899999999999  0.14680199999999999  0.085220599999999994
3699    -0.14858199999999999  0.302089  -0.034364199999999998
3700    -0.11172  0.065637299999999996  -0.0155298
3701    -0.13319600000000001  0.33479599999999998  -0.10899300000000001
3702    -0.10125000000000001  0.31586399999999998  0.0127245
3703    -0.020052799999999999  0.074315900000000004  0.076694100000000001
3704    0.089276900000000006  0.15639600000000001  0.0051849599999999997
3705    -0.134132  0.250863  0.097594899999999998
3706    -0.129999  0.21912300000000001  0.078452400000000005
3707    -0.057674299999999998  0.067448999999999995  -0.040251599999999998
3708    -0.035160999999999998  0.361873  -0.034497399999999998
3709    -0.150642  0.29985299999999998  -0.012003700000000001
3710    -0.099416000000000004  0.239755  0.066083900000000001
3711    -0.0209225  0.071323800000000007  -0.0502038
3712    0.074063500000000004  0.14443700000000001  -0.0237326
3713    0.088050600000000007  0.179009  0.031205500000000001
3714    -0.062022099999999997  0.33558399999999999  -0.0093241899999999996
3715    -0.13861200000000001  0.13767199999999999  -0.0136901
3716    -0.13530500000000001  0.30596800000000002  -0.0021134700000000001
3717    -0.069535200000000005  0.069179099999999993  0.0043515699999999999
3718    -0.051516600000000003  0.074651099999999998  0.011302
3719    0.0034982500000000001  0.074302599999999996  0.071214799999999995
3720    -0.16420699999999999  0.15104200000000001  0.028310399999999999
3721    0.034009499999999998  0.070819900000000005  0.024309600000000001
3722    -0.13616800000000001  0.204095  0.075750899999999996
3723    -0.119433  0.15448200000000001  -0.037012700000000003
3724    -0.068753099999999998  0.067656400000000005  0.031066900000000001
3725    0.079589499999999994  0.20210500000000001  0.038992400000000003
3726    -0.13716999999999999  0.12192799999999999  0.031370500000000003
3727    -0.148484  0.32630300000000001  -0.047213499999999999
3728    -0.021144799999999998  0.075125999999999998  0.021179400000000001
3729    -0.064900700000000006  0.13678799999999999  -0.041103099999999997
3730    -0.065817000000000001  0.12953799999999999  0.078855400000000006
3731    -0.0228685  0.18712799999999999  0.105005
3732    -0.079023499999999997  0.067417000000000005  0.044642099999999997
3733    -0.115288  0.066028299999999998  0.028593199999999999
3734    -0.105797  0.298008  0.043484500000000002
3735    -0.14488999999999999  0.28321299999999999  -0.018251400000000001
3736    -0.091249700000000003  0.090920600000000004  0.079857899999999996
3737    -0.062329700000000002  0.0676924  0.081078399999999995
3738    -0.085092100000000004  0.069482500000000003  0.0235269
3739    -0.035285400000000001  0.10177899999999999  0.093992900000000004
3740    0.050078999999999999  0.209146  0.075493000000000005
3741    0.074067999999999995  0.115054  -0.015514500000000001
3742    -0.0117328  0.175649  -0.070537500000000003
3743    -0.13870399999999999  0.075286000000000006  0.017322400000000002
3744    -0.044313100000000001  0.075402800000000006  0.0599185
3745    0.067484699999999995  0.10555  -0.016576899999999999
3746    -0.16040099999999999  0.14852599999999999  0.037884500000000002
3747    -0.017225799999999999  0.154754  0.113271
3748    -0.103618  0.27757300000000001  0.0482987
3749    -0.065102599999999997  0.0730016  -0.032596
3750    0.057108600000000002  0.22182199999999999  -0.016185999999999999
3751    -0.082168099999999994  0.070272399999999999  -0.053655099999999997
3752    -0.094036800000000004  0.293431  -0.0076796599999999996
3753    0.037032200000000001  0.23229  -0.0209576
3754    -0.11763800000000001  0.065577099999999999  -0.00558437
3755    -0.063023599999999999  0.33831699999999998  -0.0062149099999999997
3756    -0.107151  0.231298  0.070583499999999993
3757    -0.0083980099999999992  0.076432399999999998  0.094003000000000003
3758    -0.021706900000000001  0.075555700000000003  0.0014450999999999999
3759    -0.121516  0.15337300000000001  -0.035944999999999998
3760    0.025263500000000001  0.074322899999999997  0.0869616
3761    -0.035859500000000002  0.239588  -0.015552699999999999
3762    -0.164685  0.20080600000000001  -0.0032905399999999998
3763    -0.073399500000000006  0.32607599999999998  0.0022372300000000002
3764    -0.073683499999999999  0.070100099999999999  0.030203299999999999
3765    -0.118991  0.093055700000000005  0.00701331
3766    0.0157032  0.067119700000000004  0.031718799999999998
3767    -0.149505  0.31151200000000001  -0.049755899999999999
3768    -0.102004  0.0656027  0.0093019999999999995
3769    0.071774299999999999  0.19070599999999999  -0.0209588
3770    -0.020219500000000001  0.076155799999999996  -0.028546200000000001
3771    -0.119934  0.123277  0.053995399999999999
3772    -0.057782699999999999  0.069035899999999997  -0.038233700000000002
3773    -0.065632700000000002  0.13767599999999999  -0.0396694
3774    -0.027544300000000001  0.34893299999999999  -0.042092400000000002
3775    -0.105846  0.065660800000000005  0.011444899999999999
3776    0.089686399999999999  0.153532  0.0074446099999999999
3777    0.0156636  0.075747999999999996  0.0616301
3778    -0.14057500000000001  0.266926  0.095725699999999997
3779    0.021868200000000001  0.068840700000000005  0.0150119
3780    -0.0099687700000000001  0.229958  0.076715199999999997
3781    0.029020399999999998  0.069176799999999997  0.024658699999999999
3782    -0.141069  0.25728000000000001  0.099382799999999993
3783    -0.049698300000000001  0.18491299999999999  -0.0532059
3784    0.054418800000000003  0.082921300000000003  0.064319100000000004
3785    -0.116323  0.28122999999999998  0.067804500000000004
3786    -0.056151100000000002  0.24593999999999999  0.027914600000000001
3787    -0.10036200000000001  0.076581899999999994  -0.022415500000000001
3788    -0.124096  0.25307400000000002  0.083157900000000007
3789    -0.016963200000000001  0.075251600000000002  0.021653800000000001
3790    -0.0278873  0.325795  -0.026639699999999999
3791    0.061222699999999998  0.16694300000000001  0.083618399999999996
3792    0.090050000000000005  0.169541  0.017045100000000001
3793    -0.072457400000000005  0.324515  -0.00013493199999999999
3794    0.034700700000000001  0.0711783  0.0141897
3795    -0.112208  0.30380400000000002  -0.00108501
3796    -0.13721800000000001  0.290688  -0.069046200000000002
3797    -0.037636099999999999  0.33525899999999997  -0.029661699999999999
3798    -0.103849  0.15076000000000001  -0.037423100000000001
3799    -0.12861500000000001  0.32281700000000002  -0.0447462
3800    -0.064572500000000005  0.17888799999999999  -0.047420400000000001
3801    0.087551699999999996  0.15154699999999999  0.046423199999999998
3802    -0.149672  0.13463  0.0360177
3803    -0.056739999999999999  0.141234  0.078824000000000005
3804    -0.172845  0.22028400000000001  0.065691700000000006
3805    -0.130444  0.0799377  0.023423699999999999
3806    -0.0181072  0.072001800000000005  0.078909400000000005
3807    -0.14091999999999999  0.13953399999999999  -0.0137453
3808    0.041297899999999998  0.115943  -0.051985999999999997
3809    -0.146789  0.24283099999999999  0.103857
3810    -0.126473  0.32077600000000001  -0.045407099999999999
3811    -0.020126600000000001  0.11537600000000001  0.10580199999999999
3812    -0.11679  0.23052400000000001  -0.022722699999999998
3813    -0.031549500000000001  0.100033  0.0948431
3814    0.033782199999999998  0.071004499999999998  0.01473
3815    0.026219800000000001  0.069884500000000002  0.017972599999999998
3816    -0.13179199999999999  0.30667100000000003  -0.0099224599999999993
3817    -0.17383100000000001  0.23443  0.090882400000000002
3818    -0.032275600000000002  0.071376599999999998  0.081232399999999996
3819    0.028859800000000001  0.11403199999999999  -0.056640599999999999
3820    0.0143226  0.21979599999999999  0.079286400000000007
3821    0.034129100000000002  0.068089399999999994  -0.0078500800000000006
3822    -0.038018499999999997  0.13969500000000001  0.10481600000000001
3823    0.032696200000000002  0.068291000000000004  -0.019164799999999999
3824    -0.054831199999999997  0.075069800000000006  -0.0028433999999999998
3825    -0.0965086  0.072819900000000007  -0.023826199999999999
3826    -0.0957514  0.31105300000000002  -0.0124558
3827    -0.090913099999999997  0.068851499999999996  0.021292100000000001
3828    0.021464299999999999  0.18085300000000001  0.103204
3829    -0.035531300000000002  0.070778099999999997  -0.036075900000000001
3830    0.037889100000000002  0.0710697  0.022901899999999999
3831    -0.030060799999999999  0.33546399999999998  -0.033649699999999998
3832    -0.111749  0.30215900000000001  -0.00160231
3833    -0.013790500000000001  0.071090799999999996  0.078415100000000001
3834    -0.10864  0.066685400000000006  0.052063999999999999
3835    0.040152800000000002  0.098318000000000003  -0.046896699999999999
3836    0.046378900000000001  0.12016  -0.048640500000000003
3837    0.048060800000000001  0.067958099999999994  0.0092819700000000005
3838    -0.13611200000000001  0.23175000000000001  -0.0166269
3839    -0.065881700000000001  0.14701900000000001  0.081489599999999995
3840    0.029521599999999999  0.160133  0.103475
3841    -0.100873  0.069723800000000002  0.089420200000000005
3842    0.0281018  0.069917800000000002  0.018459300000000001
3843    -0.15889500000000001  0.30312499999999998  0.037415900000000002
3844    -0.106671  0.094403399999999998  0.076450299999999999
3845    -0.0135867  0.21795300000000001  0.082774
3846    -0.043842399999999997  0.21131  0.080730999999999997
3847    -0.042054099999999997  0.075412499999999993  0.0593097
3848    -0.062890100000000004  0.065754199999999999  -0.055044000000000003
3849    -0.15084600000000001  0.300734  -0.0104723
3850    0.076674699999999998  0.135048  0.066219899999999998
3851    0.0152712  0.069157499999999997  0.0118432
3852    0.0388224  0.069257799999999994  0.0385198
3853    -0.12906300000000001  0.29836699999999999  -0.078485600000000003
3854    -0.096833799999999998  0.31292399999999998  -0.011490999999999999
3855    -0.103689  0.065586500000000006  0.0098161199999999994
3856    -0.091492199999999996  0.262571  0.024434999999999998
3857    -0.031740699999999997  0.073202799999999998  -0.053061799999999999
3858    0.089976600000000004  0.083101400000000006  0.0101651
3859    -0.0087968300000000003  0.082716700000000004  0.093938300000000002
3860    -0.0231676  0.19548099999999999  0.090986499999999998
3861    -0.029369900000000001  0.119092  0.103391
3862    -0.026062700000000001  0.19389200000000001  0.092858099999999999
3863    -0.107322  0.184945  -0.042723999999999998
3864    -0.015964599999999999  0.073087299999999994  0.077511700000000003
3865    -0.048949800000000002  0.099214499999999997  0.086518600000000001
3866    -0.137124  0.30398999999999998  0.054116200000000003
3867    0.049486799999999997  0.190974  0.086671499999999999
3868    0.0089935299999999996  0.082813200000000003  0.089498400000000006
3869    -0.17477400000000001  0.24060000000000001  0.0065199400000000001
3870    -0.085437899999999997  0.17865500000000001  0.083858699999999994
3871    -0.12687799999999999  0.224466  0.085625400000000004
3872    -0.143007  0.29209800000000002  -0.064946299999999998
3873    -0.012256400000000001  0.17210900000000001  -0.071526900000000004
3874    -0.090879299999999996  0.25973200000000002  0.017639999999999999
3875    -0.028516900000000001  0.19242699999999999  0.0941028
3876    -0.128999  0.21989900000000001  0.079206100000000002
3877    -0.0075714099999999998  0.20529900000000001  0.0863062
3878    -0.062828099999999998  0.33706900000000001  -0.0069450700000000002
3879    -0.121923  0.28351399999999999  0.073878299999999994
3880    -0.110545  0.086000999999999994  0.044734099999999999
3881    -0.091817200000000002  0.068877499999999994  0.020412400000000001
3882    -0.113276  0.065676300000000007  -0.015583700000000001
3883    -0.126362  0.074813400000000002  0.031138099999999998
3884    0.0440341  0.070179199999999997  0.029972100000000002
3885    -0.0243798  0.076919199999999993  0.099029699999999998
3886    -0.14779999999999999  0.135014  0.0039406299999999997
3887    -0.047064799999999997  0.21221100000000001  0.079358499999999998
3888    0.064901  0.10767500000000001  -0.02257
3889    -0.11283799999999999  0.19409000000000001  -0.0389247
3890    -0.031367800000000001  0.33709  -0.034000500000000003
3891    -0.097646700000000003  0.077501399999999998  -0.0222744
3892    -0.0615519  0.213806  0.074485899999999994
3893    -0.14716299999999999  0.296379  -0.049485700000000001
3894    -0.075750700000000004  0.069061499999999998  0.035792699999999997
3895    -0.062520800000000001  0.33582499999999998  -0.0082758899999999993
3896    0.0077096700000000001  0.080437499999999995  0.0896922
3897    -0.072034500000000001  0.23155000000000001  0.060825400000000002
3898    -0.0350421  0.080507599999999999  -0.054916600000000003
3899    -0.00712241  0.20120199999999999  0.085984900000000003
3900    -0.071284700000000006  0.071440500000000004  -0.0287864
3901    -0.13023999999999999  0.072559899999999997  0.029470799999999998
3902    -0.135351  0.12121  0.034207500000000002
3903    0.066214899999999993  0.107656  -0.0206159
3904    0.0286895  0.069756899999999997  0.018526600000000001
3905    -0.17438400000000001  0.26843600000000001  0.055816600000000001
3906    0.078579499999999997  0.13474800000000001  0.063516199999999995
3907    -0.033823899999999997  0.237647  -0.017699699999999999
3908    -0.10563699999999999  0.20863599999999999  0.078283699999999998
3909    -0.171821  0.21965100000000001  0.065879199999999999
3910    -0.100996  0.065971199999999994  0.0303719
3911    -0.106375  0.095216300000000004  0.072278700000000001
3912    -0.16145799999999999  0.21587300000000001  0.075412499999999993
3913    -0.10695  0.065706500000000001  0.0176732
3914    -0.13230600000000001  0.0831176  -0.00080491999999999998
3915    -0.142203  0.257859  0.099781599999999998
3916    -0.041911400000000001  0.35710599999999998  -0.025395999999999998
3917    -0.0175114  0.074927099999999996  0.075750499999999998
3918    -0.094184900000000002  0.068127800000000002  0.022981499999999998
3919    -0.068461999999999995  0.127967  0.079324199999999997
3920    -0.031607299999999998  0.201127  0.085396799999999995
3921    -0.0301418  0.068522600000000003  0.083995700000000006
3922    -0.108171  0.20366699999999999  0.081089800000000004
3923    0.0036864699999999999  0.070974599999999999  -0.029602400000000001
3924    -0.055540699999999998  0.073531700000000005  0.0742617
3925    -0.097571900000000003  0.072964699999999993  -0.023466999999999998
3926    -0.051829500000000001  0.178753  0.091346200000000002
3927    -0.027994399999999999  0.36102000000000001  -0.0470813
3928    -0.093034900000000004  0.070761400000000002  -0.027111199999999998
3929    -0.16250500000000001  0.20144400000000001  -0.0066266900000000002
3930    -0.100703  0.065962800000000002  0.030656800000000001
3931    -0.097444600000000006  0.069138099999999994  0.020484599999999999
3932    -0.106032  0.11103499999999999  0.0296318
3933    -0.121993  0.29471999999999998  -0.0207315
3934    0.031920499999999997  0.070884600000000006  0.015405500000000001
3935    -0.027679700000000002  0.072481799999999999  0.079525999999999999
3936    -0.093438499999999994  0.068106299999999995  0.023707800000000001
3937    -0.110027  0.11168599999999999  0.027525899999999999
3938    -0.17060800000000001  0.218892  0.067067000000000002
3939    -0.0113238  0.16980300000000001  -0.072335300000000005
3940    -0.031691499999999997  0.33899099999999999  -0.034403999999999997
3941    -0.14654300000000001  0.29505399999999998  -0.0536412
3942    -0.15848000000000001  0.143541  0.033684699999999998
3943    -0.10355200000000001  0.110861  0.034932499999999998
3944    -0.043334299999999999  0.35517199999999999  -0.0244849
3945    -0.089343900000000004  0.25803300000000001  0.028056899999999999
3946    -0.057433400000000003  0.072717199999999996  0.073982900000000004
3947    -0.0083126499999999996  0.16656699999999999  -0.073097300000000004
3948    -0.136267  0.079721799999999995  0.017272699999999998
3949    -0.097634899999999997  0.068814399999999998  0.0200748
3950    -0.068939899999999998  0.16916500000000001  0.084023100000000003
3951    -0.15840599999999999  0.29017799999999999  0.0012450300000000001
3952    -0.051985200000000002  0.34576699999999999  -0.017814900000000002
3953    -0.093958799999999995  0.20640700000000001  0.078916100000000003
3954    -0.074261599999999997  0.073544899999999996  0.086457400000000004
3955    -0.106527  0.20828199999999999  0.078520699999999999
3956    -0.123977  0.27305299999999999  -0.013909899999999999
3957    -0.029326000000000001  0.36241400000000001  -0.045407599999999999
3958    -0.045572099999999997  0.0762959  0.072137300000000001
3959    -0.11587500000000001  0.276949  -0.0084405299999999999
3960    -0.059275599999999998  0.072388900000000006  0.072675500000000004
3961    -0.11607099999999999  0.125746  -0.013946699999999999
3962    0.0830008  0.079153899999999999  0.034445900000000002
3963    -0.062913800000000006  0.201962  0.081474699999999997
3964    -0.033988600000000001  0.074758099999999994  0.0803624
3965    -0.17764099999999999  0.23047899999999999  0.085418300000000003
3966    0.045658999999999998  0.072848599999999999  0.059526599999999999
3967    -0.029329999999999998  0.082477499999999995  -0.053040299999999999
3968    0.036986499999999999  0.068064  -0.00328261
3969    -0.058244200000000003  0.065700999999999996  -0.050832500000000003
3970    -0.088375499999999996  0.069600200000000001  0.0188649
3971    -0.057181299999999997  0.21728500000000001  0.072504899999999997
3972    0.028602099999999998  0.070189299999999996  0.015479
3973    -0.128665  0.22267000000000001  0.085500000000000007
3974    0.039803199999999997  0.071431900000000007  0.021775900000000001
3975    -0.089438100000000006  0.069630800000000007  0.017831
3976    0.043832900000000001  0.19681999999999999  0.087132299999999996
3977    -0.14702399999999999  0.30131799999999997  0.059803700000000001
3978    -0.062848500000000002  0.0729384  0.066230600000000001
3979    0.0056520099999999998  0.073083499999999996  0.071496100000000007
3980    -0.104134  0.31348500000000001  0.0141522
3981    -0.13558999999999999  0.078214199999999998  0.018459400000000001
3982    -0.14139099999999999  0.309531  -0.073444099999999998
3983    -0.099186700000000003  0.105284  0.036975099999999997
3984    0.0272178  0.070164799999999999  0.015121000000000001
3985    -0.040828900000000001  0.075354299999999999  0.058252100000000001
3986    0.054706400000000002  0.12535399999999999  -0.041372199999999998
3987    0.0039948199999999996  0.073328500000000005  0.0449226
3988    -0.0572007  0.18454499999999999  0.087718900000000002
3989    -0.142342  0.31078299999999998  -0.071586999999999998
3990    -0.0443705  0.076323000000000002  0.071940799999999999
3991    0.027175700000000001  0.070342000000000002  0.0086634199999999998
3992    -0.104412  0.094151299999999993  0.077368699999999999
3993    0.040859300000000001  0.071440299999999998  0.021195200000000001
3994    -0.060306400000000003  0.065817700000000007  -0.0501126
3995    -0.084188100000000002  0.075905  -0.0458509
3996    0.029034299999999999  0.070070999999999994  0.015528500000000001
3997    0.029526400000000001  0.070096099999999995  0.015573
3998    -0.13165499999999999  0.22012300000000001  0.085100400000000007
3999    -0.10026500000000001  0.067439700000000005  0.026630600000000001
4000    -0.061792199999999999  0.071538299999999999  0.070368399999999998
4001    -0.061525299999999998  0.112924  -0.030027499999999999
4002    0.075434100000000004  0.14399400000000001  -0.0223965
4003    -0.097432900000000003  0.067027299999999998  0.030127600000000001
4004    -0.11293400000000001  0.12693599999999999  -0.0160322
4005    -0.127807  0.254411  0.087931200000000001
4006    0.029625499999999999  0.070609400000000003  0.010388
4007    -0.064772099999999999  0.065770099999999998  -0.054678600000000001
4008    -0.108358  0.111683  0.028754999999999999
4009    -0.14197799999999999  0.29003499999999999  -0.054204299999999997
4010    -0.071957800000000002  0.17325699999999999  0.084647700000000006
4011    0.039694899999999998  0.22278800000000001  -0.027007900000000001
4012    0.031446200000000001  0.070967299999999997  0.0100818
4013    0.030732300000000001  0.070921399999999996  0.010340800000000001
4014    0.0277016  0.070350899999999994  0.0093966499999999994
4015    -0.096874799999999997  0.069331299999999998  0.021002
4016    0.029358499999999999  0.069791099999999995  0.018587200000000002
4017    -0.088119699999999995  0.069695300000000002  0.019131599999999999
4018    -0.032115900000000003  0.20057900000000001  0.085739999999999997
4019    -0.099168400000000004  0.066549899999999995  0.028388799999999999
4020    -0.101114  0.071864300000000006  0.090815400000000004
4021    -0.086857000000000004  0.25461  0.025043699999999999
4022    0.079820199999999994  0.141871  -0.0167689
4023    0.0082647499999999995  0.0725161  0.070694599999999996
4024    0.048617500000000001  0.19958600000000001  0.082283899999999993
4025    -0.13189300000000001  0.085139000000000006  0.00135202
4026    -0.10165399999999999  0.093408599999999994  0.078098100000000004
4027    0.0478716  0.199544  0.082962999999999995
4028    -0.092672299999999999  0.068391099999999996  0.024506799999999999
4029    -0.098753800000000003  0.066538  0.028792100000000001
4030    0.031798399999999998  0.071034  0.0098745800000000009
4031    -0.091027700000000003  0.081710599999999994  0.086378399999999994
4032    -0.088426900000000003  0.0808614  0.085979299999999995
4033    -0.098883799999999994  0.093236899999999998  0.077252299999999996
4034    -0.096756900000000007  0.093737100000000004  0.076788400000000007
4035    -0.102103  0.066414699999999993  0.029680600000000001
4036    -0.085425299999999996  0.082155500000000006  0.084623199999999996
4037    -0.050548799999999998  0.075636300000000004  0.065463099999999996
4038    0.026928400000000002  0.070572300000000004  0.0081592799999999997
4039    -0.047902399999999998  0.075684100000000004  0.065229499999999996
4040    -0.0392495  0.075849  0.064089300000000002
4041    -0.11597499999999999  0.27500000000000002  -0.0096977599999999997
4042    -0.103242  0.30817299999999997  0.019597799999999999
4043    0.032567699999999998  0.071033899999999997  0.0091486899999999993
4044    -0.11754299999999999  0.20768500000000001  0.078395400000000004
4045    -0.044335699999999999  0.075764600000000001  0.064646300000000004
4046    0.028929  0.070645299999999994  0.0102317
4047    0.010535600000000001  0.072028400000000006  0.0699626
4048    -0.102228  0.066728300000000004  0.025390200000000002
4049    0.0148729  0.071803599999999995  0.068914100000000006
4050    0.029814199999999999  0.070619000000000001  0.0104051
4051    0.029459800000000001  0.070654700000000001  0.010369
4052    0.015973000000000001  0.102295  -0.057862799999999999
4053    0.026793000000000001  0.070831099999999994  0.0076548500000000004
4054    0.026882699999999999  0.070981299999999997  0.0080811400000000005
4055    0.0139303  0.102203  -0.058153499999999997
4056    -0.092377000000000001  0.31913599999999998  0.0119244
4057    -0.16759099999999999  0.20747199999999999  0.042297399999999999
4058    -0.073509199999999997  0.34342400000000001  -0.0152289
4059    -0.0132382  0.22383500000000001  0.079616400000000004
4060    -0.142455  0.26806000000000002  0.096434800000000001
4061    -0.0829289  0.066969699999999993  0.0440877
4062    0.0285299  0.068285700000000005  0.033465799999999997
4063    -0.018048999999999999  0.077339599999999994  0.074940999999999994
4064    -0.057545199999999998  0.13852400000000001  0.077537099999999998
4065    -0.034040300000000003  0.098706199999999994  0.092430899999999996
4066    -0.096676600000000001  0.067338899999999993  0.025685199999999998
4067    0.016246699999999999  0.067385200000000006  0.020423199999999999
4068    0.016459499999999998  0.068051200000000006  0.0142649
4069    -0.088983199999999998  0.257687  0.025713400000000001
4070    -0.084131399999999995  0.077027100000000001  0.085600999999999997
4071    0.046008899999999998  0.19630600000000001  0.086292300000000002
4072    0.040827000000000002  0.071116399999999996  0.028747700000000001
4073    -0.16767399999999999  0.21643000000000001  0.044380200000000002
4074    0.075825799999999999  0.118297  -0.0142886
4075    -0.055866800000000001  0.074983599999999997  0.0016284699999999999
4076    -0.099204700000000007  0.066519800000000004  0.032219499999999998
4077    0.032613499999999997  0.070863099999999998  0.018359400000000001
4078    -0.021438700000000002  0.086610800000000002  0.096838099999999996
4079    -0.034814100000000001  0.070889599999999997  -0.0535063
4080    -0.039351999999999998  0.072073100000000001  0.104348
4081    -0.10527499999999999  0.20347100000000001  0.080213400000000004
4082    -0.101019  0.070522399999999999  0.090704800000000002
4083    -0.13632  0.073219599999999996  0.022457999999999999
4084    -0.053649200000000001  0.18265600000000001  -0.0532252
4085    -0.169401  0.210808  0.0251054
4086    0.025632499999999999  0.068577700000000005  0.033170900000000003
4087    0.0212935  0.068500900000000003  0.032049000000000001
4088    -0.101095  0.31240400000000002  0.0161402
4089    -0.124422  0.15290999999999999  -0.035545800000000002
4090    -0.087927699999999998  0.143895  -0.034573300000000001
4091    -0.120005  0.23317099999999999  -0.018807299999999999
4092    0.035681900000000003  0.068575499999999998  -0.020254999999999999
4093    0.042965099999999999  0.071435200000000004  0.028765599999999999
4094    -0.067364999999999994  0.067810999999999996  0.0823937
4095    0.026987400000000002  0.068206799999999998  0.033326099999999997
4096    -0.15417900000000001  0.13770299999999999  0.035174799999999999
4097    0.018964700000000001  0.071075600000000003  0.0103477
4098    -0.106476  0.11176899999999999  0.0334314
4099    0.014707599999999999  0.097857700000000006  -0.055700399999999997
4100    -0.075131299999999998  0.066040600000000005  -0.036503800000000003
4101    0.0240171  0.069397  0.0129433
4102    -0.030504900000000001  0.079662700000000003  -0.053661100000000003
4103    0.035144599999999998  0.071026099999999995  0.017441000000000002
4104    0.0145503  0.102871  -0.058407599999999997
4105    -0.096096200000000007  0.067322199999999999  0.0262499
4106    -0.123848  0.207868  0.077854699999999999
4107    0.040358100000000001  0.070997299999999999  0.033227100000000002
4108    -0.098870200000000005  0.068218000000000001  0.024314599999999999
4109    -0.066566399999999998  0.067942600000000006  0.070062600000000003
4110    -0.100095  0.067802899999999999  0.023202799999999999
4111    0.0138415  0.105545  -0.059291700000000003
4112    0.033757500000000003  0.068480399999999997  -0.0144241
4113    -0.061257600000000002  0.073160000000000003  0.068142800000000003
4114    -0.095061999999999994  0.067706500000000003  0.0273283
4115    0.0122562  0.066352099999999997  0.024264500000000001
4116    0.013901999999999999  0.067504499999999995  0.0156017
4117    0.046849500000000002  0.19989799999999999  0.083554699999999996
4118    0.048654500000000003  0.19539000000000001  0.084760699999999994
4119    0.035880799999999997  0.070761900000000003  0.032286000000000002
4120    -0.065971799999999997  0.067665600000000006  0.080300899999999995
4121    0.026492000000000002  0.067755700000000002  0.037633600000000003
4122    0.022000700000000002  0.0699742  0.0097165299999999993
4123    0.021881600000000001  0.071040900000000004  0.0095127700000000003
4124    0.022645800000000001  0.069373599999999994  0.0110312
4125    -0.110087  0.112774  0.032070500000000002
4126    0.036393399999999999  0.071262400000000004  0.0167064
4127    -0.069514599999999996  0.067768400000000006  0.079181000000000001
4128    -0.107005  0.065499100000000005  0.0026628899999999998
4129    -0.14784800000000001  0.29633399999999999  -0.044095000000000002
4130    -0.116232  0.23345299999999999  -0.020549100000000001
4131    -0.064234600000000003  0.13240499999999999  -0.038962400000000001
4132    -0.068561499999999997  0.102155  0.041942199999999999
4133    0.0347096  0.19987199999999999  0.050943000000000002
4134    -0.104882  0.304203  0.0086859099999999998
4135    -0.111364  0.080983299999999994  0.0093878299999999998
4136    -0.116786  0.23325799999999999  -0.00111491
4137    0.090303599999999998  0.118212  0.024392500000000001
4138    -0.033343100000000001  0.161439  -0.049397400000000001
4139    -0.029934700000000002  0.084961800000000004  -0.039401699999999998
4140    -0.039535300000000002  0.181668  0.0182218
4141    -0.109306  0.073483499999999993  -0.013517899999999999
4142    0.020669199999999999  0.14099900000000001  -0.0446994
4143    -0.14263100000000001  0.190273  0.027118099999999999
4144    -0.076744999999999994  0.330127  -0.0019758100000000002
4145    -0.13374  0.26337899999999997  0.023964800000000001
4146    -0.13214200000000001  0.208263  8.2866499999999997e-05
4147    0.0520194  0.13422000000000001  0.024720800000000001
4148    -0.080188200000000001  0.085944999999999994  0.061086500000000002
4149    -0.153416  0.270542  0.026468599999999998
4150    0.0303089  0.19609599999999999  0.071379999999999999
4151    -0.113804  0.12815099999999999  0.019939399999999999
4152    -0.0896425  0.225275  0.021311299999999998
4153    -0.056153099999999997  0.079592399999999994  0.087410100000000004
4154    0.063454700000000003  0.17179800000000001  0.0043816200000000001
4155    -0.12973799999999999  0.28582400000000002  0.060553599999999999
4156    0.049988699999999997  0.093041600000000002  0.035989500000000001
4157    -0.13217200000000001  0.29013600000000001  -0.018569100000000002
4158    -0.123156  0.201486  0.047041600000000003
4159    0.033890700000000003  0.102405  0.0106645
4160    0.0085076800000000001  0.16567799999999999  0.086216399999999999
4161    -0.020975299999999999  0.16814799999999999  0.055747699999999997
4162    -0.11354599999999999  0.079466599999999998  0.067765199999999998
4163    -0.096660200000000002  0.081442399999999998  -0.00475276
4164    -0.061808299999999997  0.076325599999999993  0.029411199999999998
4165    0.0176276  0.177144  0.089230599999999993
4166    -0.14158000000000001  0.24095  0.057491500000000001
4167    0.0216335  0.089511599999999997  -0.00066088699999999998
4168    -0.045047900000000002  0.12950700000000001  -0.049019600000000003
4169    -0.046075999999999999  0.086081099999999994  0.091085799999999995
4170    -0.029643800000000001  0.15882399999999999  0.086155200000000001
4171    -0.081888900000000001  0.14433299999999999  0.034929099999999998
4172    -0.052300699999999999  0.089651300000000003  0.073723800000000006
4173    -0.0393376  0.100121  -0.0131006
4174    -0.035004  0.204929  -0.01183
4175    -0.048391499999999997  0.21987499999999999  -0.014105299999999999
4176    -0.14310899999999999  0.27103500000000003  0.075357199999999999
4177    0.025801000000000001  0.0984458  0.060550399999999997
4178    0.056168799999999998  0.16566  -0.0163073
4179    0.013295599999999999  0.14301  0.0971577
4180    -0.074630799999999997  0.078722700000000007  0.069767099999999999
4181    -0.054365299999999998  0.21399799999999999  0.058492799999999998
4182    -0.0093294699999999994  0.21603800000000001  -0.00511701
4183    0.045965699999999998  0.21105499999999999  0.060949099999999999
4184    -0.081753300000000001  0.101961  0.0071555300000000002
4185    0.0071918900000000003  0.216747  -0.0236758
4186    0.056703999999999997  0.202295  0.046845900000000003
4187    -0.066071500000000005  0.071507799999999996  0.034701999999999997
4188    -0.107053  0.0762486  0.045115299999999997
4189    -0.057012  0.087266999999999997  -0.034180299999999997
4190    -0.096132300000000004  0.29577999999999999  0.0052367400000000001
4191    -0.012359500000000001  0.12848499999999999  0.073572799999999994
4192    -0.071056099999999997  0.181563  0.072054400000000005
4193    -0.122698  0.242034  0.066851099999999997
4194    -0.11930399999999999  0.16484099999999999  -0.0045534099999999999
4195    -0.139846  0.29363400000000001  -0.0024304299999999999
4196    -0.023962399999999998  0.11258899999999999  0.080163300000000007
4197    -0.105971  0.125973  -0.0062116599999999999
4198    -0.032195599999999998  0.217444  0.051637500000000003
4199    -0.13490099999999999  0.15357999999999999  0.0059721499999999999
4200    0.0512091  0.21146999999999999  0.026344800000000002
4201    -0.035764999999999998  0.122126  0.070164900000000002
4202    0.0173087  0.085456599999999994  0.039440000000000003
4203    -0.069803900000000002  0.086835099999999998  -0.016142
4204    -0.13444500000000001  0.29339799999999999  -0.029966199999999998
4205    -0.15610099999999999  0.177763  0.0223853
4206    -0.035011500000000001  0.21059700000000001  -0.026140699999999999
4207    -0.116276  0.14918500000000001  0.040433700000000003
4208    -0.158994  0.23374  0.078709399999999999
4209    0.0292795  0.116317  0.074087799999999995
4210    0.014824199999999999  0.111676  -0.024678700000000001
4211    -0.086317400000000002  0.077252699999999994  -0.013938600000000001
4212    0.046600999999999997  0.139516  -0.013481099999999999
4213    -0.0086076199999999999  0.21609800000000001  -0.0211188
4214    -0.100218  0.082572999999999994  0.021310900000000001
4215    -0.13834299999999999  0.18177299999999999  -0.0010864900000000001
4216    -0.049937099999999998  0.120071  -0.0060874800000000001
4217    0.049965500000000003  0.079854999999999995  0.035546399999999999
4218    -0.13170599999999999  0.23149500000000001  0.069341200000000006
4219    -0.053523000000000001  0.16252800000000001  -0.034980799999999999
4220    0.038616999999999999  0.13480800000000001  -0.030822499999999999
4221    -0.10119499999999999  0.15735499999999999  -0.015222299999999999
4222    -0.036404199999999998  0.074634900000000004  -0.0451359
4223    0.014272699999999999  0.22744200000000001  -0.012981299999999999
4224    -0.087994699999999995  0.19852700000000001  0.053266599999999997
4225    -0.052457900000000002  0.090737700000000004  0.083363099999999996
4226    0.0996195  0.116219  0.038034199999999997
4227    -0.107351  0.24762899999999999  0.0078469999999999998
4228    0.028889700000000001  0.22048000000000001  0.052042199999999997
4229    -0.012442999999999999  0.172655  0.089774699999999999
4230    0.050207700000000001  0.073554300000000003  0.032934699999999997
4231    -0.059535299999999999  0.21315500000000001  0.016083099999999999
4232    0.021908  0.18925500000000001  -0.0079837399999999996
4233    -0.082642699999999999  0.186422  -0.026740099999999999
4234    -0.099857199999999993  0.19536400000000001  -0.021415
4235    -0.048601400000000003  0.20325499999999999  -0.035191500000000001
4236    0.00829066  0.16633700000000001  -0.034012800000000003
4237    -0.031601299999999999  0.090177900000000005  -0.0464042
4238    -0.069252099999999997  0.16609599999999999  -0.0268381
4239    -0.14116200000000001  0.30956899999999998  -0.031089599999999998
4240    0.029260999999999999  0.17194599999999999  -0.0309865
4241    -0.13769100000000001  0.210094  0.0550953
4242    -0.123185  0.081500400000000001  0.0059241199999999997
4243    -0.10245600000000001  0.175622  -0.023259700000000001
4244    -0.0100144  0.22339999999999999  0.054065099999999998
4245    -0.14033000000000001  0.30016599999999999  -0.012624399999999999
4246    -0.069732500000000003  0.082510700000000006  -0.037437699999999997
4247    -0.084995799999999996  0.13262199999999999  -0.0077431799999999997
4248    -0.037108700000000001  0.089158899999999999  0.080543000000000003
4249    -0.080065499999999998  0.21584200000000001  0.049749099999999997
4250    -0.114984  0.29335099999999997  0.047855099999999998
4251    0.017344600000000002  0.225575  0.017396600000000002
4252    0.0752882  0.173514  0.0143036
4253    -0.067868800000000007  0.12768699999999999  -0.0094394200000000004
4254    -0.13336799999999999  0.16672200000000001  -0.0161648
4255    0.028923899999999999  0.210871  -0.0117526
4256    -0.018846999999999999  0.14145199999999999  0.088134100000000007
4257    0.0430491  0.14851500000000001  -0.036183199999999999
4258    -0.086294200000000001  0.301344  -0.00025505999999999999
4259    -0.072018700000000005  0.20724600000000001  -0.0178817
4260    0.063849299999999998  0.18456800000000001  0.031468900000000001
4261    -0.11387  0.20093  -0.022497
4262    -0.112437  0.136155  0.0485996
4263    -0.14244399999999999  0.29068100000000002  0.011646
4264    0.0152763  0.15499199999999999  -0.048943399999999998
4265    -0.0253939  0.11423899999999999  0.032834799999999997
4266    -0.081091399999999994  0.31188700000000003  -0.0076449999999999999
4267    -0.14139399999999999  0.24023800000000001  0.090361800000000006
4268    0.0276507  0.19231899999999999  0.082601499999999994
4269    0.039649999999999998  0.16068099999999999  0.0505484
4270    -0.0130902  0.172037  -0.044375900000000003
4271    0.028512599999999999  0.083223699999999998  0.050747800000000003
4272    -0.060643099999999998  0.15124299999999999  -0.023744299999999999
4273    0.032519399999999997  0.1077  -0.031677900000000002
4274    -0.026684599999999999  0.167015  0.0978932
4275    -0.111863  0.22767599999999999  -0.0107563
4276    -0.119855  0.28618100000000002  0.025500800000000001
4277    0.064869099999999999  0.13370099999999999  0.042594100000000003
4278    -0.057154200000000002  0.096839999999999996  -0.00060471799999999997
4279    -0.033991800000000003  0.22534699999999999  0.0012594800000000001
4280    -0.0563064  0.126057  -0.017489399999999999
4281    -0.113816  0.26607900000000001  0.024972000000000001
4282    -0.131184  0.28247899999999998  -0.0074975800000000002
4283    0.010426899999999999  0.12704299999999999  0.093037900000000007
4284    -0.13508400000000001  0.26399299999999998  0.0022709800000000001
4285    0.064642000000000005  0.158744  0.035220099999999997
4286    -0.12529199999999999  0.21646399999999999  0.058952699999999997
4287    -0.09919  0.13092999999999999  0.033946799999999999
4288    -0.167769  0.231794  0.027094699999999999
4289    0.026639800000000002  0.17527599999999999  -0.042969599999999997
4290    -0.024091999999999999  0.086935999999999999  -0.029682299999999998
4291    -0.146283  0.15223  0.017825500000000001
4292    0.081301799999999994  0.16284100000000001  0.010222800000000001
4293    -0.165823  0.236263  0.062606800000000004
4294    -0.0304876  0.13794100000000001  0.099284700000000004
4295    -0.12807499999999999  0.137322  0.036389900000000003
4296    -0.11280900000000001  0.19314500000000001  0.063352800000000001
4297    -0.115314  0.14910100000000001  0.0622389
4298    -0.070025299999999999  0.078691899999999995  0.0287671
4299    0.026456500000000001  0.073133500000000004  0.042523100000000001
4300    -0.0461255  0.096750799999999998  -0.0272226
4301    -0.032428699999999998  0.094950499999999993  0.037519499999999997
4302    -0.087441199999999997  0.219976  -0.011444299999999999
4303    -0.026713299999999999  0.17848800000000001  0.087303199999999997
4304    -0.15289800000000001  0.25041400000000003  0.089566400000000004
4305    -0.106728  0.28254499999999999  0.0092174100000000005
4306    -0.082686800000000005  0.085945199999999999  0.040837600000000002
4307    -0.165519  0.23576800000000001  0.045042400000000003
4308    -0.13931099999999999  0.25398399999999999  0.070066400000000001
4309    -0.089494900000000002  0.182508  0.064843700000000004
4310    0.062904600000000005  0.096193100000000004  0.0116829
4311    -0.041971799999999997  0.116796  -0.027989099999999999
4312    -0.156199  0.16317899999999999  0.027026399999999999
4313    0.0813358  0.099815000000000001  0.0290043
4314    -0.014058299999999999  0.076457999999999998  0.086119899999999999
4315    -0.062056500000000001  0.085948099999999999  -0.0013051
4316    -0.134465  0.223972  0.072757299999999997
4317    -0.13287399999999999  0.236232  0.083079
4318    0.0053925800000000001  0.10896  0.085075999999999999
4319    0.036076299999999999  0.075919299999999995  0.0012081399999999999
4320    -0.13004499999999999  0.26052799999999998  0.048364699999999997
4321    -0.14088999999999999  0.29100500000000001  -0.018470899999999998
4322    -0.018927900000000001  0.098107200000000006  0.062881000000000006
4323    -0.15872800000000001  0.17261799999999999  0.0100918
4324    -0.13250400000000001  0.28698099999999999  0.0408578
4325    -0.16638600000000001  0.28029999999999999  0.036104499999999998
4326    -0.0048201199999999998  0.218357  0.067789100000000005
4327    0.028435999999999999  0.091848200000000005  -0.027113700000000001
4328    -0.0066080399999999999  0.14929200000000001  0.097817299999999996
4329    -0.11100500000000001  0.12722900000000001  0.044520499999999998
4330    0.0117588  0.18909599999999999  0.071190900000000001
4331    -0.031885999999999998  0.096203399999999994  0.015676599999999999
4332    -0.010074100000000001  0.20876600000000001  0.076838100000000006
4333    -0.145312  0.16811300000000001  0.046904800000000003
4334    -0.040430599999999997  0.176483  0.077227299999999999
4335    -0.060602700000000002  0.093136399999999994  0.0187084
4336    -0.0186337  0.090720599999999998  0.00737567
4337    0.0383113  0.18915599999999999  0.081068299999999996
4338    0.031768400000000002  0.190195  -0.026899800000000001
4339    0.046600700000000002  0.15365799999999999  0.069285700000000006
4340    -0.00096595899999999996  0.0974275  -0.030821299999999999
4341    -0.086268600000000001  0.320044  0.000202177
4342    -0.10427  0.16888700000000001  0.072860300000000003
4343    -0.157194  0.254386  0.051604299999999999
4344    -0.089316199999999998  0.078850500000000004  0.0061631799999999999
4345    0.041743700000000002  0.087658399999999997  0.015203
4346    0.064360299999999995  0.12953899999999999  0.0066758199999999998
4347    -0.039157999999999998  0.095975599999999994  0.059029900000000003
4348    0.057840799999999998  0.160022  0.071181499999999995
4349    -0.136853  0.13930300000000001  0.025688800000000001
4350    0.039844999999999998  0.21933900000000001  0.0072972200000000001
4351    0.010783299999999999  0.18631  0.083596199999999996
4352    -0.082575800000000005  0.15037700000000001  -0.016447900000000001
4353    0.035372399999999998  0.15043300000000001  0.082372399999999998
4354    0.014699500000000001  0.086547299999999994  -0.031908100000000002
4355    -0.073238700000000004  0.079690899999999995  0.042923900000000001
4356    -0.086984900000000004  0.17128599999999999  -0.027256599999999999
4357    -0.14225699999999999  0.238201  0.0088310300000000001
4358    -0.050199300000000002  0.170374  0.078742900000000005
4359    -0.100034  0.212482  0.054523299999999997
4360    -0.057448199999999998  0.081015199999999996  -0.00097809799999999994
4361    0.031540100000000001  0.22927700000000001  0.032831600000000002
4362    -0.0554768  0.20925099999999999  -0.029524399999999999
4363    0.098228599999999999  0.108122  0.0156899
4364    0.042613900000000003  0.109281  0.060938699999999998
4365    -0.14790600000000001  0.15670300000000001  0.037624999999999999
4366    -0.14721699999999999  0.213309  0.035522499999999999
4367    0.044355699999999998  0.129077  0.067329700000000006
4368    -0.104253  0.12189  0.039683499999999997
4369    -0.12813099999999999  0.25124400000000002  0.071284600000000004
4370    -0.072896199999999994  0.075012300000000004  -0.044695400000000003
4371    -0.107943  0.14271500000000001  -0.0093656999999999994
4372    0.0159883  0.111667  -0.042573600000000003
4373    -0.13666900000000001  0.31306499999999998  -0.043610299999999998
4374    0.053290200000000003  0.099930000000000005  0.052143700000000001
4375    -0.084635100000000005  0.073248199999999999  -0.024408200000000001
4376    -0.040184499999999998  0.228881  -0.0095999599999999994
4377    0.0043890099999999996  0.098916299999999999  0.052615099999999998
4378    -0.0079009200000000005  0.109352  0.091470599999999999
4379    -0.077122499999999997  0.12581200000000001  0.061036800000000002
4380    0.0162513  0.23413  0.048236000000000001
4381    -0.052023800000000002  0.092708100000000002  0.036761799999999997
4382    0.0038983899999999998  0.099534999999999998  -0.044114500000000001
4383    0.038853400000000003  0.114555  -0.039881899999999998
4384    -0.0470842  0.135875  -0.0310859
4385    -0.15807299999999999  0.196711  0.025452200000000001
4386    0.065785899999999994  0.089168999999999998  0.0280924
4387    -0.047844400000000002  0.19312699999999999  0.063805500000000001
4388    -0.0072131799999999996  0.094491800000000001  -0.042977000000000001
4389    0.0030807  0.22695299999999999  -0.0181218
4390    0.053942900000000002  0.086097599999999996  0.0051588299999999997
4391    0.0143296  0.202127  -0.025430299999999999
4392    -0.116227  0.29132400000000003  0.0104408
4393    -0.15692700000000001  0.26955899999999999  0.062698000000000004
4394    -0.0099099300000000008  0.18506  -0.013276100000000001
4395    0.054592500000000002  0.210891  -0.010385
4396    -0.073605599999999993  0.115928  -0.0095550800000000005
4397    -0.104506  0.19297500000000001  -0.031419299999999997
4398    0.0069159  0.23871999999999999  0.0090859400000000007
4399    -0.074640499999999999  0.1696  0.074635499999999994
4400    0.014189800000000001  0.078608600000000001  0.0305502
4401    -0.039470900000000003  0.18634700000000001  0.079714599999999997
4402    -0.139464  0.151337  -0.0068173399999999999
4403    0.021813200000000001  0.075940199999999999  -0.0065633799999999997
4404    -0.094558799999999998  0.082988999999999993  0.065915500000000002
4405    0.023516100000000002  0.15266299999999999  0.091946799999999995
4406    -0.0594692  0.22248899999999999  0.044468399999999998
4407    0.0120211  0.072282399999999997  0.028449200000000001
4408    -0.081338099999999997  0.167356  -0.033367000000000001
4409    -0.047800099999999998  0.14743600000000001  -0.045475300000000003
4410    0.040712699999999998  0.17179800000000001  0.078070100000000003
4411    0.013194600000000001  0.12686  -0.046986399999999998
4412    0.101481  0.12953300000000001  0.031332899999999997
4413    0.023911499999999999  0.116995  -0.047549099999999997
4414    0.053843000000000002  0.17405499999999999  -0.027123299999999999
4415    -0.14841199999999999  0.25943699999999997  0.091714000000000004
4416    -0.0720605  0.0985655  -0.0058764400000000001
4417    -0.049519599999999997  0.15079600000000001  0.0459706
4418    -0.017913399999999999  0.137766  -0.041310399999999997
4419    0.0478033  0.11541899999999999  -0.0051923100000000003
4420    -0.113414  0.24485000000000001  0.046024900000000001
4421    -0.112678  0.26269399999999998  0.0093276899999999996
4422    -0.052437200000000003  0.098751199999999997  -0.015571700000000001
4423    -0.079724299999999998  0.152999  0.069294599999999998
4424    0.062163599999999999  0.108987  0.00077492499999999998
4425    -0.024465899999999999  0.14415800000000001  -0.061643799999999999
4426    -0.089632100000000006  0.22403600000000001  0.050706500000000002
4427    0.030059800000000001  0.083297300000000005  0.071371400000000002
4428    -0.042891199999999997  0.095739699999999997  0.073550599999999994
4429    0.044636500000000003  0.077564499999999995  0.0316607
4430    -0.091900300000000004  0.13911200000000001  0.053402100000000001
4431    -0.14622099999999999  0.14296800000000001  0.029896800000000001
4432    -0.13574700000000001  0.150168  0.049407699999999999
4433    -0.054767299999999998  0.18643399999999999  -0.014699800000000001
4434    -0.164853  0.24973999999999999  0.031010599999999999
4435    -0.101172  0.24756400000000001  0.022737199999999999
4436    0.068494799999999995  0.115788  0.044829300000000002
4437    0.0145217  0.221415  0.0606492
4438    -0.060116200000000002  0.098924100000000001  -0.015852000000000002
4439    -0.039505999999999999  0.232957  0.016979399999999999
4440    0.037999499999999999  0.078282400000000002  0.049535099999999999
4441    -0.088949100000000003  0.12557399999999999  0.060941700000000001
4442    0.0600189  0.116373  -0.011744900000000001
4443    0.066137799999999997  0.15610199999999999  -0.0044444599999999999
4444    0.0092841899999999995  0.19502  0.078880400000000003
4445    -0.00084718  0.19763800000000001  0.076662900000000006
4446    0.051794899999999998  0.14085  -0.027177400000000001
4447    -0.11974  0.154307  -0.018542599999999999
4448    -0.038106899999999999  0.10587000000000001  -0.041384900000000002
4449    -0.090044799999999994  0.092246800000000004  0.0520242
4450    -0.120751  0.27150400000000002  0.0526726
4451    -0.131994  0.29660500000000001  -0.043864300000000002
4452    -0.143568  0.14155300000000001  0.039178299999999999
4453    -0.123512  0.17163500000000001  0.068181900000000004
4454    0.049083799999999997  0.15201700000000001  0.079896800000000004
4455    0.0069006199999999997  0.083222599999999994  0.041544400000000002
4456    -0.031037200000000001  0.075752100000000003  0.093842300000000003
4457    0.0079326399999999995  0.0757655  0.0088512299999999999
4458    -0.036101099999999997  0.099087400000000006  0.080069899999999999
4459    -0.10292900000000001  0.075835200000000005  0.0136694
4460    -0.087907299999999994  0.11362999999999999  0.0188848
4461    -0.13004199999999999  0.074399800000000002  0.0053859199999999998
4462    -0.12214  0.25828699999999999  -0.000718971
4463    -0.141565  0.143901  0.00993927
4464    0.078770599999999996  0.12614400000000001  0.014877899999999999
4465    -0.055679300000000001  0.22903499999999999  0.022065399999999999
4466    -0.102898  0.089391600000000002  0.072753999999999999
4467    -0.0088064100000000006  0.089041700000000001  -0.022736900000000001
4468    0.097268999999999994  0.12280199999999999  0.010033800000000001
4469    -0.0275766  0.081548200000000001  -0.045734299999999999
4470    0.038337000000000003  0.12117600000000001  0.083701999999999999
4471    -0.039683400000000001  0.148951  0.076160800000000001
4472    0.034252600000000001  0.087368199999999993  -0.0075997900000000004
4473    -0.067464999999999997  0.154279  0.070301799999999998
4474    -0.020861999999999999  0.198966  -0.032351499999999998
4475    -0.047411300000000003  0.086995500000000003  0.056792099999999998
4476    0.0200368  0.080160800000000004  0.079327400000000006
4477    -0.095604599999999998  0.077353199999999997  0.076014999999999999
4478    -0.067305100000000007  0.233241  0.030478700000000001
4479    -0.11572399999999999  0.076604000000000005  0.057077299999999997
4480    -0.160769  0.22620999999999999  0.069859400000000002
4481    -0.049574199999999999  0.12515799999999999  0.0486153
4482    0.025276199999999999  0.095748200000000006  0.073832499999999995
4483    -0.037665999999999998  0.177811  0.090170299999999995
4484    -0.091938699999999998  0.15878200000000001  -0.025110299999999999
4485    0.055206600000000002  0.096449300000000002  -0.0028484399999999998
4486    0.040920100000000001  0.080980300000000005  -0.00422435
4487    -0.033276199999999999  0.17421900000000001  -0.056318100000000003
4488    -0.137688  0.136072  0.0064061999999999999
4489    -0.15836900000000001  0.220079  0.035982500000000001
4490    -0.16186700000000001  0.27651599999999998  0.0507004
4491    -0.022303300000000002  0.121895  0.091098200000000004
4492    -0.133715  0.24337800000000001  0.091351000000000002
4493    -0.12478300000000001  0.28131499999999998  0.066019800000000003
4494    -0.13231699999999999  0.13001499999999999  0.023024099999999999
4495    0.031402300000000001  0.077769400000000002  -0.0094766699999999995
4496    -0.0312062  0.105408  0.085806900000000005
4497    0.00095481199999999998  0.117244  -0.049876499999999997
4498    -0.104809  0.123706  0.0097278699999999996
4499    -0.101023  0.21853900000000001  -0.019130299999999999
4500    -0.083171999999999996  0.237953  0.0251726
4501    -0.138401  0.17441999999999999  0.067566399999999999
4502    -0.068540400000000001  0.23817099999999999  0.0176375
4503    -0.099035399999999996  0.199628  -0.033376500000000003
4504    -0.055817199999999997  0.080753900000000003  -0.045885599999999999
4505    0.010040500000000001  0.205432  0.065196799999999999
4506    0.0020395999999999999  0.085305199999999998  -0.034047800000000003
4507    -0.152201  0.15152499999999999  0.0265407
4508    -0.12413  0.19423199999999999  0.070035799999999995
4509    -0.066663200000000006  0.333561  -0.020278999999999998
4510    -0.14858499999999999  0.22531300000000001  0.075721899999999995
4511    -0.090856199999999998  0.0794937  0.0188182
4512    0.046901900000000003  0.19173299999999999  0.075163999999999995
4513    -0.165491  0.17794699999999999  0.027179200000000001
4514    -0.097146200000000002  0.133496  -0.0115225
4515    -0.108056  0.23178299999999999  0.052091999999999999
4516    -0.123871  0.291991  0.063284900000000005
4517    -0.011091500000000001  0.095085600000000006  0.035514700000000003
4518    -0.117756  0.13058  -0.00070010299999999999
4519    0.0190577  0.168488  0.096542500000000003
4520    -0.025269400000000001  0.18725800000000001  0.075370199999999998
4521    0.0134556  0.16081699999999999  -0.055935400000000003
4522    -0.090286500000000006  0.16744400000000001  0.071880899999999998
4523    -0.084591399999999997  0.202016  -0.025784899999999999
4524    0.022490199999999998  0.219419  0.066418500000000005
4525    -0.073795600000000003  0.22856199999999999  -0.00022382700000000001
4526    0.034296699999999999  0.081317299999999995  0.0110965
4527    -0.087638199999999999  0.32199800000000001  0.0055506699999999997
4528    -0.10385  0.20344799999999999  0.065583900000000001
4529    -0.058783299999999997  0.14905199999999999  -0.050579699999999998
4530    -0.15159700000000001  0.193858  -0.00228561
4531    -0.096901000000000001  0.10520400000000001  0.0059345700000000001
4532    -0.111236  0.21959899999999999  0.0569261
4533    0.0195677  0.081423099999999998  0.0187019
4534    -0.14624000000000001  0.22523399999999999  0.0036132999999999998
4535    -0.049372100000000002  0.071561799999999995  -0.049721500000000002
4536    -0.079886700000000005  0.13722100000000001  -0.018995999999999999
4537    -0.15238699999999999  0.21534500000000001  0.0095230499999999999
4538    -0.071410299999999996  0.314168  -0.0129947
4539    -0.040719699999999998  0.094591700000000001  0.083987000000000006
4540    0.0781385  0.121853  0.046659800000000001
4541    -0.065673300000000004  0.074388099999999999  -0.050814999999999999
4542    0.034523699999999997  0.109181  -0.046008
4543    0.014911199999999999  0.100859  -0.044988199999999999
4544    -0.0723776  0.072455400000000003  0.080179
4545    -0.074166999999999997  0.076207700000000003  0.034432900000000002
4546    -0.0210084  0.110523  -0.051434100000000003
4547    0.0144773  0.14397499999999999  -0.054152800000000001
4548    0.020854999999999999  0.086984800000000001  0.059885800000000003
4549    -0.125893  0.26033200000000001  0.064722399999999999
4550    -0.0164038  0.20695  -0.036132499999999998
4551    -0.081177200000000005  0.10575  -0.012170500000000001
4552    0.053773099999999997  0.219388  0.013547
4553    -0.119896  0.160109  -0.0276548
4554    -0.127054  0.13057199999999999  -0.00051483900000000001
4555    -0.036378899999999999  0.085468600000000006  0.056783699999999999
4556    -0.089908199999999994  0.20502300000000001  0.065554500000000002
4557    -0.026251199999999999  0.220753  -0.0154424
4558    0.057068899999999999  0.17607500000000001  0.053896699999999999
4559    0.074616100000000005  0.133745  0.00224675
4560    -0.065417600000000006  0.072535799999999998  0.025040799999999998
4561    -0.035540599999999999  0.18967800000000001  -0.031384700000000001
4562    0.068836700000000001  0.17190800000000001  -0.011575999999999999
4563    0.086388300000000001  0.097867300000000004  0.014234500000000001
4564    -0.079765500000000003  0.178531  -0.034279400000000002
4565    -0.066066299999999994  0.213314  -0.0258064
4566    -0.064887200000000006  0.0823546  0.072160600000000005
4567    -0.158799  0.23816399999999999  0.0103751
4568    -0.043562299999999998  0.196489  0.074587600000000004
4569    -0.13783400000000001  0.28817199999999998  -0.032307299999999997
4570    -0.0099218199999999996  0.164553  -0.057702700000000003
4571    -0.13245399999999999  0.310697  -0.054829700000000002
4572    -0.106347  0.076562000000000005  0.0283875
4573    0.081331500000000001  0.131157  0.0076803699999999997
4574    0.022956899999999999  0.075850299999999996  0.015802900000000002
4575    -0.083133600000000002  0.171705  -0.036873599999999999
4576    0.046867800000000001  0.12709500000000001  -0.033106799999999999
4577    0.075486700000000004  0.18001200000000001  0.026275199999999999
4578    -0.116795  0.227489  0.062171799999999999
4579    0.041027099999999997  0.13373499999999999  -0.041265200000000002
4580    -0.0302744  0.17857100000000001  -0.041382000000000002
4581    0.0101604  0.23147000000000001  -0.020979999999999999
4582    -0.115401  0.279806  0.045195699999999998
4583    -0.096715899999999994  0.076409900000000003  0.021349400000000001
4584    -0.050460100000000001  0.14716000000000001  -0.0591123
4585    -0.15636  0.18746299999999999  0.0104633
4586    0.052737699999999998  0.17053699999999999  0.075321700000000005
4587    -0.082872000000000001  0.079431799999999997  0.074758400000000003
4588    0.0087157499999999995  0.075320999999999999  0.0176271
4589    -0.15254699999999999  0.26227699999999998  0.010887600000000001
4590    0.046202800000000002  0.18139  0.079639600000000005
4591    0.054340100000000002  0.082453299999999993  0.021743100000000001
4592    -0.140516  0.201736  0.062639299999999995
4593    0.0255383  0.098009600000000002  -0.037985600000000001
4594    -0.056063799999999997  0.090784799999999999  -0.042095100000000003
4595    -0.123901  0.20202800000000001  0.072235900000000006
4596    -0.129161  0.221358  0.065711699999999998
4597    -0.10674  0.16367399999999999  -0.029176500000000001
4598    0.059123599999999998  0.125643  0.063967499999999997
4599    -0.098113400000000003  0.152305  0.066248500000000002
4600    0.043359099999999998  0.17080999999999999  0.0871305
4601    -0.047003900000000001  0.077374999999999999  0.087620000000000003
4602    0.0063855500000000003  0.16633700000000001  0.099140099999999995
4603    -0.036254799999999997  0.090999899999999995  -0.050397400000000002
4604    -0.094749899999999998  0.28927000000000003  0.0074435500000000002
4605    0.0395958  0.083618300000000007  -0.010933500000000001
4606    0.0016310599999999999  0.088048500000000002  -0.042169199999999997
4607    -0.022783999999999999  0.230799  0.035525500000000002
4608    -0.160721  0.250691  0.072401599999999997
4609    -0.059272400000000003  0.22667399999999999  -0.00081520500000000005
4610    -0.030503200000000001  0.079319500000000001  -0.035314600000000002
4611    -0.13968900000000001  0.19262799999999999  -0.0115418
4612    -0.042603500000000002  0.223103  0.056321999999999997
4613    0.0242372  0.075529899999999997  0.051211300000000001
4614    0.058866799999999997  0.19162000000000001  -0.00217951
4615    -0.13672000000000001  0.32497500000000001  -0.068941699999999995
4616    -0.064270900000000006  0.171484  -0.039814299999999997
4617    0.033446299999999998  0.077429300000000006  0.016653399999999999
4618    -0.030829499999999999  0.076418100000000003  -0.047642299999999999
4619    -0.13189799999999999  0.236147  -0.0024358499999999998
4620    -0.051356100000000002  0.18235699999999999  -0.040633299999999997
4621    -0.078643000000000005  0.10673299999999999  0.057997600000000003
4622    -0.056822900000000003  0.13788600000000001  -0.034140999999999998
4623    -0.044884899999999998  0.092096200000000003  0.088524199999999997
4624    -0.15593699999999999  0.24673800000000001  0.00117091
4625    -0.038884599999999998  0.20895900000000001  0.064455799999999994
4626    -0.145652  0.30750899999999998  -0.0347996
4627    0.048054600000000003  0.078993300000000002  0.011662799999999999
4628    -0.11265500000000001  0.124857  0.032701800000000003
4629    -0.11096  0.29275499999999999  0.023845499999999999
4630    -0.063094899999999995  0.119548  -0.0158868
4631    -0.14604200000000001  0.282997  0.066083699999999995
4632    -0.134517  0.15226000000000001  -0.0169049
4633    0.0084589499999999998  0.239033  0.029139700000000001
4634    -0.075623200000000002  0.084013000000000004  0.0041929599999999999
4635    -0.123227  0.24653700000000001  0.075660099999999994
4636    0.043426899999999997  0.171741  -0.034928599999999997
4637    -0.022407900000000001  0.11716600000000001  0.099877300000000002
4638    -0.102145  0.123321  0.047161799999999997
4639    -0.0055546700000000003  0.189888  -0.030007499999999999
4640    -0.097521999999999998  0.16195799999999999  -0.032880600000000003
4641    -0.15462300000000001  0.204876  0.042523999999999999
4642    -0.042444700000000002  0.082280599999999995  0.053322000000000001
4643    0.040558700000000003  0.099146200000000004  -0.019801800000000001
4644    -0.092228199999999996  0.312662  0.0040125200000000003
4645    -0.083159499999999997  0.143563  -0.025883199999999999
4646    0.0069583099999999997  0.24467700000000001  -0.0010034099999999999
4647    -0.102162  0.25849800000000001  0.026502000000000001
4648    0.074953500000000006  0.17330000000000001  -0.016633700000000001
4649    0.0118759  0.15673599999999999  -0.060762299999999998
4650    0.043309199999999999  0.089550699999999997  0.057339899999999999
4651    -0.00773363  0.21215899999999999  -0.031490900000000002
4652    0.016787400000000001  0.206155  0.072132100000000005
4653    -0.121961  0.18417  -0.019152499999999999
4654    -0.079902399999999998  0.11527  0.066823599999999997
4655    -0.0589072  0.17826500000000001  0.073875200000000002
4656    -0.0135374  0.192384  -0.036942999999999997
4657    -0.13772499999999999  0.30165999999999998  -0.023313799999999999
4658    0.0021836500000000001  0.075523599999999996  -0.038747999999999998
4659    0.030247199999999998  0.073087399999999997  -0.012990399999999999
4660    0.088329900000000003  0.12515200000000001  0.036901400000000001
4661    -0.017550300000000001  0.087098900000000007  0.081869200000000003
4662    -0.13126199999999999  0.29400500000000002  0.0016068300000000001
4663    -0.083273  0.17277200000000001  0.074529200000000004
4664    -0.063331899999999997  0.31017600000000001  -0.010633099999999999
4665    -0.111258  0.28907899999999997  0.040818399999999998
4666    -0.0196689  0.21645200000000001  0.068281099999999997
4667    -0.055076399999999998  0.13538600000000001  -0.0424654
4668    -0.061862899999999998  0.14407  0.067551200000000006
4669    -0.15159800000000001  0.179147  -0.0049866099999999998
4670    -0.122876  0.29709999999999998  0.045314300000000002
4671    -0.14559900000000001  0.1686  -0.010839
4672    -0.041415500000000001  0.176949  -0.047073900000000002
4673    0.064822699999999997  0.087915699999999999  0.042450000000000002
4674    -0.015758000000000001  0.083366099999999999  -0.033649900000000003
4675    -0.13896900000000001  0.216805  -0.0056623000000000003
4676    -0.079512399999999997  0.18694  0.072953699999999996
4677    -0.0828155  0.13849900000000001  0.066767300000000002
4678    -0.039204700000000002  0.150001  -0.064700400000000005
4679    0.096835500000000005  0.104709  0.042875099999999999
4680    0.0294361  0.075842300000000001  0.022280000000000001
4681    0.0298369  0.20797599999999999  0.068608100000000005
4682    -0.068614099999999997  0.22666700000000001  0.050643399999999998
4683    0.063890100000000005  0.13977999999999999  -0.0100658
4684    -0.049862400000000001  0.229656  0.035709100000000001
4685    0.0530727  0.144762  0.077504299999999998
4686    -0.105257  0.072467400000000001  0.022858099999999999
4687    0.0128261  0.11508500000000001  0.092571500000000001
4688    -0.15518699999999999  0.161382  -0.0051750499999999996
4689    -0.098179299999999997  0.12092600000000001  0.025024600000000001
4690    -0.061877700000000001  0.191634  0.072629200000000005
4691    -0.059131799999999998  0.34542299999999998  -0.019652900000000001
4692    -0.055536200000000001  0.17263800000000001  -0.044388299999999999
4693    0.0018660199999999999  0.087677699999999997  0.025424100000000002
4694    -0.14102700000000001  0.32177600000000001  -0.056930300000000003
4695    0.072789199999999998  0.14136499999999999  0.026102500000000001
4696    0.0200813  0.12281  0.091532299999999997
4697    -0.061447700000000001  0.085129300000000005  0.083281800000000003
4698    -0.076067899999999994  0.32429999999999998  -0.013043300000000001
4699    0.0059164100000000004  0.23427300000000001  0.056952299999999997
4700    -0.106129  0.120933  0.044568400000000001
4701    0.020237000000000002  0.080855999999999997  0.063356099999999999
4702    0.0066943999999999997  0.088606900000000002  0.060945899999999997
4703    0.070224999999999996  0.14843700000000001  0.046261200000000002
4704    -0.147202  0.22431799999999999  0.049691699999999998
4705    -0.0081375100000000006  0.18770800000000001  -0.043937299999999999
4706    -0.031113499999999999  0.094641400000000001  0.085225800000000004
4707    -0.104087  0.140043  0.061493300000000001
4708    -0.090225299999999994  0.18204999999999999  0.075237399999999996
4709    -0.050647900000000003  0.0968252  0.063639799999999996
4710    -0.0117191  0.12428699999999999  -0.054438500000000001
4711    -0.0659999  0.087261199999999997  -0.029012099999999999
4712    -0.097511200000000006  0.23142799999999999  0.047427799999999999
4713    0.022416100000000001  0.16498499999999999  -0.048222599999999997
4714    -0.110822  0.180343  0.0754301
4715    0.024928499999999999  0.076674400000000004  0.069278699999999999
4716    -0.011639  0.21704399999999999  0.074217699999999998
4717    -0.155833  0.21242  0.024953900000000001
4718    -0.13366600000000001  0.19097500000000001  -0.021009400000000001
4719    -0.054074400000000002  0.107208  -0.021350399999999999
4720    -0.122326  0.075538999999999995  -0.0033031200000000001
4721    -0.136268  0.30174800000000002  -0.0358915
4722    -0.049618000000000002  0.176399  -0.049159300000000003
4723    -0.032462900000000003  0.195798  0.075619000000000006
4724    -0.026783899999999999  0.088638099999999997  0.073950299999999997
4725    -0.033991500000000001  0.158052  0.100576
4726    -0.014866300000000001  0.15679000000000001  -0.064148899999999995
4727    0.0058314500000000002  0.084899199999999994  0.077661099999999997
4728    -0.061019200000000003  0.163435  0.071637900000000004
4729    -0.0606849  0.16831099999999999  -0.0445394
4730    -0.059379099999999997  0.073372099999999996  -0.045659100000000001
4731    -0.14217099999999999  0.251612  -0.00269791
4732    -0.053766799999999997  0.084882899999999997  0.0153492
4733    -0.164608  0.26912900000000001  0.056577799999999998
4734    0.042753300000000001  0.077322399999999999  0.040742399999999998
4735    -0.019618099999999999  0.233237  -0.0040197799999999997
4736    -0.134521  0.31877  -0.050376400000000002
4737    -0.15044199999999999  0.28771600000000003  0.041090399999999999
4738    -0.14463599999999999  0.22029199999999999  0.066186999999999996
4739    0.034493000000000003  0.21118300000000001  -0.021913100000000001
4740    -0.149418  0.23185800000000001  0.086225499999999997
4741    0.053419300000000003  0.087629100000000001  0.048390799999999998
4742    -0.10585700000000001  0.27397899999999997  0.0095252800000000006
4743    -0.144728  0.27398  0.00019750799999999999
4744    0.0032462200000000002  0.121193  0.098939299999999994
4745    -0.0024332799999999999  0.24526800000000001  0.0061090700000000003
4746    -0.0059178800000000004  0.16212699999999999  0.099947900000000006
4747    -0.17114199999999999  0.255083  0.038616299999999999
4748    -0.011984699999999999  0.22725200000000001  0.064998100000000003
4749    -0.095864500000000005  0.25287700000000002  0.026591199999999999
4750    -0.12130100000000001  0.266569  0.0601632
4751    -0.0682701  0.221197  -0.012904000000000001
4752    -0.026644899999999999  0.083733299999999997  0.087394399999999997
4753    -0.070022600000000004  0.073959700000000003  0.033440299999999999
4754    -0.0021452899999999998  0.186447  0.083031599999999997
4755    0.047539900000000003  0.15996099999999999  -0.033752600000000001
4756    -0.089327799999999999  0.114042  0.052995100000000003
4757    -0.031989799999999999  0.21970000000000001  0.064133700000000002
4758    -0.13733600000000001  0.29251899999999997  0.055074900000000003
4759    0.050762500000000002  0.121083  -0.036179999999999997
4760    0.070305800000000002  0.12320399999999999  -0.00165829
4761    -0.069652000000000006  0.33579399999999998  -0.012777800000000001
4762    -0.140232  0.13311300000000001  0.028822799999999999
4763    -0.16599700000000001  0.23024700000000001  0.015145499999999999
4764    -0.0318757  0.199848  -0.034564600000000001
4765    -0.169989  0.28898200000000002  0.033397299999999998
4766    0.062235899999999997  0.110694  0.0554768
4767    0.029459200000000001  0.222  -0.017728899999999999
4768    -0.112122  0.12194099999999999  0.040275100000000001
4769    -0.0094998800000000005  0.22819900000000001  -0.017521100000000001
4770    0.0095351700000000008  0.088435700000000006  -0.020313700000000001
4771    -0.083860699999999996  0.101462  0.0379537
4772    0.064299499999999996  0.120421  -0.019294100000000002
4773    0.037751899999999998  0.076345200000000002  0.0580805
4774    0.0843251  0.12743599999999999  0.044417400000000003
4775    -0.12216100000000001  0.228269  -0.0099542699999999994
4776    0.075659299999999999  0.14833199999999999  0.012170800000000001
4777    0.024919500000000001  0.12887599999999999  -0.047836499999999997
4778    -0.033120900000000002  0.199464  0.080057199999999995
4779    -0.0454472  0.21202499999999999  -0.031224200000000001
4780    -0.087337700000000004  0.076692700000000003  0.0129512
4781    -0.088416599999999998  0.19472  0.071377800000000005
4782    -0.14680699999999999  0.31773000000000001  -0.050386399999999998
4783    -0.112507  0.241593  0.068054600000000007
4784    -0.086915099999999995  0.092851799999999998  0.0669984
4785    0.0292953  0.230097  -0.00070825100000000002
4786    -0.064195100000000005  0.076729000000000006  0.080585900000000002
4787    -0.10839600000000001  0.14827599999999999  -0.021519300000000002
4788    0.0026822  0.15750800000000001  0.101795
4789    -0.047537599999999999  0.11955300000000001  -0.0492719
4790    0.00346152  0.17526600000000001  -0.047943699999999999
4791    -0.0577294  0.202349  -0.0351314
4792    -0.063542299999999996  0.091806499999999999  -0.0186242
4793    -0.090588199999999994  0.234155  -0.0067982800000000003
4794    0.034216900000000001  0.202935  0.077273900000000006
4795    -0.085745000000000002  0.17804600000000001  0.0045035700000000001
4796    0.044034900000000002  0.19195499999999999  -0.028737100000000002
4797    -0.099367200000000003  0.117063  0.040199699999999998
4798    0.085133  0.137325  0.0108606
4799    -0.026240699999999999  0.12388100000000001  0.097784700000000002
4800    -0.124559  0.073005700000000007  0.022215499999999999
4801    0.037182199999999999  0.10534300000000001  0.072630399999999998
4802    0.019966600000000001  0.079668000000000003  0.0033653200000000002
4803    -0.087367200000000006  0.079167199999999993  0.052099100000000002
4804    0.020925599999999999  0.24082799999999999  0.0084695299999999994
4805    -0.121299  0.078148499999999996  0.055692800000000001
4806    0.059898100000000003  0.144455  0.062351999999999998
4807    -0.047380100000000001  0.078732700000000003  0.0971022
4808    -0.061007199999999998  0.109331  -0.0104913
4809    -0.051731399999999997  0.15656999999999999  0.073864100000000002
4810    -0.073218599999999995  0.168213  0.046704799999999998
4811    -0.0273324  0.18282499999999999  -0.051616500000000003
4812    -0.10288700000000001  0.20496600000000001  0.072634799999999999
4813    -0.094362000000000001  0.257328  0.022348099999999999
4814    -0.042444799999999998  0.091894100000000006  -0.048268199999999997
4815    0.000115463  0.155059  -0.051098900000000003
4816    -0.156916  0.17333599999999999  0.038744000000000001
4817    -0.074139499999999997  0.32794400000000001  -0.00775583
4818    -0.13858699999999999  0.28373300000000001  0.073992199999999994
4819    -0.045827899999999998  0.17593900000000001  0.084800700000000007
4820    -0.023239599999999999  0.13800799999999999  0.100744
4821    -0.021919500000000001  0.076005299999999998  0.084695000000000006
4822    -0.16161500000000001  0.20533499999999999  0.028490700000000001
4823    -0.093732700000000002  0.238431  0.010882899999999999
4824    -0.017745400000000001  0.083684599999999998  -0.023853800000000001
4825    -0.00073035999999999999  0.112444  0.0975018
4826    0.084318500000000005  0.13391600000000001  0.027080300000000002
4827    -0.045495399999999998  0.164352  -0.058037999999999999
4828    -0.106408  0.25538300000000003  0.00089316999999999999
4829    -0.102561  0.24060999999999999  -0.0013334
4830    -0.091361300000000006  0.088695399999999994  0.037154600000000003
4831    0.025977299999999998  0.079654100000000005  -0.0291469
4832    -0.072143700000000005  0.0786578  0.055288999999999998
4833    -0.107394  0.17904800000000001  -0.032957699999999999
4834    -0.15530099999999999  0.20311199999999999  0.0023603600000000001
4835    -0.15024999999999999  0.282584  0.0068810099999999999
4836    -0.10614  0.16203699999999999  0.079259999999999997
4837    -0.164492  0.18923200000000001  0.0143401
4838    0.0317121  0.10055799999999999  0.078111600000000003
4839    0.070601200000000003  0.105656  -0.0035639199999999999
4840    -0.15736900000000001  0.28805700000000001  0.024456700000000001
4841    0.0271991  0.0757018  0.00036371400000000001
4842    -0.16453499999999999  0.24851799999999999  0.0050674300000000004
4843    -0.074329099999999995  0.30135699999999999  -0.00285951
4844    -0.14519799999999999  0.23619599999999999  -0.0030762400000000001
4845    -0.0101399  0.077941800000000006  0.0794961
4846    -0.068351499999999996  0.075084899999999996  0.072511500000000007
4847    -0.096155000000000004  0.13308700000000001  0.062127500000000002
4848    0.0740624  0.13409299999999999  0.049128100000000001
4849    -0.124711  0.17676  0.077830800000000006
4850    -0.16290099999999999  0.180338  0.012761399999999999
4851    -0.15431400000000001  0.149087  0.0181937
4852    -0.114785  0.086839399999999997  0.0060247599999999997
4853    -0.070464899999999997  0.13436100000000001  -0.021218799999999999
4854    -0.104657  0.20782  -0.026228899999999999
4855    -0.15909000000000001  0.287856  0.054632800000000002
4856    0.029410200000000001  0.13311899999999999  0.085764400000000005
4857    -0.14358899999999999  0.22362499999999999  -0.0041643299999999999
4858    -0.064671199999999998  0.077705800000000005  0.068825200000000003
4859    -0.051402200000000002  0.19602800000000001  0.077868099999999996
4860    0.070319300000000001  0.17793800000000001  0.044761000000000002
4861    -0.101926  0.091107199999999999  0.0049024100000000003
4862    0.0578884  0.160056  -0.027468300000000001
4863    0.044804299999999998  0.104227  -0.030755999999999999
4864    -0.00039817100000000001  0.12726000000000001  -0.055977100000000002
4865    0.045409400000000003  0.220775  0.046492199999999997
4866    -0.10445500000000001  0.13350500000000001  -0.014814900000000001
4867    -0.121318  0.28987099999999999  0.00317308
4868    -0.142293  0.14532999999999999  -0.0096609
4869    -0.022308399999999999  0.075066099999999997  -0.041945299999999998
4870    -0.111003  0.217223  0.032273499999999997
4871    -0.099658899999999995  0.22492799999999999  0.055358299999999999
4872    0.015085599999999999  0.084674299999999994  -0.0082940700000000006
4873    -0.096463499999999994  0.30844700000000003  0.00966558
4874    0.015193  0.074936500000000003  -0.00158191
4875    -0.170042  0.22850699999999999  0.069670200000000002
4876    -0.0559225  0.093996200000000002  -0.035409000000000003
4877    -0.0034800600000000001  0.18148700000000001  -0.053743399999999997
4878    0.019396400000000001  0.184005  -0.032983199999999997
4879    0.028403999999999999  0.201708  -0.026877999999999999
4880    0.041144899999999998  0.076366799999999999  0.0277939
4881    -0.010217800000000001  0.200632  -0.0370674
4882    -0.020937299999999999  0.23296500000000001  0.059512299999999997
4883    -0.100979  0.24301700000000001  0.042573800000000002
4884    0.067398899999999998  0.083099199999999998  0.0138152
4885    -0.11203200000000001  0.18884400000000001  -0.0321385
4886    -0.0074312900000000001  0.085930000000000006  -0.042124799999999997
4887    0.06515  0.13170100000000001  0.067953899999999998
4888    -0.064268000000000006  0.080943100000000004  0.038190500000000002
4889    -0.084232699999999994  0.29588300000000001  0.00312101
4890    0.093081300000000006  0.111766  0.00295444
4891    -0.13745099999999999  0.29676399999999997  -0.050773800000000001
4892    0.059794300000000002  0.21443699999999999  0.0013054500000000001
4893    -0.0812615  0.076301800000000003  0.00013361300000000001
4894    -0.059976799999999997  0.12250999999999999  -0.022796500000000001
4895    -0.097629099999999996  0.110778  0.0151526
4896    -0.15387799999999999  0.15227299999999999  0.040240499999999998
4897    -0.14819499999999999  0.21620300000000001  0.056804300000000002
4898    -0.059382999999999998  0.15306400000000001  -0.034657300000000002
4899    -0.0265361  0.164219  -0.063166899999999998
4900    0.0173174  0.078944  0.010944199999999999
4901    -0.0209336  0.15882299999999999  0.10313700000000001
4902    -0.140878  0.13972999999999999  -0.0089632300000000008
4903    -0.029979100000000002  0.12841900000000001  -0.056459299999999997
4904    -0.098842600000000003  0.087404099999999998  0.056022000000000002
4905    0.072463399999999997  0.151362  -0.0116658
4906    -0.127751  0.24282899999999999  0.081765400000000002
4907    0.023119899999999999  0.082002199999999997  -0.017460300000000002
4908    -0.101533  0.071213200000000004  0.020497000000000001
4909    0.032340399999999998  0.077045600000000006  0.0064986200000000001
4910    -0.021328300000000001  0.21326899999999999  -0.025399100000000001
4911    -0.13880600000000001  0.295319  -0.057176999999999999
4912    -0.092976400000000001  0.087865799999999994  0.072385500000000005
4913    0.041994400000000001  0.091627  -0.022790000000000001
4914    0.084487499999999993  0.105181  0.0498006
4915    -0.059258600000000002  0.081442299999999995  0.0072852300000000002
4916    0.013631600000000001  0.14510999999999999  0.104076
4917    0.018040500000000001  0.074672100000000005  0.0460017
4918    -0.072408  0.176367  0.077598899999999998
4919    -0.040708000000000001  0.13693900000000001  -0.060010599999999997
4920    0.00212116  0.17428199999999999  -0.058083500000000003
4921    0.048127099999999999  0.10950600000000001  0.071181599999999998
4922    -0.115838  0.072227899999999998  0.0339181
4923    0.027621699999999999  0.24496699999999999  0.015429
4924    -0.057875299999999998  0.217752  -0.026486900000000001
4925    -0.070640999999999995  0.075133400000000003  0.064477999999999994
4926    -0.10229199999999999  0.245726  -0.0054870600000000002
4927    0.029854599999999998  0.11262900000000001  -0.049879199999999999
4928    0.012182  0.085206599999999993  0.050101100000000003
4929    0.0378538  0.232352  0.0469889
4930    -0.10037  0.077246899999999993  -0.012708799999999999
4931    -0.012097699999999999  0.117419  -0.0086865199999999997
4932    -0.124529  0.13109199999999999  0.0124265
4933    0.021442800000000001  0.183115  -0.042997399999999998
4934    -0.014417900000000001  0.12017799999999999  0.101382
4935    -0.073068099999999997  0.074774199999999999  0.0286562
4936    -0.0080053799999999994  0.076012700000000002  -0.039640700000000001
4937    -0.056972099999999998  0.22797799999999999  -0.0123801
4938    -0.059684099999999997  0.180146  -0.040434400000000002
4939    -0.16243199999999999  0.21541399999999999  0.029822399999999999
4940    -0.066118200000000002  0.073317599999999997  0.046271699999999999
4941    -0.131607  0.22215399999999999  -0.011055300000000001
4942    -0.14283100000000001  0.26602599999999998  0.085161000000000001
4943    -0.13495799999999999  0.143955  -0.0113201
4944    -0.092987500000000001  0.076165800000000006  0.059084600000000001
4945    0.092223700000000006  0.13114200000000001  0.0126865
4946    0.088017100000000001  0.124103  0.0073362899999999997
4947    0.059579500000000001  0.128548  0.073601100000000003
4948    -0.0971249  0.15037900000000001  -0.025718499999999998
4949    -0.11476  0.170074  0.0759991
4950    0.0491961  0.081863199999999997  -0.0010678700000000001
4951    0.0788687  0.096682299999999999  0.052684500000000002
4952    0.031355800000000003  0.240649  0.0328204
4953    -0.151891  0.15028900000000001  -0.0054544499999999996
4954    0.056597599999999998  0.12167  -0.03065
4955    -0.10317900000000001  0.15584200000000001  -0.030405399999999999
4956    -0.111344  0.082657999999999995  0.077280399999999999
4957    0.027972  0.19534799999999999  -0.034503199999999998
4958    -0.080444699999999994  0.075808  0.061503599999999999
4959    -0.096026  0.15847  0.075376700000000005
4960    -0.018783999999999999  0.085896399999999998  0.063751299999999997
4961    0.0079105100000000008  0.075308700000000006  0.0355549
4962    -0.087660699999999994  0.075163400000000005  0.018144799999999999
4963    0.031810900000000003  0.072583499999999995  0.045669800000000003
4964    -0.113828  0.076604099999999994  0.047614700000000003
4965    0.043384399999999997  0.14834600000000001  0.0857961
4966    -0.10077999999999999  0.114994  -0.00093421200000000002
4967    -0.082911200000000004  0.0699713  0.054504200000000003
4968    -0.159772  0.16238  0.017558799999999999
4969    -0.062573000000000004  0.075053400000000006  0.092404399999999998
4970    0.070579799999999998  0.090027499999999996  0.0036501599999999999
4971    -0.093714400000000003  0.100081  0.056620299999999998
4972    -0.082074499999999995  0.076471600000000001  0.044614800000000003
4973    0.012539399999999999  0.076383400000000004  -0.035730900000000003
4974    -0.16954  0.23372499999999999  0.053822299999999997
4975    -0.0523594  0.12612999999999999  -0.036440399999999998
4976    -0.14963799999999999  0.206064  0.052417100000000001
4977    -0.0137847  0.17590700000000001  -0.058683800000000001
4978    0.073468500000000006  0.13635800000000001  -0.0075815199999999996
4979    -0.109538  0.19472700000000001  0.073702500000000004
4980    -0.159246  0.22045699999999999  0.0173379
4981    -0.13699  0.29677900000000002  0.042178800000000002
4982    -0.038545999999999997  0.194189  0.079827899999999993
4983    -0.16994400000000001  0.26984900000000001  0.0609752
4984    -0.071483400000000002  0.204821  0.059045300000000002
4985    -0.092189499999999994  0.100477  0.035926399999999997
4986    -0.13126499999999999  0.29083399999999998  0.067152299999999998
4987    -0.090217699999999998  0.13445699999999999  -0.0197921
4988    0.0254237  0.20181399999999999  -0.033386600000000002
4989    0.036121899999999998  0.088153400000000007  -0.0279785
4990    -0.134384  0.075745699999999999  0.0124788
4991    -0.060499699999999997  0.23841100000000001  0.0286994
4992    -0.059958900000000002  0.087144200000000005  0.06089
4993    -0.061753200000000001  0.122281  0.058532399999999998
4994    -0.051771699999999997  0.121577  0.063259200000000002
4995    -0.042983599999999997  0.18265300000000001  0.084930199999999997
4996    0.0157488  0.109262  -0.051279999999999999
4997    -0.074923299999999998  0.19549900000000001  -0.0308749
4998    -0.103601  0.069096199999999997  0.022817299999999999
4999    -0.103531  0.20124700000000001  0.076011300000000004
5000    -0.017913599999999998  0.187776  -0.044385099999999997
5001    -0.0279159  0.2069  0.070905099999999999
5002    -0.0153667  0.20091000000000001  0.077075500000000005
5003    0.00382139  0.18158099999999999  0.093545500000000004
5004    0.045237699999999999  0.098478399999999994  0.065885399999999997
5005    -0.15654399999999999  0.219972  0.046586799999999998
5006    0.0263999  0.15217800000000001  0.099057500000000007
5007    -0.051059199999999999  0.18113000000000001  0.08133
5008    -0.092132199999999997  0.23583000000000001  0.036595599999999999
5009    -0.022249600000000001  0.0884273  0.030863000000000002
5010    0.032599000000000003  0.21653700000000001  0.068063799999999994
5011    -0.035712399999999998  0.188642  0.083812499999999998
5012    -0.107406  0.090731300000000001  0.073507000000000003
5013    -0.10856399999999999  0.11781999999999999  0.013947899999999999
5014    0.067924100000000001  0.14626400000000001  -0.017468899999999999
5015    -0.033090500000000002  0.090113899999999997  -0.0027655000000000002
5016    -0.12772700000000001  0.315162  -0.060983000000000002
5017    -0.065345500000000001  0.082801299999999994  -0.046053499999999997
5018    -0.098897399999999996  0.089806399999999995  0.065742900000000007
5019    -0.0017377499999999999  0.090790099999999999  0.00636748
5020    -0.122613  0.12546399999999999  0.0061223900000000001
5021    -0.13454199999999999  0.25070799999999999  0.088960200000000003
5022    -0.038033900000000002  0.070998599999999995  -0.048992599999999997
5023    -0.090644799999999998  0.077607400000000007  0.030966
5024    -0.130107  0.26989099999999999  -0.0054499199999999996
5025    -0.11063099999999999  0.30107200000000001  0.0131596
5026    -0.11153200000000001  0.29705399999999998  0.0497376
5027    -0.0745836  0.080589999999999995  0.076302700000000001
5028    -0.041707300000000003  0.086644299999999994  0.066788
5029    -0.14277000000000001  0.29727500000000001  -0.0179886
5030    0.048582699999999999  0.22114800000000001  -0.00257537
5031    -0.114984  0.24971599999999999  -0.0042371300000000004
5032    -0.057499300000000003  0.204346  0.066581100000000004
5033    -0.039390500000000002  0.076128600000000005  0.096987199999999996
5034    0.0205311  0.133607  0.095472699999999994
5035    0.038283900000000003  0.090814199999999998  0.070181999999999994
5036    -0.079983200000000004  0.083441899999999999  0.023185000000000001
5037    -0.067671599999999998  0.18527199999999999  0.079099000000000003
5038    0.042155199999999997  0.072134000000000004  0.000128496
5039    -0.016364799999999999  0.21260399999999999  0.077867199999999998
5040    0.046632899999999998  0.073911299999999999  0.029824199999999999
5041    -0.048310400000000003  0.083111400000000002  0.0744258
5042    -0.034057700000000003  0.073392299999999994  -0.049044499999999998
5043    0.0407567  0.122942  -0.042285200000000002
5044    -0.1009  0.16942399999999999  0.081321299999999999
5045    -0.101766  0.118649  0.032289900000000003
5046    0.0783745  0.090614799999999995  0.0371779
5047    -0.141734  0.31353500000000001  -0.051358800000000003
5048    -0.0150613  0.13611699999999999  -0.058575500000000003
5049    -0.11852699999999999  0.131275  -0.0086641400000000007
5050    -0.101465  0.19472100000000001  -0.036918899999999998
5051    -0.051493999999999998  0.23289799999999999  0.0080784099999999994
5052    -0.14416399999999999  0.25178499999999998  0.093146900000000005
5053    -0.090844499999999995  0.19222400000000001  -0.031638800000000002
5054    -0.022948400000000001  0.080462599999999995  -0.0343643
5055    -0.166077  0.222106  0.038469900000000001
5056    0.074540499999999996  0.114569  0.052505900000000001
5057    -0.088525599999999996  0.24285899999999999  0.030908100000000001
5058    -0.11763800000000001  0.26927600000000002  0.00066670599999999998
5059    -0.11980499999999999  0.13877400000000001  0.058606400000000003
5060    -0.13014200000000001  0.28416000000000002  -0.015128000000000001
5061    -0.14119899999999999  0.28231699999999998  -0.0048435300000000004
5062    0.030423599999999999  0.081295099999999995  0.079587099999999994
5063    -0.109156  0.28006999999999999  0.0244347
5064    -0.080045699999999997  0.075421299999999997  -0.032705900000000003
5065    -0.139347  0.19142300000000001  0.067847599999999994
5066    -0.100357  0.074454800000000002  0.0031799799999999998
5067    -0.108238  0.157475  0.082615800000000003
5068    -0.098514299999999999  0.11384  0.033716200000000002
5069    -0.091083399999999995  0.25356000000000001  0.027226
5070    -0.0315415  0.106935  0.092230800000000002
5071    0.0044294800000000004  0.074854799999999999  0.025724199999999999
5072    -0.0130609  0.163407  -0.0678121
5073    -0.12826199999999999  0.20816399999999999  0.064802100000000001
5074    -0.054913900000000002  0.084053000000000003  0.042343100000000002
5075    -0.104216  0.30830200000000002  0.0026943900000000001
5076    -0.14614199999999999  0.32923999999999998  -0.070718299999999998
5077    -0.17122899999999999  0.27716600000000002  0.0417347
5078    0.031374800000000001  0.0679559  -0.0126401
5079    -0.056693599999999997  0.094877299999999998  -0.022332299999999999
5080    -0.0730576  0.24130399999999999  0.0285323
5081    0.076033600000000007  0.17904400000000001  -0.0092315499999999998
5082    -0.076323500000000002  0.090854599999999994  0.069525199999999995
5083    0.079172000000000006  0.157914  0.00146569
5084    0.0134424  0.149421  -0.059365899999999999
5085    -0.0080873100000000003  0.199133  0.0786718
5086    -0.060339499999999997  0.182889  0.079932799999999998
5087    -0.163492  0.25904199999999999  0.019908700000000001
5088    -0.031549899999999999  0.137014  -0.066137399999999999
5089    -0.14196300000000001  0.30928499999999998  -0.045510500000000002
5090    -0.10911  0.27583200000000002  0.033704699999999997
5091    0.029963299999999998  0.093794600000000006  0.079195600000000005
5092    0.099834999999999993  0.118769  0.0020046399999999998
5093    -0.16264899999999999  0.18642600000000001  0.00560379
5094    -0.115305  0.121876  0.0152526
5095    -0.0115318  0.099377199999999999  0.082800600000000002
5096    -0.103223  0.302566  0.0153338
5097    0.090231900000000004  0.13699700000000001  0.015096099999999999
5098    -0.053731000000000001  0.120225  0.068588499999999997
5099    -0.064685699999999999  0.101205  0.0585233
5100    -0.100825  0.075773800000000002  0.0829294
5101    -0.15180299999999999  0.18965799999999999  0.049203999999999998
5102    -0.096301999999999999  0.22803899999999999  0.0581348
5103    -0.102677  0.25093900000000002  -0.00179915
5104    0.011936799999999999  0.098649000000000001  0.086491399999999996
5105    -0.054322299999999997  0.16369  -0.051904199999999998
5106    0.064953800000000006  0.160555  0.0562386
5107    -0.0105442  0.22417500000000001  0.071805099999999997
5108    0.047756100000000003  0.22059699999999999  0.056788900000000003
5109    -0.0041945400000000001  0.094272400000000006  -0.049781199999999998
5110    -0.16952100000000001  0.26925700000000002  0.056089699999999999
5111    -0.12936400000000001  0.294234  0.027426499999999999
5112    -0.089976200000000006  0.110303  0.042111000000000003
5113    -0.13003000000000001  0.071795200000000003  -0.0068572599999999996
5114    -0.138048  0.28467100000000001  -0.016678599999999998
5115    -0.094679299999999994  0.23485500000000001  0.051298799999999999
5116    -0.080934000000000006  0.071544800000000006  -0.028509900000000001
5117    -0.047758700000000001  0.130832  0.069259100000000004
5118    -0.0672677  0.072620299999999999  0.080609
5119    -0.092271099999999995  0.074580999999999995  -0.017793799999999999
5120    0.041191400000000003  0.19864899999999999  0.077752799999999997
5121    -0.113451  0.12059400000000001  0.0085684200000000002
5122    -0.16316900000000001  0.161665  0.030119300000000002
5123    -0.068617399999999995  0.168932  0.077381699999999998
5124    -0.0370657  0.081480899999999995  0.045953000000000001
5125    -0.106595  0.21270700000000001  0.0082951199999999996
5126    -0.103689  0.230798  0.058813499999999998
5127    0.0222679  0.075708499999999998  -0.037202499999999999
5128    -0.042479999999999997  0.090452699999999997  0.094403200000000007
5129    -0.0504205  0.109193  0.060588099999999999
5130    0.079023200000000002  0.113013  0.0053815699999999996
5131    -0.051449599999999998  0.114105  -0.030442199999999999
5132    0.042222099999999999  0.10027899999999999  -0.037724399999999998
5133    -0.025968999999999999  0.175402  0.102132
5134    -0.0588522  0.098456699999999994  0.066181199999999996
5135    -0.082859799999999997  0.32716400000000001  -0.0095797599999999997
5136    -0.075759300000000002  0.20597599999999999  -0.029978500000000002
5137    -0.060924899999999997  0.23497399999999999  0.0048481599999999998
5138    -0.013431200000000001  0.19769600000000001  0.051265400000000003
5139    0.043907399999999999  0.206868  0.068960499999999994
5140    0.061994899999999999  0.18340899999999999  -0.0146573
5141    0.0239954  0.17672599999999999  0.095381099999999996
5142    -0.120652  0.13070499999999999  0.047451100000000003
5143    0.00134143  0.095344799999999993  0.081731300000000007
5144    0.0037746899999999998  0.11823599999999999  0.10387399999999999
5145    0.0152376  0.073789800000000003  0.017500700000000001
5146    -0.0561252  0.079051700000000003  0.015783499999999999
5147    -0.063134599999999999  0.081902900000000001  0.058890999999999999
5148    -0.0246719  0.072255200000000006  0.0938166
5149    -0.077354199999999998  0.16381599999999999  0.078201900000000005
5150    -0.170069  0.23166500000000001  0.084769200000000003
5151    -0.098266800000000001  0.11307499999999999  0.024298
5152    -0.016208299999999998  0.094467499999999996  -0.048385499999999998
5153    -0.092832799999999993  0.107311  0.035192399999999999
5154    0.107159  0.135265  0.025688900000000001
5155    -0.13644500000000001  0.128474  0.027341000000000001
5156    -0.114033  0.15429000000000001  -0.0302475
5157    -0.086932899999999994  0.17705399999999999  0.077750299999999994
5158    0.056525600000000002  0.22220799999999999  0.000249032
5159    -0.070368899999999998  0.073874099999999998  0.0147201
5160    -0.037465900000000003  0.18503600000000001  -0.042599100000000001
5161    -0.091696899999999998  0.24532899999999999  0.022011800000000002
5162    -0.103613  0.071127099999999999  0.027435600000000001
5163    -0.086797600000000003  0.122847  0.034878300000000001
5164    0.0772119  0.139408  0.037936200000000003
5165    -0.039492300000000001  0.108476  -0.052063199999999997
5166    0.061628000000000002  0.14204900000000001  -0.0258753
5167    -0.111036  0.20193800000000001  0.074483499999999994
5168    -0.10019400000000001  0.070563600000000004  -0.019568100000000001
5169    -0.0342101  0.146673  0.099616899999999994
5170    0.013442000000000001  0.084942000000000004  0.081023600000000001
5171    -0.041092400000000001  0.083568000000000003  -0.040118899999999999
5172    -0.0307716  0.19017999999999999  -0.0391448
5173    -0.069607000000000002  0.147286  -0.027243199999999999
5174    -0.092704400000000006  0.089763300000000004  0.025422199999999999
5175    0.027544200000000001  0.230793  -0.016847399999999998
5176    -0.019607099999999999  0.085156499999999996  0.074397500000000005
5177    0.0080215400000000006  0.102867  -0.050315800000000001
5178    -0.13534299999999999  0.29512500000000003  0.0611318
5179    -0.039471899999999997  0.16062399999999999  -0.066077800000000006
5180    -0.097345600000000004  0.088767499999999999  0.047376500000000002
5181    -0.121244  0.20594199999999999  0.073986800000000005
5182    -0.162353  0.25438499999999997  0.0869751
5183    -0.132101  0.12818599999999999  0.014782
5184    0.032886800000000001  0.092696700000000007  -0.036292499999999998
5185    -0.119672  0.15928400000000001  -0.033529900000000001
5186    -0.016207800000000001  0.18540200000000001  0.088042499999999996
5187    0.0044223099999999996  0.092595499999999997  0.087822499999999998
5188    -0.0046226799999999997  0.086720000000000005  0.0412818
5189    -0.0823546  0.072720599999999996  -0.039378200000000002
5190    -0.16289699999999999  0.212232  0.023861899999999998
5191    0.0152709  0.105869  -0.054687300000000001
5192    -0.0624392  0.13642699999999999  -0.0263252
5193    0.040640299999999997  0.089252700000000004  0.0279533
5194    -0.078831499999999999  0.324239  -0.00059794999999999998
5195    -0.109718  0.22648499999999999  0.063630300000000001
5196    0.041336100000000001  0.075806600000000002  0.035668800000000001
5197    -0.047594499999999998  0.095535800000000004  -0.040765999999999997
5198    0.050262300000000003  0.13492299999999999  0.074169100000000002
5199    -0.0989429  0.127717  0.054879999999999998
5200    -0.096312200000000001  0.084179900000000002  0.031001500000000001
5201    -0.13323099999999999  0.27085900000000002  0.071391300000000005
5202    -0.14591000000000001  0.15982499999999999  -0.0134498
5203    -0.097353599999999998  0.26194200000000001  0.025523199999999999
5204    -0.089498400000000006  0.081861400000000001  -0.017687100000000001
5205    -0.095116500000000007  0.107463  0.0405931
5206    -0.037865200000000002  0.20536799999999999  0.073648599999999995
5207    -0.14583099999999999  0.29421900000000001  0.048494000000000002
5208    0.092215500000000006  0.116872  0.0484225
5209    -0.13103799999999999  0.14538699999999999  -0.018618200000000001
5210    0.058252100000000001  0.15287600000000001  -0.0322169
5211    -0.057692399999999998  0.114249  -0.019113700000000001
5212    -0.0235842  0.19192400000000001  -0.041255899999999998
5213    0.083924399999999996  0.0874336  0.030598500000000001
5214    0.070119299999999996  0.19525400000000001  0.0030527499999999999
5215    -0.070419399999999993  0.0735262  0.030188300000000001
5216    0.0080663799999999997  0.081236799999999998  0.082943500000000003
5217    -0.0646568  0.076858599999999999  -0.039419700000000002
5218    -0.11294999999999999  0.26386100000000001  0.055449199999999997
5219    -0.112691  0.228272  -0.0176101
5220    0.0154342  0.072214100000000003  0.032281600000000001
5221    -0.101378  0.307392  0.0148144
5222    -0.088692800000000002  0.30716300000000002  -0.0066889499999999999
5223    -0.079641600000000007  0.086666099999999996  -0.017161300000000001
5224    -0.080925499999999997  0.167656  -0.038116299999999999
5225    -0.14157900000000001  0.29486699999999999  -0.027869399999999999
5226    0.070237900000000006  0.107406  0.0548383
5227    -0.090076100000000006  0.077950099999999994  -0.020260899999999998
5228    0.066584599999999994  0.19245999999999999  -0.0103163
5229    -0.047162599999999999  0.19322900000000001  0.082115900000000006
5230    -0.0183  0.081669400000000003  0.079215599999999997
5231    -0.067751500000000006  0.083979700000000004  0.0790796
5232    -0.15728  0.212673  0.048578400000000001
5233    -0.149203  0.14581  -0.0060398400000000003
5234    -0.116034  0.20308999999999999  0.065190399999999996
5235    -0.034429099999999997  0.13187099999999999  -0.068602999999999997
5236    -0.050411499999999998  0.14222000000000001  0.069038799999999997
5237    -0.0071088200000000001  0.16367000000000001  -0.068027699999999997
5238    -0.029144199999999999  0.089670100000000003  0.089284199999999994
5239    -0.10045900000000001  0.110378  0.019938999999999998
5240    0.046649200000000002  0.20175699999999999  -0.018372699999999999
5241    -0.024023599999999999  0.17524999999999999  -0.061430800000000001
5242    0.021581099999999999  0.21305399999999999  0.071833099999999997
5243    0.035498300000000003  0.21180199999999999  0.071518600000000002
5244    -0.035621  0.071453600000000006  -0.050688900000000002
5245    -0.095888299999999996  0.10681  0.037099899999999998
5246    0.083308599999999997  0.14196800000000001  0.031489400000000001
5247    -0.16689200000000001  0.25944099999999998  0.052026000000000003
5248    -0.042278499999999997  0.11594500000000001  -0.056441699999999997
5249    -0.104161  0.088572399999999996  0.0529209
5250    -0.11447  0.21377599999999999  -0.0151532
5251    0.034033899999999999  0.10026599999999999  -0.039953599999999999
5252    0.086766200000000002  0.132993  0.041841499999999997
5253    -0.0098560499999999999  0.185976  0.067484000000000002
5254    -0.033277399999999999  0.072046200000000005  -0.053283999999999998
5255    -0.056695500000000003  0.142676  0.072009299999999998
5256    0.073451000000000002  0.111267  0.056487500000000003
5257    -0.036950900000000002  0.075578800000000002  -0.054701300000000001
5258    -0.0014996899999999999  0.20544999999999999  0.078984399999999996
5259    0.044817999999999997  0.094577599999999998  -0.0092580400000000004
5260    -0.0452913  0.190857  -0.038080500000000003
5261    -0.090537599999999996  0.119591  -0.0098079399999999994
5262    -0.068743600000000002  0.321523  -0.014419899999999999
5263    0.032165699999999998  0.083547099999999999  0.0388791
5264    -0.072969800000000001  0.075986399999999996  0.0488648
5265    -0.14355999999999999  0.21025199999999999  0.064108999999999999
5266    -0.0923403  0.218111  0.059568799999999998
5267    0.028261100000000001  0.076370900000000005  0.059822399999999998
5268    -0.13967199999999999  0.14358299999999999  0.00015440300000000001
5269    -0.14995700000000001  0.14363600000000001  0.036194499999999998
5270    0.039002200000000001  0.095013399999999998  -0.035378399999999997
5271    -0.078322900000000001  0.070244799999999996  -0.033140799999999998
5272    0.086427799999999999  0.11300499999999999  0.054473800000000003
5273    0.039035500000000001  0.10435800000000001  -0.043134899999999997
5274    -0.012916499999999999  0.19015000000000001  -0.0461781
5275    0.034355799999999999  0.22886100000000001  0.057596500000000002
5276    0.0229602  0.17836099999999999  0.099592899999999998
5277    -0.056753900000000003  0.105506  0.063419000000000003
5278    -0.072994299999999998  0.071719000000000005  0.052199299999999997
5279    0.0205656  0.179114  -0.050373500000000002
5280    -0.0308592  0.140518  0.0560166
5281    0.060078699999999999  0.10143000000000001  -0.0078290800000000004
5282    0.063104099999999996  0.20161599999999999  0.017895600000000001
5283    -0.168127  0.24223600000000001  0.019056300000000002
5284    -0.050813999999999998  0.10327699999999999  0.066698300000000002
5285    -0.069210999999999995  0.17261499999999999  0.080449800000000002
5286    -0.0099742000000000008  0.087757199999999994  0.069942299999999999
5287    -0.013322799999999999  0.19645399999999999  0.081181100000000006
5288    -0.107169  0.24085300000000001  0.058879899999999999
5289    0.0406667  0.21826300000000001  -0.0136861
5290    -0.063584299999999996  0.072929499999999994  0.040416100000000003
5291    -0.115172  0.29758699999999999  0.018892200000000001
5292    -0.11663800000000001  0.074768000000000001  0.0043034900000000001
5293    0.063452800000000004  0.102129  0.0559044
5294    0.0094742999999999997  0.086302000000000004  0.084599800000000003
5295    0.034473700000000003  0.110847  0.084203399999999998
5296    -0.057381599999999998  0.079252000000000003  0.0111401
5297    -0.055339199999999998  0.082716399999999995  0.053140300000000001
5298    -0.065325999999999995  0.0909721  0.048986799999999997
5299    -0.069722999999999993  0.33033800000000002  -0.010719100000000001
5300    -0.102406  0.31003900000000001  0.0093477400000000002
5301    -0.0227101  0.189582  0.083563899999999997
5302    -0.108584  0.11962  0.0283126
5303    -0.077731999999999996  0.23919799999999999  0.000160972
5304    -0.082448400000000005  0.080823900000000004  0.079694699999999993
5305    -0.084313799999999994  0.073284299999999997  -0.0069500899999999999
5306    -0.13367699999999999  0.17849699999999999  -0.020340899999999999
5307    -0.029307199999999999  0.11586  -0.0578211
5308    -0.12180299999999999  0.15243100000000001  -0.028083799999999999
5309    -0.093822699999999995  0.20128699999999999  0.072121299999999999
5310    -0.11568100000000001  0.15721199999999999  0.072170700000000004
5311    0.086264599999999997  0.099281099999999997  0.0021158100000000001
5312    -0.16384000000000001  0.23940800000000001  0.0027410300000000002
5313    -0.15650500000000001  0.28064800000000001  0.016032000000000001
5314    -0.084093000000000001  0.086829100000000006  0.075433399999999998
5315    0.0106649  0.071139900000000006  0.020233600000000001
5316    -0.00384666  0.12929199999999999  0.101628
5317    -0.038528600000000003  0.079664499999999999  0.051839999999999997
5318    -0.0091146100000000004  0.23924500000000001  0.040605000000000002
5319    0.049577499999999997  0.073826500000000003  0.0088504499999999993
5320    -0.104071  0.29154799999999997  0.021027000000000001
5321    0.0055845199999999999  0.193407  -0.033901199999999999
5322    -0.161195  0.194165  0.039387400000000003
5323    -0.092379100000000006  0.318438  0.00535565
5324    0.017084499999999999  0.157356  -0.059400099999999997
5325    -0.15486900000000001  0.21870999999999999  0.053967500000000002
5326    0.067288600000000004  0.14016100000000001  0.065428899999999998
5327    -0.081692000000000001  0.084854200000000005  0.078403
5328    -0.066387500000000002  0.084243899999999997  0.0153548
5329    -0.068792400000000004  0.13336999999999999  0.067056400000000002
5330    -0.099107299999999995  0.23338600000000001  0.056214500000000001
5331    -0.0092656700000000002  0.081892199999999998  -0.0303427
5332    -0.0912134  0.14078099999999999  0.071029800000000004
5333    0.104173  0.105544  0.035570999999999998
5334    0.019778400000000002  0.106488  0.089871800000000002
5335    -0.15607199999999999  0.16530900000000001  -0.0088661799999999995
5336    -0.0049651399999999998  0.084928299999999998  0.0172362
5337    -0.0024747599999999999  0.082475900000000005  0.032153399999999999
5338    -0.071901400000000004  0.32335199999999997  -0.0096927000000000003
5339    0.077697299999999997  0.15692900000000001  0.040568600000000003
5340    -0.0021772200000000001  0.083870500000000001  -0.043405300000000001
5341    -0.15344099999999999  0.29672399999999999  0.0418947
5342    -0.097293699999999997  0.249858  0.046828500000000002
5343    -0.095007400000000006  0.249003  0.035154900000000003
5344    -0.0923065  0.102226  0.020830399999999999
5345    -0.021644900000000002  0.085852600000000001  0.090587500000000001
5346    0.070314799999999997  0.116206  -0.0060001799999999999
5347    -0.117314  0.23319400000000001  -0.012093100000000001
5348    -0.086538299999999999  0.071514400000000006  0.0110224
5349    -0.053082400000000002  0.084395300000000006  0.066270399999999993
5350    -0.049501299999999998  0.083186599999999999  0.0065319200000000001
5351    -0.028949200000000001  0.075281299999999995  0.086375900000000005
5352    -0.093440800000000004  0.24482699999999999  0.0037164799999999999
5353    0.093784000000000006  0.13444800000000001  0.0284452
5354    0.030225800000000001  0.076913200000000001  -0.0214068
5355    0.057486200000000001  0.135384  0.075007599999999994
5356    -0.067381700000000003  0.305398  -0.0041751999999999996
5357    -0.16356599999999999  0.28235900000000003  0.0617037
5358    -0.11498999999999999  0.28333000000000003  0.0036637699999999998
5359    -0.017373599999999999  0.074711700000000006  -0.0376072
5360    -0.0237647  0.071345199999999998  -0.045597100000000002
5361    -0.15513299999999999  0.15015200000000001  0.033900899999999998
5362    -0.061836200000000001  0.16019800000000001  -0.0401158
5363    0.0145612  0.10326299999999999  -0.055587699999999997
5364    -0.075879199999999994  0.21521299999999999  0.061017700000000001
5365    -0.0406848  0.18990199999999999  0.084273200000000006
5366    -0.10627  0.091604099999999994  0.068412200000000006
5367    -0.108502  0.20719899999999999  0.072906600000000002
5368    -0.087587899999999996  0.24967300000000001  0.0266886
5369    0.0222334  0.098725599999999997  0.083452600000000002
5370    -0.060432800000000002  0.13546800000000001  0.068689700000000006
5371    -0.019550000000000001  0.15279100000000001  0.106771
5372    0.065050700000000003  0.126388  0.071396699999999994
5373    0.043696699999999998  0.074580499999999994  0.0286532
5374    -0.0047387699999999998  0.088241600000000003  -0.0071462399999999999
5375    -0.0659357  0.208954  0.0673932
5376    -0.090123200000000001  0.25117099999999998  0.021202499999999999
5377    0.038127599999999998  0.1278  -0.047793200000000001
5378    -0.121198  0.270843  -0.00593532
5379    0.067524799999999996  0.124778  0.054654099999999997
5380    0.019473299999999999  0.101729  -0.050519599999999998
5381    -0.0031954700000000002  0.089816499999999994  -0.0473091
5382    -0.087656499999999998  0.232545  0.044833100000000001
5383    -0.14174400000000001  0.28651300000000002  -0.01865
5384    -0.0168506  0.17960999999999999  0.101331
5385    -0.0057346699999999999  0.0898616  0.084237599999999996
5386    -0.107848  0.20067599999999999  0.077581600000000001
5387    -0.105587  0.070015099999999997  0.032875599999999998
5388    0.0076637700000000003  0.108478  -0.054178200000000003
5389    0.032651100000000002  0.11480700000000001  0.035547500000000003
5390    0.0027501700000000001  0.079053899999999996  0.085834999999999995
5391    -0.15709899999999999  0.20602699999999999  0.051990099999999997
5392    -0.052348699999999998  0.139955  0.075021900000000002
5393    -0.11386300000000001  0.213001  -0.025465600000000001
5394    -0.022231299999999999  0.0823049  0.094211900000000001
5395    -0.12148200000000001  0.231021  -0.0143114
5396    0.04718  0.0805921  0.024730800000000001
5397    -0.088181499999999996  0.25165199999999999  0.0239697
5398    -0.10183399999999999  0.065766400000000003  0.035324500000000002
5399    -0.084245100000000003  0.067189899999999997  0.044220500000000003
5400    -0.098032800000000003  0.075195899999999996  0.038074700000000003
5401    -0.041704699999999997  0.13767399999999999  0.081060699999999999
5402    -0.0847353  0.246112  0.021329600000000001
5403    -0.0982991  0.0755189  0.050362799999999999
5404    -0.102802  0.072168099999999999  0.041794499999999998
5405    -0.134296  0.29175899999999999  -0.072044500000000011
5406    -0.14199400000000001  0.3007495  -0.073851649999999991
5407    -0.138513  0.29156099999999996  -0.073607000000000006
5408    -0.143648  0.29502150000000005  -0.072674699999999995
5409    -0.14313969614200214  0.29365700653670773  -0.07264294285666742
5410    -0.13703259625859224  0.29147513608884112  -0.073317598727879948
5411    -0.14329799999999998  0.29962299999999997  -0.06798404999999999
5412    -0.14375169368037813  0.29935580262364003  -0.064425963559721605
5413    -0.1456669338393248  0.29555538676399051  -0.061241005645845233
5414    -0.1414755  0.30090050000000002  -0.077862299999999995
5415    -0.14118255898732981  0.29565520324781636  -0.081406072011722494
5416    -0.14164843191465579  0.29704650261546289  -0.081458095275504974
5417    -0.14058353052820652  0.29392059516999169  -0.081298464765212672
5418    -0.14216899999999999  0.29844875000000004  -0.076196975
5419    -0.14299600000000001  0.29558475000000006  -0.075608499999999995
5420    -0.14223354421300322  0.29353800980506156  -0.075560864285001139
5421    -0.14074965015772148  0.29241402076621259  -0.075519275624266677
5422    -0.13208399999999998  0.28292600000000001  -0.032907850000000002
5423    -0.13695044578616722  0.28136817773205858  -0.028886568290945134
5424    -0.12862688758677487  0.30443461400316008  -0.10063629918258268
5425    -0.12821548566691193  0.3049457259488807  -0.099460465969875497
5426    -0.1283134189380907  0.30426743715926147  -0.096028937717565974
5427    -0.13282837596454153  0.27987058383963215  -0.023282268758231611
5428    -0.13120819279669002  0.27949049424839051  -0.021410364806869218
5429    -0.079581361534099504  0.29268070909872851  -0.0074187082855992747
5430    -0.081343679643783695  0.29355805875023494  -0.0093063650630849388
5431    -0.13520071218918056  0.29619860366676642  -0.087162134878715117
5432    -0.13565558295824975  0.29752778771461791  -0.089109310294939847
5433    -0.12916308936467913  0.30031911961227992  -0.088483825904034058
5434    -0.12826150784556684  0.30332941497845994  -0.091817725194217992
5435    -0.1241445  0.29168650000000002  -0.044824099999999999
5436    -0.12286212898289296  0.2940482253444196  -0.044568733915501563
5437    -0.12216051345140519  0.29664150096094227  -0.042065795439256037
5438    -0.12210800798969174  0.29700108846241924  -0.038638529671007463
5439    -0.12245713008266178  0.29456490116337436  -0.035419209276419471
5440    -0.12347792705449039  0.28943370167278326  -0.034039411917194527
5441    -0.122796  0.291439  -0.029656000000000002
5442    -0.12219373707053215  0.3192345387042077  -0.11322458283648314
5443    -0.1249035  0.3172585  -0.11437700000000001
5444    -0.12329086853526608  0.31661626935210385  -0.11220079141824157
5445    -0.12392122155207461  0.31627047402279468  -0.11310706746395467
5446    -0.020715890531008231  0.33072524817963028  -0.047791505104824855
5447    -0.028908620526510984  0.31946769972793565  -0.032466978178037925
5448    -0.026095599970472762  0.31962936492602362  -0.03192730049796462
5449    -0.047059783654059148  0.3068279425172053  -0.014099986811678485
5450    -0.048079939340554864  0.30707183117298842  -0.015519502282699866
5451    -0.052105250000000006  0.3180905  -0.0092122200000000001
5452    -0.053461471819919552  0.31998683539428779  -0.011055929038792626
5453    -0.049397398352616043  0.30713804764652469  -0.017560129894342032
5454    -0.052925150000000004  0.30733450000000001  -0.019218550000000001
5455    -0.067832075853850232  0.06919072268249768  0.090893363633396757
5456    -0.065106799999999992  0.068211999999999995  0.0887767
5457    -0.061443430471214984  0.068031387884281827  0.086372308939839382
5458    -0.059523120925565408  0.067997756939147974  0.086398759617521748
5459    -0.056142903997387299  0.068179577055057228  0.088558725521697371
5460    -0.053416240173737473  0.068161734379596842  0.090656690786102709
5461    -0.050361961866024617  0.068251080081133078  0.092767209168268111
5462    -0.047756968018450439  0.068279410038531926  0.094341535429804335
5463    -0.044483136319324594  0.0694034092611443  0.10251307244896771
5464    -0.043780023841871921  0.070801444410884901  0.10488872636630928
5465    -0.044395900000000002  0.068238049999999995  0.097973400000000002
5466    -0.066961519407072206  0.068337275067792178  0.089954485785374225
5467    -0.025184549618174821  0.069062400158345069  0.09703537842631732
5468    -0.024132358119954136  0.068603670560210384  0.094027167439808504
5469    -0.01727656964578856  0.068821542544360917  0.094414916868414883
5470    -0.017755927336802122  0.068206208209418973  0.092318510394204897
5471    -0.017916080291029195  0.067789530022330263  0.089961158863344839
5472    -0.016765633752125902  0.070061544097042516  0.096161144946083077
5473    -0.028466600000000002  0.06953680000000001  0.098309850000000004
5474    -0.028342806692849793  0.068790155993544155  0.097398932553512757
5475    -0.028431433641665598  0.070773922305253895  0.10003079233842281
5476    -0.0087923650571107362  0.069700044461745214  0.09351754956387863
5477    -0.0087125179053217702  0.068414212389250509  0.090253687758922993
5478    -0.0091527886094445662  0.068800725568379087  0.092213279498281689
5479    -0.0085915681246063868  0.07184533069375465  0.094375420571532406
5480    -0.090196931767873703  0.068369357524578067  0.084442246012887315
5481    -0.095762100000000003  0.067717899999999998  0.076221449999999996
5482    -0.10004818685568174  0.067766116865890513  0.078234161233533994
5483    -0.096400329577559091  0.067809427965051475  0.08438468200838338
5484    -0.098774649999999992  0.069147200000000006  0.088420200000000004
5485    -0.10354638539455598  0.067714180141374133  0.077469786406513932
5486    -0.113887  0.067652199999999996  0.083730350000000009
5487    -0.11476754395105182  0.06817848302533451  0.086232229610927164
5488    -0.10767382734316511  0.06753618857361271  0.07621815522449156
5489    -0.093800776927572257  0.067655556997668065  0.074805583395285091
5490    -0.088882126664739519  0.06774456156980227  0.074570560709327507
5491    -0.14181516044184284  0.12498624319649929  0.018029047615006118
5492    -0.14245810100630091  0.12539697617912351  0.020510415059668805
5493    -0.1473758417796717  0.13062589894209112  0.015528670696795494
5494    -0.14854970461788664  0.13211343048839333  0.017202521365881181
5495    -0.14995883383438299  0.13386371737140454  0.019048202869119433
5496    -0.1589244940315416  0.21503455878278357  0.07770619681581592
5497    -0.15765706535511032  0.21594209264079695  0.083674774249112294
5498    -0.1576101035291067  0.2169534174286365  0.086217402235482993
5499    -0.03776475  0.068373000000000003  0.085048299999999993
5500    -0.034661249999999998  0.068077650000000003  0.090129349999999997
5501    -0.037697990804273024  0.068184288144823524  0.085774470267229425
5502    -0.039268496706818881  0.071731322358778382  0.083020389424786178
5503    -0.038348932644236645  0.069916083950411684  0.083487417882602027
5504    -0.044887900000000001  0.072415050000000009  0.08087395
5505    -0.047586223242767567  0.072624890676008885  0.080012539863115115
5506    -0.051654300786876495  0.072752969592437197  0.078894024224183984
5507    -0.053892098136849774  0.071355301436623816  0.078508601361297919
5508    -0.048041410354581843  0.076461196108144641  0.074977224813418689
5509    -0.12718235169663872  0.067960554023681272  0.068917130849866962
5510    -0.12149626919395476  0.067633123473908194  0.071127761722358754
5511    -0.12578152187252059  0.067521082076863637  0.068998462656815945
5512    -0.12524683706124662  0.067713541807678593  0.072684276891685204
5513    -0.12294113459697738  0.067828261736954096  0.074873080861179386
5514    -0.11864021491383855  0.067380461948161371  0.071743143098403628
5515    -0.02735025  0.068386450000000001  0.084349199999999999
5516    -0.027556337507108983  0.068573341553128955  0.083638729566518397
5517    -0.11663957078331781  0.11483614485002744  0.033003766228096046
5518    -0.11969548604452537  0.11616334626426759  0.03600674854323619
5519    -0.12003025478429012  0.11738667763408553  0.039873565770795753
5520    -0.12544249999999998  0.116133  0.027889249999999997
5521    0.01733984105001652  0.07236279405830788  0.08841246207546849
5522    0.015847799999999999  0.069295550000000011  0.087165049999999994
5523    0.015771013497562811  0.070178808303522272  0.088516341861086006
5524    0.015549540956094204  0.071776627861589101  0.088705636768020762
5525    0.015837537981846249  0.068329430068823152  0.085458837433269555
5526    0.013528222315027611  0.068090409531109161  0.082931160309567847
5527    0.011286289999999999  0.067634599999999989  0.079642450000000004
5528    0.017203873633737321  0.073746983285540899  0.088449076657110992
5529    0.015335299096488139  0.073957674484407432  0.088763329826214044
5530    0.018780991443737353  0.076227693882201658  0.088184375363948311
5531    0.018027330391934045  0.085091370941447489  0.088189576537992795
5532    0.019035546540548922  0.082498776551236441  0.08842453981245639
5533    0.022324484086481335  0.076110136187294147  0.08783751750402187
5534    -0.023219791411489107  0.069411568787364347  0.082244676820941554
5535    -0.022820144925743042  0.068561947221439268  0.082772438124720488
5536    0.0061225460103014311  0.069103153912212459  0.08878060638120483
5537    -0.0077433750765018745  0.068005965271766167  0.083158398220996271
5538    -0.0110676  0.068136749999999996  0.084005799999999992
5539    -0.041280086606388454  0.07652817925879471  0.073609648501526598
5540    -0.031079900644477642  0.077123860491657856  0.075939420855528433
5541    -0.040722936618207944  0.076797260119763469  0.076236048483171281
5542    -0.065973413573237508  0.070499294902756693  0.065768031706394448
5543    -0.065619522999700766  0.070499610412346134  0.066705285591986782
5544    -0.085587737384137233  0.067453129074748389  0.062941332113884557
5545    -0.082073807042434971  0.067368080271801536  0.062553578502158008
5546    0.0084388812001969186  0.068418469173451665  0.087287873472789212
5547    -0.070586819471957898  0.067430102225521815  0.067111276130579961
5548    -0.14738800000000002  0.220638  0.0949073
5549    -0.029854724957984618  0.076170827130247018  0.06673417450135874
5550    -0.025548139905843998  0.076266960446540341  0.065411089319603696
5551    -0.021670092015938086  0.076326140272154619  0.064389122405295734
5552    -0.015870840000000001  0.076831150000000001  0.070383849999999998
5553    -0.010998304441064848  0.077310974868189122  0.073007582625579603
5554    -0.0096284316383490089  0.075300866346812018  0.074125127454036363
5555    -0.010327807633556809  0.075943091924124906  0.073834531281755517
5556    -0.010825376633886084  0.076534921773192738  0.073267984653617349
5557    -0.0084472038255331526  0.074695937324573955  0.074241300476000693
5558    -0.01895801662190618  0.076404481185512768  0.065040292594413907
5559    -0.014902218751227367  0.077149788293573357  0.072830387162013288
5560    -0.014390290079031327  0.077324745996892069  0.073937721207143786
5561    -0.013039602664699862  0.074569203753979824  0.075603574242814983
5562    -0.014041934337245793  0.075761419913117953  0.07446229006116141
5563    -0.011630739350162182  0.07327546753521659  0.076188967921289624
5564    -0.0092512059618402413  0.07205686364665001  0.076422993552575272
5565    -0.1343345  0.28725149999999999  -0.052192699999999995
5566    -0.099908949999999996  0.067220050000000003  0.05552195
5567    -0.095507649999999999  0.066074750000000002  0.051733250000000001
5568    -0.09311123046842841  0.065897689073497426  0.047160920503562395
5569    -0.098323615234214207  0.065671194536748717  0.044437810251781201
5570    -0.088454365234214211  0.066100044536748712  0.049593810251781195
5571    -0.088184067377316988  0.066028718439198095  0.049140626695722334
5572    -0.092570634754633951  0.065755036878396192  0.046254553391444665
5573    -0.097480477711572797  0.065448707722096044  0.043024199115002652
5574    -0.10159332645728357  0.065192103692738423  0.040318214697458395
5575    -0.1009298076171071  0.065557947268374356  0.043076255125890597
5576    -0.099935399190042212  0.065295543143945978  0.041409021976781653
5577    -0.10274876281725169  0.06563599903040894  0.044543579343546719
5578    -0.10495211455752139  0.066036908875530098  0.04593032770134306
5579    -0.10176491414036877  0.067223792166892365  0.056987473453256832
5580    -0.099305431039079198  0.066544405348873681  0.052852763194138772
5581    -0.1250826851627154  0.11887237425674781  0.0063678368680232661
5582    -0.12728680755579783  0.11954007879759466  0.005753135005911846
5583    -0.12852249999999998  0.12153700000000001  0.0016011240000000002
5584    -0.1226868740181018  0.11777051769318841  0.0078665371047832982
5585    -0.15434234262968055  0.14466207815022888  0.050594476403904659
5586    0.024976850000000002  0.068481299999999995  0.082526450000000001
5587    0.024977740338237638  0.068157467751581227  0.079256832537198008
5588    0.021551750000000001  0.068359599999999993  0.071651999999999993
5589    0.017059098626848051  0.071712583041413452  0.068134962044137742
5590    0.018433970689742351  0.070200318787369653  0.067321823265279163
5591    0.019807808042409055  0.0686952737163046  0.067746226958126862
5592    0.023590742049426534  0.067837606009652177  0.072131685741185142
5593    0.00067109113535082263  0.076800055058934363  0.060331611482599877
5594    0.010435429999999999  0.076936100000000007  0.060417849999999995
5595    0.0078947800000000005  0.076927849999999992  0.061615950000000003
5596    0.0048153084898664902  0.076838845936766154  0.061930922090881066
5597    0.0031264442449332451  0.076553922968383079  0.057155961045440531
5598    0.00095185577514583504  0.076605529751118881  0.057419304896014371
5599    -0.059673343503756131  0.074146714239688216  0.057788522054726073
5600    -0.060645471637256788  0.073591036278498348  0.05753618758757946
5601    -0.065555799999999997  0.069030800000000003  0.058944099999999999
5602    -0.062978599999999996  0.071587449999999997  0.059470499999999996
5603    -0.062013085818628397  0.073366318139249181  0.06085204379378973
5604    -0.060129452080928368  0.074443021630202014  0.061340976990065348
5605    -0.064721729638400879  0.06934235352494586  0.059484687684330698
5606    -0.066729600751258  0.067873129756962441  0.058216674702165218
5607    -0.070038656002971114  0.067106755931243753  0.057609103027728155
5608    -0.070752641511351078  0.067277325304897675  0.061282575124303608
5609    -0.072405915009993688  0.067293358230008066  0.061407210854228497
5610    -0.073665671772350727  0.067141929586572044  0.057882533744567734
5611    -0.073656317658060327  0.067324712860801231  0.062233293662454045
5612    -0.076408853784483227  0.067210716596357925  0.059694826371714707
5613    -0.082221689405627782  0.06614822020699844  0.050809152536099571
5614    -0.080534787705115671  0.066634668202129849  0.051690081202358108
5615    -0.080874128445185656  0.066299452620189256  0.051201868606440833
5616    -0.081350057979514723  0.066248050267921951  0.0509328952686832
5617    -0.080090797782472523  0.066208847029504594  0.052889587308321141
5618    -0.081106359608272158  0.066434032744140156  0.054390152263968428
5619    -0.084021299999999993  0.066746150000000004  0.048123600000000002
5620    -0.083909399999999995  0.066524274999999994  0.050075149999999999
5621    -0.085539898083260096  0.066226687314840937  0.05111641760596914
5622    -0.085438764285290847  0.06620000016599549  0.050946855868678455
5623    -0.085590221282408979  0.066276527040066729  0.052836501532270243
5624    -0.08252400423718266  0.066499382261446249  0.047935899777409162
5625    -0.08035551824845516  0.066747744220275351  0.048243752814570828
5626    -0.078327250205224852  0.067709590647794901  0.050127515880982597
5627    -0.07917147818760456  0.066875625429396443  0.048912917437133489
5628    -0.10528349332507492  0.066621620523910421  0.048663898613155718
5629    -0.10813788351512339  0.066470842338344771  0.04901573450639491
5630    -0.11088774276006035  0.066464462394517268  0.047637674615545994
5631    -0.1723815123614062  0.21936215115239868  0.074872760793747897
5632    -0.17498757587669345  0.22101109796088889  0.074450554310757797
5633    -0.17075974736106175  0.21847218008709768  0.070099646379581271
5634    -0.17276929969813262  0.21944854078684378  0.071554046405468641
5635    -0.17400131098343902  0.22022807707404973  0.071354449139814133
5636    0.027336949999999999  0.068044800000000003  0.075730350000000002
5637    -0.049961199999999997  0.074819400000000008  0.052775099999999998
5638    -0.046543176347405839  0.074822029493828268  0.051757056041427961
5639    -0.04412242055203814  0.074836052095006614  0.049342679683753582
5640    -0.043982599999999997  0.074564900000000003  0.042736449999999995
5641    -0.048135756671754841  0.074428225909914297  0.039080372390656731
5642    -0.053933250000000002  0.0743751  0.051557699999999998
5643    -0.055787575000000006  0.074349650000000003  0.054515149999999998
5644    -0.057327599999999999  0.073722900000000008  0.049306950000000002
5645    -0.055324739693387352  0.074087235044634367  0.050398484078600148
5646    -0.12285399999999999  0.067548649999999988  0.045590900000000004
5647    -0.1236285  0.072501750000000004  0.0469901
5648    -0.12319530109039296  0.072288599272200632  0.045417441717515113
5649    -0.12155726641345016  0.066930292290586169  0.04605585049557416
5650    -0.036930718561550412  0.075043947426301327  0.048694141924392635
5651    -0.039677758592954693  0.074987223698246216  0.048519745277361387
5652    0.010311203179093844  0.076153971349830318  0.054104671755105936
5653    0.0080629257553867691  0.075872141749585856  0.051783433882133106
5654    -0.073940714286079803  0.069440448560505949  0.045286679679763804
5655    -0.073869500000000005  0.068669800000000003  0.041785249999999996
5656    -0.075380300000000011  0.068158549999999998  0.043816275000000002
5657    -0.077446117309892204  0.068209595280457794  0.040376978276142755
5658    -0.07280183575068247  0.069533188755039985  0.042501551358620687
5659    -0.071616919460713871  0.069408347116347802  0.042822592399238253
5660    -0.071968109730356944  0.069278673558173909  0.045151346199619122
5661    -0.071027599999999996  0.068476599999999999  0.045018000000000002
5662    -0.1030475  0.065270999999999996  0.032899499999999998
5663    -0.10374742103213891  0.065496994069780795  0.032411268868692562
5664    -0.10488158683429857  0.065068102299880123  0.031900992860452983
5665    -0.10763862617851992  0.065738206176037664  0.033687877487892919
5666    -0.10319395902891447  0.065275212973555749  0.03275700554040735
5667    -0.10534876813276475  0.065812028747325085  0.038356849594500808
5668    -0.15989341083406278  0.21558656506432211  0.062749076491842637
5669    -0.15888950000000002  0.21484350000000002  0.060339500000000004
5670    -0.1582770354706344  0.21337490978044688  0.05956387107877012
5671    -0.1576850261987412  0.21136709290707265  0.059941432663370042
5672    -0.15414675282412732  0.21211264432520666  0.065431857556397743
5673    0.047075175263521604  0.074169667671103584  0.061363744394952693
5674    0.041940697999468743  0.07021339968966589  0.057821188064797149
5675    0.040020257505043802  0.068985172991201688  0.056928449503119261
5676    0.032107749999999997  0.068520749999999991  0.059953949999999999
5677    0.036133356542453407  0.068560975602987198  0.056995754187557542
5678    -0.067292173294064381  0.066805437144884641  0.049306281625864534
5679    -0.066302599999999989  0.066694900000000001  0.044384400000000004
5680    -0.062208404715546853  0.067767852248137334  0.046916699843950513
5681    -0.065099386647032187  0.066727768572442323  0.045353090812932269
5682    -0.063585082530867948  0.067167821719239129  0.046550768854894349
5683    -0.068599181336658002  0.066618669817243431  0.043164536844384822
5684    0.024593850832190987  0.068439015856964963  0.059134251918279673
5685    0.026462876718761724  0.06807401955095764  0.059405276423508978
5686    0.029132760285730756  0.068317261829275291  0.057827712749600177
5687    0.022362649999999998  0.06908729999999999  0.06121385
5688    0.023620640418243986  0.068665441447360309  0.061523438209217261
5689    0.021223697103966065  0.070450913776792357  0.060742198339789499
5690    0.020242852316465922  0.072044650977604915  0.058790318487067533
5691    -0.0032199070000000002  0.075785149999999996  0.049320500000000003
5692    -0.060750100000000001  0.066760900000000012  0.036351700000000001
5693    -0.063005180846380099  0.066659182499537034  0.034565383332961067
5694    -0.067438120368685198  0.066517108277942216  0.031394583838349949
5695    -0.065284018984880524  0.066180360079635001  0.031680403447361526
5696    -0.059363864977118895  0.068122881320854506  0.037472173447833504
5697    0.012922400000000001  0.070383599999999991  0.049497150000000004
5698    0.016037549999999998  0.068074200000000001  0.047981949999999995
5699    0.017788086581127752  0.067710437094411324  0.046384013277425251
5700    0.01591122110162739  0.067454799096371629  0.042689263571519434
5701    0.018027803995457056  0.068065517116327884  0.038747851719014473
5702    0.019830449999999999  0.067980700000000005  0.046024750000000003
5703    0.022660690176563556  0.067837989923739586  0.047144852324703286
5704    0.025409212498522269  0.067820970186465712  0.047484707405027284
5705    0.012803611765501918  0.071851404315791165  0.050994559995217244
5706    -0.10671949999999999  0.065652199999999994  0.02551755
5707    -0.12775506683923035  0.066556318069371317  0.025617166357986724
5708    -0.12441249350319117  0.066335921721483573  0.024352492362119105
5709    -0.12124233403668527  0.066310710282252897  0.025958684859552557
5710    0.05519785  0.076446550000000002  0.054821499999999995
5711    0.05352507901678373  0.074387493785637887  0.052206036950425562
5712    0.048425018025931091  0.072295564479740643  0.05135341285317685
5713    0.056933873311633083  0.079279415623908986  0.057354794637369567
5714    0.057841774131389877  0.080814732093490618  0.058311765968719342
5715    -0.026292539275526473  0.074898992641123388  0.034794032579217003
5716    -0.023074035378383477  0.075036437940192185  0.036788275983305564
5717    -0.079387800000000008  0.069791300000000001  0.026865099999999999
5718    -0.07525344605383133  0.070614201518063177  0.025606508484476966
5719    -0.10027245  0.067244749999999992  0.02214095
5720    -0.098769800000000005  0.06847049999999999  0.021843700000000001
5721    -0.099019808581602198  0.067990217802463684  0.021159681373197622
5722    -0.10044535  0.067435400000000006  0.019499950000000002
5723    -0.10051952747412939  0.067001131667632469  0.021713763266425171
5724    -0.099384229604724997  0.067630898757918348  0.02052961249677587
5725    -0.097802345795170623  0.06881379136325376  0.02254183572270331
5726    -0.085633803209076861  0.069943956363935744  0.019999244026596107
5727    -0.082658340106387895  0.070618174000975587  0.018083272605153668
5728    -0.085465054537973026  0.06991570527108168  0.019982206869483675
5729    -0.082602052403751569  0.068800412938060426  0.016289901579765613
5730    -0.090114698952126621  0.07015833789327193  0.016797317675860981
5731    -0.091594696170306827  0.070200132554270683  0.017186734169283163
5732    -0.090167541219891137  0.069935466504869828  0.015971465116320367
5733    0.037218686813998959  0.068277110953640224  0.047592532766184158
5734    0.028291650111834613  0.067852867226617375  0.037743660530196503
5735    0.0318872973355541  0.06880555643980521  0.040275267109615522
5736    0.024921014376093842  0.068191565755393035  0.037409609417228581
5737    0.02203215  0.067963200000000001  0.03876135
5738    0.0091074099999999998  0.067407800000000004  0.036421700000000001
5739    0.0051400202109887563  0.067802521898406756  0.036727876463362868
5740    0.0075794710945501515  0.06748724989520323  0.036044503580543424
5741    -0.0033864199999999998  0.07157730000000001  0.02890995
5742    -0.0034640408000329438  0.072432035853390628  0.031281855384207816
5743    -0.0047532387425327878  0.074253140964016751  0.032312405242507565
5744    -0.0059038244754930028  0.075058310307523926  0.032612078603018402
5745    -0.0090689600811356338  0.075093818118295158  0.03261062971471157
5746    -0.032477150000000003  0.074946800000000008  0.02551875
5747    -0.028455110800082933  0.075011079049285612  0.025047455418916932
5748    -0.10341576179271535  0.065657396056648359  0.018649335051278672
5749    -0.0054298157312770096  0.073872222223222567  0.024890999270295141
5750    -0.0067208150784834574  0.074603511206328132  0.024752245807076516
5751    -0.0083222632009083055  0.075134369329584977  0.024748549364150114
5752    -0.011845532903412514  0.075218218090796291  0.023947755148874914
5753    -0.059759100000000002  0.066588000000000008  0.026389699999999999
5754    -0.056969630206689333  0.069413606999190844  0.027243236794507141
5755    -0.11627641366791529  0.065518079644200214  0.0060295880321069523
5756    -0.11853127430403763  0.065561095728943891  0.005662760891253631
5757    0.051400428538405117  0.06886681459313293  0.038479425209895203
5758    0.053235042478613215  0.069894658298761861  0.040888473973143075
5759    -0.040882217944000467  0.074753024870600357  0.019176089103783774
5760    -0.064968800000000007  0.066160899999999995  0.01553827
5761    -0.063198224161870736  0.070129761028093734  0.010554190421335759
5762    -0.065649600000000002  0.070403350000000003  0.0063032499999999998
5763    -0.065910700000000003  0.071984149999999997  0.0036787149999999999
5764    -0.065892649999999997  0.074903999999999998  -0.0013913149999999997
5765    -0.066176221495591325  0.072970189948462563  0.0012689159019449445
5766    0.010708243489328908  0.066417432164013884  0.029285771523018613
5767    0.012876837198187482  0.066457413844451224  0.028443658874614926
5768    -0.119856  0.065364450000000004  -0.0024865549999999997
5769    -0.1172335  0.065514900000000001  -0.0016409549999999995
5770    -0.11605651489817741  0.065501299062716609  -0.0015858450099998861
5771    -0.11204482436095653  0.065536866209624997  -3.4758141041499845e-05
5772    -0.13792282605316472  0.066365783364196296  0.0010622664898068054
5773    0.005171765  0.067161699999999991  0.030340499999999999
5774    0.0032987867762321295  0.067360107177291115  0.029203070428171066
5775    0.0018069770719991024  0.06776029333580609  0.029145073987295413
5776    0.00095873003599955119  0.067863446667903046  0.024295086993647706
5777    8.9241618426281859e-05  0.068701297615396534  0.030122088486677228
5778    -0.0020230150000000004  0.071261700000000011  0.014345750000000001
5779    -0.002637956461955044  0.072566029933838733  0.011432192806459273
5780    -0.085490234531242604  0.065548071231629743  0.0080156800958317183
5781    0.05470415  0.068276249999999997  0.027460100000000001
5782    -0.010178788875147254  0.075440751542858148  0.014611535451357453
5783    0.043070200000000003  0.071051349999999999  0.02389405
5784    0.045082379114100991  0.070089961751080926  0.024540923763086211
5785    0.04213813660664268  0.071524736309776848  0.024113500408681682
5786    0.041581327478329246  0.0715203076037456  0.02441966556634096
5787    0.039243955803812666  0.07109123639199362  0.025597776666301801
5788    -0.10315930037288344  0.065539882249228562  0.0020498955139288573
5789    -0.10077804672170573  0.065473484265701015  0.001312931413701964
5790    0.038489372409989751  0.071283908520416467  0.015787258005389122
5791    0.010755509999999999  0.067655049999999994  0.015405149999999999
5792    0.0084374462310712536  0.066647749646929627  0.01496534055790092
5793    0.0073319181155356268  0.066794824823464813  0.011242635278950461
5794    0.0044581246593470387  0.067238167012328195  0.010967802047824545
5795    0.0063389600771100851  0.066931150196633579  0.011404459641434758
5796    0.0064515301542201709  0.066920400393267174  0.015288989282869515
5797    0.0094159566763249384  0.066631373904146113  0.014835289889374803
5798    0.0095152424733996495  0.066758286063688874  0.010952456677662295
5799    0.012083571536486308  0.067115782186165429  0.016552230929527255
5800    0.01229212332289549  0.066894896073054752  0.019030276812048646
5801    -0.0059694650000000002  0.07564185000000001  0.0058092539999999998
5802    -0.0030864141690885995  0.075617321488002584  0.0062208431505144744
5803    -0.0017489170827498955  0.074547274892215104  0.0069902295689254048
5804    0.021732330080028124  0.070652196628216132  0.0083888214264736614
5805    0.021774573271365651  0.067642874572843556  0.0059164883217759315
5806    0.022788560324963892  0.066835835831766902  0.0014649546791926304
5807    0.021589568284591774  0.067324548325137498  0.0047154999194780707
5808    0.024542135050176092  0.06711230886061835  0.0038163886413639402
5809    0.024047086635682825  0.067665137286421775  0.0059282191608879663
5810    0.021052965304488608  0.067003904455606708  -0.0039813650054173659
5811    0.015174853946996641  0.068019997517145256  -0.0080440296023898163
5812    0.015910406952628249  0.06762516605882235  -0.0075585673672184887
5813    0.019187529895204867  0.067462205702807157  -0.010973981642037016
5814    0.016724226973498322  0.068431848758572625  -0.011367414801194908
5815    0.020733925074896437  0.067182385550569337  -0.010037497359696378
5816    0.019084533706133666  0.067010338700037086  -0.0051281638603956495
5817    0.024511077076234601  0.067170039112294522  -0.0078369466299511494
5818    0.030545235699449516  0.067289008827429816  -0.0072480303959631788
5819    0.03414271363552708  0.06773570584637427  -0.0039617392863793453
5820    0.031891893661922299  0.067233025977150099  -0.003583626400336536
5821    0.028483000560133198  0.067178544536317747  -0.0069135151212312129
5822    0.028373635143159451  0.067044569323582937  -0.0030129294935947511
5823    0.013816715818291758  0.069238990975244843  -0.0088222228269928295
5824    -0.12216029994653183  0.065951047748402769  -0.016406068097352712
5825    -0.12012936331865448  0.065608493092830691  -0.014173539103892262
5826    -0.11849601952375188  0.065708814144893046  -0.013942465006213732
5827    0.071458149999999998  0.07304745  0.012921994999999999
5828    0.06764524999999999  0.0735571  0.0053384699999999997
5829    0.067991273888513698  0.073134653665201416  0.0075052674495140964
5830    0.062887879847544417  0.070203862383086374  0.012570419228007657
5831    0.07680555  0.075086449999999999  0.014446395000000001
5832    0.079879632706235146  0.076247192801704222  0.016886514209389962
5833    0.049236950000000002  0.067645850000000007  0.014867999999999999
5834    0.052182330365904028  0.06793436568968457  0.014785539558792856
5835    0.033910076986486612  0.069772091852725579  0.0080963913321854923
5836    0.012514850000000001  0.067191550000000003  0.0079984750000000014
5837    0.013636163640773954  0.067011167007966402  0.0056362956030958167
5838    0.0044043255138310105  0.068539656674471663  0.0054816761194505358
5839    -0.085869500000000001  0.066009299999999993  -0.00028360000000000017
5840    -0.084438462130241587  0.065866374568059341  0.0021438103501811813
5841    -0.091080132423371971  0.065827058934661703  -0.004514311220496176
5842    -0.088607096683908454  0.065963316173032291  -0.0040208112364891338
5843    -0.0813194  0.06638115  -0.0064437799999999996
5844    -0.08309603030965336  0.066038546364072956  -0.0059197197293002699
5845    -0.079643439068458138  0.067074496799402764  -0.0069338593140650835
5846    -0.09580205  0.065579650000000003  -0.0143486
5847    -0.093582705055259174  0.065681429076982045  -0.015960047880251668
5848    -0.083503149999999998  0.066294900000000004  -0.014707650000000001
5849    -0.079826399999999992  0.067852550000000011  -0.015739199999999998
5850    -0.078651224313170176  0.070404876215380649  -0.012453704165743503
5851    -0.086751502018487262  0.065895276898770838  -0.0150721990688879
5852    -0.090545050056369092  0.065690144079536217  -0.01638223792659806
5853    -0.098770431141635071  0.065563230816582649  -0.01248105074663888
5854    -0.10237496849262151  0.065458308184897368  -0.012628084965898533
5855    -0.11492990621048745  0.065746647898285812  -0.019164000503097751
5856    0.053232973066052208  0.068613716589621704  0.0085470901647068751
5857    0.053811941217117069  0.069306753722640835  0.006493315602030039
5858    0.05222830216759837  0.070179009799358996  0.0032194605013098738
5859    0.04427670259363313  0.067369801005650681  0.010850937565457214
5860    0.038022300000000002  0.068325549999999999  0.0062615550000000002
5861    0.038435028355308751  0.067346342088919486  0.004437363638496384
5862    0.0096924247769433151  0.074445711450004406  -0.0088955193654879239
5863    0.0026852054187204476  0.076612238952149622  -0.010831306899682751
5864    -0.00078027299999999995  0.076421900000000001  -0.0082556450000000007
5865    0.0019003417147387799  0.076464152331577467  -0.0080737664664728096
5866    0.0044468363227817076  0.07614364744564088  -0.0066761746205268035
5867    0.012020400000000001  0.067100900000000005  -0.00010172999999999953
5868    -0.0071933850000000001  0.076278299999999993  -0.0092642959999999983
5869    -0.0041264700000000001  0.076372550000000011  -0.0075032459999999999
5870    -0.057848117757355003  0.075165724539673809  -0.013687323301297252
5871    -0.050827396976221323  0.075290784480421521  -0.016196044042655039
5872    -0.047060851795264952  0.07530651772997915  -0.014807598087946277
5873    -0.069454149999999992  0.071106549999999991  -0.031538549999999999
5874    -0.068026955043372403  0.070574488161463597  -0.033163559088129721
5875    -0.067317308834160788  0.068476779632831497  -0.03568336203292307
5876    0.011000836660146455  0.075787683771879  -0.014137237898969247
5877    -0.030951850000000003  0.074866550000000004  -0.032089149999999997
5878    -0.031018042471546305  0.073883585177002095  -0.033455329022446863
5879    -0.060412135584220164  0.075659925761909538  -0.026808611994920118
5880    -0.063490965451671585  0.075292599089612972  -0.028634939919613057
5881    -0.0016851364127980781  0.075763236520431224  -0.026886320695923737
5882    -0.023447750000000003  0.075047200000000008  -0.030702199999999999
5883    -0.023373668168099063  0.076039422637114065  -0.02918230455649852
5884    -0.062616198525815001  0.072662243936837498  -0.034490390253477853
5885    -0.079894812413774996  0.066648109029871769  -0.023038278882255504
5886    -0.080883086002624768  0.066378744061544356  -0.023264058597363017
5887    -0.084927862741430021  0.06618938611998669  -0.021619809705990173
5888    -0.078662592404113538  0.067659285841852268  -0.022213452441765914
5889    0.016382250000000001  0.071964449999999999  -0.018792799999999998
5890    0.016942850000000002  0.070895650000000004  -0.022562600000000002
5891    0.015527849999999999  0.072186749999999994  -0.01546495
5892    0.015182832212122124  0.071696036428377644  -0.01341574471952533
5893    0.022731950000000001  0.067174150000000002  -0.01850945
5894    0.025443896068145008  0.06716059469388469  -0.018930999654555736
5895    0.029509151918291648  0.06760745066442779  -0.019022414301183614
5896    -0.054686899999999997  0.07130185  -0.037128549999999996
5897    -0.044771749878848688  0.074206159886676865  -0.034987679494223732
5898    -0.04415842194914707  0.071703324856255329  -0.036554710667916143
5899    -0.04478625  0.06799754999999999  -0.038791900000000004
5900    -0.044961840956903844  0.066147605366426221  -0.04191754087287812
5901    -0.04446671485513682  0.066723947142270534  -0.040467680586645072
5902    -0.044247513287027362  0.066129686730782941  -0.041947064736623317
5903    -0.089555191403832987  0.065845983927050267  -0.035707019603088044
5904    -0.090409299999999998  0.071498950000000006  -0.037731050000000002
5905    -0.088419712437519685  0.0727159439512408  -0.042928114365195807
5906    -0.089126831422587816  0.071834494904059881  -0.041919158350716391
5907    -0.089230000000000004  0.066790249999999995  -0.0386863
5908    -0.088593577288898107  0.065757061201581299  -0.038196829793209423
5909    -0.08481100889408863  0.06574861911273816  -0.038472800516848975
5910    -0.090208111684664236  0.067682423830854016  -0.039284764517457896
5911    -0.091009549999999995  0.071215200000000006  -0.034951700000000002
5912    -0.091956261438144962  0.070074423810332492  -0.032571218772752597
5913    -0.092067156122546692  0.069041041801540318  -0.031997397105370348
5914    -0.012233050000000001  0.068930099999999994  -0.033279000000000003
5915    -0.0093245111682393519  0.066782148139898342  -0.036998377465484358
5916    -0.0078416126199876597  0.066317589982104394  -0.04389063637049103
5917    -0.01071123  0.067188200000000003  -0.045964400000000002
5918    -0.010782735  0.069748699999999997  -0.048449449999999998
5919    -0.013971487278381749  0.072384612702254686  -0.049296455284745737
5920    -0.010645209527109702  0.06834096877442164  -0.047585761547982316
5921    -0.010593587289237811  0.066269465061210842  -0.044357014272634679
5922    -0.0083050221751196154  0.066632952869062456  -0.039086723995663798
5923    -0.011691678909330119  0.066414731877065619  -0.042060583788732953
5924    -0.011837762319345392  0.067480006771219236  -0.035272347615803577
5925    -0.01228591137159896  0.067909623376999212  -0.034035330438879241
5926    -0.01644042274319792  0.067862446753998426  -0.034749760877758475
5927    -0.011792923895832575  0.069956087032088235  -0.032713697112926113
5928    0.025436799999999999  0.067304350000000013  -0.029125399999999999
5929    0.023209250000000001  0.067217899999999997  -0.032962249999999998
5930    0.021867733436991482  0.067387446995249276  -0.034531554151142688
5931    0.017090776631812101  0.066914299444696457  -0.03517084974467849
5932    0.014909291267107964  0.067282773119109934  -0.030525526353592229
5933    0.012636155  0.067725250000000001  -0.02882055
5934    0.012844095663509322  0.067500695688268345  -0.030419173424078155
5935    0.01507195321912615  0.06685809515224532  -0.031965443083482203
5936    0.013089739687437804  0.066859368055345758  -0.032593664356122105
5937    0.027058800000000001  0.067482100000000003  -0.025560050000000001
5938    0.030122416379756441  0.067775786137039246  -0.023657039349640176
5939    0.031675056750830571  0.068108792187409659  -0.023726405665609723
5940    0.034029442237647846  0.068370153297486524  -0.023648144662421655
5941    0.036519049999999997  0.071527250000000001  -0.024474000000000003
5942    -0.034581299999999995  0.066802349999999996  -0.039737400000000006
5943    -0.033002549999999999  0.065972900000000001  -0.044692700000000002
5944    -0.033798871367308775  0.066141965560349875  -0.041473309670015279
5945    -0.025976250741145814  0.067152754919809959  -0.048615696315681002
5946    -0.026569020330693242  0.065919093135098084  -0.047083540985053879
5947    -0.065411849999999994  0.065874799999999997  -0.048234650000000004
5948    -0.071098700000000001  0.065885349999999995  -0.046947049999999997
5949    -0.067649374429213177  0.065858746586315256  -0.048065831013886166
5950    -0.07595035  0.065829100000000002  -0.044534450000000003
5951    -0.07932269030806946  0.065752961249897032  -0.043709524821779297
5952    -0.086190950000000002  0.06645645  -0.046892249999999996
5953    -0.083530124039100789  0.065614871732349547  -0.045516880134419645
5954    -0.087353230618369984  0.067336673268706543  -0.047175723471493326
5955    0.0010300570498754675  0.066853584038133837  -0.035304931411365238
5956    0.0027325977685005356  0.066631681622973213  -0.038844708674936369
5957    0.0042517324125933894  0.066714627772048757  -0.042142358363843738
5958    0.0032036855722429708  0.068919988370105281  -0.046220476606256382
5959    0.0029137422083862791  0.067779989060495205  -0.044753964298235242
5960    -0.023353668087472964  0.066495614767672559  -0.03961074669720336
5961    -0.050680450000000002  0.065794350000000001  -0.046943799999999994
5962    0.0010221883228245772  0.16455770223838739  -0.06991816693434437
5963    0.00070262515153905834  0.1682808920903005  -0.069207977442368465
5964    0.00021478430863558929  0.17093612100485858  -0.06821904759420537
5965    0.0017952503729700515  0.17350343286695086  -0.0671702227925592
5966    -0.089427881693803321  0.161147001835349  -0.040367921552524971
5967    -0.01264119  0.16522900000000001  -0.074164250000000001
5968    -0.012462939973635413  0.16660873743566745  -0.073736404483658022
5969    0.0089659236359816118  0.16786843100822599  -0.065565856983327092
5970    0.01051834373707233  0.17036682591592364  -0.065218924594003413
5971    0.014393949999999999  0.17014750000000001  -0.064275200000000005
5972    0.018472399040190126  0.16934276729850062  -0.062410210447943711
5973    0.0080025025460067033  0.16618472606238366  -0.06638137856651613
5974    -0.075178663700506035  0.16057363485975554  -0.041836499173661189
5975    -0.076050930934986063  0.15958766607781902  -0.040282242866014208
5976    -0.072954165467493032  0.1563543330389095  -0.039359421433007108
5977    -0.078228727315957675  0.1586221162025607  -0.039506621838164793
5978    -0.077148824499692903  0.15449458501991203  -0.037865495839935273
5979    -0.088411949999999989  0.15264650000000002  -0.037616299999999998
5980    -0.022842231186302391  0.15665092203876252  -0.07476551312630618
5981    -0.024383531562803134  0.15971696288728135  -0.076069559220968294
5982    -0.02125090715606524  0.15186844955816106  -0.074469693214573626
5983    -0.032904599999999999  0.15540399999999999  -0.075860999999999998
5984    -0.035202586989101309  0.15319481669851442  -0.076441926766987384
5985    -0.044721913338215846  0.15183389267629116  -0.07557936484588515
5986    -0.038988394059782501  0.1525154755633128  -0.076527903612608597
5987    -0.041377357784987932  0.15246911046984865  -0.076388630728848439
5988    -0.0454004  0.15543000000000001  -0.075045399999999998
5989    -0.043955739049052756  0.15461661713263727  -0.075825044030310387
5990    -0.047342842480192895  0.159454148581888  -0.074490629380983636
5991    -0.10387268368951517  0.14886861300461787  -0.036597080666622116
5992    -0.10569097056659672  0.14683242118769665  -0.035276293240312138
5993    -0.11006853653259263  0.14643057952314767  -0.03566462957060372
5994    -0.14570436684443064  0.14670051801348521  -0.018167829017696244
5995    -0.008899103429756184  0.14811614259765465  -0.072149650437423316
5996    0.015345831648410616  0.15852127278483649  -0.065213259494988532
5997    0.013742201560631169  0.15678601988593976  -0.066225797800401914
5998    0.01241154  0.15307100000000001  -0.066673650000000001
5999    0.011368570000000001  0.14912300000000001  -0.067635249999999994
6000    0.015803064669489005  0.14564240811367773  -0.06597819799213836
6001    0.014037255751195262  0.14594373686400453  -0.066642878417976087
6002    0.011836500612563748  0.14712442476475318  -0.067313802213798943
6003    0.014415958563137073  0.15407763162531743  -0.066377656414291872
6004    0.0177048  0.15218199999999998  -0.064823850000000002
6005    0.016515750602466385  0.15400624323636797  -0.065445402445580891
6006    0.01743620993122353  0.15391313639221443  -0.06480541357080627
6007    -0.13341950000000002  0.14110049999999999  -0.023155849999999999
6008    -0.13163829385931594  0.14064188330875863  -0.023594004768501264
6009    -0.12992111049100677  0.14041635394792545  -0.024990945861932252
6010    -0.043409199999999995  0.06869625  0.10101299999999999
6011    -0.015571300706609661  0.14138209708971164  -0.072060415524666438
6012    -0.1407795  0.23520350000000001  -0.016377050000000001
6013    -0.14264199166140396  0.2383280887290769  -0.016112173602698683
6014    -0.14069886904250833  0.23272597732023631  -0.016005505336522646
6015    -0.12583780793907862  0.12585446277647272  -0.010402109539761308
6016    -0.1288822693530034  0.12742569429277528  -0.010129163649114564
6017    -0.13515404594938024  0.12846160114765479  -0.0052076086754242659
6018    -0.13233813998134888  0.12815299746604891  -0.0077604750210277119
6019    -0.12017649999999999  0.13269150000000002  -0.022089350000000001
6020    -0.090805150000000001  0.13678200000000001  -0.03097345
6021    -0.087847350000000005  0.13487850000000001  -0.031953950000000002
6022    0.03426837395682291  0.14093109490820091  -0.057367636690885654
6023    0.034130196781373558  0.13792736903560049  -0.058129842822988408
6024    0.03463295382907821  0.14513360719044177  -0.056228954951514254
6025    -0.036470938713157583  0.14151296784562983  -0.07555398986310663
6026    -0.0377136  0.134155  -0.07448840000000001
6027    -0.039992300869376912  0.13254214224856958  -0.073493693369367091
6028    -0.048852300000000001  0.130883  -0.0670042
6029    -0.043595834939595741  0.13250903948259446  -0.071619044831472092
6030    -0.047861248126803708  0.13197136805773033  -0.068504697486823946
6031    -0.050324080999061403  0.13564297377127751  -0.068452926225244959
6032    0.047263108823882044  0.13010913114003317  -0.047885504051355922
6033    -0.11010200000000001  0.12508849999999999  -0.014641250000000001
6034    -0.11225707822928591  0.12531438927038968  -0.014461575618463892
6035    -0.1068195801334396  0.1283231901133563  -0.019096581853400775
6036    -0.1027988  0.1265945  -0.02002555
6037    -0.070892238756310302  0.13127814033620405  -0.029963459412097382
6038    -0.072182736683103099  0.13031852540179564  -0.029210242163072584
6039    -0.070394560388421235  0.12740767346982071  -0.02815407453586611
6040    -0.072347443221343885  0.12444769471846699  -0.026838422717672433
6041    -0.069173593734638744  0.12072522216929396  -0.025105442504609062
6042    -0.070921840446741491  0.12145802273819488  -0.025417612488208261
6043    -0.076215833054147517  0.1302308227499803  -0.028916529056453297
6044    -0.02210705  0.13365050000000001  -0.072287550000000006
6045    -0.022259399999999999  0.13001499999999999  -0.071400149999999996
6046    -0.023135484595885832  0.12662076658133681  -0.071630477811177568
6047    -0.024479403181533344  0.13549067868392956  -0.073950481564046572
6048    -0.02856069713235276  0.13586487945177489  -0.074445077771317564
6049    -0.031555205899497729  0.13564956049133867  -0.075092812670073145
6050    0.018443745889796057  0.13613442638149034  -0.062505243699031668
6051    -0.095872249999999992  0.13009299999999999  -0.0263679
6052    -0.098501843839613842  0.12921963362662156  -0.024776986061800711
6053    -0.087118129472455827  0.12695126486474598  -0.028102025573123027
6054    -0.092348334065667476  0.11889668242637182  -0.023873546452306851
6055    -0.090545099999999989  0.120924  -0.025360899999999999
6056    -0.034382546604655936  0.12518106671864385  -0.071634484215446076
6057    -0.034914859632111481  0.12347198121347275  -0.07079970602895018
6058    -0.030588629816055743  0.12100349060673637  -0.070841753014475095
6059    -0.036482257927901475  0.12180392677191464  -0.070220411689190576
6060    -0.040632744524279063  0.12158289051632215  -0.068437695120005831
6061    -0.066022894134332141  0.11604408268290518  -0.023490519589355423
6062    -0.0018912449999999999  0.118227  -0.065378049999999993
6063    -0.0075045609641215113  0.1190155106346009  -0.067496355919808279
6064    -0.0047184579541584212  0.11727006697001753  -0.066172425622374964
6065    0.037510231259924087  0.11989652144084874  -0.052901333064159541
6066    -0.10002610000000001  0.10638149999999999  -0.016124550000000001
6067    -0.1058225  0.114347  -0.013599765
6068    -0.10442775356561226  0.11340430801478724  -0.015378713192407974
6069    -0.1002310267100755  0.11476879788212395  -0.018781262529506411
6070    -0.10815164681478168  0.11542042768294071  -0.010871986456662588
6071    -0.10944145395028572  0.11501967540695497  -0.0082583845471681117
6072    -0.11052455051706105  0.11167911083448358  -0.0013706399232804008
6073    -0.11006383670030255  0.11372942999688071  -0.0059777878835569898
6074    -0.016244749999999999  0.11772050000000001  -0.067729149999999988
6075    -0.021258609071334381  0.11723533975770781  -0.068451446029892268
6076    -0.031264550000000002  0.10737849999999999  -0.065803150000000005
6077    -0.1461325  0.2547625  -0.0154269
6078    -0.14939720445529339  0.2560464303326298  -0.014330443326211806
6079    0.042151500000000001  0.11072950000000001  -0.052125350000000001
6080    0.044343847474115773  0.10937247054498372  -0.050585811522922047
6081    0.040234928246341853  0.11192421497277771  -0.052794516912439284
6082    -0.12708425712196192  0.31145562788435216  -0.10924929603988429
6083    -0.12833509144050803  0.31182178104703195  -0.11004764657026317
6084    0.077564099999999997  0.1038915  -0.01320665
6085    0.079749866907147735  0.10065688941278635  -0.012989176347035829
6086    -0.07003810948665902  0.101014935297544  -0.020646488458923414
6087    -0.070204035626446254  0.098809253829246296  -0.021169859650584759
6088    -0.068730996255084983  0.097572697636934949  -0.023073858451858751
6089    -0.066547200000000001  0.098418149999999996  -0.023564349999999998
6090    0.037395141656510589  0.10400506504481774  -0.052512891106696304
6091    0.03573053794480012  0.10115960791240589  -0.051006997049120754
6092    0.036702373513976976  0.098947101114066183  -0.048800053972681091
6093    0.017933955158261877  0.10238150351714766  -0.057835975089511125
6094    0.019924341378638293  0.1045968294545218  -0.057871346925851906
6095    0.03668589451289684  0.095110421376907756  -0.045031429295621893
6096    0.037889400000000004  0.093300999999999995  -0.043305449999999995
6097    0.038335181708593603  0.094174127401789015  -0.043496242795827672
6098    0.041647304405743726  0.095425051343489581  -0.043198747552204035
6099    0.040369041275725763  0.095209098948110291  -0.043757393624655784
6100    0.043532340003219337  0.093909118423143048  -0.040725903021804427
6101    0.044082222231959539  0.092414340179646309  -0.039570349910508708
6102    0.046232386150694187  0.091573834227610978  -0.036037788033228324
6103    0.048217441485842887  0.090423961828912131  -0.032653901751886309
6104    -0.020918112760691575  0.33296530051544404  -0.049892474810541126
6105    -0.01704025  0.3352445  -0.049040899999999998
6106    -0.021961649999999999  0.335789  -0.051816950000000001
6107    -0.017853737881951149  0.33969239350867292  -0.048744070369778722
6108    -0.025551495269945577  0.34698435071635686  -0.042621692895366874
6109    -0.022103416332036659  0.34597162824464739  -0.045239469409627114
6110    -0.019383234298068357  0.34200503527816867  -0.046748713353808348
6111    -0.019696000588740714  0.34514275902254959  -0.048750400846048682
6112    -0.018634699999999997  0.34709099999999998  -0.053347800000000001
6113    -0.018889299999999998  0.3465395  -0.057155349999999994
6114    -0.018345055700158378  0.34702390916157383  -0.055980050685286095
6115    -0.020850157987366114  0.34251009465588977  -0.044609378463302117
6116    -0.022926248244693186  0.34095876437598766  -0.041928328191515304
6117    -0.023408200296862802  0.33767702493809221  -0.039986352116894726
6118    -0.020160600000000001  0.33403850000000002  -0.039583
6119    -0.018545812853145757  0.33265711193445119  -0.040900364834737066
6120    -0.018042529043019489  0.32997720884773984  -0.042805256399869845
6121    -0.017725164628855546  0.33127084515656152  -0.042254470602412872
6122    -0.024605782059611059  0.3347096214578722  -0.036103556973466157
6123    -0.026466821160455463  0.33420038764661703  -0.034621362954362224
6124    -0.017064017960101024  0.33616598063953373  -0.048303622713731661
6125    -0.017007127718134934  0.33801895214301864  -0.049931914873273739
6126    -0.020277857491704208  0.33441297699677636  -0.051438927773812697
6127    0.0027712400819075284  0.093680268307809622  -0.057646600506858922
6128    -0.0061819199999999996  0.092225599999999991  -0.058083099999999999
6129    -0.055145307821908914  0.1994506166327944  -0.045422939445246044
6130    -0.055701076531146844  0.19422463998770101  -0.045918199206172322
6131    -0.1028259  0.090168300000000007  -0.0153046
6132    -0.10367531262295385  0.087526484747382838  -0.01596745133784766
6133    -0.10658207819773477  0.085218507368318028  -0.016051029970913119
6134    -0.1098782581136333  0.084970529363913055  -0.015105133116262236
6135    -0.047114249999999996  0.09134624999999999  -0.0529373
6136    -0.046562199999999998  0.08831145  -0.055092549999999997
6137    -0.016355767795365996  0.093027953468446764  -0.058530411650655131
6138    0.039692786490664218  0.091305716786936927  -0.04106243620364021
6139    -0.061043025095752067  0.0684771616008919  0.095047835364039268
6140    -0.059830049999999996  0.069494699999999993  0.09823019999999999
6141    -0.0057089949999999997  0.088047150000000005  -0.053556900000000005
6142    0.0044894900000000005  0.088148250000000011  -0.051240850000000004
6143    0.00204441  0.084847399999999989  -0.048722349999999998
6144    0.0026372719267233613  0.086258913512255411  -0.050010267168549033
6145    0.0016671330706201004  0.08335286256640427  -0.048237215506097032
6146    0.0014339333783563047  0.082167444818540922  -0.048215973322043484
6147    0.0024573682282570371  0.079790656316746089  -0.048172496333659422
6148    -0.040542231542558718  0.088891016617520469  -0.054393131864743031
6149    -0.042147226847140187  0.08742872366168386  -0.055032896312899197
6150    -0.037469749999999996  0.088813100000000006  -0.054345450000000003
6151    -0.039123674999999997  0.089976650000000005  -0.054480975000000001
6152    -0.037950730843019614  0.087914170476354581  -0.054263672471459572
6153    -0.036875060672718965  0.090073137344323692  -0.054866096119532963
6154    -0.035550674413764291  0.09197522218447847  -0.056227370575898605
6155    -0.0322737254610432  0.092483715167842886  -0.057369789616521366
6156    -0.029366499999999997  0.090173699999999996  -0.056509699999999996
6157    -0.022341876287534493  0.087859075192959629  -0.054227854477201798
6158    -0.094926307940276455  0.076455212620137381  -0.023367765336072231
6159    -0.093431191001789482  0.076184919604460319  -0.023715867871757258
6160    -0.092479248222630012  0.076151342225331764  -0.024312726015622947
6161    -0.092240235434125073  0.076764746738987297  -0.026320130963390431
6162    -0.091149572433402826  0.078332816781943648  -0.027874275975372786
6163    -0.089423047669243416  0.081417224446561354  -0.027831284467207618
6164    -0.088806117985864186  0.083611047473662992  -0.025721184766488121
6165    -0.08991165000000001  0.083759799999999995  -0.022916849999999999
6166    0.051139249999999997  0.07393269999999999  -0.0035542165000000004
6167    0.052726332387614622  0.075429277813205062  -0.0052398897245452946
6168    -0.14072400000000002  0.26742299999999997  -0.01514455
6169    -0.14340900000000001  0.27073900000000001  -0.0136829
6170    -0.13781234315325167  0.26624848813119417  -0.015531624980740306
6171    -0.13450555799438871  0.2650806572342545  -0.016170835525129528
6172    -0.13035049999999998  0.26765600000000001  -0.015636199999999999
6173    0.007830683818263795  0.081634358153878317  -0.047173864338924842
6174    0.0061025046124263422  0.079252607375534009  -0.047610731354487436
6175    -0.1377266917355392  0.06720198243896465  -0.0049738704032179582
6176    -0.13646541302658236  0.066138291682098144  -0.0022706367550965972
6177    -0.1386778458677696  0.067162791219482321  -0.0025359033516089793
6178    -0.13742482621951613  0.068886708393870982  -0.005374674715865297
6179    -0.12695699999999999  0.065908899999999992  -0.011635059999999999
6180    -0.12984940183716695  0.066015958970964891  -0.010896604773241525
6181    -0.067291500000000004  0.31917649999999997  -0.028093100000000003
6182    -0.061880320947058955  0.32055306962659402  -0.029386299660066374
6183    -0.051674650000000003  0.32656000000000002  -0.017557200000000002
6184    -0.052844715886331453  0.32846986174505188  -0.017958626461958858
6185    -0.054199311810927818  0.33163231587138842  -0.018152691052875883
6186    -0.055101054851234753  0.33402600710182112  -0.018118842864330777
6187    -0.13559138435417184  0.1901584499291594  -0.031269675145244667
6188    -0.13362750000000001  0.066006250000000002  -0.0085429200000000007
6189    -0.10957142450835482  0.19450542464942641  -0.039835422157612328
6190    -0.10764625879960056  0.19633207520451976  -0.040735061694798444
6191    -0.047314939844406247  0.33803310817948501  -0.039178464265706134
6192    -0.049034580864095414  0.34185257746249192  -0.038672291313606402
6193    -0.05105646534684586  0.34565027060128967  -0.03687054784900573
6194    -0.048618462435483081  0.081701415918260051  -0.057253655059730818
6195    -0.046623670200189621  0.075772208556358925  -0.056853167589355352
6196    -0.042755649999999999  0.076371500000000009  -0.056261900000000004
6197    -0.044475487482673597  0.077690362247395242  -0.056685335166246312
6198    0.01315679831467384  0.074372196692845741  -0.046574506543948624
6199    0.015648849999999999  0.072095850000000003  -0.045612200000000006
6200    0.015566810128153337  0.074091902925643743  -0.046077971232831659
6201    0.01575419226193419  0.070659959998425698  -0.045093357249344997
6202    -0.0038830655309669581  0.069777549393626931  -0.047564924456774391
6203    -0.00308893415  0.068174999999999999  -0.0465099
6204    -0.0034994009770941701  0.070861840744925783  -0.048272396598072954
6205    0.054511299999999999  0.215415  -0.023207150000000003
6206    0.054779482909556004  0.22079003120168392  -0.018795781640497177
6207    0.054758135240865154  0.21860511757941484  -0.020673892718188862
6208    0.056035405492515858  0.21672093914264925  -0.02142697454856738
6209    0.057553530349057337  0.21560235842236561  -0.021256457117175744
6210    0.057008930322687036  0.21357470266653941  -0.022926613451668468
6211    0.060163649999999999  0.2111605  -0.021652350000000001
6212    0.061310336980582546  0.20797631352225801  -0.023334049223487939
6213    0.062171167685010305  0.20514514543876397  -0.025113053485342072
6214    -0.11668106468628536  0.070610283383256409  -0.018938259142155561
6215    -0.11778891025578753  0.07429407733334642  -0.017200273331308233
6216    -0.12107313653635914  0.075264997763371089  -0.015658605681628312
6217    -0.10275713049479171  0.25806654802054374  -0.0075569995895523418
6218    0.0066464100000000002  0.25179200000000002  -0.0054466599999999999
6219    0.00080254899999999984  0.249167  -0.0090851649999999992
6220    0.0045967294924253521  0.25102611197882441  -0.0069831580426851772
6221    -0.003025551  0.25078600000000001  -0.0073751149999999998
6222    -0.0055212203030761227  0.2516068284155048  -0.005725782077809452
6223    -0.0062067755828144645  0.25343295936353227  -0.00016829592977925939
6224    0.011932868589971708  0.25223038862871211  -0.0042744819365640105
6225    0.04831804678175123  0.15547162400502867  -0.049103184565237476
6226    0.05071604845083403  0.1554536757571251  -0.047568094907635541
6227    -0.10009703516222593  0.25392457593614887  -0.0070360184577683681
6228    -0.10217856524739585  0.25491477401027185  -0.0078036947947761701
6229    -0.105142  0.25288050000000001  -0.0099095850000000003
6230    -0.10322399999999998  0.25446599999999997  -0.0086714299999999921
6231    -0.098071029630285564  0.25335954505908842  -0.004996480698779459
6232    -0.096752401931377408  0.25175791103166001  -0.0048386712405209097
6233    -0.1099415  0.25999549999999999  -0.010879085
6234    -0.11044351916147341  0.25772163019526473  -0.011491323528339396
6235    -0.11050750000000001  0.25235750000000001  -0.012140450000000001
6236    -0.11144800698243079  0.25003484472713483  -0.012594854418577772
6237    -0.10689320513939887  0.26122663288785847  -0.0084186819879251539
6238    0.089624110446512459  0.11460573353530938  -0.010037149256257682
6239    0.08411592666182445  0.12116785886037167  -0.005421417496128891
6240    0.087304968252178775  0.11811473564979326  -0.0079420731295342713
6241    -0.080225360657018824  0.095576981127805591  -0.021828868114078817
6242    -0.07919963448613325  0.0942459442745536  -0.023888569651626602
6243    0.060416482264387547  0.15516511717121073  -0.039455605506147615
6244    -0.030374936609526237  0.17111580478006055  -0.075206639482697193
6245    -0.028235899999999998  0.1685015  -0.075967350000000003
6246    -0.025620341741288105  0.16578623818621649  -0.076049200442154102
6247    -0.020859147412769778  0.16396664828952404  -0.075328528968783587
6248    -0.11989325117568921  0.27951906662954651  -0.0093481222956446688
6249    -0.12146068022668988  0.28206113595442894  -0.010907165420211973
6250    -0.069638246473330265  0.070208960840739243  -0.059695247155533503
6251    -0.072994498798612389  0.071874144723276578  -0.058405577208281073
6252    -0.026276462952921683  0.22233553933240879  -0.034501404853078114
6253    -0.11190870614708157  0.27894073433313621  -0.0047362593071826557
6254    -0.11176039462451297  0.2815056328309341  -0.0039925893161808015
6255    -0.11169131049175382  0.27714387345598818  -0.0060642207484299989
6256    -0.032370438635716543  0.23627266423760709  -0.018968289523744838
6257    -0.029947670657599016  0.23610180604353814  -0.020294940267147572
6258    -0.026567299999999999  0.2346345  -0.024814849999999999
6259    -0.05722465474650118  0.09182240864062037  -0.051178204196834769
6260    -0.05896125387322982  0.092604141765692968  -0.050164769252961559
6261    -0.054609817857485865  0.090771954766770496  -0.053050231719841863
6262    -0.0063875756408242387  0.23484637171361886  -0.025433396637747255
6263    -0.011063076726602431  0.23487267571816731  -0.026011868093743354
6264    -0.066414022189422176  0.23608491797727299  -0.01903874729619633
6265    -0.13319437834460213  0.22460066938513853  -0.018576438057759236
6266    -0.13571400132155315  0.22850188758309739  -0.016205865261071359
6267    -0.13463185330028707  0.22673046195455324  -0.017282782254851137
6268    -0.13304902060634111  0.22183501965405594  -0.020629250894330615
6269    -0.128382  0.21563399999999999  -0.025500799999999997
6270    -0.13344177926459477  0.21069623612050278  -0.024966465033217422
6271    -0.1136530351451315  0.28583024140730112  -0.0036593040659089848
6272    -0.1035745  0.073672899999999999  -0.022826100000000002
6273    -0.1095767227385081  0.070100229733848538  -0.021659883895997364
6274    -0.10131696732934369  0.073660776465543046  -0.023146380103536878
6275    0.016579099999999999  0.18694150000000001  -0.055139549999999996
6276    0.015835186533810369  0.1891203754174697  -0.051824503056224505
6277    0.019408000000000002  0.19047500000000001  -0.047623350000000002
6278    0.0229462  0.18963150000000001  -0.048297699999999999
6279    0.031439755374133807  0.18998706669049925  -0.045103059208214238
6280    -0.06521515  0.085824849999999994  -0.055716950000000001
6281    -0.064347849272720137  0.08412401966543076  -0.057041860955966195
6282    0.043502949999999999  0.22097749999999999  -0.026200649999999999
6283    0.045307821284938411  0.21792263705816245  -0.026398449977744574
6284    -0.11226047268272471  0.2375245520812021  -0.018471743899854245
6285    -0.11072582982423336  0.23699418602855321  -0.018971042626112804
6286    -0.10614238242797921  0.24187709168665902  -0.015478100700227735
6287    -0.10931817704976811  0.23549998675717987  -0.021251831596523888
6288    -0.11067325607446397  0.29995986925489021  -0.0028228115533566927
6289    -0.10877080576101217  0.29928144830280834  -0.0036477895848881204
6290    -0.11844550000000001  0.29326050000000004  -0.0017479729999999999
6291    -0.11981075751391145  0.29285351270198801  -0.0029023148178997605
6292    -0.122306  0.29395550000000004  -0.0041636099999999999
6293    -0.03085352022055899  0.22238854676290701  -0.03475144319011713
6294    -0.12463280504951639  0.2989748192167524  0.00072026278572776773
6295    -0.12871500000000002  0.30090549999999999  -0.0010537849999999998
6296    -0.13286658395004994  0.30488707786034386  -0.0020512956105631719
6297    -0.12610966612660743  0.29995580841565889  -0.00045182187121371904
6298    -0.12269878663130082  0.29962791871561711  0.0020263997941790506
6299    -0.034468748975321969  0.19289514971005167  -0.047765649920923185
6300    -0.03315455688923144  0.19576710198306907  -0.047258576336754961
6301    -0.025183751568669348  0.35280012664758603  -0.056221936836274994
6302    -0.022469810489506862  0.35646425024891654  -0.052436246150303373
6303    -0.024125755651477513  0.35669529565907782  -0.049676279488148373
6304    -0.025931998039778231  0.35722823754117605  -0.047866367256926182
6305    -0.024825300000000002  0.35555999999999999  -0.056539649999999997
6306    -0.0262282  0.34830949999999999  -0.055132849999999997
6307    -0.040480578988771623  0.18645720986203734  -0.059200595124255809
6308    -0.039356128687633878  0.19020688354638568  -0.04920518037030519
6309    -0.040025150000000002  0.18839600000000001  -0.053995100000000004
6310    -0.055952849999999998  0.070230299999999996  -0.058492450000000001
6311    -0.055820977680228243  0.06777304924718229  -0.058170312992101854
6312    -0.056197219946961745  0.072762390248965747  -0.058350961246974309
6313    -0.054236436761733786  0.076237564490998749  -0.057678377042441276
6314    -0.024332050000000001  0.35721599999999998  -0.0559271
6315    -0.10485359999999999  0.22455599999999998  -0.030879699999999996
6316    -0.098791295526561268  0.2234479589071667  -0.032210168245121316
6317    0.040845523707726435  0.17021696054570593  -0.050773229448730584
6318    0.038771758510575474  0.16653307301567705  -0.053360073292294495
6319    0.040490849999999995  0.16065499999999999  -0.052777550000000006
6320    0.030747099999999999  0.1813005  -0.050800600000000001
6321    0.033355153394500986  0.1814193774222421  -0.049001027922041321
6322    0.03694847537688277  0.18216265675091836  -0.048060552965600217
6323    0.028526878860839461  0.18132382916298662  -0.052358263600658969
6324    0.025948270521584736  0.20515255053344067  -0.038698968892493246
6325    0.030101980155459975  0.20757779358941195  -0.03619760405808771
6326    0.029175238085320628  0.20947282946155321  -0.036050866625033345
6327    0.026876308061277328  0.2105607119295787  -0.036820634961591665
6328    0.020986247438883866  0.2146241687232357  -0.037394688739207364
6329    0.01332268260284164  0.2144687935098428  -0.039415197717464483
6330    0.022346440835034422  0.2086894196336877  -0.038195550199998658
6331    -0.0035814671555512868  0.19771623445468664  -0.045094649279510679
6332    -0.0064621849999999996  0.196851  -0.046175800000000003
6333    -0.0062422745842570428  0.19784917298364885  -0.045288947609493042
6334    -0.00038243754115723037  0.23951530348130867  -0.021228566288878249
6335    0.0034969386257949217  0.2385147289022386  -0.022823175927352689
6336    0.0075814050000000003  0.1979515  -0.043155399999999997
6337    0.0088603762481754729  0.19552438293130403  -0.044495890100638445
6338    0.0081585423988963478  0.20142602980225865  -0.042358758137378529
6339    -0.060142307028744131  0.34175681126683766  -0.031553624456236988
6340    -0.062571200000000007  0.34711750000000002  -0.025425050000000001
6341    -0.057290326971774053  0.33846697203251735  -0.033749131064452403
6342    -0.054629960706040682  0.33587812076025386  -0.035794248671114456
6343    -0.053648067215249826  0.33356211914439921  -0.035978542846448698
6344    -0.051539508216697713  0.33071116796347116  -0.035980584012483594
6345    0.092327799788742754  0.14143018093802603  0.012468611023168378
6346    0.091094441679002866  0.14306687892342951  0.012056356785357868
6347    0.089800149999999995  0.14812049999999999  0.0098407949999999994
6348    0.090621025096431732  0.14506668560883559  0.011180393647044998
6349    -0.0088786991524524052  0.22320877982123941  -0.035351582434726095
6350    0.026605453378248326  0.24166787459215794  -0.016083980149380065
6351    -0.025260400000000002  0.195829  -0.046846200000000005
6352    -0.026443381536251524  0.19807463615153323  -0.046750748847050938
6353    -0.025722817488655125  0.19445829294382569  -0.047845960903257267
6354    -0.016788999999999998  0.19205749999999999  -0.055427500000000005
6355    -0.012223999999999999  0.19258799999999998  -0.054248400000000002
6356    -0.0145507  0.19345174999999998  -0.052491599999999999
6357    -0.0122682  0.19371699999999997  -0.051902050000000005
6358    -0.020725243020951151  0.19420964474208588  -0.048915310009082419
6359    -0.016236190098105875  0.19454920087351413  -0.049257019054803376
6360    -0.016124775994518638  0.19539193831727775  -0.048694788045938506
6361    -0.018988087997259318  0.19580196915863887  -0.048048194022969254
6362    -0.018480716559528515  0.19437942280780002  -0.049086164531942894
6363    -0.015929130829508871  0.19598805946963263  -0.047276550022423175
6364    -0.0180156  0.19855899999999999  -0.046707700000000005
6365    -0.031536550000000003  0.19049050000000001  -0.05439625
6366    -0.02861884790270515  0.19062424179432447  -0.055473383600794325
6367    -0.033852404846923478  0.18983994850465513  -0.054353241105183955
6368    -0.063603999999999994  0.22899049999999999  -0.026784699999999998
6369    -0.068258299999999994  0.22608249999999999  -0.029378099999999997
6370    -0.066262062713894496  0.22793022758289885  -0.027902713858695267
6371    -0.070452469559534131  0.22583161654619804  -0.030573856636771774
6372    -0.059756785514075629  0.23111510295535248  -0.024739674270403737
6373    -0.12689400000000001  0.33442950000000005  -0.118689
6374    -0.13105899999999998  0.3338565  -0.1126225
6375    -0.1239345  0.33144800000000002  -0.1194865
6376    -0.11968437681763626  0.33078269790253101  -0.11873361331432304
6377    -0.12210763251258631  0.33018196023116331  -0.11995929615308024
6378    -0.12055366584025581  0.33059498032612245  -0.11974811254814675
6379    -0.12136381625629317  0.3325254801155817  -0.12063014807654013
6380    -0.1205828266239642  0.3324738578721107  -0.12043076859265835
6381    -0.11936469213173402  0.33273690646546816  -0.11900915106741021
6382    -0.12227724999999999  0.33315850000000002  -0.12039375000000001
6383    -0.119201  0.33247599999999999  -0.1174065
6384    -0.11940581746830567  0.3340883361702699  -0.11635891479447918
6385    -0.16677321624888908  0.17015531249745441  -0.0024932420438930386
6386    -0.062674750000000001  0.16688799999999998  -0.054846900000000004
6387    -0.061010275211961479  0.16822160474728587  -0.056638842966985348
6388    -0.059379464979673058  0.17225202472403778  -0.057466453105390808
6389    -0.063835758640238674  0.1658991664136395  -0.053331268364953416
6390    -0.174565  0.1735835  0.026337399999999997
6391    -0.17503419087184821  0.17557346997021936  0.024421800859053322
6392    -0.13503244603745956  0.30350015252226659  -0.1002549385966628
6393    -0.16938768025488504  0.16618063884243953  0.03966885585164362
6394    -0.17166736081593517  0.17017327501947516  0.041109082905749668
6395    -0.16827349999999999  0.15996050000000001  0.036885799999999996
6396    -0.15964144184251483  0.16819236438496374  -0.012771842895254459
6397    -0.15780890931414593  0.16715106339340377  -0.01450128577652985
6398    -0.15620054402094913  0.16741068795904518  -0.017382098679567533
6399    -0.16141424647850078  0.1690236204235081  -0.01129045087362323
6400    -0.069044946598348603  0.1607126926510313  -0.045080431636821558
6401    -0.14873717871531619  0.29568220174886778  -0.03587212466430182
6402    -0.14621454941694462  0.30038215544401342  -0.036881966862973195
6403    -0.14782417684173352  0.29745541281010113  -0.036141090901772879
6404    -0.14877849999999998  0.294041  -0.033707550000000003
6405    -0.14858474999999999  0.29385450000000002  -0.035584975000000005
6406    -0.145903  0.29027400000000003  -0.034786650000000002
6407    -0.14355311712044128  0.28533714956518635  -0.030902640425415805
6408    -0.14889797964340218  0.29520664695366072  -0.033652437783654621
6409    -0.14795361288422848  0.29228302335708134  -0.033958300118143478
6410    -0.16729994525070219  0.16516490559237057  0.045446373656316402
6411    -0.16547064225654567  0.16273591812918084  0.047564982035227105
6412    -0.14629736544258523  0.16245941359894731  -0.027489944990072814
6413    -0.062721993195752973  0.15418310968501733  -0.059534351111310169
6414    -0.063999092401202273  0.15601386134294884  -0.056508589831039582
6415    -0.06483456493960392  0.15546104723883547  -0.053384155944577974
6416    -0.066765968917922969  0.15279703092802652  -0.05003618732427062
6417    -0.066813552185652755  0.15052906714098482  -0.049030697934442515
6418    -0.065911264524412108  0.15479205583257649  -0.051909787023460774
6419    -0.1666405  0.15861550000000002  0.010576250000000001
6420    -0.166393195849315  0.15513449059418949  0.011122253373824408
6421    0.042430750000000003  0.20478250000000001  -0.034456000000000001
6422    0.045268854780090059  0.20742343160740667  -0.032403320755752932
6423    0.049985919881922046  0.20767639044401201  -0.030759819245550029
6424    0.052784823182448704  0.20596272366016963  -0.030183938584649052
6425    0.040850134598188946  0.20325286626720446  -0.036599960831726779
6426    0.049785797191496291  0.19739137806981027  -0.036297506166411059
6427    -0.064040924744119529  0.14821155532764607  -0.055116280737275238
6428    -0.060777346158337443  0.14552770187557751  -0.060928218888895089
6429    -0.0039527154928612257  0.21271355306382747  -0.042036430687621286
6430    0.053492318880489831  0.18175265619554348  -0.041016567691510179
6431    -0.13775918932351158  0.29914605491235974  -0.092547028828673675
6432    -0.13613868834557388  0.29842294709814327  -0.091871063447790169
6433    -0.13718873384594141  0.3044199780962521  -0.096914839398680397
6434    -0.13681679174388722  0.30717791280593865  -0.096560345961372696
6435    -0.13618457191718331  0.3099109668324726  -0.099203254405551541
6436    -0.13483200000000001  0.3086565  -0.1038425
6437    -0.13468162658886351  0.31295827216228916  -0.10337371200178068
6438    -0.13234251155051502  0.31487537249420572  -0.10976721930689103
6439    -0.16385785520514817  0.28705848209220153  0.0085536944181042185
6440    -0.17174642501106896  0.28381040901727894  0.017451503119047522
6441    -0.065558749999999999  0.1349205  -0.037246149999999999
6442    -0.071782499999999999  0.137489  -0.0330453
6443    -0.069707672456410186  0.13661071037368633  -0.033163563186593775
6444    -0.17248458561247312  0.29169464740202855  0.019098021614483717
6445    -0.17190513830871232  0.29452797575142298  0.019917107796081475
6446    -0.14721899999999999  0.31544099999999997  -0.060355000000000006
6447    -0.14557523281400972  0.3133674392307369  -0.060743838341461666
6448    -0.15588050000000001  0.14598549999999999  -0.0015140150000000001
6449    -0.15670373039022326  0.14614168402428498  0.0010003837396102475
6450    -0.15710958995658722  0.14425366411989585  0.0038481585018108715
6451    -0.15917133191925137  0.14222500859263978  0.023185045745359359
6452    -0.15705329153834782  0.13936305744822342  0.023391121953931636
6453    -0.14987050000000002  0.135629  0.0074453650000000007
6454    -0.14813489945032926  0.13411029205320474  0.0064791227175077593
6455    -0.14671746775493036  0.13183955165999572  0.0066096500461181725
6456    -0.1511161716047171  0.13733358784538205  0.0085126030694138051
6457    -0.1539019917753611  0.13967401871321128  0.0077410383964314211
6458    -0.15471813619689975  0.14165963024555922  0.0045666516367957773
6459    -0.15089137912773509  0.14204662453944089  -0.0085634225070092707
6460    -0.15132088249588987  0.14346480536680156  -0.010105284880579581
6461    -0.035443450000000001  0.2157075  -0.038756250000000006
6462    -0.14971582651585172  0.33162180244587131  -0.084495795709728205
6463    -0.147121  0.13886399999999999  -0.0055945700000000001
6464    -0.14967849999999999  0.13923099999999999  -0.0031904349999999997
6465    -0.14967950000000002  0.140237  -0.0053760200000000005
6466    -0.13939086784249169  0.13456037632620735  -0.0072705489820526084
6467    -0.02928395  0.35999150000000002  -0.052551050000000002
6468    -0.030456152305078418  0.35734263729680643  -0.052429619307637051
6469    -0.087637400000000004  0.19855200000000001  -0.042110649999999999
6470    -0.08182033248509267  0.2042040009900716  -0.040705518171666649
6471    -0.089456792850023698  0.20331073951718892  -0.041241499768896947
6472    -0.093163392349915372  0.20508890486561071  -0.039687298670257221
6473    0.087223831354634976  0.13219019402485485  0.0020458927472765303
6474    0.089595688774966764  0.13187170145785956  0.0018805402416635464
6475    0.094129149999999995  0.13662199999999999  0.00610664
6476    0.094599804624513062  0.13414682824048083  0.0034611725607228009
6477    0.095130320479165059  0.13053225206296865  0.00026522770471828485
6478    0.095257494054899639  0.12754063894547765  -0.002189083243609708
6479    0.092370827284289372  0.12496094294826877  -0.0038850252414988243
6480    0.090669699999999992  0.13749549999999999  0.0070825999999999997
6481    0.08844574999999999  0.1388395  0.0046806549999999997
6482    0.089703995616853618  0.13850459749968333  0.0061163947579343514
6483    0.087398034993260015  0.1402970237756232  0.0024091154751693963
6484    0.085967700000000008  0.138826  -0.00074113499999999997
6485    0.084359749999999997  0.13332749999999999  -0.0025052350000000002
6486    -0.09871256973993521  0.3160489700574412  -0.0091121475024882829
6487    -0.099485749999999998  0.32206800000000002  -0.0046437149999999996
6488    -0.099352665285024219  0.32086050514895426  -0.0061451079158696314
6489    -0.099357095102027879  0.31817133847023188  -0.0077042749333971318
6490    -0.108153  0.31032499999999996  -0.00069505000000000001
6491    -0.10922020431483476  0.30898707922475172  -0.00043272576809373501
6492    -0.10663822663557211  0.31454653601561156  -0.00072874587485318885
6493    -0.10647690663978984  0.31614701746825102  0.00068715803602006648
6494    -0.072181566653104351  0.17161340154949845  -0.046749904426867772
6495    -0.062338409192366252  0.12637230641819139  -0.038969375310467853
6496    -0.074719646991983135  0.22947024451077566  -0.026938762117772026
6497    -0.14666048182514685  0.2964120484925804  -0.053446810831256776
6498    -0.14602673072575398  0.29759033521732742  -0.053544483262136247
6499    -0.14524209062465546  0.29961940630275585  -0.054684212545678339
6500    -0.14377727817063854  0.30291466365602704  -0.056051946056688881
6501    -0.14401030565692088  0.30602975973908714  -0.05519065886343133
6502    -0.046203259761453563  0.068298684747558097  -0.055622634147786412
6503    -0.048045900000000002  0.069897199999999993  -0.05637495
6504    -0.047786784923663297  0.068376796560062417  -0.055951280908877216
6505    -0.064319849999999998  0.12534200000000001  -0.032466000000000002
6506    -0.053090350000000001  0.12466099999999999  -0.059685000000000002
6507    -0.045149099999999998  0.32763049999999999  -0.036218299999999995
6508    -0.044383005034184603  0.33195374075141515  -0.038044195611701401
6509    -0.043956155207951222  0.32476287680921267  -0.034665691594981923
6510    -0.12561800000000001  0.32240650000000004  -0.116923
6511    -0.12874746666159467  0.32448173187319873  -0.11562176069903407
6512    -0.12948741998279878  0.32841159597870689  -0.11394918231284171
6513    -0.12749307771256588  0.32383509121795878  -0.11649465703751059
6514    -0.063799423068428174  0.11961397004673313  -0.028771188916840905
6515    -0.1547615  0.33652149999999997  -0.083025349999999998
6516    -0.15441212252634812  0.33761577808959098  -0.082034775081398795
6517    -0.15298612717668431  0.33928747820044419  -0.081676219426532706
6518    -0.088204950000000004  0.32209699999999997  -0.016656850000000001
6519    -0.087670346971250826  0.31913357745469068  -0.017816567296395181
6520    -0.083247600000000005  0.31746750000000001  -0.020515249999999999
6521    -0.078719750000000005  0.31911149999999999  -0.02308665
6522    -0.077381179336411657  0.32247994560163118  -0.024259097180626285
6523    -0.115034  0.12313350000000001  -0.011220049999999999
6524    -0.063924510470208834  0.1130616560714393  -0.02346750608311738
6525    -0.15388521610024636  0.33172152011106565  -0.080659248357112467
6526    -0.1553159506794263  0.33188786961706201  -0.078126721872944643
6527    -0.15490009629377458  0.33315812416105728  -0.076911231264350094
6528    -0.15255118421319078  0.33684741720017208  -0.075865128935079962
6529    -0.14987868775241003  0.338554776402746  -0.076008991691992336
6530    -0.1539024751702443  0.33501483723644704  -0.075763197196764415
6531    -0.15450712366454797  0.33420602322339865  -0.075976905835109576
6532    -0.15442819613513592  0.33209988424680659  -0.071950107576043712
6533    -0.11235584641657123  0.11264648720422561  0.02984322057012052
6534    -0.11395907666147601  0.11343742217365496  0.028691923350891935
6535    -0.11292477885432604  0.11311558544902919  0.025444973228859191
6536    -0.11941399999999999  0.115067  0.016736000000000001
6537    -0.12068553629736581  0.1157853013067363  0.01602936974262387
6538    -0.12431015802365288  0.11678461740882  0.015841655913138436
6539    -0.11710788636151483  0.11398067423305559  0.020697686974363007
6540    -0.044520000000000004  0.10106904999999999  -0.055974750000000004
6541    -0.047366914687842439  0.099023047277865581  -0.053927626219169147
6542    -0.051028799999999999  0.10158354999999999  -0.052333999999999999
6543    -0.12930010448914811  0.34350608469394028  -0.11779007060336404
6544    -0.14849430028103375  0.33579793070718283  -0.090040701265651182
6545    -0.14919202832792663  0.33471843620528496  -0.088082042577117686
6546    -0.062876550000000003  0.105293  -0.024015500000000002
6547    -0.062042663151600348  0.10574603704752736  -0.025635551215495579
6548    -0.060958858207853739  0.10502695157531611  -0.028370716744268023
6549    -0.060256906827692545  0.10193623949065396  -0.030606091093941676
6550    -0.054599628524379468  0.097061784271084819  -0.047137506514969382
6551    -0.16147690043211901  0.26379632788840979  -0.0042688641888710818
6552    -0.055693875417298859  0.23748775895372906  -0.01578611976329606
6553    -0.15360949635390844  0.32039873181990702  -0.061314832879551445
6554    -0.14745478485753097  0.2803762785017434  -0.011587963382543535
6555    -0.10985200000000001  0.1031866  -0.0034823150000000006
6556    -0.063230739408164399  0.096953253200205827  -0.034788602845652272
6557    -0.067151630087076072  0.095898456034443885  -0.032127726660171628
6558    -0.06408295  0.094402449999999999  -0.041984599999999997
6559    -0.068915712174106164  0.092694179981480385  -0.042590494227218945
6560    -0.073797359774087246  0.090544141620829494  -0.044642000443572027
6561    -0.072316855950958964  0.092430368383332837  -0.039251581825726821
6562    -0.1439965  0.31676199999999999  -0.069938299999999995
6563    -0.14291399999999999  0.31522850000000002  -0.073572399999999996
6564    -0.14113300000000001  0.31379000000000001  -0.077808550000000004
6565    -0.1059465  0.095877799999999999  0.069467000000000001
6566    -0.104947  0.095653650000000007  0.070068350000000001
6567    -0.10479037598613926  0.096147152873067715  0.070202473523355444
6568    -0.099769285470944907  0.10097687968350995  0.039783398951383109
6569    -0.098466735825176996  0.097849277346535243  0.035222441862061436
6570    -0.099299636017888604  0.098027663289440958  0.038384509120568053
6571    -0.099895434272900499  0.096243775628022013  0.039884813760068437
6572    -0.097914649999999992  0.099816800000000011  0.032259750000000004
6573    -0.098094274999999995  0.097291700000000009  0.032994625
6574    -0.098130781836455766  0.10043628408108665  0.033588470627532924
6575    0.027391974571034462  0.22313023688094005  -0.031748739803312477
6576    -0.15480169957119819  0.32510082301030852  -0.066388926443952945
6577    -0.15363749999999998  0.32872900000000005  -0.063455199999999989
6578    -0.15445699755162667  0.32672816778381686  -0.064543580114989188
6579    -0.15159320498848924  0.3305417622754801  -0.062295419874809521
6580    -0.14903908240928992  0.33262073694159244  -0.061014227009949226
6581    -0.10397733007547202  0.092347359545857141  0.046575936992722673
6582    -0.11260146739144916  0.087961053431043393  0.049046182165976129
6583    -0.11344971977437837  0.088862380562334531  0.052315471895886138
6584    -0.11464910062415998  0.090043483604174399  0.055027238073080811
6585    -0.1063485  0.08833160000000001  0.043910299999999999
6586    -0.10817499999999999  0.088728899999999999  0.046170349999999999
6587    -0.10920323369572457  0.089708926715521706  0.048326391082988064
6588    -0.14490349633308836  0.31913987665980681  -0.071760951715811927
6589    -0.1438146523136461  0.31779929767416765  -0.07194004940933546
6590    -0.11769499999999999  0.090616799999999997  0.061205700000000002
6591    -0.11773571166039146  0.091343711264316285  0.063964957126173019
6592    -0.12373400000000001  0.091096250000000004  0.0069081999999999998
6593    -0.13059000482695704  0.086741831164178954  0.0024967557807029001
6594    -0.12310685416494295  0.091639915847700773  0.0083966315413780742
6595    -0.12295634086487592  0.091508053800648817  0.011136586601130569
6596    -0.14653026658308116  0.30325675486794307  -0.039331866815434935
6597    -0.14597903663725623  0.29968382918354119  -0.04491823332101174
6598    -0.14518952399346241  0.30198406562971358  -0.044923659199145691
6599    -0.123042  0.085842950000000001  -0.0071400099999999996
6600    -0.12587299999999998  0.089600550000000001  0.0043472649999999995
6601    -0.092080872146840895  0.081835132971088118  -0.022643473904308545
6602    -0.15341850000000001  0.31818099999999999  -0.0539211
6603    -0.15070250000000002  0.32682050000000001  -0.052979600000000002
6604    -0.1533222905988639  0.32089824134204098  -0.052541707805544277
6605    -0.15199512395936535  0.32542954218078135  -0.052920066985499198
6606    -0.15391807665634233  0.31956720739395045  -0.05349055512829004
6607    -0.15318914406020659  0.31681300116098943  -0.054326564972995477
6608    -0.079790353723571031  0.072143378852285653  -0.054777291028542799
6609    -0.078928690094159523  0.075936990946250268  -0.054068697510183339
6610    -0.08004803690968583  0.077880424281868366  -0.052031051593101993
6611    -0.083960507719989697  0.073813556494794222  -0.050833468168521252
6612    -0.13589902002319729  0.32354020713658527  -0.10084155756022413
6613    -0.13437972746882268  0.32186685004462856  -0.10317898894419707
6614    -0.13673750000000001  0.32772650000000003  -0.099368899999999996
6615    -0.15341351799530833  0.32779616262140948  -0.075061566278603553
6616    -0.15049421924402667  0.32607849859015964  -0.074966719915994476
6617    -0.14970767876344904  0.32402218746980477  -0.07286999254519326
6618    -0.1239065  0.085254300000000005  0.057900050000000002
6619    -0.12587387611888809  0.083592922573520398  0.060000467963168325
6620    -0.12224629318004153  0.080680286875196225  0.048979829514901957
6621    -0.12307221105696797  0.079111479450401589  0.048766545540097093
6622    -0.11172569204477421  0.082325933842442425  0.040898670179940373
6623    -0.11291609723206368  0.083272068146436978  0.043297314279046657
6624    -0.11701011935011645  0.082273825071893056  0.045587093539530429
6625    -0.16436417142108342  0.25564014463266088  -0.0053791041974519229
6626    -0.16808842599861845  0.25472760803345307  -0.0022178191130385353
6627    -0.1613507381728802  0.25620488154870308  -0.0074486530105643822
6628    -0.085563621599804435  0.077267214011747881  -0.044494713948517242
6629    -0.084266857326588521  0.081237997267810474  -0.043603609943173097
6630    -0.087057049999999997  0.079579900000000009  -0.039733450000000003
6631    -0.087711045526899553  0.078886015196963671  -0.037444241647577696
6632    -0.088549732622930685  0.078182865968252524  -0.034613846634159944
6633    -0.086304931043220456  0.079770898160322498  -0.04129245830603448
6634    -0.14419499999999999  0.33074700000000001  -0.087355000000000002
6635    -0.14200814503923151  0.32863450753875229  -0.088560373177336157
6636    -0.1412725227249266  0.32569311428838915  -0.088234965398589646
6637    -0.084750500000000006  0.071533799999999995  -0.050458250000000003
6638    -0.085750899999999991  0.072963150000000004  -0.047580850000000001
6639    -0.085561512755965713  0.073440324971122267  -0.045783044826025569
6640    -0.079821461321619588  0.21946560345128965  -0.034305619538115201
6641    -0.076364416067112445  0.21775691447954726  -0.03557734538921542
6642    -0.072697640098450075  0.21817174337211986  -0.035721859580242848
6643    -0.081162500089338202  0.22192426436506738  -0.03239125235886986
6644    -0.076424542892213412  0.20573544863679491  -0.039913028696944956
6645    -0.13556853988082151  0.18445073576471646  -0.031839788161719527
6646    -0.13828588605289341  0.18351449053089092  -0.031469892940234556
6647    -0.14049438509089721  0.18398881132491696  -0.030565406213683293
6648    -0.14287721171814582  0.1789636084860054  -0.030061675112352883
6649    -0.14258091683020543  0.18672269410940001  -0.029028324295281873
6650    -0.14253000070989269  0.18973293361888288  -0.028625066713109472
6651    -0.047208336213767306  0.14739997177542244  0.099029591461091734
6652    -0.094158849999999988  0.17256150000000001  -0.04281045
6653    -0.09261839999999999  0.17606250000000001  -0.042916750000000004
6654    -0.088102638236010153  0.1798536278293103  -0.043162222744239892
6655    -0.090180350369104947  0.29257065756316264  -0.0085007481167240894
6656    -0.088014355258455954  0.29019441452705358  -0.0063698161016578223
6657    -0.088852755336038744  0.29150586834166098  -0.0079229306910262778
6658    -0.086695530490316364  0.28862497601691273  -0.0042378591518757447
6659    -0.085474461323538531  0.28821724889148964  -0.0021917876390107551
6660    -0.15479204655278489  0.23077674508088938  -0.010280046890212526
6661    -0.15012287028877486  0.22877572034379978  -0.011941992771660045
6662    -0.15279840376853801  0.22914299202165181  -0.011071092177222304
6663    -0.17199788829164522  0.23727122709139797  0.092937657545544089
6664    -0.16854958979704401  0.22437187580351839  0.090095152466725545
6665    -0.1680954622895704  0.22630585185687779  0.09223175752711564
6666    -0.11102056257459555  0.12169808500125674  0.055854944590313968
6667    -0.102635  0.11224200000000001  0.053263649999999996
6668    -0.10150304604802637  0.1155808388307015  0.05713532949829743
6669    -0.10294349999999999  0.1130375  0.050451300000000004
6670    -0.10581545275849703  0.11732263720583483  0.04920837391666126
6671    -0.10778599999999999  0.116586  0.046295599999999999
6672    -0.10494288463482482  0.11389316675440024  0.043293213523170462
6673    -0.10849149999999999  0.1148935  0.042393349999999996
6674    -0.11093978232235804  0.11433437215265974  0.039080734257510165
6675    -0.11060725686807088  0.11437869955296504  0.04087100998141658
6676    -0.10208243510411909  0.11018562609439232  0.045594205608433538
6677    -0.10314878890081332  0.11118796198749804  0.038820784164548552
6678    -0.10547942299042094  0.1083550444116687  0.021513472074880288
6679    -0.10525969559311528  0.10695172843392101  0.021329598438906479
6680    -0.10487131447516523  0.10556285366359887  0.022252948141112096
6681    -0.10313776452846796  0.105384651181295  0.024283971170362528
6682    -0.10230619816584044  0.10693787611337159  0.025223667885929515
6683    -0.10266800000000001  0.109308  0.026742099999999998
6684    -0.10394700000000001  0.10950699999999999  0.024745650000000001
6685    -0.10274682317341803  0.10801805135782901  0.025598142339459392
6686    -0.105629  0.1103705  0.026190499999999999
6687    -0.10679197598686165  0.11069448484228143  0.025752053953350465
6688    -0.10762648061414488  0.11069599200500038  0.025137530712265339
6689    -0.093282100000000007  0.119406  0.07134675
6690    -0.092173914729975687  0.11470378769966875  0.072422580353929247
6691    -0.090725480144188159  0.11290827309162554  0.074461922541943476
6692    -0.088586594015434894  0.11140765172905853  0.075653426435950327
6693    -0.07996215000000001  0.1094205  0.077968499999999996
6694    -0.073630350000000011  0.10896749999999999  0.077311400000000002
6695    -0.076807619385585321  0.10977010553951463  0.0782377746589666
6696    -0.070743424693407247  0.112889652627521  0.076699217796100005
6697    -0.08362642872091812  0.10914273642068302  0.077744740073271187
6698    -0.085805481478004278  0.10933031499263793  0.07695998413613872
6699    -0.14999649555771286  0.30177961801007142  -0.0081093012185523023
6700    -0.091110643197419003  0.33077854778340371  -0.006010894808194429
6701    -0.087491949999999999  0.3316675  -1.9329999999999911e-05
6702    -0.088355325072003901  0.33205970583670946  -0.0017493503814528396
6703    -0.08972222939809732  0.33139059905033968  -0.0035560972339556927
6704    -0.08620722604769776  0.33118611182364271  0.0021810429029504117
6705    -0.083582491918029661  0.33210296778300558  -0.016718931670380022
6706    -0.085051099999999991  0.32763750000000003  -0.017591499999999999
6707    -0.039998099999999995  0.188222  0.093163200000000002
6708    -0.03295915  0.1908125  0.094868750000000002
6709    -0.036048526315946225  0.19010568059255673  0.093759150292478277
6710    -0.041993602584411871  0.18857977078994692  0.089864120701663414
6711    -0.041351499999999999  0.19008599999999998  0.08843645
6712    -0.040861635028705212  0.18937011325513367  0.089490318639509611
6713    -0.039264452210119108  0.18947308741990962  0.091250829543165476
6714    -0.037153963157973112  0.19064634029627836  0.091195075146239146
6715    -0.041323537479342531  0.19218171364343573  0.087973170700142322
6716    -0.096384499999999998  0.10354949999999999  0.068199850000000006
6717    -0.097984799999999997  0.105735  0.065924850000000007
6718    -0.09964945321446457  0.10642051150805062  0.063492053646772406
6719    -0.10040879247992764  0.104555074413789  0.060644661060758366
6720    -0.10230549999999999  0.099674299999999993  0.057281349999999995
6721    -0.1017583292767944  0.10302079520891783  0.059280930551755165
6722    -0.099860713408579702  0.099637839599557673  0.065573847796541851
6723    -0.11321300000000001  0.098603449999999995  0.0091766199999999999
6724    -0.11178655742073543  0.099787004557951572  0.014220076070088784
6725    -0.047504219680794317  0.17768262539007787  0.098465896459491442
6726    -0.044161150000000003  0.17441950000000001  0.104571
6727    -0.16986600000000002  0.17226950000000002  0.048058450000000003
6728    -0.16893190145533904  0.17383397585950608  0.050784509783705432
6729    -0.17156558717993781  0.29168237437960931  0.056610372681255225
6730    -0.168528500065451  0.29505065259836849  0.055865352870029368
6731    -0.17014599997804736  0.29364240333310931  0.055850010988725732
6732    -0.17182250569607038  0.29437489821419788  0.051390818217359316
6733    -0.17432143352603163  0.29092461992702523  0.052729298158406969
6734    -0.17538557137444383  0.28902306503273983  0.053352970110148758
6735    -0.17366378568722191  0.28841453251636995  0.057204935055074374
6736    -0.1718102451860366  0.28501148385396813  0.06517069335146583
6737    -0.16336166902562052  0.27631515588257416  0.085496452179765509
6738    -0.15645939420174551  0.27883864477800074  0.088234849328859971
6739    -0.14731217064896282  0.15003605427734271  0.067549925324316307
6740    -0.10196941374969785  0.31644475416315571  0.011558449808998681
6741    -0.10150632840169684  0.31870571431760514  0.0089647173199244017
6742    -0.06488889642766496  0.092410446007844288  0.085735657197798631
6743    -0.066851910045120269  0.09225771826406727  0.083754685126474701
6744    -0.069216366875867213  0.090749879773286732  0.082816049453969282
6745    -0.071332113190631721  0.087712035225223278  0.083978794747125829
6746    -0.071304025946786281  0.086516509825633026  0.084824660068328533
6747    -0.070219972955276364  0.084907235776076062  0.087720707320033578
6748    -0.069211107445893899  0.084009233237557282  0.089181827118865187
6749    -0.107881  0.088730900000000001  0.029582200000000003
6750    -0.10486756121469187  0.091343545704158147  0.028619363033080381
6751    -0.1108335  0.085543800000000003  0.032291250000000001
6752    -0.17559580591642637  0.26088788551568814  0.078788000291811905
6753    -0.17495990295821318  0.26707544275784406  0.076045550145905944
6754    -0.17447777793808816  0.26133265737317879  0.081167010295402492
6755    -0.03666608345753615  0.19250779854458119  0.087601513797983033
6756    -0.16073214303907968  0.16992891757192083  0.062055839751782256
6757    -0.15237756722652243  0.16730500500638806  0.07230576514768719
6758    -0.1244555  0.085695799999999989  0.022280250000000001
6759    -0.12100623822431579  0.087794224520181485  0.021869539176344221
6760    -0.077756199999999998  0.16695300000000002  -0.042580750000000001
6761    -0.07635984869304753  0.16931443218293449  -0.042934222653868842
6762    -0.082342508991871816  0.17359520269798176  -0.042942361723120513
6763    -0.14425789563202615  0.29300122270621842  -0.059031145699116848
6764    -0.058272971392269148  0.091252210200896147  0.094331702510464646
6765    -0.05757886372710945  0.089799623956231908  0.096794377718833091
6766    -0.056314100000000006  0.082940349999999996  0.1007695
6767    -0.057933542154679912  0.083688428767375644  0.10000735709098763
6768    -0.058126809618552995  0.09305841453910442  0.091358590991897595
6769    -0.11150647544285258  0.093962798289222174  0.074842944883737897
6770    -0.11326712292557511  0.093954134856170851  0.071249384679128891
6771    -0.14923349999999999  0.18066650000000001  0.075463749999999996
6772    -0.14706449999999999  0.176094  0.077741850000000001
6773    -0.14581660333494442  0.17048921847771967  0.077626751984491885
6774    -0.15089029211406491  0.18101202323781532  0.07355243465970196
6775    -0.153393787086332  0.18641986193585455  0.069775633035327772
6776    -0.16688400131432909  0.26413546827465861  0.091730891001898046
6777    -0.16497409179100525  0.25513238477378375  0.09817667825262287
6778    -0.16528001690761127  0.25251350956944735  0.098431102845162488
6779    -0.16450291159133565  0.24756104897580278  0.098804775375640433
6780    -0.154228  0.20593650000000002  0.063772049999999997
6781    -0.15819897612814074  0.20104973578482274  0.061638122683404559
6782    -0.16155795223622438  0.20177420268187996  0.057656033574021437
6783    -0.1350575  0.08329410000000001  0.0093504899999999995
6784    -0.137457  0.080513350000000011  0.0051602850000000006
6785    -0.13707099612743326  0.081123669253062733  0.0068848120154444362
6786    -0.12014362207865813  0.087800866419083287  0.07919048351746652
6787    -0.12119006119178174  0.085603824949599103  0.079957319104900074
6788    -0.12574243071757957  0.067450769612545591  0.031943476850118703
6789    -0.14211699999999999  0.06916520000000001  0.0068322549999999998
6790    -0.14100000000000001  0.073115150000000004  0.0041391800000000001
6791    -0.13986843345373184  0.07578870191362444  0.0080103010841440728
6792    -0.05336422001609694  0.078400964337646387  0.10541163721945943
6793    -0.046395007803698068  0.075694961324794238  0.10596914393565174
6794    -0.048233470784189131  0.076121096482898901  0.10596563735686221
6795    -0.05287342619085638  0.073870109468836015  0.10556388354777305
6796    -0.053474102860328096  0.071651000010681407  0.10521476692841814
6797    -0.052806346820606087  0.07017701695178824  0.10365568101677738
6798    -0.060228499999999997  0.085739700000000002  0.097895249999999989
6799    -0.068185949999999995  0.07799615  0.094306100000000004
6800    -0.067946911077146399  0.076161493312361869  0.094711678577575023
6801    -0.066426299999999994  0.07347505  0.096195349999999999
6802    -0.067994606092487725  0.080373571186334494  0.093620452117734371
6803    -0.074398550000000008  0.079174450000000007  0.085358750000000011
6804    -0.073590313971842763  0.077717327542867018  0.086631897764837443
6805    -0.16304007995005293  0.15113885548434952  0.038566208875221511
6806    -0.16413319540950919  0.15414448127155231  0.04143221355405044
6807    -0.12689899999999998  0.069186849999999994  0.077900499999999998
6808    -0.12789677596550347  0.073022596830178504  0.077383096855970432
6809    -0.12755029819250122  0.070647883502108141  0.078323662287063042
6810    -0.12860151516612017  0.075922950615775114  0.073863004751409583
6811    -0.126918  0.077311199999999997  0.054904399999999999
6812    -0.12664158091624622  0.078208319784114855  0.054639877002939319
6813    -0.1259815  0.081089500000000009  0.055016449999999995
6814    -0.12641117284416173  0.079504394150348601  0.054273355052822582
6815    -0.1273185  0.075837650000000006  0.053783650000000002
6816    -0.13895767116088487  0.072973310178076234  0.019282837216790878
6817    -0.13623242775504346  0.067535483510054395  0.019369202582498336
6818    -0.13411042012122515  0.066410879466620387  0.017069514371718615
6819    -0.13140085295149437  0.066238204547932653  0.016465275799830262
6820    -0.13922209795525717  0.071099791898190906  0.019029599466512767
6821    -0.12072257484733641  0.071942516344990909  0.086640930218672765
6822    -0.13061213906173641  0.071033595269374597  0.068190694550549935
6823    -0.12960300000000002  0.070216000000000001  0.070857050000000005
6824    -0.13038792128135029  0.071408984592797001  0.070418669432408085
6825    -0.12733800000000001  0.068610649999999995  0.052218000000000001
6826    -0.12575468094842843  0.067562162870502818  0.052849832176211593
6827    -0.12190846136874661  0.067172047588580516  0.053226076241853555
6828    -0.12759786511372015  0.074501421762703343  0.051367121673397825
6829    -0.1481710560451536  0.29474787216136372  -0.040148956675716781
6830    -0.14805292062443257  0.29366501255338229  -0.040346456069319546
6831    -0.1456655  0.29166599999999998  -0.044116050000000004
6832    -0.14367530161905126  0.29046485394301574  -0.052564608044892588
6833    0.057769000000000001  0.23567399999999999  0.021326149999999999
6834    0.060659632640422075  0.23270282475123794  0.022449542148168231
6835    0.030752726558970551  0.25187380400565201  0.010472728526727837
6836    0.094404110912263098  0.14300611670735047  0.029993879841903177
6837    0.093096672564285082  0.14399422532172251  0.027670091133006114
6838    0.092693986282142538  0.14404061266086127  0.029738745566503057
6839    0.092719512782355615  0.14497430970511341  0.027321553053065554
6840    0.091994183163887869  0.14585911542947808  0.029092048737044938
6841    0.091471732310504442  0.1459850558057639  0.026668412253457223
6842    0.091084200000000004  0.1479385  0.028348100000000001
6843    0.090808955765153146  0.15026409420393749  0.031221040394653381
6844    0.090754716193966467  0.14929220286624245  0.03377174272429001
6845    0.10736189393901285  0.13773487738423626  0.0444066595201607
6846    -0.055500808552712104  0.35442502577941831  -0.023039374369718361
6847    -0.05410585489216755  0.35427625277355212  -0.015844321745278701
6848    -0.055754261516666605  0.35472538074700205  -0.020186823868688905
6849    -0.05364944513289855  0.355836507993954  -0.018441244357229325
6850    -0.0534178807583333  0.356411190373501  -0.020883411934344454
6851    -0.052720935607212381  0.35665384958488672  -0.019576145752036086
6852    -0.053291154276356063  0.35626101288970913  -0.022309687184859182
6853    -0.055272993818617701  0.35440093794576355  -0.024502654350245418
6854    -0.052936938316277507  0.35622356010967648  -0.024584856634396832
6855    -0.044577726176050131  0.35378975553377623  -0.023394221397696334
6856    -0.051690071496407156  0.3561435430779224  -0.026734927155500639
6857    -0.045887713457202252  0.3514404261665367  -0.022815078480157472
6858    -0.046636735702666514  0.34621945600566312  -0.024655647571244246
6859    -0.045755803289626092  0.34478949040669937  -0.025640920998883539
6860    -0.045076449999999997  0.33884550000000002  -0.026020599999999998
6861    -0.17812590933053898  0.2281115104743629  0.083228439199678372
6862    0.039299349999999997  0.24125649999999998  -0.0067939000000000003
6863    0.045332166787870949  0.23969197320305738  -0.0024348481023430601
6864    0.052837868453429651  0.23540501866718733  0.0007994066302899356
6865    0.058842149999999996  0.23304550000000002  0.00734894
6866    0.048625421075301073  0.23841100230515547  -0.0007974702744312093
6867    0.042199030931040687  0.24118228857967361  -0.0040220638896602181
6868    -0.087944700000000001  0.25546749999999996  0.0345156
6869    -0.087127746932270309  0.25317608845682182  0.036433079520152754
6870    -0.087217758173836785  0.2500185529862255  0.039032630241930169
6871    0.097975548710059618  0.14404638870148909  0.027942512728516864
6872    0.096652215773781289  0.1436805666567198  0.025311063024441024
6873    0.10335650657413857  0.14344103048911394  0.021447573903700411
6874    0.1079775  0.14316050000000002  0.025148049999999998
6875    0.112983  0.1404185  0.025869049999999998
6876    0.1051272973306021  0.143653884916526  0.024404357636388666
6877    0.10076679819827133  0.14322235061969149  0.020383076567074235
6878    0.10015889654854701  0.14326000045357049  0.019769998174473731
6879    0.093993386835675069  0.14263764503725887  0.020328279700169455
6880    0.094373243417837538  0.14147632251862943  0.015937839850084727
6881    0.098596914181055456  0.14140289192855152  0.013740686754122565
6882    -0.14748889031099366  0.30769794419811325  -0.011801737558390179
6883    -0.14916589896783633  0.30657599634126298  -0.012937057480502962
6884    -0.03925488240409377  0.3652450712406019  -0.035747932970062388
6885    -0.1078775  0.30673550000000005  0.019570549999999999
6886    -0.17643842042228045  0.22236010802686249  0.071353853681434945
6887    0.064505847864335039  0.22798571672096277  0.011379613964909017
6888    0.066498361843407724  0.22610087518254576  0.014435918768852602
6889    -0.10646249148486056  0.29955224928944602  0.04406831219519218
6890    -0.15427299999999999  0.17821599999999999  -0.020420750000000001
6891    -0.15923112600499709  0.18179542252485981  -0.015975784558124397
6892    -0.15853408558483226  0.179590702276266  -0.016919396859335214
6893    -0.15588513697275763  0.18087956331671204  -0.019763964051693329
6894    -0.14244264771208909  0.3377364065674538  -0.068880165740054539
6895    -0.13864850830903172  0.33718700447328404  -0.069797239219830748
6896    -0.09507939639532792  0.24938119307779688  -0.008286754550425296
6897    -0.1007361  0.24840299999999998  -0.0098573199999999993
6898    -0.10203672282025203  0.24912414327447319  -0.010091362847966986
6899    -0.13119350000000002  0.3329915  -0.069208099999999995
6900    -0.15934699999999999  0.2991415  0.010133929999999999
6901    -0.1573697046112493  0.30098095975346295  0.013769191125996592
6902    -0.083007504950434755  0.24664120067605416  0.038605696573600218
6903    -0.084186782356759374  0.24780194329237878  0.037159891806964912
6904    -0.13592487339182058  0.30071331550090852  0.064268634933913299
6905    -0.13351550000000001  0.31764049999999999  -0.10525414999999999
6906    -0.13212574999999999  0.31870874999999999  -0.109077575
6907    -0.17185573424339248  0.18156093315638053  0.011437360271719644
6908    -0.17190230224368722  0.17833434231829715  0.0098630742959758561
6909    -0.17107749999999999  0.17804599999999998  0.0070494100000000007
6910    -0.17092886176162447  0.18412531175325761  0.0073234706085336543
6911    -0.12175849999999999  0.30284849999999996  0.056008050000000004
6912    -0.11793206184911861  0.3012201029437368  0.059416231884265813
6913    -0.1114165  0.29333100000000001  0.060940450000000007
6914    -0.11188200910589562  0.29585585156843969  0.062483909225726685
6915    -0.15074029524168006  0.34841462783540195  -0.095097232514514712
6916    -0.15327795476145065  0.34508213228880619  -0.095608667861354732
6917    -0.15226403223913129  0.34678742287279113  -0.094690774452131005
6918    -0.11888799999999999  0.30521799999999999  0.025918799999999999
6919    -0.121071  0.30531149999999996  0.022631449999999997
6920    -0.1199025  0.30439450000000001  0.01542605
6921    -0.12443671995082617  0.30420182597295919  0.015083426001616856
6922    -0.12205799446327004  0.30502959984558609  0.020321310259113708
6923    -0.11623510195818751  0.30485948598006934  0.023514671122498415
6924    -0.12897134594391083  0.33480665972261298  -0.081904565310202973
6925    -0.16180650000000002  0.30138399999999999  0.022597350000000002
6926    -0.094312355053171107  0.26139877057784788  0.045024513294223821
6927    -0.094551999999999997  0.26375150000000003  0.040469450000000004
6928    -0.093797275565152119  0.2646433384307601  0.036644252330243661
6929    -0.092204319798378606  0.26268690930100108  0.03310529200992797
6930    -0.13724591929112834  0.30602159403095852  0.043283797175796231
6931    -0.13274816755798144  0.30598899929597484  0.041659455115847233
6932    -0.052752199999999999  0.2379135  0.050605999999999998
6933    -0.1387535  0.35118700000000003  -0.098931450000000004
6934    -0.142375  0.34733000000000003  -0.1059445
6935    -0.14067123847751653  0.34683394281302166  -0.10722687210252919
6936    -0.137964  0.34933500000000001  -0.1115905
6937    -0.13794239869176231  0.3539571208993097  -0.11128411049615784
6938    -0.13723468850090892  0.35122735483475731  -0.11220986158283659
6939    -0.13599050000000001  0.34360849999999998  -0.1095375
6940    -0.13449957281761868  0.34214269889835008  -0.11079413346759336
6941    -0.088773193191968719  0.25037597872263112  -0.0043358758173790051
6942    -0.085872486513062909  0.24999281507519813  -0.0041647803052184918
6943    -0.080658927867317667  0.24919831735916648  -0.004826074447039341
6944    -0.077638523078360319  0.24774788015951638  -0.0077155460377199428
6945    -0.085960360177015221  0.25262812329786521  0.009091918422791341
6946    -0.080998710156733711  0.25187174746055552  0.0095274931528506069
6947    -0.12867800000000001  0.35280849999999997  -0.11160249999999999
6948    -0.12892500000000001  0.35300900000000002  -0.11455899999999999
6949    -0.12941945105101438  0.3532642148510774  -0.11601675438448231
6950    -0.16141658098663789  0.27396582652138413  0.00055001866300276921
6951    -0.15910828212566336  0.27554960565915082  -0.0028015724613835876
6952    -0.16355649999999999  0.275613  0.0032926549999999998
6953    -0.16216589534660533  0.27626939160869501  0.0026001983738810838
6954    -0.16603565521249511  0.27585795975943211  0.0053131927968738269
6955    -0.174177  0.1879895  0.038567499999999998
6956    -0.17382192546113331  0.18589648690497074  0.015673357179772335
6957    -0.17362941942985202  0.18284407628650559  0.019147250021991698
6958    -0.17437320971492601  0.18449753814325281  0.025644025010995847
6959    -0.17503054173697258  0.19069935295843599  0.023832390698075828
6960    -0.17475376043277305  0.18712129181325243  0.025475829169488113
6961    -0.1744981162063331  0.19647991412543328  0.024621376947724091
6962    -0.17541040975320599  0.18158237088141069  0.027187338175059833
6963    -0.17418508173666283  0.18059313454045517  0.018981853439718078
6964    -0.17467846560040667  0.1769710696897539  0.018951877747948247
6965    -0.13200050000000002  0.2754895  -0.015909
6966    -0.14079278232154399  0.12412173311969969  0.030642132072828478
6967    -0.17579349999999999  0.26721149999999999  0.0700678
6968    -0.17548924999999999  0.27090375  0.068465150000000002
6969    -0.17598608740125976  0.26590620369887985  0.067977313024702113
6970    -0.14345249999999998  0.32343149999999998  -0.079853449999999992
6971    -0.14527015350546402  0.32429778556276401  -0.078387983874064648
6972    -0.16084785923456069  0.21043429835263525  0.054348169602788071
6973    -0.1617409704099021  0.20709935982299882  0.054722288207876786
6974    -0.16116990044372551  0.20892869880954984  0.054790422728568655
6975    -0.16242400000000001  0.21214149999999998  0.052135299999999996
6976    -0.16226620595847213  0.21059664999021505  0.052251112750016204
6977    -0.16259048313546698  0.21343215334957749  0.052014815242468072
6978    -0.16510124911962865  0.19568201644411115  -0.0036843136496209059
6979    -0.16670591991723377  0.19521441520682672  -0.00046510771164830818
6980    -0.16796146042303925  0.19534014564790975  0.0017549672292964365
6981    -0.09564938073450853  0.28171581816238345  0.011239629684480407
6982    -0.096537334270266326  0.27981751282164785  0.011759402913922801
6983    0.077367722183581386  0.15237187279558398  -0.01922457039254168
6984    0.077816852343660745  0.15048045224415388  -0.018253504643065795
6985    0.077900344424591109  0.14876546675956781  -0.018148323130080978
6986    -0.072158721589548405  0.29500087148019322  -0.0035621398945990782
6987    -0.17979882286268672  0.24840037691192662  0.070517109009300791
6988    -0.1789984192088854  0.25286718674686642  0.068618700056164356
6989    -0.17728738329442978  0.2564854088135925  0.070008250272652769
6990    -0.17839325641241605  0.27335420507600383  0.037505460713235288
6991    -0.17086282658763274  0.19834765673203397  0.011334038063697727
6992    -0.15986770362894676  0.22070955480062568  0.09074098199086103
6993    -0.15900477250972997  0.22295083452626505  0.091735223170091459
6994    -0.097403983201876029  0.27800271045147157  0.010825897753815214
6995    -0.097058714018766368  0.27605089020435869  0.012215465335686146
6996    -0.18295649999999999  0.24301700000000001  0.052554450000000003
6997    -0.18287086555728646  0.24805733446113873  0.05081883212106178
6998    0.067369700000000005  0.1431405  -0.030687249999999999
6999    0.068550825600756773  0.14117836315380877  -0.029656261571598095
7000    0.071420601548557672  0.13964157870090946  -0.026858305745903095
7001    -0.17466764628750681  0.26549676126217842  0.054953255979629127
7002    -0.17594126252016545  0.26458825405560155  0.050016991752819859
7003    -0.17934970296677519  0.26020704182235882  0.04421128312550815
7004    -0.14858212146148508  0.21825043878961783  -0.012753779639946877
7005    -0.14543914568421021  0.22170640233725633  -0.013118004464066725
7006    -0.15333750000000002  0.220166  -0.0062082099999999996
7007    -0.15559552695890061  0.22261766785885775  -0.0059976258327077781
7008    -0.15328913570808522  0.21801842938288202  -0.0066158052935556726
7009    -0.14799099999999998  0.28684300000000001  -0.0176077
7010    -0.14955102129634515  0.29037070006920634  -0.018832729419960691
7011    -0.14845262690185437  0.2886163971539259  -0.019582572692105796
7012    -0.14761757019741792  0.28816214474881463  -0.020634652843568645
7013    -0.14641940440828108  0.28598808670655801  -0.019587738624191178
7014    -0.14731310728519412  0.28909145423005717  -0.02387259329532207
7015    -0.14904068596710845  0.29191629346020892  -0.02458985298502896
7016    -0.1484603097465447  0.29071306547145542  -0.02483097581353913
7017    -0.1491531868733923  0.29372331146095665  -0.024075867959048071
7018    -0.15212261189004356  0.29078746741003608  -0.0088019736723394353
7019    -0.05572432380863359  0.24253660447304143  -0.0020192988875129513
7020    -0.059147658974383038  0.2429614364451517  -0.0019109084640994414
7021    -0.052648149999999998  0.2414335  -0.0064253464999999999
7022    -0.05475525401545419  0.24120353546950141  -0.0064696291024982314
7023    -0.17506057239904596  0.27186356541879197  0.051410573123972583
7024    -0.17609080375189423  0.27421123123244151  0.05408588503953337
7025    0.060860450000000003  0.14252700000000001  -0.038774349999999999
7026    0.058783293760886  0.14353241114963716  -0.041751977024177218
7027    0.056852568150673508  0.1464329435100119  -0.04369483824280436
7028    -0.16634705797592508  0.21160585493124012  0.043691061818997588
7029    -0.16642170541333343  0.21323574045724306  0.043798241971009746
7030    -0.16844300000000001  0.214643  0.039768700000000004
7031    -0.16767534606801549  0.21306512833703814  0.039915941670017843
7032    -0.16763423668882868  0.21216752777035061  0.039856916073649919
7033    -0.10280540939462759  0.27489435841240528  0.045404437456313902
7034    0.1078325  0.14064950000000001  0.014209835000000001
7035    0.11051602842462092  0.1397455197282893  0.015556505403083629
7036    -0.14075712921418812  0.28937632529649238  -0.059244853998964751
7037    -0.14047806460709406  0.29007516264824618  -0.064202326999482376
7038    -0.137379  0.29000700000000001  -0.065352049999999995
7039    -0.14163899999999999  0.29075450000000003  -0.064356799999999992
7040    0.053692299999999998  0.13232949999999999  -0.043803500000000002
7041    -0.1268712802422525  0.33610510348602307  -0.090178400334855705
7042    -0.12289216039290683  0.3298474578023366  -0.09138327811139145
7043    -0.17091744912113421  0.21631592332814861  0.022956345132014274
7044    -0.17384694348287139  0.21845076191873675  0.024838146042218602
7045    -0.17445353150723314  0.21832967478746459  0.027660011142220726
7046    -0.16967206741112473  0.21434740346970629  0.022584988935787451
7047    -0.17005705026005236  0.21413237003079399  0.031939164487070335
7048    -0.17096902449951373  0.21610559782214414  0.032478738400485707
7049    -0.16930051203016389  0.21303831362388337  0.031599404288739599
7050    -0.16946694772303811  0.21185170593022831  0.031747599137737788
7051    -0.16990299834974312  0.20925278558792054  0.031520170447402678
7052    -0.17132876524263366  0.20710572703719843  0.028767589689986314
7053    -0.15582099999999999  0.2863195  -0.0034753850000000001
7054    -0.15719375973821806  0.28812928155492928  -0.0019261269218185891
7055    -0.1814311279726076  0.25508320709833032  0.03040739072735971
7056    -0.18082694263621304  0.25783177082361319  0.028738800361381368
7057    0.083149454200421996  0.12727760042748626  -0.0039217489490278581
7058    0.11829049999999999  0.13079450000000001  0.02614665
7059    -0.10421739870363257  0.29567483090621605  0.042838977787603524
7060    -0.1298755  0.1218805  0.043287950000000006
7061    -0.13355077471580806  0.1239165053567278  0.043585720213966714
7062    -0.13651920109857685  0.12528375453296242  0.043323907220064482
7063    0.047704049999999998  0.10802100000000001  -0.045915750000000005
7064    0.048670000000000005  0.10545199999999999  -0.043081999999999995
7065    0.052364411200815128  0.11581541467940336  -0.043699595594442781
7066    0.073155849999999994  0.12425849999999999  -0.022896800000000002
7067    0.075029232924421041  0.12732732048860224  -0.020871426270149897
7068    0.079475400000000002  0.117781  -0.0076449299999999994
7069    0.078754341844009756  0.11912326204977962  -0.0087031711529245697
7070    0.11574132990284376  0.13255186901380933  0.014272940982411556
7071    0.11754431309953246  0.12837654925285896  0.017166771741479441
7072    -0.17736499999999999  0.25801750000000001  0.013473279999999999
7073    -0.17637980235840148  0.25351775876681892  0.0098380032475006637
7074    -0.17737267295044248  0.26054864350720003  0.015388715212937895
7075    -0.18048400000000001  0.24848999999999999  0.017884150000000001
7076    0.11381849999999999  0.1240965  0.0065410399999999997
7077    0.11220128552390182  0.12410984063500659  0.0040253921720161054
7078    0.10936697727498504  0.12188705596799965  0.0016863668154393704
7079    0.069957700000000012  0.1096785  -0.0174973
7080    0.07182360555354346  0.11111596099875923  -0.015805639418167389
7081    0.068204462087562978  0.10852790942202602  -0.018680630826194596
7082    0.10497032243664224  0.12061469824521265  -0.0039612969767635299
7083    0.10252211087329818  0.12091959774849209  -0.0051068574462538215
7084    -0.16095557889445608  0.19871075405405067  -0.0098247196266283698
7085    -0.16173126325411685  0.19365894650153176  -0.010175829095950868
7086    -0.14808808469086626  0.29544976678014406  -0.019033424091225336
7087    -0.12418479606122167  0.31869408568050173  -0.048628771201288126
7088    -0.052786061652657992  0.21025806801070182  -0.042052424514769357
7089    -0.046104022036603853  0.20692774069391726  -0.044132565428436181
7090    -0.050574261596270417  0.2082565159669385  -0.04344961501376185
7091    -0.09344612235716282  0.26285971836626737  0.016257914111836028
7092    -0.0078344350000000007  0.19576549999999998  -0.046995099999999998
7093    0.046958525868720728  0.099890902342192667  -0.043800804828193353
7094    -0.076413859272712922  0.065882180807314991  -0.054749925302620114
7095    -0.078557765095101748  0.066254794338814219  -0.055322236126000179
7096    -0.12264749999999999  0.29858249999999997  -0.057948449999999999
7097    -0.12522274000604519  0.2955046081187207  -0.060447023569292879
7098    -0.12160745502981764  0.30104007047010295  -0.056612758359698007
7099    -0.088495050000000006  0.28578099999999995  0.0054508049999999995
7100    -0.088665879424683375  0.28639441387224518  0.0084437638050841538
7101    -0.1007627125958654  0.28345891232961096  0.029817301753620087
7102    -0.099161150000000003  0.28759100000000004  0.025075300000000002
7103    0.1086775  0.111918  0.00029782500000000069
7104    0.11157049999999999  0.10925850000000001  0.0063710099999999999
7105    0.113773  0.107907  0.01280065
7106    0.11294754246318489  0.10879980562659244  0.009250622070711232
7107    0.11510525534003087  0.10998255230630298  0.016185426363512261
7108    -0.03044065  0.31491249999999998  -0.024407850000000002
7109    -0.029483876869150487  0.31541160284952552  -0.022544327388768843
7110    -0.028849813246605432  0.31548619585499943  -0.021533926003987847
7111    0.09514197899260482  0.099303803053034531  -0.0072424264196172053
7112    0.093412682810901357  0.10082427306447259  -0.0090446269417157766
7113    0.076614799999999997  0.17471049999999999  -0.024343199999999999
7114    0.072092149999999994  0.18280200000000002  -0.024399199999999999
7115    0.074446178967774237  0.17902200083036077  -0.02461687345632764
7116    0.10043515  0.092969399999999994  0.0043502100000000002
7117    0.10076915  0.090493500000000004  0.011434505000000001
7118    0.10151307811364335  0.092193127048894027  0.0074145480675022668
7119    0.10310045884436299  0.091952674115585775  0.014560065705983614
7120    0.10501168961007282  0.093004936872299104  0.016692866756270155
7121    0.099341893926283412  0.093659070724682908  0.0018037033707254072
7122    0.099390021981378099  0.096780008929358327  -0.0018322326669767018
7123    0.10620558592062347  0.094156232048822425  0.03531591404748307
7124    0.1047526394402748  0.093701356338021832  0.039410950995807451
7125    0.10551140000000001  0.09786135  0.044384699999999999
7126    0.10005140000000001  0.097662849999999995  0.050442100000000004
7127    0.1022113261986226  0.09830022815237778  0.048920145438577547
7128    0.10768314099287458  0.10426716346064112  0.048362458139290868
7129    0.10501473214789084  0.095000796593438214  0.041501897149478273
7130    0.105217  0.092500699999999991  0.030634099999999997
7131    0.10732949999999999  0.094600849999999986  0.032405749999999997
7132    0.1041723139262766  0.091872487330744448  0.032108161399367806
7133    0.099371579801192614  0.088193299894635785  0.033829560117909524
7134    0.096656646996815948  0.085771312829114432  0.031871652685436458
7135    -0.12102250000000001  0.33916550000000001  -0.1210335
7136    -0.11953707834395506  0.33938181420467545  -0.11943150890844358
7137    -0.11998800000000001  0.34059899999999999  -0.117619
7138    -0.1221685  0.34629949999999998  -0.11821950000000001
7139    -0.12033764281051057  0.34244585912977171  -0.1169812318918467
7140    -0.12150726675189763  0.34598284499542664  -0.11745257620202137
7141    -0.12482646667537294  0.34508361215718159  -0.11982299458219572
7142    -0.12306360033031953  0.34678444559513294  -0.11959758013759679
7143    -0.12016800524078372  0.3394558870334054  -0.12020049102103862
7144    -0.16247779545694202  0.2071085968574517  -0.0024089227390401936
7145    -0.16046825617595309  0.20617230716563714  -0.0067044793460054111
7146    -0.17587363832457092  0.24470181803479205  0.0097496778968203281
7147    -0.17455639496212169  0.24398803211557346  0.0067688644984943936
7148    0.051811349999999999  0.083292499999999992  -0.011105460000000001
7149    0.050007953466126479  0.08458897292777412  -0.013568393039421941
7150    0.047990699999999997  0.083877750000000001  -0.015413050000000001
7151    0.048553695694025567  0.083498591449896756  -0.013804535082816484
7152    0.09188168966216094  0.088462010702728536  0.0011875060970330277
7153    0.051633380000310224  0.07943473488404261  0.064253376277623522
7154    0.043018509090733827  0.083903337042889312  -0.028755239694958922
7155    0.043374404732390445  0.085748997258458248  -0.031521391409818418
7156    0.0407029  0.081842999999999999  -0.033571500000000004
7157    0.039140928671969416  0.07987049762196792  -0.035115975619096455
7158    0.036367966672904213  0.080838302485817956  -0.040409651481581474
7159    0.034170207319177373  0.081593421230288246  -0.042880157392029175
7160    0.035329579031604198  0.080798534450191528  -0.041793542918399207
7161    0.033135839969099051  0.077206234538473681  -0.040913694166773491
7162    0.031044944438427306  0.078639791350391466  -0.042873373984836614
7163    0.046301642072040912  0.086222971682964972  -0.025956566010219562
7164    -0.10137196990147855  0.27798430797647217  0.0011639785715712564
7165    -0.098154199999999997  0.27047750000000004  0.0062844900000000002
7166    0.0440785  0.081129449999999992  -0.017759150000000001
7167    0.041871384955455192  0.079611494596289217  -0.020756059784136433
7168    0.04507413469442785  0.08233539746164846  -0.017300671361506724
7169    0.091827461383732614  0.085191634621090875  0.0060548316849048101
7170    0.092559714537895382  0.085035710691331978  0.008629347611183601
7171    0.04383862314419508  0.072430111321916069  -0.005456805005968058
7172    0.091272433295177605  0.082708574689947648  0.014363246016419123
7173    0.090042134678397182  0.081440627584790634  0.019285912499391419
7174    0.035255300000000003  0.068626549999999995  -0.013933350000000001
7175    0.039058614953602681  0.0708572342073229  -0.011328326513312531
7176    0.040309237649883534  0.073044681763379651  -0.012425551172546921
7177    0.042822349999999995  0.075706649999999986  -0.010765759999999999
7178    0.04575245  0.077231999999999995  -0.01060519
7179    0.046921781873735781  0.078588118191319889  -0.011270607285578833
7180    -0.087535250000000009  0.24108200000000002  0.048036700000000002
7181    -0.089340368688774208  0.2443640877554806  0.047866414893079828
7182    -0.089739334344387106  0.24142804387774031  0.050055607446539918
7183    -0.091877151786147845  0.23773594114141536  0.05418614516203743
7184    -0.090148950000000005  0.24190449999999999  0.050856700000000005
7185    -0.088421246751230059  0.24020044506033852  0.049469005537293248
7186    -0.18162149999999999  0.23104999999999998  0.073386199999999999
7187    -0.18238615552329832  0.23527497589987201  0.072592993711525319
7188    -0.01972115  0.32790949999999996  -0.035502850000000002
7189    -0.019688421341624521  0.32649066264186138  -0.035692652629404124
7190    -0.020972696074622352  0.32378127015015501  -0.036003415393033117
7191    -0.022236064473597481  0.32247431772650914  -0.036589735826397421
7192    0.085000139317439882  0.16908315956969397  -0.0092601975644345906
7193    0.042918200000000004  0.20088449999999999  0.0850355
7194    0.050924400000000002  0.17720150000000001  0.090677250000000001
7195    0.047615600000000001  0.1739155  0.093170450000000002
7196    0.047076660476593174  0.16901775708795228  0.094306646888567131
7197    0.053153825268989451  0.18079025513913616  0.087734300774042984
7198    -0.063098849999999998  0.299514  -0.0056268150000000003
7199    -0.063094345325775347  0.30030853629527898  -0.0031981033156164552
7200    -0.064711546408904891  0.29919569752993741  -0.0077819510530943367
7201    -0.13387543327489099  0.21810126844721647  0.082389545700303268
7202    -0.13039403905131269  0.21769801608278658  0.075397520925490277
7203    0.05456855  0.2172355  0.069105200000000006
7204    0.048062029925294292  0.21601467123960932  0.072701581419803804
7205    0.050099177226197736  0.22108027444206504  0.067958117958194411
7206    0.064029678330484605  0.16761962078546122  0.082764599758768737
7207    0.059340757612770093  0.15901871578933655  0.085569171123894311
7208    0.060498484827337398  0.15618172924789447  0.084908900457857747
7209    0.058790449999999994  0.1521265  0.08599685
7210    0.056668262282430992  0.16089931966570697  0.08633034065621481
7211    0.073969549999999995  0.19348399999999999  0.061963550000000006
7212    0.076309099999999991  0.16620799999999999  0.067787449999999999
7213    0.08036974999999999  0.150981  0.06138855
7214    0.078846602085844805  0.15036359373612082  0.063934747571795958
7215    0.076447199999999993  0.1522935  0.067414150000000006
7216    0.07468168029811173  0.15348235617591466  0.070324625706821367
7217    0.072950790149055866  0.14955217808795734  0.072394912853410681
7218    0.073477305221488903  0.15535100018860509  0.071731351046040254
7219    0.033504550000000001  0.162077  0.1017889
7220    0.037184661160578628  0.16291207541914055  0.09956034478978909
7221    0.030654358332705748  0.1627448464411462  0.10216823313959066
7222    0.028171497319297925  0.16476478730653882  0.10227003150511754
7223    -0.026161049999999998  0.20504  -0.044952450000000005
7224    -0.027233758853151945  0.20705278727930884  -0.044115563596256166
7225    -0.10839468713321541  0.26757414561270387  0.062125357450170796
7226    0.049639450000000002  0.15121850000000001  0.093112200000000006
7227    0.050615498832255135  0.15441312397831797  0.092862910309853414
7228    -0.099427149999999992  0.23087950000000002  0.063582150000000004
7229    -0.101490575  0.22998325000000003  0.065061174999999999
7230    -0.098571318848175146  0.2294946617370941  0.063487483354173341
7231    -0.097501012520097782  0.2279112326973268  0.064028455108483304
7232    -0.10013597401549011  0.23288938354552469  0.064851121932846645
7233    -0.1031652393962665  0.23412828212208495  0.068391779523955601
7234    -0.099961242773486753  0.23788946876272396  0.066895779687469265
7235    -0.10537085552130188  0.23447153137720289  0.070432220322689393
7236    -0.10634931718429151  0.23600621219047505  0.072627232969244809
7237    -0.10629873077499366  0.24056998038316452  0.073881622043699205
7238    0.057600349999999995  0.1505745  0.086824949999999998
7239    0.037643499999999996  0.14244999999999999  0.099947750000000002
7240    0.036056649999999996  0.139677  0.099198750000000002
7241    0.034979080535393163  0.13626678361021721  0.099744400362738753
7242    0.038893499999999998  0.1286775  0.095251649999999993
7243    0.037386088094735537  0.12935761803065046  0.096502075913469904
7244    0.034184896389955081  0.12860501708445873  0.098311404763866767
7245    0.031886988440981999  0.12177796667070878  0.097334269984565278
7246    0.024553462650927161  0.12172553788658722  0.1012530004112015
7247    0.026449884028996951  0.12216076179836148  0.10074492036617
7248    0.032420832813116487  0.1263085125892503  0.099185534409721568
7249    0.032681696412666411  0.11887466870382113  0.096878855169362621
7250    0.061196800000000003  0.14183950000000001  0.080345799999999995
7251    0.048005624173396183  0.14436431655162094  0.092863882424507133
7252    -0.065532967869931236  0.30105009939876043  0.0005618496472876394
7253    -0.066161390056217975  0.30331522648081544  0.0029630456853850058
7254    -0.036904981223074611  0.36434126048500293  -0.032630978437997081
7255    -0.039765349999999998  0.36494249999999995  -0.031829400000000001
7256    -0.037991399999999995  0.36146699999999998  -0.030330900000000001
7257    -0.038359258629914059  0.36409031372464651  -0.03081893958675298
7258    -0.039000778377911161  0.36479984213599204  -0.031061856850849664
7259    -0.038845287620017196  0.35803348986330291  -0.029694740435987865
7260    -0.039708435646120172  0.35581981427553222  -0.028893504344744983
7261    -0.036649209716739239  0.3638068928245019  -0.032597334580551855
7262    -0.037846479213128059  0.36301899526065101  -0.030751489236843507
7263    -0.036576199999999996  0.36166999999999999  -0.032414150000000003
7264    -0.040720491202046884  0.36460003562030091  -0.032604166485031186
7265    -0.049439981219023113  0.31255483716782712  -0.0021616601246019738
7266    -0.049298677853530232  0.31078726763726633  -0.0027473245198521741
7267    -0.057073865288495174  0.3153651444656469  -0.003062256801488421
7268    -0.054310218180965729  0.31633044258954851  -0.0049836619686618351
7269    0.050389935770779451  0.19590370662205836  0.082931280021834669
7270    0.066924956797638754  0.13946736830865122  0.077039665941187857
7271    -0.12485449999999999  0.24882500000000002  0.088316199999999997
7272    -0.12373251010506736  0.24601273923113925  0.088471919510365662
7273    -0.037028400000000003  0.31100300000000003  -0.01703795
7274    -0.038709125376447766  0.31113963628835356  -0.020090057815747877
7275    -0.038016234392084514  0.31068715307844297  -0.018323001328942299
7276    -0.040169383549382577  0.31210259628749842  -0.022735058342241595
7277    0.053909650000000003  0.1309525  0.084884100000000004
7278    0.055823281533665524  0.13052545529940307  0.083872646458544517
7279    0.058127948937723301  0.12882546670541609  0.082892593019056091
7280    -0.12041176500134639  0.28154651969898353  0.072869639586899904
7281    -0.12047844102760408  0.27860074279093522  0.071757737343953382
7282    -0.12033936219451458  0.27607272389616067  0.070955530383729662
7283    -0.08164456123996644  0.31189745643575995  0.0069699880940836461
7284    -0.085737150476033641  0.31696743823313184  0.011374688022041763
7285    -0.089666099999999999  0.31956899999999999  0.01129115
7286    -0.086440099999999992  0.31944549999999999  0.01109773
7287    -0.087639451914552843  0.32182929087459616  0.0099245140159060167
7288    -0.088725657355687201  0.32395600253848023  0.0089777790513524847
7289    -0.085206996315430231  0.31855461474319924  0.01081785663899288
7290    -0.08463031511173863  0.31628690409347554  0.011066290991289182
7291    -0.083700940919481548  0.31762862145980836  0.010398225113616641
7292    -0.124053  0.25827749999999999  0.079265699999999994
7293    -0.12243266513852145  0.25780625063788992  0.07810347774753755
7294    -0.12087262663334934  0.25744520094923529  0.077041162313664591
7295    -0.11681402349504248  0.25599809411705499  0.075795184385480954
7296    -0.11958021530111784  0.2483866462162295  0.081094200885366327
7297    -0.1173052456742216  0.24709337919888996  0.080749385216239006
7298    -0.066009056487086756  0.30946476365729447  0.0060089040109342446
7299    -0.065994033233479091  0.30791938786838929  0.005547508242619693
7300    -0.061279446249389205  0.31230073958731586  0.0031712076907055072
7301    -0.063586833774941259  0.31398609853190756  0.0002868077632846109
7302    -0.065233986433787278  0.31523026658252212  -0.0017468455029079118
7303    -0.068898143216893637  0.31514463329126108  -0.00045733475145395591
7304    -0.066182092024201167  0.31778384425549872  -0.0039644966244411538
7305    -0.065356763545991667  0.31646040281973886  -0.0028572330595452765
7306    -0.067271324902487106  0.31939120322546194  -0.0050996595157589333
7307    0.038814287584114232  0.123236629825952  0.094104973059676827
7308    -0.13342275983755111  0.2797768226792372  0.085566561082896633
7309    -0.12535950000000001  0.23793  0.093433550000000004
7310    0.068162501241901  0.12338657847011783  0.0756321429164242
7311    0.070762088451632871  0.12301325801051241  0.072609214077049428
7312    -0.10235649999999999  0.25893250000000001  0.062560149999999995
7313    -0.082380499999999995  0.31554700000000002  0.0087528299999999996
7314    -0.090685564678484903  0.24900350696652016  0.048852420567277802
7315    -0.089907591170285142  0.25066077105741713  0.045706956807243876
7316    -0.088701430735715792  0.24972532286310428  0.043357120308780042
7317    -0.087712372377992093  0.24701903690398508  0.042303301992146179
7318    -0.092080276270881015  0.24131064154358653  0.052912193627141044
7319    -0.092437993127115092  0.24537117830293445  0.054607104836768519
7320    -0.032175292344830478  0.31798171701043143  -0.016866604685044209
7321    -0.032758265128173772  0.31913754504404762  -0.017180698594179523
7322    -0.031527651773598522  0.31635842698521982  -0.016601785491575389
7323    0.039529099165927117  0.11405090237603847  0.093757483839301908
7324    0.037429080650988981  0.11292794393002298  0.094945463561764504
7325    0.042248812350835233  0.11487541983233533  0.092945203921139377
7326    0.025049650971801885  0.11031792377881404  0.10058083085736333
7327    0.02346451199276791  0.11319445041442461  0.10150991737938715
7328    0.022221150169680445  0.11380749336998704  0.1024519012099271
7329    -0.11446100000000001  0.22881750000000001  0.075062649999999995
7330    -0.115062  0.22578799999999999  0.072634199999999996
7331    -0.112391  0.22723274999999998  0.072957725000000001
7332    -0.11035240280482066  0.22844692791537852  0.072694554111299645
7333    -0.10868290034452646  0.2285676413417746  0.070713639041886739
7334    -0.10772382379675095  0.22696788901477366  0.069197623098251532
7335    -0.11292558392188255  0.22453138472152123  0.070928121137396494
7336    -0.11497602646814026  0.2236523362656207  0.070987417235883754
7337    -0.11297368789729965  0.22572633290563635  0.071849530272147133
7338    -0.11487  0.235847  0.079074350000000002
7339    0.063657003606650567  0.21602960840148455  0.059927039367194963
7340    0.064285473862306555  0.20960783729881932  0.063759283796173363
7341    -0.071811109400602882  0.30777496582790265  0.0079294908705845237
7342    -0.074288137146434299  0.30393650862111049  0.0081902507354198947
7343    -0.078845150000000003  0.30842649999999999  0.0088569700000000005
7344    -0.07774698091632673  0.29448989631689965  0.0057450246087518845
7345    -0.077318953702927115  0.29584100654271522  0.0068294124188286601
7346    -0.079222770589448918  0.29748843488036597  0.0089300713515721823
7347    -0.081127059324000092  0.29670671219226569  0.010069562633320994
7348    -0.086238900000000007  0.29492450000000003  0.0137299
7349    -0.085176835958592129  0.29225451174502975  0.011714858607412166
7350    -0.083049449999999997  0.29139199999999998  0.0085187249999999996
7351    -0.082550817979296059  0.29335775587251489  0.0099119493037060826
7352    -0.088620304103705999  0.29611339177773072  0.015548326156577613
7353    -0.079636744635764187  0.30316670864052792  0.01182752526875426
7354    -0.078066338512587055  0.30247543792275627  0.010282531771032402
7355    -0.071803790646225177  0.30667616787522761  0.0082204583474305357
7356    -0.082469550000000003  0.29056950000000004  0.0072656149999999996
7357    0.10795299999999999  0.11682100000000001  0.053172700000000003
7358    0.054804012982216307  0.10895666521550353  0.080124475128096825
7359    0.049439749999999998  0.10400960000000001  0.080033149999999997
7360    0.051641000614842135  0.10460615592526142  0.079279795775255332
7361    0.026376150000000001  0.17498999999999998  0.1030445
7362    0.11011876992474361  0.099386548029503488  0.037882662564271578
7363    -0.12798900000000002  0.26393650000000002  0.081927699999999992
7364    -0.13318772123377429  0.26390073196932928  0.090976031470928295
7365    0.066273797597645151  0.17992814891339579  0.079057077744025719
7366    0.062916050000000001  0.1014998  0.06897325
7367    0.060207794823759382  0.10308436873588239  0.073369128369413616
7368    0.057307975634634446  0.1043285378400767  0.075358718887420725
7369    -0.092230199999999998  0.2952475  0.018961550000000001
7370    0.037015848593816972  0.096851121608268434  0.085149481819130568
7371    0.038857008664294319  0.096570018903751206  0.082774467408303007
7372    0.039382485339647479  0.09461324812651721  0.08114889835120577
7373    0.030142671538687351  0.097134538300586312  0.088944224585294676
7374    0.026857657335765783  0.094560479658869448  0.08970133132935125
7375    -0.025212650000000003  0.32798700000000003  -0.030271050000000001
7376    -0.02692924266404343  0.32858484817675704  -0.029778302301271178
7377    -0.029980888639509561  0.33092896865849897  -0.030793188910140747
7378    -0.042095099999999996  0.3140405  -0.00717602
7379    -0.041989242624993789  0.31258184612112222  -0.0074005506583083337
7380    -0.042781118184687439  0.31530474241830247  -0.0077925929233353102
7381    -0.045652219886386472  0.31518644423093839  -0.0062370280919676717
7382    -0.03573875  0.31553750000000003  -0.0125834
7383    -0.03634645943807005  0.31694810744439478  -0.012780466463397436
7384    -0.036446339434485123  0.31390036515013842  -0.012809576500128247
7385    0.060682012294329256  0.19774296904819821  0.074078585330334873
7386    -0.112369  0.27402749999999998  0.063046450000000004
7387    -0.11345921225329322  0.27273710432450216  0.064255639254511818
7388    -0.11503515081240999  0.27055759971200827  0.065181403553521908
7389    -0.11476273543940342  0.2687183972560297  0.065918531673363145
7390    -0.11210081605502364  0.27671914067052045  0.061755523589030151
7391    -0.11461199999999999  0.28307650000000001  0.064570600000000006
7392    -0.11226564729950654  0.27954881381789409  0.062765083608528061
7393    -0.1154331728064646  0.28380104222840147  0.066624776983021203
7394    -0.11721040127413641  0.28680693742282848  0.070753583841236617
7395    -0.16647137198097425  0.20261763888463397  0.0024293143738946896
7396    -0.126781  0.24058499999999999  0.0954874
7397    -0.13388405372009693  0.17480191333290981  -0.033249782312785449
7398    -0.13015413339879298  0.17583021912639679  -0.034816323999898757
7399    0.059290900000000001  0.093246850000000006  0.067469549999999989
7400    0.061454923180428569  0.092111169762416817  0.062871211611114433
7401    0.064262430280674215  0.092775481523344291  0.061469976070573265
7402    0.032802634658733135  0.09346109852724846  0.084646861451050562
7403    0.033385120061831752  0.091767166655957993  0.084186049888218525
7404    0.032639029987091041  0.094788544828456958  0.08576439444227775
7405    -0.053333519458403394  0.34263066874133941  -0.017730202529680494
7406    -0.0541426783718457  0.34268286360844263  -0.01639029512966644
7407    -0.056994450000000002  0.34291050000000001  -0.012007404999999999
7408    -0.057381391471370752  0.339131172000048  -0.013851096837141476
7409    -0.057705368860683726  0.33628655540177338  -0.015262063950833732
7410    -0.10408903959099226  0.18682646173630382  -0.042312416025618048
7411    -0.10326558910965378  0.18923948871728075  -0.043006087577482061
7412    -0.093978349999999988  0.18674400000000002  -0.043327199999999996
7413    -0.094360179049067808  0.18398087824513135  -0.042732162446087171
7414    -0.019431703336500669  0.083763560180596594  0.097215483286999707
7415    -0.016631050000000001  0.07892094999999999  0.096355350000000006
7416    -0.022122233652592267  0.079054175402764076  0.098089351564022917
7417    0.028957091552273332  0.086025168471149896  0.086502822540042865
7418    -0.10060995472884074  0.074491567459493244  0.091190978549458124
7419    0.029834825033054072  0.073465932115496013  0.085938299817820571
7420    0.029212301458363791  0.075095515231516821  0.086189173903178776
7421    0.035385609399162327  0.072647476145812198  0.082534183165478073
7422    -0.092387007604355087  0.07065913713169733  0.088699842348936686
7423    -0.088665853802177536  0.070801718565848659  0.087649121174468353
7424    -0.095994160218280458  0.071250185191356133  0.08975090855563124
7425    -0.092732966095232475  0.072537118793199032  0.088881903424142691
7426    -0.094174100000000011  0.077150849999999993  0.088366899999999998
7427    -0.096223744886803672  0.078055028151984396  0.088461224019756882
7428    -0.10006209172372491  0.080995729152012821  0.089244638278630897
7429    -0.092942962838517593  0.073437749534113639  0.089070306957148945
7430    -0.095131731419258792  0.073014424767056829  0.089712853478574467
7431    -0.096888194438278327  0.074744804596887218  0.089608776800995937
7432    -0.096080290400760521  0.074388406674336466  0.089571597308642351
7433    -0.094363563156756466  0.071893651992277582  0.089316405989886966
7434    -0.095860758593692322  0.070526035297085052  0.089680705788978091
7435    -0.094123883099023697  0.070592586214391198  0.089190274068957381
7436    0.041369100000000006  0.0845133  0.08205105
7437    0.041371215829995082  0.087234948194304329  0.081824019873792633
7438    -0.017656655258327044  0.21072712896953016  -0.044197917449169184
7439    -0.017167078165326286  0.20790349681827544  -0.044349007676906915
7440    -0.018538561683209862  0.20528997339795432  -0.045019140553978702
7441    -0.15215957841186867  0.30677474488497375  -0.03508733865070017
7442    -0.15233687897461534  0.30893316033023871  -0.034335124297660613
7443    -0.15251536762606366  0.31620398074840494  -0.041376763318700688
7444    -0.15301339636457131  0.31527201605060956  -0.047685206271907754
7445    -0.15317206220468738  0.31708486528046215  -0.046524613803843609
7446    -0.15335699312888923  0.31580526102838785  -0.047071067873482822
7447    -0.15305232158040696  0.31270629510892212  -0.043092123683249751
7448    -0.15273285381087587  0.31816709724138098  -0.046640949289363333
7449    -0.15127036064132615  0.31927174167792016  -0.041706535003590298
7450    -0.15246963099928673  0.31996163338405725  -0.048162847583932425
7451    -0.15278567192185569  0.31391311076137757  -0.049099741499272251
7452    -0.16484349999999998  0.232214  -0.0047827449999999997
7453    -0.1080605  0.21738200000000002  0.072307399999999994
7454    -0.11619399999999999  0.21352599999999999  0.074641650000000004
7455    -0.10918406033066523  0.20923583893500108  0.078382691782587652
7456    -0.10747927064967394  0.20834674027014966  0.078809105935438023
7457    -0.10882602648500518  0.20895922839237899  0.078670395631404544
7458    -0.12070149999999999  0.212175  0.075702999999999993
7459    -0.12432715145326032  0.215118376577597  0.073480114368933272
7460    -0.11072448544970737  0.21470100526264721  0.074525825020093542
7461    -0.019755950000000001  0.20962449999999999  0.084339749999999991
7462    -0.042751217440287155  0.20445834555267012  0.084231040896215997
7463    -0.04121764457232361  0.20384385469373043  0.084721342362358038
7464    -0.12296977004686485  0.29805196052480115  -0.019840175993808398
7465    -0.077502613357441241  0.20685908766104899  0.076275668564287968
7466    -0.080148250000000004  0.21099850000000001  0.076075599999999993
7467    -0.083440767557310475  0.21308165275881474  0.075772352018471378
7468    -0.090748662128641994  0.20749352708569191  0.079486620185743304
7469    -0.10290711956647308  0.20499351088931897  0.079360952817230226
7470    -0.13485281080806982  0.29323054895623618  0.076045819941652298
7471    -0.13185718778204839  0.29107829883751624  0.077380627083579415
7472    -0.13248126013081973  0.28769838510003853  0.080233235125824295
7473    -0.13071893251472239  0.29065262467616393  0.076725160261893174
7474    -0.13013046625736119  0.287554812338082  0.078371980130946595
7475    -0.13384299243539224  0.29218513235424609  0.077162912676933398
7476    -0.13684487527185901  0.29013054552633188  0.07975482861203996
7477    -0.13906385422998338  0.29242774817688277  0.077300124537593662
7478    0.085452281529275295  0.17390473061837772  0.049031375969334448
7479    0.087071663417485748  0.17244096893243951  0.045357479507628119
7480    0.087781961830668581  0.17317601122007667  0.041083400583857198
7481    0.083345118892935471  0.17819835151087421  0.051498709674566732
7482    0.08226866947026211  0.18206456215706915  0.053326055081685808
7483    -0.026559599999999999  0.20338700000000001  0.08509739999999999
7484    -0.033604169320777942  0.20017900759216101  0.085546599895518174
7485    -0.037282099999999999  0.197772  0.085645250000000006
7486    -0.034244734660388972  0.1970815037960805  0.085998749947759079
7487    -0.038791287058341478  0.19726571599800155  0.086070020390956084
7488    -0.040750189551349902  0.19646389281925378  0.086690551989317549
7489    -0.13887824885576611  0.20984876155938731  0.073200650657627153
7490    -0.13736973182991147  0.20747292179853169  0.073637844741004654
7491    -0.13475350000000003  0.207894  0.074568699999999988
7492    -0.13276297101696569  0.20798131324560429  0.075315847075553791
7493    -0.13176788887120838  0.20843626964295994  0.075567354257514888
7494    0.0040536172315384306  0.19699314005518989  0.089642341355374758
7495    -0.01548015  0.201735  0.085495650000000006
7496    -0.012845079854624459  0.20457490897167416  0.085913571301822422
7497    -0.0144656  0.19988  0.085898550000000004
7498    -0.177901  0.23216799999999999  0.011899975
7499    -0.17735517462632275  0.2293469156529154  0.011663082023085764
7500    -0.024140225480024258  0.19640830597592285  0.087712779435149879
7501    0.031444299999999994  0.25069649999999999  0.042032349999999996
7502    0.033648858486418083  0.24943125207272265  0.04267786128003017
7503    0.027147579159775278  0.25212782125321376  0.043172740533024195
7504    0.024328913511388526  0.25234439918726947  0.04652494482787331
7505    -0.065642249999999999  0.198022  0.082860750000000011
7506    -0.062833762915323096  0.19917039262503583  0.08309956049214938
7507    -0.058748499561748178  0.23681267093695155  0.050691291568888942
7508    -0.061670100000000005  0.236457  0.052980350000000002
7509    -0.059927188463086214  0.23574201293588967  0.053070404231642908
7510    -0.064637911471471118  0.23680504089751336  0.054401126832473681
7511    -0.066514203115814602  0.23462096580098946  0.057737534185184694
7512    0.017216700000000001  0.197356  0.092873750000000005
7513    0.019705797622279555  0.19499057324342617  0.094559414327879357
7514    -0.096699549999999995  0.27347999999999995  0.027778549999999999
7515    -0.098168399999999989  0.27836649999999996  0.026501249999999997
7516    -0.095160500000000009  0.27170899999999998  0.023750899999999998
7517    -0.11394849999999999  0.1996925  0.083046200000000001
7518    -0.11731430237435739  0.19720537523197967  0.082863814629989874
7519    -0.12197340778970441  0.19793792745074293  0.082105337031112835
7520    -0.11988613076818216  0.19714012034178333  0.082767711072231978
7521    -0.12391095884889433  0.20018117953289899  0.0819191029397566
7522    -0.11138029216940624  0.20164188187237989  0.082400072278679973
7523    0.067847665295938331  0.2187575109773354  -0.0033672499831179188
7524    0.065789742093830553  0.2212457709870421  -0.0047176913017505069
7525    0.063545100445092068  0.22220858439540964  -0.0074011182164420283
7526    0.070247447819093894  0.21563651030549766  -0.0020450313771050495
7527    0.027111405320122149  0.19409966206766802  0.093561823568972788
7528    0.031305844085896234  0.19383575815944573  0.092469777815083129
7529    0.034289325991382145  0.19562652158079422  0.091687196138918028
7530    0.0066031127215585884  0.19102502783348926  0.10077375218198956
7531    0.0062554413072393837  0.18921996442421593  0.10297803378268822
7532    0.0078050449689489433  0.18676730777303613  0.10443358447039833
7533    -0.048560300000000001  0.191077  0.087012100000000009
7534    -0.047781065705900662  0.19228809712078454  0.087354790647889591
7535    -0.047484249999999999  0.18822800000000001  0.086949899999999997
7536    -0.051207949442732825  0.18422475589959436  0.087565558691057491
7537    -0.049711872982888546  0.18380627786886106  0.088766370696927013
7538    -0.04685463685896555  0.18661494628769776  0.088481925182036986
7539    -0.049449014443700964  0.18340598783146583  0.089541386737870821
7540    -0.05000271392472444  0.18198258418698102  0.091190435191356292
7541    -0.053775038916635168  0.19164802632283048  0.08510785539664302
7542    -0.020630167167419885  0.18733042796908733  0.10569304874507078
7543    -0.018636314768331639  0.18586342575003453  0.10739801742986572
7544    0.017695564895763873  0.17927305954907405  0.10481626630671963
7545    -0.054925600000000005  0.186274  0.088114300000000007
7546    -0.059738250000000007  0.1826025  0.086779999999999996
7547    -0.0610504286903054  0.18154823140406701  0.086842109083526672
7548    -0.064677727656861417  0.18177577731955991  0.087204451481605216
7549    -0.1166595  0.18815999999999999  0.085980499999999987
7550    -0.11471979398591153  0.18955044587018069  0.085374975669861269
7551    -0.14326250000000001  0.30548249999999999  0.002562005
7552    -0.14121638325132096  0.3057094315338178  0.0011400102415411099
7553    0.039689859326422251  0.24452960199427715  0.049134687152255718
7554    -0.16028604814224456  0.26370829768512433  0.097384889203219874
7555    -0.15816249999999998  0.26138549999999999  0.10005105
7556    -0.15135749999999998  0.25855050000000002  0.102711
7557    -0.15366577143899735  0.25829842587278462  0.10231682509898034
7558    -0.14919687784962701  0.25776758671301209  0.10293352894853673
7559    -0.1476575  0.25322149999999999  0.103246
7560    -0.1603734803848833  0.26138971812057632  0.098683826803522653
7561    -0.027730708709307755  0.18708701460375901  0.10372715304461241
7562    -0.027122227461226885  0.18374019156178215  0.10676360732060247
7563    -0.054422337618340443  0.17883668972789918  0.087721563582395731
7564    -0.054271550000000002  0.1810755  0.087657650000000004
7565    -0.054173254784766228  0.17729397435235167  0.08933431485806341
7566    -0.055036876058431668  0.17440217127298593  0.090721890422683318
7567    -0.065679999999999988  0.18321749999999998  0.087187600000000004
7568    -0.064976199999999984  0.18578624999999999  0.087182399999999993
7569    -0.06820445  0.185975  0.086746949999999989
7570    -0.10464974681841493  0.18176199290021886  0.086517660866381893
7571    -0.0148255  0.25559850000000001  0.024339900000000001
7572    -0.022977417618078828  0.32180917067265424  -0.028373670853140472
7573    -0.099056699999999998  0.176063  0.087773400000000001
7574    -0.095779522697714406  0.17614975472993441  0.087626592700669748
7575    -0.062025435584473647  0.17635843453556155  0.086602077740292355
7576    -0.066780853802246173  0.17355338112318167  0.085155350472010533
7577    -0.063515360839665677  0.17416249500630651  0.086283297008016208
7578    -0.068208299999999999  0.1724425  0.084154900000000005
7579    -0.086832999999999994  0.172712  0.084692299999999998
7580    -0.082901670186954005  0.17118276764060256  0.083321778845405273
7581    -0.10712184125237607  0.2962929614416967  0.053394249341103921
7582    -0.10772337302652568  0.2980365408458982  0.053032447399804478
7583    -0.10812370881393346  0.29322936447952308  0.055379124499490812
7584    -0.1664235  0.223082  0.0026250500000000003
7585    -0.17424398796161292  0.233452031875132  0.004705751601856315
7586    -0.0020818026764510052  0.18320691549937371  0.10848220357017678
7587    -0.082327073314493765  0.1789846902592479  0.083003365166063353
7588    -0.08072461955706875  0.17870506908761094  0.082898075332805549
7589    -0.077343446468044405  0.18008986782809253  0.083944702433841556
7590    -0.074224159504963985  0.1724358074148872  0.085740909481778177
7591    -0.06587651235908222  0.3436400824774159  -0.0062182228014307766
7592    -0.065097299999999997  0.341922  -0.0041687149999999999
7593    -0.064738049999999991  0.33882100000000004  -0.0037746300000000002
7594    -0.066408864163354772  0.3422252214495855  -0.0047649991820475392
7595    -0.064537055379820726  0.33763979076950723  -0.0045423870583924855
7596    -0.06722895710483949  0.34402925959616498  -0.0067139740990020663
7597    -0.06843085984889416  0.34280706736786781  -0.0055061806520738301
7598    0.086771899999999999  0.182869  0.037384399999999998
7599    0.087284205297401385  0.17962816507604021  0.037049315207626582
7600    0.084523399999999999  0.1922295  0.03585605
7601    0.08271607686451303  0.19520744346964533  0.0387322912333425
7602    -0.053177963993751853  0.18622376405730354  -0.048462170413317282
7603    -0.052748306992735229  0.1892041830631061  -0.047777041344643625
7604    0.020421250000000002  0.1714405  0.1075425
7605    0.021753626874474002  0.16869610333002033  0.10706101739475204
7606    0.059497549999999996  0.226105  0.05590585
7607    -0.1260915  0.16652499999999998  0.086854750000000008
7608    -0.11728109015030366  0.16864114073942746  0.087172731886728722
7609    -0.12274657216927079  0.16611507196314992  0.087298056402641155
7610    -0.11522758013331305  0.17027598484322198  0.087549876852014638
7611    -0.12922649999999999  0.16903849999999998  0.086619500000000002
7612    -0.13640386103907487  0.32850986439644181  -0.045942166460123418
7613    -0.13984834712280597  0.32951978733558074  -0.046726277628644605
7614    -0.139793  0.3104845  -0.008475690000000001
7615    -0.13415327282025805  0.30872773791985275  -0.0095267636864873259
7616    -0.0080939250000000001  0.17369699999999999  0.111238
7617    -0.012048602803097349  0.16787504429980962  0.1123155108927818
7618    -0.010437740147337006  0.17008002265179861  0.11220967164371756
7619    -0.03181977846430592  0.1795672192006294  0.10864617499946316
7620    -0.029409074430249219  0.17726592237713276  0.11003744907893075
7621    -0.027533107957078421  0.17725702451751851  0.11056791771997232
7622    -0.0080854340579378896  0.19704160999779483  0.090943879968442068
7623    -0.0054291981915225926  0.19740970264762955  0.089170770454890066
7624    0.075415686263228629  0.21361375130246013  0.027410878936400138
7625    0.073719235532123131  0.21634343372262535  0.025423910677141327
7626    0.065711536090169942  0.22724123805475732  0.026239366564761897
7627    0.06767149896589908  0.22462272560997784  0.024725854708707824
7628    0.062962514427049435  0.23018431810090081  0.028104610129147275
7629    -0.083976699999999987  0.235623  0.055396750000000002
7630    -0.081303586939426339  0.23632631839654439  0.055256035655168262
7631    -0.091900386570422349  0.32157283010984167  0.010136466572253694
7632    -0.093020286084115528  0.32200093642047711  0.0095501124708416013
7633    -0.030014200000000001  0.16441349999999999  0.11128299999999999
7634    -0.034493738812846224  0.16114282740186153  0.11275839309698103
7635    -0.088329199999999997  0.1640095  0.085227599999999987
7636    -0.085138365315227671  0.16361396367745673  0.083628959760614838
7637    -0.053465634269338112  0.24565136709990007  0.028569958397404591
7638    -0.051256267345150944  0.24598405996987599  0.028055700065714652
7639    -0.048558146941624476  0.24759122029504915  0.023942435948492151
7640    -0.051989468731021227  0.24616509514305551  0.017099367351085762
7641    -0.053279917309142472  0.2412185875215018  0.042411072506553252
7642    -0.055151983510078106  0.24117822303706907  0.041363067801184018
7643    -0.058866775151056122  0.24149625118568771  0.042756309875890609
7644    -0.062348478252258657  0.24146339214137333  0.044817996868416657
7645    -0.066186942658993483  0.24281863326955469  0.04510825588696174
7646    -0.057744387506315699  0.24512946996740176  0.035688544395725795
7647    -0.016237717879630718  0.22319636061972276  0.08005037726784639
7648    -0.018634904545411623  0.22306048086462743  0.079994358364654183
7649    -0.0253498416513489  0.22026594376848807  0.079714467502645409
7650    -0.027368835748963323  0.21621075741610082  0.081759060203523984
7651    -0.05922962372351568  0.15916263610188319  0.083184098161571282
7652    -0.060835064639796162  0.15934817813188268  0.081570318382738399
7653    -0.06245686447550524  0.16382022149906467  0.081756820435417599
7654    -0.080156181799875006  0.16207307545089128  0.083661210054568294
7655    -0.1110255  0.16421950000000002  0.087390749999999989
7656    -0.14042349999999998  0.29511549999999998  0.073683250000000006
7657    -0.14543136399721576  0.29545326823996776  0.072505741043530733
7658    -0.15134334139393688  0.29471007750103317  0.072033430768173257
7659    -0.15517278432746501  0.29449807173776682  0.070076220825807653
7660    -0.14808355214657093  0.29537271674329524  0.071997714006074659
7661    -0.070752842165738628  0.1559284160422954  0.083748785287971084
7662    -0.067434986222157559  0.15553415304631829  0.08187718872506182
7663    -0.066005553777386275  0.15398369482924384  0.081485378014287388
7664    -0.065416196374206995  0.15189245250164282  0.081251163193978335
7665    -0.099716824316644151  0.31210284443592295  0.016231339686667054
7666    -0.097637558980369396  0.31160222093142798  0.016996185808994254
7667    -0.10061682443542956  0.30378305276471773  0.021467399623656468
7668    -0.098487208869642198  0.30439905076945778  0.020149782154973005
7669    -0.10305990933659834  0.30334782337766292  0.022236237490500074
7670    -0.10546106923791151  0.30450155503459364  0.023822980585068137
7671    -0.080370146905557729  0.33711100225804974  -0.0041843985432373871
7672    -0.075991355913217096  0.33601172070902208  0.00048904660403845221
7673    -0.07698010129093466  0.33681819936797536  -0.0011753599361710981
7674    -0.05796725850248368  0.14092762502115597  0.078095837395268708
7675    -0.05927305025591114  0.14086496022952238  0.078298425438362768
7676    -0.0097384302350786937  0.22333968329012252  0.080284806488865754
7677    -0.11048972967244559  0.15289563097339418  0.085586654912150742
7678    -0.10651726183400401  0.15201977817798032  0.084840783256893704
7679    -0.1039523654607645  0.1517594048296132  0.084213797711358895
7680    -0.12555667609487403  0.32950885212361308  -0.07848717003294281
7681    -0.12197916581291544  0.32432688833211504  -0.089360800421588782
7682    0.010711267752810163  0.14859367114732502  0.11058352173768819
7683    0.0065662999999999997  0.1500715  0.10993449999999999
7684    0.021775717768302089  0.24828453643113352  0.056960590845715128
7685    0.021483349999999998  0.24295349999999999  0.064172800000000002
7686    0.019656825928523386  0.24512174643995061  0.061808222853294174
7687    -0.10298544119224334  0.14136603685257426  0.078432545552790459
7688    -0.099757692124237796  0.14158611938713578  0.079737148359877136
7689    0.0073572527128543405  0.18408294322523108  -0.06236435852726336
7690    -0.061614249999999995  0.14769199999999999  0.079883950000000009
7691    -0.06380946694423692  0.14900194265548677  0.081033948381620313
7692    -0.12399658108031912  0.28183850608584371  -0.018958720031470148
7693    -0.1219625  0.28966249999999999  -0.018190649999999999
7694    -0.12194701632188083  0.29141335550979436  -0.017103062659279602
7695    -0.12313705923507054  0.28517729215013654  -0.0185695788586175
7696    -0.16872211125153494  0.21341664752445641  0.020603480526180676
7697    -0.16809955562576745  0.2134533237622282  0.016851940263090337
7698    -0.16610900000000001  0.21111950000000002  0.0078739050000000005
7699    -0.1675894940160195  0.21609681779301754  0.012046902061449056
7700    -0.12417500000000001  0.34048400000000001  -0.10294855
7701    -0.12214976818275861  0.3385822350818421  -0.10498714820583074
7702    -0.026503249999999999  0.14283200000000001  0.1091935
7703    0.08933470203154438  0.14152051948547079  0.04076736203910284
7704    0.090512371133514305  0.13994951099985808  0.040476292933176464
7705    0.091798626331155  0.13904349127225882  0.040665926410997658
7706    0.093664921994557074  0.13907873771635693  0.04213129458543316
7707    0.093956098779647543  0.1376659683120674  0.045054543183382596
7708    0.087331938180806215  0.14060623824459426  0.045350709492955256
7709    0.087446768701013866  0.14490223492451093  0.045724384404611157
7710    0.08825848990314121  0.14722430210677104  0.043902314313156332
7711    -0.056711499999999998  0.1484355  0.081656449999999992
7712    -0.057325876277226843  0.14623248644447803  0.080064814835861475
7713    -0.058308108221443639  0.14805148777816696  0.080140441695740472
7714    -0.056211980327671093  0.14650039791626851  0.081122479131289366
7715    -0.064223749999999996  0.32885750000000002  -0.030874200000000001
7716    -0.073232049999999993  0.33378799999999997  -0.024884400000000001
7717    -0.073560767830565768  0.33728935518664971  -0.02291351702699037
7718    -0.036562700000000004  0.2059375  -0.044160599999999994
7719    -0.055178149999999995  0.13819500000000001  0.078644550000000008
7720    -0.052065799999999995  0.13901350000000001  0.083309999999999995
7721    -0.061772638734471898  0.13829387972769511  0.078249780772949223
7722    -0.065219373428782798  0.13879280196402782  0.080297154388102338
7723    -0.088183272500490767  0.13514061653871776  0.08029638041911516
7724    -0.083145799999999992  0.13923250000000001  0.082465199999999989
7725    -0.079336464145787933  0.13885251562718065  0.081832108333565926
7726    -0.13578935729194497  0.3206062181386064  -0.029276142009321257
7727    -0.130746  0.31767100000000004  -0.030038450000000001
7728    -0.13284764085460393  0.319325902736109  -0.029785915483424814
7729    -0.13974181426632187  0.32132344131178253  -0.029360131840259283
7730    -0.14455892474702101  0.32519912232362763  -0.039551130199500052
7731    -0.14303529898016407  0.32561077034249503  -0.038621920307785752
7732    -0.1443801644353743  0.3219620156368061  -0.032580070397594398
7733    -0.1416619827909443  0.32597359675904963  -0.038312268716922705
7734    -0.14736263421549398  0.32445578562298227  -0.040962071347684259
7735    -0.154055  0.34151749999999997  -0.089675950000000004
7736    0.082929205947090218  0.12886126773521434  0.054054889372304203
7737    0.082617599999999999  0.1260935  0.055401249999999999
7738    0.084095450000000002  0.12707625  0.054167275000000001
7739    0.081708648304744169  0.12709307516278906  0.055479789905742774
7740    0.083724895143097611  0.12466547000414177  0.054871722965890074
7741    0.086906959623796673  0.12495517102143647  0.055631026380154922
7742    0.091441756564550364  0.12437287100222517  0.057565667320153446
7743    0.092790249999999991  0.12189549999999999  0.059214849999999999
7744    0.093962945068488291  0.11901222837689986  0.060162110154190103
7745    0.08257327722850144  0.1315090950590781  0.054916916039840488
7746    -0.021569253009366379  0.1380857820974607  0.10885477641010927
7747    -0.032038913234558916  0.13302928164381969  0.10601925863874868
7748    -0.074347799999999992  0.13765149999999998  0.081907750000000001
7749    -0.11324419368896393  0.13801865804540372  0.076506544150442293
7750    -0.11704300000000001  0.133023  0.070716000000000001
7751    -0.11585338576795112  0.13133704197046178  0.069317010700988668
7752    -0.11474451499854112  0.12828824520765597  0.065955329695062806
7753    -0.11851615104337958  0.13916602263339894  0.075565316675116789
7754    -0.1207030755216898  0.13595301131669946  0.071935808337558388
7755    -0.12299505534564475  0.13677213947049324  0.071771877272593834
7756    -0.12737183765791446  0.13555079386562366  0.068846651941376458
7757    -0.13300600000000001  0.13597300000000001  0.065671900000000005
7758    -0.061985856506152286  0.17450026463786164  -0.049323651973973676
7759    -0.059643550000000004  0.17648949999999999  -0.050533599999999998
7760    -0.060642667013265934  0.17667195303317265  -0.049147144440403086
7761    -0.058680660334789303  0.17632965508751147  -0.052658780056159343
7762    -0.18095842429549322  0.22784144086772723  0.022441051454482639
7763    -0.18172835223381598  0.23018965242165282  0.023984721400038992
7764    0.017647185523293515  0.13811135899577998  0.10849366425964477
7765    0.01184875  0.13916200000000001  0.1098015
7766    0.0091532325008455533  0.13982372288723716  0.1099502469927849
7767    0.015704032207495125  0.13746977264952531  0.10886482970968464
7768    0.013883066103747562  0.14152038632476266  0.10999541485484232
7769    0.017047513609750709  0.14256521706291625  0.10939096765392209
7770    0.018807457871347306  0.14336030116314222  0.10875025908384986
7771    0.011955424999999999  0.14236650000000001  0.11046375
7772    0.010607666250422776  0.14269736144361858  0.11053812349639244
7773    -0.024437186375176188  0.12982197444805463  0.10619649481840009
7774    -0.023040692234227493  0.12841859992717333  0.1071830311091829
7775    -0.020941500000000002  0.12332499999999999  0.1082235
7776    -0.053549994910991446  0.12851750854516283  0.07633176244845305
7777    -0.055294587076068956  0.12849964560077082  0.075435262994808613
7778    -0.054190752399549784  0.12444699444304219  0.074675784338826656
7779    -0.053509408395659402  0.12445397074976702  0.075025908877649455
7780    -0.052622323531901355  0.1239300495596396  0.075742654101256163
7781    -0.056368735363182078  0.1284200161364894  0.075006582071779709
7782    -0.056193967681591038  0.12548100806824469  0.074219541035889847
7783    -0.05474266973780937  0.1264733200219065  0.075055523666817642
7784    -0.053529701653325421  0.12648573964746493  0.075678835663051253
7785    -0.057294192283758781  0.12515576655120297  0.074343743574506183
7786    -0.058569184567517571  0.12776953310240594  0.075254987149012381
7787    -0.062082587760303058  0.12736130674227752  0.07637180886682271
7788    -0.1038905  0.1247365  0.063652150000000005
7789    -0.107485  0.12448050000000001  0.062436500000000006
7790    -0.10193347518674394  0.12391560859618708  0.064053266679253804
7791    -0.061207886624729729  0.247302627948978  0.022350601924728621
7792    -0.062706163453830413  0.24757834293521155  0.021327194900145181
7793    0.010354879205395533  0.23252970890761193  0.073206515578250239
7794    -0.0074294412474038059  0.2312530477348046  0.076501012947606459
7795    -0.0066150197623403104  0.23266910876525473  0.075510334566087273
7796    -0.0022056200000000001  0.23578350000000001  0.0734374
7797    0.001283405924490499  0.23637258967042921  0.072256379645936328
7798    -0.013503785356822454  0.23081779311724404  0.076139927826859743
7799    -0.017904350072214019  0.23219968608774644  0.074368702248574906
7800    -0.021590089964489578  0.23044027486186713  0.075125603981750749
7801    -0.022567591398787834  0.22673236145684666  0.076892522915360223
7802    -0.006117408723094523  0.12752020855356977  0.11070288916603402
7803    -0.0031472914692045086  0.12864534763412172  0.1110945248192899
7804    0.00023746806538852252  0.12741278424487892  0.11041813646996597
7805    0.0013938100000000005  0.12072099999999999  0.110207
7806    0.00046152737457964138  0.11835323842594087  0.10946988197476271
7807    0.002004136974279873  0.1241753477561237  0.11116935009473411
7808    -0.007965841809593005  0.12388227533018822  0.1106944452767664
7809    -0.03191321307622226  0.11981628228515624  0.10278645821739554
7810    -0.032401040353440144  0.12223085365599695  0.10254414745850468
7811    0.099777421662639532  0.12412021475887824  0.056877762958715695
7812    0.10329561706089282  0.12327705184021755  0.055749579883675487
7813    -0.18276399999999998  0.22915849999999999  0.03435585
7814    0.012670955000000001  0.12785649999999998  0.10913399999999999
7815    0.086082556267317839  0.1160110863428557  0.061248497251758939
7816    0.089057924195158997  0.11009212197871864  0.063117262790087544
7817    0.08508391273849851  0.1195107878297675  0.059090260053445941
7818    -0.049687993906173109  0.10404194813627864  0.077841103954079852
7819    -0.04864947150723694  0.10635986646611857  0.079268702189540755
7820    0.070967749999999996  0.10625900000000001  0.062521649999999998
7821    0.072737850130069392  0.10520572244280189  0.061343809412587193
7822    0.070727325065034694  0.10170776122140095  0.061450354706293592
7823    0.072656743946287211  0.098617473075951007  0.062331457942589111
7824    0.071198472764439538  0.095040427095891791  0.061264203351382017
7825    0.072462046902477859  0.096843238478898835  0.062185335272477764
7826    0.078714649999999997  0.10480855  0.062673699999999999
7827    0.081184190789100552  0.10574921753292942  0.063081671080343349
7828    0.071651394372650834  0.10569042436874462  0.062267664889373769
7829    0.073584497186325426  0.10786621218437231  0.061732082444686885
7830    0.072548324846292464  0.10872797945093989  0.062117037484089394
7831    0.072165321784779662  0.10968183407102326  0.063278013231506253
7832    0.074043402926942767  0.10747715548055703  0.061274623253900984
7833    0.077017448523068952  0.10758680466271871  0.061889506439773367
7834    0.076386900000000008  0.1147615  0.060896499999999999
7835    0.075553203283878004  0.11502498464189717  0.061199071201792299
7836    0.077785926139933695  0.11402569364040854  0.059745898661843273
7837    0.080842150000000002  0.115317  0.059918650000000004
7838    -0.074154855871537848  0.22846434639875898  0.062437754501187014
7839    -0.061806850000000003  0.11607100000000001  0.074459499999999998
7840    0.013776539548002707  0.21072076411647486  0.080338796638794674
7841    0.013378609887445384  0.21434212491088028  0.080449340887516277
7842    0.0090977244418565736  0.11362126776964528  0.10535467963545091
7843    0.0087744790091008034  0.11126394376971477  0.10485045159849497
7844    0.0087635254477236683  0.10739622217708739  0.10420168278173705
7845    0.011638280000000001  0.10559499999999999  0.104008
7846    0.014953501239827057  0.10499470441652672  0.1022934983462811
7847    -0.1247885  0.29549250000000005  0.071501850000000006
7848    -0.12169640422796485  0.2915052023048979  0.07244731535044821
7849    -0.12163301409608777  0.29431457352519391  0.070919676056344846
7850    -0.12277782712104077  0.29598123400333926  0.070428124579971427
7851    -0.023046965643469641  0.11345206260442191  0.10420703090137234
7852    -0.059343638526776682  0.1018333799363863  0.073389316748190631
7853    -0.057050410826261083  0.10440313978094257  0.072241818180538486
7854    -0.060642785661340327  0.10372724418328316  0.072276343704765475
7855    -0.061756710936158699  0.10555254316639842  0.072271518262686976
7856    -0.058717242215371238  0.10129298345139846  0.075042470793790325
7857    -0.055964085625788328  0.10146356453695599  0.0766917878924296
7858    -0.053433099999999997  0.10243949999999999  0.075474949999999999
7859    -0.055973985185115115  0.10765194079208101  0.07137478010015634
7860    -0.032884750000000004  0.11182600000000001  0.099945350000000002
7861    0.086276749999999999  0.097436549999999997  0.062137949999999997
7862    0.087396845234666717  0.095362054826958031  0.060391753707194552
7863    0.019462192933668011  0.10636056244019501  0.10236872750277561
7864    -0.040194831698113269  0.10132084309343591  0.08887724914926548
7865    0.066943279361828534  0.098007058272558525  0.062106483738204855
7866    -0.023717540086662197  0.10212540868546911  0.099969288534210526
7867    -0.021587794143895098  0.099899378108562462  0.099846344071514048
7868    -0.0217236718658885  0.097701154839085966  0.098339678641520392
7869    -0.024526770793503051  0.097152654585143564  0.097264650097389674
7870    -0.029881418034095358  0.09945922309031871  0.095019281985264464
7871    -0.028761472276684834  0.095832952759431808  0.093388816384424811
7872    -0.029029426880192024  0.098091446480390004  0.095086249289616315
7873    -0.043118400000000001  0.099972350000000001  0.087082550000000009
7874    -0.06800346684916686  0.095273559159036403  0.076569183002749425
7875    -0.067293488438598489  0.094890627996467816  0.078603311430247957
7876    -0.066586149999999997  0.098595799999999997  0.0748804
7877    -0.068416174999999996  0.097330699999999992  0.075599949999999999
7878    -0.065767808133154637  0.097850497317088364  0.075191918151597162
7879    -0.066885637491160749  0.096562028238062383  0.0758805505771733
7880    0.079725847060151581  0.089717434504985899  0.059816738965844399
7881    -0.013895694335016041  0.24073676415780002  0.06783540132476551
7882    -0.012642171980231875  0.23874352813701555  0.070167589240170983
7883    -0.013918901445276986  0.23531546556397723  0.072709252955073467
7884    -0.021107711276288372  0.23874795094089463  0.068423020509638569
7885    -0.0272424  0.23856849999999999  0.066275150000000005
7886    -0.14367038983800662  0.24308929635303236  0.10445141389252612
7887    0.0195088  0.098682999999999993  0.098539650000000006
7888    -0.038979717072496319  0.097384263797026083  0.091280704797328777
7889    0.010667521198927391  0.096018793764914456  0.10006823280969221
7890    0.01335301312124507  0.097441793441541621  0.1002602663165484
7891    0.0065424419434580673  0.094228707119526786  0.098893708317680531
7892    -0.0081986200000000002  0.10105700000000001  0.10381850000000001
7893    -0.0063055470781328516  0.097670910543562195  0.10155646998527147
7894    -0.03242157516838854  0.095793263990101671  0.092922173907247066
7895    -0.031604572500991183  0.094305091084589135  0.094123978128545283
7896    -0.032019953671808009  0.093222466644051677  0.095885056000082708
7897    -0.031226414403182672  0.088727227373574927  0.099644806647227427
7898    -0.031607190031137031  0.092412432525786015  0.096517334547245218
7899    -0.036202114741888565  0.090945931250832862  0.099910838679716604
7900    -0.030250157757466648  0.085326911954640344  0.10036371763779618
7901    -0.09237165  0.08762919999999999  0.083155449999999992
7902    -0.090197646540213172  0.08855565270515163  0.081911079386979335
7903    -0.17480400000000001  0.29646050000000002  0.029817749999999997
7904    -0.17271980019274341  0.29789271178529758  0.031416759232298384
7905    -0.091687400000000002  0.23453350000000001  0.056255799999999995
7906    -0.090534172171020916  0.23383183721179351  0.056396499511307076
7907    -0.091565944342041822  0.23136067442358704  0.059075799022614152
7908    -0.087425233534820221  0.23445980270223898  0.056293602221598758
7909    -0.051049364423976673  0.09259073966651607  0.098199950291455382
7910    -0.051822263647891234  0.093843119094912095  0.096504828121787151
7911    -0.049573788258507556  0.085949970167182754  0.1037423335177239
7912    -0.07747088912811248  0.09066495931774847  0.079119120546505592
7913    -0.081562998230721759  0.32877646091370405  0.0060829417579327345
7914    -0.081036245745046795  0.32644581558264363  0.0069555261619187528
7915    -0.079585299999999998  0.081546449999999993  0.082711549999999995
7916    -0.08212549999999999  0.081884850000000009  0.083456349999999999
7917    -0.081056425886348593  0.081842811943587696  0.083376436297257175
7918    -0.061577324985379628  0.18204062542728963  -0.047464736217285926
7919    -0.062807950088510228  0.18473854938678932  -0.047033760835514062
7920    -0.072417404582626521  0.17567848828270247  -0.046815395970865085
7921    -0.066481900626205348  0.24640327770287843  -0.00021781943736896847
7922    -0.063318334465270742  0.24714902446870607  0.029514253051259244
7923    -0.071167334883384115  0.24905102066225301  0.030714774364810991
7924    -0.1153985  0.30569849999999998  0.017932750000000001
7925    0.0058274942106809023  0.079859868801180761  0.089990537172605328
7926    0.0023983285341724909  0.078324027041442576  0.090889291426192606
7927    -0.06115305  0.34709599999999996  -0.0087109800000000001
7928    -0.11562159362528621  0.076909735297386872  0.089711782132712942
7929    -0.11704299999999999  0.081475450000000005  0.087027199999999999
7930    -0.11566833100714895  0.084527411071061348  0.086641709864015606
7931    0.026277003273670139  0.25413061290405464  0.025013872681126793
7932    0.028357390469563107  0.25355791067482786  0.028364441729019179
7933    0.0177153  0.2565635  0.01842251
7934    -0.17912800000000001  0.28027199999999997  0.042741749999999995
7935    -0.068794173276741422  0.3374263972138844  -0.0006396395296456533
7936    -0.073976249999999993  0.33241350000000003  0.0031836550000000001
7937    -0.075066045546037352  0.33340068592267469  0.0028480975330535353
7938    -0.072613965982780776  0.33087789543778823  0.0028176178775455593
7939    -0.03224979209872493  0.20898260293050303  0.082406048114208277
7940    -0.14949699999999999  0.27046399999999998  0.096704399999999996
7941    -0.14732484350666022  0.3274980871640652  -0.04714389853060006
7942    -0.1454152669386467  0.31583268663731201  -0.022289304926265404
7943    -0.14086850000000001  0.31641549999999996  -0.019618750000000001
7944    -0.13765465031633173  0.31565409629264085  -0.019158292295292281
7945    -0.13300849999999997  0.31303000000000003  -0.018784549999999997
7946    -0.13512156283038584  0.31489080313431622  -0.018875987701235497
7947    -0.14261788822991925  0.31573891450564756  -0.01965590993192155
7948    -0.14337881127101468  0.31677790242642384  -0.022115098369627134
7949    -0.13962847758468092  0.30399772770763089  0.054059312602800814
7950    -0.14350750000000001  0.30039550000000004  0.063767149999999995
7951    -0.1416980270225166  0.29984484626009011  0.065246970930858211
7952    -0.14663847345861647  0.30013842132029667  0.063007936215893304
7953    -0.13372250000000002  0.30373  0.0098828049999999997
7954    0.088768422337632283  0.17492311651316808  0.030268837712668129
7955    0.089284206398903485  0.17232247907550161  0.026666185463520262
7956    -0.052815713162438119  0.30498812129296521  -0.0057442048969170868
7957    -0.048606115572352719  0.30917302008014769  -0.004435085668926966
7958    -0.14932487515476034  0.30108142237749047  0.059544962691837976
7959    -0.1531136309016416  0.30129530285077399  0.056610749069897597
7960    -0.1646475  0.29688499999999995  0.056614199999999996
7961    -0.16284576951884117  0.29853493984711377  0.055029749857108769
7962    -0.048271162997429007  0.22493928140805841  0.069037221717776306
7963    -0.045034558932179336  0.22518077205386289  0.070975146487224208
7964    -0.085123649999999995  0.068932350000000003  0.02889655
7965    -0.08453494371563848  0.068835285159336956  0.02882275201427353
7966    0.029329899999999999  0.070340199999999992  0.012958250000000001
7967    0.031242083688894397  0.070905611378765096  0.012513751901315821
7968    0.033249550000000003  0.071106150000000007  0.01203214
7969    0.032592737185525647  0.070985558212029773  0.012363193041849446
7970    0.029670854384604248  0.07035855725402905  0.012979095155676561
7971    0.029032322929759088  0.070422744970863801  0.012915820367180898
7972    0.028103658527270946  0.070413546506751801  0.012589894286240166
7973    -0.085531701604538435  0.069741478181967881  0.021780122013298053
7974    -0.08527857594589458  0.06969910109870367  0.021754566009880107
7975    -0.10187525  0.065616900000000006  0.031778149999999998
7976    -0.10292513154820836  0.065955891104671191  0.031045803303038841
7977    -0.1020949385433717  0.065623219460333615  0.031564408310611018
7978    -0.10462638025144787  0.06531255344982019  0.030280389290679471
7979    -0.085276624999999995  0.069235674999999997  0.026228774999999999
7980    -0.082239950000000006  0.069636900000000002  0.025196
7981    0.029477699999999999  0.070474800000000004  0.011673124999999999
7982    0.02924644093887159  0.070538928393320321  0.011640149355679343
7983    0.028524710810217496  0.07053177676736179  0.011386849097477563
7984    0.029742681619945314  0.070489059204549703  0.011689324587507361
7985    -0.084531400000000007  0.067757800000000007  0.039226300000000006
7986    -0.083454589213652466  0.06758033182490332  0.03909131529194465
7987    0.024382149999999998  0.071011099999999994  0.0087969550000000004
7988    0.025113168162306524  0.069901072864385003  0.0097415059698125472
7989    0.026178303296669023  0.069956525532553285  0.010862954858968328
7990    0.024510933957658847  0.070278879856743665  0.0089232467582108822
7991    0.024278894910006527  0.070742222067882013  0.0080194818231356726
7992    0.02759795  0.069644349999999994  0.021461000000000001
7993    0.029194371299387029  0.069492891597791928  0.021534574758271655
7994    0.028344556531185242  0.069442795847933586  0.021525760799327616
7995    0.025283252827091183  0.069621467351229011  0.020648675347272955
7996    -0.089260549999999994  0.069368449999999998  0.0204786
7997    -0.089622755961490802  0.069232206408272323  0.020057893249420901
7998    -0.090635489030897312  0.069251667909303968  0.01913020560058775
7999    0.027491149999999999  0.068665599999999993  0.028946
8000    0.028777243824133616  0.068735053887228267  0.029024654651320713
8001    0.02636847904200337  0.068977110629527286  0.028785943313099513
8002    0.022865670449051551  0.068942466391554602  0.027556668513173066
8003    -0.10264444878614309  0.065449216216944689  0.03216070692550918
8004    -0.10246137499999999  0.065443950000000001  0.032338825000000002
8005    -0.169933  0.219833  0.061948299999999998
8006    -0.17427100000000001  0.22279949999999998  0.060805049999999999
8007    -0.17638262846673711  0.2244817961221047  0.060584856366911292
8008    -0.17241411687494584  0.22148509809806322  0.061116914566880128
8009    0.098709506986026319  0.14345145863820563  0.022847069795757631
8010    0.097692394556706322  0.14351445256825587  0.021821295883901519
8011    0.029598627192302124  0.070227328627014529  0.014276047577838281
8012    0.029184065913505006  0.070207390338009296  0.014226281328869255
8013    0.028821052941524664  0.070308106924315703  0.014174523456696939
8014    0.027688206733968233  0.070296888847400499  0.013776937561716406
8015    0.029551599999999997  0.070542099999999996  0.0110305625
8016    0.029778595237615845  0.070554310179810023  0.011044439303422766
8017    0.029353499943427841  0.070597020104548588  0.011002313849928566
8018    -0.11427999999999999  0.065613100000000008  -0.010529
8019    -0.11806700976187595  0.065642957072446523  -0.0097634175031068651
8020    -0.11113692075639746  0.06554323210487413  -0.010928742111093282
8021    0.028861899999999999  0.069913950000000002  0.017027550000000002
8022    0.029443396104243416  0.069945318652735206  0.017063115203034541
8023    0.028354296406183935  0.070054823334557148  0.016955172397861321
8024    -0.085582752406807655  0.069842717272951813  0.020889683019947078
8025    -0.085371815241933796  0.069807403184892675  0.020868386439681887
8026    -0.086997131658737153  0.066163365925794831  0.050355113928875164
8027    -0.086811415831303917  0.066114359302596792  0.050043741282200391
8028    -0.044353099999999999  0.076043799999999995  0.068293550000000008
8029    -0.046611174786715177  0.076023099950859402  0.06905712971648667
8030    -0.078839256206887504  0.066684504514935877  -0.026013239441127753
8031    -0.080512530008654659  0.066228435112999653  -0.026395513425298021
8032    -0.083396296706947648  0.065914341838924417  -0.028407298077863383
8033    -0.083685132512686847  0.066016468247383497  -0.031016250069777023
8034    -0.081907602907393198  0.065933997357542268  -0.033334911128036465
8035    -0.079869556725714025  0.065969568500404696  -0.033812140511786562
8036    -0.076488911740830653  0.06638880663070694  -0.032656994541024408
8037    -0.077631283275945262  0.066045859077242169  -0.033261528312152955
8038    -0.084970674999999996  0.06862902500000001  0.031564325000000004
8039    -0.084255939416359088  0.068511182698015261  0.031474728706994477
8040    0.032523974999999997  0.07107007500000001  0.010953360000000001
8041    0.032013513823540958  0.070976334278354328  0.011210647651790702
8042    0.030992460453545263  0.070913342514147062  0.011449733385853145
8043    0.025632425  0.070996199999999995  0.0084390475000000013
8044    0.025732512921696253  0.070427149105762629  0.0085372038088131399
8045    0.02614530126164713  0.070121721817651403  0.0092020097094190068
8046    0.025552177324995734  0.070787234787714953  0.0078348120214666774
8047    -0.084674550000000001  0.068041750000000012  0.036729200000000004
8048    -0.083715762598892532  0.067883706474227493  0.036609006973122686
8049    -0.091874243413433768  0.067221751566451979  0.03503479937309599
8050    -0.080022803316395108  0.066587539024792849  0.050057393021787161
8051    -0.079431018955170254  0.067172129424962382  0.050908798541670353
8052    -0.080852788113984941  0.066497897244098658  0.04958832404162701
8053    -0.105901  0.20587650000000002  0.079367049999999995
8054    -0.10432725785434904  0.20688840642603162  0.078800544400553021
8055    -0.10777374059349255  0.20635456969969879  0.079779999902482274
8056    -0.10036310000000001  0.31384600000000001  0.014961800000000001
8057    -0.099306999450189129  0.31361527235744535  0.015031702233992137
8058    -0.10128912500000001  0.065789850000000011  0.031217475000000001
8059    -0.10154542830060033  0.065797222703722555  0.030968109695712863
8060    -0.033953274999999998  0.068447800000000003  0.084522
8061    -0.033853136206409534  0.068164732217235291  0.085611255400844133
8062    0.040692263739164625  0.071476103801872803  0.023097782783170481
8063    0.041498717681114829  0.071482518113806695  0.022654348784467884
8064    0.04284867076108189  0.070796889527326504  0.02233650800538442
8065    -0.022635270043331098  0.10555720434273455  0.10127064426710526
8066    -0.09037735106597547  0.065891877658797143  0.047697590043583496
8067    -0.090782797851321317  0.065998866805123069  0.048377365377671788
8068    -0.130327  0.22001100000000001  0.082153250000000011
8069    -0.13193721663744551  0.21861213422360826  0.080420972850151637
8070    -0.12823950274106063  0.22158649331876645  0.081924253567806721
8071    0.038098300000000002  0.071347149999999998  0.019241149999999999
8072    0.039695945241190495  0.071363530240123083  0.018540538700930888
8073    0.036463442156807656  0.071047051546014497  0.020065181138316974
8074    0.029706768002274779  0.07042380822928937  0.012334209871591961
8075    0.029405824557006445  0.070409343744066766  0.012298083922037153
8076    0.029142314912093112  0.070482428156800905  0.012260510783728798
8077    0.027849875  0.069781074999999998  0.019960150000000003
8078    0.029278379300760392  0.069645527253644215  0.020025983867001686
8079    0.028517957956005053  0.06960069449636222  0.020018097072125946
8080    0.074793051641939001  0.11303599232094859  0.06146803560089615
8081    0.07665176306996685  0.11203384682020427  0.060471199330921641
8082    0.075952249999999999  0.11240174999999999  0.061046500000000004
8083    0.073474607288661772  0.11229043830253112  0.063394839936720501
8084    -0.092551028061273355  0.069901220900770167  -0.029554298552685175
8085    -0.092350962990521646  0.071765545109075596  -0.030589530070796553
8086    -0.092175800000000002  0.068478899999999995  0.022499950000000001
8087    -0.091504678388244151  0.068725565568033456  0.023128215709436871
8088    -0.093024572155528576  0.068495202029395713  0.02172247298423299
8089    -0.099728399999999995  0.066250400000000001  0.029724449999999999
8090    -0.10009220646354602  0.066257381505551494  0.029391207856127231
8091    -0.101184  0.066927199999999992  0.028155600000000003
8092    -0.095430750000000009  0.067733349999999998  0.024333349999999997
8093    -0.094787501319284859  0.067708304765605118  0.024998124812339258
8094    -0.093839824062404362  0.068056628320240189  0.025885286480342266
8095    -0.091248922912876826  0.06794560646132726  0.029827139484612193
8096    -0.1669906473323769  0.21188669135079535  0.041773988946323753
8097    -0.16704852574067444  0.2131504343971406  0.041857091820513795
8098    -0.088690124999999995  0.069531874999999993  0.019805099999999999
8099    -0.088991944540457363  0.069418322624747633  0.019454525704838473
8100    0.027743024999999998  0.068894999999999998  0.026755950000000001
8101    0.02673335737229247  0.069175127523058558  0.026612001416668512
8102    0.028899656881130682  0.068957443846637212  0.026826685162474939
8103    -0.14138899999999999  0.26239250000000003  0.097753649999999997
8104    -0.14443795544867163  0.2650152635037516  0.098635173497460343
8105    -0.097425000000000012  0.066930099999999992  0.027521
8106    -0.09619803627220655  0.067381055723108235  0.028669607662401543
8107    -0.097936624082481286  0.06693992777065666  0.027052324612487522
8108    -0.048283254920927048  0.18521061207827941  0.088624147939482006
8109    -0.047832373461156652  0.1845239942611443  0.089953533566314706
8110    -0.08319174460682624  0.067275015912451663  0.041589507645972329
8111    -0.084390658276140465  0.067478627017185364  0.041681390175687387
8112    -0.084395441565998791  0.068673233928676108  0.030148740360634002
8113    -0.085048974300165003  0.068784280010443219  0.030198840996092796
8114    -0.080659954496890993  0.069051137142375416  0.031045827915750862
8115    -0.096555969662541  0.0763999163744358  0.089035000410376403
8116    -0.095127195200380266  0.075769628337168229  0.088969248654321181
8117    -0.03541201931785827  0.23393383211880353  -0.021785594761872418
8118    -0.038864849999999999  0.23625499999999999  -0.019762599999999998
8119    -0.012433655485565938  0.076148170843155338  0.073865137357389379
8120    -0.012694297260048091  0.077317860432540589  0.073472651916361695
8121    -0.013443530165329173  0.077061801189372073  0.071852013829827518
8122    -0.011683705149128337  0.075256147839052365  0.074719052762285257
8123    -0.010629585494255599  0.074288166941014297  0.075157047687662987
8124    -0.105347  0.065542800000000012  0.0062395049999999994
8125    -0.10983599999999999  0.065663550000000001  0.0080069800000000003
8126    -0.10256257693817493  0.065572328204307279  0.0057956752257389268
8127    0.048263050000000002  0.197467  0.083861849999999988
8128    0.049466044752541002  0.1978231204786762  0.082593829944703212
8129    0.046429200000000004  0.198102  0.084923499999999999
8130    -0.085200137499999995  0.0690840125  0.027562662500000001
8131    -0.089284366459774778  0.068644326162314473  0.026392341825436243
8132    -0.086268514870998625  0.066195026620317884  0.050735765767422156
8133    -0.086125090058297382  0.066157179734296148  0.050495298575439426
8134    -0.087832383500105263  0.069439891375661686  0.021563166007709727
8135    -0.089816862752219312  0.06679709928781577  0.040925748858154122
8136    -0.085608277807942251  0.069893336818443785  0.020444463523271592
8137    -0.085418434889953404  0.069861554227987177  0.020425296654582779
8138    -0.087013862850302395  0.069704683856915611  0.020348101342291168
8139    -0.085557227005673045  0.06979209772745984  0.021334902516622567
8140    -0.085325195593914188  0.069753252141798172  0.021311476224781002
8141    -0.086267831004509687  0.069705930722379211  0.021210596429200933
8142    0.01754896842391656  0.067543685880814747  -0.0092662745046277525
8143    0.015949540460247481  0.06822592313785894  -0.0097057222017923623
8144    0.028926687935641876  0.070365425947589752  0.013545171911938918
8145    0.029259083275567987  0.070275707908602505  0.0135740033354918
8146    0.02963643916449693  0.070296028697412943  0.013597074363434046
8147    0.031581291844447197  0.070895105689382551  0.01395962595065791
8148    -0.08690124633623604  0.068590903281963878  0.029618597899288994
8149    -0.15284371491537552  0.31664442301443352  -0.043950688561272148
8150    -0.15200160722610101  0.3187194194596506  -0.044173742146476812
8151    0.028169728265592622  0.069283597923966794  0.023045830399663809
8152    0.029107023345679106  0.069334187522184787  0.023103143527682016
8153    0.027351510778652163  0.069510602247538814  0.022929168325334533
8154    -0.14179599999999998  0.26012575000000004  0.098767624999999998
8155    -0.095413781087759456  0.067185959388864985  0.031187909834229831
8156    -0.092983172872599107  0.23894436344829129  0.045813460126290187
8157    -0.080319533379809391  0.069159021263166726  -0.024016812795157771
8158    -0.13526052517514772  0.32880803945668935  -0.082636580871170859
8159    -0.090816913151165579  0.072582402574965191  -0.02191720177644358
8160    0.023093511867189376  0.24677484771491201  0.03140258951660703
8161    0.029550344533571547  0.12557228258834588  0.093916077014334368
8162    0.042794043814380033  0.15985962362728365  -0.044677626024698776
8163    -0.072471987755234529  0.13179939118984638  -0.026719762178274226
8164    0.082554260787751646  0.17036950756732072  0.031097067755343634
8165    0.028316372336633276  0.074973172890169262  0.015951955757936075
8166    0.025709342088348852  0.076068086162709117  0.028909644463705666
8167    -0.095770932269662157  0.071503721569894971  0.025149300956554439
8168    -0.033985631663450734  0.18708146530734632  0.092627769084851111
8169    -0.065397896271814984  0.23875290421444681  0.039286580877373162
8170    -0.047922142536720343  0.24044351517611642  0.029592729325579919
8171    -0.092451529528492254  0.17596665917138271  -0.036189744622508825
8172    -0.10403146488562739  0.25539934740142684  0.054928103011688559
8173    -0.044604748544781934  0.075539121003697848  -0.042863099133538245
8174    -0.14232309854587807  0.29075140167533814  -0.030114319533316027
8175    -0.044185060626424889  0.077801498528376339  0.055227198180210185
8176    0.029855262287940623  0.072693517829787113  0.014170176916597367
8177    -0.015346070619812757  0.080354164059738678  0.06977146005262215
8178    0.097594677443224725  0.13633692306155229  0.021555385697459815
8179    -0.10433519723002255  0.0773804080650079  0.061729593424455984
8180    0.093193259694868066  0.09095120557499374  0.034514492389867223
8181    -0.15816055134033918  0.20965534105757716  0.054371168451847418
8182    -0.10881231401726968  0.2057698614581692  0.07736389075941584
8183    -0.069668202397467127  0.12737016196099724  0.074818798644266438
8184    0.037867380510527876  0.24175133524849798  0.041139268509798294
8185    -0.044659913398432519  0.15342846497384308  -0.071205474504449612
8186    0.029038093236352851  0.084207718634232084  -0.038951804201448545
8187    0.0083302923810699026  0.10309612322954054  0.097334302727939789
8188    -0.081940543208913891  0.080498646440884974  -0.02583346611529163
8189    -0.059827983044987647  0.14102104659232836  0.075646845098710766
8190    0.074133456724564006  0.16070523416603363  -0.016305352651704109
8191    -0.063997191494057221  0.34292336527193218  -0.011870028049714525
8192    0.097855883107916417  0.10006229291208824  0.034083755762381422
8193    -0.1355998544941949  0.30955205739686731  -0.02292483218139231
8194    0.01727908918266784  0.19084433385713911  0.088705482944894415
8195    -0.02716107503501845  0.18952406475244277  -0.047243710280131641
8196    -0.16610325640568691  0.21719938075260123  0.024720226093905246
8197    -0.11240145982635455  0.11587373465083195  0.025617501767959655
8198    -0.13220388952929052  0.19960185051606621  0.073481530253661095
8199    0.029348311986330845  0.071270374642466425  0.022042062161937541
8200    -0.093909681349084603  0.09685864369374135  0.034281988270669854
8201    -0.022747948478563124  0.18477727380079648  0.10347954380129598
8202    -0.12823026805930063  0.22270857034714731  0.075497688412278122
8203    -0.15268062612966488  0.28753056350325162  0.00075062070076578602
8204    -0.16858750458817967  0.18258839325572265  0.0088491901045936964
8205    -0.12856733487539646  0.20624188125631401  0.073653275161488077
8206    -0.08329666758196326  0.13175432602342993  0.074319628695071471
8207    -0.0015292499734963858  0.12083806577999361  0.10613404280562384
8208    -0.086356642949056525  0.071509497434029096  -0.032313898930036306
8209    0.083492630200087625  0.15195079220866417  0.025115268042664302
8210    -0.00028224167086133179  0.082351589439400588  0.057467669389823214
8211    0.024406548884991792  0.072030874574990716  0.026951746037854867
8212    0.028027561466363191  0.18175924497568416  -0.04720935877732145
8213    -0.077423165280453579  0.22357716972508485  -0.023950448010418231
8214    -0.14153707913757799  0.300020613334057  -0.047146678329893464
8215    -0.023225534655203696  0.13683445883167722  -0.069335578668337852
8216    -0.14972451068568737  0.14665228369318975  0.0041735662515675065
8217    -0.13540839451903913  0.071548029914462241  0.01725306067546277
8218    -0.0072834236923877815  0.1950080749038588  -0.042309486279926416
8219    -0.06110950962487869  0.1249462011553886  0.069304520206459289
8220    -0.029780812670240606  0.082702763678785277  0.080086447746291561
8221    0.088855867753281748  0.14497525301981562  0.029823632350523935
8222    -0.049884857392116976  0.18183981089948051  0.086514392943711507
8223    -0.094522875408178386  0.098109419792420383  0.041171357026943425
8224    -0.067804387264186278  0.096375901590980584  -0.014134101673481489
8225    0.010649593296428461  0.1125013927553933  0.10097336849052291
8226    -0.01587769375925064  0.13212503076977977  0.098551054102494068
8227    -0.029050436217925742  0.17365067071806614  0.10786204081144604
8228    -0.11753696388789463  0.14120634240497174  -0.02277454004252372
8229    -0.048749682774286054  0.08237357109336689  -0.034781932176219353
8230    -0.11638053124194067  0.27886749914358805  -0.0028288563553548023
8231    -0.15392814814518832  0.21711449514615555  0.067945384913067161
8232    0.036481547750371157  0.14952460590988437  0.095037255290070788
8233    -0.088373629966780082  0.069967981565688689  -0.0094943731551220371
8234    0.0068561716127899216  0.072039400676395637  -0.042637734327486895
8235    -0.058830764070332837  0.10365268632208159  0.069944732548857205
8236    0.027885259178205647  0.072235003845114151  0.015886549629460334
8237    0.049470712676262393  0.079074785745248066  0.050865768887371751
8238    -0.0024637587778356569  0.2377495287323409  -0.0073994304080831335
8239    -0.054052061080258167  0.24196809775467562  0.023777251430051948
8240    -0.13507405408488604  0.29976512101257874  -0.069212911584411868
8241    -0.082501672210980218  0.2449943554726095  0.033972500791317001
8242    -0.083359305900740921  0.065841308235140214  -0.035903855822442723
8243    0.055781256825248808  0.1521493579042727  0.084154506015739497
8244    -0.028469780505703455  0.20618491658236751  -0.038066263028353357
8245    -0.11988278888146682  0.087810142117704687  0.0099159060047759925
8246    0.0793518040898301  0.15282837386088766  0.051289547319139581
8247    0.056352161908727737  0.082496238627859098  0.055030085984923607
8248    0.054382728878560445  0.22102551455813937  -0.011379642356026448
8249    0.0054301560221337725  0.076395037001345145  0.077551356187676945
8250    -0.13867509405605649  0.2249431539778714  0.083052471016358709
8251    -0.01023618647054704  0.17046389220491406  -0.067351959082230281
8252    -0.11388967517610976  0.074113999006074419  -0.004410853796168397
8253    0.048372300432782248  0.07366680434991528  0.040272828250006942
8254    -0.16022505733765408  0.21247454973959681  0.037938084584261234
8255    -0.094811920354492735  0.069556407256455288  0.023815129418130923
8256    -0.13703839483188349  0.12546145663188552  0.020595358423168217
8257    0.029121791422038013  0.070959592733345428  0.016608702039523332
8258    -0.099803250032929378  0.3118389935580525  0.013144766574829773
8259    0.034945149999999994  0.070790900000000004  0.028297800000000001
8260    0.030342158259437518  0.07153444494402611  0.013093715966219508
8261    -0.13751793776443338  0.31015230080517159  -0.017659844089715548
8262    0.019782029670066054  0.070548358856691556  -0.010833661786896983
8263    -0.073560609399968446  0.21599837804420927  -0.030746778096478036
8264    -0.061671476206850082  0.16042237338290755  -0.054793194097360227
8265    -0.1699720705846374  0.23569370651298718  0.0054828600995128624
8266    -0.087372400646644838  0.070530429137885362  0.053455211450056647
8267    0.080883282708467216  0.084687407952645524  0.020023238981100144
8268    -0.01404643550187456  0.16971871794374929  0.10289466771368591
8269    -0.087443842481675929  0.29997531590470977  0.0082640515298697016
8270    -0.10196218786385762  0.22917129315803142  0.062750377391276563
8271    -0.16653489737517679  0.16909430563172129  0.040396974376539579
8272    -0.04319038908124867  0.079349060544358863  0.061066692296893051
8273    0.0052766543278687222  0.18087072938941171  -0.058854421249498787
8274    -0.14420255446383398  0.16008810858258576  0.063216618851583598
8275    0.10489329171264389  0.13889329688256111  0.019640470285937288
8276    -0.13237960501408866  0.2912914220470848  0.074431229113687991
8277    -0.072437401609754315  0.10107529298893954  -0.017300417286665551
8278    -0.027394221064183117  0.080114596027963031  0.072994568386800032
8279    0.06825575411188177  0.11348551387900134  -0.01630542544186233
8280    0.0083660192713775287  0.16289925817794446  -0.062470317469866206
8281    -0.046146323863236464  0.18853001088812804  0.081081570597065944
8282    0.049460129115342609  0.085609492607807466  -0.0092664799819846891
8283    0.029732930891793467  0.07125209032210221  0.015167361027078319
8284    -0.081934403341246451  0.070128573382515991  0.0027789338729897538
8285    -0.17073165493944786  0.29354879552620194  0.025885455292972603
8286    -0.14986621421425417  0.25776272364868291  0.098302190280562363
8287    -0.011004802629638689  0.080549283093974036  0.027361178167359328
8288    0.073634497711898131  0.14661596867589588  0.057558093944952787
8289    -0.14132578308628027  0.29262868512478551  -0.061922586510121308
8290    0.024191833937900132  0.074862054758778551  0.0075560096037340183
8291    -0.059404767581319948  0.078093138537550927  0.056086726240434828
8292    -0.010141655623744505  0.23187799976879467  0.071740453943046706
8293    -0.0055545407325521979  0.079464696420054673  0.07730818024165409
8294    -0.030806044170960445  0.18282698444491718  -0.06124603754615264
8295    0.037826687075951729  0.10345144284699649  0.084170765806489189
8296    0.025412008803736431  0.072704928949586467  0.0081933554298787709
8297    -0.085939832779391531  0.31620085862136527  0.0078017089725469866
8298    0.025559955103389723  0.074297868393345248  0.08134497538491961
8299    -0.05621357168897774  0.088420893986506044  0.09105182884366031
8300    -0.10030640242257353  0.073654336846195489  0.088453375888973645
8301    -0.12943362910245543  0.2266673907425622  0.080824408445207704
8302    -0.14730589873622721  0.29827562184137507  0.055760441779358967
8303    -0.087180416256343429  0.065983034123691747  -0.031911025034888511
8304    -0.066340135877872103  0.33870377955980113  -0.0055338496579378999
8305    0.016352865299379883  0.071197391327086731  -0.0066021606305820277
8306    -0.051147046265161374  0.090777162484478063  0.094871813835182534
8307    -0.053218925699423728  0.23401408618116276  0.049310548238727984
8308    -0.09867737276649291  0.31485183288578189  0.0098692361882713811
8309    0.046279113800031559  0.083075224942720599  0.065198919857418866
8310    -0.16718299860606986  0.2882265297498558  0.048258367247244069
8311    -0.082762196265147095  0.14359847561149222  0.078189883504505439
8312    -0.093548607246451629  0.073088065411893777  0.015665733189692631
8313    0.075079676184875238  0.11442207916723254  0.05890632085623404
8314    -0.093769054085662357  0.072672948674195478  0.083203597845217109
8315    -0.048020372838933942  0.33299569210083613  -0.031363516395456877
8316    -0.15554149412830354  0.29387820554562843  0.0097275954673429216
8317    -0.062098864167875877  0.31236911540927381  -0.0043411859379887414
8318    -0.099115756878057279  0.098593841299108656  0.062472218317097289
8319    -0.12855393440552479  0.30080979337633063  -0.024698061662824834
8320    -0.1356619886927172  0.13750787168422346  -0.0084081232101827531
8321    -0.079121809840789842  0.2983974094353975  0.0045533990423299534
8322    -0.14408291906972068  0.29611269209358276  -0.039369159230861192
8323    -0.093081914392231943  0.24358074968420157  0.048757459245788393
8324    -0.15878450221903859  0.25926307326592124  0.094992816955853612
8325    0.10671045121640603  0.10855744663310909  0.022555376092360233
8326    0.028997959868452321  0.072006405712405464  0.012121381650753629
8327    -0.13978985564110696  0.32241907796589919  -0.046840213838702384
8328    -0.092168273026998815  0.071597787145081332  0.021020908302006883
8329    0.070187634358430923  0.11333500606609601  0.060717266261643102
8330    0.090417296964492133  0.087223404063685075  0.015034943052770897
8331    0.074940457144502745  0.17856012126324619  0.057049531396935048
8332    0.017721759830005335  0.074550021708195441  -0.028267922501201317
8333    -0.12610010157173621  0.24878521495288891  0.081856552448624054
8334    0.024332075253321463  0.21176393198590293  -0.030259203279042298
8335    -0.0086749923284420664  0.070973651566807058  -0.044826975979323447
8336    -0.096547293286260535  0.072542121007927646  0.087172511095133742
8337    0.059887458479688502  0.19182128164619155  0.065603116727538782
8338    -0.089410609174823907  0.32506201426419568  -0.0056600643663740468
8339    -0.1514746677337446  0.21457958404999794  0.063884860861582002
8340    -0.10152260096461554  0.10637099307898362  0.020730143601793434
8341    0.029795292496511167  0.071117938601472794  0.012164402704764344
8342    -0.084882604190605435  0.073830577983767631  0.024563789927084145
8343    -0.03133580655986213  0.079889705970690769  0.033609146136966847
8344    0.029479981125582116  0.070908061138202777  0.013994946131459504
8345    -0.10034670917485929  0.068908080515933487  0.030332401395589119
8346    -0.10669882935763932  0.069750736689048215  0.0065323304086002997
8347    0.065535119742419989  0.17586026482848913  0.069493699987962579
8348    -0.15499331073702657  0.21197637759999863  0.057703437982818434
8349    -0.087636987813291517  0.072350666086766144  0.021347536499301992
8350    -0.090377099918285547  0.072144068231263486  0.019102803763497368
8351    0.069216738809535439  0.17269264983576821  -0.023294431168263859
8352    -0.00048313151004079186  0.22984319097734551  0.068879203549958759
8353    0.089337873799921586  0.13767496880841479  0.040148024551432085
8354    -0.090345677531644561  0.083655728222567782  0.080154655383115725
8355    -0.043297962117805171  0.22247943782293111  0.067540619909191357
8356    0.036686930597099571  0.083302866631383449  -0.034643948062691367
8357    0.082859204910335105  0.17652692372473661  0.043690029655979436
8358    -0.13351735875626336  0.12696760646128344  0.038666407147080417
8359    -0.085418134739759941  0.16626501928087306  0.079961364066123725
8360    0.086191247822532319  0.14236693220427299  0.037872664044658361
8361    -0.044778271501942711  0.07835756237727047  -0.052043900619742567
8362    0.088879472497729775  0.14085054941347655  0.035923334110737809
8363    0.029096330028484045  0.070581474202243838  0.014825347708711131
8364    -0.12866014917462515  0.29203132479688254  -0.011790687989617223
8365    -0.098593324490639081  0.12228981065622077  0.060211496093560371
8366    -0.031413961827888554  0.19918146911988555  0.084581839339171766
8367    -0.15719472311752741  0.21963228565980367  0.077058578194800623
8368    -0.016470552593382762  0.22753240552495785  0.073310006744609427
8369    0.019395165016577381  0.073296942952686878  0.0072510179316873421
8370    -0.10131881219047804  0.068468078098695484  0.020967007864559607
8371    0.031046850782716396  0.073814868131840419  0.012051186006687118
8372    0.0085091076079676746  0.13713317837123434  0.10414161102995503
8373    0.059866962745234828  0.11237716394524314  0.06984717107850473
8374    -0.096977966058219234  0.065987662518073906  0.039189907559830435
8375    -0.13892211721634126  0.31614242463635267  -0.034412818987584706
8376    -0.080430370544624499  0.072448214978288128  0.050947045304439817
8377    -0.13990873639759815  0.1327537298807536  0.015074710204591323
8378    0.090008014308419787  0.14318663824420905  0.025793458122237881
8379    -0.081509559735996051  0.29711654466997028  -0.0050272585277016564
8380    0.0045786701666627252  0.082283880206558913  -0.0060743011478502518
8381    -0.065578374806978201  0.069163065423755041  -0.056344754185311825
8382    -0.087718930573415746  0.087571747997067587  0.012024573788760087
8383    -0.03220996434707555  0.092231097925823832  0.092383444559101732
8384    -0.10826745759598529  0.2953159859554999  0.045799809164078921
8385    0.0006921864293381383  0.075487400252250911  0.033371121253806257
8386    -0.10182976621455327  0.067367809381020202  0.033006248020974641
8387    0.042622037145012961  0.13692712352933911  -0.048166012923468303
8388    -0.099793317076259949  0.070198815742422857  0.023934841086049662
8389    -0.080954240134729474  0.30367296965549695  0.0072361861601650361
8390    0.010738362234819943  0.18566897634758039  -0.049295286986590303
8391    -0.1701050495448862  0.18322771482664107  0.014778161556750677
8392    -0.0079106481672945074  0.073200276833785827  0.089434359907600111
8393    -0.14301997794372961  0.16686347482131364  -0.023637722002609614
8394    -0.09632166922480348  0.10080587483590388  0.035018861631720008
8395    0.048169033288003295  0.1621172376244  -0.043590518451803867
8396    -0.047123050853759618  0.079492614308068282  0.048438790275331996
8397    -0.14416941150363402  0.18856948905301915  -0.021811026174366914
8398    -0.013356006532607415  0.24099114135926236  0.015068969145214488
8399    0.02566279921151246  0.12058727072361283  0.096580749106897401
8400    0.075007994856218174  0.11102885831170795  0.059640552009937897
8401    0.030482264441489555  0.073152274453055333  0.0093207328331411828
8402    -0.15265214357433046  0.16851198105977397  -0.016175781651710224
8403    -0.042647375752331539  0.1966197118455919  0.083027076157168089
8404    -0.10028467985619645  0.24482013672624922  0.0543064705072323
8405    -0.092806897014435771  0.076541597982983239  -0.022407492962637627
8406    -0.13139899052685408  0.22092675028815106  0.079467437436182467
8407    -0.12844464571945824  0.21436907484826118  -0.018636215734334872
8408    0.097480639105725519  0.12467152434943715  0.05031489934525251
8409    0.063248190658911074  0.20545469210224257  -0.014044396843984801
8410    -0.088759541374553344  0.073793402438367919  0.080047972677570287
8411    -0.003118697643006845  0.071557310778128408  -0.04254381166672809
8412    -0.088243989567120457  0.29266127928879843  -0.00028761261386799097
8413    0.041361136203971728  0.084285931596224453  0.075705787402825533
8414    -0.11275767385529784  0.23171512183074616  0.070212672662627651
8415    0.078806984789894799  0.08358456924222385  0.011223443021505778
8416    -0.12207810079634812  0.17270402507506336  -0.029269519429602563
8417    -0.10270745743853332  0.066733435316450249  0.032118564691160256
8418    0.032378113028169175  0.070571449136788422  -0.020802799991370361
8419    0.033777374992020832  0.074359966952197376  0.07659004874957992
8420    -0.0078191792905014552  0.16875842485683401  0.10620172402969041
8421    -0.020550648536729985  0.10173887892882555  0.092804291729153693
8422    -0.028260690866666889  0.18465433573599527  0.098154589670829892
8423    -0.0050206983485267861  0.079042765288824271  0.023939133276803914
8424    -0.023585939014200301  0.19298216259603981  -0.046145766042403343
8425    -0.022744294929016008  0.099085384388975004  0.095443543408003748
8426    -0.12349328356764112  0.073109443060071069  0.075929703030964663
8427    -0.16014670273736439  0.19629570294985549  -0.0054267388955573839
8428    -0.12371614581367227  0.16515437867796839  0.080804896516005364
8429    -0.014004068576407316  0.21839432801991593  -0.034139973366175136
8430    -0.14081624589532848  0.30501224038509001  -0.040890825756089801
8431    0.085154509081697166  0.14194848741960056  0.020162682334807822
8432    0.038938752440124527  0.072930119009050873  0.0076484767490816764
8433    -0.069384776981781179  0.070404275427462179  0.060848028220800418
8434    -0.013677808632067258  0.076856018293265563  0.076713898864484195
8435    0.0028634644817976075  0.082663127605466666  -0.04511363135049036
8436    -0.10607065266855102  0.2057285437222609  0.077101120913236842
8437    -0.13825130125706497  0.26957826012947805  -0.010602235775656095
8438    0.026239210417371459  0.071572857836298853  0.0078319841854883072
8439    -0.06455331398808814  0.33636062823395463  -0.0097103926773127319
8440    0.012783037887334509  0.22852228539411229  0.070273215811035405
8441    -0.14273411236616196  0.29265735815955191  0.067159171818104532
8442    -0.089151486843473474  0.070768492170164482  0.018517291924513159
8443    -0.062852433703393149  0.33989920130141615  -0.017490613351179549
8444    0.0063019194584899062  0.070032650198710925  0.01340976349185774
8445    -0.056023356919312851  0.076660486806296238  0.0529942064896817
8446    -0.046160341085179198  0.079237838952759071  0.081257318239256901
8447    -0.00045696165215278065  0.23619612723487873  -0.018202121520503982
8448    0.028101208417833499  0.24338896561279116  0.047239784828283338
8449    -0.099246008231203622  0.11588216790908352  0.05141547970911943
8450    -0.060278860259138797  0.071889679256441269  0.088220609003746148
8451    -0.071989964150362851  0.082698748981037143  -0.046177463325935149
8452    0.00030074104476168767  0.080110771555800306  -0.013295038144003396
8453    -0.13940116037962225  0.31497379032859513  -0.062174174109967513
8454    -0.08772448358949185  0.11708688408840949  -0.019642901918579744
8455    -0.13558951284506568  0.25932068049851509  0.082872576399744879
8456    -0.10743389755192517  0.20838372345673953  0.077063133489739866
8457    -0.039648805972828938  0.18518050167933645  0.088825204104752489
8458    0.043431081945054906  0.15831281916060161  0.089341271729567462
8459    -0.069252707102427424  0.094848429441713233  -0.020838700052225111
8460    -0.061847184073688499  0.18250295703802216  0.084902351436897117
8461    -0.020722782516124444  0.082583191673500186  0.044401144559073742
8462    -0.0053788411385340771  0.22804454606609539  0.074260515190301871
8463    -0.073164653124276516  0.31067849615632376  -0.0056104750197438873
8464    -0.056368538606543221  0.1730395129310324  -0.052724059219994401
8465    -0.10547285536992744  0.23548687270699262  -0.014490252767810399
8466    -0.0091944848553296293  0.123888193120787  -0.064643088658371303
8467    0.025044992714163675  0.070513092972518079  0.059470009688809833
8468    -0.16079742264849287  0.17054103539651508  -0.0040468916537340586
8469    0.039137679706398462  0.095612351322020103  -0.040414483180232566
8470    -0.10094013908736309  0.067058829384817623  0.031654050274765116
8471    0.013008486791800616  0.071304920717359624  0.085380843737641321
8472    -0.098270461789421032  0.070868950365188463  0.019065712665213001
8473    0.00020398784525693092  0.084953743845042978  -0.047268794277886092
8474    0.090723031644871041  0.14022531407285657  0.030541839144193991
8475    0.028790846161279096  0.14085866123185356  0.096657353800658694
8476    -0.061828845533527334  0.093546260983192589  -0.030490553259906662
8477    -0.092110670867641298  0.31646980746701692  -0.0052278771585448419
8478    0.034366181267724512  0.13552978464039891  -0.052337169449452214
8479    -0.080508801811940395  0.23155789191124715  0.053181984932725156
8480    -0.080055685589888431  0.072241759904858177  -0.048423433088162542
8481    -0.14606762885941676  0.29376994461487832  -0.036433648873125835
8482    -0.011463930559295628  0.18903783239557762  -0.051543692976206361
8483    0.057128640232884956  0.15847410286114336  0.080481872071060764
8484    -0.08252157502648319  0.074418722554388542  0.034990392184453253
8485    -0.059935458960031225  0.081588183971432332  -0.05349677610333925
8486    -0.12194183693859804  0.070220122281307432  -0.00010116652964978372
8487    -0.032942403354092778  0.2284195516793999  -0.021686966888100744
8488    -0.087151111666610423  0.071505815260146363  0.030435462586016725
8489    0.025452364283041408  0.070303974909117023  0.0032813929943758791
8490    -0.010627075274548826  0.076951533721083265  0.074899606493427293
8491    0.097448898953598012  0.095434444892782036  0.021052262183379935
8492    0.038102268124199236  0.093739408565106624  -0.040227752428069308
8493    0.015525833189293027  0.06975641349967017  -0.034489155462114104
8494    -0.14577558131594331  0.2945823934578356  -0.031724750292693414
8495    -0.1510233870854723  0.32658751384426826  -0.065870341700575222
8496    0.029233952141362787  0.070736816068781058  0.017946858157885593
8497    0.0039307844178751265  0.070609591346825942  0.030966247123872789
8498    -0.098406598777694337  0.069652646487152317  0.027578388698008629
8499    0.022327258776308465  0.072486077017032316  0.063133994068129654
8500    -0.14358646696639055  0.31130382717881955  -0.025746967770927501
8501    -0.060686424956716389  0.16690020509697087  -0.050202837641883796
8502    -0.17144982604465556  0.24187348637806599  0.010474721103654211
8503    -0.012303546876065455  0.081189761696225188  0.076732042239595039
8504    0.028646058232114552  0.20725117008026256  -0.033860065379624327
8505    -0.12129945880471629  0.078712781673525398  0.050717970303368783
8506    -0.10792660404667717  0.25557585890923423  -0.0074817132438931584
8507    -0.051561085124716771  0.34162088102715488  -0.029410809048316652
8508    -0.018549290457910678  0.073550169727425271  0.091817155232138722
8509    0.039907270991277735  0.23249561197450033  -0.0069325790536413981
8510    0.085863348785654228  0.14782289522210071  0.034297597903911521
8511    0.046209505277908305  0.19637783601624953  0.082486987837059961
8512    -0.036511727291153775  0.098796420861351097  0.087219668191862346
8513    -0.11705152959371569  0.067901325280503216  0.0015042585373575431
8514    0.03164180517850311  0.071815347546612035  0.010484525744719649
8515    -0.087026400403819953  0.17541386163481743  -0.040260652344291478
8516    0.061866072874201178  0.22145049349727491  0.022250617112341425
8517    -0.10094021978606718  0.071689191657369422  0.056342740572897995
8518    -0.14572922818467948  0.32539325714365919  -0.051581608686253638
8519    -0.060408697926382052  0.088555687360557842  0.076110559502574351
8520    -0.10351869699839171  0.12005485234911088  -0.010465572158604431
8521    -0.11147649587970122  0.21505200751324216  0.067409130127781644
8522    -0.05505373067442941  0.10375033877741072  -0.031404711019491202
8523    0.04763389505539125  0.072600971935630781  0.021263852934961695
8524    -0.081952863681336308  0.069724275815833042  -0.005249234890842041
8525    -0.16208590918740393  0.19080814660435047  -0.00076962697846402913
8526    -0.10420873006632644  0.25263013208117546  -0.006309460985690068
8527    -0.064479495520387911  0.069198627559592968  0.030060502054454701
8528    0.027179551163771392  0.24996748617208814  0.010269381589573617
8529    -0.032261974841840187  0.16694081825293997  -0.070570879583222418
8530    -0.038017602538568188  0.082227794472865462  0.074083573268563838
8531    -0.11405187273866729  0.27272881015499778  -0.0059406517599185447
8532    -0.05038561936080363  0.1809023518512364  0.08826912745106491
8533    0.086506772752162911  0.099325884013073962  0.0567178863711785
8534    -0.13796831283175426  0.29396758684338681  -0.065336825834395706
8535    -0.026645800777464312  0.10020000166388125  0.093572431328267647
8536    -0.10067409370578703  0.068063033182233973  0.038822442674553877
8537    -0.10041073395260183  0.069291555389242546  0.013322232668488337
8538    -0.11162624675326074  0.12840058017619876  0.056811536333115975
8539    -0.087506961364515592  0.32742649818759101  -0.0011905365532615458
8540    -0.075193893336638104  0.20462173616017076  -0.036978336926434811
8541    0.093139007038739646  0.13269067336554274  0.041374783129746059
8542    -0.10793887747766273  0.24908652144375629  -0.0059314282972916027
8543    -0.047399684571362011  0.18528672308327657  0.08597168413475656
8544    0.10858800289454335  0.12535589932302921  0.018641355048426112
8545    0.036936076288177633  0.16560938924934324  -0.046231890367837314
8546    0.08018286828484561  0.14322618788002489  0.049772338626781987
8547    -0.06353846272925491  0.078040186243315934  0.063581245727387409
8548    -0.13640600088490429  0.28669227827692628  -0.02506824068460568
8549    -0.12546022877010976  0.29691769678016172  0.012548705715095197
8550    -0.065666294806002029  0.089868070326213759  0.067644196140568325
8551    -0.15862429319698471  0.25575479275759566  -0.0033119212181796551
8552    -0.15461439690671358  0.18871340201012521  -0.012011123866015039
8553    -0.061759085164195419  0.24161607858604739  0.035231374751620512
8554    0.014406303964448097  0.14613744332385126  -0.063784090033763924
8555    -0.053935799549985439  0.076977541300075988  0.049230567188701821
8556    -0.15030159773464399  0.17893943461051734  -0.01613864514046863
8557    0.025215453368558988  0.074703240157696235  0.020433377245560509
8558    -0.12042021071793294  0.14265841139855867  0.070771552704787577
8559    -0.081372307213442643  0.071311841112680824  0.040301639104388692
8560    -0.16298068733062748  0.212463403803034  0.044031556023669108
8561    -0.086202419616622256  0.067568597052104412  0.051380633101800979
8562    0.052992805991174771  0.21230935932083456  -0.020050791382711233
8563    -0.12348105772426403  0.29578922186766893  0.0044087222461432849
8564    -0.16690641057913269  0.28939313736292649  0.019659334278179025
8565    -0.05636889249136947  0.15790288726595375  0.081353275138042538
8566    -0.16242043488066668  0.19806769407414712  -0.0023408705942466459
8567    -0.16035957840788698  0.27345301233058938  0.075772994892016526
8568    -0.0059508708059233398  0.22583199356260503  -0.027064219799505202
8569    0.094279540994681083  0.092206156644427217  0.0070532604347534108
8570    -0.097911665864839778  0.070618409207076044  0.021903619525324661
8571    0.028311547889808882  0.07485740448155781  0.011273451662533187
8572    0.080086517618843792  0.12244706344811537  0.054274375976683636
8573    -0.081554688184402868  0.31090995613020783  0.0011697303961627149
8574    -0.090222541189403385  0.070118448760013788  0.00010195008314708386
8575    -0.10601707462820728  0.11515180573017154  0.020988164286132226
8576    0.057492669083710424  0.20159007348211716  -0.021618711578034046
8577    -0.082340625236620335  0.21690070528457606  -0.028932161057462574
8578    -0.09085123581937285  0.071494283403669562  0.024854998226182957
8579    -0.016808883298959982  0.079346473973161483  0.073655520223128657
8580    0.013740655517609644  0.069687362672845629  -0.030573334767394371
8581    -0.05900214190669717  0.15333372114839855  -0.056911765996088715
8582    0.049287333262619873  0.19837421949969575  0.079150046755831899
8583    -0.045998851651408663  0.20563351565012589  0.076911715255078061
8584    0.028805644224614207  0.071440646714622913  0.025352176679708974
8585    -0.15175241632640121  0.22230498241419341  0.085883484284989847
8586    0.021851200070549741  0.072626048632625617  0.036125891138173223
8587    0.10009713283558394  0.14132732361927097  0.021461719997400153
8588    -0.00052179331082184742  0.082172622409270452  -0.048573336661021746
8589    0.0080791770680173573  0.20534210563919608  0.079071672264529005
8590    -0.13003319262521332  0.12377247354565674  0.0308520416235455
8591    -0.16835802169842531  0.25707194234402619  0.0090686876663685252
8592    -0.017704452573803313  0.081725317587360471  0.019535255920160553
8593    -0.085253899281461501  0.067323360504088298  0.050086342296734955
8594    -0.065204004714657801  0.10212580295399411  0.06948416197158952
8595    -0.057006157222637514  0.30886536771841283  -0.0067189879858866788
8596    -0.10927185455698937  0.076621833437038808  0.085037970832269424
8597    -0.093807595784545672  0.10029913194149867  0.030410898239053553
8598    -0.032738544946237833  0.081791644134372538  0.021638660909818717
8599    -0.1500716024510016  0.21255516076248848  -0.0051184353192313629
8600    -0.063123768622362589  0.235586072462695  0.046073217695781925
8601    -0.087219053342996442  0.071054967190566823  0.019000448145711925
8602    0.025146478384714503  0.07278784820076778  0.010450723056816498
8603    -0.14498715898650211  0.26297613624898619  0.096791148287972084
8604    -0.046266531887398515  0.18268975324867476  0.088821343704754765
8605    0.06247360227509869  0.22082929261352538  0.033320942446391812
8606    -0.017247442856839951  0.2235915680408794  0.075663360208481356
8607    -0.10018131683513198  0.27817872798154908  0.016187187464556958
8608    0.027405381833374071  0.070235073986699398  0.031091682712400617
8609    -0.054121679333268349  0.13119557643064125  0.07336048018091533
8610    -0.047263770002325567  0.23970317436913391  0.040092891992609472
8611    -0.0237473300616881  0.18830668961157793  0.094530502871255764
8612    0.089116933868062576  0.14076188952448104  0.010737165609548903
8613    -0.10729665074019024  0.07095994944878771  0.050530920856425597
8614    -0.013927127635369699  0.14192969341868744  0.10650910467616326
8615    -0.16996484573631138  0.22242536673535027  0.019358421802365817
8616    0.076651228388954537  0.11809209748391485  -0.0063848654361653503
8617    -0.14328283624616711  0.29464598226098426  -0.050157855631737802
8618    -0.01887799144124325  0.19369904153176223  -0.045604294727956136
8619    -0.10044813361275161  0.1339478191675573  -0.021498965487970083
8620    0.01338787774967018  0.071184901249697508  0.0059540853194113008
8621    -0.069232492874303303  0.080494966797704848  0.085169760960395871
8622    -0.095346216244775045  0.30014100881255662  -0.0024063529094461925
8623    -0.05140714294847646  0.14822866782656127  0.080949127910354163
8624    -0.041397273477460091  0.10048681441929677  0.083068682431174073
8625    -0.11400072925424895  0.068090775684663318  -0.0161286608892688
8626    -0.12126989251559747  0.13660524552832054  0.066752170493786955
8627    0.030986733620289777  0.071221545416087814  -0.0060213723845301773
8628    -0.051452864761045651  0.20205789620990183  0.045880831798157926
8629    -0.05834420485481915  0.077827541189035829  0.059225571554896418
8630    -0.14104186376206349  0.25992801883369732  0.093983758248765703
8631    -0.10293881814494883  0.12675611849200841  0.061944370246232727
8632    0.020133619502324063  0.097754221394956764  -0.0095958366577744425
8633    -0.14598039379331337  0.33418377371311003  -0.079367261177928722
8634    -0.048755771393870065  0.18338217564174769  0.088403264456328207
8635    0.044400390288934131  0.094960201514881049  -0.035702343723804146
8636    -0.0072163745339612808  0.11508798821075149  -0.061607181093309191
8637    -0.10823168725374765  0.083107884302431406  -0.0063073344798927743
8638    0.011534526374423579  0.073961726194776589  0.04571055793348134
8639    -0.076208807315242974  0.17220860978500688  0.081223332977728102
8640    -0.040755277763768041  0.070224005329941941  -0.041441383879990107
8641    0.049520261655873601  0.15250523295609875  0.088747705954866835
8642    -0.095798351576825286  0.074365274613931956  -0.020833430850936641
8643    -0.027001071824169321  0.14618758318307482  0.10360215693950539
8644    -0.13727324494335996  0.18554272985644793  -0.028173081008461439
8645    0.083556259997103033  0.12565511937738266  0.051936415063178185
8646    -0.041298906648617677  0.17873748059237715  -0.060480407337174961
8647    -0.092248881223550364  0.073966208546977025  0.042288732189219212
8648    0.022829551136594343  0.072141682696425888  0.0088715677497874963
8649    0.029815784149024045  0.067691618400733511  -0.021339726825411895
8650    -0.12801311668722681  0.34007247586765027  -0.11041441049484338
8651    -0.12504642782398964  0.27981032526797267  0.007412036382423914
8652    0.055098730602739815  0.13366361525744108  0.080361043532618456
8653    0.039226810798615112  0.073923610879595023  0.024394011846925974
8654    0.043086795296951717  0.23400582181218826  0.0070821324929865028
8655    0.033311499999999994  0.070841500000000002  0.021334499999999999
8656    0.047719799801267886  0.15192032014954573  -0.043990773817761245
8657    -0.049012157960562942  0.12020692498690987  0.073658964371980995
8658    -0.14853751382976141  0.31897025690414726  -0.055537918570080613
8659    0.077455674617289499  0.098547205548014175  0.059762783661848277
8660    -0.087154586441590701  0.29239639624988473  0.0083293006027240265
8661    -0.060745062740363932  0.081899379434447181  -0.023951571985941729
8662    -0.1673546480025335  0.21631322058752434  0.033235226652593125
8663    0.011559897742645433  0.072925187044355577  0.077511538962155582
8664    -0.070448850000000007  0.171211  0.084335400000000005
8665    0.017057556241924357  0.069758007908298572  -0.0093114687729884266
8666    -0.069801367645031545  0.14018196217270631  0.07552571432233246
8667    0.038773004239773513  0.11527843547573575  0.087094174179081815
8668    0.022007889265313614  0.22132113097487024  -0.026945460435755037
8669    0.020702714471708992  0.071550171856767916  0.068782048663452861
8670    -0.16657552144748622  0.21054145600338381  0.030298635894322426
8671    -0.088921520971139811  0.18440951422293519  -0.039430736196848816
8672    -0.14725025964541399  0.31294085594273607  -0.039305862158689767
8673    -0.13975645307835957  0.29499964266984657  -0.074769138094243806
8674    -0.12039626557013708  0.25987602750625594  -0.010013045716455175
8675    -0.051941061550375145  0.31152778992552799  -0.0055465327101359317
8676    -0.029652806733374573  0.22009135163776566  -0.031198916104141224
8677    0.067658200991314976  0.21209989053565528  0.029616282729487905
8678    -0.070777338677564611  0.073300016705472509  0.041380767983003434
8679    -0.11875788709972669  0.19991606748410637  0.076244898872924599
8680    0.072284884808568789  0.20143069792843243  0.033906861210018423
8681    -0.11360719996536205  0.13156471765134453  -0.013760127125482061
8682    -0.038636194784673714  0.31387296019058275  -0.016262809566168955
8683    -0.071751216131502205  0.33502351219049337  -0.0040883902722712957
8684    -0.081484202600992039  0.071127324734294936  0.03562256112788862
8685    -0.018708379823554052  0.18973303218010704  -0.050660735596272939
8686    -0.028129447561799494  0.095948493346791952  -0.053701929582869921
8687    -0.046665129133897212  0.069371775052061393  -0.042199488653815113
8688    0.034657605505538841  0.24219823314192901  0.0020613913153887942
8689    -0.06484452312132119  0.068694532893153512  0.043764050604328031
8690    -0.096560168254621243  0.14684475411164508  0.076931688254998146
8691    -0.13423067247787346  0.30457143931101816  -0.014575606262455024
8692    -0.10065864761142976  0.26911286055058303  0.021201736621295108
8693    -0.029003075680979987  0.07080990160471809  0.086411629638909096
8694    -0.10180850164648818  0.066319690812363066  0.031481268932186543
8695    -0.04516403417580523  0.35618708339667715  -0.027389509445128579
8696    -0.13184971499790549  0.22928045388674784  0.090642669236746104
8697    -0.02145426887970828  0.12670654443816939  -0.065858716459623462
8698    -0.026873963950062286  0.15472083317639124  -0.069300037696901906
8699    -0.016383928455247863  0.17371019584945235  -0.066780634238714873
8700    -0.13886629310133827  0.22903594661324098  -0.010385884807265558
8701    0.05574565302335701  0.073634877679092395  0.011506719157782152
8702    -0.15290783738569372  0.23139803047405691  -0.005401551868015054
8703    -0.15212209468472065  0.14150620771074451  0.021965867352090183
8704    -0.076446652092242023  0.072183431139458812  0.039763071256087301
8705    -0.17565144819965356  0.25644576154709792  0.029842065743709813
8706    0.0073749256084347349  0.074533395125725918  0.085933760331001863
8707    -1.3153880430691759e-05  0.19180937098967615  -0.044347509022302931
8708    -0.061818752529640059  0.15555460753924247  -0.047684048318863928
8709    -0.063209101762113168  0.13881162955364451  -0.038127720621159336
8710    0.029314089317209083  0.071040183881462729  0.011018895602910896
8711    -0.14646800313168085  0.29127663930575592  -0.019174791936344675
8712    0.040430285735055652  0.079712881343781711  -0.014664012336220207
8713    -0.15768237331156965  0.21570177083806108  0.057782792742798968
8714    0.022610753369180593  0.12536487955988476  0.09917904904771925
8715    -0.059697778284709443  0.12994702172269568  0.072838160347162645
8716    -0.16270564018256964  0.17204516388692592  0.049865429676434952
8717    -0.060459069161833967  0.12856691710086232  -0.032717153795210903
8718    -0.085986946205651574  0.068913957105860596  -0.042260405528266688
8719    -0.12095335675322236  0.07218505330710126  0.027792827017625091
8720    -0.051645440061341537  0.11242448510283244  0.068855630134853643
8721    -0.091445572720837615  0.2465178527356944  0.043057177122550555
8722    -0.01146609641645332  0.12663799462627212  0.10663061985993771
8723    -0.16074023763687711  0.22331730294723218  0.085113374029852668
8724    0.087735902074533967  0.141615149432609  0.0074689189343557852
8725    -0.1360886962646343  0.18406131671096768  0.075680587227964877
8726    -0.045334914281199422  0.19015197010648391  0.085554880712937847
8727    -0.12047822923597497  0.081900222976657111  0.062844157061607092
8728    -0.081873371557801791  0.067923979075255145  0.050148912523636666
8729    -0.099586862707582199  0.075226978068600028  0.028796660226130037
8730    -0.026877770534957553  0.32442728791488079  -0.03155923282217471
8731    -0.12464880943216108  0.19891991593363564  0.077600287024745751
8732    -0.1419998271139043  0.29924851986740675  -0.041797981170559433
8733    -0.089898614705126431  0.32088721815517074  0.0088317714240788853
8734    -0.14869541530122843  0.31479591426751435  -0.045557378902159627
8735    0.081263496704468682  0.11242134133031409  -0.0052774576362958859
8736    -0.08835370545338922  0.070568023604831498  0.020125805838249328
8737    -0.14550935674323653  0.13759961557833611  0.018084919964818636
8738    0.028359804114440883  0.071075250281898705  0.036314338893025433
8739    -0.083991949444199923  0.070102166130070476  0.033093888246952204
8740    -0.0061591598090798543  0.077135299455877229  0.028165389561046909
8741    0.027805557771772418  0.070370715819947915  0.023808702994787198
8742    -0.0076475372869356508  0.20666539150359164  0.069732746896167236
8743    0.011458013185830337  0.14565286052018861  0.10854167853179549
8744    -0.030424533952514266  0.099926504183133688  0.092128100541967323
8745    -0.14559856043339764  0.13765080118250825  0.0049942466485087891
8746    0.024753507516694598  0.071523243506406625  0.0083959714489535604
8747    -0.074935672686444216  0.15530043792968176  -0.032399320706328269
8748    -0.095283348016985583  0.10792372995583951  0.061358322760270756
8749    -0.042918570378157564  0.13855903514239629  -0.069115246580709458
8750    -0.023917214479406444  0.22745577875144235  0.069786013439265354
8751    -0.12785165175350049  0.083665142131517031  0.0012607561057992422
8752    -0.098663165510324419  0.067612448985178403  0.028301802660165465
8753    -0.15019558061761143  0.25255639723810536  0.10038163033349193
8754    0.0049295212918008119  0.14564811250771606  0.10527452256402507
8755    0.033955575820365916  0.1594954673485095  0.095050884683014383
8756    -0.068737848750525174  0.094369197537959026  0.073619750107863716
8757    0.017557255316563349  0.10868361761779952  0.099009107549153402
8758    -0.10556178033875013  0.18966282809663662  -0.038891785862014978
8759    0.035051787908210404  0.12715402184707028  0.093557951707296499
8760    -0.012620841460452788  0.07889784333471421  0.072891553408840917
8761    -0.084121435975377745  0.071882706923411338  0.029691855068340441
8762    -0.10388078527927883  0.11258039708932564  -0.008710662041033438
8763    0.035568375235645149  0.073778232157589246  0.020438548352357422
8764    -0.039884647403985146  0.10721363513443864  0.079105748741980467
8765    0.08370395501568291  0.11997290155220945  -0.0021346431590166669
8766    -0.1223720035129171  0.28687322541438826  0.069156863071852787
8767    0.051021015073940773  0.16211111084824614  0.084020119568062865
8768    0.015235303809900439  0.15187129024287646  -0.063723098519605267
8769    -0.099675764394136571  0.068736698932420029  0.021242034732654819
8770    -0.12280853219796584  0.21599796042486871  0.068237943604007117
8771    0.081414357102636434  0.18275985968965244  0.035450967119454266
8772    0.029256461242159353  0.07099608570562696  0.013110586343817707
8773    -0.012773688296384235  0.069874315868962728  -0.036679477029708717
8774    -0.052984530852155848  0.12625927829263633  0.073762743620908997
8775    -0.08130254592598854  0.067083162091524179  0.051328823973786603
8776    -0.12855246047076627  0.2837314105039147  -0.02115625462810625
8777    0.026574188679875977  0.071989446677915347  0.013351767388838989
8778    0.036419959400505804  0.20254688509307406  -0.031640864234718027
8779    -0.015418724166080287  0.16715024425712596  -0.069620376919331303
8780    -0.16247915417465336  0.20180929412532392  -0.0015830189112691047
8781    -0.14223889422343872  0.3181526689843639  -0.04174720772661579
8782    -0.10206595704655749  0.26192370964639655  0.0404471802410242
8783    0.034200380076392742  0.22773098501817654  -0.018787163060885733
8784    -0.12195251272049926  0.080214437842005895  0.018195825417851769
8785    0.043782318339784465  0.086111747516936732  -0.014469506241565185
8786    0.033829357361839008  0.11996012168551332  0.092935645134684206
8787    -0.096374926922328255  0.068905196220662435  0.025644868672823076
8788    -0.08638907694321829  0.070515144290261733  0.043035401145958427
8789    -0.084115369708179538  0.068347891349007622  0.032810864353497241
8790    -0.084895765673779405  0.068480491766622922  0.032870690273790672
8791    -0.081641754192600696  0.068490319675327788  0.034195929544855452
8792    -0.087084479093410688  0.068175472771627083  0.032812850813317689
8793    -0.11803380985670332  0.085365703563906145  0.073281736398457087
8794    0.081896677545087615  0.14184399817154963  0.0025693576564497019
8795    -0.032754144825540482  0.23527352483060679  -0.01181459325036561
8796    -0.15795394184190165  0.2513390526697446  0.098662632143418444
8797    -0.052811051634911552  0.19161513397481486  0.082866115203969221
8798    -0.14375526910834485  0.3055938850429914  -0.016916315015733027
8799    -0.11632446937474694  0.084421873170810818  0.081452344750689659
8800    -0.059670644054143136  0.16503965265179144  0.079818384987343699
8801    -0.12420453565283125  0.074744918759136414  0.069068703433421419
8802    -0.013690591244240654  0.21431288973437382  0.081684714168897249
8803    0.078398462321923296  0.11127857063610404  0.057857508096301941
8804    -0.020567542659169793  0.33228196068212562  -0.044204972767358797
8805    -0.16791780147573243  0.18883665387877105  0.023587748381825809
8806    -0.11321521125840824  0.2715658695068211  0.059203931424711961
8807    0.046126196375284895  0.08377637269778003  -0.013413780907288562
8808    -0.05778926768868535  0.14862977226778129  0.076260333605378483
8809    -0.11653436062315152  0.27466502705065721  0.061986806958631423
8810    -0.13173012870691608  0.3140104871993834  -0.069644937544238172
8811    -0.080441283278697651  0.16940565602301472  0.080057240688465175
8812    -0.061587600976373932  0.17499805139325214  -0.046097495617740743
8813    0.094260208069268256  0.14151212555068904  0.026834056044974464
8814    0.020463041589725783  0.07147326812049902  0.0017368047289716064
8815    0.07150783117415474  0.13042638726743844  0.062217945846655923
8816    0.03191906924379246  0.071755399253379024  0.012000809857300024
8817    -0.071196137399091058  0.22287789503246441  -0.025622350321442063
8818    -0.057760076151547039  0.19192339005366951  -0.040721127911092683
8819    -0.08755283007153046  0.070485561025179264  0.034983933342898808
8820    0.10327662225644627  0.095912895824619898  0.031717154328156694
8821    -0.14927080080235947  0.32438630102598309  -0.060408494852802037
8822    -0.087452164516825318  0.073355876703184955  -0.039573976608458863
8823    0.037068040004553465  0.13267956053721353  0.093279913792495658
8824    -0.10379994007842538  0.08569493808042454  0.046806647844364599
8825    -0.082714043086697636  0.17266665932722533  0.080591934491976533
8826    -0.061012888802099451  0.32741352635776866  -0.023857081668809635
8827    -0.16368424772176018  0.25172273917263338  0.094605293956330577
8828    0.065086040747236534  0.21576310958943073  0.017140654031121135
8829    -0.16179456568427669  0.21053937486807037  0.048547310093454678
8830    -0.0068431771787384587  0.24623475299289124  -0.0068717247337761493
8831    -0.097320827303082946  0.068290772932185814  0.026892333722621613
8832    -0.083217878066784864  0.071025517501347182  0.027196079738113492
8833    -0.109737501751918  0.27604516234173027  -0.00034749795092932286
8834    -0.077223418040384448  0.19627755985975684  0.0694801155247049
8835    -0.13075196873562134  0.29113283496742459  -0.037947195861137747
8836    0.00050483946675784471  0.16571600780628565  -0.064160668024079479
8837    -0.099566554297487703  0.18759251667275106  0.078751306384760841
8838    -0.0158649661232871  0.22005077239725929  0.077696057250679268
8839    -0.10476240544261207  0.10900046741334526  0.016961885216799984
8840    -0.089390358867366376  0.068461354256899754  -0.033606894731826986
8841    0.0097702231724817699  0.17137859042775111  -0.059619757512502425
8842    0.091872701923903288  0.10514398352381424  -0.0051250203412862034
8843    -0.070939832326045352  0.15140534429571439  0.079283013436974775
8844    0.010180765468074962  0.079875939760588516  0.059361989675402418
8845    -0.088926440686236327  0.071844631218130672  0.015814379745469859
8846    0.02558656431430615  0.069362021085519129  0.039577097836496773
8847    -0.0032747933067468838  0.075180019259287273  0.024296236552770637
8848    0.041404465106161054  0.092676868715387065  -0.038444289918806621
8849    0.044110597687176692  0.075084069802619835  -0.0013257822411991309
8850    -0.11806138583203976  0.29837622666281455  0.006294837806192612
8851    -0.073505067295901935  0.17388979584918263  -0.041464678659031563
8852    -0.0038964530549898736  0.175403902482207  -0.063711027721210692
8853    -0.056535963013492167  0.071679727651861466  -0.053611447354751797
8854    -0.11083201324250258  0.20695711419618951  0.079836247815702269
8855    -0.11161602565938759  0.20756282816062549  0.079206242042247479
8856    -0.055179060174129033  0.12726859389202669  0.073719589425029541
8857    -0.10606903535340376  0.29442126187705248  0.0051565825284266729
8858    -0.098361412043994789  0.10749503873230046  0.024605889003998169
8859    0.028948099999999997  0.069992474999999998  0.016278025000000002
8860    0.029485297921409147  0.070021435711910593  0.016310879007078938
8861    0.028479192324176294  0.070122601151336922  0.016211164193998383
8862    0.032266999999999997  0.070873850000000002  0.01688245
8863    -0.14519214914622439  0.29220445340779599  -0.024827778174956169
8864    0.057057146824949917  0.10167832635262507  0.065777044709830673
8865    -0.096764000355848354  0.071264074542724112  0.088586346778977532
8866    0.023660730968968979  0.071898422590015457  -0.015424706932706716
8867    -0.089539563687818222  0.11595646593737521  0.069590840760033565
8868    -0.082911433531285314  0.068943537623233381  0.040431683508099052
8869    -0.06667871561602555  0.07418708409660546  0.066037099253046017
8870    0.023530139133725873  0.19476757910790515  0.088459125194996144
8871    -0.095810697822058449  0.31368365760039302  0.012266878790992723
8872    -0.054752128613801479  0.1851618699044067  0.084855525995589431
8873    -0.16615202537246176  0.29118327079112544  0.057234699223928827
8874    -0.16790744467523644  0.17178170014327734  0.021011550165506824
8875    0.02086757657075608  0.11130306046651324  0.10080785352575318
8876    0.0080307868252930646  0.080544054564418432  -0.042585463230621061
8877    -0.10300244137141214  0.070325865460082432  -0.0038260480735830011
8878    0.027964547732564179  0.070506343580211114  0.027952815401446937
8879    -0.17017000188980422  0.18091145136676995  0.02052223966470413
8880    0.086145637007140299  0.1483034523974214  0.011405734221500333
8881    -0.08501788149678649  0.31969536322453879  0.0076708539081448241
8882    -0.0081512986232370067  0.081495332265786244  0.086570437467977532
8883    0.012873487428291927  0.153343140605602  0.10308564573577764
8884    -0.073400652969857816  0.09904051402688871  0.071232868492033752
8885    -0.16930223601750122  0.22204437023402654  0.067408349156713065
8886    0.019550199182517495  0.11640109344979241  0.099171800123091056
8887    -0.084852225164619655  0.069851865858956919  0.029543070953228709
8888    -0.1473253606403738  0.18176123609259612  0.068151457073181376
8889    -0.055645028981318082  0.078225828934885736  0.078718244669745863
8890    -0.12910783872951664  0.12297495493644819  0.023595320828741221
8891    -0.1071385829595477  0.30023118248359915  0.02234162670728063
8892    -0.016479247718650454  0.19753706617346914  -0.042831587357969478
8893    -0.056198165814467342  0.33440751667590812  -0.02724688135610364
8894    -0.12572588940604565  0.25794523698791566  0.074600242866900701
8895    0.033722302678149664  0.19158802012469309  0.086576755035125824
8896    -0.14908841836941938  0.22089959591670871  -0.0067046346776772868
8897    -0.016987760590326993  0.14556701705687708  -0.069500711737118123
8898    -0.14334461441606977  0.29710219064910093  0.061035938597069399
8899    -0.047013285919694003  0.10757882180134182  0.072569797932786978
8900    -0.11949387116682708  0.069292853612554425  -0.012056981918045977
8901    0.077384026366222575  0.19068286717874525  0.03920392681204847
8902    0.037681156882313799  0.090011191902480719  -0.038873220235879968
8903    -0.11150141352158875  0.28819426007017274  0.00019097727769286086
8904    -0.097512565077747596  0.28685978024549325  0.011152288828340847
8905    -0.065915547472267078  0.096960701649237438  0.072801142873678726
8906    0.02525071007713537  0.071292560963907875  -0.021736495663972063
8907    -0.047758268822030034  0.073151752786924845  0.10209663835167003
8908    -0.1461835978675402  0.28949932252369021  0.074443019618141704
8909    -0.16046164205595398  0.20977751070374645  0.052245694217697841
8910    0.044419728956695576  0.14069539661295666  0.08783869176124974
8911    0.061845893973131116  0.22358886612632503  0.011448493827306064
8912    -0.057081136351871835  0.3420153368547964  -0.019054094987825079
8913    -0.10128366247854138  0.14973947957595218  -0.033080231708341186
8914    0.022718399708653837  0.069379710301565339  0.0053630144717493082
8915    -0.050628282862224872  0.084237211057340472  -0.021503219668098345
8916    -0.10399597188443926  0.066383555363218175  0.033500817229998751
8917    -0.15458543541996458  0.22318428849228597  -0.0010819861581058661
8918    -0.059708925023977934  0.2308024815311798  0.054615072597825338
8919    0.098925645552626673  0.14338722651091318  0.020795647029187625
8920    0.099738152592148827  0.14333690462894857  0.021615073181415929
8921    -0.17503532207027098  0.23165998749788044  0.017250864963119353
8922    -0.0094573120588101328  0.079804312190446133  0.03509851131719182
8923    -0.12771087363732922  0.20255536257837206  0.076941222370160114
8924    0.0018484551874037069  0.072026967959265803  -0.044693690673826204
8925    -0.17033689971679503  0.22352297961261733  0.075597618189575208
8926    -0.10887431020844739  0.11788628609592586  -0.0025657190992337711
8927    -0.16647728759154162  0.2237948072194767  0.060429906301289929
8928    -0.11429723407263252  0.11707610883712551  0.032455984702280102
8929    0.10471921818311733  0.11162585231495734  0.047264484975821287
8930    -0.093829686139819568  0.15226800969380355  -0.032760212591286683
8931    -0.14491262651149145  0.32326923025242693  -0.066693345542596288
8932    -0.085827302583190171  0.066595957036938977  0.050814567684503972
8933    0.0014855409279860411  0.23167514782744894  -0.024000540976334639
8934    -0.16525773856050519  0.21249604912316625  0.036217395134648118
8935    -0.092094157152255135  0.25420990130619037  0.04086688243629439
8936    -0.057900050000000002  0.070146249999999993  0.077202650000000012
8937    -0.12803356407229624  0.31620528504981815  -0.1070008237927863
8938    -0.16072726141337801  0.26430433252737345  0.085426938074195338
8939    -0.15268953107513236  0.16993352204590378  0.062436655442514526
8940    -0.1456715119185667  0.29942055556452324  -0.00010523851336684061
8941    0.014113125463570769  0.078910544492331383  0.054349741829345037
8942    -0.0042772885888397042  0.16803578700244615  -0.067328218783573646
8943    0.070353906811839687  0.15241422570753033  0.067228607222033152
8944    -0.06670352640453861  0.1273265360257741  -0.024237099613369728
8945    0.082005518427530386  0.10454106768572663  0.059260952789764482
8946    -0.1074745943337571  0.20612077810335361  0.078537530351344462
8947    -0.11475531473240931  0.20175679944985267  0.078659684356173973
8948    -0.17517206930981222  0.2455538647214538  0.052113134447276374
8949    -0.090123416116889107  0.070196673591265024  0.02046219441368434
8950    -0.024590939104972627  0.070871627035059392  0.086087490024196869
8951    -0.1214315400638752  0.33263495173483154  -0.11861908053902569
8952    -0.095174688965546941  0.070025325194602583  -0.011514976774425083
8953    -0.13867285696505405  0.23868507627586569  -0.012636132650809631
8954    -0.14264716188056481  0.13103556280209777  0.020306560428031879
8955    -0.05198508577437011  0.1881679561926782  0.078185067823568405
8956    -0.15088362645411688  0.14174216850965698  0.012310385229538954
8957    -0.042862263330215949  0.21273671214863982  0.07339799075663285
8958    -0.0673707528521197  0.17930963896271643  0.083955276732690237
8959    -0.13286358022175337  0.081156965565821013  0.0047896763460731316
8960    -0.15663808228322065  0.22254995935453395  0.059820069695938276
8961    0.05094837430418999  0.13995046421811969  -0.040613860204769876
8962    -0.077399652165972721  0.071357141278493921  0.044668070159907231
8963    0.030035794135207985  0.073390609352323388  0.08136720487549591
8964    -0.1739812103172251  0.28571908585784306  0.046800627617742827
8965    -0.1244723886557335  0.077911774444178267  0.057698860044972121
8966    -0.085904206477129361  0.066210856967579418  0.050926091686695651
8967    -0.085781927171794115  0.066178589950145819  0.050721077222058944
8968    -0.085474709135398744  0.066335588454776578  0.049792208701317918
8969    -0.13363951555560688  0.28210877455954014  -0.019809868671806716
8970    -0.10281452504919888  0.065792921586327463  0.032579992531540702
8971    -0.085727908902157507  0.070827045486364149  0.021062135026153152
8972    0.053231976315722129  0.12377144699917732  0.0790529104569338
8973    0.067738074524180264  0.10682726815917766  0.061847127623744204
8974    -0.0868689143755626  0.070920801052060445  0.027451043806265146
8975    -0.0060323210376243795  0.079689395772301719  0.0013772828721764
8976    0.012311212133059373  0.069444653039061721  0.016016172681503384
8977    -0.11117253917349146  0.22776452735007258  0.069032042015127679
8978    0.021104350120672802  0.23530455370318573  0.061747492496427248
8979    -0.10787926329921653  0.072216047003668599  0.037867292530268049
8980    -0.059192958716748068  0.31648010490011114  -0.017673778451996677
8981    -0.17484099545045309  0.27732667784586873  0.034321094798163969
8982    -0.049397631448495453  0.13520654311688543  -0.063075263523286129
8983    -0.098818536692703213  0.23155845386872781  0.060912421638978351
8984    -0.14449148971813869  0.31740649618746891  -0.060728209291705193
8985    -0.055319091250009285  0.14479404966109799  0.077306954553952659
8986    -0.08928827159955538  0.070191065613417244  0.019872337743068312
8987    -0.089508855842332119  0.067521761915426998  -0.041647932258728947
8988    -0.14526728716179227  0.24526978123733301  0.099463759800397344
8989    -0.088764302218920871  0.24263914676182644  0.040927540248053236
8990    -0.10632421487899618  0.23221651291324646  0.064689635495558007
8991    -0.16497780367988421  0.21389288600213141  0.016349473696800541
8992    -0.055945510362939085  0.14981264164004962  0.079636476074463142
8993    0.0094381520255206672  0.07874454593773271  -0.0018403669279909228
8994    0.016676174498250824  0.20203273761549287  -0.036250404080089643
8995    -0.060652124179632297  0.088939534642347523  -0.046811892866341166
8996    -0.064967618031068985  0.14714377587957533  0.076788609271242966
8997    -0.0063300845332674759  0.071180331584230427  -0.035750030025593071
8998    -0.15505719222135333  0.15097627575670955  0.00086585562375860771
8999    -0.080752263300566132  0.084970928699959591  0.071724699440370812
9000    -0.081128584753463934  0.080789445359892798  -0.038952888528360541
9001    -0.098687432998868549  0.28242756246672701  0.013680575979697338
9002    -0.097138360588054265  0.12356138776140263  -0.017925172920368607
9003    -0.14385810759232731  0.30069671540264603  -0.032409579764632095
9004    0.033181493801933949  0.096715736066956728  0.08326811587913549
9005    -0.022438704884101896  0.20658230593524396  -0.040727103466665276
9006    -0.17462030275335239  0.23755584397782467  0.079031940734992756
9007    -0.085245214195997995  0.07060243251733242  0.049351814679787782
9008    0.038029836204394075  0.14122184735649407  0.093627404995577881
9009    -0.093003283395750078  0.069663351627735695  0.023113453824265273
9010    -0.084161213277793856  0.3196142008559742  -0.011018607337862125
9011    -0.14692182370859008  0.29235591095972424  -0.021931065049891479
9012    -0.056982184242507353  0.075635861050968867  0.097909047852504635
9013    -0.060560716947646219  0.1887401851715616  0.083398029083501607
9014    -0.14120465730415205  0.32050647654822945  -0.073881740722049019
9015    -0.13420036323582779  0.3133526771893379  -0.02857028296820717
9016    0.00055135003671789298  0.076560785549420182  0.011523943967317195
9017    0.02991356030525091  0.1756401858685315  -0.050363498916612799
9018    -0.078859515372693978  0.073053227609923527  0.02865650552023076
9019    0.029557743615270981  0.07077167375245566  0.01257469173108282
9020    -0.083479821895563161  0.30824913941756971  0.0061156256856164538
9021    -0.156624870618677  0.27562865155410604  0.0020619381434814621
9022    -0.073526399448882729  0.30723502463617958  0.0034566476563957205
9023    -0.046342199931009451  0.079471216484629265  0.065848869808495372
9024    0.023131875  0.071026000000000006  0.0091548624999999995
9025    0.023005612495017327  0.070697209348049073  0.0082041516248046661
9026    0.023289354993621444  0.0701306106077247  0.0093092897076086228
9027    0.02393885408387417  0.069650028524873342  0.010355320267839117
9028    -0.029972194785696956  0.18176592343894768  0.10393721462413158
9029    -0.054321802442829137  0.098125189989210701  0.07524840954557474
9030    -0.059555386294104964  0.23453683156732516  0.048828465549057419
9031    -0.091247202602988492  0.31307029984511431  -0.0111419767392057
9032    -0.071303118768066345  0.15975050344350844  0.079310528499786606
9033    -0.10138205812163356  0.066432392920793365  0.030781190352168007
9034    -0.13649475127109906  0.3106518508069514  -0.075013046049140442
9035    0.0091115717250358011  0.21576137542734039  0.074654337884007327
9036    -0.083701364789152161  0.069349631740959067  0.035480834990904188
9037    0.0105926564666386  0.21266075784041008  -0.034599289629537247
9038    -0.080646882996710426  0.068157281949845744  0.037616620871720449
9039    0.097990443115725606  0.14155961048108781  0.025288996719225017
9040    -0.15541089784354351  0.21507393751691725  0.060753398121593562
9041    -0.15724227482722869  0.16108253402834188  0.049970295207702096
9042    -0.11387993046982625  0.13603418622824523  0.06818932713588001
9043    0.034982948033163701  0.094652246081617097  -0.042478968805527699
9044    0.026888757499450591  0.11865254599723685  0.088410112437232319
9045    0.023643221908823595  0.072952688709389549  0.075931250909179043
9046    0.079500579130953389  0.12002347553779034  -0.0042436939837249069
9047    -0.074283091937107998  0.33197718285676386  0.0012675345726101473
9048    -0.13718033277976929  0.27674463090686752  -0.011466165527655165
9049    -0.00075126060935541965  0.080178136913595627  -0.046009283480274762
9050    -0.083273960709254261  0.06903386382582094  -0.010420528625715681
9051    -0.16291571498422436  0.27163141029830279  0.010991190212128264
9052    0.028258368433532924  0.070672063597608262  0.019190120474372071
9053    0.029847925266656028  0.24568340771112018  0.026642229343436758
9054    -0.063688252876438034  0.17494045340548522  0.08139762450793353
9055    -0.17374331608819935  0.22543623534597251  0.065202063346531752
9056    -0.093231697341376887  0.072096686403150131  0.069062388238206693
9057    -0.084242134327627727  0.09172508812971418  -0.010000376417062007
9058    -0.026652773652128616  0.33259331349257948  -0.037995988866896445
9059    0.03334130302229471  0.18516310025416752  -0.039656918713215888
9060    -0.13135826616038887  0.32400095011016022  -0.090481379956539293
9061    -0.13075212796170857  0.33600792371942861  -0.10420523453820371
9062    0.043377689883678662  0.073896538815513724  0.024639799162352826
9063    0.072215983825850441  0.12203911891458598  -0.013624351370797377
9064    -0.020480626271929776  0.19562821025768115  0.08441080389131872
9065    0.097731327587633726  0.099257056677231045  0.0060065298959275353
9066    -0.17048839821132533  0.28605732987597526  0.054890002455389678
9067    -0.10404819977096248  0.12717480052063534  -0.016125497437273532
9068    -0.13198739690260775  0.22981555227981812  -0.014066310147667981
9069    -0.12475180811866153  0.078173014616545425  0.054017899543760635
9070    0.068976836818611539  0.10484114290802153  0.058852267997971261
9071    -0.085348718546659513  0.066572884083358222  0.050997659799174429
9072    -0.046749678843863447  0.10005284480505584  0.078613982214871314
9073    -0.13673080945405888  0.073760310973298604  0.0052475048910241955
9074    -0.025066777218384337  0.19813361030134166  -0.042960081456146257
9075    -0.038482834632575645  0.20641031805073848  -0.035961607495226484
9076    -0.13413014254643071  0.21249215924052522  0.068643047162642523
9077    0.027039743447042731  0.070270622903405924  -0.0097931728586117678
9078    -0.10810689283293198  0.11326090503038484  0.025713494827393792
9079    -0.021666360816421263  0.14281318354548936  0.10776171198117321
9080    -0.062145057591675476  0.14752607425778697  -0.044125734309019914
9081    0.089279616835761466  0.14313644555147553  0.015581787168674142
9082    -0.11705772537028085  0.067421537669900625  -0.0043014774956423507
9083    -0.073236615606979666  0.072497543754934307  -0.037303130384039811
9084    -0.071535724236205397  0.16889151195151172  0.082422904544898062
9085    -0.1714918304139991  0.27710622843242422  0.053559802786592246
9086    -0.07536734203794726  0.10807863097997614  0.072507715251552168
9087    -0.10801823215200845  0.14832399117347894  0.076022092144074113
9088    -0.030555402452459499  0.070171184372787701  -0.046743496767800909
9089    -0.10895067253549368  0.20793268645443938  0.078274443193025775
9090    -0.084700245948083494  0.077031902728064025  -0.040759858556564069
9091    -0.061891557208093306  0.07360871172331987  0.076213354171624392
9092    0.022802626694691283  0.071218871669576217  0.011483881009338717
9093    -0.1570196545567272  0.295217038428427  0.054342027913133452
9094    -0.12377159332796972  0.073153615448471959  0.053444256916072248
9095    -0.17642974690867938  0.22938087108311686  0.025336144466704218
9096    -0.032311088802807718  0.097288574068209066  0.089934928537152348
9097    0.026718800000000001  0.070024649999999994  0.0165468
9098    -0.048633124828837082  0.31553116028710571  -0.018122767306754859
9099    0.026257562499999998  0.070988749999999989  0.0082600937500000009
9100    0.026188818532490332  0.070809741147631416  0.0077424771206321807
9101    0.026343302403714956  0.070501283730272118  0.0083441823341142696
9102    -0.097570403169396691  0.089417382017765279  -0.012581285612327034
9103    -0.16979609988877434  0.22047740108204494  0.028486663198095764
9104    0.028750265096387315  0.070719856950264559  0.015690640427953664
9105    0.063445010927798834  0.11207315369230719  -0.022048815077838291
9106    -0.0036560328118936491  0.07825192501075133  -0.033174086560516618
9107    -0.063023530742359141  0.24261738195498964  0.024050554105200645
9108    -0.12552193738637657  0.30754547028204154  -0.053293395447483072
9109    -0.10182000080931358  0.068449437013080011  0.017346717085075524
9110    -0.067670929689778656  0.072674853936168085  0.086515263296617073
9111    -0.15950630630076257  0.15295652968646323  0.011326889878921453
9112    -0.032885462433762058  0.071113812769710738  0.085419554315403351
9113    0.034700852247253576  0.071839712028006014  -0.013993228714855499
9114    -0.057261208488635244  0.17776917105540052  -0.048036463834173523
9115    -0.076673204444785259  0.12579361692469557  -0.020423049983614504
9116    0.036788102118662146  0.17794007707374518  -0.043923153548921387
9117    0.015468079668822262  0.072736001131144715  -0.041724101889496143
9118    0.040396220093007369  0.098565006789077092  -0.043255638074594378
9119    -0.11820027640674181  0.17285019185939751  0.084307547370043839
9120    -0.14141816392092937  0.3134706634932537  -0.020445894902862419
9121    -0.029548175620867683  0.095564151300721475  0.09139237970788322
9122    -0.10901347052381143  0.081843024878490364  0.051274552515764502
9123    0.098353787644272481  0.13924503247036257  0.031762672840630536
9124    -0.17132195327104452  0.18943223463406528  0.018451587514483347
9125    -0.040951439596261706  0.20153380043230776  0.081537388052431867
9126    -0.14588438828284336  0.32459420634105596  -0.046599705241397622
9127    -0.11325989840479181  0.21048254178319556  0.077044818530274894
9128    0.030766852910228636  0.072432515931199412  0.017804500920056993
9129    -0.14109059555695169  0.29328646645921425  -0.044480823044709759
9130    0.045469977829485281  0.076934600163746425  0.057863753691610981
9131    0.053899140668177463  0.10252596971975411  -0.020138972011162444
9132    -0.16977122487283408  0.26688523201339986  0.034684614583008512
9133    -0.089973675482955526  0.074741981581666686  -0.025759345492996799
9134    -0.15153563834435674  0.33707930020412213  -0.08281433036293627
9135    -0.14182105155040597  0.31758402236139094  -0.069008749746519799
9136    -0.035495490618751097  0.069922477687188359  -0.043440043598330487
9137    -0.10616632630928791  0.10590165316678485  -0.0020554712326466005
9138    -0.084370627675649401  0.071050495839053679  -0.017542932764954566
9139    -0.067808722401964241  0.31528933267682235  -0.0054905454773112143
9140    -0.17077825593724308  0.18816301196263041  0.028876887439488755
9141    -0.060514367404168837  0.071983704842969093  0.082452788527384288
9142    -0.0094142667434380205  0.074338358439905064  0.077197603035311022
9143    0.022442597525003702  0.071220674822846608  0.0067195127799394381
9144    -0.13835183199374995  0.30423989983591487  -0.05131961887842703
9145    -0.15868600488665024  0.26654298321866193  0.0011692853127501445
9146    -0.078957393434760603  0.16144082061178128  -0.03404655669431958
9147    -0.096419162185971616  0.17546289761368461  0.082044027577300171
9148    0.034258496919539583  0.08769701177271709  0.081182825957111016
9149    -0.12814092283231601  0.30006142392005736  -0.054386854618390316
9150    0.0036034177199817104  0.19249064124329382  0.09017235459077852
9151    -0.034703027148039758  0.15207330840428046  -0.071667121926128854
9152    -0.1282158115165922  0.14474900739594246  -0.024170638767219189
9153    -0.042948636197393496  0.072826091055999825  0.10136654493417616
9154    0.045418787434602849  0.08095698962033232  -0.010488948521319401
9155    -0.064680514588627544  0.31695579559767184  -0.0085912513281700548
9156    -0.16947021813901061  0.26226695812270467  0.074223378760159317
9157    -0.17440976269639666  0.25409773600604657  0.017892868641725661
9158    -0.063873967713755392  0.091491832727763289  0.08103719688419278
9159    -0.16419918460781963  0.19518124361667885  0.0041142283458563047
9160    -0.037793378804250724  0.12448316839830635  -0.064801360808426633
9161    0.053878340327423224  0.22911146685554268  0.019039815642251202
9162    -0.13521023493774348  0.30114983855899252  0.049074412569930899
9163    -0.0783237987041841  0.069600796066923251  0.048812769945556438
9164    0.078940932518847221  0.12878720288470183  0.053804011002519615
9165    -0.14659248635225411  0.29577243237196532  -0.035171603365599206
9166    -0.16667116853280459  0.17589683105476056  0.0054506563850840462
9167    -0.093342959031741335  0.073170478867871411  0.08712188607346448
9168    -0.058784656137258973  0.068763134798612929  -0.047672672550203195
9169    0.01033814111563626  0.18585746180304571  0.098390129337947094
9170    -0.10065076110453838  0.066820617342806518  0.030303887808655415
9171    -0.091642922081366346  0.23971316756376912  0.050219441779581105
9172    -0.12856015219457362  0.28289414682017389  0.07414471573490114
9173    0.041049280365202827  0.11315908701172053  -0.04849720268650716
9174    0.061073468735613451  0.093034054616937034  0.057350713761532744
9175    -0.13194726108120777  0.30683119393841513  -0.10034976387715702
9176    -0.0035366027034497306  0.075996556514323604  0.030091895684391419
9177    0.033065053222203739  0.072398763293067964  0.013890306134686123
9178    -0.068544698310567226  0.1213133138242927  -0.021625867246815297
9179    -0.1138265701137605  0.15094205186746382  0.080552327513509173
9180    -0.043159873088763616  0.15040732732707771  0.088896006227511093
9181    -0.11224976824032401  0.20562047139081452  0.07794283818563634
9182    -0.13917529547060054  0.3300570076919882  -0.075307965186647369
9183    -0.086930125463248589  0.24742665992893842  0.0017294814208393006
9184    -0.11811310459306062  0.19537900602442221  0.07993000644565032
9185    -0.072362779367273103  0.071035839016382815  0.044977489771597198
9186    -0.11630544729563731  0.18692029707411537  0.080820266343649749
9187    -0.025431175109300316  0.13009735147759646  0.10052240642488457
9188    0.029636553670631366  0.070949370285598598  0.011452161422609467
9189    -0.094966138355343843  0.070300171711665221  0.029931082315622037
9190    -0.062519587442863428  0.076107803493105877  0.058270810974733515
9191    0.03042504453856771  0.24745958383371294  0.037829174086426519
9192    -0.073892388693280228  0.1630985039190527  -0.039249629115920115
9193    -0.0017068422793655375  0.074818012087522701  0.081691387568001567
9194    -0.084173747418472319  0.069508285372575293  0.038120796857609517
9195    -0.022863253579088035  0.10839979135932629  0.096219790770350047
9196    -0.071722077596230546  0.076900418992799549  0.082616374114520524
9197    -0.040228971905616487  0.089623059564414798  -0.052196292571724014
9198    -0.02498569903412436  0.096838820600003525  0.086484686452427226
9199    -0.089160129947948349  0.29535555024622784  -0.0061146857393635512
9200    0.075037372019611012  0.13780141911974686  0.059603465676106776
9201    -0.075557531564395111  0.16819167156865897  -0.038731758640748598
9202    -0.040408756590411349  0.10010415996309577  0.086976609394273624
9203    -0.1324105139982846  0.2883210013321103  0.076373158793709581
9204    -0.06209627599829913  0.1953779280890533  0.079969092778405346
9205    0.027416177241873101  0.071957431228595978  0.0089278250747103181
9206    0.039252721439213357  0.10817739519649321  -0.050578301904232674
9207    0.038912617814994763  0.073275988068955578  0.014506046573447529
9208    -0.029118787253352308  0.082243659051903728  0.062860784619174007
9209    0.042578466292911087  0.073129388419019198  0.020002029106162049
9210    0.043129394168545367  0.2168418498098173  -0.022996231708217577
9211    0.10698113296050149  0.13428866446252005  0.013757275817296287
9212    0.096440745860500054  0.1042215469423847  0.051918990036293369
9213    -0.10722583930244872  0.31074079359268936  0.0035267468519886887
9214    -0.042640624390622342  0.18729990306777866  0.086605469191193982
9215    -0.082229508204799809  0.0694638081037941  0.043018528079866974
9216    0.030498342479951337  0.16497808733842187  0.097058009738225509
9217    -0.10702995558531049  0.1502104619596149  -0.034176752086451413
9218    0.016710935449123776  0.073956968392778669  0.0094447231495481555
9219    -0.13069037844455519  0.31671859066024516  -0.043663789304676993
9220    0.061270440053251482  0.17000510562923382  0.079122176651195017
9221    -0.026122795909037468  0.23335538461017466  -0.017318922712256837
9222    -0.13932123146683467  0.29975559170785093  0.055944050909349036
9223    0.027115802677885291  0.23966137439403107  -0.0079233894032438076
9224    0.081588032266463273  0.10172695442172565  -0.0071881200219405693
9225    -0.14225495529662763  0.22782318849486211  0.095464588500937225
9226    -0.01436316705739844  0.067886035065498812  -0.034392545658318854
9227    -0.01369094347901809  0.067241610156828863  -0.036248071423705369
9228    -0.01314900913247698  0.066726380543018896  -0.037709428743380187
9229    -0.014283875  0.069416749999999999  -0.033258049999999997
9230    -0.013462361947916288  0.070867643516044118  -0.03243684855646306
9231    -0.10654691341222644  0.12205053126102867  0.050686947693605509
9232    0.05419845649661683  0.075722852246331393  0.0019061498607579235
9233    0.027971037431080308  0.073928352697096134  0.083740628640688111
9234    -0.044860457000603579  0.080925328513241579  0.070265328843225131
9235    -0.014585847991461974  0.19334364160992384  -0.048967742293924421
9236    -0.011511292136030259  0.074390314166762617  -0.033304029741929149
9237    -0.099545118376420091  0.067046645234467656  0.02947218277958143
9238    -0.15511632022916727  0.14609828582966553  0.0083320606558707645
9239    -0.17341658579602584  0.22484920956328211  0.034515384318834851
9240    0.024191667428700839  0.11314267655646984  0.095463882729338756
9241    -0.1284899024458255  0.24493263206400015  0.087841343925996282
9242    0.021621892676261942  0.070211336479397715  -0.029150095740076581
9243    -0.086647700839540209  0.070505930193556915  0.020747748701205632
9244    0.03941975105908975  0.073169480566412287  0.021042749775597794
9245    0.003090974715572045  0.20087449593223367  -0.037902475558207617
9246    0.02625186331865275  0.07115023974344914  0.00916531228559536
9247    -0.038298168342322726  0.18914818974476011  0.088873927088273741
9248    0.075750602619098009  0.15314608751548889  0.059442511983278955
9249    0.046749621770417193  0.19888322002417533  0.08222865610719178
9250    -0.13798503853235533  0.33432545707606098  -0.086376917754021523
9251    0.031564561198291784  0.07080880796541518  0.0016715188802176131
9252    -0.10028219305642211  0.11498683554757666  -0.0136005839006773
9253    -0.055223064976353285  0.091720905489247065  -0.04760753020789741
9254    -0.085899771592834365  0.070097148179355709  0.021199586760415196
9255    0.034250276924078407  0.083383210657706847  -0.040438120358919083
9256    -0.036114056077287716  0.073197873959750095  0.087447294024232819
9257    -0.17251067460520053  0.22197667624778239  0.069509712895760467
9258    -0.10374351623342426  0.076492214706939898  0.073300142489292439
9259    -0.034987407397745002  0.086934235666355247  -0.052297553775111243
9260    -0.038716351301108239  0.10522625466156171  0.087028560590157011
9261    -0.037436522777225777  0.092832433482656213  0.090259577691303355
9262    -0.13786658661481338  0.13530679146570784  -0.0020725094109023895
9263    -0.089409028153691825  0.23347801547527339  0.052737648474130823
9264    -0.1470248435867503  0.14190234885787931  -0.0032658377036169054
9265    0.015178687430627717  0.15591217145385705  -0.06408391887130567
9266    0.01489071473520988  0.13482656228320969  -0.058358566529024852
9267    -0.16461168097285722  0.20221311475095449  0.014776793685432577
9268    -0.084176826136454358  0.076905154658750904  0.083000308253739566
9269    0.034403181238838745  0.072552578321983252  0.016521458714359963
9270    -0.016575968528183428  0.19357727594946986  -0.047243851641136932
9271    -0.08411845270859318  0.33103241840489916  -0.0028938780079774602
9272    -0.096948494829689244  0.25435235278834939  0.012995467106403206
9273    -0.049594229183493661  0.078547830424876522  0.070131020436050823
9274    -0.054247903112600408  0.34809328920257759  -0.022534511591191651
9275    -0.11595553090625903  0.26685947264274612  0.063641067768118953
9276    -0.056994972980489535  0.23679093066626  0.040548402055548063
9277    -0.1365846948494806  0.29125740287946311  0.073755310542724578
9278    -0.1005652550694499  0.31372811248749266  0.012831430941987073
9279    -0.14724829628864733  0.24933550342502175  -0.010883541031453076
9280    0.027772836554077897  0.070945075586364995  0.016765501332016316
9281    0.01295562034426344  0.19496013924729488  -0.039742293928453784
9282    -0.13227998146235637  0.28663335591494155  0.071007241293325779
9283    -0.049864260671928111  0.30999040838115954  -0.011356872472963093
9284    -0.099981883941989702  0.31221779544983363  0.014605315010079688
9285    -0.10057097463814657  0.31520324679713302  0.0026400289798617694
9286    0.026204548975964644  0.16412041736671631  0.082735184616396923
9287    -0.052573869328472418  0.3255975921144843  -0.024669739120011455
9288    -0.15950029420051018  0.21357432278363006  0.052995304271828685
9289    -0.030537196916687444  0.12482113617805249  -0.068472981745323624
9290    -0.094017331341078425  0.071573367017818398  0.07838290354194051
9291    -0.17348666707323071  0.22769757498721996  0.059927703794218024
9292    -0.1029318169390897  0.30170920724336214  -0.00012065218850254935
9293    0.035857010982483985  0.086617019299989884  -0.017204333209366672
9294    -0.089853519964863321  0.24193286298847039  0.046684193471577574
9295    -0.065451183203058788  0.094158437906015774  -0.024029410723278598
9296    0.040073103007214471  0.078029643536631221  0.020325642799612544
9297    -0.096050355698982293  0.074974656814823459  0.08771963545177168
9298    0.08804381469207688  0.12217565663895663  0.05447247085929293
9299    -0.059658135651913149  0.17343861502749844  -0.048952492355020125
9300    0.027819464730984136  0.072193299952322654  0.018888267047088375
9301    -0.071040403338330685  0.071393109138189401  0.069251838745858552
9302    0.03785951287663903  0.073469191249970756  0.018100635799709299
9303    0.040737750957400246  0.072490542279433134  0.022434880941753863
9304    -0.12081298398063296  0.22769293292935064  0.071402987830645373
9305    0.071677726522248991  0.15302628181508374  -0.018325861205049945
9306    -0.13365924772120821  0.16808366696442706  0.076468316902129782
9307    -0.022460428843035091  0.07829134234148008  0.027496337651010172
9308    0.0034195407765580704  0.08745317139043518  -0.047032815579937687
9309    -0.07936703431033125  0.066666306772403816  -0.024525759161691627
9310    -0.080697808005639707  0.066303589587272005  -0.024829786011330519
9311    -0.069212058174672797  0.230362378412344  -0.017144865073420786
9312    -0.047117349037542548  0.087133057877713749  -0.048750453171804396
9313    -0.1151725844921931  0.28310120499422237  0.055770941615717246
9314    -0.064387632953396431  0.22525751942047134  -0.024248017510327902
9315    -0.087558724855518022  0.24843110041988509  0.034483890016717353
9316    -0.097133089463172922  0.23939668131909397  0.053329953007955219
9317    -0.12480983081540062  0.077389370184472506  0.055574528113430867
9318    -0.14601586536287697  0.29806116760866375  -0.051604291631068125
9319    -0.14691174535110432  0.29639552395438684  -0.051466220428808648
9320    0.030467209843548174  0.071733847663941197  0.011291495662544669
9321    -0.087786582327228649  0.23779053971777322  0.048434463466741594
9322    -0.023940131698402981  0.10134539982578832  0.097568329688469915
9323    -0.1450432898203004  0.23243633558253612  -0.011584819974462209
9324    -0.082511415363702406  0.11036278499635171  0.074876436587421297
9325    -0.15091232619792419  0.16197049302275621  0.0051860113985392701
9326    -0.10496888941647198  0.068876802190363115  0.018364669445547294
9327    -0.046149975200843574  0.081361798653598355  0.1015600149379277
9328    0.037038285109747063  0.070274113162861043  0.0035842975060200147
9329    0.071760005188812259  0.10811906263388238  0.059624213885512069
9330    -0.14634780812771361  0.28855055252613593  -0.017521698479633037
9331    -0.053221746447732803  0.23584554785749312  -0.0080802482894173338
9332    -0.036070279410784313  0.081136322212988388  0.009438210288975157
9333    -0.10955370387811061  0.30224648727694753  0.0014447040137171515
9334    -0.056036846844872625  0.10091678844049684  0.071806442278253113
9335    -0.13627952046901137  0.30195872805375018  -0.0052148612019801387
9336    -0.03349667393550057  0.081475283076388128  -0.048635054502898331
9337    0.060832225764095527  0.14731008980377547  0.075468840965103423
9338    -0.064780925913106205  0.23612711172897438  -0.006085540479361962
9339    0.0040278049567666636  0.069358303775860677  0.026724694055548563
9340    -0.068931937474849839  0.070312400449621337  0.04807276559590757
9341    -0.09588912876788086  0.30966574150258713  -0.0071908989307205903
9342    -0.068923134404917458  0.069805769198133361  0.043459215446449997
9343    0.07381354312563064  0.10877035754668241  0.060210162497497326
9344    -0.13195272750643522  0.20526578935471407  0.075108628335566557
9345    -0.086990732365245946  0.070892243814976053  0.023947702955532675
9346    -0.10090968265292964  0.30959498844100547  -0.0019490198855813474
9347    -0.040822038528573953  0.15557938133409602  -0.07352055048881169
9348    -0.14113482275986067  0.29486289096600926  -0.035682901853878735
9349    0.1094014597049895  0.11420702753169065  0.011342267029574023
9350    -0.10757498799343082  0.11118874242114071  0.027253526976675234
9351    -0.10882675773089615  0.11119100318833042  0.026331732691766641
9352    -0.069056086731073454  0.13252787039185265  -0.02844306539389195
9353    0.081521223910391225  0.12593582807151657  0.053924088531439054
9354    -0.16294320422198252  0.27334383648017746  0.0043759523018652591
9355    -0.11604979211387258  0.29457621661967731  0.058737367338272339
9356    -0.15025053269806218  0.29709420321687391  0.061377519431044254
9357    -0.10398426191812897  0.11705555389204511  0.045742150782279757
9358    -0.01183786317735985  0.071249828366427223  0.091643814144986568
9359    -0.043503583594257413  0.15476796173004839  0.099838010561786525
9360    -0.08073906123425198  0.18148208584916731  0.079098058167472729
9361    -0.10281797999541968  0.25020329541184017  -0.0072032011607351797
9362    0.07572255525963445  0.10647531852843752  0.05781572419833203
9363    -0.078658552962697303  0.33336160477852589  -0.0087679101932217618
9364    -0.077128765681721251  0.070641390717772201  0.053892001852125296
9365    -0.12065619581848666  0.30056120688851395  0.022593389706406217
9366    -0.076819791043834393  0.072721979166913989  0.011301191447282423
9367    0.045512186127156538  0.14612434658339984  0.091713037795871422
9368    -0.065266402680211402  0.13620311419056016  0.057499139750926853
9369    -0.086994899998852071  0.06816881641656708  0.048667067217206345
9370    0.098182814109228272  0.14261832987363904  0.018343274072092547
9371    -0.042524773773606528  0.13065244686809704  -0.066509863475770162
9372    0.016883470546603597  0.13254853860730256  0.10346676572698446
9373    0.084098984889446921  0.15086310339473633  0.0029954757512784575
9374    0.067090606044548709  0.10896118824796358  -0.012572256423619173
9375    0.019739340152227031  0.13324524344996597  0.076477426579826743
9376    0.029588549999999998  0.070575749999999993  0.010709281250000001
9377    0.029796552046451111  0.07058693566744019  0.010721996661380467
9378    0.029407029445705966  0.070626065960162715  0.010683396097053178
9379    0.03086238022677263  0.070917371257073536  0.010895266692926573
9380    -0.0031919414416240908  0.070160631490359268  -0.046025395723736394
9381    0.01726154751974943  0.14070799964430192  0.1050267635841645
9382    -0.13722769263065623  0.29336679518487169  -0.071254971138841869
9383    -0.019948628690548881  0.33607553646098726  -0.046862845890108466
9384    -0.068919750067980068  0.19794045038966393  0.074499422751968469
9385    -0.090180721413548381  0.071037969877116636  0.048413012800655471
9386    -0.053356426307141484  0.072374496143930697  0.084741630139737956
9387    -0.065732098678180195  0.084313715052486402  0.087079370377787527
9388    -0.027058887293519261  0.19783898805161038  0.081622569322039193
9389    -0.035312266322118327  0.070646341975205834  0.082359908941301019
9390    -0.036628548883655833  0.073244710875417729  0.081691394979328105
9391    -0.14303898175330931  0.29859604375541415  -0.052679988130026667
9392    0.089354069344360368  0.12926917188074935  0.0030896824997732326
9393    -0.041003114163670765  0.35768495483824519  -0.032832287967146781
9394    -0.033591431365039719  0.19369346385304254  0.083778367727057768
9395    -0.087725748446475682  0.066131705231271765  0.04997446209032818
9396    -0.087497741604310453  0.06607153887089745  0.049592183988961362
9397    -0.090122652452675422  0.066108547507253035  0.050889363006789756
9398    -0.086647389151210341  0.066379549978811167  0.048059570521028702
9399    -0.1127893109349847  0.2563241351957401  -0.0089643274824498832
9400    -0.064860555475745985  0.076765095738132963  0.0068385478875998178
9401    -0.011973832562034763  0.069032717433022764  -0.034630614716080657
9402    0.10065168845152203  0.14205284802119139  0.019871922834052983
9403    0.053768798222729397  0.22933220136255525  0.035902580635116914
9404    -0.089617905262167161  0.069229744981882432  -0.040889366339513331
9405    -0.082823216276941183  0.069107148514977484  0.046643836822051241
9406    -0.037209710368547241  0.081734882083071919  0.086164515847336656
9407    0.083469369286444467  0.14667089088941196  0.043529602309421891
9408    0.0063864145261477608  0.14234267098535464  -0.062719066933066461
9409    0.091253979211001229  0.096225731613205634  0.045408178675651986
9410    -0.079985060912553627  0.068110544570911855  0.052302258026051471
9411    -0.03868226155547836  0.099178526665442412  0.088453312888700064
9412    -0.13247498550848286  0.20612565662280213  0.076280423537776892
9413    -0.13098241235764008  0.20680806832759702  0.076657671656075288
9414    0.0032979174437841206  0.07938327945597741  0.019152280483495619
9415    -0.080662697679334816  0.17643238943595438  0.08081729855523094
9416    -0.083408164063563231  0.22810972958700332  0.058072552910705053
9417    0.031885257113686033  0.12294820139351231  -0.051122704024536933
9418    -0.12458855162984511  0.33187928032793168  -0.11560612474098583
9419    -0.060388731153421929  0.071136754859599985  0.034247528563170815
9420    -0.013336634804993542  0.23043161873859808  0.073522529701852815
9421    -0.11115181018794774  0.08710538349999758  0.066294587777194589
9422    -0.14752296043796831  0.17628907575764433  0.072434651229441344
9423    0.071165208553411657  0.10579587753003218  0.06118554679591838
9424    0.026839950004519036  0.18557671486163385  0.086118100753722671
9425    0.10949609375667189  0.11958229479075719  0.007341944008688284
9426    0.043776148580308032  0.19325523461569988  0.084631638662110042
9427    -0.16758895251435266  0.21235332988185199  0.032443708813899498
9428    -0.13081498434317715  0.31135352413211265  -0.095649926100472002
9429    -0.036052335116724225  0.070103596246718747  0.085062578434234981
9430    -0.11406797520917709  0.29927157725791614  0.02845166416293364
9431    -0.067615088394182121  0.087725212305996655  0.084021629711760054
9432    0.0061039070935941112  0.23187394642763895  -0.025301112748801088
9433    -0.097835274803152572  0.068394448022228382  0.043392346453813888
9434    0.030146249999999999  0.068161899999999997  0.052975850000000005
9435    0.05624012313149216  0.18275547667808151  0.07958628472254109
9436    -0.063508139285989182  0.15197089553374524  -0.052062878987669432
9437    0.10935896575179324  0.12654192877717635  0.0078387774678270392
9438    -0.095025556233103381  0.065601872300246111  0.044639376253223659
9439    -0.095717422851321315  0.065784441805123064  0.045799365377671791
9440    0.03349034017973624  0.078622643575583614  0.025197688666525352
9441    0.010209234746145433  0.068956070737710207  0.032843174402552348
9442    -0.10137615861760767  0.25360722696377352  -0.0051807774388450481
9443    -0.10473718659693934  0.10957514438280787  0.020781911201295127
9444    0.067283999935414521  0.099483392261566883  0.059454394514120164
9445    -0.16450592311486448  0.21532579232145937  0.04019729047964108
9446    0.0094226730991186711  0.079867742484086887  -0.012877011484643739
9447    -0.098646443372773923  0.31524437275581452  -0.0042422477919882642
9448    -0.11847143690796173  0.28284994094454274  0.063681589699456032
9449    -0.11275205002623831  0.074983295396291783  0.016399722640845084
9450    0.043120552629393169  0.072257604369091774  0.02307265268299967
9451    -0.10407516917747611  0.066895714441223345  0.030527657082702789
9452    -0.15097385332684243  0.31799090195676682  -0.045545343763480302
9453    -0.056468576253893316  0.31462785995240738  -0.010598859778067966
9454    -0.044905631966342674  0.078024947986460313  0.070202873239853608
9455    -0.022731361768652189  0.32743583350712963  -0.036653360395439719
9456    -0.14739350270257778  0.27672911286449431  -0.0072779549051533443
9457    -0.10182018342198601  0.065710221082028092  0.031266259003161941
9458    -0.10158218749999999  0.065703375000000008  0.031497812499999993
9459    -0.10051935000000001  0.06614310000000001  0.033771999999999996
9460    -0.099862025000000007  0.066331450000000014  0.032995749999999997
9461    -0.10102864786538279  0.065916248452990267  0.032260772004789696
9462    -0.09795440431069484  0.06644513165487681  0.034294324312412659
9463    -0.093642819170176611  0.068521206358618761  0.046724938980001893
9464    -0.10219905118524569  0.065990433937461457  0.032074959589050912
9465    -0.14701373746683416  0.26781664976861885  0.093098502823503487
9466    -0.087559984234683946  0.066711573918623937  0.049856520600549147
9467    -0.037046231427123225  0.16595358952857062  0.1053125820941378
9468    0.013073681264634459  0.095386286848076443  0.094402337869147271
9469    -0.10996300764331178  0.27231491725356305  0.047462541346320025
9470    -0.14583926864976487  0.14965884424701142  -0.013510563721810431
9471    -0.058428018866916599  0.10228839281447838  -0.02380944541169349
9472    -0.09744630901974384  0.090206503419059017  0.075523426253223072
9473    -0.089018141007596224  0.067570999459102402  0.047917652786188342
9474    0.016240330901644621  0.075343752980511963  -0.012538745127723457
9475    -0.020074641195170322  0.1288768375535973  0.10482534277996307
9476    -0.090892160300316188  0.067867118682811561  0.046356025666792998
9477    -0.08586487029247869  0.24728126893221689  0.012508034991659431
9478    -0.099016485106234689  0.068095074511699868  0.033982513373033763
9479    -0.088556324967682953  0.066759428535054829  0.049334768406512568
9480    0.010744429597183162  0.14228789625224889  0.10775997249772949
9481    -0.070283457435564606  0.075391220365892117  -0.032135309275266803
9482    -0.1096517200962125  0.11704452228007725  0.037814525192470187
9483    -0.087819851735930168  0.066166806268456987  0.051183815250000785
9484    0.099813694530981614  0.13927339198838354  0.015886519783385036
9485    0.030086223931163385  0.13120144884127327  0.096563068046792211
9486    -0.03069312709697784  0.071822929672138783  -0.040356347263004577
9487    0.080599355383484811  0.1257702224671087  0.0010450202197321971
9488    -0.052915647523179135  0.12411922018781707  0.072402530703536708
9489    -0.079760537215841323  0.23391100070335225  -0.01681570933953597
9490    -0.10229698652319816  0.10887976035425476  0.023542803047851349
9491    0.1045795206664755  0.09845657086368638  0.038668160017125225
9492    0.013794075267342908  0.077327488215766099  -0.010122061163082874
9493    0.070497744550706912  0.13269178956822186  -0.020638056461325317
9494    -0.072411723551310175  0.22197114020486514  0.060074845284922282
9495    -0.1414033638462818  0.32435008268342663  -0.042588282719576688
9496    -0.074581240333292553  0.071644835661867315  0.043093240169063442
9497    0.091849752390472342  0.097300564547704402  -0.0032992844176879203
9498    -0.059807065203877678  0.10845937322617838  -0.024474263126295359
9499    0.07192118308672156  0.078420642507979116  0.0063451448624006184
9500    0.016536533099455616  0.072190650419156233  0.050625139789479877
9501    -0.034561888444242864  0.18464185579006967  -0.056096862698524083
9502    -0.0021924849656699621  0.20383714599070946  -0.026635241750229351
9503    0.033490956515378666  0.073385349053215782  0.011008718525648734
9504    -0.11211380215413093  0.23485031630370815  -0.016795876863101519
9505    0.028284326992228503  0.08187228675335223  0.014771567587606159
9506    -0.17157795152130373  0.25487651519743787  0.063648253658678405
9507    0.015164392560316469  0.093163425295108515  0.022682933795397708
9508    0.040223524614741275  0.09881966479407088  0.078075332317192991
9509    0.015681291388104191  0.17209425484846336  0.10369287674246358
9510    -0.10198208502243157  0.072164380128467487  0.0338604459584003
9511    0.046787013965494999  0.10285225996225562  -0.039921250082152207
9512    -0.035805277479642225  0.23456702562204473  -0.017341290132210214
9513    0.096062893558360798  0.13692115512206701  0.038861957888938273
9514    -0.088811282738665426  0.070071239333975646  0.019197065918848483
9515    -0.14090271164177576  0.29524022988324683  -0.071742660874097988
9516    -0.058018088432952697  0.12626749399326118  0.073306378223392532
9517    -0.054617730103958671  0.23816524014480844  -0.0024640086459217659
9518    0.01837188295383866  0.13827587555771245  -0.0018481363149830199
9519    -0.013364095772942942  0.20345383638439521  0.082999651965134633
9520    -0.039308277027559943  0.077956027204878292  0.058098818134641302
9521    -0.16658798345764725  0.18221025819168374  0.038914328744170744
9522    -0.14630739135281573  0.30266834049549557  -0.0098164585470606192
9523    -0.012057721011553568  0.081997178528992548  0.090335233681202567
9524    -0.12218330917285986  0.28197433671662681  -0.0039435442745105439
9525    0.069403897998054381  0.093206481194432117  0.055004851866874871
9526    -0.068132352265558721  0.082102186453742954  -0.052422334997318215
9527    -0.035775563505341279  0.068174510181029407  0.085692862834036779
9528    -0.035859012499999995  0.06841040000000001  0.084785150000000004
9529    -0.06083195033989533  0.09616375547214899  0.074026068161841763
9530    -0.0706228899533069  0.085168476608176683  0.081921605270401709
9531    -0.09760930000000001  0.075233049999999996  -0.022870700000000001
9532    0.010262601585650084  0.09047435925535581  -0.043095944522043281
9533    0.024628915825475207  0.072055915600537104  0.016839618138471967
9534    -0.094987738847528244  0.29674732382332847  0.013849146463348715
9535    -0.055981996611435714  0.12703121802971126  0.068934209338693306
9536    -0.14370773170776918  0.32378639298965056  -0.035600995352690075
9537    -0.16556781617394506  0.21234465848712319  0.040897554692444438
9538    -0.036500412008040883  0.069453066748782918  0.085911496887048744
9539    -0.096208555914964133  0.10387056483347755  -0.0095896021742947601
9540    -0.059531398919818075  0.1194235532839981  -0.029897655509108861
9541    0.086721375566294279  0.088400938511927055  0.00517657476211372
9542    0.025462544990636361  0.071115970864371866  0.0066287129627025133
9543    -0.086549925026090435  0.066713065141103478  0.05017215883254153
9544    0.028960722021424277  0.070689159252274231  0.020426554737837617
9545    -0.11628782722617124  0.25470422624587369  0.065813387927273787
9546    -0.091074313737140949  0.069694973783500383  0.022200444071137731
9547    -0.15182442469779839  0.31569262108860136  -0.047196552377276241
9548    -0.014476611443363837  0.070149803102762656  -0.044295365354659395
9549    -0.11403753117194627  0.069423438614149485  0.0070509351417932364
9550    -0.13799912396392586  0.29784559510345315  -0.079581308652633229
9551    -0.075686062170910118  0.092659818132295083  -0.020071759566668925
9552    -0.15033256281264404  0.1498895235439528  0.049364665610094879
9553    -0.091091336498843642  0.1088610911964342  0.02952578492174892
9554    0.027213215765485806  0.13921740740029381  -0.056057937544530645
9555    -0.10317905925467383  0.29392902022425116  -0.00090803798940421957
9556    0.027030997708030143  0.071114447024113764  0.0070759050841666792
9557    0.022572847599434617  0.070114360318442509  -0.005027685468674362
9558    0.047784636074028941  0.19089075154680524  0.081987557116636411
9559    -0.054466711068679577  0.12546015723247433  0.074865654002822149
9560    -0.053519555024492411  0.12546985519861598  0.075352372270350354
9561    -0.01839830431677782  0.23292362320637214  0.069349482861816844
9562    -0.083286243066217874  0.07478149467540994  0.013014996664234512
9563    -0.16330730446418715  0.29398325310122198  0.046754611286139343
9564    0.02814108057075276  0.07288463092157553  0.0064045208249362837
9565    -0.16783981333872131  0.21356082200906723  0.02910822870467673
9566    -0.019316952691231116  0.33626398101197008  -0.049840833103917473
9567    -0.040410563058659109  0.079472755097627037  0.066143601392682036
9568    -0.12961075332414676  0.21039241857303839  0.071614155246771519
9569    -0.024894447686376855  0.077645723015742352  -0.031088923227256444
9570    -0.13198918083256037  0.32114931502707739  -0.080138286219973015
9571    -0.14717908254290021  0.29871273937756498  -0.014658243399921011
9572    -0.1003061432784291  0.066128099631802745  0.031534228181468948
9573    -0.011626707233062632  0.23684539857194431  0.064214629512030399
9574    -0.070478211609031588  0.074486683622162986  0.0033934160771213182
9575    0.0097095163036337636  0.1500970767706751  -0.063998905452998356
9576    -0.16900854210288377  0.29211523582892657  0.052768739301587375
9577    -0.022297035901043968  0.12299339515193655  0.10298156168608914
9578    -0.084879361478540111  0.069516371970414992  0.031466856011805433
9579    -0.015046529998756527  0.070444133270549006  0.090085898091466415
9580    -0.044217661807902639  0.31161147265212935  -0.012489239281509572
9581    -0.14358729329026623  0.32237253296499391  -0.038467476962387573
9582    0.03006907131157811  0.070708350133817904  -0.026324797927800077
9583    -0.083146747625435821  0.20925675712705796  0.071072885318725534
9584    -0.12946885776763989  0.079079898001074747  0.013893412030267902
9585    -0.090127721606150873  0.067697545467975004  0.050068783851028233
9586    -0.061057094847319096  0.075331853044693683  0.056480810503479029
9587    -0.10982901986375387  0.20795817129428423  0.079253321723553399
9588    -0.11040004299502641  0.20839933354781329  0.078794466912417566
9589    -0.10814889697039561  0.085884214459117605  0.048131593629940066
9590    -0.10957796857352224  0.20681119261431852  0.078742765426935646
9591    -0.081246656865003028  0.095735581715508847  0.027129479760278644
9592    -0.064004335929601322  0.090775990728330716  -0.038217872498496265
9593    0.072628718579930238  0.11053987615326022  0.060630578692934672
9594    0.00055433403792616077  0.14806608710421409  0.088420878500738209
9595    -0.062687921484368331  0.13522616162491879  0.075200318669245481
9596    -0.065990907505795962  0.093027611742291058  0.075882402044218436
9597    -0.1175995  0.1149015  0.014233900000000001
9598    -0.11950680444604872  0.11597895196010445  0.01317395461393581
9599    -0.016368118150151361  0.080040759732774594  0.084253322238120668
9600    0.048478019168957193  0.10354609772132981  0.07534549953780155
9601    0.065024078221163933  0.13834837455270224  -0.029198973071085828
9602    -0.09704075329738604  0.068210458957093767  0.046646530474017747
9603    -0.021845322624271888  0.16222782580551404  -0.071778028374216499
9604    -0.065765349190970074  0.069905193325587936  -0.043834183612734487
9605    0.020423150000000001  0.071058250000000003  0.0099302349999999991
9606    0.020642810239222459  0.069809395397000873  0.010145678729260383
9607    -0.089280709221646229  0.065960298048997612  0.048419108369652915
9608    -0.089618581542767764  0.066049455670935883  0.048985587814726492
9609    0.028726855405108748  0.070588538383680899  0.010809274548738781
9610    -0.098485660402113803  0.18584269956244664  -0.038207827360496618
9611    -0.020457200804943919  0.070874280147459473  0.086148452102377843
9612    -0.0061109113674497608  0.12364265124866614  0.10784420410952986
9613    -0.072203470012958418  0.13767162509947789  -0.028720446694485278
9614    0.033998565952333339  0.14940213632768784  -0.048029134331829954
9615    -0.021814276102518963  0.080305672080699664  0.069090990936108224
9616    -0.035783138949758569  0.19717064886876023  -0.042299071793338271
9617    0.027591622454788519  0.07144555910524511  0.010852285689570336
9618    -0.10932752317437952  0.2084586998433316  0.078961858677478972
9619    -0.10979205166284584  0.20881758624140717  0.078588579347502616
9620    -0.11058677964709412  0.20961039294026404  0.077958825440464646
9621    -0.055255862948144933  0.24104200500765799  0.033368019097290265
9622    -0.14629084912554771  0.13507405840806344  0.011155352515984719
9623    -0.068936564078307574  0.11800214647194626  0.070731233249324454
9624    -0.1304685537115039  0.1528661936999679  0.067236934531890585
9625    0.052418884841780318  0.081784004923135145  0.058307675633559347
9626    -0.070009090796223569  0.07957273226255232  0.07824909994473471
9627    -0.00017785543905227298  0.079291910979102612  0.027138546939458819
9628    -0.0012178535759847094  0.15252643690323722  -0.064714930050657857
9629    -0.039026944331531747  0.070131704725696728  0.08681958205774952
9630    -0.10296748689542003  0.22358022171171513  0.061999690120112964
9631    -0.15619982829248688  0.17177961825344829  -0.011263502788918821
9632    -0.110951529463595  0.086531707068151831  0.056700312318026719
9633    -0.11006641142315665  0.20837019716867605  0.077431904780401448
9634    -0.094997546587433632  0.32091834472476188  -0.0014739053367455993
9635    -0.098419766999327571  0.2276617735783481  0.060893108165784221
9636    -0.10762650562158324  0.20735065498492422  0.079294552918960148
9637    0.029550325921568185  0.070797100383007974  0.010621103921754912
9638    -0.16302803576466057  0.22857551896510378  0.090304757767481092
9639    -0.13620370963798664  0.26145914769794948  -0.011418860386439959
9640    -0.12611806339706955  0.29379246848433166  -0.0023215136046812442
9641    0.028122206523399716  0.070180369295120851  0.022263854273867088
9642    -0.063317546988780685  0.077158530507134754  0.05074945408117839
9643    -0.11360096290064314  0.22661802816615545  0.069896527316918991
9644    -0.144628714950646  0.29528002339886666  -0.053835757250542141
9645    0.019289155130871368  0.072181811367541024  0.082760231943223087
9646    -0.037225137206882142  0.093822661092239232  -0.0569037352879493
9647    -0.038167113831629983  0.088742236730941851  -0.052949699914638118
9648    -0.10449201601818471  0.11142965112334173  0.024231257232599526
9649    0.002432973253302603  0.078174711005843361  0.0041599739509244711
9650    -0.088057967897138517  0.24477536837648695  -0.0070791567229125194
9651    -0.033528198094052268  0.18621330326821739  -0.050080815280520184
9652    -0.028722093818470067  0.19086766260487942  0.089362138530151639
9653    -0.085709113960958441  0.065871642957679236  -0.035032805880323377
9654    -0.078420066260046842  0.07931313232047113  -0.044061868258921388
9655    -0.065751664819200445  0.069010626762472937  0.061746743842165351
9656    -0.037954738669534561  0.19616609363323184  0.084158931637300011
9657    -0.10448924963768021  0.087905275133365754  -0.010448290421802377
9658    -0.04885703843370702  0.072781823557278622  0.094356615234869087
9659    0.10413309501345011  0.13256557210752593  0.042636866589265777
9660    0.017318652402754632  0.07903054864437864  0.071062857163934109
9661    -0.030510457107554064  0.33736200986808235  -0.038595115482331861
9662    -0.098840312231837507  0.083233095172855015  0.080644331052964841
9663    -0.052591329150937109  0.084470687896125274  -0.010714639650557724
9664    -0.10627886005193206  0.11173616406187746  0.026742058692093097
9665    -0.065832447928759391  0.07246110115406118  0.059364179096229486
9666    0.051805047088229167  0.2170917502013911  -0.018504297702181406
9667    -0.066195779970548291  0.066766602858663482  0.047329686219398398
9668    0.072869892607849818  0.20967842376638146  0.021445252726496455
9669    -0.066508263045107194  0.11475392453692594  0.023287836395963372
9670    -0.17054697320437026  0.22269144628793533  0.063810854081652463
9671    0.067367443745934452  0.14289576076267307  0.07156884594658515
9672    -0.16261701191456523  0.16020433779785295  0.038540563964988665
9673    0.099158014295850819  0.096801337837585572  0.0437862929273585
9674    0.056652219586119344  0.21707602251701211  -0.01595465822915567
9675    -0.092242656532373929  0.070297672007736053  0.010582183451106588
9676    -0.14881874616637872  0.28809834156351266  0.057708463152834094
9677    0.011938160757750001  0.12267995402642294  0.10363698403256033
9678    -0.12856033914752193  0.23924030648677802  0.075453992805875447
9679    -0.056108659301999105  0.32345645693206337  -0.019048026268028987
9680    -0.14316326098894944  0.30184629200286051  -0.037054882777308118
9681    0.059008064172167932  0.22783284877272836  0.025747429258789686
9682    -0.05990603187966137  0.094463463490859892  -0.03633654836111265
9683    0.07261794577948813  0.10677831827655847  0.061999873667030331
9684    0.073306304390414148  0.10619473322083553  0.061313684880851482
9685    0.071758037423146237  0.10749348972546995  0.062319343742044696
9686    -0.04344192666805477  0.098296960318012397  -0.050536680858146873
9687    -0.11833177252623919  0.11723672635782942  0.016530279793989175
9688    -0.090384735988691053  0.078511986249059557  0.082709978013428651
9689    -0.12121146344016429  0.12448656675910011  0.037513455732603285
9690    0.025615052816979577  0.070674901118114822  0.0091766372672000517
9691    0.010639348840110597  0.07742929274648036  0.073331520366725592
9692    -0.054084650782495747  0.12549042047146633  0.074242186451230888
9693    -0.10388230976343939  0.09383003870237637  0.068573582077575537
9694    -0.014413422587279298  0.21889570695292551  0.080229881192757341
9695    -0.065484412720390406  0.07134565796872902  0.091362439544856955
9696    -0.037043521797788075  0.09580255786965898  -0.053588015697061168
9697    -0.054211792389190896  0.14700165616785105  0.082408609792777046
9698    0.020379076151123009  0.072849542379196983  0.011228812538128333
9699    -0.091336260677646761  0.24927203496117914  0.027153111504191502
9700    -0.10394554944123968  0.23850878951872859  0.066584017549984775
9701    -0.070610307048165025  0.086953324424342976  0.075188191487529935
9702    -0.066637582806669565  0.068344188254950658  0.046161374352263265
9703    0.10562654859107755  0.10625145490526455  0.0084842378590569718
9704    -0.10193477801041706  0.13217535797179294  0.046161026776493495
9705    0.016745437751451455  0.072190300473549546  0.073697120665432783
9706    0.026718503082633342  0.07141793885683731  0.022312570918225388
9707    -0.10350069439777977  0.25587844670860593  -0.0059483072707769927
9708    -0.1226851834835934  0.25354188100953062  0.076730339730173486
9709    0.072662872571485543  0.10763859920025599  0.060945580710099506
9710    0.02845962761119232  0.071142258246065473  0.014217126657026732
9711    -0.10800821080843802  0.23572965669650991  0.067975454106441152
9712    -0.17260686202582792  0.24282005128481773  0.037740048827824821
9713    -0.084022470453641002  0.069869002019376722  0.028225199774657046
9714    -0.044754753373571265  0.078598388102495392  0.073670121402544669
9715    -0.1376194505945888  0.15805989027330961  0.026931431544592037
9716    -0.042141260671905809  0.075158901388001478  0.087930398176915434
9717    -0.088027428687813908  0.10766612992850391  0.068850770377716225
9718    -0.10787820163160412  0.29530095985184279  0.037196795715458142
9719    0.084792064077705315  0.13818564125348662  0.043241364985535838
9720    -0.094882957861494172  0.29271782499906857  -0.0023299270317809649
9721    -0.019521029891702072  0.22601592382333749  -0.026001087726584379
9722    0.0037860880550039692  0.15751607913915666  0.052593007422200383
9723    -0.074991691113144715  0.070265159809762306  0.059838906878239277
9724    0.0056722109256464228  0.070330633366442769  0.0084264305410925583
9725    -0.10558386482315409  0.093885856596533007  0.07142277332457081
9726    0.091758558780777127  0.14381351857025659  0.028627194078158065
9727    -0.11377799999999999  0.0656447  -0.013056350000000001
9728    -0.11567025744908871  0.065525599531358308  -0.0035300725049999429
9729    -0.11743575780120258  0.0655460011995916  -0.0036127385528535016
9730    0.047355139340931288  0.18449763810429778  0.086405364478826754
9731    -0.17262955843747291  0.2208845490490316  0.06340430728344007
9732    -0.170877  0.21974199999999999  0.063913749999999991
9733    -0.065260936697061456  0.11526158137762997  -0.020152205161874256
9734    -0.058019874225824802  0.079446512020689627  0.074495724603293748
9735    -0.15148656197968269  0.32438127109039067  -0.049720183492749599
9736    -0.14959325000000001  0.32656174999999998  -0.050096550000000004
9737    -0.070719162183223397  0.069916861861955101  -0.052683445984473776
9738    -0.076121429440704227  0.086764446885317217  -0.041002173498629065
9739    0.074309399716827249  0.10454541751753782  0.061778277417533806
9740    -0.093228074512738873  0.16694604965346471  0.082796360717273726
9741    -0.13165652944323422  0.20790040117732592  0.074319425689620439
9742    -0.10409955874241608  0.11376011306904969  0.028420099521570735
9743    0.062804336398267976  0.107691938086746  -0.018627813026485758
9744    -0.089802077642452183  0.07015862251948235  -0.030274110630307438
9745    -0.052287125337813663  0.17526937948181223  0.087250681070731778
9746    0.019529321749344842  0.072214454977032147  0.023131540550544963
9747    -0.14988700137057376  0.32339937255355278  -0.054614546868365615
9748    -0.12721012999135778  0.3043939562979413  -0.041918405671027142
9749    -0.078234552627255483  0.23734158787311135  0.041537783284576774
9750    0.028085161831680607  0.070817929917207478  0.004803334956210231
9751    -0.07149426574027197  0.23800108345455362  -0.012001564779919482
9752    -0.038961676975124114  0.084582964404373712  -0.050589642902415057
9753    0.074011232236360233  0.14712712445626444  -0.019086089551940938
9754    -0.060819537312179942  0.068896649481579655  -0.054379566081404367
9755    0.0066234619672398479  0.16801029496358741  -0.064045571102995247
9756    -0.084719531988722702  0.070794850839352552  0.023409733972165014
9757    -0.089301367714880203  0.12682623454065539  -0.021145679470264942
9758    0.090849136471534767  0.1395469540341803  0.021878186584120864
9759    0.0094655995748622948  0.066694829983917486  0.012893873283518549
9760    0.0078846821733034398  0.066721287235197213  0.013103987918425691
9761    0.0063952451156651284  0.066925775294950376  0.013346724462152137
9762    0.026717397267636254  0.070772488426932539  -0.033245601405948046
9763    0.0076632940671063935  0.068012161456336734  0.012100820302896291
9764    -0.12344213090785004  0.12310886802821748  0.0183462862063066
9765    -0.063031966726125876  0.3037568614587608  -0.0073639841663227278
9766    -0.087903252118918682  0.068826691980048538  -0.037446241667735303
9767    -0.15876972484533208  0.1792316301046766  -0.011098454228852124
9768    0.029417582583515123  0.070706395148052423  0.012028141825623997
9769    -0.095166333090554833  0.06978411299143833  -0.019984318076998669
9770    -0.13717270324456843  0.22437052819019773  -0.013442603393112002
9771    -0.056421948115260079  0.1413983571840759  0.076986065188558911
9772    -0.081465859954211947  0.083012929193279239  0.081977845235708224
9773    -0.14203358625096524  0.17975566968400183  -0.026559553046444327
9774    0.053803051637992767  0.090088613303861531  0.060340978834207408
9775    -0.05545990113145241  0.1249545627220551  0.072414761017941351
9776    -0.14340913266012545  0.29085048213693249  -0.012605869629641671
9777    0.024768767671649792  0.071127404881214412  0.010097219981978154
9778    0.032161187499999994  0.071052037499999998  0.010413970000000002
9779    0.031723902142548617  0.070971722311516605  0.010634374956761328
9780    -0.033904652386512801  0.091679181888309438  0.098214086613480911
9781    -0.034801076835904013  0.093438383322025836  0.096840928000041362
9782    -0.11584562438078441  0.074709978385117962  0.081064879456709621
9783    -0.11051837431552979  0.18868080675465093  -0.0379365651770803
9784    -0.11018561112802908  0.29790451148560293  0.043000041969662783
9785    -0.12314363875441545  0.29375406609493659  0.069039614319581333
9786    -0.049504917851333256  0.34369772800283155  -0.022223723785622124
9787    -0.13166850845788416  0.14058600052075168  -0.019829114767314065
9788    -0.13232218129002174  0.13267944533727874  -0.0064861473524167558
9789    0.072097761557668144  0.14138237661989711  -0.019459010291619852
9790    0.072010925012251051  0.13511047065342985  0.06717173450118101
9791    0.030679476268870635  0.070363367134977275  0.016844930803310901
9792    -0.065588950524974515  0.34150846532302948  -0.0076632676499992355
9793    0.041431444694830136  0.073095768595021607  0.023980871646333918
9794    -0.046240858731019963  0.16515703693048195  0.090705674157180505
9795    0.028750484642775152  0.07104682932350824  0.012245666458504289
9796    -0.017191334312842758  0.082694480920269792  0.091191107012184303
9797    -0.034433287659148853  0.092038235969377963  0.095269297938400319
9798    -0.13259398812748691  0.12807082218428648  0.00058456130663170737
9799    -0.12237835951659132  0.33845685130620379  -0.1177163811920935
9800    0.086041868087331552  0.15723644971775202  0.0037962518281350736
9801    0.050863350693117294  0.18252740950324747  -0.035703206619512547
9802    0.060881595439837323  0.13096409842587534  -0.025730066691286538
9803    -0.092763990981852618  0.23155811972001175  0.055253435003590916
9804    -0.14754505868684981  0.29738093258407367  -0.0082082594007139888
9805    -0.0078103583673120409  0.19138699872886941  0.090045860072138273
9806    -0.051176407454905259  0.10198593356663772  0.072967876781212707
9807    -0.17210875064853742  0.22145623610957807  0.066139862094044793
9808    -0.1300005233013857  0.18994528893524501  -0.028824672715209873
9809    0.016823716384976151  0.072171599638902725  0.086637700731820852
9810    -0.03649275173511362  0.1260854192498016  -0.069389191751904361
9811    -0.15103873924534139  0.32771478713203028  -0.070634369241864878
9812    0.091549588154586664  0.13700457698234161  0.036572179525233776
9813    0.013336759799564668  0.078149911758121984  0.084252489763556593
9814    0.087587521209913602  0.13613285519617557  0.0070012889435548762
9815    -0.034768855866783792  0.085191506124035865  0.095176105820788476
9816    -0.0078681349759608284  0.080247467419770346  0.01014016758940563
9817    -0.12858371059185  0.14287109829962566  -0.0036688684762109956
9818    -0.11998395965401829  0.29829295864242167  0.037773408304346112
9819    -0.14694619992828184  0.32002181183898099  -0.044140897044376542
9820    -0.11994331182698943  0.27565798431329758  -0.0073812639750871784
9821    0.0058057847420021017  0.11300603117509478  0.10299217284411966
9822    0.0076547227195673442  0.080020065256531575  0.028915457586858654
9823    -0.07697822136433978  0.30672588378984017  0.0067450566568710672
9824    0.026000489521001684  0.068777405314763645  0.030978421656549758
9825    0.027244990318510055  0.068441405336243002  0.03108635537646473
9826    0.028657608452935173  0.068517710198594359  0.031172749814790263
9827    -0.035183672219816407  0.10081117986467675  0.090250670119780121
9828    -0.033729621623272393  0.31594726960479674  -0.019797170128127952
9829    -0.10251406577410418  0.066185295552335599  0.030363201651519421
9830    0.046427191984604772  0.20285562239022747  -0.02958995145302673
9831    -0.088183165959614215  0.0665048357782764  0.04523490803570264
9832    0.074702108955266688  0.10370986660012017  0.060055451440712254
9833    -0.0028874861917918947  0.078386117036705269  0.0084628211557427301
9834    0.057059609403298503  0.21483769776104691  -0.018318708125554653
9835    -0.12193992317528432  0.29532413944799196  0.000447996750258216
9836    -0.08389021842189473  0.069362623768878764  -0.046736865271742506
9837    0.048801208226078786  0.2096509256184706  -0.025127702761002325
9838    -0.095369798535669736  0.078092299682125749  0.084629074660177245
9839    0.063622614967718968  0.077259380607001688  0.0058653944132434754
9840    -0.1023373674567673  0.067598360476716968  0.030671116134000326
9841    -0.12197828354509076  0.21105725485181431  0.071301453841006432
9842    -0.026176520836030372  0.075328008239133326  -0.034337737492452128
9843    0.1034672468968981  0.098190738309468839  0.013405793713967929
9844    -0.11935897656879094  0.12016336780070364  0.026845238269596332
9845    -0.13778202594078648  0.24787671595119226  0.096041991144869693
9846    -0.082130116613436943  0.29423449016485487  0.0069063912872667872
9847    -0.050716208606225402  0.35361492155859398  -0.022736054618884016
9848    0.086268467075018132  0.13484901409309533  0.03604827060893534
9849    0.071664981949834464  0.12023514282842133  0.028305831273542546
9850    -0.12714733667148351  0.070794956518846056  0.070999043155258804
9851    -0.10291920390752879  0.065362214595250212  0.032458856232958265
9852    -0.1027544375  0.065357474999999998  0.0326191625
9853    -0.10250950997725501  0.06548280610920304  0.033769923970483701
9854    -0.11338521016313888  0.14904389923586422  0.012997045227800007
9855    -0.031417273738251664  0.090387553895135878  0.095823576176899392
9856    -0.10357767935289949  0.067751774233634446  0.036820821814565224
9857    -0.12588770416718914  0.29148689858317767  -0.021526191515960386
9858    0.024257961006992883  0.085476657036633583  0.082750681360813871
9859    -0.03986108816407484  0.081791696077447074  -0.02032005511041059
9860    -0.035372669689903338  0.076206648639877375  -0.039688363293494233
9861    -0.03400558133618823  0.18979814517122742  -0.045909348059959949
9862    0.0068700008152300105  0.080133435567362743  -0.021410047617054909
9863    -0.027707573683761155  0.070811461397843722  0.096510498058804337
9864    -0.11144015462626161  0.12626419501656228  -0.011434938529595959
9865    0.077561527713306433  0.15286978347535846  -0.014648470668938068
9866    -0.12070012376248504  0.071061295504029315  0.0084067209536593107
9867    -0.11829800716981612  0.28773113699312775  -0.0025096855864287426
9868    0.072368848727707838  0.1013223401896429  0.054351601750227171
9869    0.030006619894247959  0.070773092027306361  0.041001767652042824
9870    0.0077014415909784951  0.079259257404844713  0.052975587809766168
9871    -0.1283499209200295  0.3271516853067582  -0.10076005735571909
9872    -0.12845409342804323  0.25385265233100501  0.079556128261885461
9873    -0.12614472829204104  0.13804157662870498  -0.014784654642101519
9874    0.040774857918869568  0.19638496639604275  -0.036071653973775687
9875    -0.12101372162356716  0.12009059373290132  0.012042479243279435
9876    -0.054699919494429143  0.083385835974658012  0.095038178037012325
9877    0.072635029524135281  0.097844083395438833  0.059126578663423912
9878    -0.10532745315728155  0.091525244103754289  0.061601786502895994
9879    -0.1649766983209924  0.29366375661646021  0.053682127676410105
9880    0.07979727617183037  0.15138272612207693  -0.015599652321532898
9881    0.079943003441303478  0.14838938652543673  -0.015416068267625895
9882    0.008868497445345111  0.068426683977652794  0.015223680925961259
9883    -0.082702946883075182  0.32636490567823551  0.0034934949521472107
9884    -0.072569215837885254  0.070424627351097585  0.064044295931097464
9885    -0.10030431801749465  0.23683070152589858  0.061241582889277273
9886    -0.1329149550721502  0.1408375679647775  0.013309253087300261
9887    0.076577148165122566  0.14918297177551604  -0.015632972782252012
9888    -0.10893224272485369  0.21267150263132362  0.076108162510046762
9889    -0.12588252634133201  0.071899841982173293  0.064028785815498507
9890    -0.068494908824221906  0.070747234586282959  0.066184251535002597
9891    -0.069569968017844375  0.088595836810046485  -0.043646011021183852
9892    -0.050180789744521462  0.09520607182410129  -0.048367287255980024
9893    -0.094039021706954551  0.069946384238171899  0.052973995348355681
9894    -0.065817015411647362  0.072845737611418104  0.066257438196914598
9895    -0.030264667815683748  0.11673478970167581  0.096371511950603284
9896    -0.12280848759223142  0.13475172405925595  0.027179749615625404
9897    -0.17272702565074194  0.25323696102368037  0.077818062408652036
9898    -0.12915249933035766  0.31995275911262899  -0.09849245708177104
9899    0.076986828013593245  0.14664772583176452  -0.010028564105991424
9900    0.045844766316975247  0.11028823762461926  0.08049837794025036
9901    -0.053324196670872286  0.35345570656352049  -0.020508234286793048
9902    -0.072218795268805813  0.072805237026226141  0.084464916613190277
9903    0.014075471555222778  0.15949125887333696  -0.062995705901604818
9904    -0.06104605274716407  0.11111531078147673  0.067418223459062745
9905    0.01475561137426498  0.068665629141015747  0.029162210805435931
9906    -0.13584293578251899  0.20653916069812597  0.071471498271816675
9907    -0.085565658064679195  0.161049201562254  -0.035429816744192405
9908    0.026939951648334511  0.070153712766276632  0.010129802429484164
9909    -0.0551796664465087  0.096605527534773722  -0.043766907597818587
9910    -0.063205727497150158  0.15422028362907078  0.078136978770548565
9911    -0.13852890205216128  0.24372392350804409  0.080225808587300801
9912    0.072499570391312565  0.10578993826856184  0.05937072531113425
9913    0.06673052811899613  0.14561232471679289  -0.02645846203449417
9914    -0.053891307414165888  0.070989818667501883  -0.042016303766181928
9915    -0.11652312737588363  0.23219217964612024  -0.016913181003323056
9916    -0.17343182025582343  0.23218739955658685  0.0096735692054071964
9917    -0.084423784093798915  0.13191640542950064  -0.02633106786325726
9918    0.054975120187918648  0.21882740482622468  -0.017783881553872279
9919    -0.067342173633278365  0.22053767347190398  -0.030391342437328148
9920    0.0083930756288617542  0.068769715132854625  0.010117695829622984
9921    -0.10183122222956754  0.065670011945149348  0.032783054882872392
9922    0.0064342263490073477  0.083821250186245783  0.08717572867510695
9923    0.03820415368026648  0.074313801353661044  -0.007938576486589001
9924    -0.11686849999999999  0.2106055  0.076518525000000004
9925    -0.12544083832869041  0.34572828381723181  -0.11595875377101357
9926    -0.085856984499689898  0.06970002030506911  0.021739745231603852
9927    -0.085480650802269215  0.069640239090983935  0.022670561006649027
9928    -0.037632119926494331  0.36421578710482472  -0.031724959012375029
9929    -0.037247844464933649  0.36341294404257646  -0.031674411908697679
9930    0.031078127286614479  0.07166121991651267  0.0097166549898608304
9931    0.029607024999999999  0.070592574999999991  0.010548640625000001
9932    -0.098192498450267812  0.069573506297094023  0.020780552261363577
9933    -0.10343657147345173  0.065505026947426451  0.03315226049350687
9934    -0.088074985560029698  0.069142806662399345  0.023716987900142952
9935    0.032832371659025986  0.072476260089628722  0.0071756393508163466
9936    -0.09524689964336383  0.070758207453375771  0.021367547463336474
9937    0.029958831209034247  0.071049700235702409  0.010385089167662589
9938    -0.085506176203403825  0.069690858636475908  0.022225341509973538
9939    -0.086724270312712154  0.069446453709054834  0.02280570132185614
9940    -0.08628204001242934  0.069591500255370822  0.022132916205537943
9941    -0.086113299314364733  0.070417497800180251  0.022422360024106896
9942    -0.086088435322991791  0.070111328387086946  0.02178085859884234
9943    -0.08813697292782291  0.07042792419288553  0.021688007140763722
9944    0.029390013832682832  0.071934873303031416  0.010360186032495357
# Generated by D:/cch/projects/TetGen-1.6.0/build/tetgen.exe -p -q D:\cch\projects\ProtoSim\asset\bunny.ply 
