20351  4  0
    0    1381  4840  5313  4263
    1    3251  3643  3223  5403
    2    1169   950  2486   621
    3    4671  2004  5202  5335
    4    2042  3750  2016  5030
    5    1185  1686  1328  5322
    6    1228    29  1331  4991
    7    2850   867  2695  2502
    8    4153  1519  4697  4969
    9    4634  4780  4893  5348
   10    4382  2454  4606  5381
   11    3066  3030  4720  3754
   12    1723  1715  1714  4805
   13    4806  4598  4887  5355
   14    1728  1744  5064  5189
   15     170  1331  4502  4991
   16    4273  4210  4372  4593
   17    4732  4335  4915  5328
   18     583  2378   914  3797
   19    1583  1589  4621  4971
   20    2293  2196  4957  4988
   21    4160  4269  4330  4410
   22     857   659  4183  5108
   23    4449  4132  4621  5298
   24     620   918   719  4843
   25     705   878  4369  4549
   26    4401  4520  4723  5011
   27      11  1524   327   349
   28    1212  1210  1408  1206
   29     436   435  5141  5276
   30    4770  4327  4872  4907
   31    2667  2632  4509  5262
   32     389   356  4746  5384
   33    1986   768  3340  4896
   34    2738  2139  4266  1846
   35     817   787  5339  3801
   36    1748  4479  4805  4964
   37     691   178   707  4283
   38     710   892  4308  4369
   39    2031  2323  2320  4414
   40    4277  4464  4695  4826
   41    3202  3186  3804  4875
   42    4202  4400  4533  5263
   43     544   537  4332  4716
   44    1043  2115  2235  4468
   45    1340  1405  4350  5030
   46    1266  1358  4288  4763
   47    4490  1851  4733  5110
   48    3262  3564  4404  4477
   49    4591  4156  5193  5396
   50    3037  4217  4386  4591
   51    2375  3711  2404  5360
   52    1464  1463  1481  4805
   53    3400  1676  2601  5378
   54    4482  4177  4801  5035
   55    3388  3387  4431  4851
   56    3481  4157  4204  4569
   57    1801  1810  1813  4876
   58     214   233  4677  5332
   59    1953  1542  4694  5076
   60    4985  4771  5174  5344
   61    1259  3866  3510  5178
   62    2079  2006  2005  5335
   63    1224  3549  4239  4373
   64     217   750  1444  5164
   65    4336  4331  4931  5015
   66    1260  2064  4657  5029
   67    4499  2634  4523  4854
   68    1054  2506  5273  2530
   69    1258  1988  1913  4835
   70    1841  1356  1834  5087
   71    1367  1167  3501  4834
   72    2121  2229  1488  4468
   73    1589  1812  4756  4971
   74    4069  4021  5069  5397
   75     946  3570  4659  5354
   76    4705  2283  1007  2169
   77    3282  3273  3833  4314
   78    1202  2346  1200  2773
   79     300   365   331  4522
   80    3321  4845  3273  4314
   81    2586  1903  4503  5050
   82    2812  1982  4688  5335
   83    1011  2149  4235  2774
   84    1216   498   103  5194
   85    4146  4215  4530  4611
   86     672  4883  5008  5115
   87    1654  2384  4261  4718
   88    4977  2251  5000  5274
   89    1203  2773  2461   223
   90    3190  5403  5404  4188
   91    1514  3805  3981  4990
   92    3464  3444  1113  5356
   93    2945  4390  4950  5319
   94    1407  1212   788  1408
   95     582   770   313  5214
   96    1344  4276  4670  5111
   97    2594  2555  4396  4551
   98    4338  4289  4878  4933
   99    1422  1332  5069  1345
  100    3925  3825  5119  5168
  101    2962  2974  2999  4457
  102    4324  4737  4981  5111
  103    2771  2845   590  4553
  104    1945  1927  4507  5361
  105    4508  4595  5167  5234
  106     355  3950  5123  5285
  107    2739   212  2576  4509
  108    5253  5186  5287  5301
  109    1242   362   110  3578
  110     902   850  4586  4590
  111    3143  3144  3080  4734
  112    3343  3315  1464  1457
  113    2501  4163  4184  4861
  114    2600  2415  4261  4854
  115    4152  4500  5008  5382
  116    2071  1733  2030  4721
  117    2478  2442  2464  5204
  118    1582  1772  3709  3849
  119    1882  1864  4833  1679
  120    3258  1891  3310  4488
  121    1129  1197  3982  5016
  122    1191  3792  1180  4577
  123     703   682  5372   687
  124    2420   954  4486  4605
  125    3633  4111  5191  5363
  126    2496  2495  1828  5165
  127    4724  3319  5176  5230
  128    1507  1490  4990  1491
  129    4123  2987  4802  4841
  130    4629  1311  5096  5291
  131    4417  4481  4668  4993
  132    2705  2704  4090  4645
  133     928   310  5115  5382
  134    1158  1394  4073  5055
  135     126   136   144  4654
  136    2847  3394  4295  4762
  137    3608   546  5010  5243
  138    2960  2994  4211  5305
  139    1111  4525  4609  5137
  140    2710  2778  2669  4844
  141     805   786  4806   748
  142    4683  4760  4772  4978
  143    3993  4345  4617  5396
  144    2876  2365  4658  4973
  145    1022  1055  4373  4571
  146     121   109   129  4825
  147    4666  4326  4748  5107
  148    2877  2364  4973  5127
  149    4241  4158  4286  5073
  150     577  5091   586   599
  151    2671  2683  4096  5269
  152    3137  3114  4686  4998
  153    1679  2844  2843  4597
  154    3352  3171  4707  4847
  155    2951  2994  4203  5223
  156    4310  4390  4485  4970
  157    4390  4627  4950  5319
  158    1448  1425  3617  4552
  159     908   752  4783  5288
  160    1302  2089  4321  5225
  161     884   753   917   808
  162    3042  3717  3007  5159
  163     576    51  4661  5345
  164    1208  1380   314  5080
  165    4251  4228  4437  4505
  166    4553  2828  4597  5185
  167    4184  4335  5036  5328
  168    2328  2336  4395  2345
  169     176  4637  4799  4934
  170    4446  1106  4576  4579
  171    3226  3252  3205  5278
  172    2520  4382  5109  5177
  173    4297   249  4599  5310
  174    3547  4120  4127  5118
  175    4598  4887  4947  5372
  176    2154  2179  5289  2345
  177    3510  4670  4758  4981
  178    1109  2087  4983  5110
  179    3720  4507  5122  5361
  180     887   909  1098   654
  181    2249   640  1890  5140
  182    3404  2725  3461  4604
  183     236   254  4328  5371
  184    4171  4481  4993  5163
  185    1598  2087  4490  5357
  186    4629  4276  5111  5291
  187     174   146   145  5098
  188    2218  2248  4877  4977
  189    2898  2906  3772  5217
  190    4269  4277  4703  4806
  191     175   191   196  4294
  192    4353  4454  4600  4965
  193    4191  4179  4283  4856
  194    3239  3213  4702  4727
  195    2162  1156  4695  5246
  196     597    64    72  5104
  197    4298  3100  4935  5036
  198    2385  2537  4611  2813
  199    1092  2199  1798  4376
  200    1015  3490  4643  4863
  201    1686  1639  1549  5322
  202    4596   521  4738  5265
  203    3290  3307  3245  4897
  204    1834  1865  1841  4149
  205    1544   916  4293  4875
  206    4175  4231  4279  4609
  207     964   974   955  4605
  208    3024  3026  4588  5071
  209    4291  4431  4507  4851
  210    3431  3443  3481  4157
  211    3292  3310  4488  5183
  212    1700  3926  1586  4995
  213    3149  3113  3161  4800
  214    1716  2072  3536  5076
  215    1489  1490  1476  4990
  216    1444   217  5164  5246
  217    1925  1910  4902  1911
  218    4508  4501  4849  5065
  219    4647  4420  4883  5342
  220     382   396  4714   363
  221    4178  4240  4414  4636
  222    2510  3436  3446  2766
  223     259  1706  4058  4761
  224    2106   958  2354  4581
  225     987  2074  3433  3455
  226     509  3892   525  5032
  227    1934  1868  1580  5135
  228    3488  3868    25  5294
  229    4526  4345  4533  4617
  230    4495  4472  4605  4907
  231    3429  3454  3399  3432
  232    4248  4169  4752  5238
  233    4650  4156  4741  5263
  234    1114  1332  4647  5203
  235     517   872  4267  5052
  236      88    98  4318  4687
  237    4270  4570  4790  4815
  238    2103  1032  4648   977
  239    2992  3529  4163  4930
  240     646   621  2486  2630
  241     255   289   306  4901
  242    3203  3204  3732  4967
  243    3166  3071  5188  5337
  244     921   818   694  5330
  245    3049  4386  5046  5213
  246    1485  4697  4786  5231
  247    1740  1734  4572  5400
  248     391   182  4929  4952
  249     121   129   130  4825
  250     535   534  4556  4812
  251    3619  1935  4782  5047
  252    3017  3615  3039  5113
  253    2894  2875  2903  2890
  254     732   759  3598  5198
  255     895   854   866  5201
  256    4281  1114  4647  5203
  257    3607  3152  4355  4940
  258    4784    79  4912  5314
  259    4200  4232  4350  4614
  260    1276    55  1219  4765
  261     332  3562   340  5123
  262    2873  2872  4222  5042
  263     951  2846  1904  5347
  264     406  1368   743  5275
  265    1175  1136  1180  4292
  266    1511  2826  5224  2827
  267    1696  1699  1579  4170
  268    2469  5132  5251  5270
  269    4309  4296  4714  4979
  270    4475  4347  4642  5124
  271    3185  3938  3909  4875
  272    4191  4471  5280  5401
  273    1715  1749  1741  1723
  274    3298  3281  4109  4846
  275    1245   506  4952  1254
  276    3217  3216  3256  4715
  277    5082  4587  5027  5314
  278    4323  4669  4688  5335
  279     207   191  4294   208
  280    2828  1679  1882  4597
  281     815   847   861  4454
  282    4324  4737  4758  5207
  283    2653  2679  2652  2691
  284    4205  2008  4513  4850
  285     424  5368  5397  5402
  286    2527  2539  4839  5311
  287    3738  3100  4962  5036
  288    1804  1824  1790  4531
  289    1231   419  1274  5186
  290    3305  3275  3255  4476
  291    4436  4374  4766  5389
  292     104   295  3549  4239
  293    3335  3347  3320  3818
  294    2758  4649  5084  5324
  295     663   698   692  4696
  296    1219    55  1290  4765
  297    1075  1073  1124  5081
  298    1761  3765  1771  4852
  299    2550  2549  2573  4710
  300    4253  4247  4396  4460
  301    1928  2231  2214  5279
  302      97    67  4539  4706
  303    4133  4200  4361  4865
  304    3993  2988  4126  4627
  305    3127  4187  4560  5215
  306    1841  1950  1742  4747
  307    4012  3794  4617  3814
  308     933   612  4183  5108
  309    2078  2811  4254  2043
  310     529   514   513  4652
  311    2877  2895  4831  5127
  312    3476  3465  1811  3475
  313    4240  4338  4414  4636
  314    1474  3378  4807  3397
  315     838    39   875  5194
  316    4399  4473  4728  5123
  317    1299    39  4527  5194
  318     356  4229  4746  5384
  319    2347  4890  4946  5130
  320    3319  3271  3300  4248
  321    3184  3306  4510  4740
  322    3409  2797  1169  2463
  323     187  2360  2324  5051
  324    3343  3315  1457  3314
  325     630   811  4258  4644
  326    1621  1659  1670  5401
  327    1679  1882  4597  4833
  328     406  1235     4  4380
  329    3744  3847  3270  4642
  330    3025  3046  3027  5071
  331    4146  1452  4675  4941
  332    2884  2873  3649  5360
  333    1745  1682  2845  1882
  334    2186  2108  4213  4769
  335    2159  2194  4541  5017
  336     726  2429   914   820
  337    4582  4276  4665  5090
  338    1316  4670  4981  5111
  339    4308  4166  4320  4549
  340    4180  4544  4846  5027
  341     623   909   656  4190
  342    4631  4155  4758  5178
  343    4727  5143  5286  5385
  344    2103  2249  4414  4562
  345    4366  4143  4385  4717
  346    1389  1353  4412  5154
  347    1626  1718  1707  1719
  348    4427   960  4773  5035
  349     194  1229  4660  5252
  350     834   827   861  4348
  351    3570  3823  4112  4659
  352    3436  2766  2726  2029
  353    1451   343  4398  4804
  354    1232  1896  1705  1222
  355    2028  4855  5077  4325
  356    2177  4811  4487  5241
  357    1606  1599   106  5070
  358     622    26  1372  1917
  359    2128  2635  2583  4854
  360     680  3589  4470  5295
  361    1194  4443  4562  4905
  362    2244  2042  2352  5030
  363    4201   146  5129  5284
  364     425   342  1437  4745
  365     117  1339  4892  5282
  366    2249  2183  2103  4414
  367    1681  4619  4844  4857
  368     739  4005  3788  4906
  369    2559  2512  4890  5311
  370    3660   614   778  4664
  371    1200  2773  1205  1821
  372    2871  2888  2900  2899
  373    2196  2188  4391  4988
  374     442   486  3674  5386
  375    4809  4668  5236  5255
  376    1511  1587  2857  4564
  377     334   321   356  4602
  378     737   749   750  4848
  379    2978  2977  4627  5319
  380    1841  1865  1135  4325
  381    4355  4832  5264  5298
  382    1216  1580   498  5194
  383    1887  1872  1849  4789
  384    4424  4310  4839  5130
  385    2298  1002  2858  2870
  386     126  4621  4993  5099
  387    1946  3746  3340  4896
  388    2998  2983  3022  5019
  389    3455  3452  1129  1951
  390    4310  4386  4591  4884
  391    1844  2063  3452  1951
  392    1799  1809  1810  4594
  393    3790  3406  3407  1141
  394    3540  1057  3734  4665
  395    1362  1352  4981  5341
  396    1677   317  4274   318
  397    3361  4267  4317  4740
  398    2405  2159  4541  5017
  399    1802  2257  1789  4711
  400    3875  5133  1274  3599
  401    1872  1888  1849  4789
  402    1624  3586  1614  4700
  403    2201  2119  4620  5260
  404    4661  4706  4724  4752
  405    3240  3979  3719  5390
  406    1540  1664  4176  4631
  407    4188  5180  5249  5403
  408     778   874  3426   917
  409    1421  2000  2090  4195
  410    1632    65  4466  5018
  411    2351  2361  2324  4279
  412      21    58  5100    57
  413     853  4193  4218  4635
  414     778   808   917   753
  415    1423   405  1447  4186
  416    4806   805  5106   816
  417    4284  4145  4357  4462
  418    4426  4712  5115  5382
  419    2750  2803  5156  2770
  420    3186  3386  4875  1305
  421    4214  4511  5174  5200
  422    4231  4302  4795  5125
  423    2792  2791  2834  4713
  424    4789  1899  1900  4168
  425    2676  2763  2764  2762
  426    1725  1905   819  1898
  427    3245  4480  4738  5325
  428    4166  4208  4308  4608
  429    1314  3716   326  4245
  430    4526  4533  4574  4617
  431    3256  3217  4715  5062
  432     552   518   553  4578
  433     875    39  3763  5194
  434    1927  1945  3942  5361
  435    1452  4146  4611  4718
  436     935   999   994  5016
  437     126   125  4621  5099
  438    2726  3402  1949  3479
  439    1483  1465  3344  3371
  440    3942  1946  5269  5361
  441    1519  1504  4153  4697
  442    2811  2022  4254  2043
  443    4264  4521  4713  5324
  444    4239  2030  4626  4721
  445    3984  3779  3815  4574
  446    2261  2932  2958  5168
  447    2171   160  2160  4662
  448    4183  4228  5010  5108
  449     393  1697  4501  4849
  450    1044  1128   967  5283
  451     661  2466  4431  4762
  452     320   372   389  5384
  453    4040  4045  3990  5028
  454    1717  2610  1046  2062
  455    2802  2803  4597  2844
  456    3131  3212  4455  5188
  457      48    60   574  5128
  458    1588  1596  1817  5205
  459    1673  3325  4208  4740
  460    5002  4332  5085  5138
  461    4251  4244  4380  4633
  462    1995  1203  2461   223
  463    4284  1956  4462  4731
  464    1030  2316  2263  4487
  465     627   649   650  4914
  466    2208  4557  2271  4910
  467    1663   262  1691  4725
  468    4278  4360  4422  5015
  469    3052  3050  3051  5213
  470    3422  1046  2062  1717
  471    1650  1562  4483  4819
  472     873  3403   718   828
  473     183   197   209  5316
  474    2807  3354  3902  4295
  475    1044   967  1306  5283
  476    3474  1160  3468  4204
  477     331   301   285  5149
  478    4314  3653  4845  5385
  479    1957  2084  4263  5313
  480     571    21   594  5100
  481    2152  2147  4392  5025
  482    2710  3531  1681  4844
  483     194    42  1229  5252
  484     173   172  4379  4654
  485     345   804   846  4600
  486    3164  3165  3130  5124
  487    2364  2392  4973  5127
  488    1240  1407   788  1719
  489    2749  2690  5156  2750
  490    4606  4506  4886  5340
  491     177   149   148  5144
  492    1525  4135  4214  4572
  493     413   402  5003   420
  494    4247  4221  4514  4371
  495    1431  1337  5096  5320
  496     477   428  4708   455
  497    4325  4149  4490  5077
  498    2938  2998  4872  5374
  499    4194  4199  4402  4943
  500     732  4367  4470  5198
  501       7  1352  1381  4263
  502    3347  3335  3336  4601
  503    4346  4147  4695  4776
  504      64    88  5104    87
  505     461  1333  4351  5003
  506    2661  2561  2396  2505
  507     892  4308  4942  5201
  508    4490  4149  4747  5077
  509    4312  4365  4816  5122
  510    4548  4271  4650  5035
  511    1058   706   717  4226
  512     877  3915  3782  5052
  513    2926  4711  4792  5079
  514    1247  1198  1107   239
  515    3483  3430  1780  3465
  516    1165  1138  1164  5210
  517    3710   818  5126  5288
  518    1538  1652  5300  1570
  519    2728  1121  1138  5210
  520    1468  3720  5122  5361
  521     960   587  4650  5035
  522    2114  2226  4223  4646
  523    2515  2563  4542  2530
  524    3409  1010  2463  1169
  525    2483  2456  5109  5152
  526    2080  1286  4669  2079
  527    4573  4464  4760  5130
  528    1907  1134  1072   987
  529    3937  3313  4125  5302
  530    4441  4379  4756  5163
  531    2505  1805  5061  5114
  532    2258  2559  4890  5130
  533    2304  1207  1821  1206
  534    1350  1334  1361  5076
  535    2090  1913  1914  4195
  536     235   218  5169  5371
  537    3423  1949  3419  3452
  538     899   642  5141  5276
  539     874   778  3426  4664
  540    2846   951  4091  5395
  541    4256  4328  4820  5316
  542    2216  4362  4779  4924
  543    2339  2180  2302  5212
  544    3906  4887  5326  5379
  545    1675  1696  4170  4471
  546      15   503  4778  5001
  547    3307  1578  5232  5391
  548    4709  4381  5099  5129
  549    3746  1945  1468  5361
  550     698   663  3497  5334
  551    3902  3726  2847  5155
  552    4061  3203  4967  5399
  553    3048  3061  3080  4230
  554     565  2059  4149  5313
  555    4364  4177  4650  5004
  556    1031  3353  5059  5142
  557    2098  4811  5000  5212
  558    3684    83  4539  4623
  559    2752  2804  4632  5308
  560     277   224  3780  5107
  561    1327  2082  1250  4850
  562    2074  1936  1134  1717
  563    4614  4154  5081  5214
  564    1746  1740  5400  5404
  565    1407  1240  1275  1719
  566    2418  1722  1499  4461
  567    3588  2328  2202  4395
  568    2339  2174  4474  5212
  569    1564  1637  1623  4304
  570    2164  2200  2247  4735
  571    1361  1284  5076  1334
  572    4620  2636  4791  5260
  573    1162  1129  1107  1197
  574      79  3736    78  4912
  575    4418  4411  4497  4864
  576    4566  4172  4992  5134
  577    3873  2851  4570  5237
  578    1467  3392  4956  5100
  579    3960  4786  4846  5118
  580    2959  2960  4211  5305
  581    4942  4304  5052  4415
  582    1988  2036  4195  5061
  583    3164  3129  5074  5124
  584    2360  1878  4609  5137
  585    2471  2470  2480  4593
  586    2404  2394  2413  4869
  587    1868  1876  1706  1493
  588    1697  1634  1687  4501
  589       7  2146  4263  4662
  590    4152  4502  4525  5303
  591    3705   926  5021  5052
  592    1912  1892  3623  3886
  593     972  3052  4313  5213
  594    1977  1716  1743  5076
  595      48  1496  4807   567
  596    1431  3659  4629  5320
  597    2834  2791  2820  4713
  598     326  1359  1320  4245
  599    3466  3399   841  3456
  600    4520  4723  5001  5138
  601    2747  3685  3557  4948
  602    3864  4314  4845  5230
  603    2098  2145  4811  5212
  604     154   183  4744  5316
  605    4382  4388  4497  5109
  606    2880  2870  4370  4541
  607    1167  1367  3501  3762
  608    4202  4271  4299  5263
  609    4497  2548  4710  4864
  610     490   509   456  5375
  611    2664  4787  4866  4948
  612    3318  4172  4566  4697
  613    4972  3499  5399  5400
  614    3102  3153  3128  3724
  615     272   231   283  4959
  616    4475  4992  5297  5349
  617    1358  1112  4763   460
  618     478   457   491  3963
  619     449   463   436  4268
  620    5057  4749  5161  5343
  621     718  2712  3399  3432
  622     792   843   734   879
  623    1720  3751  1859  4370
  624    1988  1258  4743  4835
  625    4589  4284  4731  4743
  626    1524  1693    11   327
  627    1860  2133  2270  4651
  628    4086  4087  4400  4680
  629    4198   131  4612  4882
  630     598  4482  5170  5369
  631    2581  1879  2611  4894
  632    3127  3551  4753  5215
  633     238   266    13  4666
  634    1662  1853  1820  1239
  635    4155  4450  4493  4750
  636    1308   497   279  4631
  637     993   965  4989  5184
  638     756   840   695  5356
  639    2213  2304  1821  1206
  640    4327  4643  4989  5270
  641    4540  4914  5208  5272
  642    1168  1877   988  4983
  643    5069  5368  5376  5397
  644    2217  5058  5358  5378
  645    4135  3125  4459  4686
  646    1590   146  4428  5284
  647    4145  4149  4320  4324
  648    2501  2525  2545  4551
  649    3735  2036  5114  5383
  650     766  4454  4685  4965
  651    1673  3308  3325  4740
  652     552   553   522  4286
  653    1628  1692  1308  5357
  654    3562   340  5123  5285
  655    2269  2865  2868  5360
  656    3312  3259  3249  5183
  657    4236  4232  4394  4931
  658    3372  1466  3392  4956
  659    3907  2200  4376  4557
  660     976   968  3409  3413
  661    4393  4631  4855  5357
  662    4490  4393  4855  5357
  663    3116  3764  3551  4935
  664    2129  2398  2427  4141
  665    4049  3214  4476  4715
  666    3246  1811  1780  1656
  667    4714   363  4849  4949
  668    2030  2060  4239  4626
  669     384   383  4714  5044
  670    2923  2897  2950  5116
  671    4418  4815  4864  5048
  672     472  3897   132  4682
  673    1198  1272  1265  4615
  674    1729  1756  1730  4375
  675    3415  3435  3414  4451
  676    3110  3063  4217  4673
  677    4281  1114  1278  4647
  678    4744   120  4825  5144
  679     983   953   982  4563
  680     532  4596  5073  5265
  681    4265  4335  4381  4481
  682    2968  2401  4390  4884
  683    3326  1249  4073  5005
  684    4147  4154  4269  4285
  685     207  3502   208  4294
  686    4458  4196  4496  4724
  687    3279  3327  3201  4480
  688    4411  2565  4497  4864
  689    1383  3571  3671  4670
  690    3104  3070  3130  5009
  691    4202  4377  4455  4928
  692    2542  2567  5248  5307
  693     327   202  4239  1224
  694     534   531  4528  5367
  695    1975  2327  1852  4391
  696     961  1099  1047   104
  697    3823  4112  4659  5078
  698    2172  2203  2831  5358
  699    3378  3336  4153  4601
  700    2291  2264  5172  5260
  701     639   979   602  4679
  702    4855   134  5207  5341
  703    4166  4357  4420  4704
  704    3037  3063  3095  4217
  705    2073  1384  4567  4763
  706    3440  3462  4282  5060
  707    1558  1528  4566  5231
  708    1459  3954  3377  4544
  709    1979  1993  2020  4584
  710    4572  3137  5162  5387
  711    3422  1046  1717  1134
  712    1115   903   968   924
  713    3142  3195  3196  5267
  714    4196   112  4378  4637
  715     202   327  4239   451
  716    4392  4305  5025  5320
  717      78  1555    91  4784
  718    3794  4043  4030  4909
  719    1688  2848  4523  5136
  720    4545  4298  4935  5036
  721    1706   259  1493  4817
  722      31  3896  3868  5216
  723    2544  2500  2523  4551
  724    4311  4448  4546  4931
  725    4819  1586  4995  5007
  726    3113  3148  4083  4990
  727    2061  1542  1724    12
  728    2386  4538  4664  5262
  729    2859  2333  2861  3848
  730     254   236   220  5371
  731    3650  3634  4028  5023
  732    1666  4379  4441  4677
  733     874   756   917   808
  734    1477  3648  1501  4922
  735    4702  4727  5143  5286
  736    2618  2619  2598  4518
  737    1231   459   315  5186
  738    2924  3749  2898  5217
  739    4132  4306  4771  5036
  740    1552  1773  1543  5174
  741    4154  4178  4232  4614
  742    4628  3389  4768  5142
  743    3454  3482  3399  3432
  744    3347  2684  3398  5033
  745    1277   672  4883  5008
  746    4960  4322  5176  5286
  747     861  3791  4348  4586
  748    4248  4458  4706  4724
  749    4217  4429  4734  5193
  750    4271  4440  4650  4773
  751    1249  1103  5005  5232
  752    4674  2413  4886  5359
  753     766   774   759  4685
  754    3971   542  4181  5375
  755    1647  1521   479  4982
  756    2881  3707  2888  4730
  757    2045  1996  2006  5335
  758    2914  2935  4290  4300
  759    4487  4672  4722  4827
  760     403   837  2242  4267
  761    2274  2293  2416  4957
  762     113    86    62  4378
  763    2238  2830  4338  4957
  764    4249   336  4426  5364
  765    4508   476  4979  5167
  766    3233  1831  1840  5121
  767    4465   558  5051  5137
  768    3873  4570  4977  5072
  769     305   288   235  5371
  770      37    64  5104  5187
  771    3781  3522  4016  3512
  772    3239  4047  4476  5170
  773    4247  4171  4352  4795
  774    5008  1262  5057  5343
  775    4156  4217  4673  4741
  776    4211  4375  5204  5223
  777    1973  3363  1942  4851
  778    4585  4530  4669  5093
  779    4145  4263  4284  4743
  780    1010  3416  2463  2486
  781    2249  1890  4414  5140
  782    4375  5204  2464  5227
  783    1586  3926   387  4819
  784    2650  2651  2615  4866
  785    1122  1140  1257  4293
  786    1311  5025  5096  5291
  787     506  1254   267  4633
  788    2275  2251  4811  4977
  789     237   183   209  4179
  790    1461  3113  4083  4800
  791    4384  4622  4667  4975
  792     822   893   779  4635
  793    2395  4535  5022  5257
  794    4359  4426  4712  4871
  795    1336  1332  5342  1278
  796     250   243  4423  4677
  797     788  1240  1778  1238
  798    2301  2191  4751  4924
  799       6  1179   484  4860
  800    1921  1872  4667  4975
  801    4687  4744  4825  5144
  802    1728  1708  3995  5189
  803    1005  1028  1016  4863
  804    1374  1349  1094  5016
  805    3549  4239  4373  4721
  806    1442    23   350   740
  807     742  1277  5342  1218
  808    1466  3391  3370  1458
  809    2608  4903  5088  5235
  810    2729  2714  4257  4579
  811     546   159  5010   538
  812    2912  2911  3928  5116
  813    2329  4175  4206  4557
  814    4311  4168  4789  4975
  815    4404  4162  4466  5018
  816    2493  2474  2473  5177
  817    4145  4263  4743  4835
  818    1360  1398  1361  4694
  819    1763  1776  1785  5018
  820    4278  4216  4422  4808
  821     601   602  3145  4679
  822     472  4249  4682  5364
  823    2740  4305  5358  2816
  824    2735  2720  2734  5308
  825    3296  3392  3345  5100
  826    2167  2266  5136  2112
  827    4366  4385  4641  4822
  828     757   830   880  4316
  829    4146  4143  4537  4834
  830    2816  3532  2832  4190
  831    4234  4302  4499  5125
  832    3624  2147  3832  4134
  833    1582  1671  1772  1546
  834     639   979  4679  5333
  835     829  3361  4267  4317
  836    4277  4436  4540  5379
  837    2727  2378  2502   914
  838    4517  4336  5019  5336
  839    4192  4309  4663  4676
  840     574  4456  5033  5128
  841     997  1155  1174  4305
  842     998  3472  3478  4889
  843     507  1875  4509  4761
  844    3074  3120  4917  4961
  845    4232  4236  4394  4878
  846     657   680   681  4921
  847    4175  4259  4362  4433
  848    4123  4574  4802  4900
  849    1264  1381  1957  1418
  850    4562  1075  5081  5083
  851    2709  2721  3807  4868
  852    1461  3805  1500  4800
  853    5095  4322  5143  5286
  854    4027  4024  4512  5120
  855    3010  3022  5019  5336
  856     589  3784   588  4650
  857    1879  2646  4894  5192
  858    4738  3277  4897  5265
  859    2134  4395  4614  4892
  860     655   644  4258  4889
  861    1722  2418  2409  4461
  862    2023  2046  2047  4323
  863    4647  4435  4749  5343
  864    1190  1019   496   188
  865    3459  3411  3418  4451
  866    1261  1269  4837  5093
  867    3466   611   671  3790
  868    2250  2212  2186  4769
  869    3137  3733  3150  4922
  870     556  2270  2571  4550
  871    4346  4147  4464  4695
  872    1645  2585  4844  1636
  873    4189  2899  4504  5171
  874     773  4353  4405  5006
  875    2375  2404  2376  5360
  876    4158  4143  4207  4333
  877    2901  3649  3569  5054
  878    3319  3935  3563  4821
  879    5133  1274  3599  5384
  880     909   790   656  4604
  881     237   209   244  4328
  882    4330  4150  4505  4652
  883    2706  2719  2707  4948
  884    4190  4305  4604  5320
  885    4596  4218  4704  4738
  886    2981  3009  4360  4792
  887    4175  2178  4206  4779
  888    1029  1041  2514  4863
  889    3649  2884  4869  5359
  890    4320  4155  4324  4631
  891    1130  1035   582  4577
  892     932   595   422  4337
  893    1627  3279  3386  5150
  894    3450  3444  4843  1143
  895    4460  4771  5153  5344
  896    1333  1391  4754  5003
  897    1233  1309  1330  4986
  898    4172  5028  5041  5349
  899    1903  2848  2634  4523
  900    2264  2444  2201  5260
  901    4327  4210  4354  4770
  902     625   634   635  4838
  903    4120  3281  4127  5118
  904    1491  3948  3743  4990
  905    4869  4674  5054  5359
  906    2458  2459  2438  4603
  907    4103  4617  3974  4126
  908    4373  1083  1099  4451
  909    1172  1066  5063  5090
  910    3652  3116  4560  5159
  911    1032  1153   548  5081
  912    3318  3924  4153  4786
  913    4167  4403  4495  4841
  914    3268  4858  4992  5147
  915    2751  2735  4089  5308
  916    2618  2598  1839  4518
  917    3119  4455  4961  5337
  918     244   256   307  4328
  919    1457  1483  1482  1735
  920    1166  3762  1167  4530
  921     806   748  4703  5326
  922     292  4059  4666  4716
  923     580  2379  3863  5050
  924    2404  3967  4102  4469
  925    2579  2524  2544  5261
  926    1941  2772  1982  4953
  927      90   100  3183  4951
  928    4979  4999  5167  5386
  929    3423  3402  1949  3635
  930    2591  2575  2574  4903
  931     132   472  4682  5364
  932    4318  4482  5104  5143
  933    4666  5001  5002  5039
  934    1529  1530  4153  4225
  935    3521  1060  4085  5190
  936     778  3429  3454  4664
  937    1439  1393  4385  4837
  938     292   224  4748   167
  939    4243  4234  4397  4885
  940    4311  4290  4448  4931
  941    4299  4271  4613  4963
  942    3411  3418  4451  4891
  943    4594  1800  4876  1799
  944    4298  4545  4753  4888
  945    3685  2747  4484  4948
  946    3384  1946  4896  5269
  947    1793  1784  4904  4971
  948    4306  4148  4832  5298
  949    4318  4209  4687  5334
  950    2275  2098  4811  5000
  951    3000  4116  5145  5315
  952     802   222  3503  4916
  953    4253  4171  4272  4352
  954     647   663   679  5295
  955    1903  2787  2848  4523
  956    1661  1540  4176  1657
  957     182  4361  4929  4952
  958     190   204  3730  5329
  959    2543  2578  4808  5211
  960    4386  4310  4563  4884
  961    2034  1782  4325  5077
  962    4201  4265  4347  5129
  963    2565  2566  4497  4864
  964    2976  4014  4046  4054
  965    1762  1774  1775  4830
  966    2191  4525  2315  4751
  967    1716  3536  1743  5076
  968    4248  4225  4428  5041
  969    3445  1302  3431  4569
  970     510   479   502  4568
  971    3272  3238  4727  4845
  972    4704  4366  4976  5232
  973    2456  2425  5109  5152
  974    4224  4309  4676  4781
  975     522  4044  3657  5181
  976     731   732  4470  5198
  977    2841  4356  2842  4640
  978    3300  3271  3990  5028
  979    2407  2143  3534  5031
  980    1961  1766  4644  5075
  981    2436  2457  4237  4603
  982    3154  3193  3138  3206
  983    2614  2616  4197  4514
  984     655  4258  4843  4889
  985     265  1223   291  1324
  986    4368  4287  4638  4797
  987    1519  1494  4697  4969
  988    3421  3463  4157  5060
  989    1841  1135  1950  4747
  990    1496  1473  4807  1474
  991    1012  3474  4157  4204
  992     695   632   874  5356
  993      65  4034  4033  4466
  994    1103  1159  1158  4489
  995    2918  2939  2919  4403
  996    3737  3317  3946  4786
  997    4693  4455  5188  5337
  998    3080  3109  4217  4734
  999    3647   796  4817  5299
 1000     895   675   710  5201
 1001    2042  2267  3750  5030
 1002    2042  3523  1405  5030
 1003    4676  4192  4690  5037
 1004     629  4512  4558  4586
 1005    4515  4712  5115  5330
 1006     292  4059  4716  5107
 1007    2189  2107  2148  4185
 1008    1466  1484  3372  1458
 1009    2837  4589  4731  4743
 1010    4557  2272  2208  2260
 1011    1654  1452  4718  2694
 1012    4461  3124  4800  4990
 1013    2385  2813  4611  4718
 1014    1163  1390  5246  5339
 1015    4045  3958  3990  5028
 1016    2041  4529  5105  5362
 1017    4264  2715  5084  5324
 1018    3185  3201  3938  4875
 1019     608  1348  3916  3944
 1020    4150  4268  4337  4794
 1021    4621  1589  4654  4756
 1022    4198  4612  4625  4757
 1023     458   502   446  5229
 1024     504  4778  5001  1629
 1025    4232  4391  4878  5321
 1026    2414  2439  4504  5171
 1027    1653  2741  4258  5222
 1028    4460  5151  5153  5163
 1029    2873  4618  4869  5360
 1030    4146  1452  4941  5250
 1031    3044  3117  3118  4732
 1032    1680  1675  4725  5169
 1033     416  4508  4714  4849
 1034    4366  4641  4976  5232
 1035    3447  3433  3635  3455
 1036    1114  1108  1332  5203
 1037    2547  3808  2587  5377
 1038    1092  1798  4175  4376
 1039    4180  4148  5082  5147
 1040    3886  4463  4488  5268
 1041    3889  2379  2600  4397
 1042    1338  4200  4552  5282
 1043    3051  3050  3962  5213
 1044    2071  2030  1342  5225
 1045    1920  1899  1967  4584
 1046    4945  1322  5097  5154
 1047     819  1898  4589  5087
 1048    1811  3246  3465  3796
 1049    4984  4181  5364  5375
 1050    4108  4998  3999  5162
 1051     666   626   665  4921
 1052     904   561   118  4516
 1053    3275  3216  3255  4476
 1054    1938  4853  2647  5192
 1055    2254  2191  2097  4924
 1056    4170  1675  4471  5169
 1057    3729  3773  4131  4622
 1058    3497    98   121  5334
 1059    4574  4533  4900  5145
 1060    1522  1629  4723  4778
 1061    4316  4218  4596  4738
 1062    4353   773  4405  4856
 1063    2909  3923  2903  4658
 1064    1434  3669  4412  5353
 1065    1944  4312  4507  4968
 1066    4930  3891  5119  5168
 1067    4356  2841  2842  4575
 1068    3202  3291  4293  4875
 1069    1729  1728  1767  4246
 1070    2555  2523  2554  4551
 1071     902   925   864  4590
 1072     226  3462  3440  5060
 1073    2193  1890  3769  5140
 1074    2793  4570  4815  4920
 1075    2920  3821  4659  5078
 1076    1647   479  4778  4982
 1077    4506  2909  4658  4973
 1078    3212  3230  4702  5188
 1079    3365  1616  1625  5199
 1080    3325  3376  1131  2990
 1081    1687  1619  4501  5065
 1082    4419  4346  4424  4760
 1083     606  1393  4834  1367
 1084    4345  4390  4950  5259
 1085     892   631  4942  5021
 1086    3780   544  4059  5107
 1087    4493   118  4516  4986
 1088    3196  4701  4715  5267
 1089    1978  2061  1724  4782
 1090     878  4193  4549  4783
 1091     313   770   359  5214
 1092    2064  4657  5029  5225
 1093    2045  2057  5335  2006
 1094      96    95   105  4539
 1095    3796  1080  3872  4911
 1096     482   514   546  4794
 1097    2083  2048  2049  2032
 1098    4310  4485  4839  4970
 1099    1541  1619  1506  5065
 1100     510   458  4859  5229
 1101    1763  1776  5018  5249
 1102    4602   321  4746  4788
 1103    3125  3114  3913  4686
 1104    1422  5057  5343  5368
 1105     360   266   238  4882
 1106    4793  4152  4823  5125
 1107    3866     9  4758  5178
 1108    4236  4264  4521  4713
 1109    4183  4133  4228  4865
 1110    1160  3459  3468  4204
 1111    2685  2629  4266  5222
 1112    4313  4436  4673  5046
 1113    1274  3862  3860  5186
 1114    1588  1594  5068  5245
 1115      52    71  5143  5385
 1116    4562  4154  5081  5140
 1117    2958  2971  5119  5168
 1118    3159  3122  4673  4951
 1119    4490  1118  5077  5247
 1120      70   108    62  4378
 1121    4057  4641  4822  4939
 1122     516   885  4794  5120
 1123    2199  2361  2351  4376
 1124    3226  3205  4967  5278
 1125    4070  3333  4477  4587
 1126    3536  1953  1743  5076
 1127    4269  4150  4410  4558
 1128    2932  2261  2958  2922
 1129    1233  3487  4516  4986
 1130     581  4032  4031  4477
 1131    1573  1816  4531  4861
 1132    2916  3770  4290  4824
 1133    3507  2637  2587  5377
 1134    4320  4193  4420  4549
 1135    4445  4754  5085  5253
 1136    4199  4291  4323  4688
 1137    2459  2496  2440  4814
 1138    3273  3833  4314  4845
 1139    4436  4673  5226  5293
 1140    1040  1052  3888  4772
 1141    3128  3139  4164  4187
 1142    3931  3949  4110  4908
 1143    4199  4207  4349  4932
 1144    3239  3213  4727  5170
 1145    1479  3174  3150  5404
 1146    4234  4261  5125  5250
 1147    5164  1444  5246  5339
 1148     280  3566  1376  5178
 1149    4712  4871  5102  5330
 1150    2058  2080  1285  4669
 1151     998   654  1074  4889
 1152    3690  2779  4521  5324
 1153    2342  2308  4646  4804
 1154    4561  4580  5160  5172
 1155    4510  3385  3327  3912
 1156    4265  4331  4336  4517
 1157    1713  3552  1704  4964
 1158    4366  4704  5005  5232
 1159    2652  2653  3961  5049
 1160      66    59  4169  5128
 1161    4145  4166  4357  4420
 1162    3389  3354  4295  4628
 1163    1632   652  1786  3911
 1164    1488  2290  2121  4945
 1165    4155  4250  4516  4582
 1166    4210  4327  4354  4593
 1167    3477  3412  3464  4664
 1168    1800  4594  4876  4189
 1169     179  1358   967  4288
 1170     162   161   215  5370
 1171     618  4838  5091  5369
 1172    1994  2767  4898  5362
 1173    4155  4631  4986  5178
 1174    2648  2689  4536  4853
 1175    4823  4793  4829  5352
 1176     408   397   429  5037
 1177    3627  3766  4087  5220
 1178     839  2242  4267  4740
 1179    4156  4217  5193  5396
 1180    4516  1256  4758  5178
 1181    5236  5255  5370  5392
 1182    2734  2720  2690  5308
 1183    3985  3847  4555  4642
 1184    3121  3167  3157  4773
 1185    4064   205  5255  5392
 1186    4282  2217  5358  5378
 1187     144   145  4993   161
 1188    4142  2605  4411  4547
 1189    3791   848  4348  4586
 1190    3261  3222  3295  4805
 1191    1390  1401  1417  5246
 1192     757   863  4218  4317
 1193     191   163  1660  4799
 1194    2059  2086  4840  5313
 1195    2192  2184  4289  4933
 1196    3676  2648  2689  4645
 1197    4442  4683  4760  4772
 1198     533  4044   553  5367
 1199    1606  1591  4496  5070
 1200    1352  4737  4981  5341
 1201    3314  1457  1465  3344
 1202    2686  2715  2696  4547
 1203    1562   387  3926  4819
 1204    1773  1543  5174  5200
 1205    4029  4019  4035  5162
 1206    4566  3299  4858  5349
 1207    1444  1163  1417  5339
 1208    3049  3015  3095  4386
 1209    4284  2396  4743  5024
 1210    3978  3266  4109  4846
 1211    4265  4517  4693  5389
 1212    1479  3150  4922  5387
 1213    1117  1312  4675  4857
 1214    1962  1474   567  4807
 1215    1158  4489  4939  5055
 1216    4339  4269  4353  4410
 1217    2434  2454  4382  5381
 1218    4086  4062  4680  5263
 1219    4140  4216  4384  4931
 1220    2759  2697  4649  5084
 1221    4400  3627  4533  4680
 1222      67  4539  4706  5238
 1223    4206  2310  4764  4779
 1224    4228  4380  4437  5275
 1225    1232  1936  1896  3504
 1226    4436  4914  5056  5226
 1227     224   245  3780  5107
 1228    3312  3259  4932  5094
 1229    2882  2872  2871  4222
 1230    4151  4171  4498  4371
 1231    2226  2321  2114  4389
 1232    4574  4526  4802  4900
 1233    4200  4260  4614  5282
 1234    4330  4445  4505  5253
 1235    4143  4146  4870  5125
 1236      89   637   658  5293
 1237    1396  3843  1276  4765
 1238    1311  1337  4629  5320
 1239    4150  4410  4512  4590
 1240     796    17  1217  4144
 1241    1163  1444  3801  5339
 1242    4148  4803  4832  4958
 1243    3053  3257   249  4297
 1244    2540  2547  4927  3687
 1245    2081  2068  4323  4850
 1246    1537  1671  1546  4239
 1247    1051  1040  3561  4772
 1248    3023  3000  4457  4588
 1249    4190  2740  4305  4392
 1250    4320  4343  4393  4490
 1251    2896  3821  4403  4841
 1252      49   575  4752  5394
 1253     705  3663   906  4369
 1254    4441  4430  5163  5199
 1255    1583   124  4621  4654
 1256     909   623   887  4889
 1257    1262  1345  1281  5343
 1258      96    97  4539  4706
 1259    1868  1934  1876  5135
 1260    3569  3649  2883  4610
 1261    3167  4427  4773  5267
 1262    4275  4302  4793  5125
 1263    1557  1568  1558  5134
 1264    3291  3328  4480  4875
 1265    2468  1003  4863  5132
 1266    3175  5400  3174  5404
 1267    4568  4401  4723  4982
 1268    2653  2654  4554  2680
 1269     511    15  4778  5001
 1270    1893   952  4616    33
 1271    4357  4227  4435  4870
 1272    3607  3153  3152  5290
 1273    3551  4935  4753  5215
 1274    1782  2053  2034  4765
 1275    1551  4135  4852  4861
 1276    4491  1599  4637  4799
 1277    3533  4571  4736  5016
 1278     328  4453  4949  5310
 1279    4193  4166  4420  4578
 1280    2636    33  4938  4997
 1281    1556  2012  4816  1549
 1282    1280   323  1402  4699
 1283    3581  3732  3204  4967
 1284    3361   839  4267  4740
 1285    4727    36  5143  5385
 1286    3297  3564  3333  4477
 1287      63    64    37  5187
 1288     617   597    72  5104
 1289    4231  4279  4609  5051
 1290    2249  4414  4562  5140
 1291    2513  2488  4839  5281
 1292    1813  1814  4300  4719
 1293    2109  2158  4945  5097
 1294    2193  2156  5140  5240
 1295    4522  4423  4599  4810
 1296     538   529   528  5242
 1297    2306  2287  2350  2318
 1298    2436  2494  4546  5152
 1299    4384  4168  4409  4418
 1300    3352  3053  3382  4707
 1301    1808  1829  4448  5165
 1302    2500  4416  4551  5223
 1303    1473  1474  1672  4807
 1304     338   351   328  4849
 1305    5102  4871  5126  5330
 1306    2114  4389  4223  2226
 1307     824   825  4155  4582
 1308    1166  3929  3501  4530
 1309    2895  4354  4831  4973
 1310    3330  3292  4488  5183
 1311     216  3803   252  5255
 1312    2233  2742  2728  5210
 1313    3004   939  4884  5213
 1314    4158  4241  4592  5073
 1315     200  4540  4774  5208
 1316     359   770   117  5214
 1317    4479  4162  4904  5249
 1318    4157   160  4282  5060
 1319    2921   942  3821  3968
 1320    3887   525  4625  5032
 1321    4466    58  4477  4912
 1322     848   882   883  4348
 1323    4287  4797  5045  5163
 1324    3579  3771  1056  5142
 1325    3086  3085  4017  4962
 1326    1433  1229  1415  4412
 1327    1103  1607  1159  5232
 1328    2059  1947  4765  4840
 1329     550  1781  4307  5055
 1330    4500  1291  5008  5382
 1331    4186  4133  4512  5139
 1332    1486   181  4620  4938
 1333    3434  3418  3408  4451
 1334    1640   286   304  4809
 1335    1991  2019  4571  4694
 1336    3943  1601  4797  5045
 1337    4451  1733  4721  5089
 1338    2772  2812  4953  5202
 1339     334   356   401  4602
 1340    2827  2767  2799  4238
 1341      93  1448  3617  4865
 1342    3337  3351  3321   563
 1343    2984  3024  3000  3023
 1344    4993   126  5099  5277
 1345    3035  3766  4115  4407
 1346    1578  3489  4641  5391
 1347    1262  1291  1277  5008
 1348    2746  2768  4352  4645
 1349    2145  5160  2264  2281
 1350    1745  1682  1882  4653
 1351     179   967  1128  5283
 1352    4830  1775  5200  5400
 1353    2106  2224  4185  4581
 1354    1262  1404  1291  5057
 1355    4630  2577  4894  5211
 1356     840   868   756   695
 1357    4302  4152  4793  5125
 1358     621  2486  2630   950
 1359    1636  1645  4534  4844
 1360     846   642   358   899
 1361    2392  2335  2381  5127
 1362     198   359   117  5214
 1363    4902  1931  1925  1911
 1364    3078  3121  4440  4963
 1365    4397  4234  4503  4854
 1366    4271  4177  4650  5263
 1367    2179  2312  4011  5289
 1368    4261  4146  4653  5125
 1369    2621  1089  4576  5043
 1370    2695  1837   855  3605
 1371    2212  2273  4557  4769
 1372     525  4568  4859  5032
 1373    3272  3864  3833  4845
 1374    1378  1067  4412  5154
 1375     825   686  4450  4750
 1376    5056  4766  5256  5379
 1377    2285  2185  4790  4877
 1378     427   428   385  4708
 1379    1513  1512  4242  4990
 1380    2829  3624  3832  5075
 1381    3342  4628  4768  5302
 1382    4607  4633  4745  5318
 1383    2514  1041  4759  4863
 1384    4431  4349  4452  4762
 1385    1903  2798  5050  2586
 1386    4430  4379  4441  5163
 1387    1274  3875  3862  5186
 1388    1034  1170  4611  4669
 1389      77  4026  3992  4466
 1390    2667  1574  2738  4698
 1391    4287  4151  4689  5302
 1392    4689  5068  5151  5163
 1393    3991  2976  4038  4054
 1394     298   283  4836  4959
 1395    4275  4499  5125  5250
 1396      98   624   617  5334
 1397    2226  2114  2341  4646
 1398    3040  3019  3031  5066
 1399     643  4027  4117  5120
 1400    1127  1097  4559  4978
 1401     832  1017  1102  4582
 1402     864   777   850  4590
 1403    4199  4291  4688  4953
 1404    4253  4396  4630  4808
 1405    1708  1701  3995  5189
 1406    4589  4357  4624  4731
 1407     294    39   324  5194
 1408    4680  4880  5193  5263
 1409     185  1908   755   715
 1410    2520  2533  4497  5388
 1411     704   133   667  5256
 1412    1927  4431  4507  5361
 1413    3037  3063  4217  4230
 1414    1088  1069  1079  4954
 1415     557  4865   335  5108
 1416    4350  4552  4892  5030
 1417    2607  2565  4411  4864
 1418     457   478   458  4859
 1419    3451  3555  4891  4911
 1420    4629  1311  1234  1337
 1421     496  1019  4157  4657
 1422    4024  4027   643  5120
 1423     790   656  5096  5320
 1424    3230  3131  3166  5188
 1425    4976  3307  5232  5391
 1426    3179  3129  3163  5074
 1427     557   659   915  5108
 1428     238    13   246  4757
 1429     103   498  4144  5194
 1430    2126  1918  2222  4499
 1431    4307  4489  4704  5005
 1432    3137  3151  4035  5387
 1433    4189  4246  5017  5217
 1434    2895  2885  2891  4973
 1435      46    47  1496  4807
 1436     561   404  3785  4516
 1437     358  4165  4410  5141
 1438    3246  1811  1819  3796
 1439    4028  3634  4583  5023
 1440    1020   996  1004  4363
 1441     983  1001  4563   982
 1442      31  3868    38  5294
 1443    1245  1377  1254  4380
 1444    3121  3667  4613  4963
 1445    3633  4104  4111  5363
 1446    4353  4160  4405  4410
 1447     799  1923  2310  4764
 1448    4407  3520  4961  5071
 1449    4171  4287  4498  4689
 1450    1605  1635  1618  4441
 1451    4015  4108  4583  4908
 1452      34  1526    56  4956
 1453    4308  4176  4393  4608
 1454      59    46  4169  5128
 1455    4128  4135  5066  5292
 1456    2871  2900  2882  4222
 1457    4468  4890  4946  5092
 1458    3067  3098  4459  4908
 1459    3022  3059  3023  4588
 1460    3307  4897  4976  5232
 1461     220   236   193  4820
 1462    1035  3713   484  4577
 1463    1438   229  4822  5322
 1464    3864  3917  3703  5230
 1465    2134   423  1803  4395
 1466    3733  3137  4572  4922
 1467    3450   998  1074  4889
 1468    1212  1211  1081  1408
 1469     484   348  1035  4577
 1470    3551  3116  4935  5215
 1471    4561  4394  4580  4656
 1472    4266  1846  2139  5135
 1473    2408  2426  3825  5227
 1474    4791  2784  4997  5136
 1475    4174  4394  4474  4910
 1476     781   773   782   765
 1477    3346  3333  3625  4587
 1478    3116  4298  4560  5159
 1479    4883  4420  5288  5342
 1480     252   227   251  4473
 1481    4155  4320  4450  5201
 1482     390   156    14  4060
 1483    1023  1196  1298  4434
 1484     540   536  4556  5266
 1485    2486  1093  2656   950
 1486    4023  4047  3239  5170
 1487    1576  1577  4428  5284
 1488    4318  4191  4322  5095
 1489     590  1682  1874  5306
 1490     316   364   365  5044
 1491    4365  1986  4816  5122
 1492    4694  1374  4736  5016
 1493    2288  2818  2031  4414
 1494    3389  1056  3527  5142
 1495    4482  5104  5170  5369
 1496    1105  4683  5014  5166
 1497    3011  4067  4116  5315
 1498    2935  2982  2995  5015
 1499    4853  2648  1938  2647
 1500    4858  3267  4925  5147
 1501    4071  3976  4117  5120
 1502    1291  4500  5080  5382
 1503    2388  3017  2387  5113
 1504    1370  1213  5161  5402
 1505    4394  4270  4418  4580
 1506    4258   630  4644  4873
 1507     794   784  4454   815
 1508    4338  4414  4796  5140
 1509     151   157  5056  5256
 1510    2063  3452  1024  3853
 1511    4219  4238  4616  5362
 1512    1806  1794  1258  4743
 1513    2984  3000  4457  3023
 1514    1479  1478  1492  4922
 1515    2733  1971  1994  4898
 1516    4550  4474  4651  4910
 1517    1284  1361  5076  1317
 1518     564   560  3242  5062
 1519    3525  3094  4299  4963
 1520    1649  3277   499  5265
 1521    4459  3099  4583  4908
 1522    2423  2411  2403  4973
 1523    2038  1542  3536  5076
 1524     820   685   584  4509
 1525    4057  1119  4822  5322
 1526    2981  4360  4422  4792
 1527    2644  4903  5048  5088
 1528    1523  1690  4608  5182
 1529    2951  4375  5064  5116
 1530    2125  1886  3624  4134
 1531    4132  4993  5099  5129
 1532    4297  4342  4453  5310
 1533    2656  2150   950  2144
 1534    4148  4404  4587  5314
 1535    4534  4357  4567  4980
 1536      48   574  5033  5128
 1537    2841  1960  2842  4575
 1538    2492  2516  2531  2540
 1539     642   436  5141  5276
 1540    2965  2952  2975  2976
 1541    3216  3197  3217  3182
 1542     928  1277  5008   672
 1543    4612   545  4757  4882
 1544    3218   938  3198  4427
 1545    4789  4168  4903  5248
 1546    1552  1543  4214  5174
 1547    3386  3186  4875  3185
 1548    3377  3954  1470  5118
 1549    1974  1468  5122  3500
 1550    3684  3491  4623  5128
 1551    2210  2870  4007  4541
 1552     369   387  4358  4655
 1553    4426  4712  5102  5115
 1554    4294  4256  4491  5401
 1555     168   278  4326  4437
 1556    4173  4290  4467  4824
 1557    4055  2493  4099  5363
 1558    1981  3587  2812  5202
 1559     988  1895  1843  4608
 1560    1920  4409  4529  4667
 1561    3174  3190  3175  5404
 1562     787  1444   750  5164
 1563    5219  2175  5250  5395
 1564    3290  3277  1649  5265
 1565    4520  5186  5253  5301
 1566    3056  4915  5159  5296
 1567    1127  1104  1097  4978
 1568    1433   717   711  4412
 1569     732   702  4367  4947
 1570    2154  4011  4739  5289
 1571    3077  4734  5196  5263
 1572    3984  4617  3972  4051
 1573    2576  2429  2739  2110
 1574    4192  4224  4676  4984
 1575    3195  3181  3777  4701
 1576    4266   719  4644  5222
 1577    3498  1911  1891  4488
 1578     700   701   692  4470
 1579     357   811   464  4527
 1580     578   569  5062   564
 1581    3304  3305  3274  3324
 1582    4895  4689  5013  5239
 1583    1984  1974  4968  5122
 1584    1887  1848  3616  4789
 1585    4894  1858  4975  5131
 1586    4830  4771  5036  5174
 1587    4419  4159  4643  5259
 1588    3052  3111  4313  5213
 1589    1492  1478  1501  4922
 1590    2917  2909  4506  4770
 1591    1151   548  1073  5081
 1592    3133  3074  4917  3107
 1593    2421  2694  1654  4261
 1594    4268  4150  4337  4410
 1595    4132  4335  4381  4888
 1596    2183  2323  2031  4414
 1597    3057  3044  3718  4732
 1598    1864  3863  2379  4885
 1599    2799  1994  2003  5362
 1600     328  4849  4453   338
 1601    1388  1254  4380  4633
 1602    3671  3571  4250  4670
 1603    4446  4683  4772  5166
 1604    3898  4102  4618  5042
 1605     862   870   910  5106
 1606     407   442  4708  4979
 1607    1599  4799  3861  4637
 1608    4919  2688  5088  5235
 1609    4902  1931  5233  1925
 1610    3240  3254  3979  5216
 1611    1502  1497  4592  5065
 1612      77   652  3911  3992
 1613    3120  3132  4961  3091
 1614    1157  1285  4669  5093
 1615      80    44    43  5327
 1616     898   897   845   344
 1617    1837  2630  3541  2850
 1618     139   129  4825  5144
 1619    1846  2738  1574  5135
 1620    2003  1994  1980  5362
 1621    1911  2681  4902  5268
 1622     843  3401   723   736
 1623    1546  1867  1537  4239
 1624    4350  4251  4361  4923
 1625    4298  4164  4753  5215
 1626    2086  1948  4840  5313
 1627    1191  1156  4695  4776
 1628    4290  4388  4467  4674
 1629    4183  4186  4865  5108
 1630     926   801  5021  5052
 1631    3782  3915  4415  5052
 1632    4367  4353  4856  5198
 1633    3643  4479  4904  5403
 1634    4142  2639  4579  4777
 1635    2592  2591  3595  4903
 1636    3821  4495  4659  4841
 1637     809  1423  5282   312
 1638    2714  2686  4142  2730
 1639    4189  1801  4711  5079
 1640    3152  3551  3894  4753
 1641    4275  4136  4775  5125
 1642    1713  1712  1748  4964
 1643    2469  2480  2470  5251
 1644    3205  3191  3204  4967
 1645    3162  3175  3203  5399
 1646    2394  2412  2413  4886
 1647     734  3482     5  3454
 1648     160  2171  4282  4662
 1649    2569  2545  2525  4551
 1650     718   778   828  3432
 1651    1282  2105  2102  1271
 1652    4611  4215  4669  5306
 1653    1286  4669  4671  5306
 1654    3108  3107  3133  4917
 1655    1127  1902  1146  4798
 1656    4164  3102  4187  4560
 1657    1136  2162  4798  5097
 1658    1203  2773   223  1205
 1659     432  1174  1123  4742
 1660     753  3426     5   917
 1661    3401   989   762   102
 1662     736  3401   723   727
 1663    2761  2223  2823  4899
 1664    2324  4279  4439  5051
 1665    3466  3456   841  3428
 1666    1088  4446  4576  4954
 1667    2999  3022  3023  4457
 1668     781   773   780  5006
 1669    4739  4011  4767  5289
 1670     217   750  5164  5252
 1671    4496    69  4706  5095
 1672    1899  2645  4584  4919
 1673    2330  2198  2332  5219
 1674    2402  2946  4950  2945
 1675    2501  2545  4531  4551
 1676    1710  2408  3928  4375
 1677    4660  4540  4914  5208
 1678     474  3722  1541  5065
 1679    2417  2399  2389  5113
 1680    4712  4426  4870  5008
 1681     939  2979  4884  4970
 1682      38  3868  3488  5294
 1683    1601  1614  4700  4768
 1684     214  3664   232  5332
 1685    2266  2167  5136  1689
 1686    3417  1009  2127   696
 1687    4993   162  5098  5370
 1688    3083  3098  3099  4459
 1689    1308   287  4855  1692
 1690     387  1571   369  4358
 1691    1119  3489  1438  5322
 1692    1109  3905  1851  5110
 1693    3529  4163  4930  5066
 1694    2821  2793  4570  5237
 1695    2239  1767  4711  5223
 1696    4236  4270  4394  4639
 1697    2418  1499  3064  4461
 1698    4461  3631  4720  5292
 1699    2531  3819  2564  4413
 1700    3197  3216  3217  4715
 1701    1849  1848  4789  5165
 1702    2428  2219  4720  5113
 1703     810   871   609  4186
 1704    2253  2210  4007  4541
 1705    2407  2584  2737  4462
 1706    3167  3143  4773  3966
 1707    2501  2464  2484  5223
 1708    1275  1408  1212  1407
 1709    1325  1420   101  5318
 1710    2829  4134  4190  5075
 1711    1279  1351  4612  4684
 1712    3030  3066  4720  3631
 1713    2347  4573  4760  5130
 1714    3327  3362  4510  1131
 1715    1634  1518  1685  4501
 1716    1146  3776  3704  5083
 1717    4466  4162  4477  4956
 1718     150  4744   130  5144
 1719    2144  2150   950  2140
 1720    3181  3195  4613  4701
 1721     905   813   728  4492
 1722    1686  1549  1328  5322
 1723    3992  4026    57  4466
 1724    4448  4311  4789  5131
 1725    2439  2405  2377  4504
 1726     592  1371  1411  5275
 1727    2951  1767  4711  5064
 1728     402   435  4165  5003
 1729    4052  5191  5363  5380
 1730    1325  1402  4244  4699
 1731    1596  1595  4797  5068
 1732    4567  3869  4763  5283
 1733     418  3580  1643  5229
 1734    1381  4840  1352  1369
 1735    1442  1412  1441  4691
 1736    4831  4327  4989  5184
 1737     539  3608   159  5010
 1738    4592  3722  4595  5073
 1739      69    68  4496  4706
 1740    2726  2029  1949  3635
 1741    2952  2964  4841  2929
 1742    2795  2838  2039  4827
 1743      87   109  4318  4825
 1744    1740  1734  5400  5404
 1745     603   867   646  2833
 1746    4522  4309  4663  4810
 1747    2578  2577  4630  5211
 1748     175   191  4294  4799
 1749    4158  4286  4532  4870
 1750     731   732   708  4470
 1751    1203  1995   970   223
 1752    3759  2734  5156  5308
 1753    2832  2741  2776  4190
 1754    4168  1919  4919  5248
 1755     203   190   189  5329
 1756    3284  3254  3283  5390
 1757    2146  2160  2155  4662
 1758    1581  1594  1588  5245
 1759     192   175  4799  4934
 1760    1157  1034  4530  4669
 1761    2691  2720  2679  4447
 1762    2842  2801  2841  4640
 1763    3722  4508  4592  4595
 1764    2184  2252  2192  4289
 1765    4163  3019  4344  5066
 1766    1891  1911  3623  4488
 1767    1328  1549  1556  5322
 1768     543     3  4625  5206
 1769    1768  2370  4233  5053
 1770    2756  2552  2631  4266
 1771    1576  1568  1557  5134
 1772    4344  4214  4511  4861
 1773    1137  1127  4905  4978
 1774    3834  3250  4479  4964
 1775    4298  4355  4545  4888
 1776    4317  4267  4492  5021
 1777    4940  4355  5264  5298
 1778    4641  4057  4822  5322
 1779    1823  1840  1831  4966
 1780     675   866  4493  5201
 1781    4186  1447  4200  4865
 1782    4231  4152  4302  5125
 1783    1851  4733  5110  5247
 1784    4213  4185  4391  4651
 1785      81  5082  5099  5134
 1786    4856  4353  4965  5198
 1787     838   875  4341  5194
 1788    1027  1043  1037  5092
 1789    3346  1469  4544  4587
 1790    4179  4405  4788  4916
 1791    1482  1749  4162  4805
 1792    4158  4286  5073  5234
 1793     223  1046  2610  3658
 1794     610   635  4801  4838
 1795    2311  2187  4767  5175
 1796    4540  4313  4660  4914
 1797     336  3622  4426  5364
 1798    1104  3661  1097  4978
 1799     526   503  5001  5039
 1800    2363  2341  2114  4223
 1801    4698  1875  4817  5299
 1802    1994  1971  4529  4898
 1803    2812  2004  2005  5202
 1804    1693    11  4373  4782
 1805    2855  1587  1511  4564
 1806     773   764  5006  5034
 1807    4511  5023  5036  5174
 1808    4188  5400  5403  5404
 1809    2813  2385  2441  4718
 1810      93  1424  4200  3617
 1811     927   404   362  4250
 1812    4443  4178  4905  5014
 1813    4276  4281  5063  5090
 1814    4175  4362  4565  4924
 1815    4897  4704  5005  5325
 1816    4302  4275  4499  5125
 1817    2394  2269  2368  4869
 1818    2021  2041  1969  2003
 1819    1934  1846  1876  5135
 1820    1230  2150  2130  2140
 1821    1825  1826  1593  5239
 1822    4153  3318  4697  5041
 1823    1438  1612  1686  5322
 1824     806  3906  3850  5326
 1825    1589  1617  1605  4756
 1826    1823  2614  2597  4966
 1827    2447  2513  4839  2528
 1828     187  1430   170  5051
 1829    4303  4334  4401  4520
 1830    1082  1936  1717  1134
 1831    2984  2963  2962  4457
 1832    2156  2190  4414  4796
 1833     970  1995  2461   223
 1834    2588  2564  4413  4777
 1835     352   351   396  4849
 1836    4206  4474  4764  4910
 1837    2345  2173  2336  4739
 1838    4513  2069  4850  2048
 1839    1408  1275  1212  1211
 1840     484  3713     6  4860
 1841    1570  3637  5323  3677
 1842    1746  1740  1775  5400
 1843    1933  4569  4721  5225
 1844    2134   198   423  4892
 1845    1977  1743  4615  5076
 1846    4894  1858  5131  5211
 1847    1204  1213  4823  5303
 1848    3231  3255  4023  5216
 1849     217  1416  1443  5252
 1850    3235  3271  3236  4960
 1851    3047  4880  5196  5373
 1852    4331  4265  4335  4381
 1853    4291  3388  4431  4851
 1854     525     0  3887  4625
 1855    3909  3938  3328  4480
 1856    3134  3121  4613  5267
 1857    4337  4071  4512  5120
 1858    4354  4327  4831  5184
 1859    2178  2216  2232  4779
 1860    2073  1132  4763   361
 1861     746   773  4856  5034
 1862    1269  3628  1250  4837
 1863    1687  1634  1506  4501
 1864     254   256   236  4328
 1865    4727  3719  5216  5390
 1866    4521  2792  4713  5324
 1867    4134  4873  5075  5300
 1868    4069  3945  4813  5069
 1869    2887  1702  1701  2869
 1870     122   278  4505  3604
 1871     992  2449  2488  4485
 1872    3079  3852  4734  5196
 1873     120   165   148  5316
 1874     515   546  3608  5243
 1875    3449  3467  3481  4569
 1876    4047  4049  3213  4476
 1877    4390  4591  4627  4884
 1878     142   158  5208  5272
 1879    3213  4476  4701  5170
 1880    2874  2889  2884  2894
 1881    4401  4982  5229  5365
 1882     978  3398  2684  4080
 1883     313   548  1151  5214
 1884    4282  5058  5024  5378
 1885    3653  3859   576  4314
 1886    1424    93  4200  1447
 1887     268  4873   613  5221
 1888    2498  2239  4711  5223
 1889    4151  4295  4494  4628
 1890    4227  4829  5031  5103
 1891    2563  5043  4383  3836
 1892    2116  4079  5244  5254
 1893    1027  2557  4890  5092
 1894    1041  1053  4759  4954
 1895    2965  2988  2977  2953
 1896    4133  4330  4505  5138
 1897    4566  3318  4697  4786
 1898    2929  2963  2964  4874
 1899    4899  4977  4270  4570
 1900    2999  3023  2962  2984
 1901    3171   452  4707  4847
 1902    4711  1802  4792  5079
 1903     344   844   334  4602
 1904     709   704   687  5379
 1905    2618  1839  4197  5049
 1906    4163  2501  4184  4416
 1907    1729  1721  1709  5189
 1908     574    49  4456  5238
 1909    4382  4388  5109  5381
 1910    2267  4395  5030  5289
 1911     838  4341  4527  5194
 1912    3275  3305  3760  4476
 1913    3147  3912  3385  4480
 1914    3208  3207  4832  4940
 1915    3604   122  4326  4505
 1916    3365  4329  4262  5199
 1917    4261  2384  4653  4718
 1918     470   493  4444  4445
 1919    2955  2181  2970  3495
 1920    4395  4350  5030  5289
 1921    4160  4229  4602  5003
 1922    2574  2573  2590  2625
 1923    4209  4367  4470  4921
 1924     709   703  4887  5372
 1925    4310  4156  4386  4436
 1926    2093  1952  4571  5089
 1927    2974  2998  4457  4872
 1928    3356  3547  4544  5118
 1929    1738  1742  1950  4747
 1930    1801  1802  4711  5079
 1931    4395  2135  5228  5240
 1932    4511  5023  5174  5200
 1933     593   905   872  4492
 1934    4233   591  4356  5053
 1935    2338  4828  5031  5103
 1936    1300   378  4633  5318
 1937     686   866   919  4493
 1938    4338  4391  4879  4957
 1939    3146  1468  2010  5122
 1940    1620   146  4201  4458
 1941    4170  4256  4471  5280
 1942    4567  4434  5087  5283
 1943    3217  4427  4715  5062
 1944     232  3664  3244  5332
 1945    2745  2020  4584  4827
 1946    1903  1487  3518  5050
 1947    4655  4192  4918  5037
 1948    3029  3064  2400  3038
 1949    5323  5300  1961  4644
 1950    4566  4858  4992  5349
 1951     613  4190  4258  4889
 1952    4703  4285  5106  5339
 1953    4244  4251  4607  4633
 1954    3804  3909  3291  4875
 1955     708  3589   701  4470
 1956    3162  3151  5387  5398
 1957    3764  3894  3551  4753
 1958      97  1592  3739  4496
 1959      13   238  4666  4757
 1960    3139  3163  4164  5290
 1961    1570  3592  3702  5300
 1962     942  2391  2402   941
 1963    4276  4145  4284  5358
 1964    2251  2275  2207  4977
 1965    2784  2787  2580  4997
 1966    2009  4312  4513  5122
 1967     649   650  4914  5272
 1968    1967  1979  4584  1993
 1969    3617  1424  4200  4552
 1970    1142   997  5063  5320
 1971    4542  4273  5251  5273
 1972      82    59  5128  3491
 1973    1434  3669  1364  4412
 1974    1918  2126  4302  4499
 1975    4266  2139  4341  5135
 1976     511   492   479  4778
 1977    4562  4862  2103  1184
 1978    4132  4298  4335  4888
 1979    4001  1838  5131  5211
 1980     212  2667  2632  4509
 1981    2499  2498  4203  5223
 1982    3040  3031  4344  5066
 1983    2145  2302  2291  5172
 1984    1538  1961  1766  5323
 1985    4280  4272  4384  5192
 1986       0  4181  4625  5032
 1987    4149  4589  5087  5313
 1988    4279  4376  4609  5051
 1989    4195  4157  4282  5114
 1990    2478  2501  4163  5204
 1991    4574  4526  4617  4909
 1992    4236  4270  4790  4815
 1993    4096  3802  4431  5269
 1994    1465  1483  1458  3371
 1995    3064  3029  2400  3039
 1996    2085  1598  4490  5077
 1997    1705  1992  1222  1853
 1998    4904  4479  5249  5403
 1999     770   809  1338  5282
 2000    3549   104  4239  4721
 2001    2881  2863  4535  2871
 2002    1079  4446  1110  4954
 2003    2860  2879  1002  1859
 2004    4338  4232  4391  4878
 2005    2536  2543  4808  5211
 2006    4568  4387  4859  5032
 2007    5176  4661  5230  5286
 2008    3443  3439  4157  5114
 2009    1702  2887  1701  5189
 2010    1327  3628  4837  4850
 2011    4734  4156  5193  5263
 2012    4378   120  4825  4934
 2013    2069  2068  2082  4850
 2014    1919  4168  4789  5248
 2015    1666   189   172  4379
 2016    3009  4315  4360  4792
 2017     852   890   532  4596
 2018    4364  4367  4598  5389
 2019    2731  2673  4547  5084
 2020    2828  1882  4553  4597
 2021     891  4266  5194  5338
 2022     973  2445   963  5311
 2023     376   340  3562  5285
 2024    4108  3999  4114  5162
 2025    4668   227  5329  5370
 2026    4207  4297  4342  4453
 2027     648   600   636  5004
 2028    1573  4895  5239  5344
 2029    3166  3211  3230  5188
 2030    3960  3299  4113  4858
 2031    2422  2433  4354  4593
 2032    2741  2776  4258  5222
 2033     992  2450  4485  5259
 2034     563  3337  3350  4314
 2035    3030  3017  2387  2980
 2036    3984  4046  4014  4574
 2037    3855  3775  4459  5066
 2038    4152  4224  4249  4870
 2039    1556  2033  1328  4816
 2040    4153  4225  4601  5041
 2041      89  3170   589  4741
 2042    3271  4040  3990  5028
 2043    1277  1262  4883  5343
 2044    1637  1623  4304  5182
 2045    3271  3235  4040  5028
 2046     491  3683   445  4690
 2047    3327  4510  4208  1131
 2048    1655   580  3863  4833
 2049     533   534   523  5367
 2050    3525  3078  3094  4963
 2051    2398  2969  2970  2980
 2052    2181  2398  2969  2970
 2053    1380  4478  4682  5382
 2054    3030  2398  2970  2980
 2055     121   130  4687  4825
 2056    5003   433  5186  5384
 2057     784  3642   774  4685
 2058    4302  2332  4499  4793
 2059    4257  2289  2789  4755
 2060     993  2452   965  5184
 2061    2398  3030  2387  2980
 2062    2049  2083  2033  4513
 2063    3061  3077  3852  5196
 2064    2937  2938  4770  5374
 2065    4508  1541  1619   441
 2066    3462  3460  4282  5060
 2067    4520  5253  5287  5301
 2068     557  4929  4865   653
 2069     597   598    38  5104
 2070    1995   970  2461  2127
 2071    1870  2510  3446  2766
 2072    2615  2614  2627  4514
 2073    1190  1047  4204  4721
 2074    1186  1306  3869  4842
 2075    1178  2505  4282  5114
 2076     988  1877  4393  4983
 2077    4405   826  4788  4916
 2078    1897  4608  4393  1523
 2079    2917  4467  4506  5331
 2080     326  1267  1359  3716
 2081    3017  2388  2387  2980
 2082      88    87  4318  5104
 2083     823  2134  3526  5228
 2084    4079  5244  5254  5257
 2085     104  3549  4373  4721
 2086    2071  1933  1733  4721
 2087     136   172   173  4654
 2088    4072  3036  4880  5373
 2089    2192  4289  4338  4933
 2090    3625  3583  4587  5304
 2091     993   986  4913  4989
 2092    2230  2285  2218  4877
 2093     581    30  4036  5304
 2094    3295  1456  1463  1455
 2095    3282  3833  3806  4314
 2096    1357  2014  2070  5077
 2097    1233  3487  1256  4516
 2098    2718  2717  2780  4815
 2099    4378  4318  4744  4825
 2100    2189  1769  2311  4767
 2101    1703  1738  1950  4747
 2102    2988  3794  4526  4909
 2103    4511  3084  4780  4962
 2104    3575  4545  4935  5023
 2105    3869  3626  4842  5312
 2106    1758  2219  4720  1731
 2107    2930   941  3968  5038
 2108    4537  1393  4717  5190
 2109    2887  2897  5189  2911
 2110    1111  2358  2182  5303
 2111    4279  2351  4376  5051
 2112     897   845   344  4519
 2113    1704  3188  1479  4964
 2114    4801   680  4921  5295
 2115    2471  2453  4543  5380
 2116    3415  3449  4451  4569
 2117    1032  2103  4648  2249
 2118    4417  4471  5236  5280
 2119     668  3899  3877  5258
 2120    2002  2107  2189  4185
 2121    4639  4236  4790  5321
 2122    5022  4222  5042  5257
 2123    4854  4261  5250  5393
 2124     949  1189  4305  4742
 2125    1416  1379  3669  5353
 2126    3396  2431  3357  4969
 2127    1149  1105  3712  5166
 2128    3236  4555  5124  5317
 2129    1135  1865  2050  5077
 2130    2835  2821  2779  4521
 2131    4279  4174  4376  4557
 2132     381   473  1400  5318
 2133    1368   159   769  5275
 2134    1814  1802  1801  5079
 2135    2458  2438  2457  4603
 2136    1326  1167   606  5093
 2137     835   811   357  4527
 2138    2302  2104  4764  5212
 2139    3049  4386  4673  5046
 2140    1313   296  4684  4991
 2141    3282  3675  4314  4821
 2142    2000  1421   392  4195
 2143    1476  3112  3064  3065
 2144    2197  1720  2225  4370
 2145    2465  1804  4163  2485
 2146    2153  2839  4275  4829
 2147     151   133   157  5256
 2148    1965  2327  4185  4651
 2149    4289  4240  4338  4878
 2150    3688  3106  5071  5337
 2151    1775  1762  4830  5200
 2152     578  4427   560  5062
 2153    4207  4262  5059  5142
 2154    2837  2396  2796  4743
 2155    1745  1863  2451  4653
 2156     892   710  4308  5201
 2157    3156  3181  3195  4613
 2158    4771  4971  4985  4449
 2159      32   558  4502  5137
 2160     170   558  4465  4502
 2161    1703  1964  1738  4747
 2162    4848  3906  5326  5379
 2163    4466  4162  5012  5366
 2164    4244  4437  4505  5138
 2165    4460  4184  4531  5261
 2166    1508  1483  4956  1484
 2167    3329  3366  4463  3388
 2168    1785  1763  5018  5366
 2169    1731  2428  2219  4720
 2170    4325  2059  4765  4840
 2171    3191  3205  3192  5278
 2172    1488  2109  2158  4945
 2173     292   277  4059  5107
 2174    5236  4809  5255  5392
 2175    2061  1978  1935  4782
 2176    1299   309  3637  4527
 2177    4563  2445  4970  5311
 2178    1380  1208  4478  5080
 2179       4   406  4380  5275
 2180    2863  2371  2862  4535
 2181    2090  1914  3849  4245
 2182    4658  4506  4936  5331
 2183    1231   433   419  5186
 2184    3107  3108  3092  4299
 2185    4880  4429  5193  5196
 2186    2561  1956  4284  4731
 2187    5008   928  5115  5382
 2188    4156  4374  4436  5389
 2189    3725  3602  4260  5282
 2190    2199  3761  2164  4376
 2191    3100  3116  3041  5159
 2192    4705  1007  4656  2117
 2193     597    38    64  5104
 2194    2612  2582  4536  4987
 2195     358   846   899  5141
 2196    1349  1317  1272  4615
 2197    1702  2905  2887  1709
 2198     348   484   570  4860
 2199    2322  2148  2123  4879
 2200    3185  3909  3804  4875
 2201    4717  4939  4980  5190
 2202     988  4393  4608  4733
 2203    2044  2022  2043  4671
 2204    3993  4126  4617  4627
 2205    3653  4314  4661  5385
 2206    4164  4381  4888  5074
 2207    1164  1184  1165  4862
 2208    2527  2512  2559  5311
 2209    1445   439  4631  4818
 2210    4381  4301  4481  5129
 2211       4  1375  1371  5275
 2212    4467  4173  4824  5015
 2213    2577  2578  2543  5211
 2214    2164  3761  2200  4376
 2215    4498  4151  4518  5121
 2216    1684  4483  1677  4274
 2217    3316  3346  3355  4544
 2218    3693  2284  4362  4779
 2219    2157  2274  2416  4957
 2220    4237  4139  4448  5197
 2221    1841  4149  4747  5087
 2222    2107  2002  2262  4185
 2223     555  2601  1676  5378
 2224    4764  2291  5172  5260
 2225    3100  4780  5036  5159
 2226    3258  3311  5183  3310
 2227    1733  1933  4451  4721
 2228    2699  2744  4425  4726
 2229    2199  2164  2361  4376
 2230    4504  2440  4594  4814
 2231    2064  1260  4657  5225
 2232    2319  2256  5103  5352
 2233    4260  4186  4558  4860
 2234    2800  2841  4408  5224
 2235    4138  4270  4418  4570
 2236    3251  3834  3250  4479
 2237    3404  3472  3618  4190
 2238    4151  3293  4494  4932
 2239    4419  4424  4485  5281
 2240    1548  3248  3219  4333
 2241    4239  1524  4373  4626
 2242     256   244   221  4328
 2243    2860  2879  1859  2334
 2244    1807  3545  2131  4565
 2245    3761  3907  2200  4376
 2246     112  1599  4637  5070
 2247    2146  4263  4662  5111
 2248    3749  2924  4246  5217
 2249     564  3760   569  5062
 2250    3813   107  4496  5070
 2251     790  4190  4604  5320
 2252    1708  1744  1728  3995
 2253    1549  1639  5101  5322
 2254    3472  1653  3420  3405
 2255    4035  4019  3999  5162
 2256    2073  1329  1645  4534
 2257    2341  2114  4223  4646
 2258    1164  1149  5014  5166
 2259     686   675  4493  4750
 2260    4373  4451  4721  5089
 2261    2887  1701  2879  2869
 2262    3045  3691  3565  5350
 2263    4566  4992  5082  5134
 2264    4278  4331  4335  4732
 2265    1727  2869  3751  1701
 2266    3505   738   662  5299
 2267    4168  4311  4384  4975
 2268    3100  3738  4935  5036
 2269    4336  4931  5019  5374
 2270    4169  4153  4601  4807
 2271     798  1161  1155  4604
 2272    5104  4318  5334  5369
 2273    2583  2634  2128  4854
 2274    1396  3843  4765  5341
 2275    2439  2440  4504  4814
 2276    2933  2950  5116  2923
 2277    4614  4395  5228  5240
 2278    3980  3682  4088  5300
 2279    4151  4498  5013  5094
 2280    2616  2651  2617  4197
 2281    4379  4171  4993  5163
 2282    2611  4253  4630  4853
 2283    3775  3125  4135  5292
 2284    1805  2670  2505  5061
 2285    1064  2621  3836  5043
 2286    2114  3567   958  4581
 2287    2705  2706  4645  4948
 2288     340   386  3666  5285
 2289    2579  2582  2613  2595
 2290    3666   386  5086  5285
 2291    1744  1708  1728  1755
 2292    2559  2241  4890  2558
 2293    1838  1858  2577  5211
 2294    4093  3047  5040  5373
 2295    2541  2550  4710  5307
 2296    1159  1578  4057  4641
 2297    4290  4388  4674  5152
 2298    3602  3725   312  5282
 2299    4766   667  5256  5379
 2300    1293  1380  1208  4478
 2301    1833  1826  5013  5302
 2302    1270  2153  4793  4926
 2303     386  5037  5086  5285
 2304     749  3906  4848  5379
 2305    1234  1344  4629  4665
 2306    1818  1603  5112  5205
 2307    2657  2806  2415  4261
 2308    1979  1967  4584  1968
 2309    2856  4408  4564  5224
 2310    1046   223  2610  3701
 2311    1558  4566  4697  5231
 2312    1973  1942  1997  4291
 2313    4481  4201  4994  5129
 2314    4161  4265  4931  5389
 2315    4057  1159  4641  5232
 2316    5177  5191  5363  5388
 2317    3290  1649  4976  5265
 2318    4385  4143  4585  4834
 2319    4152  4435  5008  5161
 2320     623  5096   613  4190
 2321    2315  1253  1884  4525
 2322    5085  5002  5253  5287
 2323    4437  4251  4505  5138
 2324     812   920   593  4492
 2325     200   157   722  4540
 2326     244   263   237  4788
 2327    4196   112  4637  5070
 2328    4469  4102  3898  3967
 2329    1996  2045  4688  5335
 2330    5069  4021  5368  5397
 2331    3590  3496  4705  4877
 2332    2285  3496  2218  4877
 2333    2739   584  3558  4691
 2334    4216  4253  4630  4808
 2335    3787  3891  4930  5168
 2336     540    53  3622  5266
 2337    2227  2200  2329  4557
 2338    4651  4639  4881  5321
 2339    3163  3154  3193  5290
 2340    4220  4142  4257  4579
 2341      35    44  5027  5327
 2342    4290  4674  4824  5054
 2343     946   947  3570  5354
 2344    2499  2522  4203  4792
 2345     905   728   735  4267
 2346    1826  4689  5013  5302
 2347     582   373   809  5282
 2348    1338  1339   117  5282
 2349     742   677   775  5288
 2350    4159  4202  4533  5193
 2351    4689  1826  5151  5302
 2352    2327  2666  4185  1642
 2353    1642  2262  2666  4185
 2354    3135    89  3159  4951
 2355    1967  1968  1920  4529
 2356     311  3602   348  4260
 2357    2262  1642  1975  4185
 2358    2881  2888  4535  4730
 2359    5191  4543  5363  5380
 2360    3557  2769  2748  4948
 2361    4357  4462  4619  4731
 2362     576  3603    50  5345
 2363    3400  2276  4041  5378
 2364    2444  4235  4791  5260
 2365     680  4470  4921  5295
 2366    3808  2563  4383  4542
 2367      14   390  4060  4415
 2368    4356  2842  4243  1665
 2369    4329  1614  4768  4700
 2370    2577  2543  1838  5211
 2371     871   629  4558   683
 2372    1578  3489  4057  4641
 2373    2118  2312  3538  4767
 2374    2769  4484  4640  4948
 2375     812   801  4005  5021
 2376    4367   681  4921  4947
 2377    2689  2648  4536  4645
 2378    4184  4511  5036  5174
 2379    2569  2614  2556  1823
 2380    4530  4585  4834  5093
 2381    4706  4248  4752  5238
 2382    4877  2251  4977  5274
 2383    1850  1813  5131  1830
 2384    1684  1650  4274  4725
 2385    3938  3201  4480  4875
 2386    4429  3047  5196  5373
 2387     702   760   716  4947
 2388    1070  1742  1196  4747
 2389    2293  2165  2163  4878
 2390     483   141   743  4437
 2391    1090  1841  1742  4747
 2392    4181  4231  4984  4406
 2393    3696   616  3407  3457
 2394    3959  4041  5058  5378
 2395    2166  2322  2123  4879
 2396    4500  4152  5057  5161
 2397    4595   476  5167  5181
 2398    1267  1359  3716  4195
 2399    3478  4190  4604  4889
 2400    3458  1178  4282  5060
 2401    2265  2123  2188  4988
 2402    4666   292  4716  5107
 2403    3026  4588  5071  5315
 2404    4303  4229  4520  5186
 2405    1804  1823  1824  4531
 2406    4205  4385  4585  4837
 2407     477  4708  4781   455
 2408    4259  4233  4523  4997
 2409    1833  5013  5094  5302
 2410    2315  1884  4302  4525
 2411    4499  2677  4854  5393
 2412    4284  4145  4421  5058
 2413    2901  3770  4674  5054
 2414    2049  2009  2032  4513
 2415     678    98  3497   624
 2416    2167  2497  4565  5136
 2417    1784  1776  4904  5018
 2418    2164  4279  4376  4735
 2419    4967  3191  5264  5278
 2420    1768  2787  2370  4997
 2421    2152  2829  4134  2740
 2422    2396  2661  2505  5024
 2423    1576   119  1585  5284
 2424    3080  3157  3143  4440
 2425    3589   701  4470  5295
 2426    2751  2720  2735  5308
 2427    1748  1723  1713  3552
 2428     473   343  4398  4745
 2429    4341  4266  5135  5194
 2430    2582  2663  4987  2612
 2431    4169  4248  4601  5041
 2432    2595  2649  4987  2613
 2433    4377  3230  4960  5188
 2434    4464  4346  4695  4776
 2435    2757  1681  4675  4941
 2436    2123  2148  4391  4988
 2437     965   986  4989   956
 2438    1391   433  1231  5186
 2439    1795  1538  1766  5323
 2440    1183  1177  4178  4862
 2441    3779  3627  4574  5145
 2442     164   193   165  5316
 2443    2107  2262  1975  4185
 2444    4787  2720  4447  5308
 2445    3316  3547  4127  4544
 2446    4318  4377  4482  4702
 2447    1608  1637  1567  5182
 2448    2430  4390  4485  4950
 2449    3132  3091  3089  4961
 2450    2244  2267  5030  5289
 2451    1916  1992  1853  1255
 2452    2717  2716  2780  4815
 2453    3339  3277  4738  5265
 2454     272   283   284  4959
 2455    2397  2175  4775  4941
 2456     616  3696  3407  3790
 2457     444  4676  4690  5037
 2458     571  4020  2462  5100
 2459    4832  4940  5264  5298
 2460    4193  4549  4783  5218
 2461    2848  2784  5136  1688
 2462    4150  4133  4681  5139
 2463    2747  2705  4645  4948
 2464    2769  3685  4484  4948
 2465    1340  4350  4785  5030
 2466     315  4754  1391  5186
 2467     355  3591  4399  5149
 2468    2742  2233  4257  5210
 2469     535   488   534  4812
 2470    3460  3453  4282  5024
 2471    4357  4567  4589  4624
 2472    1256  3510  4670  4758
 2473    3188  3250  1479  4964
 2474    2717  2624  2642  4815
 2475    3847  4040  4555  5028
 2476     795   671  3406   674
 2477    1772  1963  3509  5029
 2478    4424  4346  4464  5130
 2479    2216  2097  3545  4924
 2480    1338   117   770  5282
 2481    1231  1274  3860  5186
 2482     519   182   391  4952
 2483     373  3602   312  5282
 2484    2290  2234  4945  4946
 2485    1373   362  4250  5026
 2486    2185  2285  2344  4877
 2487    4598  4367  4947  5198
 2488     667   704  5256  5379
 2489     373   312   809  5282
 2490    3384  3136  3802  4452
 2491     915   857  4183  5108
 2492     716   760  3528  4947
 2493    4427   578  5091  5062
 2494    4276  4263  4392  4867
 2495    3063  3109  3110  4217
 2496    4128  3775  4135  5292
 2497    4573  2290  4945  4946
 2498     760   732  4947   702
 2499    4340  4290  4448  4546
 2500    5057  4749  5343  5368
 2501    4256  4170  4471  5169
 2502    1955  1944  1943  4851
 2503    4328   255  4746  5371
 2504    2458  2495  2496  4814
 2505    1909  1954  1921  4667
 2506    3069  3128  3057  4164
 2507    2978  2977  2988  4627
 2508    3372  3296  3261  4162
 2509    2506  2490  5132  5273
 2510    3129  4301  4381  5124
 2511    4220  4257  4446  4579
 2512    4228  5010  5108  5275
 2513    2458  2459  4603  4814
 2514    4865  4228  5108  5275
 2515    2660  2717  2642  4547
 2516     196   192  4799  4820
 2517    2207   213  2279  4977
 2518    4638  4430  4262  5199
 2519    1612  3489  4641  5322
 2520    2158  2290  1488  4945
 2521    4617  3984  4680  4574
 2522    2214  2185  2344  5279
 2523    4133  4183  4186  4865
 2524     681   702   682  4947
 2525      27  1244  1403  5025
 2526    2956  2948  2314  2957
 2527    2524  2569  2525  4551
 2528     175   163   191  4799
 2529    1375  1411  1371  4929
 2530    1243  3540  1294  4665
 2531    3297  4404  4587  4958
 2532    1092  3907  3761  4376
 2533    1610  1549  1531  5101
 2534     559  3896  5216  5390
 2535    3318  4037  3269  5349
 2536    3322   559  3285  5390
 2537    1933  2071  1990  4129
 2538    1343  1627  5150  3965
 2539     738  4509  5262  5299
 2540    3958  4045  4039  5028
 2541      98    88  4318  5104
 2542    3744  4045  3847  5028
 2543    3236  3194  3235  5317
 2544    2458  2496  2459  4814
 2545    3920  4018   492  4778
 2546    4409  4138  4678  4827
 2547     667   687   704  5379
 2548    4268  4165  4330  4410
 2549     361  1753  4763   460
 2550     582   809   770  5282
 2551    1170  1286  4611  4669
 2552     355  4010  3950  5285
 2553     478   510   458  4859
 2554     524   501   508  4556
 2555    4335  4315  4634  4278
 2556    1121  4446  5166  5210
 2557    1631  4976  5101  5391
 2558    4756  1603  4797  5112
 2559    2261  2408  2958  2922
 2560    2408  2912  2958  2922
 2561     664   701  3589  5295
 2562    3974  3830  4072  4880
 2563    1282   754  1346  3708
 2564    2209  2275  2098  4811
 2565    2715  2758  2731  5324
 2566    5160  4561  5172  5260
 2567    2640  2686  2605  4142
 2568    4444  4330  4505  4652
 2569     411   377  5133  5384
 2570     275  3839   250  4473
 2571    4725  4170  4901  5169
 2572    1696  1675  4170  5169
 2573    3565  3691  2995  5015
 2574    2132  2327  4651  5321
 2575    1730  1721  4375  1710
 2576    2009  2008  4513  4968
 2577    2473  2454  4382  5177
 2578    2557  1037  2235  5092
 2579    2414  4603  4814  5171
 2580    2459  2440  2439  4814
 2581    3161  1477  3883  3901
 2582    3270  3179  3253  5297
 2583    4528   534  4556  5266
 2584    4300  4173  4311  4719
 2585    2545  2485  2478  2501
 2586    4578  4193  4783  5288
 2587    1526  1503    56  5012
 2588    1512  1760  1513  4242
 2589    1484  3372  1458  4956
 2590    5095  4661  5176  5286
 2591    4216  4719  4808  5211
 2592    4287  4638  4797  5163
 2593    1477  3149  3648  4922
 2594    1092  3761  2199  4376
 2595    1964  1196  1738  4747
 2596    2793  2759  4649  4815
 2597    4148  4180  4587  4958
 2598    2717  2642  4547  4815
 2599     348   311  4260  4860
 2600     183   257   184  4916
 2601    1269  1250  1261  4837
 2602    3305  3324    31  4476
 2603    2707  2719  4787  4948
 2604    1871  2567  1919  5248
 2605    1964  1703  1288  4747
 2606     978   574  4456  5033
 2607    4182  4251  4607  5138
 2608    4570  4270  4877  4977
 2609     456  3963   491  4690
 2610     445   444   456  4690
 2611    1298  1196  1964  4747
 2612     456   491   445  4690
 2613    1566  1552  4214  5174
 2614    1738  1196  1742  4747
 2615    2100  2354  4389  4581
 2616     814   804  4353  4965
 2617    2060  1867  1260  4239
 2618    3353  1056  4295  5142
 2619    4329  4262  4628  5142
 2620    3738  3086  3650  4962
 2621     952  4616  4564  2855
 2622    2011  2025  2012  4816
 2623     136   173   144  4654
 2624     626   637   588  5004
 2625    1849  4448  4789  5131
 2626    4384  4409  4622  4898
 2627    3345  3564  3262  4477
 2628    1653  4266  4843  3484
 2629    1047  1160  1190  4204
 2630    3347  3320  3818  5351
 2631    2694  1654  4261  4718
 2632    2329  2200  3907  4557
 2633    4522  4708  5044  5157
 2634    1312  4537  4675  4857
 2635     354  4399  4663  4918
 2636    2170  3925  3787  5168
 2637    2912  2959  5119  2992
 2638     580  3863  4397  5050
 2639    4512   516  5139  5120
 2640    4337  4150  4794  5120
 2641    4150  4337  4512  5120
 2642     470   481  1333  4444
 2643    3525  3667  3078  4963
 2644    4515  4883  5288  5330
 2645    4165  4405  4410  4519
 2646    2212  2260  2272  4557
 2647    2994  2950  2961  2960
 2648    3847  4555  4642  5028
 2649     672   694   763  5115
 2650    3510  3866  1227  4981
 2651    1160  1019  1190  4204
 2652    5022  5042  5244  5257
 2653    2329  1092  4175  4376
 2654    3594  2897  4100  5271
 2655    1469  3346  3583  4587
 2656    2608  2626  2591  3595
 2657      78    65  1555  4784
 2658    4215  4611  4653  5306
 2659    2057  2079  4669  5335
 2660    4158  4508  4592  5065
 2661     682  4598  4947  5372
 2662    4334  4161  4387  4520
 2663    3044  3103  4331  4732
 2664    4148  4449  4621  5298
 2665    1549  1610  4816  5101
 2666    4177  4650  5263  5389
 2667    3229  5176  3272  5286
 2668    3076  3075  4917  5220
 2669    3914  4025  1732  4461
 2670     822   853  4635  4783
 2671     928   310   694  5115
 2672      89  3135  4673  4951
 2673    4890  4137  4946  5130
 2674      97  3739  4065  4496
 2675    3567  2114  4389  4581
 2676    3269  3253  5297  5349
 2677    2187  2106  2189  4581
 2678    1920  1909  1900  4667
 2679    4605   974  4913  5259
 2680    2122  1918  2112  4302
 2681    1259  1376  5178  3487
 2682    1701  2887  2879  3594
 2683    4365  4295  4452  4349
 2684    3353  4295  4432  5142
 2685    2442  4163  4930  5204
 2686     495  1447  4186  4865
 2687    1264  1219  1937  4840
 2688    1290  1937  1219  4840
 2689    4136  4146  4357  4619
 2690    3272  5176  4845  5286
 2691    3583  3346  3625  4587
 2692    1966  2593  4919  2645
 2693    4552  1339  4892  5158
 2694    4198  4244  4666  5138
 2695    4287  4430  4638  5163
 2696    4416  2522  4438  4792
 2697    4298  3116  4935  5159
 2698    3459  3418  3434  4451
 2699    2690  2750  2734  5156
 2700    4680  4119  4880  5263
 2701    1194  1177  1148  4905
 2702    1458  3372  3371  4162
 2703    4145  4276  4324  4582
 2704    1565  1537  1867  4239
 2705    3854  2756  4341  5222
 2706    2094  2073  1645  4567
 2707     546   529  4681  4794
 2708    4269  4161  4931  5389
 2709    2984  3000  2985  4457
 2710    2444  2755  4235  5260
 2711    3911    77  3992  4466
 2712    4209  4283  4318  4696
 2713    4791  2636  4938  4997
 2714    4435  4421  4813  4227
 2715    4152  4500  4502  5303
 2716    3713   484  4577  4860
 2717    3724  3127  4187  4560
 2718    4701  4548  4702  5170
 2719    4097  4574  4900  5145
 2720      42   194  4774  5252
 2721    4138  4672  4827  5105
 2722     572  4032  4070  4477
 2723    4396  2544  4551  5261
 2724    3955  3922  5167  5386
 2725     457   491  4690  5086
 2726    1270  1922  2356  4793
 2727     268  1419  4042  5096
 2728    3468  3434  3449  4204
 2729    1012  1160  3474  4204
 2730    3474  3468  3481  4204
 2731    1073   548  1124  5081
 2732    4475  4347  4709  5028
 2733    3459  3434  3468  4204
 2734    4346  4310  4424  4464
 2735    2983  2927  5374  2936
 2736    4486   942  4495  4605
 2737    4263  2084  4835  5313
 2738     855  1315   754  3708
 2739    1748  4479  4964  5249
 2740    2260  2273  2227  4557
 2741    4398  4182  4607  4735
 2742    3016   972  4313  5213
 2743     160  2171  4157  4282
 2744    4442  4424  4839  5346
 2745      51  4661  5095  5385
 2746    1483  1458  3371  4162
 2747     183   154   177  5316
 2748    4088  3592  4873  5300
 2749     731   759   732  5198
 2750    2872  2864  2863  5022
 2751    4295  3394  4432  4452
 2752    3365  4329  5199  1624
 2753    4148  4621  5099  5298
 2754     922   694   310  5115
 2755    1810  1822  1813  5197
 2756    2089  1302  4321  5383
 2757    4435  4749  5161  5376
 2758    4260  4269  4285  4558
 2759    4396  4184  4460  5261
 2760    4564  4238  4616  4938
 2761    2500  2499  4416  5223
 2762     739  3788  4635  4906
 2763    2537  2385  4611   127
 2764    4985  4971  1792  4449
 2765    3006  3007  2993  4893
 2766    4136  4619  4775  4941
 2767    4276  1344  4629  5111
 2768    4247  4197  4514  5261
 2769    1154  1805  3443  5114
 2770    2740  2829  4134  4190
 2771    1451   343  4804  4923
 2772    1902  2296  2290  4573
 2773    2319  2318  4926  5103
 2774    3476  3465  3796  1811
 2775    2784  2497  1689  5136
 2776    4710  4546  4903  5307
 2777    3435  3408  3232  4891
 2778    4165  4160  4519  4602
 2779    1921  1889  4975  1901
 2780    2909  4354  4506  4770
 2781    1216   103  1299  5194
 2782    2565  2564  4411  4996
 2783    1580  1795  4341  5323
 2784    4285  4260  4558  4860
 2785      28  1236  2146  5111
 2786    4500  4152  5008  5057
 2787    2387  3030  4720  5113
 2788    4286  4241  4596  4704
 2789    2170  2932  2261  5168
 2790    4457  3001  4900  5145
 2791    2618  2653  5049  3961
 2792    4220  4273  4383  4576
 2793     796  3793  4144  4817
 2794    3090  3025  5071  3046
 2795    2794  2781  2780  5237
 2796    2692  2708  5209  3673
 2797    2409  2418  2400  4461
 2798    1612  3489  1578  5391
 2799    2789  2289  2819  4755
 2800    2363  2343  4223  5175
 2801    2327  4391  4651  5321
 2802    4338  4614  4796  5240
 2803    3553  1486  4620  4938
 2804       9  3866  1259  5178
 2805    4661    69  4706  5238
 2806    2708  3673  2679  5209
 2807    3877   670  4332  5085
 2808    4360  4315  4422  4792
 2809    1899  1920  4168  4584
 2810    4074  1050  4760  5346
 2811    4239  1319  4657   202
 2812    3179  3164  5074  5124
 2813    3267  3266  3978  4925
 2814    4241  4596  4738  5265
 2815    2972  2913  2925  4711
 2816    4890  4563  5130  5311
 2817    1619   441   454  4508
 2818     429   397  4192  5037
 2819    1301  1803  4892  5158
 2820     658  4766   637   666
 2821    1651   206   216  5401
 2822    1422  1355  4500  5402
 2823    4301  4347  4475  5124
 2824    2909  2903  4506  4658
 2825    1090  1742  1070  4747
 2826    4179  4160  4328  4788
 2827    1281  1404  1262  5057
 2828     607   791  4450  5218
 2829    1941  1982  4688  4953
 2830    4236  4232  4240  4878
 2831    4343  4149  4434  4747
 2832    4570  4899  4977  5072
 2833    3141  4455  4917  4961
 2834    4227  4823  4829  5352
 2835    2016  3523  5030  5158
 2836    2354   958  3567  4581
 2837    1982  2005  3537  5335
 2838    2487  2512  2527  5311
 2839    1765  1749  1764  4162
 2840     584   685  3632  4509
 2841    4348  4339  4454  4586
 2842     790   656  4190  5096
 2843    4409  4138  4827  5105
 2844    2077  2076  4722  5105
 2845    1452  1654  4718  2441
 2846    2784  2848  5136  1689
 2847    2234  2353  4468  5092
 2848    1116  2089  4321  5383
 2849    4276  4145  4281  4582
 2850    4381  4888  5074  5298
 2851    3264  3225  4944  4967
 2852    1833  1826  1825  5239
 2853    4456  4601  3347  5033
 2854    3458  3460  3462  5060
 2855    2828  2844  1679  4597
 2856     711   717  4226  4412
 2857     362   927  4250  5026
 2858     383   375   339  5044
 2859    2819  2205  4289  4636
 2860    2863  1880  2371  2395
 2861    4649  2758  2808  3690
 2862     547  2091  2052  4626
 2863    2456  2455  2475  2483
 2864    3005  3019  4163  5066
 2865    4686  3913  4908  4998
 2866     630   613   797  4873
 2867     121    98  4687  5334
 2868     140   121   130  4687
 2869     229  1119  1438  4822
 2870    2875  2903  4658  4936
 2871    4489  4366  5005  5232
 2872     401   344   334  4602
 2873    2477  1809  4594  5197
 2874     787   750  4848  5164
 2875    1220   496  2171  4157
 2876    4529  2040  2020  2021
 2877    4300  1813  5131  5197
 2878    1032   640  4648  5081
 2879     883   882  4558  4586
 2880    3719  3979  4727  5216
 2881     675   676  4549  4750
 2882    4419  4212  4442  4576
 2883    1625  1616  1604  4638
 2884    4685   759  4965  5198
 2885     536   508   535  4556
 2886     521  3247  4738  5265
 2887    2572  2625  4710  4864
 2888    3202  1249  3326  4974
 2889    2929  2952  4403  4841
 2890     150   154  4744  5144
 2891    1634  1572  1518  4501
 2892    4725   253  5169  5371
 2893    4213  4182  4557  4910
 2894    2077  2040  5105  2065
 2895    2357  2356  4793  5352
 2896    1457  1465  3344  4162
 2897    3229  3237  4063  4960
 2898    1545  4393  4983  5357
 2899    2893  2870  2879  4370
 2900    1416  1434  4412  5353
 2901    4515  4532  4870  4871
 2902    1822  1829  1810  1809
 2903    4347  4475  4555  5028
 2904    3062  3014  4230  3037
 2905    1050  2560  2292  5346
 2906    1401  1416  5246  5353
 2907    1857  2542  2567  5248
 2908    1871  1899  4789  1919
 2909    2671  2466  3387  4431
 2910    4241  4897  4976  5265
 2911    2760  2744  2699  4726
 2912    3344  1483  3371  4162
 2913    4483  4334  4819  4995
 2914    1849  1829  1848  1828
 2915    2143  2338  5031  5103
 2916    4619  2397  4775  4941
 2917     171  3171  4847  5199
 2918    4619   951  5347  5395
 2919    1284  1977  1272  5076
 2920    1452  2813  2441  4611
 2921    4754   761  5085  5287
 2922    2608  2644  2674  5088
 2923     869   882  3791  4586
 2924    1483  1457  1482  4162
 2925    4754  5085  5253  5287
 2926    2265  2274  2157  4957
 2927    4262  4329  4638  5199
 2928    2600  3889  4397  4885
 2929     593  3705  3524  4492
 2930    2074  1870  3446  2766
 2931    1988  1794  2670  4743
 2932    1523  1690  5182  1669
 2933     613  4258  4873   630
 2934    4387  4192  4655  4690
 2935    2886   948  2867  5127
 2936     305   253  4901  5371
 2937    2403  4354  4973  5127
 2938    4460  4184  4771  5344
 2939     826   858   803  5006
 2940    2112  1918  2126  4302
 2941    4171  4207  4599  4810
 2942    4517  4322  4960  5188
 2943     828   685  4509  5262
 2944    4223  4398  4785  4804
 2945    4436  4277  4766  5379
 2946    2716  2759  2780  4815
 2947    3680   573    30  5304
 2948    3132  3119  3131  4961
 2949      39   294  3763  5194
 2950    4255  4767  4785  5289
 2951    1739  1963  3709  4245
 2952    5126  4578  5195  5288
 2953    1502  1497  1649  4592
 2954     722   704   709  5379
 2955     433  1391  4754  5186
 2956    3950  4010  3562  5285
 2957    4377  4455  4928  5188
 2958    2887  1702  1709  5189
 2959    3352  2777  3171  4847
 2960    3296  3345  4477  5100
 2961     383   384   375  5044
 2962     335  4929    93  4865
 2963    2748  2719  2706  4948
 2964    2536  2554  2522  4416
 2965     386   340   376  5285
 2966    3211  3166  3210  5188
 2967     353   374   339  5044
 2968    2779  3679  4521  5324
 2969     749   722   709  5379
 2970     709  3906   749  5379
 2971    3272  5176  4063  4845
 2972    3229  3211  4960  5286
 2973     362  1373  3578  5026
 2974     375   385   364  5044
 2975    1779  2268  4246  1754
 2976     875   835  4341  5194
 2977     194   169  5208   195
 2978    1045  1039  4839  5346
 2979    2941  2929  2904  4403
 2980     464   309  4527  5323
 2981    3919   161  4379  5329
 2982    2127  3417   696  1866
 2983     619   625  4838  5091
 2984    1140  1257  4293  4875
 2985     637   666  4766  4921
 2986    3980  4042  1403  5221
 2987    2668  3257   186  4297
 2988    2778  3838  2397  4619
 2989    4172  4566  4992  5349
 2990    3089  3119  3132  4961
 2991    1452  2757  4675  4941
 2992     366   364  5044  5157
 2993     786  5355   785  5326
 2994    1743  1953  4615  5076
 2995    1204  2357  5303  5352
 2996    4689  4895  5151  5239
 2997    4137  4412  4945  5353
 2998    3579  1031  5059  5142
 2999    4696   699  4856  5034
 3000    2717  2718  2624  4815
 3001    3026  3027  3011  5315
 3002     656  1431  5096  5320
 3003    2072  1906  1835  1842
 3004    1055  1018  1083  4571
 3005    3297  3654  3564  4477
 3006    2746  4352  4484  4645
 3007    4288  4434  4567  5283
 3008    4221  4247  4352  4795
 3009      89    75  3159  4951
 3010     961   104  4373  4721
 3011      82    83  3491  4623
 3012    2481  2491  2492  5380
 3013    4817  4698  5299  5338
 3014    3022  2983  3010  5019
 3015    4326  4244  4437  4505
 3016    2165  2196  2113  5321
 3017    3035  3046  3073  4407
 3018    2180  4474  4764  5212
 3019    1001   984   973  5311
 3020    3906  4887   709  3850
 3021    4608  4415  4942  5182
 3022    3358  1171  3573  5148
 3023     289  3747   288  5371
 3024    2862  2141  2377  2371
 3025    4545  4935  5023  5036
 3026    3211  3230  4960  5286
 3027    4762  4494  4295  5155
 3028    2016  3750  3588  5030
 3029    4199  4205  4323  4291
 3030    4345  4591  5193  5396
 3031    3299  3318  4172  4566
 3032     830   744   552  4596
 3033     139   120   148  5144
 3034    3166  3071  3609  5188
 3035    4698  4817  5194  5338
 3036    2244  2267  2042  5030
 3037    1788  2195  2477  2460
 3038    2460  2477  4594  2440
 3039     854   919   866  4493
 3040    4191  4209  4377  5389
 3041    3404  3618  3532  4190
 3042    2460  2194  5017  2195
 3043    1518  1572  1613  4333
 3044    3634  3975  3827  3881
 3045     213  3742  4977  5241
 3046    4143  4146  4530  4834
 3047    1834   565  4149  5087
 3048    2861  2333  2305  2210
 3049    1986  4333  4365  4816
 3050    4391  4255  4739  4767
 3051    4709  4347  5129  5284
 3052    4329  4628  4768  5142
 3053     485   714   156  4176
 3054    2742  2289  4257  2233
 3055    3433  2074  3446  3635
 3056    3489  4057  4641  5322
 3057    2688  2701  4678  2700
 3058     775  4420  5218  5342
 3059    5186   459  5287  5301
 3060    4290  4237  4448  5152
 3061    1737  4025  4242  4461
 3062    4666   526  5001  5039
 3063    4358  1696  4170  1699
 3064    4309  4522  4599  4810
 3065    4428  4172  4709  5028
 3066    4414  4178  4636  4755
 3067    2339  1007  2174  4656
 3068    3309  3289  3308  4740
 3069    3835  2480  5251  5273
 3070     667   666  4766  5226
 3071    4338  4796  4879  5240
 3072    4765  4737  4840  5341
 3073    2902  2903  2894  4936
 3074    2924  2880  2893  2898
 3075    4811  2177  4487  2209
 3076     733   629  4512   836
 3077     472  1307   494  5382
 3078    2879  1002  1859  2870
 3079    1859  1002  2298  2870
 3080     276   317   305  4725
 3081    3181  3180  4702  4928
 3082    2495  2457  2535  4603
 3083    4383  4273  4413  4542
 3084    2305  2861  2210  2870
 3085    2861  2305  2858  2870
 3086    2298  2305  2210  2870
 3087    2305  2298  2858  2870
 3088    2798  2586  3641  5050
 3089    4392  4263  4662  4867
 3090    2636  3553  2444  4791
 3091    2608  2675  2732  5088
 3092    4845  3272  5286  5385
 3093    1082  1936  3504  3701
 3094    1594  1581  5151  5153
 3095    2181  2398  2970  3495
 3096    3441  1161   798  4604
 3097    4170  4161  4256  5280
 3098     986   975  4913  4989
 3099    3962  3049  5046  5213
 3100    4190  4134  5025  5096
 3101    4159  4147  4310  4424
 3102    5025  4190  5096  5320
 3103    3141  3987  3155  4455
 3104    3452  2063  1129  1951
 3105     655   654   887  4889
 3106    2341  2326  2226  4646
 3107    2638  2637  4579  5377
 3108    1287  1303  1185  4837
 3109    4410  4454  4586  4600
 3110    4464  4436  4660  4826
 3111    4215  4143  4530  4585
 3112    2888  2871  2900  2882
 3113    2440  4594  4814  5197
 3114     479   511  4778  5206
 3115    4209  4191  4269  5389
 3116    4355  4306  4832  5298
 3117       3  3887  4625  5206
 3118    2440  2477  4594  5197
 3119    4354  4382  4543  4606
 3120    3472  3404  3478  4190
 3121    2816  3404  3532  4190
 3122    2473  4099  4543  5380
 3123    2763  2676  2764  2700
 3124    4350  1405  4552  5030
 3125    4260   373  4577  5282
 3126     851   772  3740  5139
 3127     428   455   397  4708
 3128    2815  2062  3410  1866
 3129    1848  1857  3616  5248
 3130    2777  1635  4441  4847
 3131    4505  3604   278  4326
 3132    2917  2909  2902  4506
 3133    3530  2916  4290  4824
 3134    2141  2333  2859  2377
 3135    3449  3481  4204  4569
 3136    2337  1111  4609  4937
 3137     752   822   908  4783
 3138    2895  2885  2877  4831
 3139    2368  2394  4869  5359
 3140    2286  2135  4395  5240
 3141    2341  2295  4646  2308
 3142     258  3778  4060  4942
 3143    2148  2123  4879  4988
 3144    2903  4506  4658  5331
 3145    1070  1196  4434  4747
 3146    2270   556  2571  2765
 3147    2149  1011  4235  3693
 3148    3494  4246  4370  5017
 3149    4133  4228  4251  4505
 3150    4543  4099  5363  5380
 3151    4347  4381  4709  5129
 3152     389   434   356  5003
 3153     647   634   625  5295
 3154    4540  4436  5056  5379
 3155    4992  4709  5099  5134
 3156    2405  2439  2377  2414
 3157     647   663  5295  5334
 3158      54   544   505  4332
 3159     681   693  4367  4921
 3160    2421  2806  2657  4261
 3161    2360  1878  4376  4609
 3162    1877  2035  4983  1168
 3163    3694  3829  4222  4610
 3164     973  2467  2445  5311
 3165    2467  2487  2446  5311
 3166    4899  4977  5072  5241
 3167    1838  4001  1858  5211
 3168    2445  2467  2446  5311
 3169      66    59    46  4169
 3170    4713  4521  4790  5279
 3171    2731  2758  5084  5324
 3172    4313  3111  5046  5213
 3173    3803   206  4064  5392
 3174    4566  4180  4846  5027
 3175    1734  1492  1525  4922
 3176    3083  3067  3098  4459
 3177       8  1325  4882  5318
 3178    4184  4278  4335  4416
 3179    4420  4193  4578  5288
 3180    1750  1735  1749  4162
 3181    4495  4403  4659  4841
 3182    3262  3654  3572  4944
 3183    1996  1982  3537  4688
 3184    2138  2343  5175  2101
 3185    2679  4371  4447  5049
 3186    3390  1614  1561  4768
 3187    2946  2945  4390  4950
 3188    3619  2093  5047  5089
 3189     733   777   751  4512
 3190    4258   887   613  4889
 3191     731   708   700  4470
 3192     114   113   120  4825
 3193    4118  3867  4337  4512
 3194    4316   521  4510  4738
 3195    4144   498  5135  5194
 3196    2848  1689  2266  5136
 3197    2030  3699  2060  4626
 3198    4239   451   327    10
 3199    4199  4143  4205  4291
 3200     496  4157  4245  4657
 3201    4176  1657  4393  5182
 3202    2570  2837  2599  4731
 3203      81   125  1557  5099
 3204    4172  4428  4709  5284
 3205    4393  1657  4608  5182
 3206    4803  3225  4944  5403
 3207    1213  1283  5402  1201
 3208    4781  4528  4979  5309
 3209    2145  2098  2302  5212
 3210    3401   841   723   671
 3211    1749  1482  1715  4805
 3212    2202  2303  1803  4395
 3213    2171  2146  1241  4662
 3214    4379  4171  4430  4677
 3215    1923  2208  4206  4910
 3216    2701  2688  4678  1966
 3217    2799  2826  2827  4238
 3218    3869  4567  4763  5312
 3219    1361  4615  4694  5076
 3220    4012  3794  4030  4617
 3221    4890  2503  2512  2538
 3222    1582  2090  3849  4195
 3223    4425  2698  4726  5048
 3224     699   729  4856  5034
 3225     288  3747   254  5371
 3226    2545  4531  4551  4966
 3227    3422  3417  3410  1866
 3228    2816  4190  4305  4604
 3229    1013   934  4558  4860
 3230     290   257  4916  3503
 3231    1620  1591  4458  4496
 3232    2967  3014  4627  5319
 3233     470  1363  4445  4754
 3234    4708   385  5044  5157
 3235    3313  3294  4628  5302
 3236    2246  2300  2177  2331
 3237     653   612   592  5275
 3238    3758  2973  4336  5374
 3239    2280  2838  4827  1126
 3240     639  1000   980  5333
 3241    3472  3420  3752  4258
 3242    2038  1350  1542  5076
 3243    1829  1808  4448  5197
 3244    4184  4335  4771  5344
 3245     606  1167  4530  5093
 3246    3738  3575  4935  5023
 3247    1368   769  4524  5275
 3248    1402  1325  4244  4882
 3249    1875  2739  4509  1574
 3250    4177  4377  4548  4702
 3251    4221  4194  4371  4795
 3252     131  1351  4198  4612
 3253     929  4218  4317  4906
 3254    4862  1164  5014  5210
 3255      98    88   121  4687
 3256    3686   662  5299  5338
 3257    4323  2058  4669  5335
 3258     916  1140  1544  4293
 3259    4021  1251  5368  5397
 3260    2883  4222  4610  4618
 3261    4294   196  4799  4820
 3262      52    63    36  5187
 3263    2328  3750  2267  4395
 3264    4705  4270  5000  5274
 3265    4392  4276  4629  5291
 3266    4181   542  5364  5375
 3267    2561  2661  2396  5024
 3268    3782  3915  3778  4415
 3269      15    13  4666  5001
 3270    3138  3139  4187  5290
 3271    4535  3969  2881  4730
 3272     253  4725  4901  5371
 3273    4342  4309  4522  4599
 3274    2108  2186  2212  4769
 3275    1310    27  5025  5291
 3276    4003  4035  4076  5162
 3277    1726   155  4288  1023
 3278    4350  4395  4614  5240
 3279    2402  2420   954  4486
 3280    2998  2999  4457  5019
 3281    3352  3244  1635  4847
 3282    3449  4204  4451  4569
 3283    3070  3728  3021  4336
 3284    4556  4249  5266  5364
 3285    4500  1355  5080  5402
 3286    3115  3126  4048  4998
 3287      46  1505  1472  4807
 3288    1103  1249  1607  5232
 3289    4597  2803  5156  5185
 3290    2342  2309  2308  4804
 3291    2131  2097  2301  4565
 3292    1637  4208  5150  5182
 3293      23  1441   771  4691
 3294     303   302   332  5123
 3295    4415  1661  4942  5182
 3296    1575  1589  1583  4971
 3297    2220  2465  1757  4163
 3298    4361  4380  4929  4952
 3299    2463  1010  2486  1093
 3300    2925  4189  4246  4711
 3301    1747  1775  1783  5180
 3302    4723  4520  5001  5002
 3303    3960  4000  4846  4858
 3304    2620   186  1031  5059
 3305    4511  4583  5023  5200
 3306    3239  3213  3180  4702
 3307    4448  4789  4903  5307
 3308    4622  4272  5173  5192
 3309    3178  3193  3208  4940
 3310     501   490   444  4676
 3311    3111   972  4679  5333
 3312    4110  4108  4908  4998
 3313     886  3778   258  4942
 3314     365   364  4522  5044
 3315    5376   424  5397  5402
 3316    2837  1806  4589  4743
 3317     464   811  4644  5323
 3318    4145  4284  4589  4743
 3319    3124  3149  3125  4800
 3320     886   258   690  4942
 3321    4189  4594  4876  5197
 3322     680   708   693  4470
 3323    1544   916  4875  5150
 3324    3071  3058  3789  5336
 3325    1505  1473  1472  4807
 3326    1542  1953  3536  5076
 3327    4165  4160  4330  4410
 3328    1530  1560    66  4623
 3329    4224  4359  4528  4556
 3330    2242  3278  3289  4740
 3331    2559  2539  2527  5311
 3332    1219  1396  4765  4840
 3333    2113  2349  4705  5321
 3334      67    60  5128  5238
 3335    4638  1616  4756  5199
 3336    4350  4785  5030  5289
 3337    2020  2745  2039  2055
 3338     638   602   650  4679
 3339    1474  1496   567  4807
 3340     909   656  4190  4604
 3341    4156  4159  4310  5193
 3342    1593  1826  5151  5239
 3343    2879  1720  3995  4370
 3344    1318  1383  1399  4670
 3345    4107  4072  4119  4880
 3346    2981  2995  2982  4422
 3347     477   467   443   489
 3348    3550  3729  4131  4667
 3349    4528  4979  4999  5167
 3350    4455  3511  4917  4928
 3351    1806  2095  4589  4743
 3352     892  4005   801  5021
 3353    2569  4966  2614  1823
 3354     988  4393  4733  4983
 3355     582  1035   373  4577
 3356    1368   743  4437  4524
 3357    4531  4551  4966  5261
 3358      58    57  4477  5100
 3359     787   817  5339  3535
 3360     699  4470  4696  4856
 3361    4180  3280  4544  4587
 3362    3788  4005   892  5021
 3363    2061  1796  1542  4694
 3364    4053  2976  4841  4909
 3365     560   938  3242  5062
 3366     662   738  3686  5299
 3367    1721  1730  4375  1729
 3368    2681  3498  4488  5268
 3369     610   600   579  5035
 3370    3021  3789  3058  5336
 3371    4583  4572  5162  5200
 3372    1110  1121  4446  5166
 3373    1646  1638  4483  5133
 3374    3227  3252  4925  5278
 3375     990  1014  1004  4363
 3376    1625  1616  4638  5199
 3377    1741  1723  1748  4805
 3378    4423  4399  4473  4810
 3379    3202  3096    45  4875
 3380    1578  1159  3307  5232
 3381    4309  4399  4663  4810
 3382    3123  3145  3051  5046
 3383     135   124  1583  4654
 3384    2577  2581  4630  4894
 3385    3008  3543  3043  4634
 3386    4207  4291  4349  4365
 3387       0     3  3887  4625
 3388    4142  4411  4418  4815
 3389    2988  4319  4526  4627
 3390    1648  3309  3308  4740
 3391     684  4317  4492  4906
 3392    2901  3649  5054  5359
 3393    2390  3029  2380  3615
 3394     116   293   115  4304
 3395    2451  2479  2384  4261
 3396    1786  1785  5018  5366
 3397     535   488  4812  5309
 3398    1465  1483  3344  4162
 3399    4526  4345  4617  4627
 3400     146  1585  5129  5284
 3401    4415  4304  4608  4942
 3402    4163  4211  4930  5204
 3403    3462   226  3448  5060
 3404    2273  2176  4735  2250
 3405     604  1152  4250  5026
 3406    1971  3729  3550  4667
 3407    4382  4372  4543  5177
 3408     892   801   631  5021
 3409    1867  1260  4239  4657
 3410     354  4010  4399  4918
 3411    4267  4308  4317  4740
 3412    3814  4013  3934  4617
 3413    3335  3347  3964  4601
 3414     861   827   815  4454
 3415    4911  3411   999  4891
 3416    1253  2357  4793  5303
 3417    3794  4030  4617  4909
 3418    4070  3625  4587  5304
 3419    1485  1519  4697  5231
 3420    1243  1387  1234  4665
 3421    4580  4656  5000  5212
 3422    4520  4303  5186  5301
 3423     127  1409  4530  2537
 3424    1191  4285  4695  5339
 3425    2940  2919  2939  4403
 3426    4399  4423  4522  4810
 3427    4888  3178  4940  5290
 3428    4771  5036  5174  5344
 3429    1827  1044  5087  5283
 3430    2945  2954  2968  5319
 3431    2812  4688  4953  5202
 3432    3124  3113  3149  4800
 3433    4160  4165  4405  4410
 3434    1603  1615  1604  4638
 3435     693   702   681  4367
 3436    1356  1929  1834  5087
 3437    3802   661  4431  4762
 3438    4160  4191  4353  4856
 3439     237  4179  4788  4916
 3440     432  1065  1108  5203
 3441    4496  4196  4706  4724
 3442    4233  4234  4243  4795
 3443    2713  2289  4257  2742
 3444    1089  3986  4576  4759
 3445     653  4929  5108  5275
 3446    4803  4404  4904  4944
 3447     429  4192  4676  5037
 3448    3880  1712  4188  4964
 3449    4271  4427  4548  5267
 3450     581  4031   594  4477
 3451     279  1308  4631  5357
 3452    4083  3981  4800  4990
 3453    3022  4457  5019  5336
 3454    1803  1339  1301  4892
 3455    4166  4193  4218  4578
 3456    4252  1151  5081  5214
 3457    2217  3959  5058  5378
 3458    3330  3582  3310  5183
 3459    4320  4145  4324  4582
 3460    2052  1752  4626  5089
 3461     315   670   761  5287
 3462    2722  2174  2117  4881
 3463    1921  1954  3550  4667
 3464    4363  4137  4890  5130
 3465      10  1671  4239  1319
 3466    4840  1381  1352  4263
 3467    3485  3854  3689  4644
 3468    4979  4508  5167  5234
 3469    3644  3771  4329  5142
 3470    4591  4345  4627  5396
 3471    4203  4315  4416  4634
 3472     613   623  4190  4889
 3473    4619  4146  4675  4941
 3474    2504  2446  2487  5311
 3475    1049  1026  1059  4412
 3476    3225  5403  3175  3224
 3477     553  4044  5181  5367
 3478    4387  4198  4625  5138
 3479    3280  3298  4180  4544
 3480    2840  2856  1893  2855
 3481    1558  1536  1528  4697
 3482    2462  3841  3392  5100
 3483     784   815   827  4454
 3484    2173  2336  4739  5240
 3485    3788  4369  4635  4906
 3486     877   440   889  5052
 3487    2446  2447  2448  4970
 3488    4152  4224  4870  5125
 3489    4227  4136  4619  5031
 3490    1279  1214  1351  4684
 3491     508  4556  4781  5309
 3492    4806  4277  4848  5379
 3493    1872  4168  4667  4975
 3494     501  4676  4781  4984
 3495    4357  4288  4434  4567
 3496    2101  3753  2297  5175
 3497    2664  2595  4987  2665
 3498    2205  2124  4289  4636
 3499    3214  3213  4476  4701
 3500    2729  2790  2730  4142
 3501    1989  2000  4263  4835
 3502    2764  2745  4678  5179
 3503    2879  1859  3751  4370
 3504    2740  2816  4190  4305
 3505     900  3756   930  5195
 3506    2853  2823  4899  5179
 3507      55  2028  2053  4765
 3508    1554  1784  4904  5018
 3509    4284  2396  4731  4743
 3510    1704  3552  1480  4805
 3511     140   678   121  4687
 3512    4584  4409  4827  5105
 3513    5151  5068  5153  5163
 3514    1143  1074  4843  4889
 3515    4276  4392  5111  5291
 3516     219   220  4820  5371
 3517    1581  1773  1552  4985
 3518    1532  1514  4242  4800
 3519    2681  4488  4554  5268
 3520     156   258  4060  4942
 3521    1608  1623  1637  5182
 3522    2597  2614  4197  5261
 3523    2756  2552  4266  5222
 3524    1050  2292  4760  5346
 3525     433  1292   434  5003
 3526    1341  1406  3508  4923
 3527    1943  3363  1955  4851
 3528    1671  1546  4239  4657
 3529    1098   909  4190  4604
 3530      21   571    20  5100
 3531     109    87    86  4825
 3532    2031  2818  2817  4862
 3533    2122  2112  4259  4302
 3534    4355  4888  4940  5290
 3535    2292  2560  5130  5346
 3536     114   120   139  4825
 3537    2170  3787  2443  5168
 3538    4227  4145  4421  4462
 3539    1177  1183  4562  4905
 3540    1274   388  3875  3599
 3541    2746  2785  2747  2800
 3542    2516  2515  2540  3687
 3543    3318  4153  4697  4786
 3544    2377  2253  3969  4730
 3545    1926  1932  4463  5268
 3546    3010  2983  4336  5019
 3547     612   876   592  5275
 3548    4176  4608  4942  5182
 3549    4346  4424  4760  5130
 3550    3436  3446  2766  2029
 3551     801   812  3524  5021
 3552    4925  3252  4958  5278
 3553    1580  1493  5135  1868
 3554    3373  3392  3841  5100
 3555    1940  2772  4953  5233
 3556    2910  2918  2919  4907
 3557     528   122  4505  4652
 3558     925   881  4600   902
 3559    3876  3998  3611  4316
 3560     321   356  4602  4746
 3561    3524  3705   801  5021
 3562    2397  3838  1681  4941
 3563    1201    41  4502  5303
 3564    4145  4284  4357  4589
 3565    1623  1527  4304  5182
 3566     111  1557   125  5099
 3567     926   801  3705  5021
 3568    1669  1523  1657  5182
 3569     125    81  5082  5099
 3570    2494  2483  4546  5152
 3571     996   991  1004  4363
 3572     454   416   396  4849
 3573    2172   160  3440  4867
 3574    1103  4489  5005  5232
 3575    1688  4523  4997  5136
 3576    2983  3758  4336  5374
 3577    1150  1158  4822  4939
 3578    4275  4775  5347  5395
 3579    2851  4570  4920  4977
 3580     542   132  5364  5375
 3581    5161  1213  5376  5402
 3582    2533  2566  2548  4497
 3583    2730  2714  2729  4142
 3584    2694  2421  2657  4261
 3585    2863  2395  4535  5022
 3586    3328  3909  4480  4875
 3587    4399  4522  4663  4810
 3588    4308  4218  4317  4510
 3589    4151  4207  4295  4628
 3590    4197  4498  4966  5261
 3591    2210  2298  2870  4541
 3592    2739   584   820  3558
 3593    2126  2112  4302  4523
 3594    4614   198  4892  5214
 3595     714   690   258  4942
 3596    4133  4186  4200  4865
 3597    2505  2670  2396  4743
 3598    1678  2015  1598  5357
 3599    2071  1933  1990  1733
 3600    4553  4597  5156  5185
 3601    1514  1507  4990  3948
 3602    1946  3384  2683  5269
 3603    1411   653   592  5275
 3604     487   442  3674  4999
 3605    2692  2693  3673  4943
 3606     826   845  4519  4602
 3607    1811  3475  2063  1819
 3608    3860   459  5186  5301
 3609     749   806   750  4848
 3610     227  3519  4668  5255
 3611     973  4563   963   983
 3612     321   334   844  4602
 3613    1278  4281  4420  5218
 3614     576  3603  5345  5394
 3615    4086  4299  4400  5220
 3616    4529  4409  4584  5105
 3617    1794  2796  2670  4743
 3618    1615  3586  1625  4638
 3619    4175  4565  4751  4924
 3620    3494  3697  1744  4370
 3621    3270  3209  3179  4642
 3622    1732  1737  1512  4461
 3623    1703  1288  4747  5247
 3624    2005  2812  5202  5335
 3625    4277  4436  4464  4826
 3626    3572  3654  3297  4944
 3627    4211  2992  4930  5119
 3628    3736   581  4912  5314
 3629    4811  4580  5000  5212
 3630     677   821   775  5218
 3631     121    88   109  4825
 3632     657   648   636  4921
 3633    3829  2883  4222  4610
 3634    3597  3376  4208  5150
 3635     872   905   735  4492
 3636    4172  1576  4428  5284
 3637    4449  4771  4830  4985
 3638    1608  1498  1527  5182
 3639    2786  2785  4640  2769
 3640    4830  1773  5174  5200
 3641     566  4020   571  5100
 3642    4235  4433  4791  5260
 3643    5023  4583  5162  5200
 3644    2636  2580    33  4997
 3645    4580  4811  5172  5212
 3646    2104  2180  4764  5212
 3647     384   385   375  5044
 3648    3131  3987  3132  4961
 3649    4143  4158  4795  5125
 3650     339   330   298  5044
 3651     339   374   383  5044
 3652    4795  4158  4870  5125
 3653    2028  1692  4855   287
 3654    1834  1929   565  5087
 3655    3274  3324  3255  5216
 3656    4186  4133  4260  4558
 3657      42  1443  1229  5252
 3658    4377  4702  5143  5286
 3659     330   284   298  5044
 3660     375   364   330  5044
 3661    3132  3987  3141  4961
 3662    4216  4253  4460  5163
 3663    2529  1682  4653  5306
 3664    3261  3295  3315  4805
 3665    4179  4283  4856  5034
 3666     111   125   126  5099
 3667    1527   390  4415  5182
 3668    1630  1906  1334  5076
 3669    2798  1903  5050  1487
 3670    3592  1570  1221  4873
 3671    4391  4879  4957  4988
 3672     714   258   156  4942
 3673    4397  4243  4833  5053
 3674    3336  3397  3347  4807
 3675     750   806   787  4848
 3676    3261  3250  3222  4805
 3677    3081  3962  3049  5046
 3678    4223  4182  4251  4398
 3679    1906  1977  1334  5076
 3680    3378  3397  3336  4807
 3681    1564   180  1683  4740
 3682    1464  1481  1482  4805
 3683     486  4979  5167  5386
 3684    4302  4234  4499  4523
 3685    1611  1977  1916  1295
 3686    4794   530  5139  5243
 3687    1839  2598  4197  4518
 3688    2377  2862  2371  4535
 3689    1815  4895  4966  5013
 3690    4867  4284  5058  5358
 3691    4341  4266  4644  5222
 3692    2235  2121  2353  4468
 3693    2612  2582  2594  4396
 3694     251  1640   216  4809
 3695    1869  3797  3831  3890
 3696    3355  3346  1469  4544
 3697    1949  3479  3419  1844
 3698    2167  4259  4565  4751
 3699    4208  4608  5150  5182
 3700     891   831  4266  5338
 3701    2655   949  2725  4742
 3702     785   816   786  4806
 3703    4979   442  4999  5386
 3704    2532  2518  2565  4996
 3705     339   282   353  4836
 3706      13   543   246  4757
 3707    4142  4210  4220  4236
 3708    3964  3319  4752  5351
 3709     937  3570  3823  4092
 3710    4219  4433  4561  4620
 3711     541  1645  2562  5312
 3712    3972  3997  4617  4680
 3713    4972  4803  5400  5403
 3714    4295  4207  4349  4365
 3715    3725   311  4186  4260
 3716    2072  2038  3536  5076
 3717    1661  1657  4176  4942
 3718    2811  2078  4254   590
 3719     894   977  1183  4648
 3720    1350  1361  1413  1542
 3721     539   515  3608  5243
 3722    4678  4425  4919  5088
 3723    2015  2035  4983  5357
 3724    1416   217  5246  5252
 3725    4886  4606  5340  5381
 3726    2339  2302  2098  5212
 3727    1661  1657  4942  5182
 3728    4737  4855  5207  5341
 3729    3430  3483  1811  1844
 3730    4489  4366  4641  4939
 3731    4183   933  5010  5243
 3732    4171  4207  4430  4599
 3733    2668  2620  4297  5059
 3734    4136  4275  4829  5125
 3735    4404  4784  4904  5018
 3736    1760  1512  1737  4242
 3737    1366  1373  5026  3578
 3738    4583  4572  4686  5162
 3739    3178  3163  4888  5074
 3740     252   227  4668  5255
 3741    1682  2845  1882  4653
 3742    3252  3226  4958  5278
 3743    4379  1618  4441  4654
 3744    4167  4770  5374  4210
 3745    4178  4154  4443  4562
 3746    4425  4409  4678  4919
 3747    2084  1948  2088  5313
 3748     601   627   650  4914
 3749    3898  2414  4222  5171
 3750    1653  4258  4843  5222
 3751    1444   787  3801  5164
 3752    4894  4384  4975  5192
 3753    1609  3200  3941  1427
 3754    3622    53  4426  5266
 3755    3329  3292  3886  4488
 3756    3144  3109  4734  4741
 3757    2924  2893  4370  5217
 3758     993  2452  5184  5270
 3759     996  1020  1043  4363
 3760     689   614  5262  5338
 3761    1595  1602  1596  4797
 3762    3216  3215  3255  4476
 3763    2465  2442  2478  4930
 3764    4198  4612  4757  4882
 3765    4271  4177  4548  4650
 3766    2488   992  4485  5281
 3767    2739  2056  4509  4691
 3768    1427  3613  3941  3893
 3769    2568  2554  2578  4396
 3770     426   416  4508  4714
 3771    2064  3509  1739  5029
 3772    4336  2973  5015  5374
 3773    4306  4148  4803  4832
 3774    4142  4236  4240  4264
 3775    4210  4167  5019  5374
 3776     406     4  1368  5275
 3777    2391  2944  2402  4950
 3778    3302  3935  3921  5351
 3779    2125  3624  2814  5075
 3780    1402  4244  4748  4882
 3781    4786  4544  5027  5118
 3782    2026  1886  2125  5075
 3783    4972  5023  3499  5400
 3784    4372  4542  4593  4927
 3785    5162  4572  5387  5400
 3786     853  4218   929  4906
 3787     660  4578   929  4783
 3788    3361   829  3973  4317
 3789    1260  1867  1546  4657
 3790    1589  1583  4621  4654
 3791    2291   799   211  4764
 3792    2346  1203  1200  2773
 3793    2079  2057  2006  5335
 3794    2034  2053  2028  4765
 3795    4035  4048  3126  5162
 3796    4229  4303  5133  5384
 3797    2503  4890  2512  5311
 3798    4210  4340  4770  5374
 3799    1869  2502  3797  3890
 3800    4386  4313  4673  5046
 3801    1097  3661  1061  4978
 3802    4305  2655  4742  5358
 3803    1912  3623  1911  5268
 3804    1988  2036  1116  4195
 3805    2433  2422  2471  4593
 3806    4377  3230  4702  5286
 3807    4683  4446  5014  5166
 3808    4631  4324  4737  4758
 3809    4327  4354  4831  4907
 3810    2287  2306  2350  5103
 3811    1851  4490  4733  5247
 3812    4097  3779  4123  4574
 3813     423  1803  4395  4892
 3814    2973  4467  4824  5374
 3815     818   921  5126  5330
 3816     128   108   112  4378
 3817    2704  2649  4645  4987
 3818    1913  2090  2000  4195
 3819      36  4727  5187  5294
 3820    2669  4619  4731  4844
 3821      71  5095  5143  5385
 3822    4315  4278  4422  4438
 3823     588   589  4650  5004
 3824    3422  2815  2062  3410
 3825    2022  2811  4254  1981
 3826     988  1877  1895  4608
 3827    4191  4269  4353  4856
 3828    3158  3170  3135  4673
 3829    3087  3041  3042  5159
 3830     696  3422  2062  1866
 3831    3019  4344  4893  5305
 3832    2245  4790  2214  4920
 3833    1605  4441  4654  4756
 3834    3402  3423  1949  3419
 3835    2804  2805  2752  4632
 3836    2790  2743  4264  2791
 3837    4787  4221  4948  4955
 3838     134   270  1225  5341
 3839    4277  4703  4806  4848
 3840    3044  3033  3718  5350
 3841    4678  4584  4827  5179
 3842    4114  4003  5023  5162
 3843    3569  3694  2914  4610
 3844    2214  2231  2168  5279
 3845    3301  3271  4248  4724
 3846    1661  1527  5182   390
 3847    4619  1904  5031  5347
 3848    3281  3737  3946  4786
 3849     233   242  4423  5332
 3850     796  3763   294  4144
 3851    1982  2812  4688  4953
 3852    3345  3333  4477  5100
 3853    3856  1237  4069  4813
 3854    2562  2383  4624  4844
 3855    3493  3124  4461  4990
 3856    4490  2087  5110  5357
 3857    2294   425  4439  4735
 3858    2523  2499  2522  4416
 3859    1608  1527  1623  5182
 3860    2844  2801  4597  2802
 3861    4770  2938  4872  5374
 3862    2803  2802  4597  2770
 3863    4445  4326  5258  4505
 3864     167   292   266  4748
 3865    3575  3499  4545  5023
 3866    4208  4166  4293  4608
 3867    3003  3015  3004  4884
 3868    1704  3552  4805  4964
 3869     291    24  4181  4612
 3870      80    43    79  5314
 3871     531   553  4532  5367
 3872      79    43    30  5314
 3873    1482  4162  4479  4805
 3874    3450  1143  4843  4889
 3875     785  4685  4806  5355
 3876    2321  2186  4389  4769
 3877    4448  4237  4603  5165
 3878    2541  2534  2509  4546
 3879    4983  1987  5110  5247
 3880    4893  3020  5159  5348
 3881    3140  3129  4381  5074
 3882    2171  1220  4157  4195
 3883    1425  1301  4552  5158
 3884     365   331  4522  4663
 3885    4340  4388  4886  5331
 3886     709   687  5372  5379
 3887    2433  2453  4354  4593
 3888      29  1335  4991  5080
 3889    3445  1342  4569  1933
 3890    4801   610  4838  5035
 3891    4212  4220  4240  4257
 3892     712   706  4226  5208
 3893    4174  4394  4433  4561
 3894    1739  1963  4245  5029
 3895    2709  2753  4632  2736
 3896     158   169   195  5208
 3897    4237  4448  4814  5197
 3898    3101  3153  3102  3724
 3899     990   980  1000  5333
 3900     328   260  3359  5310
 3901    2228  4041  3959  5378
 3902     670   468  5002  5287
 3903    1545  1540  4393  5357
 3904    4477   581  5304  5314
 3905    2332  2198  2222  4499
 3906     432  1123  1065  4742
 3907    2564  2517  2531  4996
 3908    3125  4572  4686  4800
 3909    1872  1909  1921  4667
 3910    2229  1322  4945  5154
 3911    4034  4033  4466  4912
 3912    1768  1862   952  4564
 3913    2018  1846  1934  5135
 3914    1404   314  1380  5080
 3915    4306  4545  5023  5036
 3916    2730  2743  2715  4264
 3917    1630  1350  2072  5076
 3918    2801  2843  4597  4640
 3919     407  4708  4714  4979
 3920    2078  2546  5306  1874
 3921    4352  4356  4484  4795
 3922    2266  2126  2634  4523
 3923    4227  4435  4823  5352
 3924    3593  3056  5146  5296
 3925    3192  3176  3607  4940
 3926      50    70    62  5095
 3927    3172  4329  3365  1624
 3928    4115  3027  4407  5315
 3929    1112  1358  4763   967
 3930     889    14  4060  4415
 3931    3115  4908  4998  4110
 3932     306   320   307  4746
 3933    1344  1234  1387  4665
 3934    1246  2120  3630  3927
 3935    4707  4430  4847  5199
 3936    1291  1277  5008  5382
 3937     329   281  4949  5310
 3938    3845  3668  4059  4716
 3939    2256  4227  4828  5103
 3940    1524  1693  4373  4626
 3941    2317  2300  3614  5241
 3942     898   899  4519  5276
 3943    2792  1928  4521  4713
 3944     520   391  4929  4952
 3945    3644  3771  1624  4329
 3946    4413  4383  4542  4927
 3947    1409   127  4530  1034
 3948    2853  3614  4487  4899
 3949    1921  3550  4131  4667
 3950    2127   696  2062  1866
 3951     812   920  4492  5021
 3952    3057  3140  3117  4732
 3953    4281  4421  5058  5358
 3954    2924  2933  3900  5271
 3955    4259  4302  4525  4751
 3956    2811  2804   590  4254
 3957    3111  3052  5046  5213
 3958    2166  2265  4957  4988
 3959     300   261   273  4423
 3960    2798  2600  4397  5050
 3961     347   228  4084  4722
 3962    3737  4094  4969  5118
 3963    4379   144  4654  4993
 3964    1201  1213  2307  5303
 3965    2385  2546  2441  4718
 3966     765   730   699  4856
 3967    1943  1944  3638  4851
 3968    1172   432  1114  5090
 3969    1005   985  3490  4863
 3970    1768  4233  4564  4997
 3971    3429   778  3432  4664
 3972     145  4993  5098  5277
 3973     826   802   222  3503
 3974    4174  4175  4206  4779
 3975    5040  3036  5373  5396
 3976    4789  4448  5165  5307
 3977    2662  2647  2646  5192
 3978    4244  4380  4633  5318
 3979    4617  4680  4880  5193
 3980     158   152   169  5272
 3981    1811  3430  1844  2063
 3982     553   534   533  5367
 3983    4206  4174  4235  4561
 3984    4212  4442  4576  4954
 3985    1034   127  4530  4611
 3986     400   411   377  5133
 3987    1698  1690  1567  4608
 3988    3430  1811  1780  3465
 3989     819  2095  1898  2054
 3990    1789  1800  1801  4711
 3991    4497  4418  4546  4931
 3992    4023  3239  4727  5170
 3993    4481  4132  4993  5163
 3994    4621  4771  4971  5112
 3995    2994  2951  4375  5223
 3996    3570   937  3823  5354
 3997    2069  2008  2047  4323
 3998    1065   432  4281  5203
 3999     244   237  4328  4788
 4000    1680  1516  1695  5169
 4001     427   443  4708   466
 4002    1758  1759  4242  4852
 4003    2226  2236  4389  4769
 4004    4381  4132  5099  5129
 4005    3161  1454  3113  3148
 4006    2856  1893  2855  4616
 4007    1188  3461  1189  4305
 4008    4191  4318  4322  4377
 4009    4014  4046  4054  4574
 4010    2909  3923  4658  4973
 4011    2137  2125  1886  3624
 4012    4324  4155  4582  4670
 4013    3845  3668  4716  5039
 4014    1499  3082  3064  1476
 4015    2235  1037  1043  5092
 4016    4140  4231  4433  4795
 4017    2119  3783  4672  4722
 4018    3364  3363  1943  4851
 4019    3530  2916  2935  4290
 4020    3135  3159  3122  4673
 4021    4605  4907  4989  5354
 4022    4158  4143  4870  5125
 4023    1371  1375  4929  5275
 4024    2543  1814  1838  4719
 4025     354   397   368  4918
 4026    2781  2809  2783  5072
 4027    1938  4622  4898  5173
 4028    2839  4136  4829  5031
 4029    4133  4150  4512  5139
 4030    1763  1764  4162  5366
 4031    1082  1232  1936  1705
 4032    4778   503   504  5001
 4033    1781  3326  1394  5055
 4034     648   636  4921  5004
 4035     731  4470  4856  5198
 4036    1629  3920   480  4778
 4037    2282  1720  1727  3751
 4038    3476  3480  1819  1080
 4039    3695  3861   163  4799
 4040    4231  4525  4609  4751
 4041    1935  2019  4694  5047
 4042    1720  3995  3751  2879
 4043    2172  2155  2160  4867
 4044    2628   611  1869  3797
 4045    1901  2646  1879  5192
 4046    4281  4276  5063  5358
 4047    4400  4455  4693  4961
 4048     519  1449   182  4952
 4049    4384  4272  4622  5192
 4050     506    19  4923  4952
 4051    1350  1630  1334  5076
 4052    1901  4894  4975  5192
 4053    2646  4853  4894  5192
 4054    2800  2746  4408  4484
 4055    4216  4253  4280  4630
 4056    2814  3689  1894  5075
 4057    3485  2776  4644  5075
 4058    2491  2481  4593  5380
 4059    1629  4520  4723  5002
 4060    1086  3712  1105  5014
 4061    3618  3752  2741  4190
 4062    2724  1869  3797  2628
 4063    3042  3041  3652  5159
 4064    2679  2680  5049  5209
 4065    4518  4932  5020  5121
 4066     123   100   151  4914
 4067    2760  2699  4425  4726
 4068      44  1536  1510  5231
 4069    2542  1828  2495  5165
 4070    1200  2213  1821  1206
 4071     696  1046  2610  2062
 4072    3958  4039  4037  5041
 4073    1705  1247  1082  1222
 4074    2935  4173  4290  4300
 4075     952  1893  4616  2855
 4076    5036  4184  5174  5344
 4077    1407  1212  1240   788
 4078    3076  3107  4299  4917
 4079    1203  1200  2773  1205
 4080    1995  2773  1203  2346
 4081    2773  1995  1203  2461
 4082    1238  1212   788  1240
 4083    3741  4074  4772  5346
 4084    3071  3789  3728  5009
 4085    2991  3031  5066  3768
 4086      51    62    71  5095
 4087     668  3877   505  5258
 4088    4782  3619  5047  5089
 4089    4199  4323  4671  4688
 4090    2603  3889  2600  4885
 4091    4438  4422  4719  4808
 4092     700   708   701  4470
 4093     665  4598  4766  4921
 4094    2646  2611  1879  4894
 4095    4562  1124  4648  5081
 4096    1936  1232  1896  1705
 4097    1210  1896  1408  1821
 4098    2605  2640  4142  4777
 4099    1136  2162  4776  4798
 4100     288   305  4901  5371
 4101    1907  2074  1134   987
 4102     486   442  4979  5386
 4103    1273  1854  1845  1916
 4104    1240   788  1778  1719
 4105    4746   255  4901  5371
 4106    2948  2314  2957  4141
 4107    1809  2477  1808  5197
 4108    3840   846  4405  4519
 4109    1205  1200  1821  1206
 4110    2815  2702  1252  2810
 4111    2524  2579  2569  5261
 4112    1856   754  1347  1348
 4113    5014  1164  5166  5210
 4114     772   516  3740  5139
 4115    1046  1082  1717  1134
 4116    1200  1202  2213  2304
 4117    1200  1202  2773  2213
 4118    4536  4352  4853  5173
 4119    4319   941  4486  5038
 4120    2461  2127  2610  2062
 4121    4628  4368  4768  5302
 4122    1906  1915  1885  1854
 4123     385   366  5044  5157
 4124    1212  1275  1407  1240
 4125    1414  1294  5026  1366
 4126    2510  3424  3433  3446
 4127    1865  4149  2059  4325
 4128    1232  1210  1896  1238
 4129    4228  4133  4251  4361
 4130    3469  3422  1717  1134
 4131    1212  1238   788  1210
 4132    2773  1200  2213  1821
 4133     217  5164  5246  5252
 4134    1963  1914  1739  3709
 4135     696  3417  3422  1866
 4136    1778  1896  1238  1222
 4137    2231  2252  2184  5279
 4138    4692  2077  4722  5105
 4139    1370  1213  1237  5376
 4140    1896   788  1778  1238
 4141    1896  1210   788  1238
 4142    1992  1222  1853  1255
 4143     434  5384  5003   389
 4144    2049  2048  4513  2032
 4145    1977  1992  1284  1272
 4146    1495  4153  1472  4969
 4147    1306  1186  1725  4842
 4148    4172  1576  4709  5134
 4149    1212  1408  1207  1206
 4150    2821  2793  4521  4920
 4151    1078  1086  1105  4683
 4152    2461  1821  1205  2773
 4153    2461  1205  2610   223
 4154    4181  4387  4625  5032
 4155    1701  2879  3995  5189
 4156    3156  3511  3181  4917
 4157    1975  2123  4391  4988
 4158    4133  4200  4232  4251
 4159    4639  4270  4705  4790
 4160    3109  3080  3144  4734
 4161    1081  1212  1408  1207
 4162    4972  4830  5023  5400
 4163    4904  4803  4944  5403
 4164    2483  2494  2476  5152
 4165    4189  1789  4246  4711
 4166    1821  2461  1205  2610
 4167    1212  1210   788  1408
 4168    1210  1896   788  1408
 4169    2436  2535  4237  4546
 4170    2695  1847   726  3605
 4171     761   668  4445  5085
 4172    1210  1205  1896  1821
 4173    5068  4797  5112  5163
 4174    1015  4442  4643  5281
 4175    1081  2304  1207  1821
 4176    3721  3781  4119  4680
 4177    2213  1200  2304  1206
 4178    1210  1205  1821  1206
 4179    1408  1210  1821  1206
 4180    1408  1207  1821  1081
 4181    1207  1408  1821  1206
 4182    3821  4319   942  4495
 4183    4366  4357  4534  4980
 4184    3955  4812  4999  5367
 4185     531   534   553  5367
 4186    4233  4238  4433  4795
 4187    1986  2012  4333  4816
 4188    1893    33  4616  3800
 4189    1275  1240  1626  1719
 4190    2485  2545  4531  4861
 4191     542   554   132  5375
 4192    2755   211  2149  4235
 4193    2883  2873  4222  4618
 4194    3794  4617  4103  4126
 4195    2190  2156  2211  4796
 4196     581  4477  4912  5314
 4197    2510  3425  2702  3424
 4198    1578  5232  4641  1159
 4199    4617  4077  3830  3721
 4200    3424  2510  1870  2810
 4201    2565  4411  4497  4996
 4202    4690  3683  5086   491
 4203     900   929  4578   744
 4204    1251  1237  1213  5376
 4205    1124  1075  4562  5083
 4206    4182  4185  4223  4255
 4207    3469  2815  2702  1252
 4208    1816  1566  1551  4861
 4209     216  3698  4471  4809
 4210    1273  1915  1854  1916
 4211    2142  2119  4672  2201
 4212    1915  1906  1611  1854
 4213    1101  2306  2287  4828
 4214     554   524   379  5364
 4215     828  3477  4664  5262
 4216    3346  3333  3375  3625
 4217    2280  2853  4487  5179
 4218    2911  1710  3928  5116
 4219    1547    18  4765  5077
 4220    1936  1907  1134  1072
 4221    1936  1082  1705  1072
 4222    3499  3575  4545  4972
 4223    2062  3422  3410  1866
 4224    2581  2568  2578  4630
 4225    2702  3469  1252  2810
 4226    4183  4228  4681  5010
 4227     876  1368   592  5275
 4228    4133  4186  4512  4558
 4229    3422  3469  1717  1252
 4230    2702  2510  3424  2810
 4231    3320  3348  3302  5351
 4232     764   745  4179  5034
 4233    2625  2624  2643  5048
 4234     415     1   350   596
 4235    2435  2476  2413  5152
 4236     390  1661  4415  5182
 4237     235   253   305  5371
 4238    1009  2127   696  2062
 4239    2815  3422  2062  1252
 4240    1046   696  3422  2062
 4241    3422  3425  2815  3410
 4242    3425  2815  3410  2702
 4243    3425  3422  2815  3469
 4244    2196  2132  2349  5321
 4245    2822  2761  4899  2223
 4246     255  3747   289  5371
 4247    1082  1936  1134  1072
 4248    2062  3422  1717  1252
 4249    2815  3469  3422  1252
 4250    4280  4216  4630  5211
 4251    3433  3447  3635  3446
 4252    3517  2434  5109  5381
 4253    1273  1916  1853  1295
 4254     554   542  3971  5375
 4255    4517  5009  5336  5337
 4256     604  1152  1017  4250
 4257    3612  3779  4101  4123
 4258    4482  4727  5104  5143
 4259    1072  1162  1907  1048
 4260    3320  3302  3921  5351
 4261    2063  3452  1129  1024
 4262    1908  1837   855   185
 4263    2074  1870  3433  3446
 4264    2422  4354  4831  5184
 4265    4151  4194  4199  4207
 4266    3483  3419  1844  3430
 4267    1870  2510  3433  3446
 4268    4931  4210  5019  5374
 4269    1238  1778  1255  1239
 4270    1504  1494  1519  4969
 4271    1936  2074  1134  1907
 4272    1811  3246  1819  1656
 4273    2180  2104  2302  5212
 4274      51    50    62  5095
 4275     525  3887   510  4859
 4276    2737  2669  4619  4731
 4277    2822  3873  2317  5072
 4278    1717  3469  3692  1252
 4279    2038  2072  1796  1542
 4280    2510  3424  1870  3433
 4281    1758  1759  1731  4242
 4282     426   407  4714  4979
 4283     806  3850   748  5326
 4284     867  1837  2850  2695
 4285    2411  2423  4606  4973
 4286    1936  1705  1907  1072
 4287    2565  2518  2564  4996
 4288    1949  3452  1844  3419
 4289    1705   239  1907  1072
 4290    2074  1717  1134   987
 4291    3120  3074  3091  4961
 4292     554  3971  3892  5375
 4293    4044  3601  5167  5367
 4294      50    69    70  5095
 4295    3016  3050  3052  5213
 4296    4212  4147  4931  5389
 4297    2131  2167  2497  4565
 4298    2135  2134  4395  5228
 4299    4136  4146  4775  5125
 4300     842   933  5139  5243
 4301    1028  1029  1016  4863
 4302    4475  4709  4992  5349
 4303    1082   239  1705  1072
 4304     472  4249  4426  4682
 4305    4134  3980  5221  5300
 4306    2628   611  3428  1869
 4307    3446  2074  2766  2029
 4308    3447  3436  2726  2029
 4309     239  1082  1705  1247
 4310    4313  4310  4464  5130
 4311     519  1245   453  4952
 4312    1521   446  4982  5365
 4313    2074  1870  2766  2029
 4314    4786  3737  4969  5118
 4315    2378  2502   914  3797
 4316    4824  4467  5015  5374
 4317    1376   280  4631  4818
 4318    2981  3033  2995  5350
 4319    2983  2998  2936  5374
 4320    3718  3033  4075  5350
 4321    4931  4336  5015  5374
 4322    4467  4931  5015  5374
 4323    4790  2245  2214  5279
 4324    2973  4824  5015  5374
 4325    4167  4872  5019  5374
 4326    1796  1953  1542  4694
 4327     180  1648  1683  4740
 4328    5119  2426  5204  5227
 4329    1272  1317  1284  5076
 4330    3007  3020  3087  5159
 4331     603   867  2833  3940
 4332    1240  1707  1718  1239
 4333    2101  2118  3538  5175
 4334    3330  4349  4494  5183
 4335    2998  3022  2999  5019
 4336    4349  3330  4488  5183
 4337    2856  2840  1893  4616
 4338    2083  2048  4513  2049
 4339    4416  2501  4551  5223
 4340    1811  3246  1780  3465
 4341    5159  5146  5296  5328
 4342      30    43  3680  5327
 4343    1629  1522  4723  5301
 4344    3356  1470  4969  5118
 4345    3483  3430  1811  1780
 4346    2884  3649  2901  5359
 4347    2634  2583  4503  4854
 4348     182  1426  1448  4952
 4349     989  3401   762  3466
 4350    2513  2528  1039  4839
 4351    2776  4190  4258  5075
 4352    4170  4328  4746  4901
 4353    3402  1949  3479  3419
 4354    3656  2918  4770  4872
 4355    1945  3720  1468  5361
 4356    2532  2533  2519  5388
 4357    2657  2694  4261  5393
 4358    1166  1157  1034  4530
 4359    4200  4133  4232  4260
 4360    4379  4132  4621  5163
 4361    1129  1048  1951  1107
 4362    2356  1204  2319  5352
 4363    4379  4621  4756  5163
 4364    1716  1835  1842  5076
 4365    1977  1835  1716  5076
 4366    2699  2675  2687  4425
 4367    1204  2256  2319  5352
 4368    3519   252  4064  5255
 4369     361   541  5312  2094
 4370    1813  4300  4876  5197
 4371     252  3803  4064  5255
 4372    4621  4132  4756  5163
 4373    4456  3885  5148  5394
 4374    3268  3299  3269  5349
 4375    3419  3483  1844  3479
 4376    3269  3299  3318  5349
 4377    2399  3029  3615  5113
 4378    3877  3899  5085  5258
 4379    4361  4251  4633  4952
 4380    4177  4202  4377  5389
 4381    2057  2080  2058  4669
 4382     494  1380  4682  5382
 4383    1107  1072  1162   239
 4384    3430  3419  1844  3452
 4385    3430  1844  2063  3452
 4386    1487  3518  5050  5053
 4387    3803  4064  5255  5392
 4388     694   865  5288  5330
 4389    2621  2587  5043  5377
 4390    4184  4531  4861  5344
 4391    4522   365  4663  5157
 4392     966   948  5184  2381
 4393    1265  1222  1992  1272
 4394    4273  4383  4576  4863
 4395    2933  2923  5116  5271
 4396    1716  1751  2072  1842
 4397    3345  3392  3373  5100
 4398     802  4179  4916  5006
 4399    3452  1949  1844  1951
 4400    2206  2230  4877  2344
 4401     720   854  4493   919
 4402    1148  4022  4905  5014
 4403    2050  1865  4325  5077
 4404    1896  1232  1238  1222
 4405    4352  4238  4356  4795
 4406    1072  1162   239  1907
 4407    1072  1907   987  1048
 4408    1907  2074   987  1048
 4409     987  2074  3455  1048
 4410    1072  1107  1162  1048
 4411     881   902   861  4600
 4412    2011  2024  4816  5122
 4413    1869  2724  3797  2378
 4414    1160  1047  1099  4721
 4415    1129  1162  1107  1951
 4416    2074  3455  1048  1951
 4417    3354  4295  4494  5155
 4418    2971  3529  2992  5168
 4419    1107  1162  1048  1951
 4420    1048  1129  1951  3455
 4421    1474  1042  3378  3397
 4422    1907  2074  1048  1951
 4423    1162  1907  1048  1951
 4424    4166  4145  4357  4434
 4425    3561  1040  4442  4772
 4426    1568  1576  4172  5134
 4427    3480  1024  1819  1199
 4428    1718  1707   201  1662
 4429    2107  1975  2148  4391
 4430    1662  1240  1707  1626
 4431    4216  4171  4253  5163
 4432    2502  2378  1869  3797
 4433    1024  3475  3476  1819
 4434    3141  3987  4455  4961
 4435    1649  4592  4976  5265
 4436    4273  5184  5251  5270
 4437    1790  1771  1770  4861
 4438    1611  1915  1273  1916
 4439     344   845   844  4602
 4440      11  4694  4782  3727
 4441    1814  1813  1830  4719
 4442      18  2034  2053  1547
 4443     112  1599   137  3811
 4444    1896  1778  1705  1222
 4445    4396  2554  4416  4551
 4446     858  3840   803  5006
 4447    2530  1054  4383  5273
 4448    3494  3697  4246  5017
 4449    4119  4062  4299  5263
 4450    1992  1162  1247  1265
 4451    1778  1705  1222  1853
 4452    4228  4524  5010  5275
 4453     321   307  4746  4788
 4454    3239  3180  3212  4702
 4455      75    90  3183  4951
 4456    4733  4983  5110  5247
 4457    3908   523  4812  5367
 4458    1055  1099  4373  1083
 4459    4364  4374  4766  4921
 4460    1107  1162  1197  1198
 4461     239  1107  1197  1198
 4462    1383  1344  1387  4670
 4463    1956  2584  4462  4731
 4464    3900  2951  5064  5116
 4465    1637  4304  4208  5182
 4466    4454   861  4586  4600
 4467    4089  2771  4553  5185
 4468    1066  1102  1057  4665
 4469    1999  1947  1290  4765
 4470    1819  3989  1991  5016
 4471    5069  1422  5343  5368
 4472    2721  1925  4868  5233
 4473    3291  1249  3202  4974
 4474    1024  3480  1819  3476
 4475    4806   748   786  5326
 4476    3560  3681  2901  5359
 4477    4328  4746  4901  5371
 4478    2357  1204  2356  5352
 4479     990  1014  4363  5333
 4480    4482  4318  5104  5369
 4481     617   597  5104  5369
 4482    3470  3476  1819  1080
 4483    1740  1543  1762  5200
 4484    4211  4163  4893  5223
 4485    4172  4709  5028  5349
 4486    1639  1612  1578  5391
 4487    4434  1841  4747  5087
 4488    1662  1255  1273  1853
 4489    1983  1941  1982  4688
 4490    1842  5076  2072  1716
 4491    3737  4153  4786  4969
 4492     632   620  4843  5356
 4493    3619  2093  1935  5047
 4494    1261  1250  3568  5093
 4495    2473  2474  2454  5177
 4496    2893  4100  4370  5189
 4497     162   161  4993  5098
 4498    3137  3126  4998  5162
 4499    2129  2387  2398  4720
 4500      81    92   125  5082
 4501     169   151   157  5272
 4502    1705   239  1247  1907
 4503    2414  3898  4222  5257
 4504     776    53   540  5266
 4505     609   836   772  4512
 4506    4307  1288  4974  5247
 4507    2014    18  2070  5077
 4508    1938  2647  2662  5192
 4509    2014  2034    18  5077
 4510    4155  4250  4582  4670
 4511    3634  3918  4583  3881
 4512    4432  4365  4452  4896
 4513    1751  2038  2072  1796
 4514    2943  2931  2930  5038
 4515      81  1528    80  5082
 4516    1876  1706  1493  5135
 4517    1670  1694  1660  4294
 4518     174   206  1659  5117
 4519     954   955   946  4605
 4520     597   598  5104  5369
 4521    3143  3080  4440  4734
 4522    4537  4717  4980  5190
 4523    4784  4449  4904  5018
 4524    1915  1977  1906  1835
 4525     606  4530  4834  5093
 4526    4504  4189  5017  5217
 4527    1752  1693  1724  1930
 4528    4674  4469  4869  5054
 4529    2964  4802  4841  4874
 4530    1284  1992  1916  1255
 4531    4450  4320  4750  5201
 4532    1767  2951  4711  5223
 4533    1330  1309  4818  4986
 4534    1409  3929  4530  4834
 4535    1906  2072  1835  1630
 4536    2661  3460  4282  5024
 4537    2056  2110  1395  4691
 4538    1060  3521  1439  4822
 4539    1977  1611  1334  1284
 4540    1915  1611  1273  1854
 4541    1630  1906  1611  1334
 4542     251  4668  4809  5255
 4543    1132  2073  4763  1384
 4544    1247  1082  1222  1232
 4545    1906  1915  1835  1885
 4546    1842  1906  1835  1885
 4547    4734  3077  4963  5263
 4548    3229  3211  3237  4960
 4549    1662  1295  1255  1239
 4550    1761  1533  1532  4135
 4551    2937  2936  2998  5374
 4552    1977  1915  1906  1611
 4553    2651  2652  4004  4866
 4554    1862   591  4233  5053
 4555    1977  1611  1284  1295
 4556    1183  1194  4562  4905
 4557    1992  1915  1977  1916
 4558    1820  1718   201  1662
 4559    1662  1853  1273  1820
 4560    1585   145  5129  5277
 4561    1222  1778  1853  1255
 4562    2991  3529  4141  4930
 4563    1906  1977  1611  1334
 4564    1977  1915  1611  1916
 4565    1238  1778  1222  1255
 4566    1854  1915  1845  1916
 4567    1916  1284  1255  1295
 4568    1915  1855  1854  1845
 4569    1662  1255  1853  1239
 4570    3889  2379  4397  4885
 4571     400  3599   411  5133
 4572    1820  1273  1662  1845
 4573    1662  1273  1854  1845
 4574    2214  2245  1928  5279
 4575    4339  4348  4806  5106
 4576    1273  1611  1916  1295
 4577    4855  1547  2028  5077
 4578    1118  2070  1851  5077
 4579    2028  1547  4765  5077
 4580    4553  4089  5185  5308
 4581    4325  4490  4855  5077
 4582    4149  4325  4747  5077
 4583    3974  3993  4126  4617
 4584    3934  3972  3997  4617
 4585    2856  2855  4564  4616
 4586    2281  2142  4487  4672
 4587    1992  1162  1907  1247
 4588    4152  4435  4870  5008
 4589    1232  1210  1238  1222
 4590     821   878   896  5218
 4591    4202  4400  4455  4693
 4592    2208  1923  4550  4910
 4593    2854  1893  2840  4616
 4594    1977  1284  1916  1295
 4595    1611  1334  1284  1295
 4596    2727   583  2378   914
 4597    3011  3027  3028  5315
 4598     873  3403  2852  2724
 4599    3918  4015  4108  4583
 4600    1853  1916  1255  1295
 4601    2973  3758  2983  5374
 4602    1198  1272  1349  1265
 4603    2234  4468  4945  4946
 4604    1222  1265  1992  1247
 4605    2517  2531  4996  5191
 4606    2003  1980  4529  5362
 4607    3507  2621  4579  5377
 4608    1295  1662  1255  1273
 4609    1992  1977  1284  1916
 4610    1992  1284  1272  1255
 4611    1992  1272  1222  1255
 4612    1820  1273  1845  1853
 4613    1845  1273  1916  1853
 4614    4354  4831  4973  5127
 4615     622    26  1397  1372
 4616    4252  4577  5214  5282
 4617     853   660  4783   822
 4618    4823  4500  5303  5402
 4619    2368  2269  2868  5360
 4620    1057  1017  3734  4665
 4621     744   830   757  4218
 4622    1273  1853  1255  1295
 4623    1240  1778  1238  1239
 4624    1778  1853  1255  1239
 4625    1778  1820  1853  1239
 4626    1778  1718  1820  1239
 4627    1820  1718  1662  1239
 4628    1240  1718  1626  1719
 4629    1240  1718  1778  1239
 4630    1240  1662  1707  1239
 4631    1099  4373  4721   961
 4632    1718  1707  1662  1239
 4633    1240  1707  1626  1718
 4634    1907  1162   239  1247
 4635    1992  1705  1222  1247
 4636    1705  1992  1907  1247
 4637    2825  2856  4238  4616
 4638    4449  4784  4971  5018
 4639    1107  1247   239  1162
 4640    1107  1162  1198  1265
 4641    1198  1247  1107  1265
 4642    1039  3561  4442  5346
 4643     278  4505  4326  4437
 4644    3271  3235  4555  4724
 4645      78  3736  4034  4912
 4646    4326   168  4748  5107
 4647    2781  2794  2809  5237
 4648    2365  2393  4973  2372
 4649    3077  3094  3078  4963
 4650     647   617  5334  5369
 4651    2072  2038  1350  1542
 4652    1890  2156  4796  5140
 4653    3298  4180  4544  4846
 4654    2317  2300  2223  3614
 4655    2221  1136  4798  5097
 4656    4474  4213  4651  4910
 4657    4420  4320  4549  5218
 4658    2598  3233  4518  5020
 4659    3794  2988  4526  4617
 4660    2825  2840  2856  4616
 4661    4189  4504  4594  5171
 4662    1724  1752  1930   547
 4663     585   586   569  5062
 4664    2353  2234  2241  5092
 4665    1029  1028  1041  4863
 4666    4306  4449  4830  5180
 4667    4384  4219  4409  4898
 4668    4166  4286  4596  4704
 4669    1118  4747  5077  5247
 4670    4942   913   895  4176
 4671    2886  2877  4831  5127
 4672     329   352   353  4949
 4673    4290  4173  4467  4931
 4674    1796  2061  1542  1724
 4675     481   513   471  4444
 4676    2383  2711  4624  4844
 4677    4381  4475  4709  5298
 4678    4492   920  4906  5021
 4679    1953  2038  2061  1796
 4680     631   892  4942  5201
 4681     818  5126  5288  5330
 4682    2546  2529  4718  5306
 4683    1953  2038  1796  1542
 4684    2070  2085  4490  5077
 4685    4147  4277  4464  4695
 4686    4273  4220  4383  4777
 4687    4277  4147  4285  4695
 4688    2297  2352  4785  5289
 4689    4270  4138  4487  5241
 4690    4312  3720  4507  5122
 4691    1015  1005  3490  4863
 4692    3015  3037  3095  4386
 4693     461   448  1333  5003
 4694    3126  3114  3137  4998
 4695    1392  1451  4804  4923
 4696    4221  4447  4597  4787
 4697    4132  4621  4756  5112
 4698    2405  2377  4504  4730
 4699     327  1360  4736   349
 4700    3121  4440  4963  5267
 4701    2436  2494  2535  4546
 4702     472   379   336  5364
 4703    1683  1564  4208  5150
 4704    3518  1903  5050  5053
 4705    4248  4539  5128  5238
 4706    4505  3820  4652  5242
 4707    4184  2501  4531  4551
 4708    3134  3196  5267  3142
 4709    4171  4287  4689  5163
 4710    4502    41  5137  5303
 4711    4542  2492  2516  2491
 4712    1792  1817  4971  5205
 4713    3898  4237  5171  4618
 4714    4440  4271  4650  5263
 4715    3173  3150  3733  4922
 4716    3883  3161  3901  4800
 4717    3003  2989  4591  4884
 4718    1758  4242  4720  4852
 4719     163   176  3695  4799
 4720    4918  4655  5037  5086
 4721    2011  2010  5122  3146
 4722     319  4746   320   306
 4723    2109  1488  1322  4945
 4724     228  2076  1126  4827
 4725     961  1022  4373    22
 4726    1644  1521  1647  5011
 4727    1066  1145  1102  5090
 4728    4853  4280  4894  5192
 4729    4173  4290  4311  4931
 4730     722   749  4848  5379
 4731    1602  1603  1596  4797
 4732    3746  1946  1945  5361
 4733    1967  1966  1993  4584
 4734    4456  3398  3347  3358
 4735    4803  4904  5180  5403
 4736    1157  1326  1285  5093
 4737    3979  4023  3239  4727
 4738    4177  4548  4650  5035
 4739    3256  3216  3760  4476
 4740    1656  1080  1883  1836
 4741    3227  3207  4832  4925
 4742    1898  2837  4589  2602
 4743    2870  2880  4007  4541
 4744    3026  3011  4588  5315
 4745    3192  3607  4355  5264
 4746    2415  4261  4854  5393
 4747    1119  1158  4057  4822
 4748    5117  4471  5236  5401
 4749     140   698  3497  4687
 4750    4245   188   325  3816
 4751    2486  2656  2630   950
 4752    4860   862  5106  5339
 4753    2560  1045  4839  5346
 4754     464  1221  4056  4644
 4755    4520  4161  5138  5253
 4756     113   108   128  4378
 4757    4166  4307  4343  4434
 4758    3690  4521  4649  5324
 4759    4303  4520  5011  5301
 4760    3238  3283  3719  5390
 4761    3411  3480  4911   999
 4762    2499  4203  4416  5223
 4763    1942  1941  4688  4953
 4764    3394  2406  4432  4452
 4765     414  3828   402  5276
 4766    4147  4154  4232  4269
 4767    3426   778  3454  4664
 4768    4409  1920  4529  4584
 4769    2816  3404  4190  4604
 4770    2950  4211  4375  5119
 4771    1881  1861  2654  4554
 4772     198  2134  4614  4892
 4773    4216  4460  4481  5163
 4774    3418  3408  4451  4891
 4775    4147  4154  4212  4232
 4776    2215  1860  1965  4651
 4777    1236     7  4263  5111
 4778     266   292    13  4666
 4779    1061  1050  2292  4760
 4780    4214  1525  1740  1534
 4781    4434  1827  5087  5283
 4782    2489  1015  4643  5281
 4783    2470  2480  4593  5251
 4784    4322  4265  4377  4517
 4785     162   205  5117  5370
 4786     894  1075  5083  1182
 4787    1590  4539    94  4428
 4788     335   182  4929   247
 4789    1043  1020  1049  4468
 4790    4181  4140  4198  4387
 4791    3001  2985  3000  4457
 4792    1256  1215  4670  3510
 4793     725   561  3879  4493
 4794     947  2878   937  5354
 4795    2996  3530  2935  5015
 4796    1124   894  4562  4648
 4797     327   349    10   451
 4798    2569  2579  2596  5261
 4799    4340  4467  4770  5374
 4800    3059  3688  3024  5071
 4801      25    36  5294  5390
 4802    4315  4634  4915  5328
 4803    2911  1710  5116  1721
 4804     752  5126  5288  3710
 4805    2410  2422  4354  5127
 4806    3134  3196  3182  5267
 4807     915   933   612  4183
 4808    3964  4169  4248  4601
 4809    4357  4624  4731  4844
 4810    1792  1818  4971  1817
 4811      80  1528    44  5082
 4812      39   838  4527  5194
 4813    1524   327   349    10
 4814    4213  4182  4389  4769
 4815    4258  4266  4843  5222
 4816    4332  4326  4666  4716
 4817     477  4708   443  4781
 4818    2601  2276  5378  2277
 4819    4385  1185  4513  5322
 4820    3099  3098  3949  4908
 4821    3125  3124  4800  5292
 4822     316  4522  4959  5044
 4823    3124  3493  4800  4990
 4824     483   278   168  4437
 4825    2570  2396  2837  4731
 4826    3319  3237  3301  4724
 4827    3267  3227  3651  4925
 4828    1154  3735  1805  5114
 4829    4202  4533  5193  5263
 4830     583  2727  2576   820
 4831    4101  4054  4123  4574
 4832    3193  3154  4940  5290
 4833    3233  4518  5020  5121
 4834    1538  5300  5323  1570
 4835    1098   998   654  1074
 4836    3434  3449  4204  4451
 4837    4621    92  4784  5082
 4838    1348  1917  3944  1372
 4839    2040  2041  4529  5105
 4840    3551  3152  3127  4753
 4841    4380  1388  4633  5318
 4842    4218  4316  4317  4510
 4843    4530  4146  4611  4675
 4844    1852  2196  2188  4391
 4845    3622   336   379  5364
 4846    2027  2580  2775  4791
 4847     126  4621  4654  4993
 4848     735   837   403  4267
 4849     395  1697   393  4849
 4850    4489  4366  4704  5005
 4851    4139  4237  4290  5152
 4852    3019  3005  4163  5305
 4853     159   933   539  5010
 4854    4281  4320  4420  5218
 4855     871   836   609  4512
 4856    3004  3015  3049  4386
 4857     418  4995  5229  5365
 4858    4207  4262  4287  4430
 4859    3563  3917  4063  5230
 4860     583  2576  2378  2724
 4861    2169  2283  3590  4705
 4862    2493  3515  5177  5363
 4863     429   455   444  4676
 4864    2088  1187  4835  5313
 4865    2287  1008  1101  4828
 4866    2602  2837  4589  4731
 4867     398   409  3988  5086
 4868    1684  1663  1650  4725
 4869    2091  1752   547  2052
 4870    4394  4236  4639  4878
 4871    4345  3993  4617  4627
 4872    4135  4852  5066  5292
 4873     262  1553   276  4725
 4874    2415  2635  2657  5393
 4875    3283  3240  3719  5390
 4876    1363  1333  1391  4754
 4877    2108  2215  4213  4651
 4878     589   637    89  4374
 4879    4195  2036  4321  5061
 4880    3986  1088  4576  4759
 4881    1990  2071  1733  2030
 4882    1553  1684   317  4725
 4883    4559  4443  4776  4978
 4884     958  2187  2138  4581
 4885    4057  1158  4489  4939
 4886     583   611   873  2628
 4887    2112  4259  4302  4523
 4888    4514  2627  4987  5261
 4889     121   678  3497  5334
 4890    4215  4323  4669  4671
 4891    2275  2209  2177  4811
 4892    2614  2597  4966  5261
 4893     266    74  4882  1365
 4894    4168  1920  4409  4584
 4895    1604  1812  1818  4756
 4896    1019  1047  1160  1190
 4897    3152  4187  4753  5290
 4898     641   532  4596  5073
 4899     307   321   263  4788
 4900    4310  4345  4390  4591
 4901     281   329  5067  5310
 4902    4883  5115  5288  5330
 4903    1274  4303  5186  5384
 4904    3351  3321   563  3757
 4905     160  2160  4662  4867
 4906    4219  4409  4898  5362
 4907    3280  3298  3252  4925
 4908    2178  2232  4206  4779
 4909     700   731  4470  4856
 4910    3382  3053  4599  4707
 4911    4598  4806  5326  5379
 4912    1529  1504  1519  4697
 4913    3225  3203  4803  4967
 4914    1693  1724    12  4782
 4915    2413  2394  4886  5359
 4916     228  4487  4722  4827
 4917    4359  4528  4556  5266
 4918    4756  4441  5163  5199
 4919      23   741   740   771
 4920    1319   325   326  1320
 4921    4076  5387  5398  5400
 4922    4231  4259  4525  4751
 4923    1582  1359  1421  4195
 4924    4388  4606  4886  5381
 4925    1527   440  4304  4415
 4926    1764  1777  5012  5366
 4927     556  2765  2174  4550
 4928    4771  4985  5112  5153
 4929    2816  2740  2831  5358
 4930    4505  4228  4524  4681
 4931    1180  1191  4285  4776
 4932    2584  2407   555  4462
 4933    4643  4419  5259  5281
 4934    3530  2935  4173  4290
 4935    3230  3211  4960  5188
 4936    2462  3841  4020  4082
 4937    1470  1495  4969  1494
 4938     733   772   836  4512
 4939    4232  4212  4236  4240
 4940    2895  2910  4831  4907
 4941    4087  4086  4400  5220
 4942    1867  2060  1260  2001
 4943     125   126  4621  4654
 4944    4331  3728  4336  5009
 4945    1908   715  3927  3957
 4946     280  1376  4631  5178
 4947    4588  4693  4900  5019
 4948    4767  4223  4785  5175
 4949    1671    10  4239  1537
 4950    2560  4839  5130  5346
 4951    4211  4375  5119  5227
 4952    1621  4196  4201  4491
 4953    2690  2749  5156  2719
 4954    4655  4387  4690  5007
 4955    4348   785  4685  4806
 4956    1801  1802  1789  4711
 4957     614   828   778  4664
 4958    1744  1728  3995  5189
 4959    1990  2071  2030  2092
 4960    3033  3824  4075  4360
 4961    1535  1647  1522  5011
 4962     325   326  1320  1314
 4963    1487  2379   580  5050
 4964    4330  4160  4754  5253
 4965    4984  4690  5032  5375
 4966    1671  1320  1582  1772
 4967    4047  4023  4476  5170
 4968    4136  4823  4870  5125
 4969      92   124  4784  5082
 4970    4832  4958  4967  5278
 4971    1586   398   399  5007
 4972    2745  2039  2055  4827
 4973    3441   798  1098  4604
 4974    1765  1526  4956  5012
 4975    3704  3776  4292  5083
 4976    3260  3555  3451  4911
 4977    1629  4723  4778  5002
 4978    2350  2306  2338  5103
 4979    3125  3913  4135  4459
 4980      81    80    92  5082
 4981    5143    36  5187  5385
 4982    5013  4151  5094  5302
 4983     274   303  4473  5149
 4984    3306  3361  3998  4317
 4985    2069  2008  2048  2047
 4986    4506  4606  4658  5340
 4987    3943  3932  4098  5045
 4988    3787  3891  2442  4930
 4989    1453  3113  3493  4990
 4990    4295  2847  4762  5155
 4991    4177  4364  4650  5389
 4992    1451  1392  1450  4923
 4993    4445  5085  5138  5253
 4994    4660  1443  5353  5252
 4995    4370  5064  5189  5271
 4996    3279  4480  4875  5150
 4997    4457  2987  4874  4900
 4998    3266  3298  4846  4925
 4999    4000  3978  4846  4858
 5000     189  1666   203  4379
 5001    1006  1016  1029  4863
 5002    2898  2925  2906  5217
 5003    4390  4310  4884  4970
 5004    4344  4184  4511  4780
 5005    1935  1978  3767  4782
 5006    4574  4054  4802  4909
 5007    4370  4246  5064  5271
 5008    3487  1256  4516  5178
 5009    4312  4205  4513  4816
 5010     534   531   540  5266
 5011    2427  2443  2465  4930
 5012    2550  2509  2521  4546
 5013     484  1179   862  4860
 5014     433   419  5186  5384
 5015    3063  3110  3095  4673
 5016    1448  1426  1405  4552
 5017    1079  4446  4954  1087
 5018    4475  4381  5074  5298
 5019    1754  1779  3697  4246
 5020    1308  1692  4855  5357
 5021    2521  2509  2494  4546
 5022    4151  4371  4518  4932
 5023    1601  1602  4368  4700
 5024    2380  3615  3017  5113
 5025    3215  3197  3196  4715
 5026    3672  3559  4106  4595
 5027    1306  1905  1044  1827
 5028    2142  2209  2281  4487
 5029    3750  2267  4395  5030
 5030     537    76  4326  4716
 5031     547  2091  1867  2060
 5032    4650  4271  4773  5267
 5033    1215  1318  4670  4981
 5034    4060  3778  4415  4942
 5035    3480  1819  1080  4571
 5036     972  4313  4679  5333
 5037    1935  4694  4782  5047
 5038     499  3187  4592  5265
 5039    2567  2542  2551  5307
 5040    1477  3149  3161  3883
 5041     448   420  1292  5003
 5042    4212  4220  4236  4240
 5043    1319  4239    10   451
 5044    4178  4212  4232  4240
 5045    3563  3237  4724  5176
 5046    1898  2682  4842  1711
 5047    2314  2956  2957  3700
 5048    1816  1815  1825  4895
 5049     500  3922   486  5386
 5050    4735  4398  4769  4745
 5051     399   398  3988  5007
 5052    4538  4266  4843  5356
 5053    2972  2926  2913  4711
 5054    3005  2992  4163  5305
 5055    1109  2070  2085  4490
 5056      79    30   581  3736
 5057    4221  4352  4484  4795
 5058     295  1190  4657  4721
 5059    4442  1015  4643  4863
 5060    2452  2469  5184  5270
 5061    3805  1461  4083  4800
 5062    1942  3363  4291  4851
 5063     556  2161  4651  4881
 5064    2728  1138  1165  5210
 5065    1659  1621  4201  5401
 5066     566  4031   572  5100
 5067    1412   269   771  3952
 5068     311   348   570  4860
 5069    3014  4230  4591  5040
 5070    3028  3027  4115  5315
 5071     503   504  5001  5039
 5072     112    70  3546  4378
 5073    1770  1771  4852  4861
 5074    4927  4413  4996  5380
 5075    4661  4314  4845  5385
 5076     764  4179  5006  5034
 5077    1540  1661  4176  1664
 5078     628   779   878  4369
 5079    4337  4150  4512  4590
 5080    4219  4272  4394  4433
 5081    4211  4163  4930  5305
 5082    3078  3080  3079  4734
 5083    3077  4299  4963  5263
 5084    2804  4553  4632  5308
 5085    1260  1867  2001  1546
 5086    2268  1779  4246  1789
 5087    4276  4324  4670  5111
 5088     631   913  4942   690
 5089    1782  2050  4325  5077
 5090    4206  2271  4557  4910
 5091    2663  2612  4536  4987
 5092    2841  2827  3585  5224
 5093    1335   558   170  4502
 5094    3331  3582  4494  5183
 5095    3378  2431  1472  4969
 5096    3316  3298  3280  4544
 5097    1706  1875  4761  4817
 5098    4214  4583  4686  4908
 5099    1661   156   390  4415
 5100    1397    26  1412  1395
 5101    2489  4643  5259  5281
 5102    1754  3697  3494  5017
 5103    3783   346  4084  4722
 5104    3779  3612  4097  4123
 5105    3394  3353  4295  4432
 5106    2576   583  2852  2724
 5107    2281  4672  4811  5160
 5108    3312  3331  4494  5183
 5109    2674  2687  4425  5048
 5110    4266   632  4843  5356
 5111     287  1308  4855     2
 5112     220   219   235  5371
 5113    2133  4550  4651  4910
 5114      30   581  3736  5314
 5115    1943  1927  4851  3638
 5116    4429  4217  5040  5396
 5117     749  3906   806  4848
 5118    2991  2957  3018  4141
 5119      83    95    96  4539
 5120    2254  2191  4924  4937
 5121    3456   841  2712  3399
 5122    1045  3741  3561  5346
 5123     387   398  5007  5086
 5124    4288  4489  4939  4980
 5125     179  1023  4288  5283
 5126    3946  4566  3924  3299
 5127    4189  4300  4876  5079
 5128    2535  2457  2436  4603
 5129    3463   226  1012  4157
 5130    4756  4621  4971  5112
 5131    1017  1102  4582  4665
 5132    4660   194  4774  5208
 5133    2695  2727  2502   914
 5134    4467  4340  4506  5331
 5135    1253  4525  2182  5303
 5136    4598   687  4766  5379
 5137      24   542   291  4181
 5138    4674  3770  4824  5054
 5139    1846  1875  5135  1574
 5140    3090  3089  3520  4961
 5141    2739  1875  4509   507
 5142    3103  3118  3130  5009
 5143    2132  4651  4881  5321
 5144    2405  4504  4541  4730
 5145    4666  4332  5002  5138
 5146     841   873  2712   718
 5147    2139  2756  4266  4341
 5148    3995  1720  3751  1727
 5149    1319  4239   451   202
 5150    3498  1911  4488  5268
 5151    1944  1984  1974  4968
 5152    4259  4791  4997  5136
 5153    2429  2695  1847   726
 5154    2979  3004   939  4884
 5155    1875  1846  5135  1876
 5156     217  1443    42  5252
 5157     928   672  5008  5115
 5158    4622  1901  4975  5192
 5159     950  1169  2486  1093
 5160    2144   950   962  2140
 5161    2150  2144  2130  2140
 5162    4491  4196  4637  5070
 5163    4709  4475  4992  5298
 5164    2822  2317  4899  5072
 5165    3395  1470  1471  4969
 5166     124  1583  4621  4784
 5167    4067  4115  4407  5315
 5168    2749  2748  4955  2719
 5169    2489  2488  2513  5281
 5170    1650  1579  4483  4725
 5171    4472  4319  4486  4526
 5172    1132  1384  4763  4980
 5173     644   887  4258  4889
 5174     120   113   128  4825
 5175      41  2358  5303  3621
 5176    1286  4611  4669  5306
 5177     841  3456  2712  3428
 5178     611  3466   841  3428
 5179    3457   903   924   616
 5180    3238  4727  4845  5390
 5181     736   723   615   727
 5182    4281  4420  4435  4647
 5183     821   677   878  5218
 5184     185  1856   855  1315
 5185    2645  1919  2593  4919
 5186    4208  4166  4308  4510
 5187     771   596  4691   584
 5188    1315  1856  1347  1348
 5189    2105  1347  3708  2102
 5190    4166  4208  4480  4510
 5191    3650  4028  3499  5023
 5192    4227  4145  4357  4435
 5193    1244  1886  1652  4134
 5194    4838   647  5295  5369
 5195    4091  5219  5347  5395
 5196      26  1397  1917  1395
 5197    1837  2695   855  1847
 5198    2622  2637  2638  5377
 5199    1856   185   855  1847
 5200    1490  1507  4990  1489
 5201    1837   855   185  1847
 5202    1337  1431  4629  5320
 5203    2082  1261  1250  3568
 5204     694   818   865  5330
 5205    4345  4472  4486  4526
 5206    3715  3807  4902  4943
 5207    4381  4642  5074  5124
 5208    4904  4449  4971  5018
 5209    5184   948   957  4831
 5210     995  1169  1010  3442
 5211     337    26   269  1412
 5212    3115  4908  3097  4998
 5213    3100  3086  4780  5348
 5214     622  1372  1386   608
 5215    4134  2740  4190  5025
 5216    4409  1971  4529  4667
 5217    1208  1313  1228   296
 5218    1666   214  4677  3664
 5219    1277  1218  1345  5342
 5220    2429  2727   914   820
 5221    2727   583   914   820
 5222    1315  1856   754  1347
 5223    3181  3213  3777  4701
 5224    2576  2429  2110   820
 5225    3009  3032  3824  4360
 5226    2149  2774  2755  4235
 5227    4790  4878  4933  5321
 5228    2727  2429  2576   820
 5229     855  1856  1847   726
 5230     630   673  4644  4873
 5231    2967  2968  4627  4884
 5232    2034  2053  1547  2028
 5233    4863  1003  4913  5270
 5234    2900  2914  4610  5171
 5235    1397  1372  1917  1395
 5236    2793  2821  4570  4920
 5237    3756  4578  4783  5195
 5238     379   524   536  5364
 5239    1372   240  1386   608
 5240    2471  4543  4593  5380
 5241    1670  1675  4294  5401
 5242    2381  2422  4831  5184
 5243    2899  2888  2906  4730
 5244    2376  2404  4618  5360
 5245    4615  1953  4694  5076
 5246     754  1347  1348   240
 5247    2607  2566  2565  4864
 5248    1460  1490  3743  4990
 5249    4585  4323  4850  5093
 5250    1397    26   337  1412
 5251    1856  1847   726  1917
 5252    4469  2404  4869  5360
 5253    1333   448  1292  5003
 5254     867  1837  2695  3605
 5255    4377  4322  4960  5286
 5256    1397   622  1372  1386
 5257    1125  3626  1112  5312
 5258    2546  1874  1682  5306
 5259    1908  2111   755   715
 5260    3596  3048  3013  4230
 5261    4802  4457  4872  4874
 5262     805   806  5106   849
 5263    4288  1298  4307  4434
 5264    3237  3563  4063  5176
 5265    3675  3348  5148  5351
 5266    1348   240  1372   608
 5267    4754   315  1391   761
 5268    3873  4570  5072  5237
 5269    2662  1901  4131  4622
 5270    1251  1213   424  5376
 5271      26   622  1397   337
 5272    1397   622  1386   337
 5273     622   726    26  1917
 5274    1234  1410  1310  5291
 5275    1174  1189  1123  4742
 5276    4514  4221  4352  4948
 5277     317  4274   305  4725
 5278    4354  2422  4593  5184
 5279    5236  4471  5392  5401
 5280    4442  4419  4643  5281
 5281    1451    19  4923  1450
 5282    1847  2110   726  1917
 5283    4401  4387  4568  4723
 5284    2429  2727  2695   914
 5285    4075  3033  4360  5350
 5286     992  2489  5259  5281
 5287    4579  2621  5043  5377
 5288    5096  4629  5291  5320
 5289    4717  4385  4822  5190
 5290    2547  2587  2622  5377
 5291    1986  4365  4896  5122
 5292      26  1397  1372  1917
 5293    2893  2924  2898  5217
 5294    1112  3869   967  4763
 5295    4246  3900  5064  5271
 5296    2622  2623  4777  5377
 5297    1305  3186    45  4875
 5298     337   269  1441  1412
 5299    1397   337  1441  1412
 5300      80   124    92  5082
 5301     571  1467    20  5100
 5302    3807  4868  4902  4943
 5303    2035  2087  2015  4983
 5304    3144  3143  3966  4773
 5305    2623  2639  4777  5377
 5306    2547  2622  4777  5377
 5307    5069  4749  5161  5368
 5308    2396  2670  2796  4743
 5309    5025  5096  5291  5320
 5310    3766  3627  4067  4407
 5311    4165   435  4351  5003
 5312    4220  4446  4576  4579
 5313    1431  1243  1337  4629
 5314    1684  4483  4274  1650
 5315    4162  4404  4904  5018
 5316    4473  4668  4728  4809
 5317    4614  5081  5140  5228
 5318     255   306  4746  4901
 5319    4202  4299  4400  5263
 5320    2962  2974  4457  4874
 5321    4003  3499  4114  5023
 5322    3499  4028  4114  5023
 5323    4485   992  5259  5281
 5324     269  1441  1412   771
 5325    2611  2648  2612  4853
 5326    2952  2965  2942  4841
 5327    1440  1442   350   596
 5328    3127  3152  4187  4753
 5329     269   741  1441   771
 5330     873   611  2712  2628
 5331    4335  4315  4915  5328
 5332    4219  4620  4672  4692
 5333    1920  1970  1954  4529
 5334    1442  1440   350   248
 5335     655   644   719  4258
 5336    4851  1927  4507  3638
 5337    4407  4588  5145  5315
 5338     254  3747   255  5371
 5339     388  3875  5133  1646
 5340    2735  3759  4089  5308
 5341     489   535  5309  3953
 5342    2879  2334  2869  3751
 5343     549   350     1   248
 5344     350   549     1   415
 5345     596  3895  3878  4761
 5346    2634  2126  4499  4523
 5347     573  3625  4070  5304
 5348    1818  1596  1603  5205
 5349    2310  2149   211  4779
 5350    1223   545  4612  1279
 5351     617  5104  5334  5369
 5352      23   415   350   740
 5353    3340  3146  1986  4896
 5354    2602  2599  2837  4731
 5355    4474  4561  5172  5212
 5356    3877  3899   670  5085
 5357    3262  3643  4404  4944
 5358    4335  4298  5036  5328
 5359    1442   350   596   740
 5360     350   415   596   740
 5361     687   667  4766  5379
 5362    2277  2601  4462  5058
 5363    1740  1762  1775  5200
 5364    2429  2695   726   914
 5365    3403  2712   718  3432
 5366     330   364   316  5044
 5367    2686  2639  4142  4777
 5368    4335  4164  4381  4888
 5369     512   526    54  5039
 5370     364   385   366  5044
 5371    3482   734   843  3473
 5372    5122  1998  3492  4968
 5373    2152  2831  4392  4867
 5374     741    23  1441   771
 5375    4852  5066  4861  4135
 5376    4529  4409  5105  5362
 5377     895   631  4942  5201
 5378    1028  1052  1041  4954
 5379    3100  4780  4962  5036
 5380     251   227  3839  4473
 5381    2739  2576  2110   820
 5382    4482  4702  4727  5143
 5383     753   879   792   734
 5384    2727   583  2576  2378
 5385    3429   718  3454  3432
 5386    1278  1336  5218  5342
 5387     873   611   841  2712
 5388    4153  1530  4169  4225
 5389    4215  4254  4671  5306
 5390    4420  1278  5218  5342
 5391    2679  2652  4371  5049
 5392    1596  1818  1817  5205
 5393    1036  1025  4226  5333
 5394    4665  1234  1243  4629
 5395    4369  4308  4906  5021
 5396    1147  1182  4905  5083
 5397     231   242   232  4959
 5398    2401  2968   940  4884
 5399    3318  4153  4601  5041
 5400     615   753   879   884
 5401    2040  4529  2020  5105
 5402    3074  3073  3091  4961
 5403    3987  3131  4455  4961
 5404     855   185   755   715
 5405    2356  2319  4926  5352
 5406    2237  2846  4091  5347
 5407    4989   993  5184  5270
 5408     168   323  1280  4699
 5409     144   126  4654  4993
 5410    2575  2551  2541  5307
 5411    1064  4383  4759  5043
 5412    2804  2751  4089  5308
 5413    2135  2348  2286  4395
 5414    3426   753     5  3454
 5415    3401  3466   841   671
 5416     465  4855     2   134
 5417     734   753   778  3454
 5418    4151  3332  4494  3293
 5419      49  4752  5238  5345
 5420    4237  4139  4290  4448
 5421     671   674   989  3406
 5422     405   911   495  4186
 5423     591  1862  4233  4564
 5424    3454   856  4664  3429
 5425    4066  3918  4108  4583
 5426     826  3503   290  4916
 5427    4238  4219  4898  5362
 5428    4387  4401  4520  4723
 5429     873  3403   828  2852
 5430     177   154  5144  5316
 5431    1111  1878  4609  4937
 5432    1469  1510  4786  5231
 5433    2894  3681  3560  4936
 5434    4697  1494  4786  4969
 5435    2204  2301  2122  4751
 5436    4169  4248  4623  5128
 5437     757  4218  4316  4317
 5438     873  3403  2712   718
 5439      67    84    68  4706
 5440    1410  1344  5291  1234
 5441    3703  3935  3806  4821
 5442    2767  2799  4238  5362
 5443    1197  1162  3982  4615
 5444    4796  4614  5140  5240
 5445    3466   611   841   671
 5446     465   134  1225  5207
 5447    2621  1064  4759  5043
 5448     231   272   242  4959
 5449     734  3482  3454  3432
 5450    2934  2924  3900  4246
 5451    4383  3808  4927  5043
 5452    1411   391   247  4929
 5453    4079  1880  5244  5257
 5454    1920  4168  4409  4667
 5455    3271  3235  4724  4960
 5456    2188  1975  1852  4391
 5457    3385  3147  4480  4510
 5458    4428  4248  4458  4539
 5459    2938  2939  4872  4874
 5460    4241  4738  4897  5265
 5461    1374  1094  3533  5016
 5462    2349  2113  2196  5321
 5463     778   753  3426  3454
 5464     718   778  3429  3454
 5465    1917  2110  3558  3952
 5466    4198  4140  4231  4439
 5467     867  2502   914  3605
 5468     848   834  3791  4348
 5469    1776  1784  4904  5249
 5470    4259  4231  4302  4795
 5471    2988  3794  4126  4617
 5472    4542  2491  4593  5380
 5473    2450  2430  2449  4485
 5474    4359   534  4528  5266
 5475    1740  4572  5200  5400
 5476    1152  1017  4250  4665
 5477    3008  2993  4893  5305
 5478    3403   873  2712  2628
 5479    3910  4035  3151  5398
 5480     917   792   753   884
 5481    4634  4184  5036  5328
 5482    1209  1435  4439  4607
 5483    4823  4152  4870  5125
 5484      80    79  4784  5314
 5485    1085  4683  4772  4978
 5486    4237  2535  4603  5165
 5487    4149  4490  4747  5247
 5488    4136  4227  4357  4870
 5489    3718  3057  4732  5146
 5490    3464  3444   856  1113
 5491    2257  1767  4246  4711
 5492    1078  1087  4772  5166
 5493    3763   294  4144  5194
 5494    1749  1715  1741  4805
 5495    4839  2539  5130  5311
 5496    1829  1810  1809  5197
 5497     393  1697  1687  4501
 5498    3181  3511  3155  4928
 5499    3484  3438  4266  4843
 5500    2981  2926  4792  5079
 5501     632  4266  4538  5356
 5502     737   200   722  4540
 5503    3593  3718  4075  5296
 5504    3454  3482  3473  3399
 5505    4027  4024  4118  4512
 5506     114    86   113  4825
 5507    3522  3627  4086  4680
 5508    4216  4184  4335  4460
 5509    3482   734     5   792
 5510    1409  1166  1034  4530
 5511    4538   614  4664  5262
 5512    2149  2284  3693  4779
 5513    3482   734  3399  3432
 5514    4370  4541  5017  5217
 5515    4634  3043  4915  5328
 5516    2004  2044  2079  4671
 5517     685   828  2632  2852
 5518     753   615   879   734
 5519    1294  4250  1387  4665
 5520    3063  3095  4217  4673
 5521    3482   734  3473  3399
 5522    4330  4160  4351  4754
 5523    4472  4167  4841  4909
 5524    2083  1328  2033  4513
 5525     435   436   414  5276
 5526    1960  1587  4564  4575
 5527    2431  3378  3357  4969
 5528     873   583  2628  2724
 5529     734   841  3473  3399
 5530    1243  1387  4665  1294
 5531    4472  4167  4495  4841
 5532     182  1449  1426  4952
 5533    1562  3926  4483  4819
 5534     585   586  5062  5091
 5535    1221   797  3592  4873
 5536    2095  1187  4589  4835
 5537    3736    58  4034  4912
 5538    4010  4399  4918  5285
 5539    4247  4171  4253  4352
 5540     611   841  2712  3428
 5541    4177  4364  4801  5004
 5542    2712  3456  3399  3432
 5543     753   734     5  3454
 5544    3347  3964  4456  5351
 5545    5323  5300  4644  1570
 5546    2679  2691  4447  4787
 5547    2138  2363   958  4581
 5548     544    76  4716  5107
 5549     665   626   648  4921
 5550    1898  2602  4589  4624
 5551    4143  4205  4312  4333
 5552     993  2468  2452  5270
 5553    3318  4172  4697  5041
 5554     734   718  3399  3432
 5555    1539  4501  4432  3248
 5556     112    85    70   108
 5557    2680  2679  3673  5209
 5558    2424  2423  2434  4606
 5559     778   718  3429  3432
 5560    3403   828  3477  3432
 5561     828  3403  2632  2852
 5562    3505  3714   738  4761
 5563    1432  1360  1374  4736
 5564    4393  4320  4490  4737
 5565     510  3887  4568  4859
 5566    1930  1693  1524  4626
 5567    2119  3553  1486  4620
 5568     718   734   778  3454
 5569    4394  4219  4433  4561
 5570    3501  3762  1166  4530
 5571    3403   828  2632  5262
 5572     753   879   884   792
 5573     792   917   753     5
 5574     734   753     5   792
 5575    2454  4354  4543  4606
 5576    2377  2405  2253  4730
 5577    2712   841   718  3399
 5578     718   841   734  3399
 5579    3399  3466   841  3401
 5580    1402  4244  4699  4748
 5581     843   792   734  3482
 5582     879   734   615   843
 5583     736   879   615   843
 5584    2678  2691  2652  4787
 5585      39  1299   103  5194
 5586    2379  3863  4397  4885
 5587    4179   184  4283  5034
 5588     723   736   615   843
 5589    3247  3339  4510  4738
 5590    4457  2974  4872  4874
 5591    3401   843   723  3473
 5592     734   841   615  3473
 5593     734   615   843  3473
 5594    3403   718   828  3432
 5595    4427  4476  5062  5091
 5596     841   723   615  3473
 5597     615   723   843  3473
 5598     718   734  3454  3432
 5599    3734  1152  4250  4665
 5600    3473   841  3401  3399
 5601    3473   723  3401   841
 5602     583   873   828  2852
 5603     685   583   828  2852
 5604    3039  3615  3029  5113
 5605    1334  1977  1284  5076
 5606    4166  4218  4308  4510
 5607     611  2712  2628  3428
 5608     685  2576   820  2852
 5609     583   685   820  2852
 5610    2576   583   820  2852
 5611    4732  4915  5296  5328
 5612    4244  4198  4666  4882
 5613    1396  4765  4840  5341
 5614    2366  2367  2866  4936
 5615     583   873  2852  2724
 5616    2039  2745  2795  4827
 5617    2708  2720  2751  5308
 5618    2489  1015   992  4643
 5619    3200  3435  3232  4891
 5620    3403   873  2628  2724
 5621    1781   550  3326  5055
 5622    1225   270  1362  5341
 5623      56    21    34  4956
 5624    1497  4592  5065  5101
 5625    2398  2970  3495  3882
 5626    1706  1875  4817  5135
 5627    4197  4371  4498  4514
 5628    4225  4248  4623  5041
 5629    1823  1831  1824  4966
 5630    1576  4172  4709  5284
 5631    1815  1832  5013  5121
 5632    4298  3116  4560  4935
 5633    3173  3149  4922  3733
 5634    4633  4251  4923  4952
 5635    3369  1561  1601  4768
 5636    4985  4971  5205  1792
 5637    4798  2162  4826  5097
 5638    4156  4386  4436  4673
 5639    4164  4187  4753  5215
 5640     340   369   341  4655
 5641    1934  1868  1736  1580
 5642    4145  4227  4357  4462
 5643    3681  2889  2901  5359
 5644    2411  2382  4658  5340
 5645    3414  3200  1933  4451
 5646     797   623   268   613
 5647    4719  4311  5131  5211
 5648    2612  2648  4536  4853
 5649    3820  4437  4524  5242
 5650    1757  1770  4852  4861
 5651     929  4578   744  4193
 5652    1003  4863  5132  5270
 5653    4345  4390  4627  4950
 5654    1652  1538  5300  1961
 5655    3842  3984  3815  4574
 5656    2188  2274  2265  4988
 5657     491   457   431  5086
 5658    2648  2663  2612  4536
 5659    1312  2075  1117  4675
 5660     751   516   772  4512
 5661    2873  4222  4618  5042
 5662    1648  3308  1673  4740
 5663     832   824   927  4582
 5664    2100  2186  4185  4389
 5665     861   902  3791  4586
 5666    3024  2984  3000  3026
 5667    3225  4803  4944  4967
 5668     769   199  4437  4524
 5669    1942  1983  1997  4688
 5670     143   135  1618  4654
 5671    4182  4140  4394  5138
 5672      95  1590  4458  4539
 5673     250  4423   275  4473
 5674    4695  4285  4703  5339
 5675    2679  2652  2691  4787
 5676     508   535  4556  5309
 5677     604   832   927  4582
 5678    4812   487  5309   488
 5679     826   802  3503  4916
 5680    3532  3618  2741  4190
 5681    4032  4070  4477  5304
 5682    4419  4485  5259  5281
 5683    4321  4204  4569  5225
 5684    4012  2976  4013  4030
 5685    2899  2906  4189  4504
 5686    2655  2255   949  4742
 5687    4259  4234  4302  4523
 5688     464  1221   673   797
 5689    4576  4220  4579  5043
 5690    3924  3317  4153  4786
 5691    2830  2192  4338  4957
 5692     203   189  4379  4677
 5693     700   730   731  4856
 5694     777  3867  4118  4512
 5695    2725   949  4305  4742
 5696      65  1555  4784  5018
 5697    1212  1275  1240  1211
 5698    4243  4221  4356  4795
 5699    4429  4734  4230  4217
 5700    2552  2685  4266  5222
 5701    4400  4202  4961  5220
 5702    3412  3477  3464  3438
 5703    4417  4334  4728  4809
 5704    1528    81  1557  4566
 5705    1344  1234  4629  5291
 5706    2690  2691  2678  4787
 5707    2786  3798  2769  4955
 5708    4237  4448  4546  5165
 5709     909   798  1155  4604
 5710    2242   839  3278  4740
 5711    2139  2738  2631  2756
 5712    2139  2738  4266  2631
 5713    3297  3333  3346  4587
 5714    1706   507  4058  4761
 5715    4265  4301  4347  5129
 5716    4259  2167  4565  5136
 5717    4250  1017  4582  4665
 5718    2046  2067  2068  4323
 5719    1493  1580  5135   498
 5720    3169  3784   589  4650
 5721    2627  2614  2596  5261
 5722    2047  2068  2069  4323
 5723    4618  2873  5042  5360
 5724    4142  2790  4264  4713
 5725    2829  2776  5075  2832
 5726    3704  3776  1175  4292
 5727    2008  4205  4323  4850
 5728    3594  2893  4370  5189
 5729    4775  4275  5219  5395
 5730    1149  1121  1120  5166
 5731     191  1660  1694  4294
 5732    1873  1858  1879  4894
 5733    4513  2069  1327  4850
 5734    4137  4464  4946  5130
 5735    4229  4170  4328  4746
 5736    1913  1116  4195  1988
 5737    2391  2402  4486  4950
 5738    3484  3412  4266  3438
 5739    2891  3923  2909  4973
 5740      69    49  5238  5345
 5741     294    17    16   796
 5742    3077  3078  4734  4963
 5743     530   885   515  4794
 5744    1298  4307  4434  4747
 5745    2843  2801  2842  4640
 5746    3915   889  4060  4415
 5747    3102  3101  3724  4560
 5748    2365  2876  2364  4973
 5749    3258  3249  5020  5183
 5750    3250  1704  4479  4964
 5751     642   358   899  5141
 5752     954   964   955  4605
 5753    3147  3245  4480  4738
 5754    4420  4515  4870  4883
 5755    4138  4487  4899  5179
 5756     346   347  4084  4722
 5757    3066  3054  3018  5292
 5758    2468  1003  5132  5270
 5759    4515  4712  4870  4883
 5760    4421  4227  4462  4828
 5761    1838  2543  4719  5211
 5762     909  1098  4190  4889
 5763    4216  4173  4422  4719
 5764    3300  3335  3964  4601
 5765    3420  3450   998  3478
 5766    2658  2175  2757  4941
 5767    4237  4448  4603  4814
 5768    2111   755   715  3957
 5769    1884  1922  2243  4793
 5770    1734  1525  1740  4572
 5771    2153  2839  4829  4926
 5772     483   743   199  4437
 5773    4281  1278  4420  4647
 5774    2465  2478  2485  4163
 5775    2030  1933  4721  5225
 5776    4448  2496  4814  5197
 5777    1882  4553  4597  4833
 5778    4859   418  5007  5229
 5779    4460  4531  4895  4966
 5780     677   908  4783  5288
 5781    2301  2204  4565  4751
 5782    1884  2243  2122  4302
 5783    1493  1706  4817  5135
 5784    1384  4567  4763  4980
 5785    1339  1338  1424  4552
 5786    2018  1894  1795  1766
 5787    3460  3458  3462  3448
 5788    3144  3168  4650  4773
 5789    4215  4323  4585  4669
 5790    1178  4282  5060  5114
 5791    4559  4464  4573  4776
 5792    4185  2224  4389  4581
 5793    1182  4443  4905  5083
 5794    4865   653  4929  5108
 5795    1208    29  4478  5080
 5796    4355  3732  3894  3581
 5797    2830  2278  2313  4636
 5798    3435  3200  3414  4451
 5799    1595  3943  4797  5068
 5800    5161  5069  5368  5376
 5801    3103  3070  4331  5009
 5802    1156  2162  4695  4776
 5803    2905  2887  1709  5189
 5804    5064  5116  5189  5271
 5805    1221   464   673  4644
 5806    4054  4053  4841  4909
 5807    2555  2594  2544  4551
 5808    4556  4528  4781  5309
 5809     306   319  4746  4901
 5810    2234  2353  2121  4468
 5811    4322  4196  4458  4724
 5812    5191  2532  4111  5388
 5813    3515  2519  5177  5388
 5814    1558  4172  4225  4697
 5815     389   356   320  4746
 5816    4254  4194  4553  4653
 5817    1003   985  4863  4913
 5818    1111  2182  4525  5303
 5819    2044  1286  2079  4669
 5820     225  1195  1077  4980
 5821    4405   826  4602  4788
 5822    4476   598  4482  5170
 5823    3420  3471  4843  3450
 5824    1080  1836  3872  4911
 5825    4213  4394  4474  4639
 5826    2816  2832  2740  4190
 5827    1187  2086  2054  5313
 5828    5097  4945  5154  5353
 5829    3144  3168  3169  4650
 5830    4669  4215  4671  5306
 5831      36   568  5385  5390
 5832    1781  1394  1139  5055
 5833    3522  3781  4016  4680
 5834    2320  1959  4414  4636
 5835    2273  2250  4735  4769
 5836    1335  1331    29  4991
 5837    2278  2205  1959  4636
 5838    4883  4515  5115  5330
 5839    2339  1007  5000  5274
 5840    2402   942   941  4486
 5841    3013  3596  4230  5040
 5842    1795  3689  3854  4644
 5843    4695  4277  4826  5164
 5844     811   464  4527  5323
 5845    3481  3463  4157  3421
 5846    2315  2122  2301  4751
 5847    1227  1225  4981  5207
 5848    3942  1927  4431  5269
 5849    4642  3179  5074  5124
 5850    1133   606  4585  5093
 5851     863   929  4317  4906
 5852    4404  3297  4944  4958
 5853    2158  2221  4798  5097
 5854    2182  2191  4525  2315
 5855    3056  3593  3032  5296
 5856    1306  3869  4842  5283
 5857    4174  4206  4474  4764
 5858    4274   319  4901  5384
 5859    3453  4282  5024  5378
 5860    3262  3643  3296  4162
 5861    4326  4244  4666  4748
 5862    2212  2108  4769  4910
 5863    2349  4639  4705  5321
 5864    4355  4753  4888  5290
 5865    3337  3380  4314  5148
 5866    4733  4490  5110  5357
 5867     281   328  4949  5310
 5868    3624  2125  4134  5075
 5869    4284  4357  4589  4731
 5870    1991  3989  1787  4615
 5871    2715  2731  4547  5084
 5872    1106  1088  4576  4579
 5873    4619  4357  4731  4844
 5874    2405  2159  2253  4541
 5875    4391  4394  4639  5321
 5876     226  3440  4282  5060
 5877    2638  2659  2714  4579
 5878      94  1559  1569  4225
 5879    3408  3435  3415  4451
 5880    3848  4007  3994  4541
 5881    3273  3282  3321  4314
 5882     112    70  4378   108
 5883    3348  3337  5148  3349
 5884    1089  1088  2672  4579
 5885    3341  3332  4494  5155
 5886    2585  1641  3531  4844
 5887    2019  1935  2093  5047
 5888    2139  1795  3854  4644
 5889    2918  4770  4872  4907
 5890     354   368  4010  4918
 5891     432  1172  5063  5090
 5892    3741  3561  4442  4772
 5893    2909  2928  4354  4770
 5894    3700  2314  3882  4141
 5895     474  1502  4592  5065
 5896    2007  2023  2047  4323
 5897    3076  4086  4087  4299
 5898    2150  1230  2130  3630
 5899    2772  2721  4868  5233
 5900     951  4619  4775  5395
 5901    4506  4886  4936  5331
 5902     595  3976  4071  4337
 5903    1342  1302  4569  5225
 5904    1264  2037  1957  4840
 5905    4737  4325  4765  4840
 5906    1439  1393  1060  4822
 5907    2424  2411  2423  4606
 5908    4199  4194  4371  4943
 5909    4432  4297  4453  5310
 5910     286  4473  4728  4809
 5911    1574  2739  4509   212
 5912    2872  2871  4222  5022
 5913    4278  4173  4331  5015
 5914     551   549  3755  4761
 5915     894  5083  1124  4562
 5916    1768  4233  4997  5053
 5917    1600  3359  4432  4453
 5918    4758  3556  1227  5207
 5919     742   763   677  5288
 5920    4181  4682  4984  5364
 5921    2263  2142   228  4487
 5922    4388  4382  4606  5381
 5923    2853  3614  2331  4487
 5924     221   197   193  4328
 5925    4982   446  5229  5365
 5926    4219  4616  4729  5362
 5927     915   612   653  5108
 5928    3123  3160  3145  4951
 5929    4259  2122  4302  4751
 5930    4587  1469  5027  5304
 5931    1798  1878  2337  4937
 5932     924   616   603  2797
 5933    4880  4119  5196  5263
 5934    4013  2976  4046  4909
 5935     497  3977  4631  4855
 5936    3537  1996  4688  5335
 5937    1540   279  4631  5357
 5938     614  3686  5262  5338
 5939    1589  1605  4654  4756
 5940    4449  4306  4803  5180
 5941    2644  2608  4903  5088
 5942    4273  4383  4863  5273
 5943    4917  3074  4961  5220
 5944    4366  4537  4717  4980
 5945    4672  4722  4827  5105
 5946    1575  1554  1812  4971
 5947     831  4538  4664  5356
 5948    4365  4431  4452  5269
 5949     166  1125   541  5312
 5950     416   454  4508  4849
 5951     939  3050  3016  4563
 5952    2059  1948  2037  4840
 5953    1986  2011  4816  5122
 5954    3259  3636  5020  5094
 5955    4935  3551  4753  3764
 5956     270  1396  4840  5341
 5957    4624  4567  4842  5312
 5958    2331  2280  2853  4487
 5959    2517  2518  4111  5191
 5960    2369  4618  5042  5360
 5961    1525  1532  4135  4800
 5962    2228  2217  4282  5378
 5963    4668  5236  5255  5370
 5964    2119   346  3783  4722
 5965    1658  1550  1700  4483
 5966     839  3361  3278  4740
 5967    3180  3213  3181  4702
 5968    3239  3212  3238  4702
 5969    1050  1085  4074  4760
 5970    3238  3212  3230  4702
 5971    3326  4307  4974  5005
 5972    2280  2263  1126  4827
 5973    4275  4136  4829  5347
 5974    3001  2987  4457  4900
 5975    2343  2309  2342  4804
 5976    2309  1451  2308  4804
 5977    2394  2404  3711  4869
 5978    4811  2145  5160  5172
 5979    2194  2460  5017  2159
 5980    5027  5082  5314  5327
 5981     419   411  5384   412
 5982    3972  3934  4013  4617
 5983    2068  2069  4323  4850
 5984    4723  4568  4778  5206
 5985    3188  1704  3250  4964
 5986    1878  2360  2359  5137
 5987    3825  2958  5119  5168
 5988    4298  4306  4355  4888
 5989    1569  1568  1576  4172
 5990    3335  3300  3334  4601
 5991    3777  3213  3214  4701
 5992     606  1269  5093  1133
 5993    4184  4163  4344  4861
 5994    4161  4232  4394  5138
 5995    1899  1871  4789  1887
 5996    2159  2225  2210  4541
 5997     692   698   699  4696
 5998    4444   470  4445  4754
 5999    2297  1939  2343  4785
 6000     772   733   751  4512
 6001    3001  4457  4588  5145
 6002    4391  4338  4878  4957
 6003    4163  4211  4893  5305
 6004    2819  2790  2789  4755
 6005    3859   568  4314  4845
 6006    2547  2540  4927  3819
 6007    1831  1815  4966  5013
 6008    1426  1436  4923  4952
 6009    2742  2713  2672  4579
 6010    2539  2528  2504  4839
 6011      28  4392  5025  5291
 6012    1416  1443  5252  5353
 6013    4340  4210  4372  4497
 6014    4423  4522  4599  4959
 6015    4386  4313  4436  4673
 6016    1367  1797   807  4537
 6017      76  4326  4716  5107
 6018    2786  2770  2749  4955
 6019    2745  4584  4678  5179
 6020    3689  3485  4644  5075
 6021     280  4631  4758  5178
 6022    4218  4166  4704  4738
 6023    3715  3807  1910  4902
 6024     241  2668  5310  3257
 6025    4571  4694  4736  5016
 6026    3892  3971   525  5032
 6027    4197  4498  4518  5121
 6028    3459  1099  1083  4451
 6029    3092  3076  3107  4299
 6030    4164  3102  3069  3128
 6031    2122  2315  2301  1884
 6032    1088  1106  2672  4579
 6033    2066  4288  4939  4980
 6034    4163  2992  4930  5305
 6035      41   558  1283  4502
 6036    1352  1316  1362  4981
 6037     527   122  4505  5258
 6038    2263  2316  2142  4487
 6039    1850  1849  1888  5131
 6040    1173  3606  4762  5155
 6041    1020  1026  1049  4468
 6042    1745  2384  2529  4653
 6043    3210  3165  4301  5009
 6044    4644  1961  5075  5300
 6045    2298  1859  2870  4541
 6046    3078  4440  4734  4963
 6047    2159  2210  2253  4541
 6048    2066  1195  4288  4980
 6049    4149  4263  4840  5111
 6050    4443  4776  4905  5083
 6051    4136  4227  4823  4829
 6052    1675  1651  1696  4471
 6053       9   465  5207  3977
 6054    4223  2226  4389  4646
 6055    2655  2725  4305  4742
 6056    2169  3590  3496  4705
 6057     353  4836  4949  5044
 6058    2370  1862  4233  5053
 6059    3977   280  4631  4758
 6060     894  4443  4562  1194
 6061    3994  3969  3848  4541
 6062    3153  3128  3724  4187
 6063    1901  1921  4667  4975
 6064    5146  3056  5159  5296
 6065    3032  3593  4075  5296
 6066     525  3971     0  5032
 6067    4087  3076  4299  5220
 6068    4165  4519  5141  5276
 6069    1030  2263  2280  4487
 6070    4024   777  4118  4512
 6071    1250  3628  1327  4850
 6072    4751  4175  4924  4937
 6073    2507  3835  2490  5273
 6074    2215  1965  4185  4651
 6075    2639  4579  4777  5377
 6076    4234  4503  4523  5053
 6077    4154  4292  4776  5083
 6078     847   814  4600  4965
 6079    2997  3034  3758  4336
 6080     874  1113   756  5356
 6081    2620  3383  4432  5059
 6082     281   328   329  4949
 6083    4288  1195  4763  4980
 6084    4291  4349  4431  4463
 6085    2117  4656  4705  4881
 6086    2671   661  2466  4431
 6087    2828  2771  2803  5185
 6088     385   384  4708  5044
 6089    1061  2292  4559  4760
 6090    2507  2516  2491  4542
 6091      33  4564  4938  4997
 6092    3151  4035  5387  5398
 6093    4143  4205  4816  5322
 6094    2883  3694  3569  4610
 6095    4373  4239  4626  4721
 6096    4199  4151  4207  4932
 6097    1677   318  4274  5133
 6098    1405  4552  5030  5158
 6099    2812  3587  2004  5202
 6100    1753  1195  1132  4763
 6101    2742  2672  1106  4579
 6102     123   649   100  4914
 6103    3223  3834  3251  4188
 6104    4337  4794   932  5120
 6105    4426  4359  4712  4870
 6106    1149  3712  1148  5014
 6107    3989  3982  4615  5016
 6108    1577  1585  1590  5284
 6109    2008  4205  4513  4968
 6110    1730  2464  5204  5227
 6111    4332  4666  5002  5039
 6112    2162  2221  2158  5097
 6113    4191  4256  4471  5401
 6114    2474  2482  5109  5177
 6115    4752  4661  5238  5345
 6116    2093  3619  2052  5089
 6117    2117  2161  2722  4881
 6118    1804  1770  1757  4861
 6119     509   525   478  5032
 6120    4392  4276  4867  5358
 6121    4282  2505  5061  5114
 6122    3703  3917  3563  5230
 6123    1318  1215  1316  4981
 6124    4597  2770  4955  5156
 6125    3844  3992    56  5012
 6126    4290  3530  4824  5015
 6127    1504  1519  4153  4969
 6128    4486  2420  4605  4950
 6129    2765  2104  2180  4764
 6130    4164  4298  4753  4888
 6131    3307  4897  5232  5325
 6132    4427  4476  4482  4701
 6133    4243  4553  4653  4833
 6134    1975  1642  2327  4391
 6135    3712  4002  1148  5014
 6136    2845  4254  4553  5306
 6137    4775  4146  4941  5250
 6138    4054  4053  4802  4841
 6139    4437  3820  4505  5242
 6140    1148  1177  1164  5014
 6141    2366  2866  4658  4936
 6142    1469  1485  4786  1510
 6143    4108  4583  4908  5162
 6144    1283  1201  4502  5402
 6145    4532   553  5234  5367
 6146    4945  4412  5154  5353
 6147    2248  2851  2821  4920
 6148    2235  2353  2557  5092
 6149    1779  1728  1755  4246
 6150    4661  4314  4821  5230
 6151    2248  2851  4920  4977
 6152     986  1003   993  4913
 6153    4196  4191  4378  5095
 6154    4243   580  4833  5053
 6155    2264  2201  5160  5260
 6156    4232  4269  4394  4931
 6157    2669  2526  2604  4731
 6158    3124  4242  4461  4800
 6159    4226   651  4679  5333
 6160    3026  3025  3027  5315
 6161    1160  1099  3459  4451
 6162    3103  3118  4331  4732
 6163    4210  4273  4419  4643
 6164    3470  1080  3796  4911
 6165    3333   572  4070  4477
 6166    2521  2494  2483  4546
 6167    2544  2594  4396  4551
 6168     320   389  4746  5384
 6169    4598  4277  4806  5379
 6170     870   883   910  5106
 6171    2744  2762  4678  5179
 6172    2672  2621  1089  4579
 6173    3138  3607  4940  5290
 6174     812  4906   920  5021
 6175     743   769  4437  4524
 6176    1146  1902  2221  4798
 6177    1953  1991  4615  4694
 6178    3368  3606  3726  5155
 6179    2137  2136  4392  5025
 6180    1033  2092  2064  2089
 6181    1303  1185  4385  5322
 6182    3147  4480  4510  4738
 6183    4267  3705  4492  5052
 6184    3449  3434  3415  4451
 6185    3273  3272  3833  4845
 6186    1802  2511  4792  5079
 6187    3116  4560  4935  5215
 6188    1355  1283  5080  5402
 6189    1641  1636  1117  4857
 6190    1552  4985  5174  5344
 6191    3324    31  4476  5216
 6192     159   538  4524  5010
 6193    1781  1139  1726  4288
 6194    3019  3040  3506  4344
 6195    4167  4159  4472  4643
 6196    4677   250   190  5329
 6197    3309  2242  3289  4267
 6198    1602  1595  1601  3943
 6199    4197  4247  4498  5261
 6200    4140  4161  4394  5138
 6201    2099  2229  2121  4468
 6202     388  1274  3875  1646
 6203    1030  2331  2177  4487
 6204    3100  3764  3116  4935
 6205    2108  4213  4769  4910
 6206    4888  4940  5074  5297
 6207    1426  1449  1436  4952
 6208    3019  4163  4344  5305
 6209    4476    31  5170  5216
 6210    3366  4463  3388  4349
 6211    4514  4371  4787  4866
 6212    4178  4154  4562  5140
 6213    4264  2715  4547  5084
 6214    2633  2259  5250  5393
 6215    3926  4483  4995  1700
 6216    4231  4152  4502  4525
 6217    3181  3213  4701  4702
 6218     755  2111  1271  3957
 6219    1272  1977  4615  5076
 6220    1263  2111  2120  3957
 6221    2925  3749  4246  5217
 6222    3994  4007  2880  4541
 6223    2061  1542    12  4782
 6224    1342  2064  2089  5225
 6225    2659  2638  2637  4579
 6226    4313  4137  4436  4660
 6227    3060  3075  3766  5220
 6228    4259  4234  4523  4795
 6229    4224  4556  4781  4984
 6230    4785  4767  5175  5289
 6231    4145  4227  4281  4435
 6232    1901  1921  4131  4667
 6233    2644  2674  4425  5048
 6234      27    28  5025  5291
 6235     837   735   728  4267
 6236    1884  2243  4302  4793
 6237    4447  4553  5156  5308
 6238     997  4305  5063  5320
 6239    4474  4639  4656  4881
 6240    2048  2032  2008  4513
 6241    3164  3179  3209  5124
 6242    1790  1791  1771  4861
 6243    3768  3855  4459  5066
 6244    4469  4139  4610  5054
 6245    1973  1942  4291  4851
 6246    4209  4177  4364  4801
 6247     726    26  1917  3952
 6248    2176  2340  4735  4769
 6249     315  4754  5186  5287
 6250     623   268  5096   656
 6251    3121  3134  4773  5267
 6252    4016  3721  4077  4680
 6253     711   194  4660  5208
 6254     486  3922  3674  5386
 6255    4207  4309  4599  4810
 6256    2897  2923  4100  5271
 6257    2293  2196  4878  4957
 6258    3843  1276  4765  5341
 6259    1863  2451  4653  4885
 6260     493   527   470  4444
 6261    4446  4212  4576  4954
 6262     653  1411   247  4929
 6263    2521  2549  2550  4546
 6264    3220  4518  4554  5020
 6265    2328  2348  2303  4395
 6266    2031  2288  4414  4636
 6267    2926  4189  4711  5079
 6268    2779  2245  2835  4521
 6269    2574  4710  4903  5307
 6270    2898  3707  2880  4730
 6271     719   655  4258  4843
 6272    1823  1804  2556  4531
 6273    2618  3513  2619  4518
 6274    2549  2521  2508  4546
 6275    4360  4315  4915  5350
 6276    4672  4692  4722  5105
 6277    2280  4487  4827  5179
 6278    3462   226  3463  3448
 6279    4264  4547  4815  5084
 6280     955  4605  4989  5354
 6281    5085  5002  5138  5253
 6282    4195  1739  4245  4321
 6283     896   791   821  5218
 6284    4170  4274  4483  4725
 6285    4693  4400  4961  5071
 6286    2621  4576  4579  5043
 6287    1782  1268  2053  1958
 6288    2801  2785  2841  4640
 6289    2802  2801  4597  4955
 6290    1432  3799  1224  4373
 6291     906   675   676  4549
 6292    2968  2401  2946  4390
 6293    3187   532   474  4592
 6294    2111  1263  1271  3957
 6295     730   765   758  4856
 6296    1509  3796  3246  3872
 6297    4282  5058  5378  5358
 6298    4202  4455  4917  4928
 6299    4382  2474  5109  5177
 6300    1142  1243  3659  4629
 6301    4462  4227  4619  5031
 6302    1001   983  4563   973
 6303    2958  2408  3825  5119
 6304     455   501   444  4676
 6305    4289  2819  4636  4713
 6306    2790  2730  4142  4264
 6307    2360  4609  5051  5137
 6308     673   630   797  4873
 6309    4402  4953  5233  5268
 6310    4228  4524  4681  5010
 6311    4182  4174  4557  4910
 6312    3209  3270  3486  4642
 6313    2425  4388  5109  5152
 6314    3281  3298  4127  4846
 6315    2462  3392   571  5100
 6316    3352  3244  4847  5332
 6317     522   890   830  4596
 6318    1976  3431  1302  5383
 6319    2243  2332  4302  4793
 6320    1833  1832  3293  5094
 6321    1311  4629  5096  5320
 6322     154  4283  4744   184
 6323    3431  3443  4157  5383
 6324     232   242  4599  4959
 6325    2732  2675  2699  4425
 6326    4339  4348  4454  4685
 6327    2901  2908  4674  3770
 6328    2223  2853  4899  3614
 6329    4170  4334  4358  4819
 6330    1993  1966  2701  4584
 6331    2358    41  5303    32
 6332    1224   295  4239  3549
 6333    2645  1966  1967  4584
 6334    2162  1323  4826  5097
 6335    4404  4148  4587  4958
 6336    1030  2177  2209  4487
 6337    4241  4286  4596  5073
 6338    4275  2237  5219  5347
 6339    1430   170  4465  4991
 6340    2495  2458  4603  4814
 6341    2189  2187  4223  4767
 6342    2021  2040  2041  4529
 6343    4532  4359  4870  4871
 6344    1954  1909  1920  4667
 6345    1160  3459  3474  3468
 6346      65  4034  4466  4912
 6347    4257  1106  4446  4579
 6348    3313  3294  3369  4628
 6349    2915  2914  2935  4290
 6350    1195  1266  4288  4763
 6351    1784  1554  1785  5018
 6352    1622  1660   163  4799
 6353    2722  2161   556  4881
 6354    4194  4254  4447  4632
 6355    1116  1739  4195  4321
 6356     494  1293   210  4682
 6357    1278  1336  1100  5218
 6358    1629  5002  5287  5301
 6359    2739  2576   820  4509
 6360    2402  2420  4486  4950
 6361    4160  4405  4602  4788
 6362    4504  2899  4535  5171
 6363    1573  4531  4895  5344
 6364     478   525   510  4859
 6365    4219  4138  4409  5105
 6366    3429  3464   856  4664
 6367    1660  1621  1670  4491
 6368    2589  2624  2572  4864
 6369    3964  4169  4456  5351
 6370    3997  4016  3934  4680
 6371    2621  2659  3507  4579
 6372    4150  4330  4444  4652
 6373    2516  2515  3687  4542
 6374     175   176  4799  4934
 6375     266  4666  4757  4882
 6376     174  1620   146  4201
 6377    3443  3431  3481  3467
 6378    1722  2409  3914  4461
 6379    3439  3481  4157  3421
 6380    4608   988  4733  5247
 6381    4501   394  4849  5065
 6382    4136  2839  4829  5347
 6383    1109  2085  2087  4490
 6384    2943  2944  2391  5038
 6385    2761  2822  4899  2783
 6386    4410  4353  4454  4600
 6387    4979  4528  4999  5309
 6388    2755   211  4235  5260
 6389    2842  2843  4597  4833
 6390    4580  4270  4811  5000
 6391      20  1467  4956  5100
 6392    4951    99  5226  5293
 6393    4241  4596  4704  4738
 6394    2316  2209  2142  4487
 6395    2787  2370  4997  5053
 6396     249   283  4959  5067
 6397    4224  4207  4795  4810
 6398    2331  1030  2280  4487
 6399    2128  2222  4499  2126
 6400    4160  4351  4754  5003
 6401    2798  3641  2600  5050
 6402    3797  2724  2628   583
 6403     261   243   233  4423
 6404    2713  2742  4257  4579
 6405    4171  4194  4207  4795
 6406    1774  1775  4830  5180
 6407    4287  4689  5045  5302
 6408    3078  3852  3077  4734
 6409    1251  1422  4021  5368
 6410    3138  3153  3607  5290
 6411    3429  3432  3477  4664
 6412    3047  4429  5040  5373
 6413    2742  1106  4257  4579
 6414     126   111  5099  5277
 6415    4513  1327  4837  4850
 6416    1849  1822  4448  5131
 6417    3631  3039  4461  4720
 6418    5115   694  5288  5330
 6419    2159  2194  2225  4541
 6420    4666   266  4748  4882
 6421    4159  4167  4210  4643
 6422    4254  1981  4632  5202
 6423    4317  4218  4369  4906
 6424     824   404  4155  4493
 6425    4357  4420  4704  4870
 6426     629   850  4512  4590
 6427    4836  4342  4949  5044
 6428    3329  1926  4463  3886
 6429    4914  3145  4951  5046
 6430    1175  1192  1181  4292
 6431    4530  1034  4611  4669
 6432     480  3920   492  4778
 6433    1803  2202  4395  4892
 6434     587   600  5004  5035
 6435    4609  4175  4751  4937
 6436    4868  4402  5233  5268
 6437    2453  2473  4543  5380
 6438     537   544    76  4716
 6439    4465  4231  4478  4502
 6440    2149  2232  2284  4779
 6441    4244  4198  4607  5138
 6442    2200  4376  4557  4735
 6443    1201  2307  3621  5303
 6444     612   915  4183  5108
 6445    5180  4188  5400  5403
 6446    2008  2048  4513  4850
 6447     984  1001  4890  5311
 6448    2005  2006  3537  5335
 6449    1215  1227  1362  4981
 6450    4148  4621  4784  5082
 6451    2406  3136  3384  4452
 6452    1003  1005  1016  4863
 6453    3408  3435  3232  3451
 6454    3453  2228  4282  5378
 6455    3073  3046  3520  4407
 6456    1803   423  1339  4892
 6457    4033    58  4466  4912
 6458    4409  1971  4622  4898
 6459    2564  2606  4411  4777
 6460      13   292   526  4666
 6461    3246  1509  1091  3260
 6462     392  1382  1267  1359
 6463    2907  4189  4300  5171
 6464    3667  3525  4299  4963
 6465    4378  4491  4637  4934
 6466    2285  2185  2113  4790
 6467     128  3811   138  4934
 6468     297   241  5067   249
 6469    1603  4797  5112  5205
 6470     583   611  2628  3797
 6471      94  1560  1559  4225
 6472    2752  2736  2708  5209
 6473    2584  2737  4462  4731
 6474    2603  2600  4261  4885
 6475    1985  1998  5122  1984
 6476     182  1448  4361  4952
 6477    4272  4853  5173  5192
 6478    4155  4516  4758  5178
 6479    2814  1894  2026  5075
 6480    2517  2531  5191  5380
 6481    1535  4303  5011  5301
 6482      19  4633  4923  4952
 6483    1189  1174  4305  4742
 6484     292  3668  5039  4059
 6485    4534  4357  4619  4844
 6486    4356  4221  4484  4795
 6487    3336  3347  4601  5033
 6488    4387  4568  4859  5007
 6489    1734  4188  5387  5404
 6490    4238  4233  4356  4795
 6491    3978  4846  4858  4925
 6492    2990  3362  4510  4740
 6493    4469  4237  4618  5171
 6494    2071  2030  2092  1342
 6495    4374   589  4650  4741
 6496      19  1450  1436  4923
 6497    1342  3445  4569  1302
 6498      99   133  4951  5226
 6499     442   466  4708  4781
 6500    2559  4890  5130  5311
 6501    2064  2092  1342  2089
 6502    2214  2344  2206  4790
 6503      25  3868  5216  5294
 6504    4158  4366  4641  4976
 6505    2514  1006  1029  4863
 6506    3079  3852  3078  4734
 6507    4320  4281  4450  5218
 6508    5232  1578  4641  5391
 6509    1171  3885  3573  4456
 6510      38  3488    37  5294
 6511    1579  1663  1691  4725
 6512    3946  3317  3924  4786
 6513    4313  4137  4679  5333
 6514    4410  4586  4590  4600
 6515    1736  1795  2018  4341
 6516     632   620  4266  4843
 6517    1078  1051  1085  4772
 6518    4453  4342  4949  5310
 6519      19  1436   506  4923
 6520     700   699   730  4856
 6521    1816  1551  1791  4861
 6522    4307  4489  5005  5055
 6523    1469    35  1510  5027
 6524    3898  4469  4237  4618
 6525    3145  3123  4951  5046
 6526    1575  1554  4971  5018
 6527     942  2402   954  4486
 6528    4286  4158  4532  5234
 6529    4405  4179  4856  5034
 6530      22   104  3549  4373
 6531    2454  2474  4382  5177
 6532    3030  3039  5113  3017
 6533    3976  4071  4337  5120
 6534    3302  3675  4821  5351
 6535    3998  3973  4316  4317
 6536    2186  2108  2215  4213
 6537    4448  1849  4789  5165
 6538    3264  4944  4958  4967
 6539     763   672  5115  5342
 6540     243   190   203  4677
 6541    1108  1114   432  5090
 6542    4274  4303  4483  5133
 6543    1752  1978  1724  3767
 6544    4260  4285  4577  4860
 6545     157  5208   169  5272
 6546    3601  3922   500  5167
 6547    4280  4384  4894  5192
 6548      11  1693    12  4782
 6549    3788   892  4369  5021
 6550    2923  2924  4100  5271
 6551     304  1571  1699  4358
 6552    2168  2184  4933  5279
 6553    1362  4981  5207  5341
 6554    1790  1770  1804  4861
 6555    1171   978   574  4456
 6556    3519   227   252  5255
 6557    4256  4328  4901  5371
 6558    2256  1204  1370  5352
 6559     207  3822  1516  5169
 6560    3568  1250  4850  5093
 6561    2392  2403  4973  5127
 6562    3144  3143  4440  4734
 6563    4300  4189  4876  5197
 6564    2734  2690  5156  5308
 6565     651   639  4679  5333
 6566    4639  4394  4878  5321
 6567    2893  2880  2870  4370
 6568    4411  4372  4413  4777
 6569    2682  2562  4624  2723
 6570    1133  4585  4837  5093
 6571    1250  1261  4837  5093
 6572    1086  4002  3712  5014
 6573    3721  4016  3781  4680
 6574    4832  4972  4967  4803
 6575    2937  2917  4467  4770
 6576     817  1163  3801  5339
 6577     502   510  4859  5229
 6578     980   979   639  5333
 6579    4508  4592  4595  5073
 6580    2803  2770  4597  5156
 6581    4231  4259  4433  4795
 6582    4534  1645  4567  4844
 6583     292  5039   526  4666
 6584    4977  2317  3742  3873
 6585    4677  4430  4847  5332
 6586    5027  4587  5304  5327
 6587    2147  2136  2155  4392
 6588    3319  4724  4752  5230
 6589    4915  3043  5159  5328
 6590    4161  4417  4471  4809
 6591    4641  4143  5101  5322
 6592    3776  1146  4776  5083
 6593    2340  4646  4745  4769
 6594    2082  2081  3568  4850
 6595    4168  4311  4448  4903
 6596    4306  4355  4832  4972
 6597    4362  4235  4433  4791
 6598    3519   227  4668  5370
 6599    1086  1105  4683  5014
 6600    2103  2183  2817  4862
 6601    5027  4566  5082  5231
 6602    2839  2143  2407  5031
 6603    2015  2087  1598  5357
 6604    4216  4311  4719  5211
 6605    4263  4149  4840  5313
 6606    2582  4247  4987  5261
 6607    2635  2128  2677  4854
 6608    1522   459  3860  5301
 6609    3195  4613  4701  5267
 6610     846  4405  4410  4600
 6611    4148  4587  5082  5314
 6612    2423  2403  4354  4973
 6613    2488  2447  4839  4970
 6614    4313  4137  4660  4679
 6615    4302  4152  4525  4793
 6616    1012   226  3933  4157
 6617    2900  2871  2899  4535
 6618    1857  1848  5165  5248
 6619    4140  4161  4387  4417
 6620    1422   424  1355  5368
 6621    5049  4447  4943  4371
 6622    3650  3738  4962  5036
 6623     364  4522  5044  5157
 6624    4212  4232  4236  4931
 6625    5186  4754  5253  5287
 6626    4205  4513  4816  5322
 6627    1753   361  4763  1132
 6628    3150  3137  4922  5387
 6629    2749  3798  2786  4955
 6630    1426  1406  1340  4350
 6631    4247  4396  4460  5261
 6632     618   625  4838  5369
 6633    3363  1932  1942  4291
 6634    2160  2155  4662  4867
 6635    1812  1589  1575  4971
 6636    3619  3767  1752  5089
 6637    4489  4288  4939  5055
 6638    2052  3619  1752  5089
 6639    4436  4137  4464  4660
 6640    5056  4766  5226  5256
 6641    2551  2575  2592  4903
 6642    4704  4897  5005  5232
 6643    4506  4340  4886  5331
 6644    3248  3219  4333  4432
 6645     255   307   256  4328
 6646    2073   361  4763  2094
 6647    4232  4255  4614  5240
 6648    1422  1251   424  5368
 6649    3979  3240  5216  5390
 6650    3510  1215  4670  4981
 6651    3818  3320  3921  5351
 6652    2441  1452  4611  4718
 6653    1326  2067  5093  2081
 6654    1816  1791  4531  4861
 6655    2878  4659  5354  2892
 6656    2067  2081  2068  4323
 6657    2522  2554  2523  4416
 6658    1442    23   740  4691
 6659    1250  4837  4850  5093
 6660    4282  2217  4867  5358
 6661    1125   460  5312  1112
 6662    4238  4219  4616  4938
 6663     409   430   431  5086
 6664     997   432  1172  5063
 6665    4871  4515  5126  5330
 6666    4424  4310  4485  4839
 6667    1989  2084  1418  1957
 6668    3997  3972  4016  4680
 6669    1945  1946  3942  5361
 6670    1660  1622  1606  4799
 6671    4368  3342  4768  5302
 6672    1912  1932  1926  5268
 6673    1947  1948  2059  2086
 6674     414   642   923  5276
 6675    4234  4259  4302  4795
 6676     457  4690  4859  5086
 6677     758   731   730  4856
 6678     532   890   641  4596
 6679    2823  2824  2762  5179
 6680    4821  3675  5148  5351
 6681    1468  1974  5122  3720
 6682    2493  2473  4099  5177
 6683    2322  2166  4739  4879
 6684     625   647  4838  5369
 6685     151   169   152  5272
 6686    2762  2824  2763  5179
 6687    1326  3568  2081  5093
 6688     650   649   142  5272
 6689    2762  2761  2823  5179
 6690    3908   533   523  5367
 6691     123   649  4914  5272
 6692     158   142   152  5272
 6693    4813  1237  5069  5376
 6694    4355  4832  4972  5264
 6695    4036   573  4070  5304
 6696    4147  4277  4436  4464
 6697     311   570  1013  4860
 6698    4322  4377  5143  5286
 6699    2438  2414  3898  5171
 6700    2203  2816  2831  5358
 6701     737   722   749  4848
 6702    3009  2972  4203  4792
 6703    4233  4259  4523  4795
 6704    4493  4155  4818  4986
 6705    4158  4207  4224  4296
 6706     514  4150  4652  4794
 6707    3248  1548  1572  4333
 6708    2624  2625  4864  5048
 6709    1902  1097  2296  4559
 6710    1524  1693   327  4373
 6711    4354  2453  4543  4593
 6712    2768  2746  4090  4645
 6713    1435  1430  4439  4684
 6714     319  4274  5133  5384
 6715      26  1412  1395  3952
 6716    4467  4290  4674  4824
 6717    3073  3060  4407  5220
 6718     271   282   297  5067
 6719    3191  3192  5264  5278
 6720    3051  3081  3123  5046
 6721    2780  2781  4726  5237
 6722    1736  1580  4341  5135
 6723    4232  4338  4391  4879
 6724    2459  2414  4814  5171
 6725    2492  4542  2516  4927
 6726    2058  2057  4669  5335
 6727      76  3604   122  4326
 6728     431  3988   409  5086
 6729    1948  1947  2059  2037
 6730     637  4374  5004  5293
 6731     457   418  4859  3580
 6732    3484  3420  4843  3405
 6733      85  4496  3546  5095
 6734    1791  1551  1771  4861
 6735      26   269  1412  3952
 6736    4249  4224  4556  5266
 6737      94    95  4225  4539
 6738    4221  4371  4787  4948
 6739    1374  3533  4736  5016
 6740    3978  3266  4846  4925
 6741    2394  2413  4869  5359
 6742     168    76  4326  3604
 6743    4702  3238  4727  5286
 6744    3993  4617  4880  5396
 6745    4548  3181  4701  4702
 6746    2384  2441  2546  4718
 6747    3164  3130  4301  5124
 6748    3898  4237  2438  5171
 6749    1999  2037  1290  1947
 6750     254   255  4328  5371
 6751    3626  1186  4842  5312
 6752    2439  2414  4504  4535
 6753    1643   418  5229  5365
 6754    1128  1827  5283  1044
 6755    2698  2718  4726  5048
 6756     308   265   545  4612
 6757     593   872  3705  4492
 6758    3636  3233  5020  5121
 6759     969  1312  1329  4834
 6760    1068  1059  4412  5154
 6761    4450   686  4493  4750
 6762    4785  2352  5030  5289
 6763    2911  2905  5116  5271
 6764    3356  3357  4969  3396
 6765    4798  4464  4945  5097
 6766    2841  2800  2827  5224
 6767    3152  3894  4545  4753
 6768     110  1373  4250  4516
 6769    4236  4790  4878  4933
 6770    1436   506  4923  4952
 6771    2531  3819  4413  4927
 6772    2115  2121  2235  4468
 6773    4137  4363  4890  4946
 6774    4270  4811  4977  5241
 6775    4235  4206  4764  4779
 6776    1636  1641  2585  4844
 6777    1249  1607  5232  5325
 6778    4175  4174  4206  4557
 6779    4140  4216  4265  4417
 6780    1840  4197  4498  4966
 6781    4263  4282  4743  5061
 6782    1931  1940  3544  5233
 6783    4201  4265  4322  4347
 6784    2632  2667  2386  5262
 6785    4173  4300  4422  4719
 6786    4820  4256  5169  5371
 6787    4133  4232  4260  4269
 6788    3800  4616  4692  4938
 6789     536  3670   379  5364
 6790    4342  4296  4453  4714
 6791    4165  4268  4330  4351
 6792    4427  4271  4650  5267
 6793     190   203  4677  5329
 6794    4039  4037  5041  5349
 6795    4139  4222  4610  5171
 6796    1069  1088  4759  4954
 6797    3213  4701  4702  5170
 6798    1494  1485  4697  4786
 6799    4265  4417  4481  5280
 6800    4149  4325  4737  4840
 6801    4440  4613  4963  5267
 6802     666   665  4598  4766
 6803    1764  5012  4162  5366
 6804    4161  4330  5138  5253
 6805    2711  2599  2682  4624
 6806     818   752  5126   930
 6807    2770  2802  4597  4955
 6808    4413  4383  4927  5043
 6809     540  3670   536  5266
 6810    2197  2240  3494  5017
 6811    4661    69  5238  5345
 6812    1804  4163  2485  4861
 6813    4775  5219  5250  5395
 6814    2037  1937  1264  1957
 6815    3480  1199  1819  5016
 6816    1752  1693  1930  5089
 6817    2976  4319  4841  4909
 6818    2251  2218  4877  4977
 6819     144   173  4379  4654
 6820    4238  4272  4433  4795
 6821    1748  1741  4479  5249
 6822    1725  1905  1306  5087
 6823    4455  3131  5188  5337
 6824     534  4528  4812  5367
 6825    3210  3166  3165  5009
 6826     233   203  4677   243
 6827    2511  2536  2522  4438
 6828     379   132   554  5364
 6829    1764  1785  1777  5366
 6830    3334  3318  4153  4601
 6831      76   122   537  4326
 6832    1777  1785  1786  5366
 6833     180  1564  4304  4740
 6834    2312  1769  4011  4767
 6835     825   404   824  4493
 6836    3971  4181  5032  5375
 6837    4228  4437  4524  5275
 6838    4171  4247  4371  4795
 6839    1749  1741  4479  4805
 6840    2511  1814  4438  5079
 6841    4811  2275  4977  5241
 6842    4089  3759  5185  5308
 6843     253   235  5169  5371
 6844    3123  3081  3122  5046
 6845     532  3187   521  5265
 6846    4269  4161  4394  4931
 6847       0  4181  4612  4625
 6848    3311  3312  3249  5183
 6849    1765  1750  4162  4956
 6850    4774  4660  5164  5252
 6851    1099  1047   104  4721
 6852    3553  2444  4791  5260
 6853    3144  4440  4650  4741
 6854    4300  1801  4876  5079
 6855    1776  4904  5018  5249
 6856    4185  4182  4213  4391
 6857    4730  4504  5017  5217
 6858    4151  4194  4371  4932
 6859    2882  3829  2883  4222
 6860     174  4201  5098  5117
 6861    2409  2428  1722  3914
 6862    2413  2476  2436  5152
 6863      74  1365     8  4882
 6864    2352  2042  1340  5030
 6865     713   690  4818   913
 6866     295  1224  4239   202
 6867    2715  2743  2758  5324
 6868    2349  2132  4881  5321
 6869    1726  1358  4288  1266
 6870    2057  2079  2080  4669
 6871    2057  2045  5335  2058
 6872    1902  1127  4559  4798
 6873    3570   936  3823  4092
 6874     120   139  4825  5144
 6875    1700  1563  1658  4483
 6876     766   794  4454  4965
 6877    4309  4342  4522  4708
 6878     155  1726  4288  1781
 6879    1233  1330  1376  4986
 6880    4141  2220  4720  5292
 6881     401  4165  4602  5003
 6882    4609  4231  5051  5137
 6883    4588  4400  4693  5071
 6884    5009  4517  5188  5337
 6885    3057  3069  4164  4560
 6886     143   172   136  4654
 6887     971   912  1113  5356
 6888    4602  4229  4746  5003
 6889    2830  2192  2124  4289
 6890     825   896   686  4750
 6891    3930  4076  5387  5398
 6892      14   440  4415   889
 6893     931   713  1309  4818
 6894    4940  5147  5297  5298
 6895     487   523  4812  3908
 6896     251   286  1640  4809
 6897    1770  1771  1759  4852
 6898    2847  2807  3902  4295
 6899    4171  4247  4253  4460
 6900    4512  4558  4586  4590
 6901    4145  4166  4343  4434
 6902    3695   176  4637  4799
 6903     546  4681  5010  5243
 6904    4315  4278  4360  4422
 6905    1349  1374  4694  5016
 6906    4291  4205  4323  4968
 6907    2769  3798  2748  4955
 6908    1358  1726  4288   179
 6909    4357  4145  4420  4435
 6910     168   323  4699  4748
 6911    4155  4324  4631  4758
 6912      62    70  4378  5095
 6913    3657  4044   476  5181
 6914     568  3653    36  5385
 6915    4313  4679  4914  5046
 6916    2278  2830  2124  4289
 6917    1064  3986  1089  4759
 6918    1340  4923  1341  4785
 6919    1838  1814  1830  4719
 6920    1904  2737  4619  5031
 6921    4309  4296  4342  4714
 6922    3039  2400  3064  4461
 6923    1448  1405  1425  4552
 6924    2822  2317  2223  4899
 6925     138  3811   137  4934
 6926    4184  4335  4460  4771
 6927    2040  2077  5105  2055
 6928    4357  4434  4589  5087
 6929    1545  1678  5357  2015
 6930    2682  2723  4624  4842
 6931    3288  3219  4432  4896
 6932    2914  2900  2907  5171
 6933     165   120  4934  5316
 6934    2715  4142  4264  4547
 6935    2440  2460  2439  4504
 6936     556  2270  4550  4651
 6937    3201  3279  4480  4875
 6938    2493  4055  3633  5363
 6939    2804   590  4254  4553
 6940    4133  4200  4251  4361
 6941    3175  5403  3190  3224
 6942    2841  4356  4408  4575
 6943    1162  1198  1265  4615
 6944    4251  4228  4361  4380
 6945    3008  3543  4634  4893
 6946    1902  2290  2221  4798
 6947    3251  3223  4188  4479
 6948     537   122   527  5258
 6949    4223  2342  4646  4804
 6950    1865  1841  4149  4325
 6951    4208  4293  4480  4875
 6952    4192  4655  4918  5123
 6953    4288  2066  4939  5055
 6954    1530  1504  4153  1520
 6955    1730  1710  4375  5227
 6956    4207  4158  4333  4453
 6957    4444  4330  4445  4505
 6958    2056   507  2739  4509
 6959    4072  3047  4093  5373
 6960    1798  2254  4175  4937
 6961    2456  2413  2425  5152
 6962    1278  1100  5090  5218
 6963    3888  1028  4442  4772
 6964    4282  4743  2505  5024
 6965     825  3785   404  4493
 6966    4784  1555  4971  5018
 6967     523   534  4812  5367
 6968    4242  4461  4720  5292
 6969    2051  1947  1999  4765
 6970    3722  3574  4508  4595
 6971    2541  2551  2534  5307
 6972    4160  4405  4519  4602
 6973    4149  4145  4589  4835
 6974    1393   225  4537  4834
 6975    2153  4275  4793  4829
 6976    2547  2588  2564  4413
 6977    4371  2652  4787  4866
 6978    3250  3261  4479  4805
 6979    4222  2414  4535  5171
 6980    4199  4463  4953  5268
 6981    4589  4149  4835  5313
 6982     816   785  4348  4806
 6983    1789  4189  4246  5017
 6984      36  4727  5143  5187
 6985    3378  3336  4601  4807
 6986    4047  3255  4049  4476
 6987    4143  4530  4585  4834
 6988     467   487   442   466
 6989    3648  3883  1515  4800
 6990    4742  2655  5058  5358
 6991    2338  3646  3534  5031
 6992    4372  4413  4927  5380
 6993     211  2149  4235  4779
 6994    1897  1690  4608  1523
 6995    1696  1640  1699  4809
 6996     750  4848  5164  5252
 6997    2963  2985  3001  4457
 6998    2693  2692  2736  4943
 6999    2951  2934  3900  5064
 7000    3129  3164  4301  5124
 7001    2528  1045  1039  4839
 7002    1741  1763  4479  5249
 7003    3634  3650  4962  5023
 7004    2754  2709  4632  4868
 7005    3667  4299  4613  4963
 7006    4767  3753  5175  5289
 7007    3030  3631  4720  5113
 7008    4252  4260  4577  5282
 7009    3754  3516  4720  5292
 7010     964   974  4605  5259
 7011    4339  4269  4410  4586
 7012    1875  4509  4761  5299
 7013    3684    83    67  4539
 7014     531  4359  4528  4532
 7015    4631  3977  4758  5207
 7016    1468  4896  5122  3146
 7017    2190  2320  4414  4636
 7018    4298  4164  4335  4888
 7019    1063  1041  1052  4954
 7020    2070  1118  1357  5077
 7021    4144  1493  4817  5135
 7022     658  4766  5226  5293
 7023     292  5039  4666  4059
 7024    4218   830  4316  4596
 7025     343   473  4398  4633
 7026    3155  3212  3180  4928
 7027    1675  1695  4294  5169
 7028    4368  4638  4700  4797
 7029    4358  4334  4471  4809
 7030     207  1516   218  5169
 7031    3924  3317  3334  4153
 7032     452  4707  4847  5199
 7033    2761  2744  4899  5179
 7034    2100  2354  2321  4389
 7035    4354  2422  4831  5127
 7036     523   487  4812   488
 7037     857   609  4183  4186
 7038    4269  4147  4277  4367
 7039    1559  1558  4225  4697
 7040    4151  4171  4207  4287
 7041    2446  2504  4970  5311
 7042    4992  3269  5147  5297
 7043    4690  4387  4810  4984
 7044    4231  4224  4795  4810
 7045     356   321   320  4746
 7046    4207  4430  4599  4707
 7047    2296  1097  1061  4559
 7048    3232  3408  3451  4891
 7049    4409  4138  4418  4425
 7050    1965  1860  2270  4651
 7051    4159  4167  4472  4526
 7052     362  1414  5026  1242
 7053    2137  2136  2147  4392
 7054    4673  4951  5046  5226
 7055    2027  1807  4565  4791
 7056     630   613   673   797
 7057    5197  2496  2440  1808
 7058    3334  3317  3357  4153
 7059    4154  4178  4614  5140
 7060    3334  3357  3378  4153
 7061    3643  4904  4944  5403
 7062     471   513  4268  4444
 7063    2209  2281  4487  4811
 7064    1026  1020  4363  4468
 7065     517   877  3705  5052
 7066    4400  4202  4533  4693
 7067    5095  4661  5286  5385
 7068     878   779   705  4369
 7069    2028  4855  4325   287
 7070    2819  4289  2820  4713
 7071    2912  2408  2958  5119
 7072    1113   874   756   917
 7073      38   598    31  5170
 7074     602  3111  3145  4679
 7075    2386  2667  1668  5262
 7076     553   518   531  4532
 7077    4063  3229  4960  5176
 7078    4164  4335  4732  5146
 7079    1187  2054  2095  4589
 7080    4480  4166  4510  4738
 7081    2701  2700  2764  4678
 7082    4534  1384  4537  4980
 7083    2112  4259  4523  5136
 7084    5167  4595  5181  5234
 7085    2344  2185  4790  5279
 7086    2959  2912  5119  2950
 7087    1352   270  4840  5341
 7088    4227  4145  4281  4421
 7089    1583  4621  4784  4971
 7090     776   531  4871  5266
 7091    4216  4140  4265  4931
 7092    4248  4169  4623  5041
 7093    5116  2905  5189  5271
 7094    2220  2129  2427  4141
 7095    4334  4387  4401  4520
 7096    2376  2404  3857  4618
 7097    4831  4327  4907  5354
 7098    2805  2804  4254  4632
 7099    1008  1226  1065  4813
 7100    4467  2917  4506  4770
 7101    4221  4243  4356  4484
 7102    4733   988  4983  5247
 7103     526    15  4666  5001
 7104    1807  4362  4565  4791
 7105    4278  4422  4438  4808
 7106    3378  3336  3334  4153
 7107     992  1015  3490  4643
 7108    2950  2912  4375  5116
 7109    2322  2173  2154  4739
 7110    3629    69  4496  5095
 7111    1440   248  4058  4761
 7112    3770  2916  4290  5054
 7113    4432  4295  5059  5142
 7114    4216  4253  4272  4280
 7115    1283  1213  5402   424
 7116    4692  4219  4729  5105
 7117     394  4508  4849  5065
 7118    4393  1540  4631  5357
 7119    4086  3092  4121  4299
 7120    1566  4214  4861  5174
 7121    2653  4554  5049  2680
 7122    4413  4372  4996  5380
 7123    4340  4467  4506  4770
 7124    3687  2516  4542  4927
 7125    4270  4236  4418  4815
 7126    2901  2915  3770  5054
 7127    2779  2821  2808  4521
 7128    3048  3596  3061  4230
 7129    4159  4147  4212  5389
 7130    1099  4373  4451  4721
 7131    4688  4402  4953  5202
 7132    2285  2113  4705  4877
 7133    3637  3677  4527  5323
 7134    4339  4269  4348  5106
 7135    3018  2957  3700  4141
 7136    2619  3513  2654  4554
 7137    2994  2961  4211  4375
 7138    4238  4233  4433  4564
 7139    1935  3767  3619  4782
 7140    2101  2297  2343  5175
 7141    1192  1180  3792  4292
 7142    2580  2636  4791  4997
 7143    1437  2308  4398  4646
 7144     823  3526   645  5228
 7145     760  4887  4947  5355
 7146     511   543    15  5206
 7147    1594  3932  5068  5151
 7148    2641  2607  4411  4864
 7149    3466   671   989  3406
 7150     472   494   210  4682
 7151    4346  4212  4443  4683
 7152     473   425  1437  4745
 7153    1678  1598  4855  5357
 7154    4464  4826  4945  5097
 7155     205  3519  4064  5370
 7156    1026  1068  4412  1036
 7157    2710  3838  2778  4844
 7158    4222  4469  4618  5171
 7159    4787  4597  4955  5156
 7160    3312  3331  3341  4494
 7161    3036  3012  3993  5373
 7162     662  3620   796  4817
 7163    2004  3587  4671  5202
 7164    1980  1969  2003  4529
 7165    2271  2329  4206  4557
 7166    3822   207  4294  5169
 7167    4374  4156  4436  4673
 7168    2851  3873  4570  4977
 7169    2454  2423  4354  4606
 7170    2612  4247  4253  4536
 7171    2515  2507  2530  4542
 7172    2733  1938  4622  4898
 7173     438  1324   264  4682
 7174    1782  2034  4325  4765
 7175    4428  4172  5028  5041
 7176    2260  2227  2271  4557
 7177    2425  2412  2424  4886
 7178     854   725  4493  4818
 7179     266   292  4666  4748
 7180    4256  4294  5169  5401
 7181       9  1259  3566  5178
 7182    4166  4480  4704  4738
 7183    3181  4548  4613  4928
 7184    2123  2265  2166  4988
 7185     449   461   471  4351
 7186    3472  3420   998  3478
 7187      69    50  4661  5095
 7188     612   933  5010  5108
 7189    3533   994  4571  5016
 7190    3131  3119  3166  5188
 7191    4402  2754  4868  5202
 7192    1100  4582  5090  5218
 7193    2035  1545  4983  5357
 7194    2523  2555  2544  4551
 7195    2953  2944  2943  5319
 7196    5071  4693  5336  5337
 7197    3913  4459  4686  4908
 7198    4568  4387  4625  4723
 7199    2567  2592  2593  4903
 7200    1824  1791  1790  4531
 7201    4367  4209  4470  4856
 7202    4271  4440  4613  4963
 7203    1788  1789  2268  5017
 7204    3341  3293  4494  3332
 7205    2763  2795  2764  5179
 7206    2693  3715  1910  4902
 7207    2688  2676  4678  5088
 7208    4708  4309  4714  4979
 7209    1678  1545  5357  1628
 7210     134  3843   270  5341
 7211     839   837   829  4267
 7212    4491  1670  4799  5401
 7213    4229  4520  5186  5253
 7214    1875  1574  4509  5299
 7215    4687    98  5104  5334
 7216     565  4149  5087  5313
 7217    3214  4049  3215  4715
 7218     533  5167  5367  3955
 7219      53   776  5102  5266
 7220    4521  2793  4815  4920
 7221    1761  1532  1760  4242
 7222    4279  4231  4439  5051
 7223     491   430  3683  5086
 7224    3125  3913  4459  4686
 7225    4660  4826  5164  5252
 7226    2368  2868  4869  5360
 7227    4244  1325  4699  5318
 7228     280  1445   439  4631
 7229    2408  2912  3928  4375
 7230    1256  3510  4758  5178
 7231    4296  4158  4508  5234
 7232    4783  4193  5218  5288
 7233      71    63    52  5187
 7234     530   515   539  5243
 7235     303   274   302  5149
 7236     669  4226  4679  5208
 7237    1466    20  1467  4956
 7238    3835  2469  5132  5251
 7239    1290  1219  4765  4840
 7240    1522  1647  4018  4778
 7241    2174  2765  2180  4550
 7242    3057  3718  3593  5146
 7243     197   193  4328  5316
 7244    3744  3253  4475  4642
 7245    5133  3875  1274  4303
 7246    4528  4309  4781  4979
 7247    3220  2598  2619  4518
 7248    2779  3679  2792  4521
 7249    4272  4384  4622  4898
 7250    2030  2092  1342  5225
 7251    4137  4226  4660  4679
 7252     275   243   274  4423
 7253    2129  2398  4141  4720
 7254    2310  1923  4206  4764
 7255    1538  4527  3677  5323
 7256    5117  4201  5280  5401
 7257    1242  1366  1414  5026
 7258    3223  4188  4479  5403
 7259    3999  4019  4029  5162
 7260    4173  4278  4422  5015
 7261    2693  2680  3673  4943
 7262    3529  2991  4141  5168
 7263    1094   994  3533  5016
 7264    2615  2616  4514  4866
 7265    3331  3366  3367  4494
 7266    3347  3336  4807  5033
 7267    2780  4570  4726  4815
 7268    4068  3001  4116  5145
 7269     318   371   333  5133
 7270    4297  4207  4342  4599
 7271    1233  1256  1248  4516
 7272    2573  2590  2625  4710
 7273    4293  3291  4480  4875
 7274    3930  4029  4035  4076
 7275    2520  4497  5177  5388
 7276    2809  3947  5072  5237
 7277    4572  1734  5387  5404
 7278    4289  2252  4713  5279
 7279    2152  2147  2155  4867
 7280    4314  3380  4821  5148
 7281    1587  1862   591  4564
 7282    2591  3595  4903  5235
 7283    4344  3506  4893  5348
 7284     801   690  4942   886
 7285    1257    45  4293  4875
 7286    3788  4369  4906  5021
 7287    3132  3120  4961  3141
 7288    4173  4290  4824  5015
 7289    2603  2451  1475  4885
 7290    2544  2524  4551  5261
 7291    3299  3960  3946  4566
 7292    2349  2169  4639  4881
 7293    1734  4572  5400  5404
 7294    4702  4377  4928  5188
 7295    3555  1091  4009  4911
 7296    3755  3878  3647  4761
 7297     224   292  4748   277
 7298    3599  1274  3731  5384
 7299    4185  2186  4213  4389
 7300    4487  2853  4899  5179
 7301    4417  4171  4668  4810
 7302    3584  3210  4555  4960
 7303    2574  2644  2608  4903
 7304    4210  4273  4327  4593
 7305    1434  1443  4412  1229
 7306     170  1430  1331  4991
 7307    4283  4696  4856  5034
 7308     139   109   114  4825
 7309    1942  1997  4291  4688
 7310    1816  1791  1815  4531
 7311    1098   998  3441  3478
 7312    2686  4579  2714  4142
 7313    1695  3822  1694  4294
 7314     635  4801  4838  5295
 7315    1077  1158  1150  4939
 7316     308   545   360  4612
 7317    4622  1901  4667  4975
 7318    1448  3617  4200  4552
 7319    4315  4335  4634  5328
 7320    2681  3498  1881  4554
 7321    3012  2988  3993  4627
 7322     991   990  1004  4363
 7323    1185  1303  4385  4837
 7324    1469  3639  4544  4786
 7325    2255  2306  1101  4828
 7326    4372  4413  4542  4927
 7327     130  4687  4825  5144
 7328     633   278  4437  4524
 7329    2719  2690  2707  4787
 7330    1585   119  5277  5284
 7331    2188  2196  2293  4988
 7332    2535  2542  5165  5307
 7333    1758  2220  4852  5292
 7334    4613  4271  4917  4928
 7335    1448  4200  4361  4552
 7336    4234  4261  4397  4885
 7337    1214  1223  1313  4684
 7338    4219  4620  4692  4938
 7339     893   684   739  4906
 7340    3697  1754  4246  5017
 7341    2121  2290  2234  4945
 7342    4478    29  4991  5080
 7343    3317  3281  3737  3946
 7344     857   915   659  5108
 7345    3215  3231  3255  4047
 7346    3220  3258  3249  5020
 7347    4367  4364  4598  4921
 7348    5089  1733  4626  2052
 7349    4286  4166  4420  4704
 7350    1439  3521   229  4822
 7351     921  5102  5126  5330
 7352    4308   710  4549  5201
 7353    2257  1802  2498  4711
 7354    2834  1928  4713  5279
 7355    4307  4288  4489  5055
 7356    2075  4530  4611  4675
 7357     456  3963  4690  5032
 7358    4285  4252  4292  4776
 7359    1415  1229  1434  4412
 7360    1903  4503  5050  5053
 7361    1599  3861  3695  4637
 7362    2591  2592  2575  4903
 7363     786  5355  5326   747
 7364    1364  1379  5154  5353
 7365    4088  4873   268  5221
 7366    1376  1330  4818  4986
 7367    4606  2424  5340  5381
 7368    1003   993  4913  5270
 7369       5  3426  1113   917
 7370    1603  1604  4756  4797
 7371     117   423   198  4892
 7372    4578  4515  5126  5195
 7373    1021   907  1151  4252
 7374    4140  4182  4279  4607
 7375    4451  4373  4571  5089
 7376    4283   697  4687  4696
 7377    3155  3180  3181  4928
 7378    4138  4219  4418  4580
 7379    4451  1933  4569  4721
 7380    3158  3169  3170  4741
 7381    4293  3202  4875  4974
 7382    3412  3484  4266  2629
 7383    3815  3842  4574  4680
 7384    2547  4927  5043  5377
 7385    4194  4199  4215  4254
 7386    4645  4352  4948  4987
 7387    1797  3501   969  4834
 7388    3291  4293  4480  5325
 7389     452  3365  4262  5199
 7390    4556   501  4781  4984
 7391    1570  1652  5300  3702
 7392     307   244  4328  4788
 7393    1521  4982  5011  5365
 7394    2864  1880  5022  5244
 7395    4525  2337  4609  4751
 7396    1062  1051  1078  4772
 7397    4293  1843  4608  5247
 7398    2300   213  2246  5241
 7399    4246  2924  4370  5217
 7400    2075  1409  4530  4834
 7401    4039  4045  4475  5028
 7402    2580  1768    33  4997
 7403    3612  3610  4097  4122
 7404     293  3809  4267  5052
 7405    4154  1075  4252  4292
 7406    4993  5099  5129  5277
 7407     178   721  4283  5034
 7408    1644  1643   446  5365
 7409    4511  3881  3099  4962
 7410    4205  4215  4323  4585
 7411     567  1962  4807  5033
 7412    1603  1602  4700  4797
 7413    1375  1377  1245  4380
 7414    4335  4278  4732  4915
 7415    2662  3773  1938  4622
 7416    4345  4159  4472  4526
 7417      63    37    36  5187
 7418     230  4877  2248  4920
 7419    4431  3387  4507  4851
 7420    4940  4832  5264  5278
 7421      32  2358  5137  5303
 7422    4579  4220  4777  5043
 7423    3070  3034  4331  4336
 7424    1369  1219  1264  4840
 7425      68    67  4706  5238
 7426     500   476  5167  5386
 7427    1912  4902  5233  5268
 7428     704  5056  5256  5379
 7429    1167  3501  4530  3762
 7430      25   568    36  5390
 7431    1583  1589   135  4654
 7432     613   789   887   630
 7433    4276  4324  4582  4665
 7434    4166  4286  4420  4578
 7435    4435  4647  4883  5343
 7436    2584  2526  2737  4731
 7437    4676   490  4690  4984
 7438    4797  3943  5045  5068
 7439      79    30  3736  5314
 7440    3607  3152  4940  5290
 7441    4245  4157  4321  5029
 7442    4182  4232  4251  5138
 7443    3047  3061  4429  5196
 7444    3924  3318  4566  4786
 7445     981  3016   972  4563
 7446    4807    48  5033  5128
 7447    4139  4290  4674  5152
 7448    1204  4823  1370  5352
 7449    2828  1882  2845  4553
 7450     487   467   442  4999
 7451     942   954  4495  4605
 7452    1581  3983  1774  4985
 7453    2051  1947  1268  1999
 7454    4482  4177  4548  4702
 7455    2892  2910  4659  5354
 7456    4771  4306  4830  5036
 7457    1109  1851  2070  5110
 7458    4453  4342  4714  4949
 7459    1176  1127  1146  5083
 7460     965  4831  5184   957
 7461    4137  4313  4464  5130
 7462    4868  4902  4943  5268
 7463    1668  2738  4538  4698
 7464    3296  4477  4956  5100
 7465    2617  1839  2597  4197
 7466     235   288   254  5371
 7467    4387  4401  4568  5007
 7468    2045  2058  4323  5335
 7469     403   872  4267    73
 7470    4323  4669  4671  4688
 7471    4217  3110  4673  4741
 7472    1682  1745  2529  4653
 7473    2079  2044  4669  4671
 7474     529   546  4681  5242
 7475    2785  2769  3685  4484
 7476    1636  1329  1117  4857
 7477    1848  1849  1828  5165
 7478     767  3642   785  4685
 7479    1528  1557  1558  4566
 7480     767   774  3642  4685
 7481      47    46  4169  4807
 7482    4188  3880  4964  5249
 7483     410    40   322  4607
 7484    4310  4147  4346  4424
 7485    3825  3925  2261  5168
 7486    2683  3384  4096  5269
 7487    3450   998  1143  1074
 7488    3295  1456  1464  4805
 7489    1750  1765  1517  4956
 7490     517   872  3809  4267
 7491    4587  4404  4912  5314
 7492    4500  1404  1291  5080
 7493    1538  1961  1795  1766
 7494     988  1987  4983  5247
 7495    3265  3280  3226  4958
 7496    3349  3380  3337  5148
 7497     210   264  3897  4682
 7498    4172  1558  4566  4697
 7499    1154  1302  2089  5383
 7500    2112  2167  2122  4259
 7501    3789  4336  5009  5336
 7502    4312  4291  4365  4507
 7503     549   350   248  1217
 7504    2597  4197  4966  5261
 7505    4194  4215  4653  5306
 7506    2208  2271  4206  4910
 7507    2831  2740  4392  5358
 7508     900   531   518  5195
 7509    4184  4396  4416  4551
 7510    4249  4406  4478  4682
 7511    2978  3002  2966  5319
 7512    1166  1409  3929  4530
 7513    4262  4207  4297  4707
 7514    4633  4251  4804  4923
 7515    1089  2621  4576  4579
 7516    4520  4387  4723  5138
 7517     686   919   825  4493
 7518    2634  1903  4523  5053
 7519    4064  3519  5255  5370
 7520    1103  1159  4489  5232
 7521    2652  4004  4866  5049
 7522    1021  1192  4252  4292
 7523    1601  3943  4098  5045
 7524    2719  4787  4955  5156
 7525    4887   709  5372  5379
 7526     431   418  3988  5086
 7527     811   835   357   838
 7528    2954  3837  2966  5319
 7529    4385  4205  4513  4837
 7530    1356  1090  1827  5087
 7531    1150  1158  1119  4822
 7532    4163  1757  4852  4861
 7533    3672  3657   476  5181
 7534    1933  3200  4129  4891
 7535    4761  4817  1217   259
 7536    4171  4272  4352  4795
 7537    2747  2746  4484  4645
 7538    1540   279  1664  4631
 7539    2324  2351  4279  5051
 7540    1773  1552  4985  5174
 7541    1684  1550  4483  1650
 7542     789   887   630   644
 7543    1299    39   103   324
 7544    2541  2509  2550  4546
 7545    1445  1309   713  4818
 7546     769   159  4524  5275
 7547    4327  4167  4872  4907
 7548    2703  2689  2768  4645
 7549     179  1023  1726  4288
 7550     107  3813   106  5070
 7551    3631  3066  4720  5292
 7552     896   676   686  4750
 7553    4144   498  1217   259
 7554      17   294    16   324
 7555    1913  4195  4263  4835
 7556     277   292  4748  5107
 7557    2131  3545  2097  4924
 7558    2676  2732  4678  5088
 7559    2968  2946  2945  4390
 7560     483   168  4326  4437
 7561    2917  2902  4467  5331
 7562    4137  4313  4363  5333
 7563    4234  4233  4523  4795
 7564    2906  4189  4504  5217
 7565    3979  3239  3719  4727
 7566    4284  4145  5058  5358
 7567    2388  2380  3017  5113
 7568    1154  3735  5114  5383
 7569    4558  4410  4586  4590
 7570    4506  2411  4606  4973
 7571    1927  1943  4851  3387
 7572    4171  4140  4272  4795
 7573    2113  4705  4790  5321
 7574    2737  1904  2407  5031
 7575     452  3393  4707  5059
 7576    4737  1352  4981  5111
 7577    2549  2508  4497  4546
 7578    3770  4290  4824  5054
 7579    4217  4429  5193  5396
 7580     909   790   623   656
 7581    2746  2768  4408  4484
 7582    2408  2912  4375  5119
 7583    3647  3895  3505  4761
 7584    1180  1191  4252  4285
 7585    4192  4309  4399  4663
 7586     455   477   501  4781
 7587    4353  4269  4367  4856
 7588     756   874   695   808
 7589    5151  1581  5239  5344
 7590    2863  2881  4535  2862
 7591    4298  4164  4560  5328
 7592    4457  3022  4588  5336
 7593    4202  4177  5263  5389
 7594     511    15  5001  5206
 7595    1948  2059  2086  4840
 7596    4343  4308  4393  4608
 7597    3522  4095  4062  4086
 7598    5153  4985  5205  5245
 7599    1670  4294  4799  5401
 7600    2953  2978  5319  2977
 7601    1573  1566  1816  4861
 7602     789   613   887   623
 7603    2382  2366  4658  4936
 7604    1351   131  4198  4607
 7605     811   357   464   673
 7606     357   811   838   673
 7607     887   789   655   644
 7608    4412  4468  4945  5154
 7609     764   802  4179  4916
 7610     478   457  4690  4859
 7611     132   542  4181  4682
 7612    1729  1767  1756  5064
 7613    2997  2973  5015  3758
 7614    3031  3019  3005  5066
 7615     918   620   868   840
 7616    3075  3073  3074  5220
 7617    4572  5387  5400  5404
 7618    2252  2834  4713  5279
 7619     519   520  1245  4952
 7620    4159  4212  4931  5389
 7621    1085  1078  4683  4978
 7622    1151   907   582  4252
 7623    2942  2965  4319  4841
 7624    1721  1729  4375  5064
 7625    2743  3679  2758  5324
 7626    3870   366  4708  5157
 7627     801  3782  4415  5052
 7628    4771  4830  4985  5174
 7629     157   151  5056  5272
 7630    4155  4493  4818  5201
 7631    4210  4167  4327  4643
 7632     161   162  5329  5370
 7633     106  1599   107  5070
 7634    2066  1077  1195  4980
 7635    2340  2226  4646  4769
 7636    4737  4325  4855  5341
 7637    3152  3153  4187  5290
 7638      97  4458  4496  4706
 7639    4169  4807  5033  5128
 7640    1837   867  2850  3541
 7641    2799  2825  4238  5362
 7642    2492  2516  2540  4927
 7643    1932  3544  1941  4953
 7644    4143  4199  4205  4215
 7645    1904  2839  5031  5347
 7646    2619  1861  3220  4554
 7647    2122  2243  1918  4302
 7648    2162  1136  2221  5097
 7649    2200  2164  4376  4735
 7650    1534  1533  1566  4135
 7651     342  2294  4735  4745
 7652    5112  4771  5153  5163
 7653    3999  4003  4114  5162
 7654    3022  3023  4457  4588
 7655    2094  2073  4567  4763
 7656    4143  4385  4537  4834
 7657    1065  4281  4421  4647
 7658    2059   565  2086  5313
 7659    4240  4142  4264  4713
 7660    4094  3737  4120  5118
 7661    4539  1590    94    95
 7662    3206  3177  3207  5278
 7663     442  3674  4999  5386
 7664    4298  4132  4306  4888
 7665    1337  1387  1243  1294
 7666    4244  4251  4437  5138
 7667    2792  2791  4713  5324
 7668    4985  1581  5153  5344
 7669    1428  2137  1886  1244
 7670    4435  4420  4870  4883
 7671     625   634  4838  5295
 7672     888  1248   605   110
 7673    3369  3342  4628  4768
 7674    3405  1653  4258  4843
 7675    2533  2520  2519  5388
 7676    3922   533  3601   500
 7677    1167   606  4530  4834
 7678    4994  4993  5129  5277
 7679    1841  1834  4149  5087
 7680     698  4687  4696  5334
 7681     773   781   782  4353
 7682     218  4820  5169  5371
 7683    1679  1655  1864  4833
 7684    4295  4151  4494  4932
 7685    4253  2568  4396  2594
 7686    1313  1223   438  4406
 7687     867  1837   855  3541
 7688    2630  1837  3541  1908
 7689    1020  1043  4363  4468
 7690    1454  1461  3901  4800
 7691    4108  3931  4110  4908
 7692    1941  1983  1942  4688
 7693    4357  4166  4434  4704
 7694    4160  4353  4405  4856
 7695     774   767   759  4685
 7696    2363  2114   958  4581
 7697    1209  4439   381  4607
 7698     487  3908  4999  4081
 7699    3830  3974  4617  4880
 7700    2459  2439  2414  5171
 7701     103  1217  4144   498
 7702     715  1908  2630  3541
 7703     621   715  2630  3541
 7704    3250  3261  3251  4479
 7705    4409  4168  4584  4919
 7706     248   259  4058  4761
 7707    4685  4339  4806  5198
 7708    2669  2778  2737  4619
 7709    2028   287  4325  4765
 7710    4634  4893  5159  5348
 7711    1588  3983  1581  5245
 7712    1706  1875   507  4761
 7713    4192  4690  4810  4984
 7714    4655  4192  4728  5123
 7715    1692  1678  4855  5357
 7716    4191  4196  4201  4322
 7717    4401  4334  4483  4995
 7718    5023  4830  5200  5400
 7719     808   778   917   874
 7720    4145  4149  4263  4835
 7721     753   778  3426   917
 7722     620   868   840   695
 7723    1142  1243  4629  4665
 7724    3426   856  1113   917
 7725    1442  1440  2056  4691
 7726     278  3820  4437  4524
 7727    2785  3685  2747  4484
 7728    4177  4427  4548  5035
 7729    1644  1535  1646  4483
 7730    4540   157  5056  5272
 7731    1646  1638  1658  4483
 7732      33  4564  4616  4938
 7733    4288  4567  4763  5283
 7734    4242  4461  4800  4990
 7735     738  3632  4509  4761
 7736      77    65  4033  4466
 7737    4363  4563  4890  5311
 7738    4617  4046  3984  4574
 7739    4570  4418  4726  4815
 7740     329   328  4849  4949
 7741    4624  2711  4731  4844
 7742    2317  3614  4899  5241
 7743    4357  4567  4624  4844
 7744    2562  2585  2383  4844
 7745    1188  1189  1174  4305
 7746    2585  1645  4844  2562
 7747    2778  3838  4619  4844
 7748    1060  1393   225  5190
 7749    4196  4191  4201  4491
 7750    2359  1111  1878  5137
 7751    1213  4823  5303  5402
 7752    2276  2655  3959  5058
 7753     785  4806  5326  5355
 7754    1946  3340  3384  4896
 7755    4425  4903  4919  5088
 7756    1625  3586  1624  4700
 7757    1079  5166  1110  4446
 7758    4727  5104  5294  5170
 7759    3378  1472  4807  4969
 7760     253   235   218  5169
 7761      97    67    96  4539
 7762    1590  4428  4458  4539
 7763    3756   930  5126  5288
 7764     320   319   372  5384
 7765    3917  3272  4063  4845
 7766    1869  3457  2797  3831
 7767    1274   419  3731  5384
 7768    1294  5026  1366  4250
 7769    4527  4341  4644  5323
 7770    4843  3420  4258  3405
 7771    4165   401  4519  5276
 7772     275   286   251  4473
 7773     518   531  4532  5195
 7774    2655  2217  3959  5058
 7775    2894  2889  3681  4936
 7776     363   352  4849  4949
 7777     168   224  4748  5107
 7778      47    59    48  5128
 7779     487  4812  5309  4999
 7780    1277   742  5342   672
 7781     131  4198  4607  4882
 7782    2601  4462  5058  5378
 7783    1761  1533  4135  4852
 7784    5066  4852  4861  4163
 7785    2426  1730  5204  5227
 7786    4247  2612  4253  4396
 7787    1075  1192  4292  1193
 7788    4697  4566  4786  5231
 7789      72   617  5104  5334
 7790     491   431   430  5086
 7791    4138  4270  4487  4580
 7792    2946  2419  2430  4390
 7793    1807  2216  3545  4924
 7794    3887   525  4568  4859
 7795    1787  3989  3982  4615
 7796    2220  1758  4720  5292
 7797     376   408   386  5037
 7798    3076  3092  4086  4299
 7799     698   697   721  4696
 7800    1472  2431  1471  4969
 7801    2626  2608  5088  5235
 7802    1321  1389  1434  4412
 7803    1303  1439  4385  4837
 7804     872    73  3809  4267
 7805    1025   651  4226  5333
 7806      16   549   551  1217
 7807    4766   637  4921  5293
 7808     874  3426   917  4664
 7809    1216  1580  4341  4527
 7810    3020  3040  5348  3506
 7811    3155  3987  3131  4455
 7812    2987  4123  4802  4900
 7813    4628  4287  5045  5302
 7814     531   776   540  5266
 7815    1804  2465  4163  1757
 7816      45  1122  4293  4974
 7817    3239  3238  3719  4727
 7818    1785  1764  1763  5366
 7819    3182  3167  3134  5267
 7820    4427  4650  4773  5267
 7821    5018  1763  4162  5366
 7822    4207  4262  4297  5059
 7823    1721  5064  5116  5189
 7824    1264  1381  4840  1957
 7825    3993  3012  4627  5396
 7826    4256  4294  4799  4820
 7827    1277  1291   928  5382
 7828    2442  2465  2443  4930
 7829    4272  4238  4352  4795
 7830    2533  2532  4497  5388
 7831    3088  3101  3102  4560
 7832    4455  4693  4961  5337
 7833     565  1929   819  5087
 7834     418   457  4859  5086
 7835    4255  4391  4739  4879
 7836    4449  4148  4621  4784
 7837      50  3640    69  5345
 7838    4479  4188  4964  5249
 7839    4391  2148  4879  4988
 7840     472   132   379  5364
 7841    3681  3560  4936  5359
 7842    1077  1060  4980  5190
 7843    1599   137  3811  4637
 7844    2689  4536  4853  5173
 7845    1932  1912  5233  5268
 7846    4463  1932  4953  5268
 7847    4159  4202  5193  5389
 7848     669   712  4226  5208
 7849    2052  1733  4891  5089
 7850    2439  2459  4814  5171
 7851    1804  2485  4531  4861
 7852    4272  4140  4433  4795
 7853    3821  4319  4495  4841
 7854     182   247   391  4929
 7855    1905   819  1929  5087
 7856    1052  1028  4772  4954
 7857    4599  4342  4836  4959
 7858    4143  4158  4207  4795
 7859    2544  2594  2582  5261
 7860     396   363   352  4849
 7861    3247  3339  4738  5265
 7862     377   371  5133  5384
 7863    1693  4373  4626  5089
 7864    4953  1932  5233  5268
 7865    1765  1764  1777  5012
 7866    4267   728  4317  4492
 7867    4504  2377  4535  4730
 7868    4314  4661  4821  5345
 7869     932  3976  4337  5120
 7870    4343  4149  4747  5247
 7871    2582  4247  4536  4987
 7872    4194  4143  4207  4795
 7873    4009  3941  4891  4911
 7874    3808  2547  4927  5043
 7875    2000  1421  1418   392
 7876    4296  4508  4714  4979
 7877    2068  2081  2082  4850
 7878     229  1150  4822  3521
 7879    2531  4996  5191  5380
 7880     760   747  3528  4887
 7881    2785  2747  2800  4484
 7882    1375  1245   520  4929
 7883    2259  5219  5250  5393
 7884    2782  2760  2698  4726
 7885    1761  1771  1551  4852
 7886    2907  2899  4189  5171
 7887    4734  4440  4741  5263
 7888    4156  4734  4741  5263
 7889    4409  4529  4898  5362
 7890    2561  2396  2570  4731
 7891    2906  4504  4730  5217
 7892    3187   532  4592  5265
 7893    2508  2548  4497  2520
 7894    2817  1165  1184  4862
 7895    3333   572  3375  3625
 7896     311  1013  4186  4860
 7897    4335  4132  4460  4771
 7898    4517  4693  5188  5337
 7899     238   266  4666  4757
 7900    3088  3116  3101  4560
 7901    4185  2327  4391  4651
 7902    4176  4393  4631  5201
 7903    3934  4016  4077  4680
 7904    4163  2501  4416  5223
 7905    3427  3451  4891  4911
 7906    2464  1756  4375  5227
 7907    1551  1566  1533  4135
 7908    2600  4261  4397  4854
 7909    4189  2925  4246  5217
 7910     765   773  4353  4856
 7911    1894  1961  1766  2026
 7912    1704  1480  3222  4805
 7913    3267  3207  3227  4925
 7914    2843  2842  4597  4640
 7915    1008  3874  1226  4813
 7916    2819  4636  4713  4755
 7917    4712  5102  5115  5330
 7918    1602  1614  1615  4700
 7919     321   844   263  4788
 7920    3299  3268  4113  4858
 7921    4192   397  4918  5037
 7922    2443  3787  2442  4930
 7923    4350  4255  4395  5240
 7924    4566  4786  4846  4858
 7925     437   180   293  4267
 7926     737   750  4774  4848
 7927    3191  3192  4355  5264
 7928    4681  4794  5139  5243
 7929     295   202  4239  4657
 7930    4582  4450  5090  5218
 7931    1598  2087  2085  4490
 7932    4145  4357  4434  4589
 7933    3563  3319  4821  5230
 7934    2828  2845  2771  4553
 7935    2574  2573  2625  4710
 7936    4914  4540  5056  5272
 7937    1431  3659  1243  4629
 7938    4243  4234  4653  4795
 7939    4262  4430  4707  5199
 7940    4594  4189  5171  5197
 7941    1019  1190  4204  4657
 7942    5057  5161  5368  5402
 7943    4388  2425  5109  5381
 7944    2162  1323  1390  5246
 7945    3887   510  4568  5206
 7946     465   497  4855  3977
 7947     106  3739  1592  5070
 7948     269    26   771  3952
 7949    3543  3717  3043  4634
 7950    1546  1867  4239  4657
 7951     351   352   329  4849
 7952    1929  1827  1905  5087
 7953    1652  1961  2026  1886
 7954    4467  2908  4824  5331
 7955     726  1917  3558  3952
 7956    4140  4174  4182  4394
 7957    4231  4406  4465  4478
 7958    4174  4206  4235  4779
 7959    4341   811  4527  4644
 7960    3346  3375  3583  3625
 7961    4322  3210  4517  4960
 7962    1068  1067  1095  5154
 7963    3584  3237  3211  4960
 7964    4515  4420  4578  5288
 7965    1084  1049  1076  5154
 7966     129   139   149  5144
 7967    4293  4166  4480  4704
 7968    1961  1894  1766  5075
 7969    2287  2350  2318  5103
 7970    3384  3802  4096  5269
 7971    4471   216  4809  5392
 7972    4209  4482  4801  4838
 7973    3683   430  5037  5086
 7974    2397   951  4619  4775
 7975    3606  1173  3726  5155
 7976    2535  2494  2534  4546
 7977    4201   146  4994  5129
 7978     207   218  3502  4294
 7979    4544  4180  4587  5027
 7980     262   253  1516  4725
 7981    3110  3158  4673  4741
 7982    2483  2476  2435  5152
 7983    3960  3281  3946  4786
 7984    4563  4386  4884  5213
 7985    4186  1013  4558  4860
 7986    3162  5400  5398  3174
 7987     362   888   110   404
 7988    1312   969  2075  4834
 7989    2414  2377  2395  4535
 7990    4133  4269  4330  5138
 7991    4224  4249  4359  5266
 7992    1388  1300  4633  5318
 7993     479   510  3655  5206
 7994    1978  1724  3767  4782
 7995     801  4942  5021  5052
 7996    2720  2679  4447  5209
 7997    1678  1547  4855  1598
 7998    1610  2012  1549  4816
 7999    1789  2257  4246  4711
 8000    4160  4229  4328  4746
 8001    4218  4166  4596  4704
 8002     226   160   496  4157
 8003    1357  1118  1950  5077
 8004    4729  2041  5105  5362
 8005    4717  4822  4939  5190
 8006    4223  2343  4785  5175
 8007    1077  2066  4939  5190
 8008    3103  3130  3070  5009
 8009    2240  2197  2194  5017
 8010    1078  1085  1086  4978
 8011     295   104  1190  4721
 8012    1878  1111  4609  5137
 8013    4536  2689  4645  5173
 8014    1267  1382  2146     7
 8015    4555  4475  4642  5028
 8016    2736  4632  4943  5209
 8017    1769  2148  2322  4739
 8018    4194  4243  4653  4795
 8019    1791  1790  4531  4861
 8020    2865  2375  2873  5360
 8021    1138  1121  1149  5166
 8022    1183  2103  1184  4648
 8023    4498  4460  4966  5261
 8024    1987  3905  4983  5110
 8025    1917  1395  2110  3952
 8026    1554  1786  1785  5018
 8027    3994  3969  4541  4730
 8028    4347  4428  4709  5028
 8029    4233  4243  4356  4795
 8030    1917    26  1395  3952
 8031    2899  2906  4504  4730
 8032    2902  2894  3560  4936
 8033     478   525  4859  5032
 8034    1908   855  3541   715
 8035    1106  2742  4257  4446
 8036    2865  2874  2868  5360
 8037    2275  2207  4977  5241
 8038    3921  3935  3818  5351
 8039    4306  4148  4449  4803
 8040    2469  3835  2480  5251
 8041     750  4774  4848  5252
 8042    4484  4597  4640  4955
 8043    1961  2026  5075  5300
 8044    4591  2967  4627  4884
 8045    1680   262  1516  4725
 8046    3172   452  4262  5059
 8047    2579  2544  2582  5261
 8048    3666   409   398  5086
 8049    4132  4379  4621  4993
 8050     973  4563  1001  5311
 8051    1414   362  5026  1152
 8052    1056  1031  5142  3353
 8053    4271  4440  4963  5263
 8054    4845  4727  5385  5390
 8055    2687  2760  2699  4425
 8056    1639  1578  1631  5391
 8057     974   992  4643  5259
 8058    4573  2347  4946  5130
 8059    1387  1337  1243  1234
 8060     254   255   256  4328
 8061    2965  2988  4319  4043
 8062    2017  2091  3699  4626
 8063    2767  2768  2733  5173
 8064     867  2502  2833  3940
 8065    4549   878  4783  5218
 8066    3393   186  4297  5059
 8067    1343  1597  3965  5150
 8068    2119  2142  4672  3783
 8069     215  3730   204  5329
 8070    2899  2900  4535  5171
 8071    1754  2240  2268  5017
 8072    3505  3895  3714  4761
 8073     339   298  4836  5044
 8074    2174  2339  4656  5212
 8075    3586  1625  4638  4700
 8076    2194  2197  2225  5017
 8077    3230  4377  4960  5286
 8078    2154  1769  2322  4739
 8079    3113  3124  3493  4800
 8080    4801  4177  5004  5035
 8081     687   666  4598  4766
 8082    4472  4327  4643  4913
 8083    4161  4160  4269  4330
 8084     397   429  4192  4676
 8085     248   549  1217  4761
 8086    4224  4231  4249  4984
 8087    4139  4290  4610  5054
 8088     739  3788  3663  4635
 8089    2194  2225  4541  5017
 8090    2761  2762  2744  5179
 8091    4182  4185  4255  4391
 8092    2545  2485  4163  4861
 8093    2367  2368  2868  4936
 8094    1932  1942  4291  4953
 8095    2446   945  2445  4970
 8096    2853  2824  2823  5179
 8097     416   417  4714   426
 8098    4372  4210  4411  4497
 8099      85   107  4496  3629
 8100     641   522  4106  5181
 8101    4744   150   130   691
 8102    4106  4595   641  5181
 8103    4234  4243  4653  4885
 8104     720  3785   919  4493
 8105     951  1904  4619  5347
 8106    4335  4216  4460  4481
 8107    3209  3194  5124  5317
 8108    3526  2193  3769  5228
 8109    1600  1634  1697  4501
 8110    3867   595  4071  4337
 8111     220   235   254  5371
 8112     743  1368  4437  5275
 8113    4437  1368  4524  5275
 8114    3657  3672  4106  5181
 8115    4524   159  5010  5275
 8116    1506  1619  1687  5065
 8117      11    12  3727  4782
 8118    2517  2472  5380  4052
 8119    3261  1482  4479  4805
 8120      92   124  4621  4784
 8121    3092  3093  4121  4299
 8122    4146  4136  4357  4870
 8123     459   315  5186  5287
 8124    4312  4291  4507  4968
 8125    3565  3033  3044  5350
 8126    4132  4306  4449  4771
 8127    4158  4241  4286  4366
 8128     994  1094   935  5016
 8129    2427  2220  4141  4930
 8130    3283  3238  4845  5390
 8131    3670  3622   379  5364
 8132    2225  2197  4370  5017
 8133     569    31   598  4476
 8134    4414  1890  4796  5140
 8135    2249  1032   640  4648
 8136     343  1437  4398  4745
 8137    3867  4071  4118  4337
 8138    2189  2311  2187  4767
 8139    1980  1971  1970  4529
 8140    4556   524  4984  5364
 8141    1215  3510  1227  4981
 8142    2967  2954  2966  5319
 8143    4126  2988  4617  4627
 8144    4151  4371  4498  4518
 8145    4578  4783  5195  5288
 8146    5403  3203  5399  4803
 8147    4238  4272  4352  5173
 8148    4348  4269  4558  5106
 8149    1923  4474  4550  4910
 8150     774   766  4454  4685
 8151    4502  4500  5080  5402
 8152    1092  2329  3907  4376
 8153    2570  2604  2561  4731
 8154    4569  4204  4721  5225
 8155    3560  2901  4674  5359
 8156    4336  4265  4517  5019
 8157    2412  4886  4936  5340
 8158    5204  4375  2464  5223
 8159    1647  1535  1644  5011
 8160    2896  2904  4403  4659
 8161    2487  2527  2504  4839
 8162    4360  2981  4422  5015
 8163    3125  3149  3733  4800
 8164     387  1571  4358  4819
 8165    4672  4580  4811  5160
 8166    4359  4296  4528  5234
 8167    3124  4242  4800  5292
 8168    4137  4363  4563  5130
 8169    4244  4326  4437  4699
 8170    3900  2934  4246  5064
 8171    4320  4324  4450  4582
 8172    1692  1547  4855  1678
 8173    1157  1167  1326  5093
 8174    3546  4196  4378  5095
 8175     349   327  4373  4736
 8176    4153  1529  4225  4697
 8177    1559  1568  1569  4172
 8178    4648  4562  5081  5140
 8179    2883  2873  4618  4869
 8180    2084  2088  4835  5313
 8181     972  3016  4313  4563
 8182    3154  3138  4940  5290
 8183    3947  3939  5072  5237
 8184     131  1279  4612   545
 8185    3459  3434  4204  4451
 8186    4022  1137  4905  4978
 8187    4544  4786  5027  5231
 8188    4273  4372  4413  4542
 8189    1290    55  1958  4765
 8190    4315  4416  4438  4792
 8191    1376  1445  4818  1330
 8192    4786  3960  4846  4858
 8193    1221  4056  4644  5323
 8194     147   128   138  4934
 8195     106  3813  3739  5070
 8196    4269  4161  4330  5138
 8197    2369  2375  2376  5360
 8198    1775  1740  5200  5400
 8199    2939  4403  4872  4874
 8200    4263  4276  4284  4867
 8201    2596  2595  2627  5261
 8202     634   635  4838  5295
 8203    1336   821  1100  5218
 8204     613  4873  5096  5221
 8205    3019  3040  4344  5066
 8206     548   640  5081  5228
 8207    1233   605  1309   118
 8208    2146  4392  2136    28
 8209    1681  3531  1641  4857
 8210    2035  1877  4983  1897
 8211    4427  3167  4715  5267
 8212    4873  4644  5075  5300
 8213     698  3497  4687  5334
 8214     510  3887  3846  5206
 8215    4201  4994  5098  5117
 8216    4240  2830  4289  4338
 8217    4838  4482  5035  5091
 8218      24     0  4181  4612
 8219    4196  3546  4496  5095
 8220     120   128   147  4934
 8221     828   738  5262  3686
 8222    3145   601  4679  4914
 8223    4373  4782  5047  5089
 8224    2166  2173  2322  4739
 8225    4595  5073  5181  5234
 8226    4354  4340  4382  4506
 8227    3268  3228  3208  5147
 8228    4592   532  5073  5265
 8229    1261  3568  1326  5093
 8230    4046  4054  4574  4909
 8231    3770  2908  4674  4824
 8232    4423  4399  4522  5149
 8233    3440   160  4282  4867
 8234    1314  1220  3716  4195
 8235    3123  3122  4951  5046
 8236     427   385   384  4708
 8237    4311  4300  4719  5131
 8238    1124   548  1153  5081
 8239     831   632   891  4266
 8240    4243  4194  4553  4597
 8241    3516  3882  3754  4141
 8242    2942  2896  4841  3821
 8243     799  2765  1923  4764
 8244     497   280   439  4631
 8245    4690  4655  5007  5086
 8246     497  3977   280  4631
 8247    4518  4554  4943  5049
 8248    4141  2443  4930  5168
 8249    2396  2505  4743  5024
 8250    2603  2806  2479  4261
 8251    3018  3700  3516  4141
 8252    5255   205  5370  5392
 8253    2008  2069  2048  4323
 8254    1924  2721  1925  4868
 8255    4198  1351  4607  4684
 8256    2206  2214  4790  4920
 8257     545  1223  4612   265
 8258    1540  4176  4393  4631
 8259    1500  1514  1515  4800
 8260     308     3  4612   246
 8261    2831  2152  2172  4867
 8262    1566  1534  4135  4214
 8263    4611  4146  4653  4718
 8264    2421  2479  2806  4261
 8265    2946  2402  4950  2430
 8266    2407  3534  4462  5031
 8267    3187  3339  3247  5265
 8268    4629  4392  5291  5320
 8269    3649  2883  4610  4869
 8270     268   613  5096  5221
 8271    1515  1514  1532  4800
 8272    2245  2835  4521  4920
 8273    1500  3901  1461  4800
 8274    4306  4298  4545  5036
 8275    1417  1163  5246  5339
 8276    1720  2197  1727  4370
 8277    1363  1391   761  4754
 8278    2466  3366  4349  4762
 8279    4358   341  4655  4728
 8280    2406  3288  3383  4432
 8281    4196  1606  4496  5070
 8282    2713  2659  2672  4579
 8283     652  3844  3911  3992
 8284    1793  4449  4904  5180
 8285    1328  1556  4816  5322
 8286    2220  4163  4852  5066
 8287       3   308  4612     0
 8288    4357  4366  4534  4870
 8289    3315  3344  3261  4162
 8290    2120  1908  3630  3927
 8291    3100  4780  5159  5348
 8292    1673  3376  1667  5150
 8293    3315  3261  1482  4162
 8294    4143  4205  4333  4816
 8295     127  2537  4530  4611
 8296    3632   596  4691  4761
 8297    3949  3931  3099  4908
 8298    4567  2094  4763  5312
 8299     358   642   421  5141
 8300    2284  2216  4362  4779
 8301     985   955   974  4913
 8302    3380  4821  5148  5394
 8303    4674  4886  4936  5359
 8304    3805  1514  1500  4800
 8305      84    67  4065  4706
 8306    4793  4823  5303  5352
 8307     690   801  4942   631
 8308    3883  3901  1500  4800
 8309    2294  2361  2325  4735
 8310    3344  1465  3370  3371
 8311    4218  4316  4510  4738
 8312    1063  1087  4954  1062
 8313    2325  2164  2247  4735
 8314    1974  3720  4312  5122
 8315    2301  2204  2131  4565
 8316     665   681  4598  4921
 8317    5249  5018  4162  4904
 8318    1466  1467  3392  4956
 8319    4467  2936  4770  5374
 8320    1697   338  4453  4849
 8321    5068  1594  5153  5245
 8322    4179  4405  4916  5006
 8323    1339  4552  4892  5282
 8324     490   554   509  5375
 8325     703  3528  4887  5372
 8326    2918  2939  4403  4872
 8327    3277  3147  3385  3339
 8328     508   477  4781   501
 8329    2174  2180  4474  4550
 8330    1076  1095  1296  5154
 8331    1514  3981  3948  4990
 8332    1952  4571  4891  4911
 8333    2194  2195  2240  5017
 8334    2568  2611  2594  4253
 8335    4394  4213  4474  4910
 8336    3814  4103  4617  4077
 8337    4317  4308  4510  4740
 8338     673  1221  4644  4873
 8339    4383  2514  4759  4863
 8340    3999  4048  4035  5162
 8341    1989  2084  3951  4835
 8342     580  4397  4833  5053
 8343    1763  5018  4162  5249
 8344    4687   130  4744  5144
 8345    4201  4347  4428  5284
 8346    5219  2175  3812  2259
 8347    2839  4275  4829  5347
 8348     298   297  4836  5067
 8349    2964  2987  4802  4874
 8350    1412  2056  1395  4691
 8351    4365  4431  5269  5361
 8352    5058  4867  4282  5024
 8353    1728  1779  1767  4246
 8354    3073  3766  3035  4407
 8355    4137  4313  4436  4464
 8356    4621  4449  4784  4971
 8357    2480  2491  4593  5251
 8358    4388  4290  4546  5152
 8359    3236  3584  4555  4960
 8360    4241  4592  4976  5101
 8361    4210  4273  4372  4413
 8362    3160  3183   627  4951
 8363    3909  3938  4480  4875
 8364    4210  4167  4931  5019
 8365    4366  4489  4641  5232
 8366     355  3591   354  4399
 8367     118   725  4493  4516
 8368    2395  2414  4535  5257
 8369    2155  2136  2146  4867
 8370    1384   807  1797  4537
 8371    4878  2165  4933  5321
 8372     364   365  4522  5157
 8373    3201  3327  3912  4480
 8374    3011  3028  4067  5315
 8375    2477  2460  4594  1788
 8376    1088  1079  1110  4954
 8377    1076  1059  1068  5154
 8378    4690   456  5032  5375
 8379    1595  5068  5205  5245
 8380    2220  2427  2465  4930
 8381    1248   888   605  4516
 8382    4293  4307  4704  4974
 8383     913   631  4942   895
 8384    3376  3360  1667  5150
 8385     228  3783  4084  4722
 8386    1183  1184  4562  4648
 8387    4639  4270  4656  4705
 8388    4561  4235  4764  5260
 8389    3090  3106  3089  5071
 8390    1086  1085  1104  4978
 8391    1928  4521  4713  5279
 8392    2542  1857  5165  5248
 8393    3673  2692  4943  5209
 8394    3446  2074  2029  3635
 8395    1215  1256  4670  1318
 8396    4464  4798  4826  5097
 8397    2973  3530  2996  5015
 8398     759   767  3598  5355
 8399    2935  2995  2996  5015
 8400    2033  2025  2024  4816
 8401    3330  3329  4463  4488
 8402    4301  3210  4555  5124
 8403     138   137   176  4934
 8404    1313  1223  4406  4684
 8405    4175  4174  4231  4433
 8406    2434  4382  5109  5381
 8407    3663   705   739  4635
 8408     939   953  4563  3016
 8409    4483  4170  4725  4819
 8410    3294  1833  5094  5302
 8411    4420   775  5288  5342
 8412    3844  1503  3911  5012
 8413    1137  1104  1127  4978
 8414     448   435   402  5003
 8415    4243  4397  4833  4885
 8416     501   490  4676  4984
 8417    4269  4150  4330  4410
 8418    3709  1582  3849  4245
 8419    4335  4331  4381  4732
 8420    1741  1748  4479  4805
 8421    3031  3768  4459  5066
 8422     476   486  5167  5386
 8423    3165  3210  4301  5124
 8424    2987  2964  4802  4841
 8425     852   521  4316  4596
 8426    2636  4620  4791  4938
 8427    3018  4128  5066  5292
 8428    3496  2285  4705  4877
 8429    4162  1749  4479  4805
 8430    2345  2328  2267  4395
 8431    2892  2878  4831  5354
 8432    2547  2622  2588  4777
 8433    1540  1657  1523  4393
 8434    3680    35  5304  5327
 8435    1788  1809  1799  4594
 8436    1009  2610  2127  2062
 8437     979   972  3111  5333
 8438    4443  4559  4683  4978
 8439    2389  2399  3615  5113
 8440    1571  1579  4358  4819
 8441    1390  1156  2162  5246
 8442    1032   548   640  5081
 8443    4263  4284  4743  4867
 8444    3628  1250  4837  4850
 8445    2320  2323  2190  4414
 8446    2936  2937  4770  5374
 8447    2270  2133  4550  4651
 8448     569  3760  4476  5062
 8449     856  3454  4664  3426
 8450    4161  4232  4269  4394
 8451    3501  3929   969  4834
 8452    1309  1445   713   485
 8453    1276  2028    55  4765
 8454     332   355  3950  5149
 8455    4445  4326  4505  5138
 8456    2061  1935  4694  4782
 8457    4481  4993  4994  5370
 8458    1049  1084  4468  5154
 8459    1380  1291  1404  5080
 8460     396   382  4714   417
 8461    3524   812  4492  5021
 8462     543  4625  4757  5001
 8463    1644   446  1521  5365
 8464    4212  4446  4683  4772
 8465    3031  3068  4344  5066
 8466    1913  3951  1071  4835
 8467     229  1303  4385  5322
 8468    4390  4485  4950  5259
 8469    3034  3045  4336  5015
 8470    4232  4255  4338  4879
 8471    4551  2545  4966  5261
 8472    2830  2192  4289  4338
 8473    4119  3721  4680  4880
 8474    4281  4145  4320  4582
 8475    2688  2732  5088  5235
 8476     436   435  4165  5141
 8477    1664   485  4176  4818
 8478    4505  4652  4681  5242
 8479    4186   871  4512  4558
 8480    2156  4796  5140  5240
 8481    4445  4332  5085  5258
 8482    4385  4143  4641  5322
 8483    4365  4452  4896  5269
 8484     872   403  4267   735
 8485    1606  4196  4491  5070
 8486    3414  1933  3445  4569
 8487    1584  3817  3360  5150
 8488    4139  4237  4469  5171
 8489    2997  3691  3045  5015
 8490     467  4781   466  5309
 8491    2550  2573  2574  4710
 8492    4206  4174  4561  4764
 8493    2153  2839  2330  4275
 8494    2805  2753  2752  4632
 8495    2089  2064  4321  5225
 8496    1840  4197  4518  5121
 8497    1653  3420  4258  3752
 8498    3279  1627  3597  5150
 8499     684   905  4492   813
 8500    3695   137  1599  4637
 8501    1022   961  4373  1055
 8502    4263  1352  4840  5111
 8503    4485  4424  4839  5281
 8504    2325  2247  2362  4735
 8505    1564  1637  4208  5150
 8506    3002  3012  3036  5396
 8507    1659  4201  5117  5401
 8508    2557  2353  2241  5092
 8509      74  1402  4748  4882
 8510    4191  4201  4265  4322
 8511    2987  4802  4874  4900
 8512    4467  4340  4931  5374
 8513    1557    81  5099  5134
 8514    4340  4290  4388  4467
 8515    4727  5216  5294  5390
 8516    1226  3856  1108  5203
 8517    2884  2874  4869  5359
 8518    2771  3723  2803  5185
 8519     255   307  4328  4746
 8520     546   538  5010  5242
 8521    1552  1581  4985  5344
 8522     387  1562  1571  4819
 8523    3378  1473  1672  4807
 8524    4753  4187  4888  5290
 8525    4345  4159  4485  5259
 8526     813   684   863  4317
 8527    2499  2500  4416  4551
 8528     585   617   618  5369
 8529    2089  3735  1154  5383
 8530    5104    37  5294    38
 8531    3325  3243  2990  3362
 8532    3096  3202    45  3186
 8533      71    51  5095  5385
 8534    2824  2795  2763  5179
 8535     750    42  4774  5252
 8536    4525  4793  4823  5303
 8537     845   826   844  4602
 8538     367   331   365  4663
 8539    1309   118  4818  4986
 8540    1165  1164  4862  5210
 8541    1814  1813  4300  5079
 8542    4621  1589  4756  4971
 8543     436   435   449  4268
 8544    4313  4310  4436  4464
 8545     598   585  4476  4482
 8546    2098  2283  2339  5274
 8547     784   794  4454   774
 8548    2581  1873  1879  4894
 8549    2490  2506  2530  5273
 8550    4132  4460  4771  5163
 8551     396   395  4849   351
 8552    1418   392  1381  4263
 8553    2995  4173  4422  5015
 8554    4548  4482  4702  5170
 8555    1927  2683  5269  3942
 8556    1155  1161  1188  4305
 8557    1527  1661  5182  1498
 8558     723  3401   671   762
 8559    4594  4504  4814  5171
 8560      79    78  4784  4912
 8561     660   853  4783   929
 8562     177   193  5316   165
 8563     568    25   559  5390
 8564    3000  3851  3001  4116
 8565    1298  1964  1304  4307
 8566    4951  4914  5226  5256
 8567    1544  4208  4293  4608
 8568     682   665   681  4598
 8569    3071  3104  3609  5009
 8570    3574  3722   532  5073
 8571    1775  1774  1792  5180
 8572    4271  4440  4773  5267
 8573     204   190   250  5329
 8574    4347  4381  4475  4709
 8575    4392  2146  2136  4867
 8576    3396  1470  4969  3356
 8577    1545  1897  2035  4983
 8578    5020  4932  5094  5121
 8579     910   883  4558  5106
 8580     636   610  4801  5004
 8581    3884  3036  4093  5040
 8582    2249  4562  4648  5140
 8583     585  4476  4482  5091
 8584    1166  1167  1157  5093
 8585     628   779  4193  4783
 8586    4161  4160  4229  4256
 8587    3069  3057  3056  4560
 8588    3036  3993  4880  5373
 8589     132  3897   264  4682
 8590    1564  4208  4304  4740
 8591    2152  2155  2172  4867
 8592    3174  3162  5387  5398
 8593    4207  4151  4295  4932
 8594     728   829  4267  4317
 8595    4778  4568   479  5206
 8596    4310  4159  4345  5193
 8597    2438  2459  2414  4603
 8598    1731  4025  3914  4242
 8599    4146  2694  4261  4718
 8600    4285  4860  5106  5339
 8601    1061  2347  2296  4559
 8602    4266  3438  4538  4843
 8603    1130   907  3792  4252
 8604     561   904   720   404
 8605     309  3637  4527  5323
 8606    4935  3764  4753  4545
 8607     123   142   649  5272
 8608    2376  2369  4618  5042
 8609    4073  3326  5005  5055
 8610    3387  1927  2671  4431
 8611    3559  3672   475  4595
 8612    4222  3898  4618  5042
 8613    4801  4209  4838  5295
 8614     462   463   449  4268
 8615    2663  2582  4987  2649
 8616    3203  3175  5403  5399
 8617    2535  2436  4237  4603
 8618     248   596  3755  4761
 8619    4939  2066  4980  5190
 8620    4173  3530  4290  5015
 8621     974   955  4605  4913
 8622    4372  4996  5177  5388
 8623    2012  1556  4816  2025
 8624    1435  4439  4607  4684
 8625     160  2172  2160  4867
 8626    1137  1147  1148  4905
 8627    3613  1952  4891  4911
 8628    2820  2124  2252  4289
 8629    3268  3208  3267  5147
 8630    2483  2508  4546  5152
 8631    1793  1783  1792  5180
 8632    4883  4712  5008  5115
 8633    4286   522  5073  5234
 8634    1418  1989  2000  4263
 8635    2878  4659  3823  5354
 8636     173   189  3919  4379
 8637    1607  3307  5232  5325
 8638    4393  4490  4631  4737
 8639      68    84  4496  4706
 8640     238   266  4757  4882
 8641    2284  2216  1807  4362
 8642    2671  4096  4431  5269
 8643    2558  2559  2538  4890
 8644    2706  2705  2748  3557
 8645    4208  1544  4293  4875
 8646     148   120  4744  5144
 8647     647   625   618  5369
 8648    3764  3575  4545  4935
 8649    4232  4338  4614  5140
 8650     420   448   402  5003
 8651    1008  1065  4421  4647
 8652    4329  4368  4638  4700
 8653    2623  2639  2640  4777
 8654    4563   963   944  2445
 8655    3137  3126  5162  5387
 8656    3243  3289  4740  3308
 8657    1486  3553  2636  4938
 8658     456   509  5032  5375
 8659    3973  3611  4316  4317
 8660    1666  3244  3664  5332
 8661    5148  3321  4314  3337
 8662    1260  2030  4239  4657
 8663    1178  1805  2505  5114
 8664    3037  3014  4230  4591
 8665    2592  2551  4903  5307
 8666     366   428  3870  4708
 8667    3493  3113  4800  4990
 8668    1983  1973  1942  1997
 8669    2932  2170  2949  5168
 8670       6  3713  4577  4860
 8671    1737  4025  1731  4242
 8672    2404  2413  4469  4869
 8673     790   909  1155  4604
 8674    2196  4391  4957  4988
 8675    1060  3521  4822  5190
 8676    3718  4075  5296  5350
 8677    3806  3935  3302  4821
 8678    4846  4180  4858  4925
 8679    2157  2238  1972  4957
 8680    4219  4138  4384  4409
 8681    3002  3036  3013  5396
 8682    1209   381   153  4607
 8683    2650  3662  2651  4866
 8684      92   124   135  4654
 8685    4249  4406  4682  4984
 8686     653  1411  4929  5275
 8687    2460  2405  2439  4504
 8688    2278  2830  4289  4636
 8689    1814  2536  4438  4719
 8690    2563  2530  4383  4542
 8691    4067  4068  4116  5145
 8692    4778   511  5001  5206
 8693    1783  1775  1792  5180
 8694    1304   155  1298  4307
 8695     302   355   332  5149
 8696    2097  2301  4565  4924
 8697     711   706   712  5208
 8698     176   164   138  4934
 8699    2119  3553  4620  5260
 8700    2993  3006  4893  5305
 8701    4132  4449  4621  4771
 8702    1563  1644  1658  4483
 8703     684   920   893   739
 8704     633  3820   278  4524
 8705    5399  3162  5400  5398
 8706      71    62  4378  5095
 8707     606  1261  1326  5093
 8708    3118  4301  4331  4381
 8709    2861  2333  2210  3848
 8710    4265  4191  4322  4377
 8711    2997  3045  3034  5015
 8712    1268  2051  1999  4765
 8713    4160  4179  4191  4856
 8714     746   729   745  5034
 8715    4446  4755  4862  5210
 8716    2529  4653  4718  5306
 8717    2831  2740  2152  4392
 8718     896   878  4750  5218
 8719    2417  2219  2428  5113
 8720    2998  4457  4872  5019
 8721     574    60    61  5238
 8722    2718  2624  4815  5048
 8723    4353  4339  4685  5198
 8724    4196  4496  4706  5095
 8725     147   138   164  4934
 8726    2981  2995  4422  5015
 8727    2854  3800  4616  4729
 8728    1308   279  1628  5357
 8729    3001  3610  3612  3851
 8730     215   161  5329  5370
 8731     744  4218  4578  4596
 8732    4304  4415  4608  5182
 8733    2164  2361  4279  4735
 8734    4067  3028  4115  5315
 8735    4318  4322  4377  5095
 8736     407   486   442  4979
 8737     911   335  5108   659
 8738     617   585   598  5369
 8739    2480  2491  4542  5273
 8740     131  1365   360  4882
 8741    4612     3  4625  4757
 8742    1293   494  1380  4682
 8743    4270  4705  4790  4877
 8744    2908  4674  4824  5331
 8745    1872  1921  1888  4975
 8746     924  3457   616  2797
 8747    2555  2554  4396  4551
 8748    1545  2035  2015  5357
 8749    3036  3884  3013  5040
 8750     214  1666  4677   203
 8751    1065  4281  4647  5203
 8752    3485  3854  4644  5222
 8753     846  4353  4405  4600
 8754     880  3611  3706  3876
 8755    1143  3450  1074  4889
 8756     732   760  4947  3598
 8757     911   495  4865  5108
 8758    1490  1460  3112  4990
 8759    2856  2826  4238  4408
 8760    4147  4159  4419  4424
 8761    2529  2384  2546  4718
 8762    1696  1651  3698  4471
 8763     322  1435  4607  4684
 8764    3778   886  4415  4942
 8765    3864  3703  3806  5230
 8766      80    43  5314  5327
 8767    3298  3316  4127  4544
 8768    5023  4830  5174  5200
 8769    4116  4067  5145  5315
 8770    1667  1564  5150  1674
 8771    4261  4234  4854  5250
 8772    2928  2909  4354  4973
 8773    4334  4387  4655  5007
 8774    4066  4028  4583  4114
 8775     998  3478  4604  4889
 8776    4406  4231  4465  4684
 8777    4028  4066  4105  4114
 8778    1819  1991  2019  4571
 8779    4470  4209  4696  4856
 8780     853   893   822  4635
 8781     979  3111   602  4679
 8782    1977  1787  1992  4615
 8783    2037  1290  4840  1937
 8784    4664  2386  3412  4538
 8785    4345  4159  4533  5193
 8786    4487  4138  4899  5241
 8787    2839  2237  2330  4275
 8788     657   635  4801  4921
 8789    3999  4066  4108  4114
 8790    4271  4299  4613  4917
 8791    4177  4209  4318  4482
 8792    1991  1787  1953  4615
 8793      78    65  4784  4912
 8794      80    79   124  4784
 8795    4088  4873  5221  5300
 8796    4622  4272  4898  5173
 8797    4132  4306  4355  5298
 8798    4789  4311  4975  5131
 8799    1784  1783  4904  5249
 8800     360   545   131  4882
 8801    4066  3999  4105  4114
 8802    2281  2201  4672  5160
 8803      46    59    47  5128
 8804    2532  5191  4111  2518
 8805    4638  1615  4700  4797
 8806    2963  2962  4457  4874
 8807     157   704  5056  5256
 8808    4754  4229  5186  5253
 8809    4215  4194  4254  5306
 8810    5028  4039  5041  5349
 8811     365   366   367  5157
 8812    2490  3835  2469  5132
 8813    1343  1257  4875  1305
 8814    1146  2221  4776  4798
 8815    4253  4280  4630  4894
 8816    4334  4303  4401  4483
 8817    4409  4219  5105  5362
 8818    4903  4168  4919  5248
 8819    1801  1800  1810  4876
 8820    1581  1593  5151  5239
 8821     775   677  5218  5288
 8822     307   255   306  4746
 8823    1224    22  3549  4373
 8824    3325  3243  3362  4740
 8825    4544  1469  4786  5231
 8826    1956  2584  1676  4462
 8827    2081  3568  4850  5093
 8828     596  1440  4691  4761
 8829    2096  1034  1157  4669
 8830    2759  2716  4649  4815
 8831    2663  4536  4645  4987
 8832    4426  4152  5008  5382
 8833    3174  1479  4188  5404
 8834       9  3977  4758  5178
 8835     735   905  4267  4492
 8836    1199  1024  1819  3982
 8837    1653  3420  3405  4258
 8838    1249  1103  4073  5005
 8839    1087  1062  1078  4772
 8840    2478  2442  4163  4930
 8841    2723  1711  1186  4842
 8842     164   165  4934  5316
 8843    1102  4582  4665  5090
 8844    1558  1568  4172  5134
 8845    3348  4456  5148  5351
 8846    1129  2063  1024  3982
 8847    2043  2022  4254  4671
 8848    1528  1536    44  5231
 8849    3999  4003  4105  4114
 8850    4201  4191  4256  4491
 8851    3207  3208  4832  5147
 8852    2616  2651  4197  4866
 8853    3151  3930  3910  5398
 8854     154  4283   691  4744
 8855    4240  4212  4257  4755
 8856    4643  4863  4913  5270
 8857    3316  1459  3356  4544
 8858    1690  1897  4608  1877
 8859    1664  1445  4818   439
 8860    1752  1930   547  4626
 8861    2001  1546  1772  5029
 8862    4155  4516  4670  4758
 8863    1543  1740  4214  5200
 8864     440  4304  4415  5052
 8865    4247  4221  4371  4795
 8866     768  1986  4333  4896
 8867    2384  1654  2441  4718
 8868    4143  4207  4333  4365
 8869    1499  1476  4461  4990
 8870    1523  1545  4393  1897
 8871    2950  2897  2912  5116
 8872     922    53   921  5102
 8873    4797  1596  5068  5205
 8874     353   363   374  4949
 8875    3019  3506  3006  4893
 8876    1530    66  4169  4623
 8877    4180  4566  4846  4858
 8878    3607  3192  4940  5264
 8879    4436  4277  4540  4826
 8880    3384  3288  4452  4896
 8881    2708  2752  5209  5308
 8882    4437  4505  4524  5242
 8883     994  1022  3533  4571
 8884    1494  1504  1495  4969
 8885    4140  4174  4394  4433
 8886    2073  1384  4534  4567
 8887    4349  4295  4494  4932
 8888    2839  4829  4926  5031
 8889    4183  4133  4186  5139
 8890    2296  1902  4559  4573
 8891    3279  1131  4208  3597
 8892    1279   131  4612  1351
 8893    3009  2972  3008  4203
 8894    4160  4229  4256  4328
 8895    2948  2314  4141  5168
 8896    2577  1873  2581  4894
 8897    2848  2787  1688  4523
 8898    4746  4229  4901  5384
 8899    3137  3733  4572  4686
 8900    2771   590  2804  4553
 8901     421   358  4165  4268
 8902    2169  2349  2117  4881
 8903    4161  4334  4387  4417
 8904    1657  1498  5182  1661
 8905     941   942  3968  4319
 8906    2568  4253  4396  4630
 8907    1229  1443  4660  5252
 8908    1184  1177  1183  4862
 8909    2620  3359  4297  4432
 8910    3000  3001  4588  5145
 8911    2347  2234  4946  5092
 8912    4332   670  5002  5085
 8913    3523  1405  5030  5158
 8914    1689  2497  2167  5136
 8915    2226  4389  4646  4769
 8916    4207  4297  4432  5059
 8917    2447  2504  4839  4970
 8918     390   440  4415    14
 8919    4269  4339  4806  5106
 8920     710   906  4369  4549
 8921     505  3877  4332  5258
 8922      71    52  5143  5187
 8923    2781  2809  5072  5237
 8924    4548  3181  4613  4701
 8925    4201  4481  5117  5280
 8926    2667  1574  4698  5262
 8927    1422  1355  1404  4500
 8928     358  4268  4337  4410
 8929    2541  2534  4546  5307
 8930    3354  4151  4494  4628
 8931    2783  2744  4726  4899
 8932    4304  4208  4308  4740
 8933    2413  4674  4869  5359
 8934    4752  3319  4821  5351
 8935     580  1655  1665  4833
 8936    4525  1253  2182  2315
 8937    4464  4346  4559  4760
 8938    4732  3718  5146  5296
 8939    4214  4572  4583  5200
 8940    4438  1814  4719  5079
 8941    3721  3830  4680  4880
 8942    1297  1296  1321  5154
 8943     893   705   779  4635
 8944    1608  1669  5182  1567
 8945    2930  2942  2953  5038
 8946    2777   171  4847  5199
 8947    1143   654   912  4843
 8948    4579  2637  3507  5377
 8949    2517  4052  5191  5363
 8950    2749  2719  4955  5156
 8951    1633  1674  5150  1637
 8952    1113   874   917  4664
 8953    2987  4097  4123  4900
 8954    4427  4482  4548  4701
 8955    1920  1900  4168  4667
 8956     362   604   927  5026
 8957     907  1192  3792  4252
 8958    1316  1383  1318  4670
 8959    4222  4139  4469  5171
 8960    1190  4204  4657  4721
 8961    4571   999  4891  4911
 8962     796  1217  3647  4817
 8963     242   232  4599  5332
 8964     559  3324  3254  5216
 8965    3061  3080  4230  4734
 8966    4914  5056  5226  5256
 8967    1564  1637   115  1623
 8968     471   513   514  4268
 8969    4325  4737  4765  5341
 8970    1788  2477  1809  4594
 8971    4588  4407  5071  5315
 8972    4781  4979  4999  5309
 8973     956   946   955  5354
 8974    4148  4404  4803  4944
 8975     228  2263  4487  4827
 8976    1461  1454  3113  4800
 8977     471   462   449  4268
 8978    4726  2718  4815  5048
 8979    4620  2119  4672  4722
 8980    4234  4397  4503  5053
 8981    3766  3075  4087  5220
 8982    1624  1625  4638  5199
 8983    3094  3108  4299  3093
 8984    1633  3817  1584  5150
 8985     672   763   742  5342
 8986    1922  2332  2243  4793
 8987    3471  3464  3438  5356
 8988    2100  2321  2186  4389
 8989    1216  1299  4341  5194
 8990    3767  3619  4782  5089
 8991     702   682  4947  5372
 8992    2568  2581  2611  4630
 8993    4468  4137  4945  4946
 8994    3054  3775  4128  5292
 8995    4836  4599  4959  5067
 8996    3292  1892  3329  3886
 8997    3609  3071  5009  5188
 8998    3039  2409  4461  5113
 8999    2341  2363  2342  4646
 9000    3553  2636  4620  5260
 9001    4983  4733  5110  5357
 9002    4271  4427  4650  5035
 9003    1381  1264  4840  1369
 9004    4752  4456  5351  5394
 9005    2782  2780  2781  4726
 9006    3362  3327  4510  3385
 9007    1647  1522  4723  4778
 9008    3178  3179  5074  5297
 9009    2603  2600  2806  4261
 9010     996  1027  4890  5092
 9011     725   561  4493  4516
 9012    3624  2147  3795  3832
 9013    2001  1260  1546  4657
 9014    1141  3406   795  3790
 9015    1564  1667  5150  1683
 9016    3612  4122  4123  4124
 9017     358   421   422  4337
 9018    2652  2679  4371  4787
 9019    3307  3245  4897  5325
 9020    4630  4216  4808  5211
 9021    1083  1018  3411  4571
 9022    1384  1797  1329  4537
 9023      15   543  4757  5001
 9024     572  4031  4477  5100
 9025    1574  1875  4698  5299
 9026    1912  4902  1931  5233
 9027    5045  4797  5068  5163
 9028    4236  4790  4933  5279
 9029    4173  4216  4278  4331
 9030    4334  4170  4358  4471
 9031    4196  4201  4458  4496
 9032    4038  3991  4054  4122
 9033    2944  2945  4950  5319
 9034    5219  4499  5250  5393
 9035     154   178  4283   184
 9036    2802  2786  2801  4955
 9037    2107  2148  4185  4391
 9038    2173  2166  4796  5240
 9039     660   822   752  4783
 9040     311  3725  3602  4260
 9041    2948  2957  2949  5168
 9042    4346  4559  4683  4776
 9043     890   852   532   641
 9044    4494  4762  4295  4349
 9045    1750  1483  4162  4956
 9046    2059  1947  2051  4765
 9047     176   137  4637  4934
 9048    4435  4883  5008  5343
 9049     160   226  4282  5060
 9050    4136  4227  4829  5031
 9051     937  2878  3823  5354
 9052    4311  4894  4975  5131
 9053    1312  1117  1329  4857
 9054    3856  3945  1108  5203
 9055    1393  1269  4837  1439
 9056    4320  4149  4490  4737
 9057     779   705  4369  4635
 9058    4515  4532  5126  5195
 9059    4893  4211  5223  5305
 9060    2256  1370  4227  5352
 9061     131    40  1365  4882
 9062    4533  4588  4693  4900
 9063    4214  4344  4459  4861
 9064    1423  1447  1424  4200
 9065    4178  4862  4905  5014
 9066    4177  4202  4271  4928
 9067    1485  1469  4786  3639
 9068    4193   779  4369  4635
 9069     724  2069  4513  2048
 9070    3448  3421  3458  5060
 9071    3506  3019  4344  4893
 9072     780  3678   803  5006
 9073    1309  1445  1330  4818
 9074    1472  4153  4807  4969
 9075    2786  2802  2770  4955
 9076     442  4781  4979  4999
 9077     752  3756   660  4783
 9078     848   805   816  4348
 9079    4159  4167  4533  5019
 9080    2835  2821  4521  4920
 9081    5184   948  4831  2381
 9082    4166  4145  4320  4420
 9083    4194  4243  4553  4653
 9084     939  3050  4563  5213
 9085    1919  1899  4168  4919
 9086    4357  4366  4489  4980
 9087    1440  1442   596  4691
 9088    4175  2329  4376  4557
 9089    3810  1022  4373  4736
 9090    4420  4515  4883  5288
 9091     498  1493  4144  5135
 9092    3849  1582  4195  4245
 9093    3313  3937  1833  5302
 9094    2066  1266  1139  4288
 9095    2420   964  4605  5259
 9096     354   367   397  4918
 9097     913  4176  4818  5201
 9098     174   205   206  5117
 9099    4500  4502  5303  5402
 9100    4303  1646  4483  5133
 9101    2736  3807  3715  4943
 9102    2095   819  1898  4589
 9103    4430  4599  4707  5332
 9104    3306  3247  4510   521
 9105    4201  4191  4265  5280
 9106    4413  2547  4777  5377
 9107    4426    53  5102  5266
 9108     476  3601   500  5167
 9109    1629   459  1522  5301
 9110    4178  1177  4562  4905
 9111    4133  4150  4269  4558
 9112    4320  4155  4631  5201
 9113     803  3840   833  5006
 9114    1891  3498  4488  4554
 9115    1720  1727  3995  4370
 9116    3464   856  4664  5356
 9117    1961  1652  2026  5300
 9118    3306  3278  3243  3184
 9119    1733  1933  4129  4451
 9120     104  1047  1190  4721
 9121    4119  4107  4880  5196
 9122    4171  4379  4993  5329
 9123    4187  4164  4888  5290
 9124    3161  1454  3901  4800
 9125     107    85  4496  3546
 9126    4474  2174  4550  4881
 9127    4434  4307  4489  4704
 9128     124    80  4784  5082
 9129    1028  4442  4772  4954
 9130     658   133    99  5226
 9131    1018   999  3411  4571
 9132    1732  1489  4461  4990
 9133    1080  2019  1952  4911
 9134    4732  3718  5296  5350
 9135    2960  2950  2959  4211
 9136    4296  4207  4342  4453
 9137    2699  2744  2732  4425
 9138    2605  2641  4411  4547
 9139      37    36  5187  5294
 9140    1185  1328  4513  5322
 9141    1524   327    10  4239
 9142      85    70    69  3629
 9143    3478  3472  4190  4889
 9144    2944  2954  2945  5319
 9145     763  4883  5288  5342
 9146    4992  4709  5134  5349
 9147    4399  4192  4918  5123
 9148    4355  4306  4545  4972
 9149    1223   291  4406  4612
 9150     356  4602  4746  5003
 9151     426   486  4979  5167
 9152    3336  3334  4153  4601
 9153    2148  4391  4739  4767
 9154     553   518  4532  5195
 9155    4846  4566  5027  5231
 9156    4301  3118  4331  5009
 9157     468  1629  5002  5287
 9158    1538  5300  1961  5323
 9159    4016  3842  3522  4680
 9160    4509  3632  4691  4761
 9161    2536  4438  4719  4808
 9162    2902  2903  4936  5331
 9163    4319  2988  4526  4909
 9164    1313  1228   296  4991
 9165    4561  4656  5172  5212
 9166    1903  2634  4503  5053
 9167    1446  1354   234  4699
 9168    1695  3822  4294  5169
 9169     511    15   480  4778
 9170    3592  1570  4873  5300
 9171    4288  1023  4434  5283
 9172    4666    13  4757  5001
 9173    2740  2152  4392  5025
 9174    2977  4627  2953  2988
 9175    1283  1335  1355  5080
 9176    1411  1371  4929  5275
 9177    2942  2965  2953  5038
 9178    1063  1079  1069  4954
 9179    1063  1053  1041  4954
 9180     856  3464  1113  5356
 9181     241   271  5067  5310
 9182    3102  3724  4187  4560
 9183    4448  4603  4814  5165
 9184     225  1367   807  4537
 9185    4176   895  4942  5201
 9186    2450  2420  4950  5259
 9187    1008  1123  1101  4742
 9188    4235  4206  4561  4764
 9189    4903  4919  5088  5235
 9190    4446  4257  4755  5210
 9191    1078  1105  1087  5166
 9192     637    89  4374  5293
 9193    2951  2933  2961  5116
 9194     341   369  4358  4655
 9195     951  2175  4091  5395
 9196     893   739  4635  4906
 9197    2849  2031  4636  2288
 9198     449  4351  4268   435
 9199    4318    71  4378  5187
 9200    4077  3721  4617  4680
 9201     854   931  4818  5201
 9202    4327  4167  4472  4643
 9203    4374  4436  4766  5293
 9204    1121  2728  4446  5210
 9205     784   827  4348  4454
 9206     827   861  4348  4454
 9207    4478  4152  4500  4502
 9208     352   328   351   329
 9209     706   711  4226  5208
 9210    5002  4520  5138  5253
 9211     946   956   947  5354
 9212    4926  2319  5103  5352
 9213    1567  1637  5150  5182
 9214    2440  1808  2477  5197
 9215    4159  4345  4472  5259
 9216     347   181  4692  4722
 9217    4572  1734  4922  5387
 9218    1034  2096  1170  4669
 9219    3051  3962  5046  5213
 9220    1364  1297  1321  5154
 9221    1723  1714  3552  4805
 9222    2508  4497  4546  5109
 9223    4132  4335  4460  4481
 9224    1971  4409  4529  4898
 9225    3714  3895   596  4761
 9226    3924  3318  3299  4566
 9227    1268  1782  2051  4765
 9228    2229  1096  1297  5154
 9229    4472  4345  4486  5259
 9230    3438  3464  4664  5356
 9231     417   416  4714   396
 9232    1774  4830  4985  5180
 9233     476   426  4979  5167
 9234     582   770  5214  5282
 9235     937  3570   947  5354
 9236    2896  2892  4659  2878
 9237     141  4437  4380   743
 9238     312  4186  4200  5282
 9239    4476  3214  4701  4715
 9240     856  1113  4664  5356
 9241    2420  4605  4950  5259
 9242    4486  4345  4950  5259
 9243    3601   476  4044  5167
 9244    2668   241  5310   260
 9245    2783  2809  2822  5072
 9246    3444  3471  4843  5356
 9247    1441    23  1442  4691
 9248    1509  3872  1836  4911
 9249    2910  2895  2918  4907
 9250    4145  4166  4320  4343
 9251    5073   522  5181  5234
 9252    1831  1840  4498  4966
 9253    4353  4339  4410  4454
 9254     395   396  4849   394
 9255    3598  4947  5198  5355
 9256    1445  1664  4818   485
 9257    4307  4974  5005  5325
 9258     101  1429  1400  5318
 9259    3941  3232  4009  4891
 9260    3249  3259  4932  5183
 9261    2188  1975  4391  4988
 9262    2195  2460  4504  5017
 9263    4166  4308  4320  4343
 9264    1944  1974  3720  4312
 9265    4826  4137  4945  5353
 9266    1645  2073  4534  4567
 9267    4985  3983  5205  5245
 9268    2919  4403  4659  4907
 9269    3008  2972  2994  4203
 9270    3200  1933  4451  4891
 9271     922  4426  5102  5115
 9272    4168  4384  4667  4975
 9273    4230  4217  4591  5396
 9274     468  1629   504  5002
 9275    4154  4252  4260  4285
 9276     260   271  5310   281
 9277    4615  1349  4694  5016
 9278    1619   393  4501   394
 9279    1254   506  4380  4633
 9280    2501  2545  4163  4861
 9281    3235  3271  4555  5028
 9282    4377  4548  4702  4928
 9283    4161  4269  5280  5389
 9284    3097  3098  3067  4908
 9285    2757  1117  4675  4857
 9286     404  4155  4516  4582
 9287    4727    36  5385  5390
 9288    2518  2517  2564  4996
 9289    3598   760  4947  5355
 9290     296  1430  4684  4991
 9291    1622  1599  4491  4799
 9292    3216  3275  3760  4476
 9293    2166  4739  4879  5240
 9294    1606  1622  4491  4799
 9295    2686  2696  2605  4547
 9296    3949  3115  4908  3097
 9297    1042  1474  3378  1672
 9298    4205  2008  4323  4968
 9299    3733  3125  4572  4686
 9300    3041  3116  3652  5159
 9301    4457  4802  4872  5019
 9302    1781   155   550  4307
 9303    4067  4407  5145  5315
 9304    1952  2019  4571  4911
 9305    3955  3908  4812  5367
 9306    4526  4574  4802  4909
 9307    1600   338  4453  1697
 9308    1375   391  1411  4929
 9309    4267  4492  5021  5052
 9310    2264  2755  2444  5260
 9311    1288  1843  4293  5247
 9312    3141  3156  4917  3511
 9313    2453  2423  2403  4354
 9314    4108  4114  4583  5162
 9315    4205  4513  4837  4850
 9316    4167  4802  4841  4909
 9317    1473  1042  2431  1472
 9318    4402  4868  4943  5268
 9319    3563  4063  5176  5230
 9320     426   476   486  5167
 9321    1923  4206  4764  4910
 9322    4236  4270  4639  4790
 9323    1994  1971  1980  4529
 9324    4456  5148  5351  5394
 9325    3984  4680  4574  3842
 9326    3027  3025  5071  5315
 9327    3370  1465  1458  3371
 9328    4358   304  4728  4809
 9329    3196  3195  4701  5267
 9330    1249  3326  4974  5005
 9331    4232  4178  4240  4338
 9332    1318  1316  4670  4981
 9333    2967  2968  2954  5319
 9334    3949  3115  3097  3098
 9335     520   391  1375  4929
 9336    1572  1539  4501  1600
 9337    2497  2784  2027  5136
 9338    1718  1240  1778  1719
 9339     829  3361   839  4267
 9340    3941  3613  4891  4911
 9341     251  3839   275  4473
 9342      17   796  1217    16
 9343    4472  4605  4907  4989
 9344    2443  2427  4141  4930
 9345    1354  1388  4380  4699
 9346    1826  3932  5151  5302
 9347    4217  4230  5040  5396
 9348    2471  2432  2470  5184
 9349    2242  3289  4267  4740
 9350    3315  1457  3314  3344
 9351    4693  4533  4900  5019
 9352    1852  2196  4391  5321
 9353     572  3375   562  3374
 9354    3167  3182  3217  4715
 9355     710   631   895  5201
 9356    3295  1456  3343  1464
 9357    3315  3295  3343  1464
 9358    3686   738  5262  5299
 9359    2513  3745  1015  5281
 9360    1632    77  3911  4466
 9361    4210  4418  4497  4931
 9362    3173  3188  3250  1479
 9363    2292  2347  4559  4760
 9364     985  4643  4863  4913
 9365    4345  4310  4390  4485
 9366     620   632   695  5356
 9367    4269  4339  4353  4367
 9368    3370  3391  3372  1458
 9369    3269  3253  3228  5297
 9370    4326   168  4699  4748
 9371    4287  4171  4430  5163
 9372    1432  1224   327  4373
 9373    3171  2777   171  4847
 9374     901   358  4337  4590
 9375    3391  1466  3372  1458
 9376    3372  3370  1458  3371
 9377    1195   225   807  4980
 9378    4076  4003  5162  5400
 9379     756   912   840  5356
 9380    4424  4442  4760  5346
 9381     659   911   857  4186
 9382    3082  2400  2418  3064
 9383    4896  1468  5122  5361
 9384    4566  3946  3924  4786
 9385    3096  3202  3326  4974
 9386      19   506  4633  4952
 9387    4160  4165  4351  5003
 9388    3067  3083  3768  4459
 9389    1457  3343  3314  1465
 9390    4211  2994  4375  5223
 9391    3553  2119  2444  5260
 9392    4554  3258  4932  5183
 9393    2484  2500  4551  5223
 9394    1669  1608  5182  1498
 9395    1552  1593  1581  5344
 9396     992  2488  2489  5281
 9397    4259  4362  4433  4791
 9398    2846  4091  5347  5395
 9399    3028  3027  3035  4115
 9400    1566  1552  1534  4214
 9401    4796  4338  4879  4957
 9402    3392  1467  2462   571
 9403    3373   566   562  3374
 9404    2201  2444  2119  5260
 9405     897  3828   923  5276
 9406    3789  3021  4336  5336
 9407    2485  2478  2501  4163
 9408     271   329   282  5067
 9409    2545  2485  2501  4163
 9410    3315  3344  3371  3261
 9411    2470  2452  2469  5184
 9412    4140  4182  4607  5138
 9413    4197  1840  4498  5121
 9414    4318  4378  5095  5143
 9415    3838  2397  4619  4941
 9416    2622  2587  2637  5377
 9417    4811  4270  4977  5000
 9418    2031  2817  2183  4862
 9419     430   409  5037  5086
 9420    3722   474   532  4592
 9421    4794   516  5120  5139
 9422     183   209  4328  5316
 9423    3315  1464  1457  1482
 9424    4940  3178  5074  5297
 9425    1832  3636  5094  5121
 9426    4229  5003  5186  5384
 9427    1021  1192   907  4252
 9428    2314  2170  2443  5168
 9429    2212  2273  2260  4557
 9430    4248  4169  4456  4752
 9431    2692  2736  4943  5209
 9432    1443  1416  4412  5353
 9433    4156  4310  4386  4591
 9434     211  2755  2291  5260
 9435    2948  2949  2170  5168
 9436    4414  4178  4562  5140
 9437    1039  3745  2513  5281
 9438    2658  2633  2259  5250
 9439    1090  1070  4434  4747
 9440    2461  1205   223  2773
 9441     874   632   831  5356
 9442    4671  4402  4688  5202
 9443    3353  2406  4432  3394
 9444    3297  3654  4404  4944
 9445    4631  1376  4818  4986
 9446    4911  3411  4891  3427
 9447    5302  3932  4125  4008
 9448     610   619  4838  5035
 9449    2535  4237  4546  5165
 9450    4331  4336  4517  5009
 9451    4548  4271  4613  4928
 9452    3581  3191  3152  4355
 9453      17   294   324  4144
 9454     964  2420  2450  5259
 9455    4230  4591  5040  5396
 9456    1749  1763  4162  1741
 9457     449   461  4351   435
 9458    1800  1789  4189  4711
 9459     594   566   571  5100
 9460     524   490  4984  5375
 9461    1345  1332  5069  5343
 9462    2178  2329  4175  4206
 9463    2084  1071  3951  4835
 9464    4008  3937  4125  5302
 9465     290   237  4788  4916
 9466    4542  4273  4593  5251
 9467    2175  2658  4775  4941
 9468    4396  2578  4630  4808
 9469    1558  1568  1559  4172
 9470    4888  4355  4940  5298
 9471    3913  3097  4908  4998
 9472    2720  2708  5209  5308
 9473    2957  2971  2949  5168
 9474    4272  4253  4352  4853
 9475    2264  2291  2755  5260
 9476    3721  3830  4617  4680
 9477      69  3640    49  5345
 9478     542   132  4181  5364
 9479    4326  4332  4666  5138
 9480    5156  4553  5185  5308
 9481    2252  2820  4289  4713
 9482    2398  3030  3754  4720
 9483    4224  4158  4359  4870
 9484    2216  1807  4362  4924
 9485      87    71  4318  5187
 9486    4896  4365  5269  5361
 9487    4632  4447  4943  5209
 9488     690  4818   913  4176
 9489    1508  1750  4956  1483
 9490    1139  2066  4288  5055
 9491    4229  4170  4256  4328
 9492    4361  4228  4865  4929
 9493    2445  2446  4970  5311
 9494    1422  1345  5069  5343
 9495    4450  4281  5090  5218
 9496     693   680  4470  4921
 9497    3983  1817  4985  5205
 9498    4194  4143  4199  4207
 9499     925   595  3867  4590
 9500     778   828  3432  4664
 9501    2324  2294  4279  2361
 9502    5244  5042  5254  5257
 9503     845   898   858  4519
 9504     445  3683   408  5037
 9505    2470  2432  2452  5184
 9506    4760  1085  4772  4978
 9507    1675  4471  5169  5401
 9508    2166  2173  4739  5240
 9509    2314  2948  2170  5168
 9510    3163  3193  3178  5290
 9511    4319  4486  4950  5038
 9512    4695  4464  4776  4798
 9513    3756  5126  5195  5288
 9514     432  1108  5090  5203
 9515    1402  1325  1280  4699
 9516    4257  2790  4713  4755
 9517    4491  4256  4820  5316
 9518    2421  1654  2384  4261
 9519    3703  3563  4821  5230
 9520    4153  4697  4786  4969
 9521    1096  1296  1297  5154
 9522    1145  1100  3748  4582
 9523    3190  3174  4188  5404
 9524     461   481   471  4444
 9525    4053  2987  4123  4841
 9526     703   747  4887  3528
 9527    1235  1377  1375  4380
 9528    3451  3470  3260  4911
 9529    4172  4992  5134  5349
 9530    1595  1588  1594  5068
 9531    2435  2413  2456  5152
 9532     293  3809   437  4267
 9533    4772  1087  4954  5166
 9534    2633  2657  2635  5393
 9535     297   249  5067   283
 9536    4257  2233  4755  5210
 9537     633   199   769  4524
 9538    4897  3290  4976  5265
 9539    3737  3281  4120  5118
 9540    3373  3333  3345  5100
 9541     866   675   895  5201
 9542    1479  1713  1704  4964
 9543    2339  2174  2180  4474
 9544    3412  4266  4538  2629
 9545    1627  3965  1584  5150
 9546    1191  4695  5246  5339
 9547    2228  3400  4041  5378
 9548    1833  3294  3313  5302
 9549    3188  1704  1479  1478
 9550    4567  3869  5283  5312
 9551    4548  4427  4701  5267
 9552     118  1233  4516  4986
 9553      30  3680  5304  5327
 9554    1088  1089  4576  4579
 9555    2432   966  2452  5184
 9556    2684  3397  1962  5033
 9557     435   436  4165  4268
 9558    4358  1696  1699  4809
 9559    1928  2834  2231  5279
 9560     211  4235  4764  4779
 9561    1681  4619  4857  4941
 9562    2763  2764  2762  4678
 9563    4327  4167  4770  4872
 9564    3862  1522  3860  5301
 9565    2384  2529  4653  4718
 9566     107  3546  4496  5070
 9567    2311  1769  2312  4767
 9568     171  2777  4441  5199
 9569    2622  2639  2623  5377
 9570    3941  3200  4891  1427
 9571    1828  1808  2496  5165
 9572    2953  4627  5319  5038
 9573    3354  3332  2807  3902
 9574    2397  2175   951  5395
 9575    2910  2885  2895  4831
 9576    1100   607  4450  5218
 9577    3047  3884  4093  5040
 9578    4184  4344  4511  5174
 9579    3394  1173  4762  2847
 9580    3342  3313  4628  5302
 9581    2119  2201  4620  5160
 9582    1668  2553  2386  4538
 9583    2964  2987  4053  4841
 9584    2934  2925  3749  4246
 9585    3332  3294  4151  3354
 9586    4232  4182  4255  4391
 9587    4168  1899  4584  4919
 9588    4524  4505  4681  5242
 9589    3106  3089  5071  5337
 9590    3977   280  4758  5178
 9591     697   140  4283  4687
 9592    4152  4231  4302  4525
 9593    3142  3134  4613  5267
 9594    3029  2399  2390  2400
 9595    2835  2245   230  4920
 9596    1882  2845  4553  4653
 9597    4605  4486  4950  5259
 9598     224   323   168  4748
 9599    2137  3624  4134  5025
 9600     929   900  4578   660
 9601    1312  1329  4537  4857
 9602    3499  3738  3650  5023
 9603    3824  3032  4075  4360
 9604    1552  1543  1534  4214
 9605    4291  4143  4312  4365
 9606    4588  3059  5071  5336
 9607    3668  3845    54  5039
 9608    4227  4462  4828  5031
 9609    1649   499  4592  5265
 9610    4535  2414  5022  5257
 9611     941   942  4319  4486
 9612    3293  3341  4494  3312
 9613    2094  1645   541  5312
 9614    3366   661  4762  2466
 9615    3585  1511  4575  5224
 9616     682   687   665  4598
 9617     515   885   482  4794
 9618    1890  2156  4414  4796
 9619    3346  3355  1469  3583
 9620     268  4042  4088  5221
 9621    1410  3576  1236  5291
 9622    3968  2942  4319  4841
 9623    2358  2307  2357  5303
 9624    4495  4659  4907  5354
 9625    1525  1533  1534  4135
 9626    1253  2358  2357  5303
 9627    4209  4318  4482  5369
 9628    1646  1658  1644  4483
 9629     960  3169  4650  3784
 9630    4420  4286  4704  4870
 9631    3294  3332  4151  3293
 9632    4152  4231  4795  5125
 9633    2957  2948  4141  5168
 9634    4508  4158  5073  5234
 9635    1549  1639  1531  5101
 9636    4698  4538  5262  5338
 9637     406   141  1235  4380
 9638    4576  4419  4863  4954
 9639    2957  2314  3700  4141
 9640    2182  2337  1111  4525
 9641    4448  1808  2496  5197
 9642    2343  2342  4785  4804
 9643    4286  4420  4515  4870
 9644    5035   578  5091  4427
 9645    1384  4534  4567  4980
 9646    1462  3234  3222  1455
 9647    1682  2845  4653  5306
 9648    4223  4251  4255  4785
 9649    3402  2726  1949  3635
 9650    1728  1744  4246  5064
 9651    2857  3585  1511  4575
 9652    4402  4254  4632  5202
 9653    4272  4140  4384  4394
 9654    3394  3353  2847  2807
 9655    4895  4498  4966  5013
 9656     866   854  4493  5201
 9657      31  5170  5216  5294
 9658    4209  4364  4367  4921
 9659    3056  3057  3593  5146
 9660    1492  1501  1525  4922
 9661    3255  3215  4047  4049
 9662    3646  2277  4462  5031
 9663    3506  3020  4893  5348
 9664    1382   392  4195  4263
 9665    3236  3235  4555  5317
 9666    4826  1323  5246  5353
 9667    1341  3508  4804  4923
 9668    3129  4381  5074  5124
 9669    3508  1392  4804  4923
 9670    1003   985  1005  4863
 9671    1809  1810  4594  4876
 9672     965   947  4831   957
 9673    4266   831  4538  5338
 9674    2404  2437  3967  4469
 9675    3291  3202  3804  4875
 9676    4209  5295  5334  5369
 9677    4486  4345  4526  4950
 9678    4689  4151  5013  5302
 9679    3620  3793   796  4817
 9680    2413  4139  4674  5152
 9681    1138  1121  5166  5210
 9682    2550  2541  4546  5307
 9683    4923  1340  1341  1406
 9684    3173  3188  1479  1478
 9685    4817  4761  1217  5299
 9686       0   308  4612    24
 9687    4380  4228  4929  5275
 9688    3328  3201  3147  4480
 9689    2085  2070    18  5077
 9690    3682  3980  3702  5300
 9691    4371  4514  4787  4948
 9692    3319  3563  4724  5176
 9693    1479  1712  1734  1492
 9694      38    37    64  5104
 9695     999  1199  3480  5016
 9696     933  4183  5010  5108
 9697     897   923   898  5276
 9698    2400  3082  3038  3064
 9699    4490  1598  4855  5077
 9700    3173  3188  3222  3250
 9701    3188  1704  3222  3250
 9702    3173  3188  1478  3189
 9703    1454  1461  3113  3148
 9704    3386  3279  4875  5150
 9705    2248  2230  2218  4877
 9706    1478  3188  1477  3189
 9707    2873  2883  2884  3649
 9708     766   783   794  4965
 9709    1807  3545  4565  4924
 9710    1569  1559  4172  4225
 9711    4362  4175  4779  4924
 9712    2836  3947  2809  5237
 9713    1704  3234  3221  3222
 9714    3188  1704  3221  3222
 9715    1800  1801  4189  4876
 9716    4346  4442  4683  4760
 9717     561   725   118  4516
 9718    3738  3650  5023  5036
 9719    1480  1462  1704  3222
 9720    1704  1462  3234  3222
 9721    4166  4208  4293  4480
 9722    3650  4962  5023  5036
 9723    4251  4785  4804  4923
 9724    1704  3188  3221  1478
 9725    4250  1366  1294  1387
 9726    1586   387   398  4819
 9727     899   846  4519  5141
 9728    2912  3928  4375  5116
 9729    3298  3280  4180  4925
 9730    3333  3373  3374  5100
 9731      35    43    44  5327
 9732    2009  3492  4968  5122
 9733    1286  2385   127  4611
 9734    1477  3149  3189  3161
 9735    2972  2981  2926  4792
 9736    4537  4385  1393  4834
 9737    4142  4210  4411  4777
 9738    2495  2458  2457  4603
 9739    1088  1110  4446  4954
 9740     765   758  4856  4965
 9741    4785  1341  4804  4923
 9742    1365   266   360  4882
 9743    4374  4364  4766  5389
 9744    3682  3592  4088  5300
 9745    2998  2983  5019  5374
 9746    4703   748  4806  5326
 9747    1341  1939  4785  4804
 9748     675  4493  4750  5201
 9749    1427  1933  3200  4129
 9750     475   476  4508  4595
 9751    1257  1140   916  4875
 9752    2693  2681  2680  4943
 9753    3125  3066  5292  3054
 9754    3738  3499  3575  5023
 9755    4489  4717  4939  4980
 9756    2199  2351  1798  4376
 9757    3315  1457  3344  4162
 9758    2709  2736  4632  4943
 9759    3185  3386  3279  4875
 9760     594  4031   566  5100
 9761    3290  3245  3277  4897
 9762     171  3365  3171  5199
 9763    4286  4366  4704  4870
 9764     154   691   150  4744
 9765    4277  4269  4367  4806
 9766    4138  4425  4678  4899
 9767     243   261   274  4423
 9768    3210  3166  4517  5188
 9769    3807  2709  4868  4943
 9770    1313  1208  1228  4991
 9771    3614  4487  4899  5241
 9772    1480  1462  3222  1455
 9773    4339  4348  4685  4806
 9774    4398  4769  4389  4182
 9775    3234  3295  3222  1455
 9776    1462  1480  1463  1455
 9777    2875  2903  2890  4658
 9778    4155  4450  4750  5201
 9779    4342  4522  4708  5044
 9780    1332  4749  5069  5343
 9781    1413    11  4694   349
 9782    4240  4232  4338  4878
 9783    4157  3439  5060  5114
 9784    2390  3029  2400  3038
 9785    3639  4786  1470  5118
 9786     931   913  4818  5201
 9787    2350  2153  2318  4926
 9788    3388  3364  3387  4851
 9789    1012  1019  1160  4204
 9790    2165  2113  4933  5321
 9791    3565  3691  5015  5350
 9792      50    69  4661  5345
 9793    4383  3808  4542  4927
 9794    4030  4043  2976  4909
 9795    3082  1499  3064  2418
 9796    1806  2095  4743  4835
 9797    4271  4202  4917  4928
 9798    4522  4663  4708  5157
 9799    1101  1123   949  4742
 9800    3095  3049  4386  4673
 9801    1022    22  3810  4373
 9802    3174  3162  3151  5387
 9803    2965  2952  2976  4841
 9804     826   290  4788  4916
 9805    4450  4281  4582  5090
 9806    2375  2369  2873  5360
 9807    4221  4247  4514  4352
 9808    2045  2058  2067  4323
 9809    4487  4138  4580  4672
 9810    3311  3582  3331  5183
 9811     354   331   367  4663
 9812     553  4532  4578  5195
 9813    4308  4320  4393  5201
 9814    4514  4221  4948  4371
 9815    2324  2360  2351  5051
 9816    3112  3082  1476  3064
 9817    2276  2601  5378  3400
 9818     435   414   402  5276
 9819    2888  2899  4504  4730
 9820    4419  4442  4863  4954
 9821    2709  4632  4868  4943
 9822    2790  4142  4257  4713
 9823    4172    94  1569  4225
 9824    4146  4136  4775  4941
 9825     908   822   628  4783
 9826    2771  2804  4089  4553
 9827    2545  2556  4531  4966
 9828    4118  4027  4512  5120
 9829    2010  2011  5122  2024
 9830    1269   606  5093  1261
 9831    4265  4216  4331  4335
 9832    3603   575  4078  5394
 9833    4409  4138  4425  4678
 9834    1430  4465  4684  4991
 9835    4056   464  4644  5323
 9836    1427  3613  3893  4129
 9837    4704  4293  4974  5325
 9838    3688  5071  5336  5337
 9839    1475  3889  2603  4885
 9840    4212  4147  4232  4931
 9841     826   844  4602  4788
 9842     184   154   183  4744
 9843     107    84  3813  4496
 9844    2452   966   965  5184
 9845     375   330   339  5044
 9846    4000  3960  4113  4858
 9847    3279  4208  4480  5150
 9848    2471  2422  2432  5184
 9849    1066  1172  1145  5090
 9850    2601   555  4462  5378
 9851    4227  4136  4823  4870
 9852    2637  4579  3507  2659
 9853     312  3725  4186  5282
 9854    1818  1603  4756  5112
 9855     576    50    51  5345
 9856     872   517  3705  5052
 9857     766  3542   783  4965
 9858    4353   765  4856  4965
 9859    1112  3869  4763  5312
 9860    1213  1370  4823  5402
 9861    4015  3931  4108  4908
 9862     580   591  3518  5053
 9863     678   140  3497  4687
 9864    3181  4613  4917  4928
 9865     854   931   725  4818
 9866     664  3589   680  5295
 9867    3024  3000  3023  4588
 9868    3112  1460  1453  3065
 9869    4216  4173  4278  4422
 9870     307   263   244  4788
 9871    5098  4994  5129  5277
 9872     771  1412  3952  4691
 9873    2876  2890  3923  4658
 9874    1831  3233  1832  5121
 9875     429   445   408  5037
 9876    4372  4210  4413  4777
 9877     441  3574  3539  4595
 9878    1955  3363  1973  4851
 9879    1601  4368  4797  5045
 9880      21    20  4956  5100
 9881    4625  3887  5032  5206
 9882    4367  4598  4806  5198
 9883    2297  2244  2352  5289
 9884     193   164  4934  5316
 9885    3389  3527  4768  5142
 9886     143   136    92  4654
 9887    1459  3316  3356  3377
 9888     514  4150  4268  4652
 9889    3174  1479  3190  4188
 9890    4357  4146  4534  4619
 9891    4220  4142  4579  4777
 9892    2914  2907  4300  5171
 9893    3321  3282  3675  4314
 9894    2990  1131  4208  4510
 9895     253  1516  4725  5169
 9896    2509  2534  2494  4546
 9897     246     3  4612  4757
 9898    4558  4285  4860  5106
 9899    4803  5180  5400  5403
 9900    1251  1237  5376  5397
 9901    3235  3985  4555  5317
 9902    3627  4533  4574  5145
 9903    3014  3013  4230  5040
 9904    4247  4460  4498  5261
 9905    2902  2917  4506  5331
 9906    4225  4153  4697  5041
 9907    4176  4308  4393  5201
 9908    4735  2340  4745  4769
 9909    4266  4698  5194  5338
 9910    1402     8  1325  4882
 9911    2964  2952  4841  2975
 9912    2563  5043  3808  4383
 9913     278   199   633  4437
 9914     865   818  5288  5330
 9915     467   477   443  4781
 9916    3095  3110  3122  4673
 9917    4466    65  4912  5018
 9918    2606  2564  2588  4777
 9919    4417  4161  4471  5280
 9920    1109  2087  1168  4983
 9921    2693  1910  2681  4943
 9922    4170  4274  4725  4901
 9923     120  4744  4825  4934
 9924    4470   692  4696  5295
 9925    4242  2428  1731  4720
 9926    4789  5165  5248  5307
 9927    1028  1015  4442  4863
 9928     136   125    92  4654
 9929    4276  4145  4324  5111
 9930    1262  1281  5057  5343
 9931    1577  1590  4428  5284
 9932    4642  3209  5124  5317
 9933    5180  4904  5249  5403
 9934    4256  4191  4283  5316
 9935    1815  1825  4895  5013
 9936    4425  4138  4726  4899
 9937    4198  4666  4757  5001
 9938    2940  2974  2941  4874
 9939     576   563  3380  5394
 9940    2971  2957  4141  5168
 9941    4128  4135  4459  5066
 9942    2851  2821  4920  5237
 9943    2968  4390  4627  4884
 9944    1342  2089  1302  5225
 9945    2816  2203  2725  4305
 9946     954   946  4495  4605
 9947    2034  2050  1782  5077
 9948     133   658   667  5226
 9949      85  5095    70  3629
 9950    1314  1220  1241  3716
 9951    2328  2303  2202  4395
 9952    1712  1479  1734  4188
 9953    1732  1499  4461  1489
 9954    4265  4216  4335  4481
 9955    2875  2894  2903  4936
 9956     534   540  4556  5266
 9957    3862  1535  1522  5301
 9958    1110  1120  1121  5166
 9959     181  1486  3800  4938
 9960    4616  4219  4692  4938
 9961    3447  3423  3455  3635
 9962    1402    74     8  4882
 9963    3875  1535  3862  5301
 9964    2358  3621  2307  5303
 9965    4043  2988  4319  4909
 9966     538   546   529  5242
 9967    1600  1697  4453  4501
 9968    4612   246   360   308
 9969    4570  4877  4920  4977
 9970    1622   163  3861  4799
 9971    2246   213  2207  5241
 9972     854   913   931  5201
 9973    1039  1045  3561  5346
 9974      84  3629    69  4496
 9975     345   901   881  4600
 9976    3281  3737  4786  5118
 9977     681   680   693  4921
 9978    4155  4320  4324  4450
 9979     134     2   287  4855
 9980    4256  4294  4820  5169
 9981    4149  1865  2059  1834
 9982    3629    84   107  4496
 9983     824   607  4450  4582
 9984    3546  4196  4496  5070
 9985    1675  1696  4725  5169
 9986    1968  1979  4529  4584
 9987    1227  1225  1362  4981
 9988    2074  3455  1951  3635
 9989    1155  1188  1174  4305
 9990    3653  3859  4314  4845
 9991    2679  2720  2708  5209
 9992    3387  3364  1943  4851
 9993    1933  2071  1342  5225
 9994    1894  1795  1766  4644
 9995    5143  5095  5286  5385
 9996    2934  2951  4246  5064
 9997    4480  4293  4704  5325
 9998    2514  1054  4383  4759
 9999     311  4186  4260  4860
10000    3865  1560  4225  4623
10001     325   202   295  4657
10002    4178  4212  4755  4862
10003    4224  4152  4795  5125
10004    2490  3835  5132  5273
10005    3627  4400  4533  5145
10006    2284  1807  3693  4362
10007    1388   378   267  4633
10008     682   687  4598  5372
10009    3976   885  4117  5120
10010    2428  4242  1731  3914
10011    4670  4324  4758  4981
10012    4464  4573  4776  4798
10013    1950  1118  1703  4747
10014    2417  2129  2219  4720
10015     162   174  5098  5117
10016    4259  4565  4791  5136
10017    4266   835  4341  4644
10018    4509  4698  5262  5299
10019    1298   155  1023  4288
10020    2730  2715  4142  4264
10021    1969  1968  2021  4529
10022    4240  4289  4636  4713
10023      32  2359   558  5137
10024    3081  3049  4673  5046
10025    4554  4199  4943  5268
10026    1602  1595  3943  4797
10027    2680  4943  5049  5209
10028    1375     4  4380  5275
10029    4546  2508  5109  5152
10030    3261  1482  4162  4479
10031    1530  4169  4225  4623
10032    2349  2161  2117  4881
10033    1403  1244  4134  5025
10034    4548  3181  4702  4928
10035    3588  3750  4395  5030
10036    2857  1511  4564  4575
10037    1960  2857  1587  4575
10038     264   542   132  4682
10039    3128  3139  3140  4164
10040    1782  1268  1958  4765
10041    4966  2569  2614  5261
10042     972   990  4363  5333
10043      69    49    61  5238
10044    4321  4195  5061  5114
10045    4473   227   250  4668
10046    4851  1926  4463  3364
10047    3392  3296  4956  5100
10048    4184  4861  5174  5344
10049    2090  3849  4195  4245
10050    1400  1429   153  5318
10051    4534  1636  4844  4857
10052      74  1402   167  4748
10053    4352  4247  4514  4987
10054    1186  3626  1125  5312
10055    4710  2644  4903  5048
10056    3193  3154  3138  4940
10057    1392  1406  4923  3508
10058    4367  4277  4598  5389
10059    1681  3838  4619  4941
10060    4862  1164  4905  5014
10061      40   131  4607  4882
10062    4508  4158  4592  5073
10063     127  1034  1170  4611
10064    4497  2549  4546  4710
10065    5191  3515  5363  5388
10066    3153  3176  3138  3607
10067    4099  4052  5363  5380
10068    1832  3233  3636  5121
10069    4273  4210  4327  4643
10070    1052  1028  3888  4772
10071    4531  4184  4895  5344
10072     682   702   716  5372
10073    1920  1967  4529  4584
10074    1405  1425  4552  5158
10075    3922   533  5167  3601
10076     107  1599  3546  5070
10077    4759  4576  4863  4954
10078    4290  2914  4300  4610
10079    3355  3346  3375  3583
10080    3891  3925  5119  5168
10081     424  1355  5368  5402
10082     231   232  3382  4599
10083    2992  3529  3005  4163
10084    1746  1775  5180  5400
10085    1987  1851  5110  5247
10086    3118  3129  3164  4301
10087    4352  4536  4645  5173
10088    2050  2014  1135  5077
10089      29  1208   314  5080
10090    2343  2297  4785  5175
10091    2598  1840  4197  4518
10092     459  5287  1629   468
10093    3125  3733  4572  4800
10094    2895  4354  4770  4907
10095     575    49  4078  5394
10096     998  1098   654  4889
10097    1808  1828  1829  5165
10098    1322  1379  1323  5353
10099    1401  1379  1416  5353
10100    3702  3980  1652  5300
10101    2408  1730  2426  5227
10102    3002  3014  4591  5396
10103    4469  4610  4869  5054
10104     921   930   818  5126
10105    4222  3898  5042  5257
10106    1880  2395  5022  5257
10107    1926  3363  4851  1932
10108    4325  2028  4765  5077
10109    4673    89  4951  5293
10110    2790  2820  2791  4713
10111    2022  1981  4254  5202
10112    4494  4349  4932  5183
10113    3013  3014  3002  5396
10114     552   553  4286  4578
10115    3171   452  3393  4707
10116    1972  2211  2156  4796
10117    4371  4194  4447  4943
10118    2182  2358  1253  5303
10119    3453  2217  3440  4282
10120     397   367  4663  4918
10121     530   842   516  5139
10122     778   874  3660  4664
10123    1213   424  5376  5402
10124    4663  4676  4708  5157
10125    4344  4459  4861  5066
10126    4182  4557  4735  4769
10127    2625  2644  4710  5048
10128    3256   564  3241  5062
10129    1729  1728  4246  5064
10130    1641  3531  4844  4857
10131    3936  4028  4066  4105
10132    4404  4162  4904  4944
10133    4152  4500  4823  5161
10134    1832  3636  3293  5094
10135    4599  4430  4677  5332
10136    2206  4877  4920  2344
10137    3246  1819  1656  3796
10138    1693  1752  1724  4782
10139    2414  4222  4535  5022
10140    2221  1136  4776  4798
10141    2763  2764  4678  5179
10142    3534  3646  4462  5031
10143    3575  3499  4061  4972
10144    1613  2012  1610  4333
10145    4199  4207  4291  4349
10146    4143  4205  4385  4585
10147    4270  4418  4570  4815
10148    1413  1542  4694  4782
10149    1609  1091  4911  4009
10150    3130  3118  4301  5009
10151    3999  4029  4066  4105
10152    1661   156  4415  4942
10153    1610  1685  1613  4333
10154    2500  2524  2525  4551
10155     257   290  4916   237
10156    2593  2609  4919  5235
10157     677   763   865  5288
10158     365   367  4663  5157
10159    3032  3009  3043  4360
10160     580  1487  5050  5053
10161    2007  2047  2008  4323
10162    2981  3009  3824  4360
10163    1766  1961  4644  5323
10164    4607  4244  4633  5318
10165      43    30  5314  5327
10166    4387  4192  4690  4810
10167    4905  4022  4978  5014
10168    2297  4785  5175  5289
10169    2329  3907  4376  4557
10170    2303  2348  2135  4395
10171     196   191   208  4294
10172    3056  4560  5146  5159
10173     253   218  1516  5169
10174    1266  1195  1753  4763
10175    4185  4255  4391  4767
10176    2681  1910  4902  4943
10177    3025  3024  3688  5071
10178    1732  4025  1737  4461
10179    3330  3331  4494  3366
10180    3519  4668  5255  5370
10181    2553  2631  2629  4538
10182    4197  2614  4514  5261
10183    3902  2847  4295  5155
10184    3444   971  1113  5356
10185    2907  2926  2982  4300
10186    3235  4555  4724  4960
10187    4495   946  4659  5354
10188    2044  1286  4669  4671
10189    1771  1551  4852  4861
10190    2438  4237  4603  5171
10191    2295  2308  1437  4646
10192    2620  3383  1539  4432
10193    3257  3053  3393  4297
10194    3215  3196  3214  4715
10195    3207  3227  4832  5278
10196    3169   589  3170  4741
10197    3662  2652  2651  4866
10198      93  3617  4200  4865
10199    4156  4374  4650  4741
10200    2665  2664  4787  4866
10201    2050  1865  2051  4325
10202    1532  1761  4135  4242
10203    4150  4133  4512  4558
10204     219   218  4820  5169
10205    4340  4382  4506  4606
10206     869   902   850  4586
10207    4883  1262  5008  5343
10208    4151  4498  5094  5121
10209    2841  2857  1960  4575
10210    2911  2912  2897  5116
10211    4217  4156  4591  5396
10212     759  3598  5198  5355
10213    4457  4588  4900  5019
10214    1602  1615  1603  4700
10215     104   295  4239  4721
10216    3209  3179  4642  5124
10217    3540  3734  1294  4665
10218    4078    49  5345  5394
10219    4375  2408  5119  5227
10220    2316  1030  2209  4487
10221    3403  2632  2386  5262
10222     530   516  4794  5139
10223    2108  2212  2272  4910
10224     259   248  1217  4761
10225    4337   358  4410  4590
10226    4137  4464  4945  4946
10227    4228  4437  4505  4524
10228     515   530  4794  5243
10229    4394  4270  4580  4639
10230    3173  1479  3150  4922
10231    2678  3662  2650  4866
10232     714   156  4176  4942
10233    1926  3886  1912  5268
10234    5208   157   169   200
10235    4250  4155  4516  4670
10236    4545  4355  4753  4888
10237    4100  4370  2924  2893
10238    4247  4514  4987  5261
10239    1145  1114  1278  5090
10240    2069   724  4513  1327
10241    3733  4572  4800  4922
10242    3147  3385  3339  4510
10243    1911  2681  1910  4902
10244    2944  4950  5038  5319
10245    1325  4244  4882  5318
10246    4309  4224  4528  4781
10247    4421  4742  5058  5358
10248    2614  2627  4514  5261
10249    4046  4013  4617  4051
10250     811   719  4258  4644
10251    2583  1903  2634  4503
10252    1329  4534  4537  4857
10253    1701  1708  1709  5189
10254    2310   211   799  4764
10255    4205  4143  4385  5322
10256    1709  1702  1701  5189
10257     883   805   848  5106
10258    3984  4617  4680  3972
10259     512  3877   670  4332
10260    3167  3182  4715  5267
10261    1579  1562  1650  4819
10262     146   174  4201  5098
10263     661  1173  3606  4762
10264    3821  2896  4659  5078
10265     598    38  5104  5170
10266    4196  1620  4201  4496
10267    2224  2100  4185  4389
10268    2616  2614  2615  4514
10269    1324   438  4406  4682
10270     616   603  2797  3831
10271    1825  1815  1832  5013
10272    1286  2385  4611  5306
10273    4392  4305  4629  5063
10274    4347  4301  4555  5124
10275    2940  2941  4403  4874
10276     943   948  2886  5127
10277    2594  2544  4396  5261
10278    1833  1825  1832  5013
10279    3596  3047  3061  5040
10280    3158  3110  3109  4741
10281    3137  4572  4922  5387
10282    4836   298  4959  5044
10283    4572  1525  4686  4800
10284    3528   760  4887  4947
10285    2540  2516  3687  4927
10286    1440   507  4509  4761
10287    4111  3515  5191  5388
10288    2214  2206  2245  4920
10289    3358  3348  4456  5148
10290    4390  4345  4485  5259
10291    2771  2828  4553  5185
10292    3109  3110  4217  4741
10293    4210  4142  4220  4777
10294    4229  4160  4754  5003
10295      79  3736  4912  5314
10296    4330  4505  5138  5253
10297     948  2335  2867  5127
10298    4460  4531  4966  5261
10299     719   835  4266  4644
10300    4283  4179  4328  5316
10301     326  3716  4195  4245
10302    2222  1918  4302  4499
10303    4252  4260  4285  4577
10304    1470  3954  3639  5118
10305    1164  1138  5166  5210
10306    2335   948  2381  5127
10307    1186  1711  1725  4842
10308    4583  4686  4908  5162
10309    4253  4171  4460  5163
10310     888   110   404  4516
10311    3993  4880  5373  5396
10312    4198  4181  4387  4625
10313    4314  3806  4821  5230
10314    4474  4561  4764  5172
10315    4570  2851  4920  5237
10316    3522  4095  3512  4062
10317     931   913   713  4818
10318    3021  3010  4336  5336
10319    2961  2950  4375  5116
10320     698   721   729  4696
10321     952  4616    33  4564
10322    1382  1267  2146  4662
10323    4102  3857  4618  5042
10324    4270  4705  4877  5274
10325    4423   250   275   243
10326    4227  4357  4462  4619
10327    2706  2705  3557  4948
10328    4353  4685  4965  5198
10329      33  1768   952  4564
10330    1833  3937  1826  5302
10331    3012  3002  4627  5396
10332    2189  4185  4223  4581
10333    3002  4591  4627  5396
10334    4619  4534  4844  4857
10335    3888  3903  1040  4772
10336    3611  3998  3973  4316
10337    2413  4139  4237  4469
10338    1824  1815  1791  4531
10339     324   103    17  4144
10340    3226  3204  3265  4967
10341    2673  2660  2641  4547
10342    4704  4307  5005  5325
10343    3398  4456  3347  5033
10344    3340  3288  4896  3219
10345    2252  2124  2192  4289
10346    2118  2311  4767  5175
10347    4552  4892  5030  5158
10348    2824  2280  4827  5179
10349    4534  4146  4537  4675
10350    1313  4406  4478  4684
10351    1227  3866  4758  4981
10352     183  4179  4283  5316
10353    4491  4256  4799  4820
10354    4163  4184  4344  4634
10355      94  4225  4428  4539
10356    3263  3572  3264  4944
10357    4753  4935  4298  5215
10358    1127  1146  4776  4798
10359    4209  4318  4687  4696
10360    3906   806  4848  5326
10361    4363  4137  4412  4468
10362    4327  4989  5184  5270
10363     619   618   625  5091
10364    3749  2924  2934  4246
10365    2381  2422  2410  5127
10366    3029  2399  2400  5113
10367    2845   590  4254  5306
10368    4398  1437  4646  4745
10369    1344  4276  4665  4670
10370    1360   327  4736  1432
10371    3202    45  3186  4875
10372    4190   790  5096  5320
10373      77   652  1632  3911
10374    2483  2435  2456  5152
10375     302   332  5123  5149
10376    3457   616  2797  3831
10377    3021  3034  3070  4336
10378    2191  4751  4924  4937
10379    3121  3157  4440  4773
10380    4349  4295  4452  4762
10381    3163  3178  4888  5290
10382    4652   529  4681  5242
10383    2400  2409  3039  5113
10384    4137  4464  4826  4945
10385    1021  1073  1075  4252
10386    3171   452  4847  5199
10387     109    88  4318  4825
10388    2661  1178  2505  4282
10389     425   381  4607  5318
10390     473  4398  4633  4745
10391     134  1225  5207  5341
10392    3398  1171  4456   978
10393    4087  3627  4400  4680
10394    1254  1354  1388  4380
10395    4447  4194  4632  4943
10396    2430  2946  4390  4950
10397    4263  4392  4662  5111
10398    2627  2665  4514  4987
10399    4300  4139  5171  5197
10400    4472  4486  4495  4605
10401    2947  2401  4884  4970
10402    3326  4307  5005  5055
10403    4175  4231  4609  4751
10404    3900  2933  5116  5271
10405     374   353  4949  5044
10406    4333  4432  4453  4501
10407    2398  3495  2314  4141
10408    4086  3627  4087  4680
10409    1681  2757  4675  4857
10410    4621  4132  4993  5099
10411    2738  4266  4698  5135
10412     506  1254  4380  4952
10413     530   842  5139  5243
10414    1181  1182  5083  1193
10415    3131  3119  5188  5337
10416    2897  3594  5189  5271
10417    2224  2002  2106  4185
10418    1512  1737  4242  4461
10419    2956  3495  2314  2955
10420     585   569   598  4476
10421    3119  3131  4455  5337
10422    2220  2129  4141  4720
10423    1924  1910  3807  4902
10424     393  1619  4501  1687
10425    4531  4184  4551  5261
10426    1681  3838  2710  4844
10427    1137  1147  4905  5083
10428    1152  1414  3734  5026
10429    4305  2740  5358  4392
10430    1366  3571  4250  5026
10431    1373  3571  5026  3671
10432    2002  2189  2106  4185
10433    3165  3166  3609  5009
10434    1047  1160  4204  4721
10435    1426  1340  1405  4350
10436     296  1228  3786  4991
10437     441   475  4508  4595
10438    1831  1815  5013  5121
10439    2052  1952  2093  5089
10440    4826  1416  5252  5353
10441     376  4918  5037  5285
10442    1294  4250  4665  3734
10443    2193   645  3526  3769
10444    2239  2498  2499  5223
10445    1801  1813  4300  4876
10446    4395  2345  5240  5289
10447     722   157   704  5056
10448    4639  2349  4881  5321
10449       6  1163  1179  5339
10450    1932  4291  4463  4953
10451    4173  4216  4311  4719
10452    1122  3548  1304  4974
10453    2020  4529  4584  5105
10454    4209  4191  4283  4856
10455      36  3653    51  5385
10456    4177  4209  4364  5389
10457    5005  1249  5232  5325
10458    2989  2967  4591  4884
10459    4257  4212  4446  4755
10460    2408  2261  2958  3825
10461     866   686   675  4493
10462    2077  2055  2076  5105
10463    3057  3128  3140  4164
10464    1786  3911  1777  5366
10465    3723  3759  5156  5185
10466    3561  3741  4442  5346
10467    3447  3402  3423  3635
10468    4442  4419  4576  4954
10469    4862  1183  4562  4178
10470    3099  4459  4511  4780
10471    3745  3903  1015  4442
10472    3172  3771  3579  5142
10473    4246  4370  5017  5217
10474     168   245   224  5107
10475    3031  3084  3083  3068
10476    3277  3245  4738  4897
10477    2600  3641  4503  5050
10478     662   689  3620  5338
10479    4199  4143  4291  4365
10480     516   643   885  5120
10481    2215  4185  4213  4651
10482    2231  2834  2252  5279
10483     557   247  4929   653
10484    1856   754  1348  3916
10485    1057  1017  1152  3734
10486    4675  1681  4857  4941
10487     436   421  4165  4268
10488    3660   831  4538  4664
10489    1050  3741  1045  5346
10490    4709  4475  5028  5349
10491    4430  4423  4599  4677
10492    1044  1306  1827  5087
10493    3956  3453  5024  5378
10494    5394  3380   575  3885
10495    4470  4801  4921  5295
10496    2768  4238  4352  5173
10497    4230  3061  4429  5040
10498    3379  3358  3573  5148
10499    2822  3939  3873  5072
10500     285   261   300  4423
10501    3679  2792  4521  5324
10502    3036  3974  4072  4880
10503    2658  2175  4775  5250
10504     679   664   634  5295
10505    3331  3330  4494  3582
10506    1708  1728  1709  5189
10507    1288  4293  4974  5247
10508    3783  2142  4672  4722
10509    4863  4273  5132  5270
10510    3745  1039  4442  5281
10511    4156  4159  5193  5389
10512    2907  2899  2913  4189
10513    3177  3138  4940  3206
10514    3006  2960  5305  2993
10515    2919  2918  4403  4907
10516    3127  3101  3116  4560
10517    1695  1675  1680  5169
10518    4442  3741  4772  5346
10519    4460  4171  4689  5163
10520    4377  4318  5095  5143
10521    4769  4398  4389  4646
10522    1731  1759  1737  4242
10523    1671  1320  1772  4245
10524    2768  2746  4352  4484
10525    2377  3969  4535  4730
10526    1822  4448  5131  5197
10527    4832  4148  5147  5298
10528    3293  3312  4494  4932
10529    4598  4806  4887  5326
10530    3864  3806  4314  5230
10531    4277  4364  4598  5389
10532    1621  1620  4196  4496
10533    1668  2631  2553  4538
10534    4147  4156  4436  5389
10535    4374  4156  4650  5389
10536    3820   528  4652  5242
10537    4650  4156  5263  5389
10538    4151  3354  3294  4628
10539     274   275  4423  4473
10540    2725   949  3461  4305
10541     846  4410  4519  5141
10542    2340  2176  2236  4769
10543    4371  4197  4498  4518
10544     851   933   915  4183
10545    2775  2774  1011  4791
10546    2163  2830  2416  4957
10547    3663  3788   892  4369
10548    4174  4182  4394  4910
10549    4326  4244  4505  5138
10550    1217   796  4144  4817
10551    3638  1944  4507  4851
10552    3345  3262  3296  4162
10553     111   119  5134  5277
10554    4634  5036  5159  5328
10555    3647  3505   796  5299
10556    3293  3636  3259  5094
10557    1515  3648  4800  4922
10558    3256   564  3276  3241
10559    4265  4301  4331  5009
10560    3184  3339  3362  4510
10561    3873  3939  2851  5237
10562    4326   537  4332  5258
10563     401  4165  4519  4602
10564    1458  3372  4162  4956
10565      95  3865  4225  4623
10566    4639  4474  4651  4881
10567    4533  4400  4588  5145
10568    4445   527  4505  5258
10569     581   594    58  4477
10570    4981  4737  5207  5341
10571    3126  3115  3114  4998
10572    4232  4154  4260  4269
10573    2075  4530  4675  4834
10574     634   647   679  5295
10575    2131  2204  2167  4565
10576    2819  2820  2790  4713
10577    4143  4158  4976  5101
10578     333   371   319  4901
10579    2326  2295   342  4745
10580    4062  3077  4119  4299
10581    3214  3196  4701  4715
10582     355   354  4010  4399
10583    2331  2177  4487  5241
10584    4650  4427  4773  5035
10585    1232  1082  1936  3504
10586    2544  2524  2500  4551
10587    1948  1957  4840  5313
10588    2020  1993  2745  4584
10589    4037  4039  3253  5349
10590    4890  2347  4946  5092
10591     252   251   216  4809
10592    1798  4175  4376  4937
10593    2142  4487  4672  4722
10594    4276  4392  5063  5358
10595    2019  2093  1952  4571
10596    3532  2741  2832  4190
10597    3752  2741  4190  4258
10598    1329  1636  4534  4857
10599    3103  3045  3044  4331
10600    4233  4234  4523  5053
10601    1370  4435  4823  5161
10602     328  3359  4453  5310
10603     729   699   698  4696
10604     891  3793  3620  5194
10605    1217  3647  4817  5299
10606    4720  1758  4852  5292
10607    2794  2780  2793  5237
10608    4526  3794  4617  4909
10609    3527  4329  4768  5142
10610    3939  3947  2851  5237
10611     647  3497   663  5334
10612    2174   556  4550  4881
10613    4242  4720  4852  5292
10614    1518  1613  1685  4333
10615    2163  2416  2293  4957
10616    4433  4561  4620  5260
10617     881   925  4600   901
10618     141   234  4380  4699
10619    1320   325  1314  4245
10620     983  3858   953  4563
10621    1057  3540  1243  4665
10622    4136  4146  4619  4941
10623     299   284   316  4959
10624    4382  4340  4388  4606
10625    4475  5074  5297  5298
10626    3250  3173  1479  3190
10627    5143  5104  5187  5294
10628    4593  4273  5184  5251
10629     534  4528  4556  4812
10630    4276  4629  4665  5063
10631    1795  3689  4644  1894
10632    5162  5023  5200  5400
10633    4888  4940  5297  5298
10634     273   300  4423  4959
10635    4046  4574  4617  4909
10636    2842  1655  2843  4833
10637     159   546  5010  3608
10638    3349  3379  3348  3358
10639    3360  3817  1674  5150
10640    3139  3153  3128  3138
10641    4066  4108  4114  4583
10642    4430  4638  5163  5199
10643    4363  4468  4890  4946
10644    2595  2665  2627  4987
10645    2879  1701  3594  5189
10646    3861  3695  4637  4799
10647     263   844   290  4788
10648    3193  3207  4940  3206
10649    3763  3793   891  5194
10650    4419  4424  4442  4760
10651    3252  3177  5278  3227
10652    1675  1694  4294  1695
10653    1655  3863  1864  4833
10654    2283  2251  3590  5274
10655    4851  1926  1932  4463
10656    3637  3677  1299  4527
10657    4511  4344  4861  5174
10658    3239  4047  3213  4476
10659    4356  1960  4564  4575
10660     352   329  4849  4949
10661    4490  4631  4737  4855
10662    3587  2022  4671  5202
10663    4103  3830  4617  4077
10664    1088  1089  3986  4576
10665    3324  3255  3305  3274
10666    4248  4428  5028  5041
10667    3711  2269  4869  5360
10668    3176  3177  3192  3205
10669     161   145  4993  5098
10670    1635  1666  4441  4677
10671    1497  1685  1531  5101
10672     145   146  1585  5129
10673    3461   949  1189  4305
10674    2822  3947  3939  5072
10675    4081  3955  4999  5386
10676     343  4633  4804  4923
10677     343    19  4633  4923
10678    1967  1968  4529  4584
10679    4233  4259  4433  4997
10680    2402  2430  2420  4950
10681    4570  2780  4726  5237
10682    1818  4756  4971  5112
10683    1026  1036  4226  5333
10684    4719  2536  4808  5211
10685    3778  3915  4060  4415
10686    4013  3814  4012  4617
10687     505  3877   512  4332
10688    3325  2990  4510  4740
10689    3311  3258  5183  3249
10690    4694  4571  4736  5047
10691    1208    29  1228  4991
10692    1190  1019   188  4657
10693    4644  2776  4258  5075
10694    2658  4775  4941  5250
10695    3253  4039  3744  4475
10696     662  4817  5299  5338
10697    1528  5027  5082  5231
10698     770   117  5214  5282
10699    2250  2236  2176  4769
10700    4470  4367  4856  5198
10701     418  4401  4995  5007
10702    4194  4221  4243  4795
10703    2953  2954  2944  5319
10704    4262  4207  4295  5142
10705    2362  2176  2340  4735
10706     467   442  4999  5309
10707    3043  3009  4315  4360
10708      78    91    79  4784
10709     677  4783  5218  5288
10710    4188  1746  5180  5400
10711     851   842   933  4183
10712    1479  3173  3150  3190
10713    4790  2185  4933  5279
10714     414   436   642  5276
10715    4269  4339  4348  4586
10716    2748  2749  4955  3798
10717    3078  3667  3121  4963
10718     153   410  1209  4607
10719     170   558   187  5051
10720    3985  4040  3235  4555
10721    4817  3620  5194  5338
10722    2310  1923  2232  4206
10723    1205  1896  1232  1210
10724     366   385  4708  5157
10725    3497   678  4687  5334
10726    4208  3912  4480  4510
10727    3174  1479  3150  3190
10728    2138  4223  4581  5175
10729    3779  3984  4101  4574
10730    3166  3210  4517  5009
10731    3179  4642  5074  5297
10732    1057  1152  3540  3734
10733    3847  4040  3985  4555
10734    2148  2322  4739  4879
10735     315  1391  1231  5186
10736    3913  3775  4135  4459
10737    4305  4742  5063  5358
10738    4540  4436  4914  5056
10739     623   797   268   656
10740     622   726  1917  3944
10741     305   253  4725  4901
10742     575  4456  4752  5394
10743    2698  2760  4425  4726
10744    1380  1291  5080  5382
10745    4214  4511  4861  5174
10746    2480  4542  5251  5273
10747    3431  3481  3467  4569
10748    2953  3837  2954  5319
10749    1896  1205  1232  3504
10750    4326   483  4437  4699
10751    2218  3496  2251  4877
10752    4383  4273  4542  5273
10753    3145   601  4914  4951
10754    4426  4152  4870  5008
10755    4408  4356  4564  4575
10756    1685  1502  4501  5065
10757    3122  3110  3135  4673
10758    2967  2966  3014  5319
10759    4400  3627  4407  5145
10760    2369  2864  2873  5042
10761     676   878  4549  4750
10762    1199  1129  3982  5016
10763     759   766  4685  4965
10764     850   629  4586  4590
10765    2415  2657  4261  5393
10766    4140  4174  4231  4279
10767    1617  1616  4441  4756
10768    4416  4278  4438  4808
10769    1039  2513  4839  5281
10770    4449  1793  4904  4971
10771    1301  1339  4552  5158
10772    4091  3812  5219  5395
10773    2064  1033  4321  5029
10774    4188  3834  4479  4964
10775     794   847  4454  4965
10776    3108  3667  3525  4299
10777    2363  2138  4223  4581
10778    3163  3140  3139  4164
10779    4498  4460  4895  4966
10780    3308  3243  3325  4740
10781    2817  1184  2103  4862
10782     512    54   505  4332
10783    2823  2761  4899  5179
10784     167    74  4748  4882
10785    4588  3000  5145  5315
10786     205  4064  5255  5370
10787     398  3988  5007  5086
10788    4436  4540  4660  4826
10789    3707  3772  2888  4730
10790    1044  1306  5087  5283
10791    4191  4209  4318  4377
10792    3099  3084  4459  4780
10793    4649  4264  4815  5084
10794     299   365   300  4522
10795    3569  2915  2901  5054
10796    2960  2993  2994  5305
10797    3697  3494  4246  4370
10798    4737  4324  4840  5111
10799    4944  4803  4958  4967
10800    3348  3321  5148  3337
10801     862   817   849  5339
10802     477   508  4781   489
10803     492  4018  1647  4778
10804    3331  3367  3368  5155
10805    4670  4324  4981  5111
10806    2229  1084  1096  4468
10807    4179  4160  4405  4856
10808    1372  1348   608  3944
10809    4683  4346  4760  4978
10810    2250  2186  2236  4769
10811    1900  4789  1872  1887
10812    2021  1968  1979  4529
10813    1818  1792  4971  1793
10814    1629  4520  5002  5301
10815    2237  2330  4275  5219
10816    3080  3078  4440  4734
10817    4281  5063  5090  5203
10818    1734  1746  4188  5404
10819    3252  3298  3266  4925
10820    1642  1975  4185  4391
10821     794   847   815  4454
10822    1068  1095  1076  5154
10823     834   861  3791  4348
10824    3172  1625  1624  3365
10825    2563  2515  4542  3808
10826    1917  1348  3944  1856
10827    2706  2705  4645  4987
10828    1372   622  1917  3944
10829    2635  2677  2633  5393
10830    4236  4240  4289  4878
10831    3651  3266  3267  4925
10832    1285  2096  1157  4669
10833     791   607  1100  5218
10834    1452  2694  4146  4718
10835    4474  4394  4561  4656
10836    4177  4271  4548  4928
10837    3033  3565  2995  5350
10838    1077  1060   225  4980
10839     181  4620  4692  4722
10840    4689  5045  5068  5163
10841    1483  1458  4162  4956
10842    2793  2836  5237  2821
10843    2991  3768  5066  4128
10844    1267   392  1359  4195
10845    1479  3150  5387  5404
10846    1881  3498  1891  4554
10847     524   490   501  4556
10848     178   729   721  5034
10849     719   918   655  4843
10850    1944  4507  4851  4968
10851     785  3642   784  4685
10852    4196  4201  4322  4347
10853    2208  4557  2260  2271
10854    3233  3259  3636  5020
10855    4398  4769  4745  4646
10856    3128  3102  3724  4187
10857    1152   604   362  5026
10858    2000  1913  4263  4835
10859    1851  1987  1118  5247
10860     502   510  4568  4859
10861     101  1385  1325  5318
10862    2272  4557  2208  4910
10863     542   264  4181  4682
10864    2092  2030  1260  5225
10865    1635  1605  2777  4441
10866    2950  2959  4211  5119
10867    1223   265   291  4612
10868    2738  2631  1668  4538
10869    3089  3091  3090  3520
10870    2916  3530  2973  4824
10871    1333   470  4351  4754
10872     168   483  4326  4699
10873    4283  4318  4687  4744
10874    4580  4561  4656  5172
10875    4465   170  4502  4991
10876     554  3892   509  5375
10877    1359   326  3716  4195
10878    4399  4192  4728  4810
10879    4276  4392  4629  5063
10880    3855  3768  4128  5066
10881    4335  4184  5036  5344
10882    3232  4009  4891  4911
10883    4255  4395  5240  5289
10884    4220  4142  4236  4240
10885      11  4694   349  4782
10886    1476  1499  1489  4990
10887    1448   182  4361  4865
10888    5184  2469  5251  5270
10889    2275  2246  2207  5241
10890    1136  1146  2221  4776
10891    2413  4674  4886  5152
10892     857   851   915  4183
10893    4202  4917  4961  5220
10894    2578  2554  2543  4808
10895    2020  2745  2055  4827
10896    2979   940  4884  4970
10897    1969  2021  2003  4529
10898    3090  3106  3072  3089
10899    1174   997  4305  5063
10900    1666   189   203   172
10901    3319  3301  4248  4724
10902    2839  4136  5031  5347
10903    3294  4151  4628  5302
10904    2115  2099  2121  4468
10905    2449  2488  4485  4970
10906    1122  1304  4307  4974
10907     449  4351   471  4268
10908    4338  2192  4933  4957
10909    2632  2852   212  4509
10910    3160  3122  4951  3123
10911    3134  3197  3196  3142
10912    1969  1970  1968  4529
10913     663   698  4696  5334
10914    3672   476  4595  5181
10915    1558  4172  4566  5134
10916    4783  3756  5195  5288
10917    2776  2829  5075  2814
10918     383   374  4714  5044
10919    4368  1601  4700  4768
10920    1789  1788  4594  5017
10921     317  1677  4274  1684
10922    3705  3524  4492  5021
10923     840   620   695  5356
10924    4238  4352  4356  4484
10925    4234  4261  4653  5125
10926    2359  2360  5051  5137
10927    4423  4473  4668  4810
10928    4379  4430  4441  4677
10929    4320  4549  4750  5201
10930    1749  1735  1482  4162
10931    2393  2411  4658  4973
10932    1338  1423  4200  5282
10933    1023  1070  4434  5283
10934     155  1304   550  4307
10935    4214  1740  4572  5200
10936    3575  3894  4545  4972
10937    1038  3548  1122  4974
10938    3894  4355  4545  4972
10939    1648   437  3309  4267
10940    1429   410   153  5318
10941    5148  3321  3675  4314
10942    4291  4349  4365  4431
10943    3062  3080  3063  4230
10944     558  4465  4502  5137
10945    1763  4162  4479  5249
10946    3352  1635  2777  4847
10947    2314  2443  4141  5168
10948    1476  1490  3112  4990
10949    4533  4400  4680  5263
10950    3037  3062  3063  4230
10951    3638  1944  1945  4507
10952    4343  4393  4490  4733
10953    4895  5151  5239  5344
10954     505   544   537  4332
10955    3087  3100  5159  5348
10956    3095  3037  4217  4386
10957    2307  1204  2357  5303
10958    4709  4172  5134  5349
10959    1747  1746  5180  5249
10960    1322  1297  1364  5154
10961    2885  2895  2877  4973
10962    4744  4378  4825  4934
10963    4657  4321  5029  5225
10964    2048  2008  4323  4850
10965    2805  2811  1981  4254
10966    3216  3215  4476  4715
10967    4794  4337   932  4268
10968     424  1251  5376  5397
10969    2686  4579  4142  2639
10970     111   119  1557  5134
10971    1584  3965  1597  5150
10972    2369  2864  5042  5244
10973     386   430  5037   408
10974    2832  2829  2740  4190
10975    1019  1012  4157  4204
10976    2135  2193  5228  5240
10977    1179   862  4860  5339
10978    2387  2389  2388  5113
10979     785   784   816  4348
10980    2369  2376  4618  5360
10981       6  1130  1191  4577
10982    1567  1637  1633  5150
10983    4250   404  4516  4582
10984    3003  3014  3037  4591
10985     604  1017   832  4582
10986    2283  1007  2339  5274
10987    4309  4663  4676  4708
10988    1049  1026  4412  4468
10989     216  3803  5255  5392
10990    2358  1111  5137  5303
10991    4265  4191  4377  5389
10992     951  1904  2737  4619
10993     458   446  1643  3580
10994    4282  4284  4743  5024
10995     227  4473   250  3839
10996    3272  3917  3864  4845
10997    2080  2096  1285  4669
10998    4187  4164  4753  4888
10999     893   739   705  4635
11000    4528  4296  4979  5234
11001    4867  4284  5024  5058
11002    3414  3467  3415  4569
11003    2714  2713  4257  4579
11004    1260  2001  2064  5029
11005     369  1571   304  4358
11006    3421  3448  3463  5060
11007    4902  2681  4943  5268
11008    4192  4655  4728  4810
11009     840   912   655  4843
11010    3627  4087  4400  5220
11011    1354  1377  1235  4380
11012      92   124   143   135
11013    4356  2841  4408  4640
11014    1583  1589  1618   135
11015     382   374   363  4714
11016    2354  3567  2321  4389
11017    3179  3163  3178  5074
11018     216   206  3803  5392
11019    3716  1314  4195  4245
11020    4655  4690  5037  5086
11021    4236  4639  4878  5321
11022     944   939  4563  4970
11023    3047  4072  4880  5373
11024    4148  4992  5147  5298
11025    3015  3003  4386  4884
11026    2447  2419  4970  2449
11027    4193  4420  5218  5288
11028     864   925   777  4590
11029     635   636  4801  4921
11030     807  1132  1195  4980
11031    4253  4630  4853  4894
11032     433  4754  5003  5186
11033    1127  1137  4905  5083
11034    1776  1763  1785  1784
11035     943  2878   947  4831
11036    4712  4515  4871  5330
11037     411   419  5384  3731
11038     404   824  4155  4582
11039    2533  2548  2520  4497
11040    2410  2403  2392  5127
11041    4366  4357  4489  4704
11042    1175  3776  1136  4776
11043    4497  4372  5177  5388
11044    4737  4631  4758  5207
11045    3318  4172  5041  5349
11046    4332  3845  4716  5039
11047    2281  2201  2142  4672
11048     398  1586  4819  5007
11049      58    21  5100   594
11050    1624  1614  4329  4700
11051    3045  3044  4331  5350
11052    4559  1127  4776  4798
11053    1456  3295  1463  4805
11054    4193  4166  4218  4369
11055    2640  2639  2686  4777
11056    2717  2697  5084  2660
11057     383   382   407  4714
11058    3079  3061  3852  5196
11059     655   918   840  4843
11060    1343  3386  4875  5150
11061     234  1354  1235  4380
11062    4401  4995  5011  5365
11063    1138  1149  1164  5166
11064    4340  4210  4354  4543
11065     406   743   141  4380
11066    4291  4199  4463  4953
11067    1042  1473  2431  1672
11068      98    72  5104  5334
11069    4641  4976  5232  5391
11070    2166  4796  4879  4957
11071    3785   404  4493  4516
11072    4216  4278  4331  4335
11073     461   471  4351  4444
11074    1714  1480  3552  4805
11075      30   573  4036  5304
11076    1944  1974  4312  4968
11077    3146  1986  4896  5122
11078    2713  2789  2729  4257
11079    1693    11   327  4373
11080    2908  2902  3560  5331
11081     875  3763   891  5194
11082    4568  4401  4982  5229
11083    1498  1657  5182  1669
11084    2634  2126  2128  4854
11085    1572  1548  1613  4333
11086    4475  4039  5028  5349
11087    3193  3138  3206  4940
11088      44  1510  5027  5231
11089    1074   654  1143  4843
11090    1285  2067  4669  5093
11091    3972  4013  4051  4617
11092     831   891   689  5338
11093     604   927  4250  4582
11094    4391  4232  4394  5321
11095     601   650   602  4679
11096    3080  4217  4230  4734
11097    1122  1257    45  4293
11098    4312  2009  4513  4968
11099    1581  5151  5153  5344
11100    3510  3866  4758  5178
11101    4570  4726  5072  5237
11102    2682  1711  2723  4842
11103    3116  3100  4935  5159
11104    1220  4157  4195  4245
11105    1812  1589  1617  1575
11106    4329  4368  4700  4768
11107    2886  2867  2877  5127
11108     572  3333  3375  3374
11109    4424  4419  4442  5281
11110    4429  4734  5193  5196
11111    5002  4520  5287  5301
11112    4862  5014  5166  5210
11113    1883  1609  1509  4911
11114    2491  4542  4593  5251
11115     300  4423  4522  5149
11116    4152  4525  4793  4823
11117    4752  4821  5345  5394
11118     378    19   267  4633
11119    1861  3258  3220  4554
11120    4253  4280  4853  5192
11121    1956  2561  2526  4731
11122    3719  3979  5216  5390
11123      71    87  4318  4378
11124    3625  3333  4070  4587
11125    3288  3219  3248  4432
11126    2655  2255  4742  5058
11127     641  4595  5073  5181
11128    3045  4331  4336  5015
11129    2072  1835  5076  1842
11130    1289  1313  4406  4478
11131     641  3539   532  5073
11132    1151  1073  4252  5081
11133    4139  4237  5171  5197
11134    4227  1008  4421  4813
11135    4238  2767  4898  5173
11136    3237  4063  4960  5176
11137    4723  1647  4778  4982
11138    2499  2498  2522  4792
11139    1802  2522  2498  4792
11140    1444  1417  5246  5339
11141    2172  2831  4867  5358
11142    3977  4855   465  5207
11143    2286  2348  2299  5240
11144    1021  1151  1073  4252
11145    2233  2728  2818  5210
11146    4724  3237  4960  5176
11147    2232  2310  4206  4779
11148    3315  3295  1464  4805
11149    1422  5057  5368  5402
11150    3280  3346  4544  4587
11151    3320  3335  3818  3921
11152    3333  3346  3375  3374
11153     394   393  4501  4849
11154    3546  4196   112  4378
11155    4657  2030  4721  5225
11156    1384  1132   807  4980
11157    4233  4433  4564  4997
11158    2313  4338  4636  4796
11159     128   120  4378  4934
11160    4265  4693  5019  5389
11161    2522  2499  4203  4416
11162    1777  1526  5012  1503
11163    3342  3313  3369  4628
11164     304  1699  1640  4809
11165    3024  3025  3026  5071
11166    3258  3220  4554  5020
11167    3517  2424  2434  5381
11168    3013  3036  5040  5396
11169     198   117  4892  5214
11170    1251   424  5368  5397
11171     493   527  4445  5258
11172    4435  1370  4813  5376
11173    1102  3748   832  4582
11174    1102  1145  3748  4582
11175      65    77  1555  1632
11176    1897  4608  1877  4393
11177    4221  4484  4948  4955
11178    1161  1188  4305  4604
11179    1870  2074  3433  3692
11180    4160  4602  4746  4788
11181    2449  2430  2419  4390
11182    4021  1422  5069  5368
11183    4216  4140  4253  4417
11184     574   978  4080  5033
11185    1561  1614  1601  4768
11186    2531  2492  2540  4927
11187    4145  4281  4420  4435
11188    3297  3265  4958  3280
11189    1840  1839  4197  4966
11190    3620  3793  4817  5194
11191    4198  4666  5001  5138
11192    3043  4634  5159  5328
11193    1997  4291  4688  4968
11194    2131  2097  4565  4924
11195    4150  4337  4410  4590
11196    4817  4144  5135  5194
11197    3547  3356  4094  5118
11198    3001  3000  4116  5145
11199    1808  4448  2496  5165
11200    4340  4388  4506  4886
11201    3480  1819  4571  5016
11202    3086  3100  3087  5348
11203     518   553  4578  5195
11204    4251  4398  4607  4633
11205    2691  2690  2720  4787
11206     502   479  1521  4982
11207    4323  4205  4585  4850
11208    4190  4258  4644  4873
11209    3143  3144  4440  4773
11210     329  4836  5067  5310
11211    4301  4265  4322  4517
11212    2198  2677  4499  5393
11213    1495  1470  4969  1471
11214    4177  4427  4482  4548
11215    2336  2173  2299  5240
11216    3881  3975  3099  4962
11217    1668  2667  4698  5262
11218    3084  4344  4459  4780
11219    2586  2583  3641  4503
11220    4201  1621  4491  5401
11221    3776  1175  4292  4776
11222    4273  4383  4413  4777
11223    5099  4709  5129  5277
11224    3177  3206  3207  3227
11225    4436  4766  5056  5379
11226    3099  3084  4511  4962
11227    3310  3292  3330  5183
11228    4168  1872  4789  4975
11229    4877   230  2248  2230
11230    1566  1573  1552  5344
11231    4173  4216  4331  4931
11232    4389  2114  4223  4581
11233    1131  3362  4510  2990
11234    2992  2959  4211  5305
11235    4395  4350  4614  4892
11236    4263  4145  4276  5111
11237    1783  1784  1776  5249
11238     589   637  4374  5004
11239    2481  2471  2480  4593
11240    4301  4265  4381  4481
11241    4243  2842  4640  4833
11242     460  5312  1112  4763
11243    2454  2474  2434  4382
11244    1834   565  2059  4149
11245    2843  1679  4597  4833
11246    4649  4264  5084  5324
11247    3342  4098  4125  5045
11248     404  4155  4493  4516
11249    4642  4475  5074  5297
11250    1972  2238  2211  4796
11251     595   422  4337  4590
11252    4214  4135  4459  4686
11253    3351  3322  3284  5390
11254     636  4801  4921  5004
11255    4191  4201  4256  5401
11256    1385  1354  1446  4699
11257     659   911  4186  5108
11258    4330  4444  4445  4754
11259    3111  3052  3145  5046
11260    1602  4368  4700  4797
11261    2609  2688  4919  5235
11262    3319  3301  3271  4248
11263     881   860   345  4600
11264    3277  3147  3339  4738
11265    3077  4119  4299  5263
11266    2166  1972  2299  4796
11267    1114  4281  5090  5203
11268    1171  3379  3358  3573
11269     394  1619  4508  5065
11270    2899  2888  4504  4535
11271    1130   582   907  4577
11272    3395  2431  3396  4969
11273    4411  4210  4418  4497
11274    4930  4211  5119  5204
11275     922   310  4426  5115
11276     894  1183  4562  4648
11277    4004  4197  4866  5049
11278    3004  3015  4386  4884
11279    3552  1748  4805  4964
11280    1962  3397  4807  5033
11281    2095  4589  4743  4835
11282    4771  4460  5153  5163
11283     531  4359  4532  4871
11284    3356  1459  3377  4544
11285     745   729   178  5034
11286    2838  2795  2824  5179
11287    4559  1061  4978  1097
11288    4843  3420  3450  4258
11289    1582  1421  2090  4195
11290    4278  4331  4732  5350
11291    4104  2517  4111  5363
11292    1080  1952  1883  4911
11293    3960  3281  4786  5118
11294     784   774  4454  4685
11295    1144  3391  1466  3392
11296    2684  3347  3397  5033
11297    2598  3220  3233  5020
11298    2409  2428  4720  5113
11299     654   655   912  4843
11300     773   746   764  5034
11301    2402  2944  2945  4950
11302    4295  3389  4628  5142
11303    1547  2034  2028  4765
11304     725   118  4493  4986
11305    2162  4695  4776  4798
11306    1779  1789  2257  4246
11307    4191  4196  4378  4491
11308    2780  4570  4815  5237
11309    1039  1040  4442  3561
11310    1153   977   894  4648
11311    1938  4622  5173  5192
11312     404   110  4250  4516
11313    1308   497  4631  4855
11314    4172  3299  4566  5349
11315    1624  4329  4638  4700
11316     458  3580  4859  5229
11317    1579  1650  4483  4819
11318     587   588  4650  5004
11319    4179  4405  5006  5034
11320     988  1987  1168  4983
11321    1452  2075  4611  4675
11322     710   675   906  4549
11323    3070  3034  3045  4331
11324     531  4359  4871  5266
11325     846   358  4600  5141
11326    3569  3649  4869  5054
11327     585   618  5091  5369
11328    4151  3332  3354  4494
11329    3140  3057  4164  4732
11330    4679  4660  4914  5208
11331    2768  4352  4645  5173
11332    1746  1712  1734  4188
11333    3210  3236  4555  5124
11334    4754  4229  5003  5186
11335    2332  2153  4275  4793
11336    1325  1385  1446  4699
11337    4550   556  4651  4881
11338    1576   111   119  1557
11339    1018  1055  1022  4571
11340    4208  4304  4608  5182
11341    4542  4593  4927  5380
11342    4476  4023  3255  5216
11343     829   837   728  4267
11344    3404  3461  3478  4604
11345    4459  4214  4686  4908
11346     234  1354  4380  4699
11347     522   553  5181  5234
11348    5132  3835  5251  5273
11349     329   353  4836  4949
11350    2788  2818  2728  5210
11351    2178  2271  2329  4206
11352    1156  1136  2162  4776
11353    4155  4493  4516  4986
11354    4374  4156  4673  4741
11355    4160  4191  4269  4353
11356    4023  4476  3255  4047
11357    4255  4350  4395  5289
11358     813   863  3514  4317
11359     125    92  4621  5082
11360    4220  4212  4419  4576
11361    4237  2436  4546  5152
11362    4184  4163  4416  4634
11363    3104  3071  3728  5009
11364    4169  4456  4752  5238
11365    2747  3557  2705  4948
11366    4181  4198  4612  4625
11367    1504  1530  4153  1529
11368    3266  3298  4109  4846
11369    4327  4643  4913  4989
11370    4661  4724  5176  5230
11371    3359  4432  4453  5310
11372    3743  3148  1453  4990
11373    4756  4132  5112  5163
11374    3396  2431  3378  3357
11375    3065  3493  4461  4990
11376    4561  4474  4656  5212
11377    4158  4241  4366  4976
11378    1332  1336  5342  1218
11379    2547  2588  4413  4777
11380    4992  4148  5099  5298
11381    1339   423   117  4892
11382      27    28  1428  5025
11383    2137  1428  2136  5025
11384    3231  3240  3254  3979
11385    3041  3116  3088  3652
11386    1422  1281  1345  5343
11387    3950   355  5123  5149
11388    4148  4621  5082  5099
11389    4331  4278  5015  5350
11390    1670  1659   206  5401
11391    3485  3689  2814  5075
11392    4235  4174  4433  4561
11393    2772  1941  1940  4953
11394    2758  2697  2731  5084
11395    1007  4705  2169  2117
11396    3056  3042  3069  3652
11397    1221   673   797  4873
11398    1470  3356  3377  5118
11399    2290  2296  2234  4946
11400     301   302   285  5149
11401    4394  4232  4878  5321
11402    4803  4832  4958  4967
11403     222   178  4916   745
11404    4262  4287  4329  4628
11405    1466  3391  3372  3392
11406    1864  1882  4833  1863
11407    3306  4317  4510  4740
11408    3253  4475  5297  5349
11409    3398  2684  4080  5033
11410      59    66    46  1520
11411    3466  3407  3790  3406
11412    3377  3396  1470  3395
11413    4758  1227  4981  5207
11414    4656  4580  5172  5212
11415    4147  4154  4285  4776
11416    3261  3315  1482  4805
11417    4152  4525  4823  5303
11418      51  3653   576  4661
11419    1559  1536  4697  1529
11420    2241  2347  4890  5092
11421    3670   536  5266  5364
11422    4174  4474  4561  4764
11423    3625   573  3583  5304
11424    4303  3875  5186  5301
11425       0  3971  4181  5032
11426    1878  4376  4609  4937
11427     191   207  4294  1694
11428       9  1227  4758  3556
11429    1581  1774  1773  4985
11430    3262  3572  3263  4944
11431    1022  3533  4571  4736
11432    4159  4167  4526  4533
11433    5151  4460  5153  5344
11434     473   343   378  4633
11435    4159  4210  4212  4419
11436    2644  2625  2643  5048
11437    4793  4823  4829  5125
11438     623  5096  4190   656
11439    4315  4278  4915  5350
11440    4325   287  4855  5341
11441    4311  4168  4384  4418
11442    1497  1649  4592  4976
11443    1945  1944  3720  4507
11444    3198  3966  3167  4773
11445    1512  1513  1507  4990
11446    3042  3043  3717  5159
11447    4394  4219  4561  4580
11448    4333  1986  4365  4896
11449    3516  3018  4141  5292
11450    1409  2075   969  4834
11451    3476  3470  1819  3796
11452    3116  3551  3127  5215
11453    3728  3789  4336  5009
11454    2783  2761  2744  4899
11455    3945  3856  4069  4813
11456     831   632  4266  4538
11457    4781   467   466   443
11458    4916   178  4179   745
11459    4760  2292  5130  5346
11460    4065    97  4496  4706
11461    2912  2911  2922  3928
11462     458   446  3580  5229
11463    1101  1008  4421  4828
11464      49  4752  5345  5394
11465    2554  4396  4416  4808
11466     649  4951   100  4914
11467    1143   971  3444  4843
11468    4297  4207  4432  4453
11469    3741  1050  4074  5346
11470    4277  4598  4766  5379
11471     417   407   382  4714
11472     426   407   417  4714
11473    4902  4868  5233  5268
11474    4650   587  5004  5035
11475     383   374   382  4714
11476    1250  2082  3568  4850
11477    3164  3129  3179  5074
11478    4000  3978  4109  4846
11479    4238  2768  4352  4408
11480    4294   219  4820  5169
11481    1660  1606  4491  4799
11482    1180  1136  1156  4776
11483    3260  3470  3796  4911
11484    3427  3480  3476  4911
11485    1496    48  4807    47
11486     282   329  4836  5067
11487    4225  4248  4539  4623
11488    4301  4322  4347  4555
11489    2814  2026  2125  5075
11490     954   942  4486  4605
11491     906   705  4369  4549
11492    3427  3470  3451  4911
11493    1236     7  2146  4263
11494    1236  3576  1316  5111
11495     999  3411  4571  4891
11496    3531  1681  4844  4857
11497    3232  3555  4009  4911
11498    1627  1343  5150  3386
11499    1425  1301  1339  4552
11500    4409  4384  4622  4667
11501    4210  4273  4413  4777
11502    1812  1818  4756  4971
11503    4778  4723  5001  5002
11504      90    75    99  4951
11505    4873  4134  5096  5221
11506    2844  2803  4597  5185
11507    2941  2919  2940  4403
11508    1489  1732  1512  4990
11509    3427  3476  3470  4911
11510    2829  2814  3624  5075
11511    3085  3084  3099  4962
11512    3074  3073  4961  5220
11513    1096  1084  1076  5154
11514    3338  3351  3284  4314
11515    1417  1401  1416  5246
11516    3520  3073  4407  4961
11517     987  3469  1717  1134
11518     651   638   669  4679
11519     446   502  4982  5229
11520    3100  4298  4935  5159
11521    1883  1509  1836  4911
11522    1604  1603  4638  4797
11523    1290  1958  1999  4765
11524    2431  3378  1472  1042
11525    1218  1332  1345  5343
11526     120   128  4378  4825
11527    2622  2623  2588  4777
11528    2847  3394  2807  4295
11529    2747  2746  2800  4484
11530    2684  3347  3398  3397
11531    3085  3055  3084  5348
11532    3163  3129  3140  5074
11533    2779  3690  4521  4649
11534    1291  1380  1307  5382
11535    2479  2421  2384  4261
11536    4238  4356  4408  4484
11537    2803  2750  5156  3723
11538    3165  3130  4301  5009
11539    3698  1640  1696  4809
11540    4456  4169  5128  5238
11541      88    72  5104    98
11542    2591  2608  3595  5235
11543    1220  1314  3816  4245
11544    1474  2684  3397  1962
11545    4146  4534  4619  4675
11546    1423   312  4186  4200
11547    2037  1999  1290  1937
11548    4288  4357  4489  4980
11549    2871  2900  4222  4535
11550    4402  2754  4632  4868
11551    1403  4042  5096  5221
11552      69    61    68  5238
11553    2401  2419  4390  4970
11554    2445   944  4563  4970
11555    4525  1253  4793  5303
11556     934   910  4558  4860
11557    3228  3208  5147  5297
11558    3378  1472  1042  1473
11559    1566  1552  5174  5344
11560    1042  3378  1473  1672
11561    1883  3941  1609  4911
11562     801   926  3782  5052
11563    1605  1617  4441  4756
11564    2530  4383  4542  5273
11565    3020  3007  4893  5159
11566    1356  1841  1090  5087
11567    3107  3108  4299  4917
11568    4433  4620  4791  5260
11569    1890  2193  2156  5140
11570    3153  3139  3128  4187
11571    4314   576  5345  5394
11572    1776  1741  1748  5249
11573      47    46  1496  1505
11574    2678  2707  2690  4787
11575    2069  2048  4323  4850
11576    4858  3268  4992  5349
11577     558  2359   187  5051
11578    3055  3068  3084  5348
11579    1747  3880  1746  5249
11580    3055  3040  3068  5348
11581    1467  1144  3392  2462
11582     177   164   193   165
11583    1473  1496  4807  1505
11584    3758  2997  4336  5015
11585    4644  4190  4873  5075
11586    2536  4416  4438  4808
11587    3471  3438  3484  4843
11588    3960  4000  3281  4846
11589    1156  1390  1191  5246
11590     594    58  4477  5100
11591    3691  3045  5015  5350
11592    1971  2733  4622  4898
11593    1562  1700  1650  4483
11594    1320  1359  1582  4245
11595    2593  1966  4919  2688
11596    4199  4371  4518  4943
11597     777   733   850  4512
11598    4500  4823  5161  5402
11599    3528   716  4947  5372
11600     607   832  3748  4582
11601     219   196  4294  4820
11602    1467  1144  1466  3392
11603    2163  4878  4933  4957
11604    2166  1972  4796  4957
11605    3366  4463  4349  3330
11606    4164  4298  4335  5328
11607    3194  3164  3209  5124
11608    4161  4334  4417  4809
11609    2456  2455  2483  5109
11610     575  3885  4456  5394
11611     566   572   562  3374
11612    3043  3042  3056  5159
11613    3269  4992  3268  5349
11614    4318    88  4687  4825
11615     242   273  4423  5332
11616    4475  4347  4555  4642
11617      83  3684  3491  4623
11618    2203  2217  2655  5358
11619    1332  1278  4647  5343
11620    1497  1631  4976  5101
11621    4182  4185  4213  4389
11622    2145  2281  4811  5160
11623    1633  1698  1567  5150
11624    4231  4198  4439  4684
11625     826   802  4916  5006
11626    4932  3258  5020  5183
11627    2866  2876  2365  4658
11628     298   284  4959  5044
11629    3538  2118  4767  5175
11630     516   885   530  4794
11631     358   421  4165  5141
11632     918   620   840  4843
11633     277  3780  4059  5107
11634    3460  1178  2661  4282
11635    4224  4556  4984  5364
11636     560   959  4427  5035
11637    2284  2232  2216  4779
11638    4571  1991  4694  5016
11639    4546  4448  4903  5307
11640    3676  2663  4536  4645
11641    3743  3981  4083  4990
11642    4207  4224  4296  4309
11643    1136  3776  1146  4776
11644    3253  4039  4475  5349
11645    1802  2498  4711  4792
11646    4347  4322  4458  4724
11647    4709  5129  5277  5284
11648    4152  4224  4231  4249
11649    2851  2248  2279  4977
11650    1128  1023   179  5283
11651      46    47  4169  5128
11652    4249  4224  4984  5364
11653    2118  2138  2187  5175
11654    4599  3382  4707  5332
11655     332  3950  5123  5149
11656    2391  2944  4950  5038
11657    1351   322    40  4607
11658    3194  3209  3486  5317
11659    2345  4739  5240  5289
11660    4366  4489  4717  4939
11661    3393  3053  3352  4707
11662     941  2391  4486  5038
11663    4219  4561  4580  4620
11664     819  1725  1898  5087
11665     773  4405  4856  5034
11666    1351    40   131  4607
11667    2171  2160  2146  4662
11668    3215  4049  4476  4715
11669    1507  3948  1491  4990
11670    2737  2407  4462  5031
11671     331   354  3591  5149
11672    5126  4515  5288  5330
11673    3119  3105  3166  5337
11674    1713  1748  3552  4964
11675    1227     9  4758  3866
11676    3717  4634  4893  5159
11677    1327  1287  4513  4837
11678     550  3096  3326  4974
11679    1163     6  1191  5339
11680    3007  3717  4893  5159
11681    3121  3667  3134  4613
11682    2783  2782  2781  5072
11683     397   408  4918  5037
11684     369   387   340   386
11685    3087  3020  3055  5348
11686    1746  3880  4188  5249
11687    4021  3945  4069  5069
11688    2902  2908  4467  5331
11689    3046  3090  3520  5071
11690    4240  2830  4338  4636
11691    4907  4327  4989  5354
11692    1747  1783  1776  5249
11693    4564  4408  4575  5224
11694    1741  1776  1763  5249
11695    1514  1513  4242  4990
11696    1746  4188  5180  5249
11697    3366  3367  4494  5155
11698    3266  3227  3252  4925
11699    4601  4456  3347  3964
11700    2705  2706  2664  4987
11701    4344  4634  4780  4893
11702    3086  3087  3055  5348
11703    3290  3307  4897  4976
11704    4231  4259  4302  4525
11705    4321  1302  4569  5383
11706    1512  1507  1489  4990
11707    1327  2069  2082  4850
11708    1277  1345  1262  5343
11709     649  4951  4914   627
11710    2433  2403  2410  4354
11711    1052  1040  1051  4772
11712    1675  1691  4725  1696
11713    3149  3173  4922  3189
11714    2449  2430  4390  4485
11715    3627  4400  4407  5220
11716    2965  2976  4043  4909
11717    4405   826  4519  4602
11718    3859   568  4845  5385
11719     203   233  4677   214
11720    1143   912   971  4843
11721    1733  2052  2017  4626
11722    2025  2033  1556  4816
11723    1064  1089  2621  4759
11724    4605  4472  4913  4989
11725    2572  2566  2589  4864
11726    3392  1467   571  5100
11727     288   333  4901   305
11728    1437  2295  4646  4745
11729     388  3875  3599  5133
11730     209   221   244  4328
11731    3301  4960  4724  3237
11732     120   147   165  4934
11733    2133  2272  2208  4910
11734    3555  3232  4891  4911
11735    4161  4140  4265  5280
11736    1586  3926  4819  4995
11737    3932  5045  5151  5302
11738    4595  4106   641  3559
11739    2424  3517  2425  5381
11740    2892  2885  2910  4831
11741    4265  4331  4517  5009
11742    3486  3985  3235  5317
11743    4584  2745  4827  5179
11744    3025  3026  5071  5315
11745    4315  4278  4416  4634
11746    4555  4322  4724  4960
11747    2272  2133  2108  4910
11748    2528  2539  1045  4839
11749     220   219   218   235
11750    1319   202   325  4657
11751    4140  4231  4810  4984
11752    1814  2536  2511  4438
11753      37  5104  5294  5187
11754    2294   450  4279  4439
11755     978  3398  4080  5033
11756    3297  4404  4477  4587
11757     649  3183  4951   627
11758     397  4663  4676  4918
11759    4472  4327  4913  4989
11760    4481  5117  5236  5370
11761     731  4856  4965  5198
11762     130   691  4283  4744
11763    3073  4407  4961  5220
11764     154   149   177  5144
11765    4774  4540  4848  5164
11766    3388  4291  4463  4851
11767     193   177  5316   197
11768    4401  4723  4982  5011
11769    2220  2465  4163  4930
11770     172   189   173  4379
11771    2175  2259  5219  5250
11772     747   703  4887  3665
11773    3040  3020  5348  3055
11774    1336   775   821  5218
11775    4690  4387  4859  5007
11776    3106  3688  5336  5337
11777    1618  1666   172  4379
11778    2903  4658  4936  5331
11779    2866  2367  2875  4936
11780    5063   432  5090  5203
11781     853   893  4635  4906
11782    3056  3069  4560  5159
11783    4417  4171  4993  5329
11784     554   524   490   509
11785    3324  3274  3254  5216
11786    4771  4985  5153  5344
11787     108   113    62  4378
11788    4411  4372  4497  4996
11789    4249  4224  4359  4870
11790     407   466   427  4708
11791     442   466   407  4708
11792    1690  1567  4608  5182
11793    4440  3144  4734  4741
11794     538   633  4524  5242
11795     692   699   700  4470
11796    3049  3004  4386  5213
11797    2437  2413  4237  4469
11798    2856  2826  4408  5224
11799     902   925  4590  4600
11800    3090  3688  3072  3106
11801    3069  3056  3652  5159
11802    3948  3981  3743  4990
11803    2942  2930  4319  5038
11804    1352   270  1396  4840
11805    4429  5040  5373  5396
11806    4146  4366  4534  4537
11807    4243  4356  4484  4640
11808    1752   547  2052  4626
11809    4186   911  4865  5108
11810    1140  1544  4293  4608
11811     458  3580   457  4859
11812    3806  3282  4314  4821
11813    4562  4862  4178  2103
11814    4435  5057  5161  5343
11815     397   455  4676  4708
11816     367   366  3870  5157
11817    2047  2046  2068  4323
11818     772   851   609  4183
11819    1281  1422  5057  5343
11820    3053  3393  4297  4707
11821     266   167  4748  4882
11822    1933  2071  2030  4721
11823    3313  3342  4125  5302
11824    3289  3309  4267  4740
11825    2661  1956  1676  5024
11826    1531  1639  1497  5101
11827    3120  3141  4917  4961
11828    2203  2655  4305  5358
11829    2091  2017  2052  4626
11830    3480   999  4571  4911
11831    5068  5112  5153  5163
11832     662  3620  4817  5338
11833     641   890   522  5073
11834    2261  2958  3825  5168
11835    1390  1163  1191  5339
11836    4871   776  5102  5126
11837    4260  4154  4614  5282
11838    2705  2704  4645  4987
11839     156  4060  4415  4942
11840    2411  2424  3577  5340
11841    1793  1812  1554  4971
11842    4164  4335  5146  5328
11843    4199  4215  4254  4671
11844    1899  4789  1919  4168
11845    3911  4466  5012  5366
11846    1863  4653  4833  4885
11847    4586   902  4590  4600
11848    3160    75  3183  4951
11849    2914  2982  2935  4300
11850     609  4186  4512  5139
11851    2590  2548  2572  4710
11852    2573  2549  2590  4710
11853    2440  2460  4504  4594
11854    4196  3546   112  5070
11855    4471  4256  5169  5401
11856    1095  1067  1378  5154
11857    3945  4021  1422  5069
11858    2275  5274  2098  5000
11859    4489  4366  4717  4980
11860    1322  2229  1297  5154
11861    2473  2454  2453  4543
11862     471   514   462  4268
11863    2709  3807  2736  4943
11864    3240  3254  5216  5390
11865    3185  3279  3201  4875
11866    2845  4553  4653  5306
11867    3460  3458  4282  5060
11868     833   780   803  5006
11869    1696  4170  4725  5169
11870    3700  3882  3516  4141
11871    2110  2739  3558  4691
11872    4625  4723  5001  5206
11873     275   303   274   302
11874    2919  4659  2910  4907
11875    4160  4161  4229  5253
11876    4659  2919  2910  2904
11877    3797  2724   583  2378
11878    3716  1241  4195  4662
11879    2649  2705  2664  4987
11880    2649  2704  2705  4987
11881    2812  2772  2754  5202
11882     509   478  3963  5032
11883    4464  4559  4573  4760
11884    1598  4490  4855  5357
11885    4992  3269  5297  5349
11886    4480  4208  4875  5150
11887    4274  1650  4483  4725
11888    2768  2800  2746  4408
11889    2391  2402   941  4486
11890     248   350   596  4761
11891      89  4673  4741  5293
11892    2017  3699  2030  4626
11893    1886  1652  4134  5300
11894     506  1245  4952   453
11895    3969  2253  4541  4730
11896    1256  3487  1259  5178
11897    5023  4830  5036  5174
11898    3693  4235  4362  4791
11899     400   388  3599  5133
11900     512   670   504  5002
11901    4393  4490  4733  5357
11902     318   333  4274  5133
11903    1843  1987   988  5247
11904    1321  1389  4412  5154
11905    1429  1420   410  5318
11906    3539  3574   532  5073
11907    1535  3875  4303  5301
11908    1091  3555  3260  4911
11909    1748  1723  3552  4805
11910      41    32  5137  5303
11911    4412  1049  4468  5154
11912    4075  4915  5296  5350
11913    1511  2856  4564  5224
11914    4214  4459  4583  4908
11915    1221   797   268  3592
11916    3753  3538  4767  5175
11917    1133  4585  4834  4837
11918    3464  3471  3444  5356
11919    4572  3137  4686  5162
11920    1390  1323  1401  5246
11921    4506  4658  4936  5340
11922    1096  1076  1296  5154
11923    4686  3137  4998  5162
11924    3085  3086  3055  5348
11925    4992  3269  3268  5147
11926    2054   565  4589  5313
11927    3875  1274  4303  5186
11928    4543  4099  5177  5363
11929    1908   715  3630  3927
11930    4557  2212  4769  4910
11931    4231  4224  4810  4984
11932    2412  2424  4886  5340
11933     446  1643  5229  5365
11934    3069  3652  4560  5159
11935     213  2317  3742  5241
11936    4647  1278  5342  5343
11937    4150  4681  4794  5139
11938    3163  3140  4164  5074
11939    4863  2514  5132  5273
11940    3083  3031  3768  4459
11941    1040  1039  4442  3745
11942     681   682  4598  4947
11943    1364  1379  1322  5154
11944     985   974  4643  4913
11945    4673  4374  4741  5293
11946     717   706   711  4226
11947     901   358  4590  4600
11948    4301  4322  4555  4960
11949    4235  4174  4362  4433
11950    4676  4309  4708  4781
11951    1698  1597   916  5150
11952    2275  2177  2246  5241
11953    4053  4123  4802  4841
11954     916  1597  1343  5150
11955    3943  1594  3932  5068
11956     129   130  4825  5144
11957    4336  3010  5019  5336
11958    1095  1378  1353  5154
11959    1880  2864  2116  5244
11960    3443  1154  5114  5383
11961    3075  3074  4917  5220
11962     530   539   933  5243
11963     530   933   842  5243
11964    1362   270  1352  5341
11965     464   309   357  4527
11966    1430  4439  4465  5051
11967    1296  1095  1353  5154
11968    5037  4918  5086  5285
11969    1667  3360  1674  5150
11970    3320  3347  4456  5351
11971    4383  4220  4576  5043
11972     785   784  4348  4685
11973    4181  4198  4406  4612
11974    4442  4212  4683  4772
11975    1171  3358  4456  5148
11976    2256  1008  2287  4828
11977    3106  3119  3089  5337
11978     227   204   250  5329
11979    2899  2906  2913  4189
11980    1391   433  4754  5003
11981    4449  4404  4784  4904
11982     328   351   329  4849
11983    5216    25  5294  5390
11984    4460  4689  5151  5163
11985    2317  4977  3742  5241
11986    1353  1321  1296  5154
11987    4373   349  4736  4782
11988    1968  1970  1920  4529
11989    1511  4564  4575  5224
11990    4780  4184  4634  4344
11991     384   407   427  4708
11992     742   775  1336  5342
11993    4175  4279  4376  4609
11994    3312  4494  4932  5183
11995     268  4873   797   613
11996    2938  3656  4770  4872
11997    2376  2116  2369  5244
11998    4147  4159  4212  4419
11999    4173  4467  4931  5015
12000    4631  4737  4855  5207
12001    3112  1460  3065  4990
12002     428   477  4708   443
12003    2288  4414  4636  4755
12004    1175  1181  3704  4292
12005    2146  4392  4662  4867
12006    1049  1059  1076  5154
12007    1594  3943  1595  5068
12008    2077   347  4692  4722
12009    2582  2613  2595  4987
12010    1412  1395  3952  4691
12011    2903  2902  4506  5331
12012     605   904   118  4516
12013    1163  1390  1417  5246
12014    4861  1566  5174  5344
12015    4724  4661  4752  5230
12016    1417   217  1444  5246
12017     397  3870   428  4708
12018    3162  5399  5400  3175
12019    2890  2891  2876  3923
12020    3255  3215  4049  4476
12021    4852  2220  5066  5292
12022    4211  2994  5223  5305
12023    4042  3980  4088  5221
12024    4106  3672  4595  5181
12025    4473   251  4668  4809
12026    4357  4434  4489  4704
12027    4661  4821  4752  5230
12028     685  2576  2852  4509
12029    4383  4413  4777  5043
12030    3155  3511  3141  4455
12031      41  1283  1201  4502
12032    3390  3389  3527  4768
12033    3321  3348  5148  3675
12034    1932  1931  3544  5233
12035    4244  4251  4380  4437
12036    2397   951  4775  5395
12037    1544  1698   916  5150
12038    2244  2312  2179  5289
12039    1158  4073  4489  5055
12040    2507  2515  2516  4542
12041    1587  2857  4564  4575
12042    2386  4664  3412  3477
12043    4293  4166  4307  4343
12044     803  3678   802  5006
12045    1256  1373  4516  4670
12046    1877   988  4393  4608
12047     729   746  4856  5034
12048    1288  4307  4747  5247
12049    3627  3815  4574  4680
12050    4335  4184  4416  4634
12051    1445   713   485  4818
12052    4402  4868  4953  5202
12053     881   847   860  4600
12054    1954  1920  4529  4667
12055    2165  2163  4878  4933
12056    1597  1633  1584  5150
12057     502  1521   446  4982
12058     508   536   524  4556
12059     368   376   408   386
12060     285   302   274  5149
12061    4439   425  4607  4735
12062    3891  2442  4930  5119
12063    4313  4137  4563  5130
12064     443   427  4708   428
12065    1007  2339  5000  5212
12066    2895  2928  2918  4770
12067    3760  3256  4476  5062
12068      39   103   324  5194
12069    2924  3900  4246  5271
12070    1201  1213  5303  5402
12071    2999  3023  2984  4457
12072    4255  4232  4338  5240
12073    4637  4491  4799  4934
12074    3264  3225  3263  4944
12075    1793  1784  1783  4904
12076    4219  4238  4433  4938
12077    4210  4142  4418  4931
12078      89   658    99  5293
12079     287  2028  1276  4765
12080    1880  5022  5244  5257
12081    4141  2991  4930  5066
12082    2590  2549  2548  4710
12083     746   765   699  4856
12084    3251  3223  4479  5403
12085     967   179  4288  5283
12086    2504  2528  2447  4839
12087     725  4493  4818  4986
12088    2492  2491  4542  5380
12089    2206  4877   230  4920
12090    4227  4136  4357  4619
12091     133  4914  4951  5256
12092    1186  1125   166  5312
12093    4143  4366  4385  4641
12094    4398   343  4633  4804
12095    2064  1033  2089  4321
12096    5117  5236  5370  5392
12097    4182  4174  4279  4557
12098    2001  1260  4657  5029
12099    4872  2998  5019  5374
12100    2110  2739   820  3558
12101     685   738  4509  5262
12102    4154  1075  4292  5083
12103     777  3867  4512  4590
12104    2967  3014  2989  4591
12105    2283  4705  1007  5274
12106    2252  2834  2820  4713
12107     222   257  3503  4916
12108    2959  2992  4211  5119
12109    3337  3380  3350  4314
12110    4829  4793  4926  5352
12111     703  3665   709  4887
12112    4247  4197  4498  4514
12113    4184  4396  4551  5261
12114    4023  4476  5170  5216
12115    4866  2664  4948  4987
12116    4390  2449  4485  4970
12117    4273  5132  5251  5273
12118    1593  1573  5239  5344
12119    2742  4257  4446  5210
12120    2943  2944  5038  5319
12121    4887  3528  4947  5372
12122     699   729   746  4856
12123    4273  4372  4542  4593
12124    3243  3306  3184  4740
12125    3086  3738  3100  4962
12126    1258  1187  1806  4835
12127     191  1660  4294  4799
12128    1184  1164  1177  4862
12129    4315  3043  4360  4915
12130    4422  2981  4792  5079
12131    2730  2715  2686  4142
12132    1729  1728  5064  5189
12133    2715  2686  4142  4547
12134    4404  4466  4912  5018
12135     341   286   303  4728
12136    1051  3741  4074  4772
12137    4151  4287  4628  5302
12138    2883  3829  3694  4610
12139    2751  2804  2752  5308
12140    1051  1062  1052  4772
12141    3033  2981  4360  5350
12142    4322  5095  5176  5286
12143    2603  2479  2451  4261
12144    3277  3290  4897  5265
12145    2539  2560  1045  4839
12146    1153  1032  4648  5081
12147     590  2078  4254  5306
12148    4678  4138  4899  5179
12149    3051  3962  3081  5046
12150    1928  2245  4521  4790
12151    1586   399   418  5007
12152     467  3953   489  5309
12153    2443  3787  4930  5168
12154    2597  2616  2617  4197
12155     418   399  3988  5007
12156    4567  4589  4842  5087
12157    1900  1899  1920  4168
12158    4216  4184  4278  4335
12159      45  4293  4875  4974
12160    4508  4453  4714  4849
12161    1170  2080  4669  2096
12162    1564  1674  1637  5150
12163     692   663  4696  5295
12164     711   158  5208   712
12165    5403  3175  3190  5404
12166    3223  3263  3224  5403
12167    1153  1032   977  4648
12168     772   851  4183  5139
12169    4249  4426  5266  5364
12170    3742  2851  2279  4977
12171    1786  1632  3911  5366
12172    3342  1601  4098  5045
12173    2631  2685  2629  4266
12174    4803  4972  5399  5403
12175    4620  4561  5160  5260
12176    2220  4141  4163  5066
12177    1395  2110  3952  4691
12178     922   694  5115  5330
12179       6  1179  4860  5339
12180    4274  4229  5133  5384
12181     367  3870   397  5157
12182     724  1327  1185  4513
12183    4747  4490  5077  5247
12184    2976  3991  4014  4054
12185     780   833   781  5006
12186    1079  1120  5166  1087
12187    4167  4210  4327  4770
12188    4424  4442  4839  5281
12189    4914  4679  5208  5272
12190    4743  1988  4835  5061
12191    4149  4434  4747  5087
12192    4156  4217  4734  5193
12193    2434  2474  2455  5109
12194     412   434  5384   433
12195    3005  3529  2991  5066
12196    2345  2336  4395  5240
12197    2332  2222  1918  4302
12198    1376  3487  1233  4986
12199    2094   361  4763  5312
12200    4802  4167  4872  5019
12201    4138  4570  4726  4899
12202    4663   397  4676  5157
12203     930  3756  5126  5195
12204    4168  4409  4903  4919
12205    4247  4171  4498  4689
12206    2951  2934  4246  4711
12207    2991  3018  4128  5066
12208    1698  1544  4608  5150
12209    3775  3855  4128  5066
12210    2874  2868  4869  5359
12211    2290  1902  4573  4798
12212    4052  2517  5191  5380
12213    2892  2877  2885  4831
12214    4280  4630  4894  5211
12215    4286   553  4532  4578
12216    4291  4323  4688  4968
12217    1320  1671  1319  4245
12218    3071  5009  5188  5337
12219    1581  1593  5239  5344
12220    4556   535  4812  5309
12221    4231  4465  5051  5137
12222    3911  1632  4466  5366
12223      70  3546  4378  5095
12224    4203  3008  4634  5223
12225    4385  1393  4822  5190
12226    4174  4175  4376  4557
12227     161   173  3919  4379
12228     401   897  4519  5276
12229     732  3598  4947  5198
12230    3032  4075  4915  5296
12231    3606  3367  4762  5155
12232    4539  3684  4623  5128
12233    1999  1958  1268  4765
12234    4335  4132  4381  4481
12235    1783  1747  5180  5249
12236    2708  2751  2752  5308
12237    4412  1364  5154  5353
12238     915   653   557  5108
12239    2562  1645  4844  5312
12240     990   981   972  4363
12241     802   764  4179  5006
12242    2331  3614  2300  5241
12243    1550  1684  4483  1677
12244    1426  1448  4361  4552
12245      87  4318  4378  4825
12246    2218  2279  2248  4977
12247    2677  2635  4854  5393
12248     365   364   366  5157
12249     666   658  4766  5226
12250    4392  4305  5063  5358
12251    4340  4497  4546  4931
12252    3420  3450  4258  4889
12253     584  2739  4509  4691
12254     387  4358  4655  5007
12255    3445  3467  3414  4569
12256     596   584  3632  4691
12257     409   386  5037  5086
12258     709   687   703  5372
12259    2235  1043  4468  5092
12260    2591  2574  2608  4903
12261    4342  4599  4836  5310
12262      19  1451  4923   343
12263    1522  1647  4723  5011
12264    1826  4689  5151  5239
12265    2976  2952  4053  4841
12266    4703   787  4848  5164
12267    2480  2491  2481  4593
12268     251   252  4473  4668
12269    4387  4140  4810  4984
12270    4231  4140  4387  4984
12271      99   658  5226  5293
12272    4332  3877  5085  5258
12273    1218   742  1336  5342
12274    1168  3905  1109  4983
12275    4252  4154  4292  4776
12276     109    88    87  4318
12277     490   501  4556  4984
12278    3505  3647  4761  5299
12279    4162  1765  4956  5012
12280    2100  2215  2666  4185
12281    1333   461  4351  4444
12282     566  3373   562  3841
12283    2442  2478  4163  5204
12284    1073  1075  4252  5081
12285     742   763  5288  5342
12286    2786  2769  4640  4955
12287    2539  2504  2527  4839
12288    1589  1812  1617  4756
12289    3031  3084  3068  5066
12290    1932  1941  1942  4953
12291    4180  4148  4925  4958
12292    4133  4228  4505  4681
12293    4268  4330  4351  4444
12294    3610  3001  3612  4097
12295    2375  2865  2269  5360
12296    2863  1880  2395  5022
12297     499  3339  3187  5265
12298     589  4374  4650  5004
12299     554   524  5364  5375
12300    2627  2615  4514  4866
12301    4212  4178  4443  5014
12302    3014  3002  4591  4627
12303    1014  1020  1004  4363
12304    4404  4477  4587  4912
12305    3247   521  3187  5265
12306    2220  1757  1758  4163
12307    4184  4460  4531  4895
12308     524   554   490  5375
12309    4204  4157  4321  4569
12310    2055  2020  4827  5105
12311    1353  1389  1321  5154
12312    4138  4270  4899  5241
12313     333   306   289  4901
12314     659   557   335  5108
12315    4703  4806  4848  5326
12316    2262  2002  2224  4185
12317     768  3219  3340  4896
12318    1809  1810  4876  5197
12319    4709  5099  5134  5277
12320    3622  3670  5266  5364
12321     661  3366  4762  3367
12322    1130  3792  1191  4577
12323    4998  4108  3999  4110
12324     872   735  4267  4492
12325    1441  1412   771  4691
12326    1302  3431  4569  5383
12327    4659  2910  4907  5354
12328    1327  3628  1287  4837
12329    4013  4030  4617  4012
12330    4490  4343  4733  5247
12331    3602   373  4260  5282
12332    2084  1957  1948  5313
12333     536   524  4556  5364
12334    3821  3968  4319  4841
12335    3737  3357  4153  4969
12336    4319  4472  4495  4841
12337    3812  2330  4130  5219
12338    3064  1476  3065  4461
12339    3075  3107  3076  4917
12340    3918  3881  4015  4583
12341    2288  2289  2233  4755
12342    4530  4215  4585  4669
12343    2220  4141  5066  5292
12344     566  3373  3841  5100
12345    2900  2899  2907  5171
12346     418   431   457  5086
12347    3983  1588  5205  5245
12348    2344  4790  4877  4920
12349     459  1231   315   468
12350    2854  2077   181  4692
12351     524   490  4556  4984
12352    2357  1922  1253  4793
12353    4194  4199  4254  4402
12354    4851  1927  3387  4507
12355    4308  4267  4317  5021
12356    1448  1426  4361  4952
12357    3634  3650  4017  4962
12358    4528  4224  4556  4781
12359     403   437    73  4267
12360    4585  4385  4834  4837
12361     231   232  4599  4959
12362    4379  4621  4654  4756
12363    1060  1077  4085  5190
12364    4500  4478  4502  5080
12365    1711  1898  1725  4842
12366    2851  3947  2836  5237
12367    1698  1633  1597  5150
12368    4147  4269  4931  5389
12369    4345  4617  4880  5193
12370    4447  4597  4787  5156
12371    4412  4137  4660  5353
12372    2602  2682  2599  4624
12373    4571  1952  4891  5089
12374     525     0  4625  5032
12375     656   790  4190  4604
12376    4284  4421  4462  5058
12377    3115  3097  3114  4998
12378    2596  2614  2569  5261
12379    2686  2605  4142  4547
12380    1426  1436  1406  4923
12381    4504  2405  4541  5017
12382     493   505  5258   668
12383    2041  2065  4729  5105
12384     835   811  4341  4644
12385    2565  2564  2606  4411
12386    3982  3989  1819  5016
12387    2502  2695   914  3605
12388    4210  4142  4411  4418
12389    4464  4573  4945  4946
12390    3068  3084  4344  5066
12391     651   669   706  4226
12392     764   745   802  4916
12393     503  1629  4778   504
12394    1365  1420  4882    40
12395    2065  2840  2041  4729
12396    2825  2840  4616  4729
12397    4802  4403  4841  4874
12398    1574  2667  4509  5262
12399    3285   559  3254  5390
12400    4830  1773  4985  5174
12401    2058  2067  4323  4669
12402    2716  2759  4649  5084
12403    5140  4614  5228  5240
12404    2877  2891  2885  4973
12405    4378  4491  4934  5316
12406    4521  4236  4713  4790
12407     461   462   449   471
12408    4248  4458  4539  4706
12409     527  4444  4505  4652
12410    1825  4895  5013  5239
12411    5083   894  4443  4562
12412    3991  4101  4123  4124
12413    4616  2825  4729  5362
12414    4982  4401  5011  5365
12415     105    95  1590  4458
12416    1712  1479  4188  4964
12417     595   901  4590   925
12418    2504  4839  4970  5311
12419    3258  1891  4488  4554
12420     844   321  4602  4788
12421    2233  2818  4755  5210
12422    4162  3643  4904  4944
12423    5399  4972  5400  5403
12424     595   932  3976  4337
12425    1560    94  3865  4225
12426    5081  4614  5214  5228
12427    4365  4312  4896  5122
12428     599   619  5035  5091
12429      49  3640  4078  5345
12430    3039  4461  4720  5113
12431     717  1058  4226  4412
12432    2756  3854  3826  5222
12433    1286  2044  2078  5306
12434     748  3665   747  5326
12435     738  3714  3632  4761
12436     483   141  4437  4699
12437    2377  2439  4504  4535
12438    3011  3000  4588  5315
12439    2472  2473  2453  5380
12440     942   936  2920  4495
12441    4319  3821   942  3968
12442    4191  4256  4283  4328
12443    4101  3612  4123  4124
12444    4487  2281  4672  4811
12445    3057  3056  4560  5146
12446    4281  1065  4421  4742
12447    2404  4469  4618  5360
12448    4618  4469  4869  5360
12449    2898  3749  2925  5217
12450    2596  2579  2595  5261
12451     791  1100   821  5218
12452     598   585  4482  5369
12453    3439  3421  4157  5060
12454     448   435   420   402
12455    2632   685  2852  4509
12456    1344  1383  1316  4670
12457    1218  1345  5342  5343
12458     514   529   546  4794
12459    1087  1062  4772  4954
12460    4371  4247  4498  4514
12461    2019  1080  4571  4911
12462    2607  2589  2566  4864
12463    3045  3103  3070  4331
12464    3581  3191  3732  4967
12465    4433  4238  4564  4938
12466     878  4193  4369  4549
12467     268  3592  4873  4088
12468    2364  2392  2372  4973
12469     402   413  5003   401
12470    4202  4177  4377  4928
12471    4265  4377  4517  5389
12472    4259  4233  4433  4795
12473    4319  4486  4526  4627
12474     462   461   449   435
12475    1897  1545  4393  4983
12476    2965  2942  4319  5038
12477    1683  1673  1667  4208
12478    1475  1863  1864  4885
12479    3289  3243  4740  3278
12480    4190  1098  4604  4889
12481    2891  2876  3923  4973
12482    4135  4242  4852  5292
12483    4698  5262  5299  5338
12484    4871  4426  5102  5266
12485    2133  1860  3600  4651
12486    2917  2927  2936  4467
12487    1439   229  4385  4822
12488    2226  2236  2321  4389
12489     421   358  4268  4337
12490     993  1003  2468  5270
12491     122  3820   528  4505
12492    4148  4832  4925  4958
12493    3191  3732  4355  3581
12494     336   472  4249  4426
12495    2076  2055  4827  5105
12496    4961  4693  5071  5337
12497     131   545  4612  4882
12498    4183  4681  5139  5243
12499    1624  1614  3390  4329
12500     638   639   602  4679
12501    3278  3306  3243  4740
12502    3272  4727  5286  5385
12503    3382   249   231  4599
12504    3166  3609  5009  5188
12505    4565  2301  4751  4924
12506    2185  2344  4790  4877
12507    4702  4482  4727  5170
12508     126   125   136  4654
12509    4571  4373  5047  5089
12510     310    53   922  4426
12511    4828  4227  5031  5103
12512    4739  4255  4879  5240
12513    3167  3217  3218  4427
12514    1648   180  4267  4740
12515     529  4652  4681  4794
12516    1793  1554  1784  4971
12517    4977  2317  5072  5241
12518     435   448   461  4351
12519    1525  4135  4686  4800
12520      99    75    89  4951
12521    5165  2542  5248  5307
12522    4167  4526  4533  4900
12523    4252  1180  4285  4292
12524    2608  2591  4903  5235
12525    4372  4210  4543  4593
12526    1205  1896  1821  3504
12527    3357  3356  4969  4094
12528    1536  1519  1485  5231
12529    4723  4778  5001  5206
12530     476   426  4508  4979
12531    1895  1140  1843  4608
12532    3204  3203  3732  4061
12533    1364  1321  4412  5154
12534    4181   132  4682  5364
12535     371   318   333   370
12536    4171  4140  4795  4810
12537    3992  3911  4466  5012
12538    4336  4517  5009  5336
12539     710  3663   892  4369
12540    3387  1927  4431  4507
12541    3862  3860  5186  5301
12542    2752  4632  5209  5308
12543    1242  3578  1366  5026
12544    4526  4167  4802  4900
12545    1482  1481  1715  4805
12546    4210  4340  4354  4770
12547     828  3477  3432  4664
12548    1632  1786  1554  5018
12549    4171  4423  4430  4677
12550    1645  1329  1636  4534
12551    1088  4576  4759  4954
12552    2063  1162  1129  1951
12553    1248   605  1233  4516
12554    4329  3172  3365  4262
12555    4268   422  4337   932
12556    4198  4140  4607  5138
12557    1520  1472  4153    46
12558    1480  1714  1715  4805
12559    3324  3323  3254  3304
12560    3438  4538  4843  5356
12561    1882  1863  4653  4833
12562    1026  4363  4412  4468
12563      67    68    61  5238
12564    4231  4439  4465  4684
12565    4212  4443  4683  5014
12566    1074   654  4843  4889
12567    4384  4219  4394  4418
12568    4044  5167  5181  5367
12569    4511  3634  3881  4962
12570    3390  1561  3369  4768
12571    4151  3293  4932  5094
12572    4658  2382  4936  5340
12573     301   331  3591  5149
12574    4723  1647  4982  5011
12575    2612  2582  4247  4536
12576    2608  2626  3595  5235
12577    4321  2064  5029  5225
12578     421   642   436  5141
12579    4377  4177  4548  4928
12580    3611   880  3706  4316
12581    3945  4749  4813  5069
12582    4837  4585  4850  5093
12583    4182  4213  4557  4769
12584    2065  2077  4729  5105
12585     865  3710   908  5288
12586    3057  3117  3044  4732
12587      51    71    52  5385
12588    4430  4441  4677  4847
12589     786   805  4806   816
12590    2848  2266  2634  4523
12591    2842  4356  4243  4640
12592    4202  4177  4271  5263
12593    2093  4571  5047  5089
12594    2338  2277  2601  3646
12595    1479  1734  4188  5387
12596    1598    18  1547  5077
12597     434   413   389   356
12598    4563  4363  4890  5130
12599     222   802   745  4916
12600    2183  2103  4414  4862
12601    2438  3967  4237  4469
12602    4062  4119  4680  5263
12603    1695  1516  3822  5169
12604     618   586   585  5091
12605    1756  1730  4375  5227
12606    2937  2909  2917  4770
12607    1245   520  4929  4952
12608    4167  4802  4900  5019
12609    4661  4845  5286  5385
12610    4287  4329  4368  4638
12611    2193  5140  5228  5240
12612    4219  4394  4418  4580
12613    2255  1101   949  4742
12614    3169  3144  4650  4741
12615    4570  4726  4899  5072
12616     750   217    42  5252
12617     463   482   932  4268
12618    1519  1536  1529  4697
12619    4223  2187  4581  5175
12620    4775  4275  5125  5250
12621     180   293  4267  4304
12622    4521  4264  4649  5324
12623    3034  3045  4331  4336
12624    1355  1404  4500  5080
12625    4425  2644  5048  5088
12626    1136  1180  4292  4776
12627    4388  4340  4497  4546
12628    3354  3332  3902  5155
12629     150   149   154  5144
12630     314  1404  1355  5080
12631    4229  4170  4274  4303
12632    4213  4557  4769  4910
12633     800   312  3725  4186
12634    1191     6  4577  5339
12635    2774  2444  4235  4791
12636    3235  3236  4555  4960
12637     896   878   676  4750
12638    2729  2789  2790  4257
12639    1972  2238  4796  4957
12640     497   439   279  4631
12641     279   439  1664  4631
12642     819  2054   565  4589
12643    3267  3208  3207  5147
12644      48   574    61    49
12645    2072  1835  1630  5076
12646     319   333   306   289
12647    4453  4296  4508  4714
12648    4319  4472  4841  4909
12649    4138  4418  4425  4726
12650    1114  4281  1278  5090
12651      95  4225  4539  4623
12652    2273  2200  2227  4557
12653    2792  3679  2743  5324
12654    3065  1453  3493  4990
12655    3773  2662  4131  4622
12656     847   881   861  4600
12657    3372  3296  4162  4956
12658    4400  4533  4588  4693
12659    3213  3239  4476  5170
12660    1594  1581  1593  5151
12661    4314   576  4661  5345
12662    4411  4418  4815  4864
12663    4443  4178  4562  4905
12664    1038    45  3096  4974
12665    3875  3862  5186  5301
12666     557  4865  5108   653
12667    2991  3529  4930  5066
12668    2902  2908  2917  4467
12669       4  1235  1375  4380
12670    2687  2698  4425  5048
12671    4308   892  4942  5021
12672     833   804   781  5006
12673    4794   932   885   482
12674     599   586   619  5091
12675    1054  2563  2530  4383
12676     892  4308  4369  5021
12677    2454  2434  4606  5381
12678    2927  2917  2908  4467
12679    2027  2784  2580  4791
12680    1457  3315  1482  4162
12681    4469  3898  4237  2438
12682    1898  1725  4842  5087
12683    4292  3776  4776  5083
12684    1089  2621  4759  5043
12685    4402  4199  4688  4953
12686     444   429  4676  5037
12687    1647   479   492  4778
12688     785   760   767  5355
12689    2192  2163  4933  4957
12690    2362   342  4735  4745
12691    4148  4992  5082  5147
12692    4428  4347  4709  5284
12693     640  2249  4648  5140
12694    4256  4201  4491  5401
12695    4687  4209  4696  5334
12696    4210  4212  4220  4236
12697    1694  3822   207  4294
12698     689   891  3620  5338
12699    1622  1606  1599   106
12700    1947  2059  2037  4840
12701    4577     6  4860  5339
12702     139   109   129   114
12703     905   684  4492   920
12704     176   192  4934   175
12705    4518  4151  4932  5121
12706    4270  4580  4639  4656
12707     531   534  4359  5266
12708    4285  4577  4860  5339
12709    4597  2801  4640  4955
12710    1480  1715  1481  4805
12711    4533  3627  4574  4680
12712    1697  4453  4501  4849
12713    4320  4450  4750  5218
12714     149   150  3554  5144
12715     130  4283  4687  4744
12716    4145  4263  4276  4284
12717    4498  1831  5013  5121
12718    1688  2787  2784  4997
12719     363   396  4714  4849
12720    2812  4688  5202  5335
12721    2949  2971  2932  5168
12722    4085  1150  4822  5190
12723    4441  1635  4677  4847
12724    4822  1150  4939  5190
12725    4522  4399  4663  5149
12726    3873  2851  3742  4977
12727    1246  2120  2130  3630
12728     939  3858   944  4563
12729    4198  4140  4439  4607
12730    2653  4554  3513  5049
12731    2454  2434  2423  4606
12732     576  3653  4314  4661
12733     301   355   302  5149
12734     301  3591   355  5149
12735    2299  2173  4796  5240
12736     319  4746  4901  5384
12737     818  3710   865  5288
12738    4695  4464  4798  4826
12739    1653  2741  3752  4258
12740    3321   563  3757  4314
12741     220   236   192   193
12742    2396  2837  4731  4743
12743    1648  1673  1683  4740
12744    3597  4208  3279  5150
12745    2332  4275  4499  4793
12746     706   669   712  4226
12747    4971  1818  5112  5205
12748    3366  3330  4349  4494
12749     112   128  4378  4934
12750      88    64  5104    72
12751      98   624    72   617
12752     178   257  4916   184
12753    2629  1653  4266  5222
12754    2162  4695  4798  4826
12755    4272  4140  4394  4433
12756    2166  2265  2157  4957
12757      44  1528  5027  5082
12758    5304  4587  5314  5327
12759    4219  4616  4692  4729
12760    2022  4254  4671  5202
12761    2146  1267  1241  4662
12762    1299    39   838  4527
12763    1743  1953  1787  4615
12764    4202  4159  4533  4693
12765    2827  2800  4408  5224
12766    2356  1922  2357  4793
12767     291   542  1324  4181
12768     178   222  4916   257
12769    3757  3859   568  4314
12770      87  4318  5104  5187
12771    3172  3579  5059  5142
12772    3538  3753  2101  5175
12773     390   156  4060  4415
12774      43    35  3680  5327
12775    4883   763  5115  5342
12776    3460  1676  3956  5024
12777    1385  1388  4699  5318
12778    4161  4140  4387  5138
12779    4221  4194  4243  4597
12780     960  4427  3198   938
12781     178   154  4283   691
12782    4381  4132  4888  5298
12783    3319  3964  3935  5351
12784     698   678   697   140
12785    2433  2453  2403  4354
12786    3588  3750  2328  4395
12787    4776  1127  4905  5083
12788    2610  1205  1821  3504
12789    1146  3704  1176  5083
12790    4225  4172  4428  5041
12791     473  1437   343  4745
12792    1750  1508  4956  1517
12793    2841  2800  4408  4640
12794    2672  2659  2621  4579
12795    4669  2079  4671  5335
12796    3003  3037  4386  4591
12797    4926  2356  4793  1270
12798      24     0   542  4181
12799    1671  1546  4657  5029
12800    4191  4256  4491  5316
12801    4283  4191  4318  4744
12802    2807  3389  3354  4295
12803    3874  1237  4813  5376
12804    3557  3685  2769  4948
12805    4278  4315  4360  5350
12806    2546  2078  5306  1286
12807    3342  4368  5045  5302
12808     455  4676  4708  4781
12809    2136  2155  4392  4867
12810    3066  3754  4720  5292
12811     871   609  4186  4512
12812    3898  4102  5042  5257
12813    3354  3369  4628  4768
12814    4416  4203  4634  5223
12815    4743  4282  2505  5061
12816    4167  4403  4872  4907
12817    1923  2765  4474  4764
12818    3380   563  4314  5394
12819    2849  1959  2205  4636
12820    4312  4365  4896  5361
12821    3744  3847  4475  5028
12822    2423  4354  4606  4973
12823    4533  4588  4900  5145
12824    4355  3152  4753  5290
12825    2557  1027  1037  5092
12826    5001   504  5002  5039
12827    4418  4710  4903  5048
12828    3958  3990  5028  5041
12829     564  3276  3241  3242
12830    3869   967  4763  5283
12831    4660  4826  5252  5353
12832    4375  4211  5204  5227
12833    4258   613  4873  4190
12834    1950  1118  4747  5077
12835    2308  4398  4646  4804
12836     340   387  4655  5285
12837    1344  4629  5111  5291
12838    3271  4248  4724  5028
12839    4348   784  4454  4685
12840    2874  2889  4936  5359
12841    4212  4419  4442  4683
12842    1510  1469  5027  5231
12843     631   801  4942  5021
12844     373  1035   348  4577
12845    2337  1111  4525  4609
12846    4726  2783  4899  5072
12847    1269  1393  4837  1133
12848    2300  2246  2177  5241
12849    5148  4821  5351  5394
12850    4821  4752  5351  5394
12851    2681  4554  4943  5268
12852    4146  4143  4366  4537
12853     929   744   757  4218
12854    3348  3347  4456  3320
12855    2338  2277  3646  5031
12856    4387  4568  4625  5032
12857    1113   912   756  5356
12858    5009  3071  5336  5337
12859    2274  2293  4957  4988
12860    4308  4176  4608  4942
12861    1621  1606  4196  4491
12862    1526    56  4956  5012
12863    2413  2437  4237  5152
12864      95  3865    94  4225
12865    4708   442  4781  4979
12866    3084  3085  4780  4962
12867     490   456  4676  4690
12868    2515  3808  3687  4542
12869    2994  4893  5223  5305
12870    2960  3006  5305  2959
12871    4454  4353  4685  4965
12872    3717  3043  4634  5159
12873    5042  3857  5254  5257
12874    4553  4243  4597  4833
12875     672   928   694  5115
12876    3623  1912  4488  5268
12877    3709  3849  1914  4245
12878     146   145  5098  5129
12879    3576  1344  5111  5291
12880    1394  1158  4939  5055
12881    3006  3506  3020  4893
12882     963  2445  4563  5311
12883     341  4655  4728  5123
12884     111   145   119  5277
12885    2551  2535  5307  2542
12886    2908  2901  4674  3560
12887    4281  1278  5090  5218
12888    2283  3590  4705  5274
12889    2169  2117  4705  4881
12890      98   678  3497   121
12891    4456  4169  4601  5033
12892    3336  4601  4807  5033
12893    4265  4201  4481  5129
12894      87  5104    64    63
12895    4287  4262  4329  4638
12896    4052  4055  4099  5363
12897     218   219  4294  5169
12898    1014  1026  4363  5333
12899     178   184  4179  5034
12900    4455  4377  4693  5188
12901    4281   432  4742  5063
12902     526    15    13  4666
12903    1946  4896  5269  5361
12904    3090  3688  3106  5071
12905    2713  2714  2659  4579
12906    1879  1858  1889  4894
12907     220   236  4328  5371
12908    2492  2472  2481  5380
12909      54  3845  4332  5039
12910    1909  1872  4168  4667
12911    2491  2480  4542  5251
12912    1828  1857  1848  5165
12913    3176  3138  3607  4940
12914    1939  2352  1341  4785
12915    4154  4443  4562  5083
12916    4420  4357  4435  4870
12917    3305  3287  3286  3275
12918    3347  3818  3964  5351
12919    2132  2161  2349  4881
12920    3084  3068  4344  5348
12921    3995  2879  4370  5189
12922    4338  4414  4636  4796
12923    4476   585  5062  5091
12924    3617  1448  4200  4865
12925     350  1440   596  4761
12926     563   576  4314  5394
12927    3969  3994  2881  4730
12928     376  4010  4918  5285
12929     358   901   345  4600
12930    4449  4621  4771  4971
12931    4829  4926  5103  5352
12932    2001  1772  3509  5029
12933    1671  1772  1546  5029
12934      58  3736  4477  4912
12935    4193  4420  4549  5218
12936     710   892   631  5201
12937    1301  1405  5158  1425
12938     537  4326  4332  4716
12939     625   634   619   635
12940    1744  3995  4370  5189
12941    4200  4186  4260  5282
12942    1610  4333  4816  5101
12943    3305  3304  3274  3286
12944    1849  4789  4975  5131
12945    2450   974   964  5259
12946    2988  4526  4617  4627
12947    1849  1829  1828  5165
12948    4806  4685  5198  5355
12949    3130  3165  4301  5124
12950      60    67    61  5238
12951    4460  4689  4895  5151
12952    2754  2772  4868  5202
12953    4314  4661  4845  5230
12954    4549  4320  4750  5218
12955    4626  4373  4721  5089
12956    2196  4391  4878  4957
12957    2049  2009  4513  5122
12958    4577   582  5214  5282
12959     883   870   805  5106
12960    2120  2150  2130  3630
12961    3918  3936  4028  4066
12962    4406  4465  4478  4684
12963    2915  2914  4290  4610
12964     819  2095  2054  4589
12965     715   621  2630  3630
12966     376   368   408  4918
12967    4181  4984  5032  5375
12968     871   836  4512  4558
12969    4141  3018  5066  5292
12970    3380  4314  4821  5394
12971    2962  2999  2984  4457
12972      51    50  4661  5345
12973    1057  1102  1017  4665
12974    1307   472   336  5382
12975    4404  4148  4449  4784
12976    4057  4489  4641  4939
12977    3338  3351  3337  3350
12978    2963  2987  2964  4457
12979     460  1125  5312   361
12980    4364  4277  4766  5389
12981    3061  3079  3080  4734
12982    1237  4021  4069  5397
12983     574  3885  1171  4456
12984    4344  4214  4459  4511
12985    4703  4269  4806  5106
12986    4540   737  4774  4848
12987     108   113    86    62
12988    1230  1246  2130  3630
12989    1220   188   496  4245
12990    4456  3398   978  5033
12991    2719  4787  4948  4955
12992     323  1402  4699  4748
12993    3569  2914  2915  4610
12994    2827  2800  2768  4408
12995    2134  2135  3526  5228
12996    4248  4428  4458  4724
12997     545   360  4757  4882
12998    2352  1340  1341  4785
12999     471  4268  4351  4444
13000    3198  3167  4427  4773
13001    3059  3688  5071  5336
13002    4172    94  4225  4428
13003    1487  2798  2379  5050
13004    2680  3673  4943  5209
13005    2425  3517  5109  5381
13006    4580  4394  4639  4656
13007    4707  3382  4847  5332
13008    2371  2863  2395  4535
13009    4431  4365  4507  5361
13010     826   858  4405  4519
13011    1542  1413  3727  4782
13012    1437   342  2295  4745
13013    4780  4634  5036  5159
13014     668  4445  5085  5258
13015      94  4172  1569  1577
13016      60    48   574    61
13017     394  1619   454  4508
13018    2259  4499  5219  5393
13019    3515  3633  4111  5191
13020     694   865   763  5288
13021    2911  2905  2922  3928
13022    2893  3594  4100  5189
13023    4065  3813  4496  5070
13024    2662  1901  4622  5192
13025    2150   621  1230  3630
13026     947   965  4831   956
13027    4340  4210  4931  5374
13028     516  4512  5139   772
13029    4395  4350  4892  5030
13030    1388  1354  1385  4699
13031     438  1289  1313  4406
13032    1923  2765  2571  4550
13033    1644  1563  1643  4995
13034     621  2150  2630  3630
13035    4206  4174  4474  4910
13036    4468  4363  4890  5092
13037    2290  2158  4798  4945
13038    4485  4839  4970  5281
13039    3659  1142  4629  5320
13040    1394  3326  4073  5055
13041    1318  1256  4670  1399
13042    4203  2972  4711  4792
13043     479   502  4568  4982
13044    4962  4511  5023  5036
13045     119  5134  5277  5284
13046    3300  3964  3319  4248
13047    3694  3829  2900  4222
13048    1511  3585  2827  5224
13049    1712  3880  1748  4964
13050    3519   215  5329  5370
13051    4171  4417  4668  5329
13052    4423  4171  4668  4677
13053    2744  4425  4726  4899
13054    2288  2818  4414  4755
13055    1867  1565  4239  4626
13056    3275  3287  3216  3760
13057    4566  3960  4786  4858
13058    4249  4231  4406  4984
13059    4019  3999  4029  4066
13060     694   763  5115  5288
13061    2668  3257  4297  5310
13062    1926  3329  4463  3388
13063    1512  1732  4461  4990
13064    1287  1185  4513  4837
13065    4208  4304  4308  4608
13066    4651  2132  2161  2327
13067    2268  1789  4246  5017
13068    3236  3301  4960  3271
13069    1370  3874  1008  4813
13070    4902  1912  1911  5268
13071    1054  1053  4759  2514
13072    3359  2620  1600  4432
13073    2292  2347  4760  5130
13074    2138  2363  4223  5175
13075    3570  3823  4659  5354
13076    3376  1673  4208  5150
13077    3337  3351   563  3350
13078    1709  1721  2905  5189
13079    4497  2565  4996  5388
13080    3368  3367  3606  5155
13081    1651   216  3698  4471
13082    3328  3291  3909  4875
13083    3341  3331  3368  5155
13084     972  4313  4363  4563
13085     445   444  4690  5037
13086    4277  4367  4598  4806
13087     559  3323  3322  3285
13088    3351  3338  3337  3321
13089    2818  2788  2817  4862
13090    4831   956  4989  5354
13091    4253  4272  4280  5192
13092    3722  3574  4595  5073
13093    3380  3349  3337  3350
13094    2520  2508  2475  5109
13095    2776  3485  4644  5222
13096    4171  4207  4287  4430
13097    3353  4432  5059  5142
13098    1198  1197  1094  4615
13099    1440  4509  4691  4761
13100    4045  3744  4475  5028
13101    4641  1612  5322  5391
13102    1631  3307  4976  5391
13103    3338  3351  3322  3284
13104    1435  1351  1214  4684
13105    3935  3964  3818  5351
13106    4299  3076  4917  5220
13107     673   811   630  4644
13108     146  1590  4428  4458
13109    1276   287  4765  5341
13110    2327  1642  4185  4391
13111    3381  3291  4480  5325
13112    3283  3321  4845  3273
13113      48   567  4807  5033
13114    2597  2614  2616  4197
13115    1843  1703  1987  5247
13116    2953  2965  4319  5038
13117    2748  2706  3557  4948
13118    4279  4182  4557  4735
13119    1183  1177  1194  4905
13120    3674  4081  4999  5386
13121    2045  2023  1997  4323
13122    4265  4140  4417  5280
13123     835   719   811  4644
13124     502  4568  4982  5229
13125     322  1351  1435  4684
13126    1992  1162  1265  4615
13127    3014  3013  5040  5396
13128    2994  2950  2960  4211
13129      41  1201  3621  5303
13130    3981  3805  4800  4990
13131    5036  4298  5159  5328
13132    3347  3348  4456  3358
13133    1083  3411  4451  4571
13134    1603  1615  4638  4797
13135    2542  2495  2535  5165
13136    1443  4660  5353  4412
13137    4146  4143  4215  5125
13138    3027  3035  4115  4407
13139    1460  1453  3065  4990
13140     194   200  4774  5208
13141    4387  4334  4401  5007
13142    1311  4629  1234  5291
13143    4209  4283  4696  4856
13144    1174  4305  4742  5063
13145    2720  4787  4447  2691
13146    4285  1191  4695  4776
13147    2768  4352  4408  4484
13148     610  4801  5004  5035
13149    1286  2080  4669  1170
13150    1058   688  4226  4412
13151    3520  3090  4961  5071
13152    2411  2382  2393  4658
13153    1431   790  3659  5320
13154     664   692   701  5295
13155    3969  4535  2881  2862
13156    3397  1474  1962  4807
13157    2034  4325  4765  5077
13158    4632  4402  4868  4943
13159    3319  3935  4821  5351
13160     704   722  5056  5379
13161    2493  3633  3515  5363
13162     341   304   286  4728
13163    4297  2620  4432  5059
13164    2703  2768  2746  4090
13165    2872  2863  2871  5022
13166    4473  4417  4668  4810
13167    3481  3439  4157  3443
13168    2095  1806  1187  4835
13169    4448  4546  5165  5307
13170    1534  1525  4135  4214
13171    1065  1008  4421  4742
13172    4749  5069  5343  5368
13173    4333  4312  4365  4816
13174    4392    28  5111  5291
13175    4397   580  5050  5053
13176    3914  2428  4242  4461
13177    4420  4286  4515  4578
13178    3476  3480  1080  4911
13179    3620   891  5194  5338
13180    2567  4903  5248  5307
13181    2865  2873  2884  5360
13182    2680  2681  4554  4943
13183    2086   565  2054  5313
13184    1577    94  4172  4428
13185    4321  4157  4657  5029
13186    4310  4424  4464  5130
13187    3287  3275  3216  3256
13188    3649  2873  4869  5360
13189    1570  1538  3677  5323
13190    4059  4666  4716  5039
13191    4553  4447  4632  5308
13192    3217  3256  3241  5062
13193    1612  1639  5322  5391
13194    1639  1631  5101  5391
13195    3039  3065  4461  3064
13196    2870  1859  4370  4541
13197    5099   111  5134  5277
13198    2106  2187   958  4581
13199    3592   268  4873   797
13200    3305  3286  3274  3275
13201    2166  2157  1972  4957
13202    1155   997   790  5320
13203    5376  5368  5402  5397
13204     936   946  4112  4659
13205    4629  1142  5063  5320
13206    1468  3500  2010  5122
13207    2232  1923  2151  4206
13208     559  3323  3285  3254
13209    3274  3304  3324  3254
13210    3323  3324  3254   559
13211    3304  3274  3285  3254
13212    3323  3304  3285  3254
13213     460  5312  4763   361
13214     910   683  4558   883
13215    2264  2145  2291  5172
13216     832  1100   607  3748
13217    1923  2208  2151  4206
13218     496  3933   226  4157
13219    3274  3305  3275  3255
13220    4592  1497  4976  5101
13221     878  4549  4750  5218
13222    4845  5176  5230  5286
13223    2674  2675  2608  5088
13224     495   335    93  4865
13225     274   261   285  4423
13226    3178  3193  4940  5290
13227    3100  3041  3087  5159
13228    2873  2369  5042  5360
13229    2974  2962  2941  4874
13230    3367   661  3606  4762
13231    2424  2412  3577  5340
13232    3922   500  5167  5386
13233    1520  1495  4153  1472
13234     619   625   635  4838
13235    1400  1300   101  5318
13236    2575  2574  4903  5307
13237     300   285  4423  5149
13238    4655  4918  5123  5285
13239    3158  3144  4741  3109
13240    4152  4478  4500  5382
13241    2652  3662  2678  4787
13242    4167  4472  4495  4907
13243    4349  3330  4463  4488
13244    2001  3509  2064  5029
13245    1789  1800  4189  4594
13246    3648  3149  3883  4800
13247    1600  2620  1539  4432
13248     665   657  4921   648
13249     923   642   899  5276
13250    4160  4229  4754  5253
13251    4301  4347  4381  4475
13252    4228  4133  4361  4865
13253     799  2104  2765  4764
13254    1985  3492  2009  5122
13255    3259  3220  3249  5020
13256    4075  4360  4915  5350
13257    4205  4312  4333  4816
13258    4563  4970  5130  5311
13259    4237  4814  5171  5197
13260    3256  3216  4476  4715
13261    4377  4177  4482  4702
13262    4140  4216  4253  4272
13263     885   643  4117  5120
13264    2754  4402  4632  5202
13265    2874  2889  2894  4936
13266     823  2134  2135  3526
13267    1889  1921  4975  1888
13268    4219  4433  4620  4938
13269     697   698  4687  4696
13270    4593  4372  4927  5380
13271    4334  4161  4471  4809
13272    1066  1142  4629  4665
13273    3683   445  4690  5037
13274    4225  4248  4428  4539
13275    4704  4241  4897  4976
13276    1825  1816  4895  5239
13277     349  4694  4736  4782
13278    3084  3031  3083  4459
13279    4150  4133  4505  4681
13280    4162  4466  5018  5366
13281    2190  2211  2313  4796
13282     953   939  4563  3858
13283    2568  2594  2555  4396
13284    1393  1133  4834  4837
13285    4185  4182  4223  4389
13286    4224  4152  4231  4795
13287    3470  3465  3476  3475
13288    4397  2600  4503  5050
13289    5068  5153  5205  5245
13290    4255  4338  4879  5240
13291    3244  1635  4847  5332
13292    4446  5014  5166  4862
13293    4376  4279  4557  4735
13294    5133  1274  5384  4303
13295    4161  4140  4394  4931
13296    4277  4540  4848  5379
13297    4879  2166  4957  4988
13298    1822  1829  4448  5197
13299    3197  3134  3196  3182
13300    4156  4147  4310  5389
13301     647   617   624  5334
13302    2278  2124  2205  4636
13303    2406  3288  4432  4452
13304    4447  2720  5209  5308
13305    4147  4159  4310  5389
13306     501   508  4556  4781
13307    2420   964   954  4605
13308    1506  1687  4501  5065
13309    4344  4163  4634  4893
13310     454   394  4508  4849
13311     421   436  4165  5141
13312    4892  4395  5030  5158
13313    2814  2829  3624  3795
13314     192   220   193  4820
13315    4576  1089  4759  5043
13316    1075  1193  4292  5083
13317    2905  2911  5189  5271
13318    4469  4610  4618  4869
13319     347  2076   228  4722
13320      88   121  4687  4825
13321    1740  4214  1534  1543
13322     183   177   197  5316
13323    2374  2366  4936  2367
13324    3014  3003  2989  4591
13325    1502  1634  1685  4501
13326    2063  1024  1819  3853
13327     512  4332  5002  5039
13328     684   863  4317  4906
13329    4349  3388  4431  4463
13330    3219  4365  4432  4896
13331    1375  4380  4929  5275
13332    2757  2075  1452  4675
13333    2142  3783   228  4722
13334    4207  4171  4795  4810
13335    1691  1675  4725  1680
13336    1065  4647  4813  5203
13337    4631  1308  4855  5357
13338     316   365  4522  5044
13339    4775  4619  5347  5395
13340    4365  4291  4431  4507
13341    3060  3075  3073  3074
13342    4294  4491  4799  5401
13343    3000  3011  2984  2985
13344    4419  4273  4576  4863
13345    3961  4004  2652  5049
13346    1529  1559  4225  4697
13347    4154  4252  5081  5214
13348    4187  3127  4753  5215
13349    2983  3758  3010  4336
13350    1660  1606  1621  4491
13351    1479  3190  4188  4964
13352    4423   274  4473  5149
13353    2952  2975  4053  4841
13354    4331  4173  4931  5015
13355    1150   229  4822  1119
13356    2595  2582  4987  5261
13357    4393  4343  4608  5247
13358    4252  1191  4577  5339
13359    2930  3968  4319  5038
13360    4254  2078  4671  5306
13361    3145  3052  3051  5046
13362    4487  4138  4827  5179
13363     450  2324  4279  4439
13364    4404  4784  4912  5314
13365     181  3800  2854  4692
13366     495    93  1447  4865
13367    4511  3881  4583  3099
13368    2985  2986  3001  3000
13369     990   972   980  5333
13370    4256  4283  4328  5316
13371    4618  5171  3898  4222
13372    2244  2297  3753  5289
13373    2611  2646  2648  4853
13374     392  1382  1381  4263
13375    4313  3111  4679  5046
13376    3480  3411  4911  3427
13377     145  5098  5129  5277
13378    4301  4265  4517  5009
13379     522   552  4286  4596
13380    3381  3291  3328  4480
13381    2830  2238  2416  4957
13382    3025  3688  3090  5071
13383    1843  1140  4293  4608
13384    4555  3985  4642  5317
13385    2992  4211  4930  5305
13386    4155  4631  4818  4986
13387     694   922   921  5330
13388    2237  4091  4130  5347
13389    4918  4655  5086  5285
13390    4880  4429  5196  5373
13391    1579  1571  1562  4819
13392     677   865   908  5288
13393    2327  2270  4651  1965
13394    1173   661  3136  4762
13395    4459  4135  4861  5066
13396     814  4353  4600  4965
13397    4742  4281  5063  5358
13398    2016  1301  3523  5158
13399    2401  4390  4884  4970
13400    4421  4281  4742  5358
13401    4226   711  4660  5208
13402    4832  4967  5264  5278
13403    2354  3567  4389  4581
13404    3668  4059  4716  5039
13405    4306  4449  4771  4830
13406    1283  4502  5080  5402
13407    1039  4442  4839  5346
13408    4679   669   650   638
13409    2850  2630  3541  3774
13410    2202  4395  4892  5158
13411    4321  4204  4657  4157
13412     432  1065  4281  4742
13413    3068  3040  4344  5348
13414    4156  5193  5263  5389
13415    4159  4156  4310  5389
13416     679   663   692  5295
13417     888   404   904  4516
13418    4175  4174  4362  4779
13419    4566  4180  5027  5082
13420    4215  4530  4611  4669
13421    4175  4231  4259  4433
13422    3384  3288  2406  4452
13423    1278  1100  1145  5090
13424    4815  2624  4864  5048
13425    3838  1681  4619  4844
13426    3257   249  4297  5310
13427    2636    33  1486  4938
13428    3250  3834  3190  4964
13429    4076  5398  5399  5400
13430     943  2886  4831  5127
13431    4322  4377  4960  5188
13432    4171  4668  4677  5329
13433    1419   268  1431  5096
13434     845   858   826  4519
13435    4004  2617  4197  5049
13436    1974  1985  3500  5122
13437    3298  4180  4846  4925
13438    4625  4198  5001  5138
13439    4462  1676  5024  5378
13440    4517  4265  4693  5019
13441    2634  4503  4523  4854
13442    1204  2307  1213  5303
13443    1503   652  3844  3911
13444       8  1420  1325  5318
13445     624  3497   647  5334
13446    4209  4269  4367  5389
13447    3024  3090  3688  3072
13448     921   922  5102  5330
13449    2833   646  2630  3774
13450     435  4165  5141  5276
13451    3061  3079  3048  3080
13452    2135  2193  3526  5228
13453     128   113  4378  4825
13454    4821  4314  5345  5394
13455    4345  4159  4526  4533
13456    3026  2984  3000  3011
13457    4246  2951  4711  5064
13458     849  4703  5106  5339
13459    4995  1644  5011  5365
13460    2539  2560  4839  5130
13461    3469   987  1717  3692
13462    1562  3926  1700  4483
13463     848   882  4348  4586
13464    2445   945   944  4970
13465    4202  4299  4917  5220
13466    4404  4449  4803  4904
13467    4086  4087  4299  5220
13468    4196  4201  4347  4458
13469    1253  1922  1884  4793
13470    4192  4224  4309  4676
13471    4538  3438  4664  5356
13472    3729  1971  4622  4667
13473    2974  2962  2940  2941
13474    4786  3639  1470  1485
13475     548  5081  5214  5228
13476     805   816  4348  5106
13477    1779  1755  3697  4246
13478     340   341  5123  5285
13479    2208  2571  2133  4550
13480    4211  5119  5204  5227
13481    2178  2216  4779  4924
13482    2606  2605  2607  4411
13483    4452  3384  4896  5269
13484     791   896  4450  5218
13485    4942   913  4176   690
13486    4459  4344  4511  4780
13487    2764  2745  4584  4678
13488    1839  2598  1840  4197
13489     456   444  4676  4690
13490     429   397   455  4676
13491     728   813  4317  4492
13492    2409  2428  4461  4720
13493     148   165   177  5316
13494    1663  1684  1553  4725
13495    3367  3331  4494  5155
13496    4766  4436  5056  5226
13497    4537  1312  4675  4834
13498     550  1304  3548  4307
13499     711   195   194  5208
13500    4440  4650  4741  5263
13501    4706  4661  4724  5095
13502    1826  1833  5013  5239
13503    4392  5025  5291  5320
13504     897   898  4519  5276
13505    2287  2256  4828  5103
13506    1541  4508  1619  5065
13507    2566  2532  4497  2533
13508    2963  2985  2986  3001
13509    1555  1575  4971  5018
13510     227  3519  5329  5370
13511    2409  2428  3914  4461
13512    5117  5236  5392  5401
13513    2610  1717  1046  3701
13514    2732  2675  4425  5088
13515    4771  4335  5036  5344
13516    4352  4253  4536  4853
13517    4347  4201  4428  4458
13518    4195  1382  4263  4662
13519    2986  2987  2964  3001
13520    2963  2986  2964  3001
13521    2987  2963  2964  3001
13522    4154  4147  4212  4443
13523    1585  1577  1576  5284
13524    4293  3291  4974  5325
13525    2350  2143  4926  5103
13526    1936  1082  1717  3701
13527    4546  4418  4710  4903
13528    3574   441  4508  4595
13529    1036  1025   688  4226
13530     223  1046  1082  3701
13531     527   122   528  4652
13532    3863  2379  4397  5050
13533    4376  2360  4609  5051
13534     175   196   192  4799
13535    2708  2692  5209  2736
13536    4154  4147  4443  4776
13537    4005  3788  4906  5021
13538    4589   565  5087  5313
13539     233  4423  4677  5332
13540    4189  4300  5171  5197
13541    1901  4131  4622  4667
13542    2482  2520  5109  5177
13543    2503  2512  2487  5311
13544    4895  4460  5151  5344
13545    3394  3353  2807  4295
13546     824   404   927  4582
13547    1535  3875  1646  4303
13548    3351  3321  3757  4314
13549    2269  2368  4869  5360
13550    4351   470  4444  4754
13551    1460  3148  3743  4083
13552    4205  4385  4513  5322
13553     435   402  4165  5276
13554    2133  2571  2270  4550
13555    4298  4560  5159  5328
13556    4468  2229  4945  5154
13557    2572  2548  2566  4864
13558    2076   228  4722  4827
13559    2277  4462  4828  5058
13560     535   489  5309   508
13561    4278  4315  4416  4438
13562    4831   956   965  4989
13563    2239  2499  2484  5223
13564    2312  3753  4767  5289
13565    1194  1148  1147  4905
13566    1175  1180  1192  4292
13567    2579  2582  2595  5261
13568    2606  2605  4411  4777
13569    4502  1201  5303  5402
13570    4129  1733  4451  4891
13571    4974  1249  5005  5325
13572    4520  1629  4723  5301
13573    1816  1573  4895  5239
13574     972   979   980  5333
13575    3236  3165  3194  5124
13576    2826  2827  4238  4408
13577    4071  4027  4118  5120
13578    4492  3705  5021  5052
13579    1488  2121  4468  4945
13580     934   810  4558   871
13581    2951  4203  4711  5223
13582    1396  1219  1369  4840
13583    2698  2760  2687  4425
13584    3307  1159  1607  5232
13585    4233  4523  4997  5053
13586    1666  3664  4677  5332
13587    1716  2038  2072  1751
13588    1085  1061  3661  4978
13589    4620  4580  4672  5160
13590    2818  2288  2233  4755
13591    3934  4077  4617  4680
13592    1599  4491  4637  5070
13593    1841  1090  4434  4747
13594    2854  2077  4692  4729
13595     752   818  5126  3710
13596    2139  3854  4341  4644
13597     938   560  4427  5062
13598    3284  3283  4845  5390
13599    2912  2950  4375  5119
13600     481   470   527  4444
13601    1237  4069  4813  5069
13602    4218  4166  4308  4369
13603    1514  4242  4800  4990
13604    1560  1530  4225  4623
13605    4258  4190  4644  5075
13606    2693  3715  4902  4943
13607    4656  4639  4705  4881
13608    3241   564  3242  5062
13609    2602  2682  4624  4842
13610     845   344  4519  4602
13611    4541  2880  4730  5217
13612    3302  3348  3675  5351
13613     199   278   483  4437
13614    2558  2241  4890  5092
13615    3326   550  4307  5055
13616    1573  1816  1593  5239
13617    2139  3854  2756  4341
13618    3307  1607  3245  5325
13619    4992  4566  5082  5147
13620     287  4325  4765  5341
13621    2267  2179  2345  5289
13622     137  3695   176  4637
13623    4306  4132  4355  4888
13624    1759  1771  3765  4852
13625    4681   546  5010  5242
13626    4245  1671  4657  5029
13627    4704  4241  4738  4897
13628    4222  2871  4535  5022
13629     863   757  3514  4317
13630     831   689   614  4538
13631    4248  3319  4724  4752
13632    3765  1761  4242  4852
13633    2896  3823  4659  5078
13634    4212  4220  4257  4446
13635    1244    27  1428  5025
13636     460  1358  1753  4763
13637    4403  4167  4802  4841
13638     219   220  3645  4820
13639     450   187  2324  4439
13640    1116  1033  1739  4321
13641    2180  2339  4474  5212
13642    1903  3518  2370  5053
13643    3099  3975  3085  4962
13644    2771  3759  3723  5185
13645    3458  3421  3439  5060
13646    4127  3281  4846  5118
13647    1043  1084  4468  1049
13648     161   162  4993  5329
13649    2394  2382  4936  2374
13650    3997  3934  4617  4680
13651    1536  1485  1510  5231
13652    1015  3903  3888  4442
13653    4994   146  5098  5129
13654    3772  2906  4730  5217
13655    1068  1026  4412  1059
13656     226  3440   160  4282
13657    4215  4199  4323  4671
13658    1087  1063  4954  1079
13659     209   237  4179  4328
13660    3198  3168  4773   960
13661    2198  2259  2677  5393
13662    2037  1290  1947  4840
13663    1781  4288  4307  5055
13664    1737  1759  1760  4242
13665    3118  3117  4381  4732
13666    3219   768  4333  4896
13667    2995  2982  4173  5015
13668    3381  1249  3291  5325
13669    1413   349  4694  1398
13670     344   401  4519  4602
13671     156  1661  4176  4942
13672    4220  4142  4240  4257
13673    1312  2075  4675  4834
13674     377   371   370  5133
13675    3975  3634  4017  4962
13676       3   543  4625  4757
13677     503   480    15  4778
13678     117  4892  5214  5282
13679    3726  1173  2847  5155
13680    4897  5005  5232  5325
13681    2829  3832  4134  5075
13682    4410  4150  4512  4558
13683     943   957   948  4831
13684    4417  4334  4655  4728
13685    4052  2517  4104  5363
13686    4566  4180  5082  5147
13687     517   877   872  3705
13688    4363  4137  4468  4946
13689    1984  1955  1998  4968
13690    1890  2323  2249  4414
13691    2500  2484  2499  5223
13692    3144  3158  4741  3169
13693    1192  1075  4292  1021
13694    3029  2400  3039  5113
13695     900   518  4578  5195
13696    4674  2901  5054  5359
13697     304   341  4358  4728
13698     614  3660  4538  4664
13699    2197  3494  4370  5017
13700    4572  4214  4583  4686
13701    4446  4683  5014  4212
13702     787  3801  4703  5339
13703    1278  4420  4647  5342
13704    1272  1992  1265  4615
13705    3886  1926  4463  5268
13706    2317  3873  4977  5072
13707    4708   384  4714  5044
13708    3333  3564  3345  4477
13709     959   938   560  4427
13710    5129  1585  5277  5284
13711     104    22   961  4373
13712     582  4252  4577  5214
13713    3049  3962  3050  5213
13714    3118  3117  3129  4381
13715    4892  4614  5214  5282
13716     872   877   926  3705
13717    3001  4097  4900  5145
13718     690   714  4176  4942
13719     999  3480  4571  5016
13720     246  4612   360  4757
13721     528   529  4652  5242
13722     685   738  3632  4509
13723    4154  4614  5081  5140
13724    3135  3170    89  4673
13725    4135  1566  4214  4861
13726     506  4380  4633  4952
13727    1676  3956  5024  5378
13728    2733  1994  2767  4898
13729    2754  2721  2709  4868
13730     331   300  4522  5149
13731    4466  1632  5018  5366
13732    4605  4495  4907  5354
13733    2251  2207  2218  4977
13734    2825  2003  2041  5362
13735    4148  4180  4925  5147
13736     434  1292   420  5003
13737    3331  3341  4494  5155
13738    4239  1319  1671  4657
13739    3332  3368  3726  5155
13740    2207  2279  2218  4977
13741    2562  2682  4624  2711
13742    3292  1892  3886  4488
13743     528  3820   633  5242
13744     146  4201  4458  5284
13745    1453  1460  3743  4990
13746    4097  3779  5145  3612
13747    3527  3644  4329  5142
13748    4629  1066  4665  5063
13749     511   479  3655  5206
13750    4232  4182  4394  5138
13751    4802  4054  4841  4909
13752     358  4165  4268  4410
13753    1857  1871  3616  5248
13754    1865  1135  4325  5077
13755    2487  2527  4839  5311
13756    2348  2286  4395  5240
13757    3058  3010  3021  5336
13758    3420  3472   998  4889
13759     747  3665  4887  5326
13760    4424  4760  5130  5346
13761    3058  3022  3010  5336
13762    1564  1683  4208  4740
13763    1522  4018  3920  4778
13764    1084  2099  2229  1096
13765    4393  1877  1897  4983
13766    4286   890  4596  5073
13767    4567  4288  4763  4980
13768    4610  2900  4222  3694
13769    2644  2574  4710  4903
13770    3339  3147  4510  4738
13771       7  1352  4263  5111
13772     942  4319  4486  4495
13773     430   386  5037   409
13774    1876  1875  1706  5135
13775    4419  4442  4643  4863
13776    3206  3207  4940  5278
13777    4174  4175  4362  4433
13778    2976  2965  4319  4909
13779     670   512  4332  5002
13780    2972  2926  4711  4792
13781    3004  3049  3050  5213
13782    4174  4235  4362  4779
13783    4380  4244  4699  5318
13784    4169  4248  4456  5351
13785    2900  4610  4222  5171
13786     708   732   693  4470
13787    3155  3511  4455  4928
13788    3316  3280  3346  4544
13789     549   248  3755  4761
13790    5119  2426  3825  3891
13791    4147  4212  4346  4419
13792    4254  4194  4402  4632
13793    2061  1953  1796  4694
13794    1758  2220  4163  4852
13795     835   838   875  4341
13796    1761  1760  3765  4242
13797    1459  3355  1469  4544
13798     428   366   385  4708
13799    3142  3133  3156  4613
13800     684   920   739  4906
13801    4178  4240  4636  4755
13802    2819  2289  2849  4755
13803    4215  4194  4653  5125
13804    3833  3864  3806  4314
13805     927   604  4250  5026
13806    2249  2323  2183  4414
13807    2196  2165  4878  5321
13808    1892  3623  3886  4488
13809    2506  1054  5273  2514
13810    3292  1891  1892  4488
13811    4521  2793  4649  4815
13812    4146  4215  4653  5125
13813    4417  4471  4809  5236
13814    1605   171  2777  4441
13815     801  4415  4942  5052
13816    4357  4288  4567  4980
13817    1726  1139  1266  4288
13818    2536  1814  2543  4719
13819     194  4660  4774  5252
13820    2368  2868  4936  5359
13821     697   140   691  4283
13822     303   275   274  4473
13823    1056  3771  3644  5142
13824    1269  1133  4837  5093
13825    2657  2633  2694  5393
13826    2318  2153  1270  4926
13827    1322  1323  5097  5353
13828    3014  3062  4230  3013
13829    2293  2196  2165  4878
13830    1041  4759  4863  4954
13831    4153  3378  4807  4969
13832    2612  2594  4253  4396
13833     333   305  4274  4901
13834    4311  4168  4418  4903
13835    4099  2473  4543  5177
13836    4210  4372  4411  4777
13837     960  4650  4773  5035
13838    2098  2339  5000  5274
13839    2979  2968  4884   940
13840    1007  4705  4656  5274
13841    1382  2146     7  4662
13842    2874  2884  4869  5360
13843    3057  4164  4732  5146
13844    2765  1923  4474  4550
13845     589   588   637  5004
13846     972  3052  3111  4313
13847    4436  4914  4951  5046
13848    2840  2854  4616  4729
13849    3191  3732  4967  4972
13850    2830  2238  4338  4796
13851    1098   887   654  4889
13852    2995  2997  5015  3691
13853    4482   585  5091  5369
13854     946  3570  4112  4659
13855    1237  4069  5069  5397
13856    1919  4903  4919  5248
13857     812   593  3524  4492
13858    2017  2030  1733  4721
13859    4149  2059  4325  4840
13860    1369  1352  1396  4840
13861    2350  2143  2153  4926
13862    1184  2103  4562  4648
13863    2578  2568  4396  4630
13864    3380  3349  3379  5148
13865    2889  2884  2901  5359
13866    1008  4227  4421  4828
13867    1220   496  4157  4245
13868    4499  4854  5250  5393
13869    3050  3016  4563  5213
13870    4054  4123  4574  4802
13871    4269  4191  5280  5389
13872    4305  1155  4604  5320
13873    3491  3684    60  5128
13874    3222  1480  1455  4805
13875    1059  1049  4412  5154
13876    4313  4436  4540  4660
13877     787   806  4703  4848
13878    4693  4588  5071  5336
13879     242  4599  4959  5332
13880    3061  4230  4429  5196
13881    1939  2343  4785  4804
13882     569   578  5062   577
13883    2721  1940  1925  5233
13884    4465  4478  4684  4991
13885    4364  4374  4650  5389
13886    3393  4297  4707  5059
13887    3134  3167  4773  5267
13888     645  3769   640  5228
13889    2351  2360  4376  5051
13890     226   160  4157  5060
13891    3148  1460  3743  1453
13892    4197  1839  4518  5049
13893    2916  2908  3770  4824
13894    2457  2438  2437  4237
13895    3322  3285  3284  5390
13896    4145  4149  4324  5111
13897    4238  2856  4408  4564
13898    4234  4653  4795  5125
13899     174  1659  4201  5117
13900    4744   148  5144  5316
13901     539  3608  5010  5243
13902    1580  4341  4527  5323
13903     419  1274  5186  5384
13904     936  3570  3823  4112
13905    2277  2255  2276  5058
13906    4251  4398  4633  4804
13907    1606  1621  4196  4496
13908    1187  2088  1948  5313
13909    5045  4689  5151  5302
13910    3522  4016  3512  3904
13911    4433  4259  4791  4997
13912    4263  4276  4392  5111
13913    1289  1293  1208  4478
13914    4311  4168  4448  4789
13915     298   284   283  4959
13916    3210  4301  4517  5009
13917     831   689  4538  5338
13918    4832  3227  4925  5278
13919    3431  1976  3443  5383
13920    3015  3003  3037  4386
13921    4278  4360  5015  5350
13922    4310  4313  4563  5130
13923    2941  2904  2919  4403
13924    4166  4218  4510  4738
13925     587   600   648  5004
13926    1099  1055  4373   961
13927    1183  1194   894  4562
13928    4714   374  4949  5044
13929    2731  2696  2715  4547
13930    4382  4354  4506  4606
13931    4425  2744  4678  4899
13932    2848  2266  4523  5136
13933    3431  3467  3445  4569
13934    4149  4145  4263  5111
13935    2092  2064  1342  5225
13936    2876  2875  4658  2866
13937     493   527  4444  4445
13938    4062  3094  4299  4121
13939    2066  1077  4980  5190
13940    3056  3032  4915  5296
13941     763  4883  5115  5288
13942    1332  1218  5342  5343
13943    2189  2148  1769  4767
13944    4482  4427  5035  5091
13945    4228  4361  4380  4929
13946    1729  1756  4375  5064
13947     942   954   946  4495
13948    4159  4533  4693  5019
13949    2636  3553  4791  5260
13950     776   921  5102  5126
13951    4167  4327  4472  4907
13952    1946  2683  3942  5269
13953    4967  3191  4972  5264
13954    2302  4764  5172  5212
13955    2588  2623  2605  4777
13956    1862  1768  4233  4564
13957    2651  4004  4197  4866
13958    3309  1648  4267  4740
13959    1173  3394  4762  3136
13960     668   493  4445  5258
13961    2265  2274  4957  4988
13962     199   633  4437  4524
13963    4170  4161  4229  4256
13964     965  4831  4989  5184
13965    1225  1362  5207  5341
13966     401   402  4165  5003
13967    2393  2403  2411  4973
13968    2253  3848  3969  4541
13969    1627  3376  5150  3360
13970    4261  2694  5250  5393
13971    2688  2609  2626  5235
13972    4366  4534  4537  4980
13973    2145  2209  2098  4811
13974    3359  2668  4297  5310
13975    3577  2412  4936  5340
13976     769   538   633  4524
13977     384   407  4708  4714
13978    4253  2612  4536  4853
13979    1019  1012  3933  4157
13980    2036  1116  4321  5383
13981    4171  4379  4430  5163
13982     189  3919  4379  5329
13983     576  3757   563  4314
13984    1933  3414  4451  4569
13985    3771  3172  4329  5142
13986      81  1557  4566  5134
13987     835   891  4341  5194
13988     661  2671  3802  4431
13989    3299  3960  4566  4858
13990    1443  1434  4412  1416
13991    4408  2841  4575  5224
13992    2168  2192  4933  2184
13993    2296  2290  4573  4946
13994    1871  1857  2567  5248
13995    4319  4472  4486  4495
13996    4349  4488  4932  5183
13997    4868  1925  4902  5233
13998    2004  5335  2079  2005
13999    3102  3069  3088  4560
14000     341   340  4655  5285
14001    1378  1067  1058  4412
14002    4140  4384  4394  4931
14003     208   219   196  4294
14004    1815  1816  4531  4895
14005    4334  4170  4483  4819
14006    3529  4141  4930  5168
14007    3475  2063  1819  3853
14008    3309   403  2242  4267
14009      51  3653  4661  5385
14010     656  1431   268  5096
14011    1817  1792  1774  4985
14012    3195  3142  4613  5267
14013    2099  1084  2229  4468
14014    4643  4273  4863  5270
14015     192  4799  4820  4934
14016    1352  4737  4840  5111
14017     761  4445  4754  5085
14018    4766  4436  5226  5293
14019    3034  3010  3758  4336
14020    1671  1319  4245  4657
14021      99   100  4951   133
14022    2222  2128  4499  2677
14023     223  1205  2610  3701
14024    4803  4306  4830  5180
14025    4811  2145  5172  5212
14026    1254  1245  4380  4952
14027    3573  3885  3380  5148
14028    3775  4128  4459  5066
14029    3143  3167  4773  3157
14030    4327  4273  4643  5270
14031    4223  4389  4398  4646
14032     505   493  5258   537
14033    3534  3646   555  4462
14034    1131  3325  2990  4208
14035    1479  3173  1478  4922
14036    3058  3071  3105  5336
14037    2496  5197  2440  4814
14038    4403  4802  4872  4874
14039     232  3382  4599  5332
14040     857   609   851  4183
14041    4786  4566  4846  5231
14042    4489  4073  5005  5055
14043    2185  2113  4790  4933
14044    4235  3693  4362  4779
14045    4296  4158  4453  4508
14046     297   298   283  5067
14047    3819  2547  4413  4927
14048     371   319  5133  5384
14049     666   667   658  5226
14050    3945  1332  4749  5069
14051    1066  1142   997  5063
14052    3739  4065  4496  5070
14053    2187  2189  4223  4581
14054    4262  3172  5059  5142
14055    2714  2713  2729  4257
14056    2769  2748  4948  4955
14057    3444  3450  4843  3471
14058    4812  4528  4999  5167
14059    2277  2306  2255  4828
14060    4234  4499  4523  4854
14061    3090  3024  3688  3025
14062    3149  1477  3189  4922
14063    2604  2711  2383  4731
14064    2686  2638  4579  2639
14065    1522  1535  5011  5301
14066    4842  4567  5087  5283
14067    4727  4482  5104  5170
14068    4164  4335  4381  4732
14069    4601  4169  4807  5033
14070     229  4385  4822  5322
14071    2718  2780  4726  4815
14072    4405   846  4410  4519
14073    1614  3586  1615  4700
14074     823  2355  2134  5228
14075    4289  4236  4878  4933
14076    2064  1739  1033  5029
14077    4134  1403  5096  5221
14078    4358  4471  1696  4809
14079    2275  5274  5000  2251
14080    4273  4327  5184  5270
14081    2789  2790  4257  4755
14082    1008  1101  4421  4742
14083     823   640   548  5228
14084    4338  4232  4614  5240
14085    4456    49  4752  5238
14086     720   561   404  3785
14087    1864  1863  4833  4885
14088    2729  2790  4142  4257
14089     706   717   711   712
14090     716   702  4947  5372
14091     255   289  4901  5371
14092    4868  2772  4953  5202
14093    2095  1898  1806  4589
14094     434   413   356  5003
14095    2900  4222  4535  5171
14096     858   846  3840  4519
14097    4024   751  4512  5120
14098    4563   939  4884  4970
14099    1530    66  1520  4169
14100    1101  2255  4421  4742
14101    2134  2355   198  5228
14102    4392  2146  4662  5111
14103     169   194  5208   200
14104    4484  2747  4645  4948
14105    2788  2728  1165  5210
14106     158   711  5208   195
14107    2673  2731  2697  5084
14108    3453  3460  3956  5024
14109    3574  3539  4595  5073
14110    1486   181   346  4620
14111     812   739  4906  4005
14112    1636  1641  4844  4857
14113    4374    89  4741  5293
14114     707   721   697  4283
14115    4132  4381  4481  5129
14116    1913  1988  4195  5061
14117    4396  4184  4416  4808
14118    4168  4384  4409  4667
14119    1433  1389  4412  1415
14120    1499  1476  3064  4461
14121    2982  4173  4300  4422
14122     719  4258  4266  4843
14123    4166  4293  4307  4704
14124    4138  4219  4672  5105
14125    5001  4666  5002  5138
14126    3664   214  4677  5332
14127    1635  1666  4677  5332
14128    4368  4628  5045  5302
14129    3379  3348  3358  5148
14130    4269  4339  4367  4806
14131     225  1367  4537  4834
14132    2818  4414  4755  4862
14133     246   543     3  4757
14134    2646  2647  4853  5192
14135    1086  4022  4002  5014
14136      18  2034  4765  5077
14137    1598  1547  4855  5077
14138    1894  3689  4644  5075
14139    2526  2561  2604  4731
14140     887   630   644  4258
14141     333   288  4901   289
14142    4197  4371  4514  4866
14143    4515  4286  4532  4578
14144    2762  2732  4678  2676
14145    3453  2228  2217  4282
14146    2361  2294  4279  4735
14147     387   340   386  3666
14148    4297  4262  4707  5059
14149    2152  2740  4134  5025
14150    4643  4472  4913  5259
14151    4568   502  4859  5229
14152    1850  4001  1830  5131
14153    3378  1472  1473  4807
14154    2880  3994  4541  4730
14155    2618  3513  4518  5049
14156    2364  2372  2365  4973
14157    4361  1426  4923  4952
14158    1859  2879  2870  4370
14159     499   474  1649  4592
14160    1304  1964  1288  4307
14161    3160    75  3159  3183
14162    3383  3288  1539  4432
14163    4342  4708  4714  5044
14164    4241  4592  5073  5265
14165    4200  4350  4361  4552
14166    1013   859   311  4186
14167    1827  1128  5283  1070
14168    2830  2313  4338  4636
14169     877   926  3705  5052
14170    2569  2545  4551  5261
14171    2654  2653  4554  3513
14172    1938  2662  4622  5192
14173    2999  3022  4457  5019
14174    1906  1630  1835  5076
14175    1547  1692  4855  2028
14176    4474  4213  4639  4651
14177    3045  4331  5015  5350
14178    2772  4868  4953  5233
14179      44    80  5082  5327
14180    5101  4641  5322  5391
14181    4940  4832  5147  5298
14182    2950  2933  5116  2961
14183    2229  1322  1488  4945
14184    3840   858  4405  5006
14185    1502  1649   474  4592
14186    4803  4830  4972  5400
14187    2038  1716  2072  3536
14188    5045  4689  5068  5151
14189    4150  4268  4330  4410
14190    4422  4438  4719  5079
14191    4189  2926  4300  5079
14192     605   888   904  4516
14193    4304  4308  4608  4942
14194    3135    89    75  3159
14195    3093  3094  4121  4299
14196     112  3811   128  4934
14197     682   703  5372   716
14198    2803  2844  2828  5185
14199    4655   387  5007  5086
14200    4157  3443  5114  5383
14201    2711  2562  2383  4624
14202    4178  4232  4614  5140
14203    1459  1469  3639  4544
14204    2264  5160  5172  5260
14205    3096    45  4875  4974
14206    4187  4164  4560  5215
14207    2289  2713  4257  2789
14208    2042  2016  3523  5030
14209    4352  4238  4408  4484
14210    3075  3060  3073  5220
14211    3474  3481  4157  4204
14212     461  1333   481  4444
14213    3967  2437  4237  4469
14214     578   579  5035   599
14215    4354  4327  4770  4907
14216    4189  1789  4594  5017
14217    4901  4725  5169  5371
14218    3910  3930  4035  5398
14219    4304  4942  5052  4308
14220    4585   606  4834  5093
14221    4712  4870  4883  5008
14222    1433   711  1229  4412
14223    3182  3196  4715  5267
14224    1525  1515  4800  4922
14225    4264  4521  4649  4815
14226     166  2562  2723  5312
14227     115  1623   116  4304
14228    4200  4232  4251  4350
14229    4285  4269  4703  5106
14230     189   190  3919  5329
14231    1056  3389  4295  5142
14232    4816  1549  5101  5322
14233     977  2103  1183  4648
14234    2400  2418  3064  4461
14235    4565  2027  4791  5136
14236    1673  3325  3376  4208
14237    3571  1383  1387  4670
14238     470  1333  1363  4754
14239    1819  1991  4571  5016
14240    4142  4236  4264  4815
14241    4846  4786  5027  5118
14242    4318  4687  5104  5334
14243    4216  4280  4311  5211
14244     450   425   381  4439
14245    1124  1153  4648  5081
14246    1741  1715  1723  4805
14247    1601  3342  4368  5045
14248    4205  4143  4215  4585
14249    4518  3513  4554  5049
14250     573  3680    35  5304
14251    1560    82    66  4623
14252    4111  2517  5191  5363
14253    1528    81  4566  5082
14254     123   152  5272   151
14255     419   433   412  5384
14256    5146  4732  5296  5328
14257    4033    58    57  4466
14258    3856  1226  4813  5203
14259    2498  2499  4203  4792
14260    4309  4522  4663  4708
14261    3440  3462  3453  4282
14262    3032  4075  4360  4915
14263    4797  4756  5112  5163
14264     289   288  4901  5371
14265     823   645   640  5228
14266    4226  4137  4363  5333
14267    1075  4154  4252  5081
14268    1195  1132  4763  4980
14269     140   130   691  4283
14270    4417  4473  4728  4810
14271    1827  1090  4434  5087
14272    3351  3338  3321  4314
14273    3172  4262  4329  5142
14274    3043  3056  3032  4915
14275    2528  2539  2504  2527
14276    2413  4139  4469  4674
14277    4427  4476  4701  4715
14278    1107  1247  1162  1265
14279    2621  2587  3836  5043
14280     584  3952  3558  4691
14281    4137  4226  4412  4660
14282    3292  3329  3330  4488
14283    2926  2907  4189  4300
14284    2831  4392  4867  5358
14285    1373   110  1248  4516
14286    2437  2438  3967  4237
14287    2739  2110  2056  4691
14288    4291  1932  4463  4851
14289    2701  2764  4584  4678
14290    4315  4278  4335  4915
14291    4341  1299  4527  5194
14292    2507  2530  4542  5273
14293     346  2119  4620  4722
14294    2419  2447  4970  2448
14295     368   376  4010  4918
14296     899   858   898  4519
14297     942  2920  3821  4495
14298    4422  4216  4719  4808
14299    4311  4418  4546  4903
14300    2871  2888  2899  4535
14301    4283   721  4696  5034
14302    4350  4255  4785  5289
14303    3269  3228  3268  5147
14304     548  2355   823  5228
14305    4972  5023  4545  3499
14306    4668  4677   250  4423
14307    1777  3911  1503  5012
14308     186  2668  4297  5059
14309     919  3785   825  4493
14310    4823  1204  5303  5352
14311    1382     7  4263  4662
14312    3122  3160  4951  3159
14313    2966  3837  2978  5319
14314    3497    98  5334   624
14315    2274  2188  2293  4988
14316     155  1781  4288  4307
14317    1679  2843  1655  4833
14318    4166  4286  4578  4596
14319     806  4703  4848  5326
14320     853  4193  4635  4783
14321    4277  4695  4703  5164
14322     579   578  5035   560
14323    3071  3789  5009  5336
14324    4157  4245  4657  5029
14325      83    82    95  4623
14326     908   628   677  4783
14327     358  4410  4590  4600
14328    2733  2768  1938  5173
14329    2268  2195  1788  5017
14330    1629   503  4778   480
14331    4666  4332  4716  5039
14332    4191  4318  4378  5095
14333    1127  1176  1137  5083
14334    1475  2451  1863  4885
14335    4322  4196  4724  5095
14336    4440  4734  4963  5263
14337     882   883  4348  4586
14338     341  4655  5123  5285
14339     561   720  4493  4516
14340    2642  4547  4815  4864
14341    4738  4704  4897  5325
14342    1403  4042  1419  5096
14343     418  4401  5007  5229
14344    2336  2348  4395  5240
14345    3059  3105  3106  5336
14346    4149  4263  4835  5313
14347    4153  3378  4601  4807
14348    4320  4149  4343  4490
14349    3265  3264  4958  4967
14350    1142  3659   790  5320
14351     209   197  4328  5316
14352      67  3684  4539  5128
14353    4169  3964  4248  5351
14354    4306  4298  4355  4545
14355    2422  2471  4593  5184
14356    4185  2186  2215  4213
14357    3435  3200  4451  4891
14358    1405  1301  5158  3523
14359    4135  4214  4459  4861
14360    4210  4354  4543  4593
14361    1979  2020  4529  4584
14362     959  4427   960   938
14363     761   670  3899  5085
14364    3180  3212  4702  4928
14365    2259  2633  2677  5393
14366    3208  3178  4940  5297
14367    1278  1114  1332  4647
14368    4163  4344  4861  5066
14369     705  3663  4369  4635
14370    3156  3181  4613  4917
14371    3426   856   917  4664
14372    4677  4668   250  5329
14373     100    99  4951    90
14374    4977  4899  4270  5241
14375     189  4379  4677  5329
14376    4992  4475  5297  5298
14377    2396  2561  4284  4731
14378    4266  4698  5135  5194
14379    4390  2968  4627  5319
14380    3183   649  4951   100
14381    3043  3032  4360  4915
14382    2067  4323  4669  5093
14383     794   783   793  4965
14384    4062  4086  4299  5263
14385    4062  4086  4121  4299
14386    3845   544  4332  4716
14387    1298   155  4288  4307
14388    1704  3222  3250  4805
14389    4347  4555  4724  5028
14390     635   664  5295   634
14391    2631  2552  2685  4266
14392    2629  1653  3484  4266
14393     886   801  4415  4942
14394    4784  4148  5082  5314
14395     203   189  4677  5329
14396    1739  1914  4195  4245
14397     806   805  5106   748
14398     760   786  5355   785
14399    3502   219   208  4294
14400    3988   418  5007  5086
14401    1912  3886  4488  5268
14402    2388  2389  2380  5113
14403    3218  3241  3242  5062
14404    3400  2228  3956  5378
14405     827   834   861   815
14406     112  4378  4637  4934
14407    2990  3325  3362  4740
14408    1433  1058   717  4412
14409    1973  1955  4851  4968
14410     504   670   468  5002
14411    3219  4333  4365  4896
14412     418  4859  5007  5086
14413    1220  3716  4195  4662
14414    2808  2821  2793  4521
14415     524  4984  5364  5375
14416     902   869  3791  4586
14417    2482  2520  2475  5109
14418    1280  1325  1446  4699
14419    4238  4219  4272  4898
14420     636   600   610  5004
14421    4830  4449  4985  5180
14422    2607  2565  2606  4411
14423     905   728  4267  4492
14424    1748  1747  5249  3880
14425    1056  3644  3527  5142
14426    1953  2038  1542  3536
14427    1118  1851  4490  5077
14428    3833  3864  4314  4845
14429    4147  4346  4443  4776
14430    3211  3210  4960  5188
14431    1389  1353  1378  4412
14432     928  1307   310  5382
14433    4305  4392  4629  5320
14434    3943  3932  5045  5068
14435     758   731  4856  4965
14436    4434  4145  4589  5087
14437    2578  2577  2581  4630
14438    4150  4133  4269  4330
14439     614   828  4664  5262
14440    2191  2337  4751  4937
14441    2126  4302  4499  4523
14442    2036  2089  5383  3735
14443    4325  1950  4747  5077
14444    4147  4156  4310  4436
14445    4272  4219  4384  4898
14446      49   575  4456  4752
14447    2582  2612  4247  4396
14448    1567  1698  4608  5150
14449    4710  4418  4864  5048
14450    1306  1905  1827  5087
14451    1110  1121  2728  4446
14452    4499  4234  5125  5250
14453    2215  2108  3600  4651
14454    1657  1523  4608  5182
14455    5104  4727  5294  5143
14456    1733  4451  4891  5089
14457    1752  3767  4782  5089
14458    1145  1172  1114  5090
14459    1489  1499  4461  4990
14460    2561  1956  2661  5024
14461     290   844   826  4788
14462     137  3811  4637  4934
14463    4135  3125  4686  4800
14464     462   514   463  4268
14465    4688  4671  5202  5335
14466    4993  4668  5329  5370
14467    1693  1752  4782  5089
14468    4232  4178  4338  5140
14469    1036   688  1067  4412
14470    3571  1387  4250  4670
14471    1762  1543  1773  5200
14472    1043   996  4363  5092
14473     814   345  4600   804
14474    1167  1166  4530  5093
14475    3218  3217  3241  5062
14476    3633  4055  4104  5363
14477    4159  4310  4345  4485
14478    1813  1822  5131  5197
14479    2783  2760  2782  4726
14480    1809  1808  1829  5197
14481    3192  3607  3152  4355
14482    1739  4245  4321  5029
14483    4373  1693  4782  5089
14484    3854  4341  4644  5222
14485    4291  1942  4688  4953
14486     472   210  3897  4682
14487    4186  4133  4200  4260
14488    4212  4147  4346  4443
14489    1022   994  1018  4571
14490    4425  4418  4903  5048
14491    2803  3723  5156  5185
14492     168  1280   483  4699
14493    4568  4625  5032  5206
14494    4306  4132  4449  5298
14495    1965  2666  2215  4185
14496     454   441   475  4508
14497    4184  4216  4396  4460
14498    4103  3814  4617  3794
14499     683   910  4558   934
14500    1260  2030  4657  5225
14501    4333  4143  4816  5101
14502    4335  4132  4771  5036
14503    2548  2549  4497  4710
14504     140   130  4283  4687
14505       9   280  5178  3566
14506      42   737   750  4774
14507    2995  3565  5015  5350
14508    4344  4163  4893  5305
14509    4538  1668  4698  5262
14510     911   495  4186  4865
14511     629   733  4512   850
14512    4185  2189  4223  4767
14513     529   514  4652  4794
14514    2788  1165  4862  5210
14515    4234  4233  4243  5053
14516     469   450   381  4439
14517    4449  4803  4904  5180
14518    2666  2262  2224  4185
14519    2703  2704  2663  3676
14520    1599  1606  4491  5070
14521    4003  3999  4029  5162
14522    3210  4301  4555  4960
14523    4304  1527  4415  5182
14524    1966  2701  4584  4678
14525    2336  2345  4739  5240
14526    4440  3144  4650  4773
14527    4528  4556  4812  5309
14528    4295  3354  4494  4628
14529    2414  4504  4535  5171
14530    3293  3259  3312  5094
14531    4656  1007  5000  5212
14532     606  1133  4585  4834
14533    2026  1886  5075  5300
14534    3075  3074  3107  4917
14535    2347  4559  4573  2296
14536    2403  2410  4354  5127
14537    3280  3297  4587  4958
14538    4517  4377  4693  5389
14539    1404  4500  1291  5057
14540    3061  3047  4429  5040
14541     786   785  4806  5326
14542    4250  1366  1387  3571
14543    2854  2840  2065  4729
14544    4170  1579  4725  4819
14545    4300  4311  4448  5131
14546    1180  3792  4252  4577
14547    4391  2196  4878  5321
14548    3281  4000  4109  4846
14549    2584   555  1676  4462
14550    3122  4673  4951  5046
14551      41    32  4502  5137
14552     521  4316  4596  4738
14553    4557  2273  4735  4769
14554      46  1496  1505  4807
14555    1196  1298  4434  4747
14556    1810  1813  4876  5197
14557    3476  1811  1819  3475
14558    4403  2929  4841  4874
14559     405   312  4186  1423
14560     869   629  4586   850
14561     581  4032  4477  5304
14562    2921   942  2920  3821
14563    4305  4190  5025  5320
14564    2501  4163  5204  5223
14565    1360   349  4694  4736
14566    2299  2173  2166  4796
14567    4932  4151  5094  5121
14568    2950  2994  2961  4211
14569    1430   187  4439  5051
14570    3214  3196  3195  4701
14571     629   871  4558   836
14572    4832  4148  4925  5147
14573    1378  1058  1433  4412
14574    2881  2880  3707  4730
14575    4652  4150  4681  4794
14576     897   401   402  5276
14577    1384  1329  4534  4537
14578    4222  2864  5022  5042
14579    4107  3047  4880  5196
14580     979  3111  4679  5333
14581    3086  3085  4780  5348
14582    3852  3077  4734  5196
14583       3   543  3846  5206
14584    5167  4528  5234  5367
14585     162  4993  5329  5370
14586    4749  3945  4813  5203
14587    3306  3278  3361  4740
14588    3863  1864  4833  4885
14589    3460  3458  1178  4282
14590    4272  4253  4853  5192
14591    4682  4249  4984  5364
14592    3243  3184  4510  4740
14593     219   218   235  5371
14594    2295  2326  4646  4745
14595    1053  1054  4759  1064
14596    3975  4017  3085  4962
14597    4196  4706  4724  5095
14598    2334  2282  2869  3751
14599    4147  4269  4277  4285
14600    4744  4378  4934  5316
14601     381   425   473  5318
14602     353   352   363  4949
14603    2131  2497  1807  4565
14604     236   220  4328  4820
14605    4061  4967  4972  5399
14606    2269  3711  2375  5360
14607     687  4598  5372  5379
14608    2038  2072  1350  5076
14609     333   305   318  4274
14610     767   759  5198  5355
14611    2678  2650  2665  4866
14612    4426  3622  5266  5364
14613    1403  1652  3980  4134
14614    2916  2973  2908  4824
14615    3499  4061  4972  5399
14616    1403  1244  1652  4134
14617    2344  2206  4790  4920
14618    2875  2874  4936  2868
14619    2119  4620  4672  5160
14620    4286   552  4578  4596
14621    1147  1137  1176  5083
14622    4139  4290  4300  4610
14623    1103  1158  4073  4489
14624    4498  1831  4966  5013
14625     406   743  4380  5275
14626    2471  2472  2453  5380
14627    2408  3825  5119  5227
14628     901   595  4590   422
14629    1368  1371  5275     4
14630      57    56  4466  4956
14631    2050  2051  1782  4325
14632    2158  4798  4945  5097
14633    2300  2177  2331  5241
14634    3336  3335  3334  4601
14635     920   684  4492  4906
14636    3118  3129  4301  4381
14637    2916  2915  4290  5054
14638     522  3657  4106  5181
14639      70    69  3629  5095
14640    2240  2195  2268  5017
14641     141   483   743   199
14642    3213  4702  4727  5170
14643    2896  2942  4841  2952
14644    1888  1889  1850  4975
14645    3059  3024  4588  5071
14646    4204  4657  4721  5225
14647    2880  2893  2898  5217
14648    2821  4570  4920  5237
14649     867  2695  2502  3605
14650    2695   855  1847  3605
14651    3233  1840  2598  5121
14652    2695   726   914  3605
14653     878   628  4783  5218
14654    1361  1317  1360  4694
14655    1837   867   855  3605
14656    1191  4252  4285  5339
14657    4994  4993  5098  5370
14658     578  5035   560  4427
14659    2617  2618  4197  5049
14660    1847   855   726  3605
14661    3792  1180  4252  4292
14662     522   553  4044  5181
14663    4660  4137  4826  5353
14664    2735  2734  3759  5308
14665    3759  2771  4089  5185
14666    2879  3594  2893  4370
14667    1355  1422  5368  5402
14668    2277  2255  4421  4828
14669    2419  2449  4390  4970
14670    2719  2690  4787  5156
14671    1927  3942  4431  5361
14672    1431  1337  1419  5096
14673    2383  2585  2710  4844
14674    1581  3983  4985  5245
14675    1225  3556   465  5207
14676    4887   747  5326  5355
14677    4473   303  5123  5149
14678     159   876  5010  5275
14679     551  3755  3647  4761
14680    2063  3430  3452  3853
14681     612   653  5108  5275
14682     646   603  2833  2463
14683    3466   671   762   989
14684    2314  3495  3882  4141
14685    2207   213  4977  5241
14686    2903  2902  2909  4506
14687    2753  2736  2752  4632
14688    1924  3807  4868  4902
14689    1775  4830  5180  5400
14690    1765  1526  1517  4956
14691    4992  4148  5082  5099
14692    4238  2825  4616  5362
14693    2627  2650  2615  4866
14694    3495  2398  3882  4141
14695    4163  4634  4893  5223
14696    3709  1963  1772  4245
14697    3108  3667  4299  4613
14698     216  1640  3698  4809
14699    4335  4732  5146  5328
14700    4347  4301  4381  5129
14701     596  3878  3755  4761
14702     529   513   528  4652
14703    2574  2575  2541  5307
14704    2989  3003  3004  4884
14705    4048  3999  4110  4998
14706     947   957   943  4831
14707     817   862  1179  5339
14708    2193  2286  2156  5240
14709    2299  2156  2286  5240
14710     994   999  4571  5016
14711    4448  4300  5131  5197
14712    4749  5057  5161  5368
14713     348  4260  4577  4860
14714     817  3535   849  5339
14715    1859  2225  1720  4370
14716     617   598   597  5369
14717    2507  2480  3835  5273
14718    2853  2223  4899  2823
14719    1682  2529  2546  5306
14720    3935  3302  4821  5351
14721    4299  4271  4963  5263
14722    2543  2554  2536  4808
14723    4442  4212  4772  4954
14724    3074  3133  4917  3120
14725    2909  2895  2891  4973
14726     759   731  4965  5198
14727    2280  2824  2853  5179
14728    2480  2507  2491  5273
14729     617   647   618  5369
14730    5010   612  5108  5275
14731    4380   743  4437  5275
14732    5295   647  5334  5369
14733     876   612  5010  5275
14734    4668  4481  5236  5370
14735      74   266  4882   167
14736    2491  2507  4542  5273
14737    2732  2626  5088  5235
14738      69  4661  4706  5095
14739    2745  2764  2795  5179
14740    4481  4668  5236  4417
14741     215   205   162  5370
14742    4663  4192  4676  4918
14743    1484  1458  1483  4956
14744     133  4951  5226  5256
14745     945  2446  2448  4970
14746    4736  4373  4782  5047
14747     887  4258   613   630
14748    2277  2601  5058  5378
14749    3563  3935  3703  4821
14750    4399   355  5123  5285
14751     507  1440  4058  4761
14752    2428  4242  4461  4720
14753    3318  3299  4172  5349
14754    1437  2308   343  4398
14755    1434  1364  1321  4412
14756    3779  4101  4123  4574
14757    4399   354  4663  5149
14758     727   723   762   102
14759    2873  2883  3649  4869
14760    3376  1627  5150  3597
14761    2523  2499  4416  4551
14762    4595  4508  5073  5234
14763    4370  4100  2924  5271
14764    2923  2897  5116  5271
14765     187  2324  4439  5051
14766      34  1508  1517  4956
14767    4515  4712  4883  5115
14768    2306  2287  4828  5103
14769    1127  4776  4905  4978
14770    2400  2399  2409  5113
14771    2864  2872  2873  5042
14772    1754  3494  2240  5017
14773    4146  4261  4653  4718
14774    2303  2135  2134  4395
14775    3637   309  4056  5323
14776      57    21    56  4956
14777    1393  1439  4385  4822
14778    1790  1804  4531  4861
14779    2123  2166  4879  4988
14780    2425  2413  2412  4886
14781    1235   141   234  4380
14782    3152  3894  4355  4545
14783    3802  2671  4096  4431
14784      20  1508    34  4956
14785     349  1398  1360  4694
14786    2703  2768  4090  4645
14787    1122  1304  1288  4307
14788    3225  3265  3203  4967
14789    1070  1827  4434  5283
14790    2159  2405  2460  5017
14791    2125  1886  4134  5075
14792    4993  4481  4994  5129
14793    4399  4473  5123  5149
14794    4333  3219  4365  4432
14795     670   315   468  5287
14796    4420  4435  4647  4883
14797    3544  1940  4953  5233
14798     511  3655   543  5206
14799     283   298  4836  5067
14800    2364  2876  2877  4973
14801     338  1697   395  4849
14802    1420  1365  4882     8
14803    2626  2609  3595  5235
14804    2974  2938  4872  4874
14805    1053  2514  1041  4759
14806    4371  4197  4518  5049
14807    1466  1484    20  4956
14808    2759  2808  2793  4649
14809    4398  4251  4785  4804
14810    3908  3955   533  5367
14811    4218  4308  4317  4369
14812    1398  1413  1361  4694
14813    3959  4041  2276  5058
14814    1075  1021  4252  4292
14815     578  5035  5091   599
14816    4410  4269  4558  4586
14817    2426  3891  5119  5204
14818    4212  4346  4419  4683
14819    4560  4164  5146  5328
14820    2883  2873  2872  4222
14821    2877  2876  2891  4973
14822    1664   156  1661  4176
14823    1767  1729  4246  5064
14824    1440   350   248  4761
14825    2119  1486   346  4620
14826    2982  2935  4173  5015
14827    2650  2627  4514  4866
14828    3000  3011  4116  5315
14829    4193  4166  4369  4549
14830    4427  4476  4715  5062
14831    2444  2755  2774  4235
14832     264   210   438  4682
14833    2394  2368  2374  4936
14834    3632  3714   596  4761
14835    3162  5400  3174  3175
14836    4405   826  4916  5006
14837    4528   531  4532  5367
14838     882   629   683  4558
14839    4871   776  5126  5195
14840     703   716  3528  5372
14841    1090  1841  4434  5087
14842    1194  1182  4443  4905
14843    4322  4196  4347  4458
14844    4478  4465  4502  4991
14845    1515  1532  1525  4800
14846    4046  2976  4054  4909
14847    4799  4491  4820  4934
14848    2829  2152  4134  3832
14849    4723  4625  5001  5138
14850    4491  4820  4934  5316
14851    4538   689  5262  5338
14852    3846  3887     3  5206
14853    1135  1357  1950  5077
14854    2909  2928  2895  4973
14855    4387  4625  4723  5138
14856    2276  2255  2655  5058
14857    1974  4312  4968  5122
14858    4331  3044  4732  5350
14859    4024   643   751  5120
14860    2313  2238  2830  4796
14861     182   335  4929    93
14862    2627  2595  4987  5261
14863    2582  2594  4396  5261
14864    2217  2203  2172  5358
14865    1468  3340  4896  3146
14866    2386  3477  3403  5262
14867    2385  1286  2546  5306
14868    3300  3990  3958  5041
14869    4903  4425  5048  5088
14870    1152  3734  4250  5026
14871    3462  3460  3453  4282
14872     804   782  4353  4965
14873    4540  4660  4826  5164
14874    2864  2872  4222  5022
14875    1193  1181  4292  5083
14876     810   857  4186   609
14877    1294  1414  5026  3734
14878    2941  2929  4403  4874
14879    2649  2663  2704  4645
14880    4209  4482  4838  5369
14881      53   336  3622  4426
14882    4462  4421  4828  5058
14883     286   251  4473  4809
14884     478   457  3963  4690
14885    2362  2340  2326  4745
14886    2849  2205  2819  4636
14887    4429  4880  5193  5396
14888    4474  1923  4764  4910
14889     766   794   774  4454
14890    1595  1596  1588  5205
14891    4343  4307  4974  5247
14892    4308  4320  4343  4393
14893    1242   362  3578  5026
14894     745   764  4179  4916
14895     607   825   824  4450
14896      81  4566  5082  5134
14897      25    36    37  5294
14898    4400  4202  4455  4961
14899    1323  2162  2109  5097
14900    1350  1361  1542  5076
14901     974   992   985  4643
14902    4400  4086  4680  5263
14903    1148  4022  1137  4905
14904    1476  3065  4461  4990
14905     880   830   890  4596
14906    2779  3690  3679  5324
14907     312   405  4186   800
14908    4375  1721  5064  5116
14909    4244  4326  4699  4748
14910    1928  2245  4790  5279
14911     748  3850  3665  5326
14912    4259  4175  4362  4565
14913    4091  3812  4130  5219
14914    3915   889  4415  5052
14915    2498  4203  4711  4792
14916    1418  2000   392  4263
14917     794   814   847  4965
14918    3675  4314  4821  5148
14919     565   819  4589  5087
14920    3317  3737  4153  4786
14921    1367  1797  4537  4834
14922    2849  2288  4636  4755
14923    1248  1256  1373  4516
14924    5098   162  5117  5370
14925     297   282  4836  5067
14926    1877  1690  1895  4608
14927      80  4784  5082  5314
14928    3732  3191  4355  4972
14929     831   632  4538  5356
14930    2111  2105   755  1271
14931    4131  3729  4622  4667
14932     250  4423  4473  4668
14933    3203  3732  4061  4967
14934    3530  2973  4824  5015
14935    4119  3077  5196  5263
14936    4161  4191  4256  5280
14937    1181  3704  4292  5083
14938     997  1172  1066  5063
14939    1681  1641  1117  4857
14940    3477  2386  4664  5262
14941    1643  1644  4995  5365
14942    3192  3177  4940  5278
14943    4190  4134  4873  5075
14944    2137  1886  1244  4134
14945    1886  2137  3624  4134
14946    2162  2158  2109  5097
14947    4585  4205  4837  4850
14948    1335  4502  4991  5080
14949     146  4201  4994  5098
14950     395   393   394  4849
14951    2827  2767  4238  4408
14952    1756  2464  1730  5227
14953    3443  1805  3439  5114
14954    3724  3152  3153  4187
14955    2929  2896  2904  4403
14956    1800  1799  1810  4876
14957     291  4181  4406  4612
14958    4181  4231  4198  4140
14959    3571  3671  4250  5026
14960    2077  2076   347  4722
14961     828  3403  3477  5262
14962    3612  3001  3851  4068
14963    1963  1772  4245  5029
14964    1519  1536  4697  5231
14965    2898  3772  3707  4730
14966     626   588   587  5004
14967    4406  1223  4612  4684
14968    2236  2226  2340  4769
14969    3522  3842  3815  4680
14970    3442   995  3409   976
14971    4256  4294  4491  4799
14972    3416  3437  2486  1093
14973    4374  4766  4921  5293
14974    1814  2511  1802  5079
14975    4253  4216  4396  4808
14976     916  1343  4875  5150
14977     781   804   782  4353
14978     367   354  4663  4918
14979      71    87    63  5187
14980    3913  3067  4459  4908
14981    1070  1196  1023  4434
14982    1291  4500  5008  5057
14983    3150  3174  5387  5404
14984     447  1115   968   924
14985    4379   161  4993  5329
14986    1980  1970  1969  4529
14987    1509  3796  3260  3246
14988     409  3666   386  5086
14989     722  4540  5056  5379
14990    4174  4140  4231  4433
14991    2103  2249  4562  4648
14992    2336  2328  4395  2348
14993    2412  2382  3577  4936
14994     589  3169  4650  4741
14995     311   800  3725  4186
14996    1698  1544  1690  4608
14997    4972  4832  4967  5264
14998    3826  3854  3485  5222
14999    3019  2959  2992  5305
15000    4302  2315  4525  4751
15001    1169  1010  2463  1093
15002    4191  4209  4283  4318
15003    1478  3173  3189  4922
15004     611  3428  1869  3457
15005    2547  4413  4927  5377
15006    3007  3543  2993  4893
15007    4157  4195  4245  4321
15008    4442  1039  4839  5281
15009    3730  3919   190  5329
15010    2382  2411  3577  5340
15011    1603  1604  1818  4756
15012    2799  2767  1994  5362
15013     447  3457   903   924
15014     833  4405   804  5006
15015     278  4505  4437  3820
15016    3220  3259  3233  5020
15017    4376  4175  4609  4937
15018    4411  2564  4413  4996
15019    1843   988  4608  5247
15020    2862  2377  3969  4535
15021    2083   724  1185  4513
15022    2825  2799  2003  5362
15023    4266  1653  4843  5222
15024    3366  4494  4762  5155
15025    1839  1823  2597  4966
15026    1182  1181  5083  1176
15027    2762  2764  2676  4678
15028    1008  2256  4227  4828
15029    2426  5119  3825  5227
15030    4302  4234  4795  5125
15031    1113   874  4664  5356
15032     936  2920  4495  4659
15033    1721  1729  5064  5189
15034    2295  2341  4646  2326
15035    4169  4225  4623  5041
15036    2343  2138  5175  2363
15037    3205  3191  4967  5278
15038    3373   566  3374  5100
15039    4509   738  4761  5299
15040    1998  2008  3492  4968
15041    2055  2039  2076  4827
15042     522   890  4286  5073
15043    3411  3427  3418  4891
15044    4149  4145  4320  4343
15045    1363   493   470  4445
15046    2697  2759  2716  5084
15047    1538  1216  4527  1580
15048    3059  3024  3023  4588
15049    1674  1633  5150  3817
15050    2048  2083  4513   724
15051      56  3992    57  4466
15052    1756  1767  2951  5064
15053    4351  1333  4754  5003
15054     882   683   883  4558
15055    3513  2619  4518  4554
15056     720  3785  4493  4516
15057    3334  3300  3318  4601
15058    1625  1624  4638  4700
15059     874   756   695  5356
15060     591   580  1665  5053
15061    3857  2404  4102  4618
15062    4303  4401  4483  5011
15063    2176  2273  4735  2247
15064    2236  2321  4389  4769
15065    3381  3245  1607  5325
15066    2472  4052  4099  5380
15067    2664  2706  4948  4987
15068    2808  3690  2779  4649
15069    2469  2468  5132  5270
15070    4136  4275  4775  5347
15071    2847  1173  4762  5155
15072    4177  4209  4482  4801
15073    1579  4170  4358  4819
15074    4307  4343  4747  5247
15075     533  3601  4044  5367
15076    4712  4515  4870  4871
15077    1360  1317  1349  4694
15078    2178  2329  1092  4175
15079    1277   928  5008  5382
15080    4523  2787  4997  5053
15081    2097  2216  2254  4924
15082     582  1151  4252  5214
15083    3170    89  4673  4741
15084    4383  2514  4863  5273
15085     968  3409  1169   995
15086    1614  4329  4768  3390
15087    1025  1036  1000  5333
15088    1555  1583  4784  4971
15089    4164  3163  4888  5290
15090    1875  1574  4698  5135
15091     422   901  4337  4590
15092    4310  4563  4884  4970
15093    2910  4831  4907  5354
15094    4027  4071  4117  5120
15095    5002  4520  5253  5287
15096    4309  4708  4781  4979
15097    2197  1744  1727  4370
15098    4235   211  4764  5260
15099    2559  2560  2539  5130
15100    2800  2785  4484  4640
15101    1533  1551  4135  4852
15102    2600  2379  2798  4397
15103    1078  1086  4683  4978
15104    1840  1823  1839  4966
15105    2258  2292  2560  5130
15106    4727  3272  4845  5385
15107    1898  2602  4624  4842
15108    2241  2347  2258  4890
15109      92   125  4621  4654
15110    2350  2338  2143  5103
15111    2583  2600  4503  4854
15112    4486  4526  4627  4950
15113     796   662  4817  5299
15114     308    24   265  4612
15115    4157  4321  4569  5383
15116    2242   837   839  4267
15117    4368  4287  4797  5045
15118    2648  2646  2647  4853
15119    1665  4243  4356  5053
15120    1725  1306  4842  5087
15121    1525  1501  1515  4922
15122    2756  4266  4341  5222
15123    1387  1344  4665  4670
15124     805   870   849  5106
15125    4362  1807  4565  4924
15126     721   697  4283  4696
15127    2192  2168  4933  2163
15128    4683  4443  4905  5014
15129     859   810   911  4186
15130    2294  2324  4279   450
15131    2951  2961  4375  5116
15132     981   972  4363  4563
15133    4143  4199  4207  4365
15134     847   861  4454  4600
15135    2174  4474  4656  4881
15136    2309  1392  1451  4804
15137    3110  3158  3135  4673
15138    2723  2562  4624  5312
15139    3648  3149  4800  4922
15140    1912  1931  1932  5233
15141    3108  3094  4299  3525
15142    4926  2143  5031  5103
15143    2558  2538  2557  4890
15144    3898  4469  3967  2438
15145      65    77  1632  4466
15146    2565  2532  4996  5388
15147    1155   790  4604  5320
15148    3855  3775  3067  4459
15149    4132  4298  4306  5036
15150     388   400  1677  5133
15151    1118  1703  4747  5247
15152    3342  1601  4368  4768
15153    5164  4826  5246  5252
15154    1728  1744  1755  3697
15155    1874  2078   590  5306
15156    2675  2674  4425  5088
15157    4180  4148  4587  5082
15158     984  1001  1027  4890
15159     367   397  4663  5157
15160    3407   447   380  1141
15161    2732  2626  2608  5088
15162    3043  3009  3008  4315
15163    1653  3405  3484  4843
15164    4359  4712  4870  4871
15165    2838  2280  4827  2824
15166    3044  3718  4732  5350
15167    4967  4803  4972  5399
15168    3204  3203  3265  4967
15169    2385  2546  4718  5306
15170    4469  4674  4869  2413
15171    3177  3192  3205  5278
15172    2889  2874  2884  5359
15173    4598  4887  5372  5379
15174     672  1277  4883  5342
15175    2185  2168  2214  2344
15176    2111  2105   185   755
15177     849  3535  4703  5339
15178    1766  1894  4644  5075
15179    1374  1360  4694  4736
15180    1667  1683  4208  5150
15181    3319  4752  4821  5230
15182    3732  3894  4061  4972
15183    1551  1566  4135  4861
15184    1744  3995  1727  4370
15185    4184  4780  4634  5036
15186    1328  2033  4513  4816
15187    4242  1512  4461  4990
15188    4315  4203  4416  4792
15189    4512  4410  4558  4590
15190    2673  2641  2605  4547
15191    3564  3654  3262  4404
15192    3167  3218  3198  4427
15193     490  4690  4984  5375
15194     245   544  3780  5107
15195    1028  1015  3888  4442
15196     485   714  4176  4818
15197    2531  4927  4996  5380
15198    2816  2725  3404  4604
15199    4829  4926  5031  5103
15200     434  5384   433  5003
15201    4436  4374  4673  5293
15202    4476  3256  4715  5062
15203    2008  1998  2007  4968
15204    1363   668   493  4445
15205    2004  2005  5202  5335
15206    4363  1001  4563  5311
15207    4377  4202  4455  4693
15208    3102  4164  3069  4560
15209    1116  2089  1033  4321
15210    2238  4338  4796  4957
15211    1935  1953  2061  4694
15212    1209  1435   469  4439
15213    1435  1430   469  4439
15214     878   705   906  4549
15215    4284  4462  5024  5058
15216    3267  3978  4858  4925
15217    2572  2624  2625  4864
15218     951  2778  2397  4619
15219    2845  1682   590  5306
15220    4566  1528  5082  5231
15221    3372  3392  3296  4956
15222    3318  3300  3958  5041
15223    4229  4160  4602  4746
15224    2508  2520  4497  5109
15225    1186  2723  4842  5312
15226    4404  4148  4784  5314
15227    1772  1963  2001  3509
15228    2667   212  1574  4509
15229    4151  4194  4207  4371
15230    2318  2350  4926  5103
15231    2561  2396  4284  5024
15232    4477  4466  4956  5100
15233    4226  4660  4679  5208
15234    4547  2717  4815  5084
15235    2066  1394  4939  5055
15236    2874  2865  2884  5360
15237     317  4274   318   305
15238    2906  2925  4189  5217
15239    4241  4158  4592  5101
15240     628   677  4783  5218
15241    1579  1696  4170  4725
15242    3412  4266  3438  4538
15243    2635  2415  4854  5393
15244    1469   573    35  5304
15245     848   805  4348  5106
15246    3372  3261  3371  4162
15247    3401  3466   989  3406
15248    4171  4140  4253  4272
15249    1017  1152  3734  4665
15250     170  1331  1335  4502
15251    4200  1448  4361  4865
15252    3226  3265  4958  4967
15253    1302  1154  1976  5383
15254    1781  1139  4288  5055
15255     557  4929   335  4865
15256    1883  3613  4911  1952
15257    1351  4198  4612  4684
15258    4282   160  4662  4867
15259    4533  4680  5193  5263
15260    3979  4023  4727  5216
15261    1801  4189  4876  5079
15262    2951  1756  5064  5223
15263     896   825  4450  4750
15264     198  2355  5214  5228
15265    4198  4406  4612  4684
15266    4421  2277  4828  5058
15267    2850   867  2502  2833
15268    2801  2844  4597  2843
15269    2406  3353  4432  3383
15270    2447  2446  2504  4970
15271    4410   846  4600  5141
15272    3245  4738  4897  5325
15273    2473  2472  4099  5380
15274     874   831  4664  5356
15275     621  2150  1230   950
15276    2924  4246  4370  5271
15277    1169  2463  2486  1093
15278    3460  2661  1676  5024
15279     549   551  1217  4761
15280    4446  5014  4862  4212
15281    1731  1758  4242  4720
15282    4559  2347  4573  4760
15283     806  3535   787  4703
15284    1217   551  3647  4761
15285    1061  1085  1050  4760
15286    1793  1792  4449  5180
15287    4136  4619  5031  5347
15288    1126  2263   228  4827
15289    2664  2706  4787  4948
15290    1115   447   903   924
15291    3116  3088  3652  4560
15292    1525  4135  4572  4686
15293    2219  2417  4720  5113
15294     855  1908   185   715
15295    2833   646  2486  2630
15296     746   745   764  5034
15297    1668  2667  2738  4698
15298    1169   995  1010  1093
15299    3409  3457   924  2797
15300    1583  1555  1575  4971
15301    1278  1332  5342  5343
15302    4236  4289  4713  5279
15303    2496  4448  4814  5165
15304    4568  4723  4778  4982
15305    4197  4371  4866  5049
15306    1991  1935  2019  4694
15307    1851  2070  4490  5077
15308    4355  3732  4972  3894
15309    3230  3238  4702  5286
15310    1472  1471  1495  4969
15311    3427  3408  3418  4891
15312     387   340  3666  5285
15313    2417  2387  4720  5113
15314    2356  4926  4793  5352
15315    3401  3466   671   762
15316    3442  1169  3409   995
15317    2838  2076  2039  4827
15318    1952  1733  3613  4891
15319    2263  2280  4487  4827
15320    2204  2122  2167  4751
15321    1528    44  5027  5231
15322    3655  3846   543  5206
15323    3499  4076  5399  5400
15324    4436  4313  4540  4914
15325    4996  2532  5191  5388
15326      15   543  5001  5206
15327     723  3401   762   102
15328    4539    67  5128  5238
15329    3207  3267  4832  4925
15330    3401   723   727   102
15331    1784  1554  4904  4971
15332    2989  2968  2967  4884
15333    1394  2066  1139  5055
15334      34  1517  1526  4956
15335    2204  2167  4565  4751
15336     736  3401   727   102
15337     885  3976   932  5120
15338      34    21    20  4956
15339    1484  1508    20  4956
15340    4621  4379  4654  4993
15341    2301  2191  2315  4751
15342    2829  3624  3795  3832
15343     674   380  1141   795
15344    2401   940  2947  4884
15345     192  3645   220  4820
15346     635   680   657  4801
15347    2900  3829  2882  4222
15348     227  3519   215  5329
15349    1484  1466  3372  4956
15350    4614   198  5214  5228
15351    1374  1360  1349  4694
15352    1361  1413  1542  4694
15353    1592  3739  4496  5070
15354    2167  2122  4259  4751
15355    3406   674  1141   795
15356    1779  1755  1754  3697
15357    3407   380   903   795
15358    1991  1953  1935  4694
15359     380  3407  1141   795
15360    2408  1710  1730  5227
15361    3409  3416  1010  3442
15362    2879  1859  2334  3751
15363    3409  3457   447   924
15364    3409   447   968   924
15365    2105  1282   755  1271
15366    1908  2111   185   755
15367    3457  3407   447   903
15368    2386  2553  3412  4538
15369     447  3407   380   903
15370    1115   447   380   903
15371    4463  4349  4488  4932
15372    2150  1230   950  2140
15373    4329  1624  4638  5199
15374    4533  4167  4900  5019
15375    1869   611  3457   616
15376    3649  4869  5054  5359
15377    2134   198  4614  5228
15378    4380  4361  4633  4952
15379    2484  2464  2239  5223
15380    2837  1898  4589  1806
15381     855  1908  3541  1837
15382    3583   573  1469  5304
15383    3413  3409   447   968
15384    1115  3413   447   968
15385    2150  2656   950  2630
15386    4232  4161  4269  5138
15387    4549   675  4750  5201
15388    4621  4132  5099  5298
15389     377   411   412  5384
15390    2732  4425  4678  5088
15391    1756  4375  5064  5223
15392     944  2979   939  4970
15393    2889  3681  4936  5359
15394    2352  1340  4785  5030
15395    3237  3584  3236  4960
15396    3457  3407   903   616
15397    4661  4845  5230  5286
15398    2567  2592  4903  5307
15399    4241  4286  4366  4704
15400    3958  4037  3318  5041
15401     676   878   906  4549
15402     603  2797  2833  2463
15403    1262  1291  5008  5057
15404    3238  3229  3272  5286
15405     650   142  5208  5272
15406     932  4794   885  5120
15407    1831  1832  1815  5121
15408     510  3846  3655  5206
15409    3437  2486  1093  2656
15410    1303  1686  1185  5322
15411    1616  1617  1604  4756
15412    1651  1675  1670  5401
15413    3452  1949  1951  3635
15414    3291  1249  4974  5325
15415    2031  2849  4636  1959
15416     646  1169  2463  2486
15417    1117  2075  2757  4675
15418     968  3409   924  1169
15419    2447  2488  2449  4970
15420     303   341  4728  5123
15421    1997  1998  1973  4968
15422     968   976  3409   995
15423    3408  3427  3451  4891
15424    1831  1815  1824  4966
15425     758  3542   731  4965
15426    1010  3416  2486  1093
15427    1955  1973  1998  4968
15428    3357  3737  4094  4969
15429     603   924  2797  1169
15430     924  3409  2797  1169
15431    4323  4585  4669  5093
15432    4326  4666  4716  5107
15433     336   310  1307  5382
15434     783   758  4965  3542
15435    2492  4542  4927  5380
15436    2833   646  2463  2486
15437    4375  2951  5064  5223
15438    4488  4199  4554  5268
15439    1756  1767  2239  5223
15440    2139  1846  2018  5135
15441    2044  1286  4671  5306
15442     149  3554   129  5144
15443    4133  4232  4269  5138
15444    4145  4281  4421  5058
15445     213  2300  2317  5241
15446    4395  2134  4614  5228
15447     748   747   786  5326
15448      28    27  1410  5291
15449    1944  1955  1984  4968
15450    1879  1889  1901  4894
15451     867  2850   646  2833
15452     621  1169   646  2486
15453     124    79    91  4784
15454    2531  2517  2492  5380
15455    1783  1793  4904  5180
15456    2394  2368  4936  5359
15457    2979   944   940  4970
15458    3416  3409  1010  2463
15459    4543  4372  4593  5380
15460    3613  1733  4129  4891
15461     188   496  4245  4657
15462    4634  3008  4893  5223
15463    2255  2277  4421  5058
15464    1404  1422  4500  5057
15465    1226  1108  1065  5203
15466    4546  2535  5165  5307
15467    1404  1281  1422  5057
15468    4307  4704  4974  5325
15469    1249  3381  1607  5325
15470    1767  1756  2951  5223
15471    2009  3492  2008  4968
15472    1812  1604  1617  4756
15473    2431  3395  1471  4969
15474    2471  2481  2472  5380
15475    2355   548  5214  5228
15476    2419  2401  2947  4970
15477    2052  1733  1952  4891
15478    4532  4515  4578  5195
15479     840   912  4843  5356
15480    4698  4817  5135  5194
15481    3071  3105  5336  5337
15482    1169   603   646  2463
15483    2797   603  1169  2463
15484    2838  1126  2076  4827
15485    3409  1010  1169  3442
15486    2150   621  2630   950
15487    3413  3409   976  3442
15488    4332  4326  4445  5138
15489     537   505  4332  5258
15490    3751  3995  1727  1701
15491    2379  3889  1475  4885
15492     482   463   514  4268
15493    1645  2094  4567  5312
15494    3505   662   796  5299
15495    3039  3124  4461  3493
15496    2838  2824  4827  5179
15497    3281  3960  4846  5118
15498    4148  4404  4944  4958
15499    3210  3584  3211  4960
15500    1817  1792  4985  5205
15501    4386  3003  4591  4884
15502    2408  2912  2922  3928
15503    3263  3643  3262  4944
15504    2782  2698  2718  4726
15505    4033  4034    58  4912
15506    4217  3037  4230  4591
15507    5117  4481  5236  5280
15508    2190  1959  4636  2313
15509    1616  1604  4638  4756
15510    2660  2717  4547  5084
15511     259  1217  4144  4817
15512    3257  3393   186  4297
15513     145   111   126  5277
15514    2370  3518   591  5053
15515     584   771  3952  4691
15516    2656  2144   950   962
15517    1093  3437  2656   962
15518    1093  2656   950   962
15519     553  4286  4532  5234
15520    2287  2319  2256  5103
15521    4701  4427  4715  5267
15522    1075   894  5083  1124
15523    4408  2800  4484  4640
15524    2407  3534   555  4462
15525    2024  2049  4513  5122
15526    4145  4284  4421  4462
15527    4439  4198  4607  4684
15528    1080  3480  4571  4911
15529    4253  4247  4352  4536
15530    4908  4686  4998  5162
15531    2481  2471  4593  5380
15532    4397  3863  4833  4885
15533    4133  4183  4228  4681
15534    4382  2454  4543  4606
15535     991   981   990  4363
15536    4826  4945  5097  5353
15537    2968  2979  4884  2989
15538    4696  4209  5295  5334
15539    4273  4419  4643  4863
15540    1804  4163  4861  1757
15541    4261  2600  4397  4885
15542      36    52  5187  5385
15543    2170  2261  3925  5168
15544    1736  2018  1934  4341
15545    1886  4134  5075  5300
15546    3564  3654  4404  4477
15547    2157  2416  2238  4957
15548     373   582  4577  5282
15549    2927  2936  4467  5374
15550     247   557  4929   335
15551    4384  4622  4975  5192
15552     576   575  5394  3380
15553     446  1643  3580  5229
15554    1807  3693  4362  4791
15555    4426   472  4682  5382
15556    4486  2391  4950  5038
15557     187   469  1430  4439
15558    1162  1197  1198  4615
15559    4410  4165  4519  5141
15560    4324  4320  4631  4737
15561    3265  3297  4958  3264
15562    1449   519   453  4952
15563     776  4871  5102  5266
15564    1388   267  1254  4633
15565     578  5091   577   599
15566    2666  2327  4185  1965
15567    3190  5403  3223  3224
15568     313  2355   548  5214
15569    3458  3462  3448  5060
15570    2866  2875  4658  4936
15571    3014  3002  4627  5319
15572    4368  4329  4628  4768
15573    1911  3623  4488  5268
15574    3394  3136  4452  4762
15575    1756  2464  4375  5223
15576      64    63  5104  5187
15577     591  4233  4356  4564
15578    4279  2294  4439  4735
15579    4174  4206  4557  4910
15580    3802  4431  4452  4762
15581    1665  2842  4243  4833
15582     680  3589   708  4470
15583    2617  2651  4004  4197
15584     688   706  1058  4226
15585    1106  2728  2742  4446
15586    4212  4220  4446  4576
15587     148   177  5144  5316
15588     400   370   318  5133
15589    4284  4282  4743  4867
15590    2370   591  1862  5053
15591    4323  2081  4850  5093
15592    4361  4251  4380  4633
15593    2122  2315  4302  4751
15594    2312  3753  3538  4767
15595     522   641  5073  5181
15596    2688  2732  2676  5088
15597    2631  2139  2756  4266
15598    3324  3896    31  5216
15599    3847  3744  4475  4642
15600    3932  5045  5068  5151
15601    4903  2593  4919  5235
15602    4631  4155  4818  5201
15603    3973  3998  3361  4317
15604    1384  1329  2073  4534
15605    4484  4221  4597  4955
15606    3412  2553  2629  4538
15607    2332  2198  4499  5219
15608    3303  3302  3675  4821
15609    1982  3537  4688  5335
15610    4610  2883  4618  4869
15611    2513  2447  4839  2488
15612    1700  1563  4483  4995
15613     849   870   862  5106
15614    1349  1198  1094  4615
15615    4178  2103  4414  4562
15616    4463  4199  4488  5268
15617    1926  3364  3388  4463
15618    1090  1070  1827  4434
15619    4304  4267  4308  5021
15620     591  1665  4356  5053
15621    2659  2742  2713  2672
15622    2654  2681  1881  4554
15623    4812  4528  5167  5367
15624     188  1220  3816  4245
15625    4523  4259  4997  5136
15626    1317  1361  4615  4694
15627    2669  2778  4619  4844
15628    4108  4908  4998  5162
15629     418  1643  4995  5365
15630    2961  2950  4211  4375
15631    3247  3306  4510  3184
15632    4554  2680  4943  5049
15633    4335  4184  4634  5328
15634     454   396   394  4849
15635    4830  4306  5023  5036
15636     224   167   323  4748
15637    2737  2778   951  4619
15638    4252  4154  4260  5282
15639    1110  1106  1088  4446
15640    3078  3121  3157  4440
15641    2895  2877  4973  5127
15642    1225  1362  4981  5207
15643    1177  4178  4862  4905
15644    3088  3069  3652  4560
15645    2791  2743  4264  5324
15646    2952  2896  4403  4841
15647    4219  4272  4384  4394
15648    2341  2342  2308  4646
15649     321   307   320  4746
15650    4039  3958  5028  5041
15651     418  1643  1586  4995
15652    3036  4072  4093  5373
15653    3207  3177  3227  5278
15654    2616  2615  2651  4866
15655    3498  2681  4488  4554
15656    2363  2343  2342  4223
15657    3133  3156  4613  4917
15658    3718  3593  5146  5296
15659    3267  3978  3268  4858
15660    3277  3245  3147  4738
15661    1036  1067  1068  4412
15662    4055  4052  4104  5363
15663      63    87  5104  5187
15664    4418  4726  4815  5048
15665    2741  2776  4190  4258
15666    4559  4443  4683  4776
15667    1539  1572  4501  3248
15668    4476  4427  4482  5091
15669    2381   948  4831  5127
15670    4172  4225  4697  5041
15671     503   526   504  5039
15672    2113  2285  4790  4877
15673    4519   899  5141  5276
15674    3481  3431  4157  4569
15675    2738  2631  4538  4698
15676    1438  3489  1612  5322
15677    3168   960  4650  4773
15678    1677  1638   388  5133
15679    2694  2633  5250  5393
15680    1164  1177  4862  4905
15681    1889  1901  4894  4975
15682    1830  4001  1838  5131
15683    4695  4703  5164  5339
15684    2642  2641  2660  4547
15685     309   464  4056  5323
15686     184   183  4283  4744
15687    2422  2433  2410  4354
15688     702   693   732  4367
15689    1011  3693  1807  4791
15690    1860  2215  3600  4651
15691    4436  4673  5046  5226
15692    4142  4210  4236  4931
15693    4039  4045  3744  4475
15694    1981  2753  2805  4632
15695    1980  1994  4529  5362
15696    1309  1233   118  4986
15697    3351  3757   568  5390
15698    2783  2822  4899  5072
15699     405   859   911  4186
15700    2033  2024  2049  4513
15701    4130  4091  5219  5347
15702    4161  4387  4520  5138
15703     629  4512  4586  4590
15704    2994  3008  4893  5305
15705     182  4361  4865  4929
15706    1382   392  1267  4195
15707    2187  2138  4581  5175
15708    1638  1646   388  5133
15709     835   632   620  4266
15710    3489  1119  4057  5322
15711    2685  2552  2741  5222
15712      52  5143  5187  5385
15713    1591   105  4458  4496
15714    2370  2787  1903  5053
15715     377   370   400  5133
15716    4580  4487  4672  4811
15717    4175  2254  4924  4937
15718    3611  3706  3876  4316
15719     748  4703  4806  5106
15720    2668  3359   260  5310
15721     802   826   803  5006
15722    1957  1381  4263  1418
15723    4168  4448  4789  4903
15724    4493  4155  4750  5201
15725     810   859  1013  4186
15726     181   346  4620  4722
15727    2580  2787  1768  4997
15728    2776  3826  3485  5222
15729    4208  3325  4510  4740
15730    4530  2537  2075  4611
15731    2067  1326  5093  1285
15732    4243  4233  4356  5053
15733    1001   996  1027  4890
15734    1660  1670  4294  4799
15735     940   945  2947  4970
15736    3008  2994  4893  5223
15737    4839  4424  5130  5346
15738     863   929  4218  4317
15739    1925  1924  4868  4902
15740    2340  2362  4735  4745
15741    1861  2619  2654  4554
15742    4261  4234  4397  4854
15743     442   466  4781  5309
15744    3252  3280  4925  4958
15745    3111  3145  4679  5046
15746     561   904   404  4516
15747    2520  4382  4497  5109
15748    2067  2081  4323  5093
15749    4251  4200  4350  4361
15750    2191  2182  4525  2337
15751    4159  4419  4485  5259
15752     450   469   187  4439
15753     929  4578  4193  4783
15754    1474  3378  1672  4807
15755     923   899   898  5276
15756    4942  4308  5021  5052
15757    4293  4166  4343  4608
15758    3020  3087  5159  5348
15759    1535  4303  4483  5011
15760    1859  2225  4370  4541
15761    3084  3031  4459  5066
15762     161   144  4379  4993
15763    4139  4469  4674  5054
15764    4269  4348  4558  4586
15765     378   343    19  4633
15766    4432  1600  4453  4501
15767    2685  2741  1653  5222
15768    2723  4624  4842  5312
15769    1868  1876  1493  5135
15770    1303   229  1438  5322
15771    4724  4322  5095  5176
15772    4100  4370  5189  5271
15773    2121  2234  4468  4945
15774    2775  2636  2444  4791
15775     402  3828   897  5276
15776    1055  1083  4373  4571
15777    4158  4207  4296  4453
15778    2223  2317  3614  4899
15779    2994  3008  4203  5223
15780    4192   397  4676  4918
15781    2819  2124  4289  2205
15782     880   852  3706  4316
15783    3140  4164  4381  4732
15784    1878  1798  4376  4937
15785     517  3809   293  5052
15786     672  4883  5115  5342
15787    2679  2653  2652  5049
15788     450  2294   425  4439
15789    2728  1106  1110  4446
15790    4272  4238  4898  5173
15791    2514  2506  1006  5132
15792    1291  1307   928  5382
15793    3236  3210  3165  5124
15794    3363  1932  4291  4851
15795    4531  1815  4895  4966
15796    4478  4249  4682  5382
15797    2819  2849  4636  4755
15798    1824  1815  4531  4966
15799    1606  1622  1599  4491
15800    1288  1843  1140  4293
15801    2953  2943  5038  5319
15802    4363   996  4890  5092
15803    4256  4901  5169  5371
15804    3591   354  4399  5149
15805    2330  2332  2153  4275
15806    1425  1424  3617  4552
15807     438  1289  4406  4682
15808    4307  4343  4434  4747
15809    2244  2179  2267  5289
15810     182  1448    93  4865
15811    1339  1301  4892  5158
15812    4270  4977  5000  5274
15813     835   891  4266  4341
15814    2117  2174  4656  4881
15815    2743  2790  4264  2730
15816    4475  4381  4642  5074
15817    2332  1922  1270  4793
15818    1303  1438  1686  5322
15819     830   757  4218  4316
15820    2030  2017  4626  4721
15821    4164  3057  4560  5146
15822    4528  4532  5234  5367
15823    2124  2819  4289  2820
15824    4406  4181  4682  4984
15825    1612  1639  1686  5322
15826    3196  3182  4715  3197
15827    4660  4540  4774  5164
15828    2060  1260  2030  4239
15829    4287  4151  4498  4689
15830     909   887  1098  4889
15831    2522  2511  4438  4792
15832    3441  1098  3478  4604
15833    2230  2206  4877   230
15834    4296  4224  4359  4528
15835    2825  2041  2840  4729
15836    2186  4213  4389  4769
15837    4268   422   421  4337
15838    4801  4364  4921  5004
15839    4226  1026  4363  4412
15840    1316  1344  4670  5111
15841    2714  2729  4142  4579
15842    2382  2394  4936  2412
15843    2638  2686  4579  2714
15844     434   412  5384   389
15845    3000  3001  4457  4588
15846    2020  4584  4827  5105
15847    4242  4135  4800  5292
15848     929   757   863  4218
15849    4145  4276  4281  5058
15850    2812  2005  1982  5335
15851    2392  2364  2335  5127
15852    2711  2383  4731  4844
15853    3801   787  4703  5164
15854    4177  4650  5004  5035
15855    4025  3914  4242  4461
15856    2417  2428  2409  5113
15857    4354  4506  4606  4973
15858    3547  4094  4120  5118
15859    2673  2697  2660  5084
15860    4278  4732  4915  5350
15861    4251  4244  4607  5138
15862    2564  3819  2547  4413
15863    1594  1593  1826  5151
15864    3596  3061  4230  5040
15865    4352  4272  4853  5173
15866    3560  4674  4936  5359
15867    2639  2638  4579  5377
15868    2703  2704  3676  4645
15869    1677   400   318  5133
15870    2741  2552  2776  5222
15871    2685  1653  2629  5222
15872    1666   203  4379  4677
15873    4459  3099  4511  4583
15874    2962  2963  2929  4874
15875    4636  4240  4713  4755
15876    3545  2131  4565  4924
15877    1536  1559  4697  1558
15878     851   842  4183  5139
15879    2283  2275  5274  2098
15880     640  3769  5140  5228
15881    2036  4321  5061  5114
15882     327  1432  4373  4736
15883    1575  1555  1554  5018
15884    2368  2367  2374  4936
15885    1392  2309  3508  4804
15886    2884  3649  4869  5360
15887    2632   828  4509  5262
15888    2756  3826  2552  5222
15889    4324  4758  4981  5207
15890      31   598  4476  5170
15891     992  2450  2449  4485
15892    4195  4282  4662  5061
15893    1956  4284  4462  5024
15894    1344  1410  5291  3576
15895    4374  4364  4650  5004
15896     455   501  4676  4781
15897    2697  2758  4649  5084
15898    1183  4862  4562  1184
15899    3191  4355  4972  5264
15900    4152  5008  5057  5161
15901     265    24   291  4612
15902     575  3885   574  4456
15903    4880  4429  5373  5396
15904    1867   547  1930  4626
15905    2370  1768  4997  5053
15906    1851  1118  4490  5247
15907     111  1557  5099  5134
15908    4221  4243  4484  4597
15909    1104  4022  1086  4978
15910    2602  4589  4624  4731
15911    1939  2309  2343  4804
15912    2569  2556  2545  4966
15913    2747  2705  4090  4645
15914    1178  3458  3439  5060
15915     440   517   293  5052
15916    2641  4411  4547  4864
15917     698   663   678  3497
15918    1813  1830  4719  5131
15919    1795  1580  1538  5323
15920    3869  4842  5283  5312
15921    4530  1157  4669  5093
15922    1582  1359  4195  4245
15923    4216  4253  4396  4460
15924    4317  4492  4906  5021
15925    2270  2327  4651  2161
15926    3594  4100  5189  5271
15927    3190  3834  4188  4964
15928     940   944   945  4970
15929    2559  2258  2560  5130
15930    3623  1912  3886  4488
15931    2607  2641  2642  4864
15932    2552  3826  2776  5222
15933    4228  4183  4865  5108
15934    2878   947  4831  5354
15935     877  3782   926  5052
15936     731  3542   766  4965
15937    2419  2947  2448  4970
15938    3369  1601  3342  4768
15939     623   268   613  5096
15940     782   804   793  4965
15941     513  4268  4444  4652
15942    3210  4517  4960  5188
15943    4608  1567  5150  5182
15944    4028  4066  4583  3918
15945    1997  2007  1998  4968
15946     765   782   758  4965
15947    1349  1317  4615  4694
15948    3756   900  4578  5195
15949    4310  4313  4386  4563
15950     996  1001   982  4363
15951    3903  3888  4442  4772
15952    2631  2738  4266  4698
15953    4229  4161  4520  5253
15954    4406  1289  4478  4682
15955    2588  2605  2606  4777
15956     737    42   200  4774
15957     946  4495  4605  5354
15958     115  1564  1623  4304
15959    1390  1191  5246  5339
15960    4561  4764  5172  5260
15961    3134  3108  4613  3667
15962      29   314  1355  5080
15963     625   618  4838  5091
15964    4152  4249  4426  4870
15965    4480  4704  4738  5325
15966    1454  3161  3113  4800
15967    4859  4690  5007  5086
15968    1889  1850  4975  5131
15969    3229  4960  5176  5286
15970    3450  3420   998  4889
15971    4418  4497  4546  4710
15972    3238  3719  4727  5390
15973     243   233  4423  4677
15974    4448  4311  4546  4903
15975    1432  3799  4373  4736
15976     439  1664  4631  4818
15977    4251  4228  4380  4437
15978     534   531  4359  4528
15979    2465  2478  4163  4930
15980    4498  5013  5094  5121
15981    4163  4211  5204  5223
15982     986   985  1003  4913
15983    4703   849   806  3535
15984    3258  4554  4932  5020
15985    2914  2907  2982  4300
15986    4273  4863  5132  5273
15987    2424  2411  4606  5340
15988    1829  1849  4448  5165
15989    2394  3711  2269  4869
15990     996  1001  4363  4890
15991    1645  4567  4844  5312
15992    4094  3356  4969  5118
15993    2910  2892  4831  5354
15994    1850  1889  1858  5131
15995    1038   550  3548  4974
15996    2754  1981  2812  5202
15997    4249  4359  4426  4870
15998    4255  4739  4767  5289
15999    1381  5313  1957  4263
16000     814   793   804  4965
16001     793   814   794  4965
16002    1186   166  2723  5312
16003    2339  2098  5000  5212
16004     766   759   731  4965
16005     517   440   877  5052
16006    1556  1549  4816  5322
16007    2196  1852  2132  5321
16008    2564  2531  4413  4996
16009    4170  4303  4334  4483
16010    1744  3697  4246  4370
16011    1852  2327  2132  5321
16012     698   678   140  3497
16013    1997  2045  4323  4688
16014    4290  4139  4300  4448
16015    4516  4155  4986  5178
16016    1991  3989  4615  5016
16017    3090  3089  4961  5071
16018    4521  1928  4790  5279
16019    3163  4164  4888  5074
16020    1618  1666  4379  4441
16021    1085  3661  1104  4978
16022    4402  4199  4671  4688
16023    2905  1721  2911  5116
16024    2580  2636  2775  4791
16025    2836  2793  5237  2794
16026    4132  4481  4993  5129
16027    1188  3461  4305  4604
16028    3363  1926  4851  3364
16029    4705  4639  4790  5321
16030     285   274  4423  5149
16031     506  1436   453  4952
16032    4385  4143  4537  4717
16033    2915  3569  4610  5054
16034    4547  4411  4815  4864
16035    3169   960  4650  3168
16036    3201  3328  3938  4480
16037    4398  4223  4646  4804
16038    4143  4205  4291  4312
16039    2825  2041  4729  5362
16040    2743  2715  2758  2731
16041    3439  1178  5060  5114
16042    4282  4157  5060  5114
16043    4403  4495  4659  4907
16044    1623  1527   116  4304
16045    1031  3353  3383  5059
16046    4347  4201  5129  5284
16047    4310  4147  4436  4464
16048    1545  1628  1540  5357
16049    4037  3318  5041  5349
16050     383   407   384  4714
16051    2087  4983  5110  5357
16052    1175  1136  4292  4776
16053    1191  1180  1156  4776
16054    2424  4886  5340  5381
16055    2762  2763  4678  5179
16056    4689  4287  5045  5163
16057    4726  2781  5072  5237
16058     416   476   426  4508
16059    2697  2717  5084  2716
16060    3330  4494  3582  5183
16061    3108  3133  4613  4917
16062     842  3740   516  5139
16063    2697  2808  4649  2758
16064     307  4328  4746  4788
16065     141   483   234  4699
16066      22  1224  3799  4373
16067     171  1617  1616  4441
16068    4213  4391  4639  4651
16069    1403  1419  1311  5096
16070      56  4466  4956  5012
16071    4263  4195  4662  5061
16072    2914  4300  4610  5171
16073     569   586   577  5062
16074    4633   473  4745  5318
16075    4354  2895  4831  4907
16076     782   765  4353  4965
16077    2545  2501  4531  4861
16078    1331  1335  4502  4991
16079    4570  2793  4815  5237
16080    1430  3786  1331  4991
16081    1018   994   999  4571
16082    4655  4417  4728  4810
16083     410  1420  4607  5318
16084     852  3306  3706  4316
16085    4358  4334  4655  5007
16086    2087  2015  4983  5357
16087    2732  2762  4678  2744
16088    4334  4387  4417  4655
16089    4229  4170  4746  4901
16090    4440  3121  4773  5267
16091    2725  2816  4305  4604
16092     146  1590  1585  5284
16093    2347  2296  4573  4946
16094    4164  3140  4381  5074
16095    1539  3288  3248  4432
16096    2464  2501  5204  5223
16097    2460  2405  4504  5017
16098    4191  4161  4269  5280
16099    4236  4240  4264  4713
16100    3109  4217  4734  4741
16101     883  4348  4558  5106
16102    1605  1617   171  4441
16103    2504  2487  4839  5311
16104    4467  4388  5331  4674
16105    2457  2438  4237  4603
16106     991   982   981  4363
16107    4276  4284  4867  5358
16108    4483  4401  4995  5011
16109    4167  4526  4802  4909
16110     796  3793  3763  4144
16111    1528  1558  4697  5231
16112    4395  3588  5030  5158
16113    1653  3472  3420  3752
16114    3149  3733  4800  4922
16115    4806   805   748  5106
16116    2294   425  4735  4745
16117    4690   478  4859  5032
16118    3157  3143  4440  4773
16119    4423  4599  4677  5332
16120    1530  1520  4153  4169
16121     686   825  4450  4493
16122     829   813  3514  4317
16123    1314   325  3816  4245
16124    1981  2754  4632  5202
16125    2084  1418  1957  4263
16126     293  4267  4304  5052
16127    4564  4433  4938  4997
16128    2399  2390  2389  3615
16129     777   925  3867  4590
16130    1956  2561  4284  5024
16131    1057  1142  1066  4665
16132    2390  2380  2389  3615
16133    4157  4195  4321  5114
16134    4195  4282  5061  5114
16135    3639  3954  4544  5118
16136     651   669  4226  4679
16137    1384   807  4537  4980
16138    1135  1841  4325  4747
16139    4205  4199  4323  4215
16140    2473  4382  4543  5177
16141    2942  2930  3968  4319
16142    3891  3925  3825  5119
16143    1805  2036  5061  5114
16144    2399  3029  2390  3615
16145    4897  4704  4976  5232
16146    3207  4832  4940  5278
16147    3254   559  5216  5390
16148    4780  4344  4893  5348
16149    4676   397  4708  5157
16150    1789  1788  1799  4594
16151    2645  1966  4584  4919
16152    2021  2041  2003  4529
16153    1036  1026  4226  4412
16154     544    54  3845  4332
16155    1629  1522  3920  4778
16156    4394  4174  4474  4561
16157    1513  1760  1532  4242
16158    2532  2566  4497  2565
16159     827   816   784  4348
16160    1164  1177  4905  5014
16161    4826  4695  5164  5246
16162    3394  3136  2406  4452
16163      66    46  1520  4169
16164    2369  2864  2865  2873
16165    1149  3712  5014  5166
16166    4638  4756  5163  5199
16167    5219  4275  5347  5395
16168    3269  3228  5147  5297
16169    1618   172   143  4654
16170    3984  4014  4101  4574
16171    4803  4306  4832  4972
16172    4371  2679  4447  4787
16173    4446  4862  5166  5210
16174    4321  4157  5114  5383
16175    4071  4118  4512  5120
16176    3233  2598  4518  5121
16177    4232  4133  4251  5138
16178    3627  4067  4407  5145
16179    4261  4234  4653  4885
16180     940  2947  4884  4970
16181    4603  2495  4814  5165
16182    4513  4312  4816  5122
16183    1546  2001  4657  5029
16184    3296  3643  3251  4162
16185    4313   972  4363  5333
16186    1216  1299  3677  4527
16187    4999  4812  5167  5367
16188    4157  2171  4195  4282
16189     436   463   421  4268
16190      76   544   245  5107
16191     120   148  4744  5316
16192     353   282   329  4836
16193    2091   547  1867  4626
16194    4182  4223  4251  4255
16195    4203  2522  4416  4792
16196    4148  4306  4449  5298
16197    2934  2925  4246  4711
16198    4199  4488  4554  4932
16199    1388  4380  4699  5318
16200    4441  2777  4847  5199
16201    3881  3634  3975  4962
16202    3799  3810    22  4373
16203    4333  1685  4501  5101
16204    4413  4777  5043  5377
16205    3075  3076  4087  5220
16206     310  4426  5115  5382
16207     157   133   704  5256
16208    4221  4371  4447  4787
16209    1439   229  1303  4385
16210      93   182  4865  4929
16211    1814  4300  4719  5079
16212    3122  3081  3095  4673
16213    1452  2694  2658  4941
16214    3264  3572  3297  4944
16215     525  3887  4568  5032
16216    2767  4238  4898  5362
16217    4220  4383  4777  5043
16218    4212  4210  4220  4419
16219    1463  1464  1456  4805
16220    4270  4138  4418  4580
16221     729   699  4696  5034
16222    4755  2818  4862  5210
16223    4132  4355  4888  5298
16224    2535  2551  5307  2534
16225     894  4443  1194  1182
16226    4332  4445  5085  5138
16227    3668   292  5039   526
16228    4176  4631  4818  5201
16229     283   231   249  4959
16230    4171  4216  4417  4481
16231    4887  3906   709  5379
16232    1601  1602  3943  4797
16233    1910  1925  4902  1924
16234    3238  3272  4727  5286
16235    4145  4149  4589  5087
16236    4299  4086  4400  5263
16237    3080  3109  3063  4217
16238    4668  4417  4993  5329
16239    2973  2927  4467  5374
16240    2593  1919  2567  5248
16241    2050  2034  2014  5077
16242    1752  1930  4626  5089
16243     378   473  4633  5318
16244    4318  4209  5334  5369
16245    2033  2024  4513  4816
16246    2198  2330  3812  5219
16247    1162  1129  1197  3982
16248    1223   291  1324  4406
16249    4371  4518  4943  5049
16250    4529  1994  4898  5362
16251    2074   987  3433  3692
16252    1602  1601  4368  4797
16253    2220  1758  2129  4720
16254    2256  4227  5103  5352
16255     699   700  4470  4856
16256    3857  2376  5042  5254
16257    4159  4931  5019  5389
16258    3253  4475  4642  5297
16259    3270  3253  4642  5297
16260    4806  4848  5326  5379
16261     541   361  5312  1125
16262    4224  4795  4870  5125
16263     953   981   982  4563
16264    1586   418  4995  5007
16265    2878   943   947   937
16266    1451   343  2308  4398
16267    1977  1992  1272  4615
16268    4290  2915  4610  5054
16269    2375  2369  2865  2873
16270    4616  3800  4692  4729
16271    4442  1028  4863  4954
16272    4014  4054  4101  4574
16273    1938  4853  5192  5173
16274    1631  3307  3290  4976
16275    4796  2166  4879  5240
16276    3603  3640    50  5345
16277     956   955   975  4989
16278    3753  2297  5175  5289
16279    2368  2269  2865  2868
16280    4286  4515  4532  4870
16281    2367  2868  2866  2875
16282    2337  2254  1798  4937
16283    2839  2237  4275  5347
16284    4520  4723  5011  5301
16285    4435  4227  4823  4870
16286    2874  2865  2873  2884
16287    4403  4167  4495  4907
16288    3115  3949  4908  4110
16289     359   198  2355  5214
16290    4582  4250  4665  4670
16291     544  3845  4059  4716
16292    2636  3553  4620  4938
16293    2874  2875  4936  2894
16294     369   304   341  4358
16295    4777  4579  5043  5377
16296     563  3350  3380  4314
16297      44  1510    35  5027
16298    3333  3297  4477  4587
16299    4589  1898  4624  4842
16300    1487   580   591  3518
16301      82  1560  3865  4623
16302    2676  2700  2688  4678
16303    4570  4270  4790  4877
16304    4597  4243  4640  4833
16305     710   675  4549  5201
16306     531   776  4871  5195
16307    1603  1596  4797  5205
16308    4507  4291  4851  4968
16309    2036  1805  3735  5114
16310    2374  2366  2373  2382
16311    4509  1574  4698  5299
16312    2366  2374  4936  2382
16313    2337  4609  4751  4937
16314     590  2845  4254  4553
16315    3288  4432  4452  4896
16316    2179  2154  5289  4011
16317    1229   711  4226  4412
16318    3387  2466  3388  4431
16319    4606  2411  4658  5340
16320    2163  2293  4878  4957
16321    3099  3931  4015  4583
16322    1229   711   194  4660
16323    4883  4647  5342  5343
16324    1981  2805  4254  4632
16325     802  3678   764  5006
16326    2548  2508  4497  2549
16327    4342  4714  4949  5044
16328      96    97  4458  4496
16329      46  1472  4153  4807
16330    4162  3643  4479  4904
16331    4299  3108  4613  4917
16332    4540  4277  4848  5164
16333    4554  4518  4932  5020
16334    4446  4772  4954  5166
16335    2366  2373  2382  4658
16336    4418  4311  4546  4931
16337    2963  2962  2929  2941
16338     506   267    19  4633
16339    3300  3964  4248  4601
16340    3575  3764  3738  4935
16341    1079  5166  4446  1087
16342    2482  2520  2508  2475
16343    2208  2271  2151  4206
16344    2871  2863  4535  5022
16345    1542  1361  4694  5076
16346    5082    80  5314  5327
16347    1509  1091  3260  4911
16348     158   669   142  5208
16349    2149  3693  4235  4779
16350    2926  2982  4300  5079
16351    1502  1685  1497  5065
16352    1644  1521  5011  5365
16353    4281  4320  4450  4582
16354    4178  4212  4862  5014
16355    4062  3522  4086  4680
16356    3631  3039  4720  5113
16357     220  4328  4820  5371
16358    4149  4145  4343  4434
16359     194   200    42  4774
16360     656   790  1431  5320
16361    1031  3199  5059   186
16362    4594  1809  4876  5197
16363    1937  2037  1264  4840
16364    4588  4693  5019  5336
16365    4521  4236  4790  4815
16366    4483  3926  4995  4819
16367    3766  4067  4115  4407
16368    4391  4639  4651  5321
16369    2790  2819  4713  4755
16370    2484  2500  2525  4551
16371    1827  1929  1356  5087
16372    3379  3349  3348  5148
16373    2744  2732  4425  4678
16374    3396  1470  3395  4969
16375    3562  4010   376  5285
16376     654   655  4843  4889
16377    4341  1795  4644  5323
16378    2825  2826  2799  4238
16379    4592  4158  5065  5101
16380     948   943  4831  5127
16381     133   151  4914  5256
16382    2060  1867  4239  4626
16383    4146  1452  4611  4675
16384    3223  3643  3263  5403
16385    1909  1872  1900  4168
16386    3575  3894  3764  4545
16387    3257   241   249  5310
16388    4372  4411  4413  4996
16389    1740  1746  1734  5404
16390    2361  2164  4279  4376
16391    4308  4317  4369  4906
16392    4407  4400  4588  5071
16393    1025   651   688  4226
16394    4191  4265  5280  5389
16395    4567  4624  4844  5312
16396     252   227  4473  4668
16397    3515  5177  5363  5388
16398    4674  4388  4886  5152
16399    3339   499  3277  5265
16400     256   221   236  4328
16401    4169    47  4807  5128
16402    3299  3268  4858  5349
16403    3270  3985  3486  4642
16404    4472  4605  4913  5259
16405    3302  3303  3806  4821
16406    3472  4258  4190  4889
16407    4134  2147  2152  5025
16408    1750  1749  1765  4162
16409     362  1373   110  3578
16410     527   513  4444  4652
16411    4318  4687  4744  4825
16412     800   311   859  4186
16413    3344  3371  3261  4162
16414    4418  4497  4710  4864
16415    1137  4022  1104  4978
16416    2578  4630  4808  5211
16417    4343  4393  4733  5247
16418    3832  3624  4134  5075
16419    2658  2259  2175  5250
16420    3352  3382  3244  5332
16421    4180  3280  4587  4958
16422    3177  3252  5278  3205
16423    3665  3850  4887  5326
16424     273   299   300  4959
16425    1875  4761  4817  5299
16426    4207  4262  4430  4707
16427    1991  4615  4694  5016
16428    1888  1849  4975  5131
16429    2143  2839  4926  5031
16430    4749  4813  5069  5376
16431    2927  2983  5374  2973
16432    2511  4438  4792  5079
16433    3980  4088  5221  5300
16434    4839  4310  4970  5130
16435    1016  2468  1003  4863
16436    1997  1973  4291  4968
16437     591  1665  1960  4356
16438    4151  3294  5094  5302
16439     425  4607  4735  4745
16440    2609  2592  3595  5235
16441    1899  4789  1900  1887
16442    2381  5184   966  2422
16443    2875  2876  4658  2890
16444    2393  2365  4973  4658
16445    2795  2838  4827  5179
16446    1160  3459  4204  4451
16447    2133  2208  4550  4910
16448    2425  2413  4886  5152
16449    3977  4631  4855  5207
16450    2918  3656  2938  4872
16451     315   761  4754  5287
16452     984  2503  2467  5311
16453    1858  4001  5131  5211
16454    1358   967  4288  4763
16455    4660  4313  4679  4914
16456    1084  1043  4468  2115
16457    2139  2018  1795  4341
16458    1858  1889  4975  5131
16459    3736   581  4477  4912
16460    2112  2167  4259  5136
16461    2534  2535  4546  5307
16462     144   173   161  4379
16463    2330  2237  4130  5219
16464    3199  1031  5059  3579
16465    4148  4404  4449  4803
16466    4142  4264  4547  4815
16467    4639  2169  4705  4881
16468     973   984  2467  5311
16469    1403  1311  5025  5096
16470    3174  3151  3150  5387
16471    3259  3249  4932  5020
16472     890   852  4316  4596
16473    3305  3287  3275  3760
16474    1656  1080  1836  3872
16475    4204  4321  4657  5225
16476    3984  4680  3842  3972
16477     688  1036  4226  4412
16478    1329  1797   969  4834
16479    4786  4846  5027  5231
16480    3359  4297  4432  5310
16481    4309  4192  4399  4810
16482    3548   550  4307  4974
16483    1813  1801  4300  5079
16484     512    54  4332  5039
16485    4140  4161  4417  5280
16486    1304  3548  4307  4974
16487    3321  3283  4845  3284
16488    4140  4161  4265  4931
16489    4555  4642  5124  5317
16490    2690  2720  4787  5308
16491    2393  2392  4973  2372
16492     760   747  4887  5355
16493    4307  4293  4343  4974
16494     761   670  5085  5287
16495    3472  3420  4258  4889
16496    4479  4188  5249  5403
16497    3985  3486  4642  5317
16498    3881  3099  4015  4583
16499    2785  2769  4484  4640
16500    1361  1317  4615  5076
16501    4323  1997  4688  4968
16502     232   242   214  5332
16503    2649  2582  4987  2613
16504     858   826  4405  5006
16505    3192  3152  3191  4355
16506    4515  4532  4871  5126
16507    4401   418  4995  5229
16508    3271  3300  4248  5028
16509     378  1300  1400  5318
16510     159   876   933  5010
16511    4182  4251  4398  4607
16512    3800  2854  4692  4729
16513    4690  4387  4984  5032
16514    4466    57  4956  5100
16515    1292  1391  1333  5003
16516    3149  3161  3883  4800
16517     948   966  5184   957
16518    4806  4887  5326  5355
16519     942   936  2921  2920
16520     105    96  4458  4496
16521    1006  2468  4863  5132
16522    3799  3810  4373  4736
16523    4269  4209  4367  4856
16524    2178  2232  2271  4206
16525     333   371  4274  5133
16526    4760  4442  4772  5346
16527     986   965  4989   993
16528      11  1413  4694  3727
16529    4421  4281  4435  4647
16530    1638  1677  4483  5133
16531    2042  1405  1340  5030
16532    2663  2648  3676  4536
16533    4179  4191  4283  4328
16534    4223  4185  4389  4581
16535     880   890  4316  4596
16536     488  3953   467  5309
16537     858  3840  4405  4519
16538    1008  1065  4647  4813
16539     527   513   481  4444
16540    4338  4178  4414  5140
16541    4372  4340  4543  4210
16542    4390  4310  4591  4884
16543    4170  4256  4328  4901
16544    2686  2696  2640  2605
16545    1098   998  3478  4604
16546    1432  1374  3799  4736
16547    1089  1088  1106  2672
16548    3216  3197  3215  4715
16549    2982  2995  4173  4422
16550    1233   605   118  4516
16551    4377  4202  4693  5389
16552    4573  4559  4776  4798
16553    4194  4447  4553  4597
16554    1373  1256  1399  4670
16555    2674  2644  2643  5048
16556     629   869  4586   882
16557    4305  4190  4392  5025
16558    2689  1938  2768  5173
16559    4219  4238  4272  4433
16560     861   902  4586  4600
16561    4359  4158  4532  4870
16562    4137  4226  4363  4412
16563     581    30  5304  5327
16564    1469  4544  5027  5231
16565    5106   806   748  4703
16566    3238  3272  3283  4845
16567    3359  2668  2620  4297
16568    3291  3202  4293  4974
16569    4310  4159  4424  4485
16570    2908  2927  4467  4824
16571     345   814  4600   860
16572    4787  4447  5156  5308
16573    1557  1558  4566  5134
16574    3808  2547  5043  5377
16575    1851  3905  1987  5110
16576    4158  4224  4795  4870
16577    3158  3170  4673  4741
16578    4915  3056  5159  3043
16579    4802  4457  4874  4900
16580    4174  4140  4182  4279
16581    1122    45  1038  4974
16582      31    38  5170  5294
16583    3351  3284  4845  5390
16584     894  5083  4443  1182
16585    4160  4161  4191  4256
16586    3356  3547  3316  4544
16587    1098   998  4604  4889
16588     309  1299   357  4527
16589    3244  3382   232  5332
16590     303   332   341  5123
16591     882   848  3791  4586
16592    2139  2018  4341  5135
16593    2279   213  3742  4977
16594     200   157  4540  5208
16595    1736  1934  1580  5135
16596    3569  3649  4610  4869
16597       1   549   248  3755
16598    3760   564  3256  5062
16599    2587  2563  5043  3808
16600    2910  2904  2892  4659
16601    4263  4743  4835  5061
16602    2106  2354  2224  4581
16603    3303  3675  3806  4821
16604    4322  4377  5095  5143
16605    2162  4695  4826  5246
16606    4285  4277  4695  4703
16607     242   233   214  5332
16608    4693  4517  5019  5336
16609    4248  3300  4601  5041
16610    3751  3995  1701  2879
16611    1323  1401  5246  5353
16612    1744  4370  5064  5189
16613    2826  1511  5224  2856
16614    3116  3127  4560  5215
16615    4621  4132  4771  5112
16616    4482  4801  4838  5035
16617    2601   555  3646  4462
16618    4216  4311  4384  4931
16619      47    48  4807  5128
16620    4324  4149  4840  5111
16621    4114  4028  4583  5023
16622    4339  4410  4454  4586
16623    3388  4291  4431  4463
16624    4178  4154  4212  4443
16625    4505  4445  5138  5253
16626     371   333  4274  4901
16627    4921   637  5004  5293
16628    4367   693  4470  4921
16629    2392  2364  2372  2335
16630    2397  2757  2175  4941
16631    4603  4237  4814  5171
16632    4504  4541  4730  5017
16633    3197  3217  3182  4715
16634    2259  2198  3812  5219
16635    1736  1580  1795  4341
16636    4354  2909  4506  4973
16637     350   248   596  3755
16638    1572  3248  4333  4501
16639     540   536   535  4556
16640    2581  2611  4630  4894
16641    4436  4313  4914  5046
16642    4048  3999  4998  5162
16643    4122  3991  4123  4124
16644    4216  4173  4311  4931
16645    1335  1283   558  4502
16646    1082  1046  1717  3701
16647    1373  4250  4516  4670
16648    3061  3079  4734  5196
16649    4705  3590  4877  5274
16650    2453  2454  4354  4543
16651    1787  3982  1162  4615
16652    2793  2808  4521  4649
16653    2087  1109  4490  5110
16654    2237  4130  5219  5347
16655    2791  4264  4713  5324
16656    1759  1758  1770  4852
16657    2704  2663  3676  4645
16658    2424  2425  4886  5381
16659    2366  2373  2365  2372
16660    3929  3501  4530  4834
16661    4258  3450  4843  4889
16662    1884  4302  4525  4793
16663    3301  3236  4960  3237
16664    2373  2393  2365  2372
16665    2600  3641  2583  4503
16666     237   183  4179  4916
16667    3030  2398  2387  4720
16668    4421  4435  4813  4647
16669     920   905   593  4492
16670    1151   548  5081  5214
16671    1122  1288  4293  4974
16672    1767  2257  2239  4711
16673    1964  1288  4307  4747
16674     355  4399  5123  5149
16675    2469  2470  5184  5251
16676    1367  3501  1797  4834
16677    4157  1019  4204  4657
16678    1105  1078  4683  5166
16679    2342  4223  4785  4804
16680    4438  4422  4792  5079
16681    2255  4421  4742  5058
16682    2920  3821  4495  4659
16683    3821  2896  4403  4659
16684    2690  4787  5156  5308
16685    3338  3284  3321  4314
16686    1604  4638  4756  4797
16687    2892  2886  4831  2878
16688    2531  2492  4927  5380
16689      98  4318  4687  5104
16690     251   252  4668  5255
16691     236   221   193  4328
16692    4217  4156  4734  4741
16693    2563  1064  4383  1054
16694    4140  4216  4272  4384
16695    1469  4544  4587  5027
16696    2273  2200  4557  4735
16697    3288  3340  4896  3384
16698    1913  4195  4835  5061
16699    4272  4216  4280  4384
16700    4516  1256  4670  4758
16701    1997  2023  2007  4323
16702    1795  1766  4644  5323
16703    4455  3212  4928  5188
16704    2266  2112  4523  5136
16705    1504  1529  4153  4697
16706    3768  3855  3067  4459
16707    1870  1252  2074  3692
16708    2642  2641  4547  4864
16709     348  3602   373  4577
16710    1795  2139  4341  4644
16711    2490  1006  5132  2468
16712    4489  4057  4641  5232
16713    4999  3955  5367  5386
16714    1007  4656  5000  5274
16715    2420  2430  2450  4950
16716    1120  1079  5166  1110
16717    4209  4838  5295  5369
16718    1499  1732  4461  1722
16719    2936  2937  4467  4770
16720    4174  4175  4231  4279
16721    4142  2729  4257  4579
16722    1067  1068  4412  5154
16723    4147  4277  4367  5389
16724     546   515  4794  5243
16725    4182  4213  4394  4910
16726    1162  1992  1787  4615
16727    3499  4003  4076  5400
16728    2850  2833  2630  3774
16729    3650  3086  4017  4962
16730    1332  3945  4749  5203
16731    2624  2642  4815  4864
16732    4158  4296  4359  5234
16733    4522  4342  4599  4959
16734    4352  4221  4484  4948
16735    2309  1341  4804  1939
16736     997  1155  4305  5320
16737    4853  2689  1938  2648
16738    1011  2027  2775  4791
16739    2782  2783  4726  5072
16740    1846  4266  2738  5135
16741    2978  2953  5319  3837
16742    2245  4521  4790  4920
16743      35  5027  5304  5327
16744    1511  2856  2855  4564
16745    4152  4249  4478  5382
16746    2066  1195  1266  4288
16747     466   443  4708  4781
16748     660  3756  4578  4783
16749    4207  4262  4295  4628
16750    1910  2693  4902  4943
16751    2065  2041  2040  5105
16752     721   707   178  4283
16753     249  3053  4297  4599
16754      73   517   872  3809
16755     105    97    96  4496
16756    3004  3050   939  5213
16757    4074  4760  4772  5346
16758     651   706   688  4226
16759    3312  3311  3331  5183
16760    3815  3627  3522  4680
16761    2783  2744  2760  4726
16762      30   581  5314  5327
16763     333   319   306  4901
16764     154  4744  5144  5316
16765    4588  4457  4900  5145
16766    4525  4231  4609  5137
16767    1662  1845   201  1820
16768    4306  4803  4830  4972
16769    4143  4146  4215  4530
16770    1406  1392  4923  1450
16771    4217  3095  4386  4673
16772    4359  4528  4532  5234
16773    1881  3258  1861  4554
16774    2442  4930  5119  5204
16775    4319  2953  4627  2988
16776     619   586   618  5091
16777    2754  2772  2721  4868
16778    1436  1449   453  4952
16779    3759  5156  5185  5308
16780     744   830  4218  4596
16781     324   103  4144  5194
16782    4512  4150  5120  5139
16783    1541  3722  4508  5065
16784    1177  1183  4178  4562
16785    4035  4076  5162  5387
16786    1298  1964  4307  4747
16787      73   437  3809  4267
16788     559  3322   568  5390
16789    3013  3048  3062  4230
16790    3766  3627  4407  5220
16791    1322  2109  4945  5097
16792    2988  4043  3794  4909
16793    4365  4312  4507  5361
16794    3830  3721  4072  4880
16795    4520  5001  5002  5138
16796    1288  1140  1122  4293
16797    1323  4826  5097  5353
16798    3847  4045  4040  5028
16799    5122  1998  4968  1984
16800    1424  1338  4200  4552
16801     298   297   339  4836
16802    1813  1850  5131  1822
16803    4132  4381  5099  5298
16804    2736  2752  4632  5209
16805    2165  2113  2185  4933
16806    3369  3354  3389  4768
16807     562   566  3841  4020
16808    2407  1904  2839  5031
16809    4354  4340  4506  4770
16810     916  1140  4293  4875
16811     338  1600  4453  3359
16812     353   339  4836  5044
16813    3008  3043  4315  4634
16814    1069  3986  1064  4759
16815     828   685  2632  4509
16816    1147  1182  1194  4905
16817    3408  3415  3434  4451
16818    3431  4157  4569  5383
16819    2148  4185  4391  4767
16820    3144  3198  4773  3966
16821     888  1248   110  4516
16822    4685   767  5198  5355
16823    1892  1891  3623  4488
16824     719   644   811  4258
16825    3036  4093  5040  5373
16826    2776  3485  2814  5075
16827    4222  4469  4610  4618
16828    2363  2341  4223  4646
16829    3694  2900  2914  4610
16830    3443  1976  1154  5383
16831     955   946  4605  5354
16832    4553  4254  4653  5306
16833    4184  4511  4780  5036
16834    4161  4170  4471  5280
16835    1067   688  1058  4412
16836    1383  3671  1399  4670
16837    1145  1100  4582  5090
16838     681  4598  4921  4947
16839    2149  2310  2232  4779
16840    2551  2575  4903  5307
16841    4902  1912  1931  1911
16842    4155   825  4450  4582
16843    4749  4435  4813  5376
16844    3053  4297  4599  4707
16845    2675  2674  2687  4425
16846    2217  3440  4282  4867
16847    3179  3270  4642  5297
16848    3066  3125  5292  3124
16849    2983  4336  5019  5374
16850    3139  3154  3163  5290
16851    4297  4207  4599  4707
16852    4188  1479  5387  5404
16853     679   692   664  5295
16854    2184  2252  4289  5279
16855    4184  4460  4895  5344
16856    2017  1733  4626  4721
16857    4497  4388  4546  5109
16858    3684    67    60  5128
16859    4508   426  4714  4979
16860    1989  3951  1913  4835
16861    1155  1161  4305  4604
16862    4951  4436  5046  5226
16863    2997  2995  5015  2996
16864    3310  3258  4488  5183
16865    3806  3703  4821  5230
16866    2241  2559  4890  2258
16867    3236  3584  3210  4555
16868    2294  2325   342  4735
16869    4809   216  5255  5392
16870    3663  3788  4369  4635
16871     183  4283  4744  5316
16872    3022  3058  3059  5336
16873    4360  2981  5015  5350
16874    1503  3844    56  5012
16875    4207  4333  4432  4453
16876    4220  4210  4273  4419
16877      32  1111  2359  5137
16878    1220  1241  3716  4662
16879    2633  2658  2694  5250
16880     105  1592    97  4496
16881    1529  1559  1560  4225
16882    4344  3084  4459  5066
16883      84  4065  4496  4706
16884    2976  4013  4046  4051
16885    1389  1433  4412  1378
16886    4382  2520  4497  5177
16887    3857  2376  4618  5042
16888    2007  1997  4323  4968
16889    1650  1700  1550  4483
16890    3726  3902  3332  5155
16891     441  3539   475  4595
16892     752  5126   930  5288
16893    1168  2087  2035  4983
16894    4166  4308  4343  4608
16895    4299  4202  4400  5220
16896    4950  4627  5038  5319
16897    3126  3137  4035  5387
16898     689   614  4538  5262
16899    2018  1934  4341  5135
16900    3340  1468  4896  3746
16901    1613  1548  2013  4333
16902    2332  2222  4302  4499
16903    2116  2864  2369  5244
16904     890   522  4286  4596
16905     853   863   684  4906
16906     487  4812  4999  3908
16907    2187  4223  4767  5175
16908    1806  2796  1794  4743
16909     619   635   610  4838
16910    2880  2881  3994  4730
16911    4247  4352  4536  4987
16912    1573  1566  4861  5344
16913     985   986   975   955
16914    4489  1103  5005  4073
16915    4599  4423  4959  5332
16916    3674  3922  4081  5386
16917    4423   273  4959  5332
16918    2721  2772  1940  5233
16919     476   500   486  5386
16920    4194  4171  4207  4371
16921    3382  3352  4847  5332
16922    4499  4275  5219  5250
16923    3218   938  4427  5062
16924    4583  4114  5023  5162
16925    1223  1279  4612  4684
16926    1605  1618  1589  4654
16927    4387  4140  4417  4810
16928    4475  3847  4642  5028
16929     779   822  4635  4783
16930    3842  4016  3522  3904
16931    3722   474  4592  5065
16932    3063  3080  4217  4230
16933    5013  1832  5094  5121
16934     720  3879   561  4493
16935    1325  1385  4699  5318
16936    4676  4224  4781  4984
16937    4328  4256  4820  5371
16938     161  3919  3730  5329
16939    2271  2232  2151  4206
16940     907   582  4252  4577
16941    4216  4265  4417  4481
16942      18  2034  1547  4765
16943    4571  4373  4736  5047
16944    1878  2351  2360  4376
16945    1580  4341  5135  5194
16946    4423  4171  4430  4810
16947    2758  3690  4649  5324
16948    1563  1644  4483  4995
16949    1939  2297  2352  4785
16950    1445  1376  4818   280
16951    3212  3155  4455  4928
16952    4207  4199  4291  4365
16953    4904  1783  5180  5249
16954    3077  4107  4119  5196
16955    4477  4587  4912  5314
16956    4143  4194  4199  4215
16957    4275  4793  4829  5125
16958    4568  4859  5007  5229
16959    3226  3280  3252  4958
16960    1477  1501  1478  4922
16961    1960   591  4356  4564
16962    4401  4568  5007  5229
16963    2559  2512  2538  4890
16964    4179   183  4328  5316
16965    4503  4234  4523  4854
16966    2781  2782  4726  5072
16967    1353  1378  4412  5154
16968    3463  3481  4157  3474
16969    3321  4845  4314  3284
16970    2826  2827  4408  5224
16971    4823  4136  4829  5125
16972    5012  1764  4162  1765
16973    3676  2689  2703  4645
16974    4201  1620  4458  4496
16975    2718  2674  2643  5048
16976    4543  5177  5191  5363
16977    3470  3476  1080  4911
16978    4194  4143  4795  5125
16979     702   681  4367  4947
16980    1798  2351  1878  4376
16981      13    15  4757  5001
16982    4356  4238  4408  4564
16983    2743  2715  4264  5324
16984    4184  4278  4416  4808
16985    4233  4238  4356  4564
16986    4010   355  4399  5285
16987    3637  1570  5323  4056
16988    3310  1891  3292  4488
16989      46  4153  4169  4807
16990    2112  2126  2266  4523
16991    2618  2617  3961  5049
16992    2715  2731  5084  5324
16993    3728  3789  3021  4336
16994    2330  2332  4275  5219
16995    4500  4152  4823  5303
16996    4296  4207  4309  4342
16997    1554  4904  4971  5018
16998      48    59    60  5128
16999    4790  4521  4815  4920
17000     132   554  5364  5375
17001    4300  1813  4719  5131
17002    3478  3461  3441  4604
17003     249   231  4599  4959
17004    1629  4778  5001  5002
17005     740    23   771  4691
17006    1320  1582  1772  4245
17007    2970  2398  3754  3882
17008    4277  4147  4436  5389
17009    2678  2707  4787  4866
17010     119  1576  5134  5284
17011    2643  2624  2718  5048
17012    4236  4713  4790  5279
17013    1479  1712  1713  4964
17014    4842  4567  5283  5312
17015    1027  2503  4890  2538
17016    1525  4214  1740  4572
17017    3408  3435  4451  4891
17018    2558  2559  2512  2538
17019    3613  1427  3941  4891
17020    3820   528  4505  4652
17021    2653  2679  2680  5049
17022    1344  4276  4629  4665
17023      60    59  3491  5128
17024    4270  4487  4580  4811
17025    4194  4171  4371  4795
17026     568  3859  3653  5385
17027    2689  2768  4645  5173
17028    2617  4004  3961  5049
17029     975   955  4913  4989
17030    5287   459  1629  5301
17031    4723  1522  5011  5301
17032    2345  2154  4739  5289
17033    2310   211  4764  4779
17034    5081   640  5140  5228
17035     982   981  4363  4563
17036    1975  2107  4185  4391
17037    1422  4500  5057  5402
17038    3471  3420  4843  3484
17039    4916   178   184  4179
17040    4359  4249  4426  5266
17041    3599   411  5133  5384
17042    1913  2000  1989  4835
17043    2251  2275  4811  5000
17044    1270  2153  2332  4793
17045    4207  4333  4365  4432
17046    4402  4199  4953  5268
17047     148   149   139  5144
17048    4343  4293  4608  5247
17049    2854  2065  2077  4729
17050     458   510   502  5229
17051    4334  4358  4655  4728
17052    3963   478  4690  5032
17053     889   440  4415  5052
17054    3602   348  4260  4577
17055     690   713  4818   714
17056     992  3490   985  4643
17057    3611   757  4316  4317
17058     946   936   942  4495
17059     576  3859  3757  4314
17060    4665  4276  5063  5090
17061     974  2450   992  5259
17062     854   895   913  5201
17063    1826  4008  3932  5302
17064      58  3736   581  4477
17065    4295  4207  4365  4432
17066    4296  4309  4528  4979
17067    1266  1753  1358  4763
17068    4282  4263  4662  5061
17069    1142  1066  4629  5063
17070    4125  5045  3932  5302
17071    3036  3012  5373  5396
17072    2925  2913  4189  4711
17073    2317  4899  5072  5241
17074    2770  2749  4955  5156
17075    3012  3993  5373  5396
17076    4312  4143  4333  4365
17077    1147  1176  1182  5083
17078    1544  1140  1895  4608
17079    2652  3662  4787  4866
17080    1984  5122  1985  1974
17081    5112  5068  5153  5205
17082    1453  3113  3065  3493
17083    3327  4510  3912  4208
17084      11   349  4373  4782
17085    4329  4287  4368  4628
17086    4316  3306  4317  4510
17087      85  4496  5095  3629
17088     319   371  4274  4901
17089    4263  1989  2084  1418
17090    4190  2740  4392  5025
17091    1934  1736  4341  5135
17092    3065  3039  4461  3493
17093     580  1665  4243  4833
17094    2437  2436  4237  5152
17095    2118  2311  2312  4767
17096     886  3782  3778  4415
17097    3414  3415  4451  4569
17098    2333  2253  2210  3848
17099    2497  2027  4565  5136
17100    4419  4346  4442  4683
17101    1191  1180  4252  4577
17102     971  3444  4843  5356
17103    3147  3201  3912  4480
17104    4474  4550  4651  4881
17105    1119  1438  4822  5322
17106    1013   570   934  4860
17107    1043  4363  4468  5092
17108     910   934   570  4860
17109    2557  2538  1027  4890
17110    1839  2597  4197  4966
17111    2258  2347  2292  5130
17112    2469  2468  2490  5132
17113     889  3915   877  5052
17114    1823  1824  4531  4966
17115    1166  1157  4530  5093
17116    3643  4162  4404  4944
17117    3687  3808  2547  4927
17118    4102  3857  5042  5257
17119    3561  3741  1051  4772
17120    3955  3908  4081  4999
17121    3134  3133  3142  4613
17122    2976  4013  4030  4909
17123    2439  2377  2414  4535
17124    1434  1416  3669  5353
17125    1401  1323  1379  5353
17126    1379  1364  3669  5353
17127    1231  3860   459  5186
17128    3590  2251  4877  5274
17129    4430  4441  4847  5199
17130    3187   474   499  4592
17131    2904  2919  4403  4659
17132    2532  2565  4497  5388
17133    3423  3452  3455  3635
17134    4617  4345  4880  5396
17135    1237  3874  1370  5376
17136    1681  2757  2397  4941
17137    2892  2896  4659  2904
17138    3125  3733  3137  4686
17139    4572  5162  5200  5400
17140     552   522   830  4596
17141    4003  5023  5162  5400
17142    2154  4011  1769  4739
17143    1888  1849  4789  4975
17144    2413  2437  2404  4469
17145    2757  1452  2658  4941
17146    4244  4666  4748  4882
17147     666   665  4766  4921
17148    3381  3147  3245  4480
17149    1723  1714  1713  3552
17150    4255  4350  4614  5240
17151    3423  1949  3452  3635
17152    3455  3452  1951  3635
17153    4229   356  5003  5384
17154    1335    29  1355  5080
17155     946   936  4495  4659
17156    1339  1338  4552  5282
17157    3981  3805  4083  4800
17158    3043  4315  4634  4915
17159    4927  4413  5043  5377
17160    3447  2726  3402  3635
17161    2074  3433  3455  3635
17162    3436  3446  2029  3635
17163    3447  3436  2029  3635
17164    2764  2700  2676  4678
17165     773   782   765  4353
17166    1963  1739  3509  5029
17167    3297  3264  4944  4958
17168    1759  3765  4242  4852
17169     670  5002  5085  5287
17170    1664  4176  4631  4818
17171    2501  2484  4551  5223
17172    3325  2990  4208  4510
17173    3118  3103  3044  4732
17174    4265  4336  4931  5019
17175    3156  3141  4917  3120
17176    4232  4255  4350  4614
17177     678   121  4687  5334
17178    1570  1221  4644  5323
17179    2312  2244  3753  5289
17180     287   134  4855  5341
17181    3640  3603  4078  5345
17182    4457  4588  5019  5336
17183    1830  1838  4719  5131
17184    1314  1220  4195  4245
17185    4304  1637  4208  1564
17186    1494  1470  4786  4969
17187    1064  1053  1069  4759
17188    4481  4417  5236  5280
17189    3366  3388  2466  4349
17190    1131  3279  4208  3327
17191     354   368   355  4010
17192    4490  4393  4631  4855
17193     635   680  4801  5295
17194    5134  4709  5277  5284
17195    3793  3763  4144  5194
17196    3265  3225  3264  4967
17197    4269  4277  4285  4703
17198    3118  3103  4331  5009
17199     857   810  4186   911
17200    3262  3643  4162  4404
17201    4462  5024  5058  5378
17202    4307  4288  4434  4489
17203    2784  1688  4997  5136
17204      67    97  4065  4706
17205     495   335  4865  5108
17206     441  3722  3574  4508
17207    4271  4548  4613  5267
17208    1108  1114  5090  5203
17209    3362  3243  4510  4740
17210    4918  4399  5123  5285
17211    4530  4146  4675  4834
17212    4503  4397  5050  5053
17213     336   472  4426  5382
17214    4324  4582  4665  4670
17215    4318  4283  4687  4696
17216     912   971  4843  5356
17217    4275  4302  4499  4793
17218    1192  3792  4252  4292
17219    3848  2253  4007  4541
17220    4369  4218  4635  4906
17221    2113  4790  4933  5321
17222     867  2850  3541  3774
17223     616   611  3696  3790
17224    3917  3864  4845  5230
17225      67    97    96    83
17226     358  4410  4600  5141
17227    3346  3280  3297  4587
17228    2974  2938  2998  4872
17229    4482  4318  4702  5143
17230     696  2610  1009  2062
17231    2630   621  3541  3774
17232    4598  4367  4921  4947
17233    1858  4001  1850  5131
17234    2600  4397  4503  4854
17235    4173  4290  4300  4448
17236    1117  2757  1681  4857
17237    1146  1127  4776  5083
17238    4201  4428  4458  5284
17239    1348   240   608  3916
17240    4993  4994  5098  5277
17241     153   410  4607  5318
17242    4308  4304  5021  5052
17243    1908   715  2630  3630
17244    2338  3534  2143  5031
17245     176   163   175  4799
17246    2850   867   646  3774
17247     611  3466  3696  3790
17248    4291  4199  4349  4463
17249    4260  4133  4269  4558
17250    1952  2052  4891  5089
17251    1495  1520  4153  1504
17252    1908  2150  2120  3630
17253      85  5095  3546    70
17254    4334  4358  4728  4809
17255    2425  4388  4886  5381
17256     825  4155  4450  4493
17257    1905  1725   819  5087
17258    4207  4151  4287  4628
17259    4199  4402  4943  5268
17260    3071  3166  3105  5337
17261    3280  4180  4925  4958
17262    3801  1444  5164  5339
17263    4739  4255  5240  5289
17264     835   357   838  4527
17265    4348   883  4558  4586
17266    4672  4219  4692  5105
17267    4053  4054  2976  4909
17268    1315   855   754  3916
17269    2882  2883  2872  4222
17270    2115  1084  2099  4468
17271     105  1591  1592  4496
17272    4158  4333  4453  4501
17273    1955  1944  4851  4968
17274    2318  1270  2319  4926
17275    1819  2019  1080  4571
17276    4217  4156  4386  4591
17277    1598  2085    18  5077
17278     160  2171   496  4157
17279    4327  4472  4907  4989
17280    4231  4181  4984  4387
17281    3040  3506  4344  5348
17282    1741  1763  4162  4479
17283    1031  1056  5142  3579
17284    2555  2554  2568  4396
17285       2   497  1308  4855
17286    1518  1572  4333  4501
17287    1516  1680  4725  5169
17288    2398  3754  3882  4141
17289    2427  2398  2314  4141
17290    2816  2203  4305  5358
17291    4471   216  5392  5401
17292    4230  3061  4734  5196
17293    1691   262  1680  4725
17294    2145  2302  5172  5212
17295    4359  4426  4871  5266
17296    2972  2951  4203  4711
17297    2962  2929  2941  4874
17298    2772  2812  1982  4953
17299    2567  2551  2592  5307
17300    4443  4683  4905  4978
17301    4464  4346  4760  5130
17302    1543  4214  5174  5200
17303    4071  4118  4337  4512
17304    1159  4057  4489  5232
17305     161  3730   215  5329
17306     227   215   204  5329
17307    4135  3125  4800  5292
17308    1977  1906  1835  5076
17309    2586  1903  2583  4503
17310    1618  1605  4441  4654
17311    1928  2245  2779  4521
17312    2577  1858  4894  5211
17313    3149  1477  3648  3883
17314    4385  4537  1393  4717
17315    2696  2673  2605  4547
17316    4194  4199  4371  4932
17317     438   210  1293  4682
17318      57  4466  4477  5100
17319    4840  1957  1381  5313
17320    4239   295  4657  4721
17321    2398  3030  2970  3754
17322    3496  3590  2251  4877
17323     619  4838  5035  5091
17324    1337  1311  5096  5320
17325    2896  2878  4659  3823
17326     659   857  4183  4186
17327    4447  5049  4943  5209
17328    4589  4145  4743  4835
17329    1054  2514  4383  5273
17330    3131  3119  4455  4961
17331    2726  3447  2029  3635
17332    1859  2298  2225  4541
17333    3471  3438  4843  5356
17334    2190  1890  2156  4414
17335     413   434   420  5003
17336    2224  2100  4389  4581
17337    1406  1340  4350  4923
17338    4532   531  4871  5195
17339    4886  2394  4936  5359
17340    2178  1092  2254  4175
17341    1026  4226  4363  5333
17342    2539  2559  5130  5311
17343    2557  2558  4890  5092
17344    2414  4222  5022  5257
17345    3019  3006  2959  5305
17346    2254  1092  1798  4175
17347    1538  4527  5323  1580
17348      85   112    70  3546
17349    4472  4319  4526  4909
17350     836   629  4512  4558
17351     813   684  4317  4492
17352     216   252  4809  5255
17353     533  5167  3601  5367
17354    3560  2902  4936  5331
17355    4543  4372  4996  5177
17356    1728  1729  1709  5189
17357     537   527   493  5258
17358    2376  2116  5244  5254
17359    1276  1219  1396  4765
17360    4269  4160  4353  4410
17361    4447  4254  4553  4632
17362    2792  2834  1928  4713
17363    1180  4285  4292  4776
17364    3486  3235  3194  5317
17365    2939  2940  4403  4874
17366     347   346   181  4722
17367     614   662  3686  5338
17368    4076  5162  5387  5400
17369    4352  4514  4948  4987
17370    3908  3955  4812  4999
17371    2839  2153  2143  4926
17372    3114  3913  4686  4998
17373    3310  3582  3311  5183
17374    4196  4378  4491  4637
17375    2808  2779  4521  4649
17376     492   511   480  4778
17377     402   401  4165  5276
17378     886   801  3782  4415
17379    2850   646  2833  3774
17380     646   621  2630  3774
17381     150   130  3554  5144
17382    1574  2738  4698  5135
17383    2392  2393  4973  2403
17384    2981  2982  2926  5079
17385    1287  1185  1327  4513
17386    4996  4543  5177  5191
17387    1519  1494  1485  4697
17388    1495  4153  4969  1504
17389    3114  3125  3137  4686
17390    3267  4832  4925  5147
17391     910  4558  4860  5106
17392     245   168  4326  5107
17393    1940  1941  3544  4953
17394    1216  1538  4527  3677
17395    2905  1721  5116  5189
17396    2604  2570  2599  4731
17397    1501  3648  1515  4922
17398    4540   722  4848  5379
17399    1615  1625  1604  4638
17400    4466  4162  4956  5012
17401    4599   249  5067  5310
17402    2536  2554  4416  4808
17403     425  2294   342  4745
17404    4398  4607  4633  4745
17405    2117  2174  1007  4656
17406     162   145   161  5098
17407    1428  2137  1244  5025
17408    3779  4097  5145  4574
17409    2868  2874  4869  5360
17410     878   628  4193  4783
17411    4858  4566  4992  5147
17412     514   482  4268  4794
17413    4194  4402  4632  4943
17414    1189   949  1123  4742
17415    2225  4370  4541  5017
17416     105    95  4458  4539
17417    3397  3347  4807  5033
17418    1536  1528  4697  5231
17419    4832  3208  4940  5147
17420     521  3306  4316  4510
17421      96    67    83  4539
17422    2053  1782  1958  4765
17423      96   105  4458  4539
17424    3912  3385  4480  4510
17425    2429  2110   820  3558
17426     726  2429   820  3558
17427    4514  2665  4866  4987
17428    2110   726  1917  3558
17429    2110  1847   726  2429
17430    3598   767   760  5355
17431     785   767  4685  5355
17432    2665  2664  4866  4987
17433    2454  2473  4382  4543
17434    3665  3850   709  4887
17435    2291  2104   799  4764
17436    3811   112  4637  4934
17437    1108  3945  1332  5203
17438     972  3016  3052  5213
17439    2576   685   820  4509
17440    3599  3731   411  5384
17441    2175  5219  3812  5395
17442    2856  2826  2825  4238
17443    1373  1366  5026  3571
17444    1758  1757  1770  4852
17445    4291  1973  4851  4968
17446    2776  4644  4258  5222
17447    4224  4296  4309  4528
17448     356   401  4602  5003
17449     864   850   902  4590
17450    4418  4425  4726  5048
17451     556  2174  2722  4881
17452    2250  2176  4735  4769
17453    4282  4263  4743  4867
17454    4154  4232  4260  4614
17455      76   168  4326   245
17456    4325  4490  4737  4855
17457    4996  4543  5191  5380
17458    5104   598  5170  5369
17459    3178  4888  4940  5074
17460    4140  4198  4387  5138
17461     853  4218  4906  4635
17462    3573  1171  4456  5148
17463    1319   325  1320  4245
17464    4191  4209  4269  4856
17465    4165  4160  4405  4519
17466    3259  3312  4932  5183
17467    2618  1839  2617  4197
17468    1468  4896  3746  5361
17469    3364  3388  4463  4851
17470    4587  4477  5304  5314
17471    2706  2707  4787  4948
17472    4201  4191  5280  5401
17473    4421  1008  4647  4813
17474    2386  1668  4538  5262
17475    4270  4877  4977  5274
17476     846   358   345  4600
17477    4159  4472  4643  5259
17478    1254  1377  1354  4380
17479    4559  4346  4683  4978
17480     931   118   725  4818
17481    3136   661  3802  4762
17482    3931  4015  4583  4908
17483    1470  4786  4969  5118
17484    4440  4271  4613  5267
17485      59    82  5128    66
17486    1615  1603  4700  4797
17487    2554  2578  4396  4808
17488    3359   338   328  4453
17489    4182  4213  4391  4394
17490    2451  4261  4653  4885
17491      91  1555  1583  4784
17492    4140  4171  4417  4810
17493    1188  1161  3441  4604
17494    1763  1749  4162  1764
17495    3472  3752  3618  4190
17496    4381  4709  5099  5298
17497     574    61    49  5238
17498     273   242  4959  5332
17499    3279  4208  3327  4480
17500     273   261   233  4423
17501    4681   546  4794  5243
17502    4258   719  4266  5222
17503    3382  3352  4707  4847
17504    2291  2302  2104  4764
17505    1217   103  4144    17
17506    4213  4391  4394  4639
17507    2114  2363  4223  4581
17508    4030  4013  4617  4909
17509    4143  4158  4641  4976
17510     278  3604   168  4326
17511    3612  3001  4068  5145
17512     351   338   395  4849
17513    3960  3946  4566  4786
17514     974  4643  4913  5259
17515    4399  4423  4473  5149
17516     354   331  4663  5149
17517     564  3287  3256  3276
17518    4158  4143  4333  5101
17519     373  3602  4260  4577
17520    4198  4231  4406  4684
17521     230  2245  2206  4920
17522    1899  1919  2645  4919
17523     633  3820  4524  5242
17524    1559  1558  4172  4225
17525    2908  3560  4674  5331
17526    4587  5082  5027  4180
17527      32  2358  1111  5137
17528    1316  1215  1362  4981
17529    1615  3586  4638  4700
17530    1576  1577  4172  4428
17531    1173  3368  3606  3726
17532    2605  4142  4411  4777
17533    4342  4836  4949  5310
17534    1088  3986  1069  4759
17535    2600  2583  2415  4854
17536    4780  4511  4962  5036
17537    4386  4313  5046  5213
17538     558  2359  5051  5137
17539    1009   970  2127  3658
17540    2398  3754  4141  4720
17541     487   467  4999  5309
17542    4208  1544  4875  5150
17543    3295  3222  1455  4805
17544     432  1174  4742  5063
17545    2878   943  2886  4831
17546    3592  3682  3702  5300
17547    2041  2003  4529  5362
17548    1899  2645  1967  4584
17549    2872  2864  4222  5042
17550     294    17   796  4144
17551    2027  2784  4791  5136
17552    4144   498   259  1493
17553      15   526   503  5001
17554    4209  4470  4801  4921
17555     196   219  3645  4820
17556    4345  4390  4591  4627
17557    4464  4573  4946  5130
17558    3228  3253  3179  5297
17559    3047  3596  3884  5040
17560    4290  4448  4546  5152
17561    3178  3208  3179  5297
17562    4617  4533  4680  5193
17563     397   408   368  4918
17564    4151  4498  4689  5013
17565    3251  3261  4162  4479
17566    3261  3296  3251  4162
17567    4340  4382  4388  4497
17568     810  4558   871  4186
17569    4584  4409  4678  4827
17570     157  4540  5208  5272
17571     935  1094  1197  5016
17572    4451  4571  4891  5089
17573    4290  4139  4674  5054
17574    2593  1919  4903  4919
17575    1733  5089  4626  4721
17576    4327  4831  4989  5354
17577    3135  3159  4673  4951
17578     299   316  4522  4959
17579    4171  4423  4668  4810
17580    1794  1988  1258  4743
17581     315   459   468  5287
17582    2187  2311  2118  5175
17583    2566  2548  4497  4864
17584     722   737  4540  4848
17585    2313  2211  2238  4796
17586     871   934   683  4558
17587     666   665   687  4598
17588     292  4666  4748  5107
17589    4246  1744  4370  5064
17590    3425  2815  2702  3469
17591    4653  4194  4795  5125
17592    4160  4165  4330  4351
17593    4134  1403  5025  5096
17594     151   123  4914  5272
17595     174  1659  1620  4201
17596     356   389  5003  5384
17597    5403  5399  3175  5400
17598    4254  2804  4553  4632
17599    4112  2920  4659  5078
17600    1389  1415  1434  4412
17601    4250  1387  4665  4670
17602     782   793   783  4965
17603     956   955  4989  5354
17604    5133  3875  4303  1646
17605    1956  2526  2584  4731
17606    4894  4311  5211  5131
17607    3866  3510  4758  4981
17608     710   906  3663  4369
17609    1289  1293  4478  4682
17610    1616   171  4441  5199
17611    1421  1359   392  4195
17612     891  4266  4341  5194
17613    4526  4345  4627  4950
17614    3535   787  4703  5339
17615    4163  4141  4930  5066
17616    4669  4671  4688  5335
17617    4394  4474  4639  4656
17618    4165  4160  4602  5003
17619    4522  4342  4959  5044
17620    3511  3141  4455  4917
17621    4830  4803  5180  5400
17622     566   572  3374  5100
17623     284   316  4959  5044
17624    2808  2697  4649  2759
17625     374   363  4714  4949
17626    4653  4243  4833  4885
17627     933   876   612  5010
17628     737   200  4540  4774
17629    2593  2609  2688  4919
17630    2935  2982  4173  4300
17631    2611  2612  2594  4853
17632    4426  4712  4871  5102
17633    1619   394  4501  5065
17634      53   922  4426  5102
17635     225  4537  4980  5190
17636    1393  4385  4717  5190
17637     332  3950  3562  5123
17638    2611  2594  4253  4853
17639    2228  3959  2217  5378
17640    1060   225  4980  5190
17641    2911  5189  2887  2905
17642    2897  2887  5189  3594
17643    3345  3262  4162  4404
17644     851  3740   842  5139
17645    4308   710  4369  4549
17646    3376  3325  1131  3597
17647      86    71    62  4378
17648    4142  4236  4418  4931
17649    3669  1364  4412  5353
17650    5403  3203  4803  3225
17651    3581  3152  3894  4355
17652    4591  3014  5040  5396
17653    2836  2821  2851  5237
17654    2413  2436  2437  5152
17655    4137  4412  4468  4945
17656     861  4348  4454  4586
17657    4232  4200  4260  4614
17658    4268  4150  4444  4652
17659    2323  1890  2190  4414
17660    1425  1339  1424  4552
17661    2461   970   223  3658
17662    1009  1046  2610   696
17663     970  2461  2127  3658
17664    1046  1009  2610  3658
17665    3177  3176  3192  4940
17666    3366  3329  4463  3330
17667     331  4522  4663  5149
17668    1509  3796  4911  3260
17669    1656  3246  3796  3872
17670    3595  2592  4903  5235
17671    1005  1015  1028  4863
17672    2971  2957  2991  4141
17673    2991  3529  2971  5168
17674    4379  4171  4677  5329
17675    4139  2413  4237  5152
17676    4381  4475  4642  5124
17677    4619  4136  4775  5347
17678    1040  3903  3745  4442
17679    3792  1130  4252  4577
17680    4308  4317  4906  5021
17681    2978  2988  3012  4627
17682    3009  4203  4315  4792
17683    2981  3824  3033  4360
17684    3106  3105  3119  5337
17685    1026  1014  1036  5333
17686     259  1706  4761  4817
17687    4799  1599  3861  1622
17688    4041  2276  5058  5378
17689     512   504   526  5039
17690    1069  1053  1063  4954
17691     526  3668    54  5039
17692    4666  4198  4757  4882
17693     585   569  4476  5062
17694     270  3843  1396  5341
17695    3077  3061  4107  5196
17696    2229  1488  4468  4945
17697     310   336  4426  5382
17698    4262  4295  4628  5142
17699    2257  2498  2239  4711
17700     157   722  4540  5056
17701    1552  1573  1593  5344
17702    3104  3165  5009  3130
17703     568  3757  4314  4845
17704    4734  4429  4230  5196
17705    2016  1803  1301  5158
17706    3046  3520  4407  5071
17707    1814  1801  1813  5079
17708    3010  3034  3021  4336
17709    4568  4778   479  4982
17710    2016  2202  1803  5158
17711    1118  1987  1703  5247
17712    1302  4321  4569  5225
17713    2134  1803  2303  4395
17714    1579  1650  1663  4725
17715     280     9  5178  3977
17716    1596  1595  5068  5205
17717    1009  2610  3658  2127
17718    3390  3527  4329  4768
17719    3085  3084  4780  5348
17720    2127  2461  2610  3658
17721    1346   754  1347  3708
17722    1439  1303  1287  4837
17723     927   404  4250  4582
17724    4620  4433  4791  4938
17725    2461   223  2610  3658
17726     754  1315  1347  3708
17727     185   855   755  3708
17728    1453  3148  3113  4990
17729    1947  1290  4765  4840
17730    4268  4150  4330  4444
17731    2927  2973  4467  4824
17732    4346  4147  4419  4424
17733    3863   580  4397  4833
17734    3964  3319  4248  4752
17735    4614  4154  5214  5282
17736    4693  4159  5019  5389
17737    4193   878  4369   628
17738    2514  2506  5132  5273
17739    4661  4724  5095  5176
17740     159   538   769  4524
17741    1187  1258  2088  4835
17742    4366  4357  4704  4870
17743    1620  1659  1621  4201
17744    1560  1530  1529  4225
17745    4184  4216  4278  4808
17746    1520    46  4153  4169
17747    2021  1979  2020  4529
17748    4313  4137  4363  4563
17749    3624  2147  4134  5025
17750    3315  1464  1482  4805
17751    2972  2925  2934  4711
17752    1576  4709  5134  5284
17753    4434  4357  4567  5087
17754     761   668  1363  4445
17755    4339  4367  4806  5198
17756    4298  4132  4335  5036
17757     237   263   290  4788
17758    4177  4318  4377  4482
17759     170  1430  4465  5051
17760    2535  2495  4603  5165
17761    2301  2097  2191  4924
17762    3923  2876  4658  4973
17763     941  2931  2391  5038
17764    1153   894  1124  4648
17765    2706  4645  4948  4987
17766    4454   847  4600  4965
17767    3683  4690  5086  5037
17768    1635  4677  4847  5332
17769     883   848  4348  5106
17770    4506  4388  4606  4886
17771     630   811   644  4258
17772    2680  2681  2654  4554
17773    1858  1873  2577  4894
17774    1734  1525  4572  4922
17775    2592  2609  2593  5235
17776    3800    33  4616  4938
17777     440   390  4415  1527
17778    2629  2631  4266  4538
17779    1948  1957  2037  4840
17780    1288  1122  4307  4974
17781    1243  1234  1337  4629
17782    1959  2190  4636  2320
17783    2951  2961  2994  4375
17784    1894  2139  1795  3689
17785    3105  3106  5336  5337
17786    4330  4351  4444  4754
17787    3805  1514  4800  4990
17788    4201  4481  4994  5117
17789    1197  1094  4615  5016
17790    2893  2880  4370  5217
17791      69    68  4706  5238
17792    2522  2536  4416  4438
17793    4178  4212  4240  4755
17794    1483  1482  1735  4162
17795    2991  2971  4141  5168
17796     650  4679  4914  5272
17797     426   486   407  4979
17798       0     3   525  3887
17799    4407  4400  4961  5220
17800    1544  4208  4608  5150
17801    1026  1020  1014  4363
17802    2665  2707  2678  4866
17803    4200  4350  4552  5282
17804     555  1676  4462  5378
17805    3089  3091  3520  4961
17806    1237  5069  5376  5397
17807    3465  3470  3476  3796
17808    3230  3229  3238  5286
17809    1669  1567  1690  5182
17810    4839  2488  4970  5281
17811    2818  2788  4862  5210
17812    1287  3628  1269  4837
17813    1280  1446   234  4699
17814    3514  3871   829  4317
17815    4373  1022  4571  4736
17816    4322  4347  4555  4724
17817    1109  2070  4490  5110
17818    2419  2946  2401  4390
17819    4138  4384  4409  4418
17820    4380  4244  4437  4699
17821    1374  3810  3799  4736
17822     181  3800  4692  4938
17823      38  5104  5170  5294
17824     215  3519   205  5370
17825     947   956  4831  5354
17826    1757  1758  4163  4852
17827    2992  3529  4930  5119
17828    2725  2203  2655  4305
17829    4154  4562  5081  5083
17830    2635  2415  2583  4854
17831    4627  4319  4950  5038
17832    4970  4839  5130  5311
17833    1652  3980  4134  5300
17834    2770  2750  2749  5156
17835    4929  4865  5108  5275
17836    4694  4736  4782  5047
17837    2150  1908  2630  3630
17838    4364  4374  4921  5004
17839    1677  4274  4483  5133
17840     744   929  4193  4218
17841    3317  3737  3357  4153
17842    2051  1782  4325  4765
17843    1850  1888  4975  5131
17844    1657  1540  4176  4393
17845    2619  3220  4518  4554
17846    4705  2113  4790  4877
17847    4638  4756  4797  5163
17848    3757  3351  4845  5390
17849    2045  2067  2046  4323
17850     350     1   248  3755
17851    4515  4578  5126  5288
17852    1406  1436  1450  4923
17853    4528  4812  4999  5309
17854    4295  4207  4432  5059
17855    4477  4070  4587  5304
17856    3039  3030  5113  3631
17857     549     1   551  3755
17858    1494  1470  1485  4786
17859       1   350   596  3755
17860    1890   640  3769  5140
17861    3348  3320  4456  5351
17862    2664  2706  2707  4787
17863    4532  4871  5126  5195
17864    2409  2400  3039  4461
17865    4261  4146  5125  5250
17866    2784  2580  4791  4997
17867    4035  3930  4076  5387
17868    3207  3267  3227  3651
17869    3018  3516  3066  5292
17870    1299   838   357  4527
17871    2425  3517  2455  5109
17872    2006  1996  3537  5335
17873    1580  1216  4341  5194
17874     173   189   190  3919
17875    1373  3671  4250  4670
17876    3436  3447  3446  3635
17877    2225  2298  2210  4541
17878    1160  1099  4451  4721
17879    4204  4451  4569  4721
17880    4823  1370  5161  5402
17881     961  1099   104  4721
17882    1226  1065  4813  5203
17883    4503  2634  4523  5053
17884    4712  4426  5008  5382
17885     607  1100  4450  4582
17886    1272  1198  1349  4615
17887     396   416  4714  4849
17888    3374   572  4477  5100
17889    3321  3337   563  4314
17890    1988  1913  4835  5061
17891    1959  2031  4414  4636
17892    3583  1469  4587  5304
17893    1100   607  3748  4582
17894    2271  2227  2329  4557
17895      33  1768  4564  4997
17896    4641  4366  4822  4939
17897    4240  4236  4289  4713
17898    4190   613  4873  5096
17899    3654  3297  4404  4477
17900    1592  1591  1606  5070
17901    1241  1267  4195  4662
17902    3891  2442  5119  5204
17903    1267  1382  4195  4662
17904     397  3870  4708  5157
17905    4544  4127  4846  5118
17906    2804  4089  4553  5308
17907    3121  3134  3167  4773
17908    1971  1954  4529  4667
17909    2417  2409  2399  5113
17910    2070  1851  4490  5110
17911     408   376  4918  5037
17912    3539  3559   475  4595
17913    1545  1523  4393  1540
17914    3588  2016  5030  5158
17915    1075  4154  5081  5083
17916     250  4677   190   243
17917    4414  2190  4636  4796
17918    2925  2913  2906  4189
17919    3885  3380  5148  5394
17920    2055  2040  2020  5105
17921    4183   659  4186  5108
17922    3052  3051  5046  5213
17923    3119  3166  5188  5337
17924     280  1445  4631  4818
17925    2267  2345  4395  5289
17926       0  3971   542  4181
17927    2655  2217  5058  5358
17928    1609  3941  4009  4911
17929    3377  3356  4544  5118
17930    4482  4548  4701  5170
17931    2804  2811  2805  4254
17932    4693  4517  5336  5337
17933    4141  2220  4163  4930
17934     488   535  3953  5309
17935    4385  1393  4834  4837
17936    2077  4692  4729  5105
17937    4398  4735  4769  4182
17938    3097  3067  3913  4908
17939    2000  1913  4195  4263
17940    3195  3777  3214  4701
17941    4803  4148  4944  4958
17942    4484  4640  4948  4955
17943    4265  4301  4322  4347
17944    4790  4570  4877  4920
17945     551   796  1217  3647
17946     796   551  1217    16
17947    3056  3042  3652  5159
17948    2326  2340  4646  4745
17949    2466  4349  4431  4762
17950    4447  4553  4597  5156
17951    4349  3366  4494  4762
17952    4994  5098  5117  5370
17953    1310    27  1403  5025
17954    1710  1721  4375  5116
17955    3928  1710  4375  5116
17956    1616  3365   171  5199
17957    4146  4357  4534  4870
17958    2627  2665  2650  4514
17959     559    25  3896  5390
17960    4887  4598  4947  5355
17961    1913  1071  1258  4835
17962    1589  1618   135  4654
17963    2024  4513  4816  5122
17964    2394  2412  4886  4936
17965      37  3488    25  5294
17966    2201  2119  4672  5160
17967    2189  2106  4185  4581
17968    2224  2354  2100  4581
17969    4561  4580  4620  5160
17970     761  3899   668  5085
17971     626   648  4921  5004
17972    4303  4161  4334  4520
17973    3229  3230  3211  5286
17974    1307  1380   494  5382
17975     752  3756  4783  5288
17976    3357  3378  4153  4969
17977    4838  4482  5091  5369
17978    4443  4346  4683  4776
17979    4428  4347  4724  5028
17980    4149  2059  4840  5313
17981    2485  2545  2556  4531
17982     639  1025  1000  5333
17983    4598  4806  5198  5355
17984    4401  4303  4520  5011
17985      86    87  4378  4825
17986     479   510   502  3655
17987     511   479   502  3655
17988    3945  3856  4813  5203
17989    3627  3779  4067  5145
17990    3511  3181  4917  4928
17991     859   405   800  4186
17992    2898  3772  4730  5217
17993     647   625  4838  5295
17994     574  4456  5128  5238
17995    2411  4506  4658  4973
17996    2693  2680  2692  3673
17997    2631  4266  4538  4698
17998    3001  3612  4097  5145
17999    4423   300  4522  4959
18000    4403  2918  4872  4907
18001    3006  3019  4893  5305
18002    1080  1656  3796  3872
18003    3302  3348  3303  3675
18004      57    21  4956  5100
18005    4158  4359  4532  5234
18006    1875  4698  4817  5135
18007    3878  3895  3647  4761
18008    3894  3764  4545  4753
18009    4627  2977  2953  5319
18010    4553  1882  4653  4833
18011    3809   517  4267  5052
18012    2347  1061  2292  4559
18013    4295  3394  4452  4762
18014    3194  3236  5124  5317
18015    4280  4253  4853  4894
18016    1187  1948  2086  5313
18017    4143  4194  4215  5125
18018    1306   967  3869  5283
18019    2285  2230  2344  4877
18020    2147  3624  2137  5025
18021    1588  1595  5205  5245
18022    2918  2928  3656  4770
18023    3634  4511  4583  5023
18024    1644  1535  4483  5011
18025    3026  3000  4588  3011
18026    4518  4199  4554  4932
18027    2319  1270  2356  4926
18028    4913   993  4989  5270
18029     849  4703   806  5106
18030    1602  1601  1614  4700
18031    4150  4794  5120  5139
18032    1760  1759  3765  4242
18033     725  3879   854  4493
18034    3466   671  3406  3790
18035    1506  1634  1502  4501
18036    4485  2450  4950  5259
18037    4042   268  5096  5221
18038    1515  3883  1500  4800
18039    2217  2172  3440  4867
18040    3712  1105  5014  5166
18041    2622  2638  2639  5377
18042    1576  1577  1569  4172
18043     781   804  4353  5006
18044    3172  3579  3199  5059
18045    1452  2694  4941  5250
18046    3126  4048  4998  5162
18047    2513  1015  2489  5281
18048    4277  4436  4766  5389
18049    3018  2991  4141  5066
18050     671   795  3406  3790
18051    4247  4171  4371  4498
18052    3108  3134  4613  3133
18053    4166  4193  4320  4549
18054    4347  4555  4642  5124
18055    2191  4525  4751  2337
18056    3309   437   403  4267
18057    5147  4992  5297  5298
18058    2343  2342  4223  4785
18059    2155  2147  4392  4867
18060    4301  4265  4481  5129
18061    3415  3467  3449  4569
18062    2156  2299  4796  5240
18063    2670  1805  2036  5061
18064    3230  4377  4702  5188
18065    1767  4246  4711  5064
18066      13    15   543  4757
18067    2123  2148  1975  4391
18068     504  1629  5001  5002
18069     296  1430  1435  4684
18070    1959  2313  2278  4636
18071    1914  2090  4195  4245
18072    4224  4158  4296  4359
18073    1324   542   264  4181
18074    4592  4241  4976  5265
18075     569  3760  3305  4476
18076    1391  1292   433  5003
18077     666   637   626  4921
18078     780   773   764  5006
18079    1258  1806  4743  4835
18080    3139  4164  4187  5290
18081    4174  4175  4279  4376
18082    1036  1014  1000  5333
18083    3991  4054  4122  4123
18084    1971  1938  4622  2733
18085    2414  2438  4603  5171
18086      65    78  4034  4912
18087    4802  4457  4900  5019
18088    4393  4733  4983  5357
18089      28  1410  1236  5291
18090     372   319   371  5384
18091    4587  5027  5314  5327
18092    1311  1310  5025  5291
18093    1420  4607  4882    40
18094    3216  3287  3256  3760
18095    3757  3351  4314  4845
18096     999   935  1199  5016
18097    4017  3975  3085  3970
18098    4210  4220  4273  4777
18099    4161  4160  4330  5253
18100    1359   326  4195  4245
18101    2940  2939  2974  4874
18102    3016  4313  4563  5213
18103    1914  1116  1739  4195
18104    1779  2257  1767  4246
18105    4405   773  5006  5034
18106    1014   990  1000  5333
18107    1720  2879  3751  4370
18108    1150  3521  4085  4822
18109    4653  4611  4718  5306
18110    1930  1693  4626  5089
18111    5181  5167  5234  5367
18112    4749  5069  5161  5376
18113    1185  4385  4513  4837
18114     825   824  4155  4493
18115    1983  2045  1997  4688
18116    3115  4048  4110  4998
18117    1933  4129  4451  4891
18118    4502  4231  4525  5137
18119    4832  4925  4958  5278
18120    2717  2716  4815  5084
18121    1858  1889  4894  4975
18122    2049  2024  2009  5122
18123    1277  4883  5342  5343
18124     714   485   713  4818
18125    4560  5146  5159  5328
18126    1077  2066  1158  4939
18127    4388  4467  5331  4340
18128    4372  4382  4497  5177
18129    4147  4285  4695  4776
18130     776   930   921  5126
18131    2503  2487  2467  5311
18132     669  4679   650  5208
18133     158   712   669  5208
18134    1986  3146  2011  5122
18135    4171  4216  4481  5163
18136    2066  1394  1158  4939
18137      33  3800  1486  4938
18138    2191  2254  2337  4937
18139    4286  4158  4366  4870
18140     142   669   650  5208
18141    4563   973   963  5311
18142     470  1333  4351  4444
18143    1066  4665  5063  5090
18144    4327  4354  4593  5184
18145    2987  2964  4457  4874
18146    2677  2128  4499  4854
18147     206  5117  5392  5401
18148    2673  2696  2731  4547
18149    4476  4482  4701  5170
18150    2982  2981  4422  5079
18151    3352  3171  3393  4707
18152     773   781  4353  5006
18153    1746  3880  1712  4188
18154     776   930  5126  5195
18155    2427  2314  2443  4141
18156    4423  4430  4599  4810
18157    4388  4546  5109  5152
18158    2518  2517  4996  5191
18159    4430  4171  4599  4810
18160    1305  1343  3386  4875
18161    4331  4265  4336  4931
18162    4435  4647  4749  4813
18163    3896    25  5216  5390
18164    2168  2185  2214  5279
18165    3186  3185  3804  4875
18166     114   109    86  4825
18167    4362  4259  4565  4791
18168    4471  4358  1696  4170
18169    3263  3643  4944  5403
18170     609  4183  4186  5139
18171    3002  2978  4627  5319
18172    2056  1412  1442  4691
18173     322  1209   410  4607
18174    1209   322  1435  4607
18175    4178  4240  4338  4414
18176    1970  1971  1954  4529
18177    2488  4485  4970  5281
18178     112  1599  3811  4637
18179    4647  4749  4813  5203
18180    1526  1777  5012  1765
18181    2155  2146  4662  4867
18182    4749  4435  5161  5343
18183    1563  1586  1643  4995
18184    3131  3230  3212  5188
18185     925   901  4590  4600
18186    4374  4921  5004  5293
18187    2222  2198  2677  4499
18188    4011  1769  4739  4767
18189    2078  2043  4254  4671
18190    2788  1165  2817  4862
18191    1252  1717  2074  3692
18192    2074  1717   987  3692
18193    1252  1870  2810  3692
18194    3469  1252  2810  3692
18195    1222  1082  1705  1232
18196    3424  1870  3433  3692
18197    1870  3424  2810  3692
18198    2702  3469  2810  3692
18199    3424  2702  2810  3692
18200     833  4405  5006  3840
18201    3424  3469  2702  3692
18202    3469  3424  2702  3425
18203    4138  4678  4827  5179
18204    2532  2518  4996  5191
18205    3429  3477  3464  4664
18206     831  3660   874  4664
18207    4135  4214  4572  4686
18208    2422  2381  4831  5127
18209    3167  3217  4427  4715
18210     933  4183  5139  5243
18211     192   196  3645  4820
18212    4290  4173  4311  4448
18213     953  3016   981  4563
18214    4140  4279  4439  4607
18215    3407  3466  3790  3696
18216     848   834   869  3791
18217     611  3466  3428  3696
18218    4474  2174  4656  5212
18219    3850  3906  4887  5326
18220     882   848   869  3791
18221    3643  3251  4162  4479
18222    3059  3058  3105  5336
18223     611  3457   616  3696
18224     611  3428  3457  3696
18225    2366  2866  2365  4658
18226     833   846  4405  3840
18227     846   833  4405   804
18228    1071  2088  1258  4835
18229    2915  2935  2916  4290
18230    3253  3744  3270  4642
18231    1487   580  3518  5053
18232     535   534   540  4556
18233    1038  3096   550  4974
18234    2434  2424  4606  5381
18235    1685  1610  1531  5101
18236    3305    31   569  4476
18237     488   467   487  5309
18238     566  3841  4020  5100
18239    2610  1205  3504  3701
18240    1205   223  1082  3701
18241    3504  1082  1205  1232
18242    1082  3504  1205  3701
18243    1850  1822  1849  5131
18244    1570  3592  3682  3702
18245    3654  3262  4404  4944
18246     639   638   651  4679
18247    2345  2154  2173  4739
18248    4613  4548  4701  5267
18249    3766  3073  3060  4407
18250     372   371   377  5384
18251    3653  3859  4845  5385
18252    1565  1524    10  4239
18253    4453  4714  4849  4949
18254    2981  2995  5015  5350
18255     600   610  5004  5035
18256    4203  2498  4711  5223
18257    2327  1852  4391  5321
18258    1788  2195  2460  4504
18259    1924  2709  2721  3807
18260    2973  2997  5015  2996
18261    2998  2938  2937  5374
18262    4312  4896  5122  5361
18263    2231  2184  2168  5279
18264    2849  2289  2288  4755
18265    2642  2624  2589  4864
18266    3867   595  4337  4590
18267    4277  4540  4826  5164
18268    3662  2678  4787  4866
18269    2362  2326   342  4745
18270    1374  1022  4736  3533
18271    2495  2496  4814  5165
18272    4145  4276  5058  5358
18273    4734  5193  5196  5263
18274    2868  2368  4869  5359
18275    3996  3972  3997  4006
18276    4433  4235  4561  5260
18277    4431  3802  4452  5269
18278    3061  3047  4107  5196
18279    3647  1217  4761  5299
18280    2126  2634  4499  4854
18281    1848  1887  1849  4789
18282     118   725  4818  4986
18283     641  3559  3539  4595
18284    1932  3544  4953  5233
18285    2122  2315  1884  4302
18286    3218  3242   938  5062
18287    4139  4300  4448  5197
18288    4683  1078  4772  5166
18289    1315   855   185  3708
18290    2105   185   755  3708
18291    1282  2105   755  3708
18292    2105  1315   185  3708
18293    2102  1346  1347  3708
18294    2102  1282  1346  3708
18295    1347  2105  3708  1315
18296    2105  1282  2102  3708
18297    2100  2666  2224  4185
18298    4218  4193  4369  4635
18299    4193   853  4218   929
18300     172  1618  4379  4654
18301     143    92   135  4654
18302    1676  1956  4462  5024
18303    4223  4255  4767  4785
18304    1075  1124  4562  5081
18305    4372  4543  4996  5380
18306    4417  4171  4481  4993
18307    4158  4143  4366  4870
18308    4152  4435  4823  4870
18309    1317  1272  4615  5076
18310    1616  4441  4756  5199
18311    1257  1343  4875   916
18312    5177  4996  5191  5388
18313    4143  4146  4366  4870
18314    3104  3728  3070  5009
18315     693   732  4367  4470
18316    1244  2137  4134  5025
18317    2501  4184  4416  4551
18318    3679  3690  2758  5324
18319    1313   296  1435  4684
18320    4418  4409  4425  4919
18321    3490   985  4643  4863
18322     467   489  4781  5309
18323    4597  4221  4787  4955
18324    2997  3034  4336  5015
18325    1950  1135  4325  4747
18326     476  4508  4595  5167
18327    3078  3157  3080  4440
18328    2308  1451  4398  4804
18329    2611  2646  4853  4894
18330    1187  2054  4589  5313
18331    2968  2967  4627  5319
18332    2928  2895  4354  4770
18333    4511  4214  4583  5200
18334    1106  1088  4446  4576
18335    3868    31  5216  5294
18336    1938  1971  4622  3773
18337    1610  1685  4333  5101
18338    4137  4226  4679  5333
18339    2801  2786  4640  4955
18340     227   250  4668  5329
18341    2185  2168  2165  4933
18342    1704  3250  4479  4805
18343    1388  1300   378  4633
18344    4301  3210  4322  4960
18345    4168  4409  4418  4903
18346    3972  3842  4016  4680
18347    4284  4282  4867  5024
18348    2971  2992  5119  5168
18349    4207  4224  4309  4810
18350     303   286  4473  4728
18351    4473  4399  4728  4810
18352    4417  4473  4668  4728
18353    4393  4608  4733  5247
18354    4228  4865  4929  5275
18355    1300  1385   101  5318
18356    2175  2397  4775  5395
18357    1904  2846  2237  5347
18358    4305  4629  5063  5320
18359    2202  3588  4395  5158
18360    4770  4167  5374  4872
18361    3476  1811  3796  1819
18362    2958  2971  2992  5119
18363    2078  2044  4671  5306
18364     855  1856   726  3916
18365     623   909  4190  4889
18366    4580  4811  5160  5172
18367     487  3674  4081  4999
18368    2124  2278  4289  4636
18369    4836   329  4949  5310
18370    3136  3802  4452  4762
18371    3389  2807  1056  4295
18372     440   293   116  4304
18373    4514  4866  4948  4987
18374    3036  3993  3974  4880
18375    1024  3475  1819  3853
18376    1056  2807  3353  4295
18377    4125  3342  5045  5302
18378    2835   230  2248  4920
18379    2524  2569  4551  5261
18380     240   754   608  3916
18381    3040  3031  3068  4344
18382     611  1869  3797  3831
18383    1869   611   616  3831
18384    3354  3902  4295  5155
18385    1348   754   240  3916
18386    2508  2483  5109  5152
18387    4849   328  4453  4949
18388     299   272   284  4959
18389    4288  4357  4434  4489
18390    4377  4322  4517  5188
18391    5082  4992  5099  5134
18392     738   828  5262   685
18393    4054  3991  4101  4123
18394    1399  3671  1373  4670
18395    3389  3354  4628  4768
18396    3075  3076  3766  4087
18397     115   180  1564  4304
18398    1475  1864  2379  4885
18399    2505  2661  4282  5024
18400    4231  4152  4478  4502
18401    2371  2395  2377  4535
18402     115   293   180  4304
18403    2653  2618  5049  3513
18404    1848  3616  4789  5248
18405    4632  4447  5209  5308
18406    5160  2145  2264  5172
18407    2857  2841  3585  4575
18408     584  2739   820  4509
18409    2382  2373  2393  4658
18410    4277  4703  4848  5164
18411     550  3326  4307  4974
18412    4560  4298  4935  5215
18413    4346  4559  4760  4978
18414    3048  3080  3062  4230
18415    4311  4280  4384  4975
18416    2008  2007  4323  4968
18417    3117  3140  3129  4381
18418    3126  4035  5162  5387
18419    5193  4880  5196  5263
18420    3627  3815  3779  4574
18421    1946  3746  4896  5361
18422    2264  2201  2281  5160
18423    1734  1479  1492  4922
18424     951  2846  5347  5395
18425    4350  1340  4785  4923
18426    4458  4496  4706  4724
18427    3267  3207  4832  5147
18428    1426  4350  4361  4923
18429    1426  1406  4350  4923
18430    1028  1041  4863  4954
18431     457   491  3963  4690
18432    2649  2663  4645  4987
18433    2089  2036  5383  1116
18434    4886  4674  4936  5331
18435    3049  3095  3081  4673
18436    2383  2669  4731  4844
18437    1971  3773  3729  4622
18438    4776  4443  4905  4978
18439     317   276  1553  4725
18440     305   253   276  4725
18441     262   276   253  4725
18442      41    32   558  4502
18443    3754  3516  4141  4720
18444    3720  1945  4507  5361
18445     660  3756   900  4578
18446     207   218  4294  5169
18447    4504  4189  4594  5017
18448    4350  4200  4614  5282
18449     119  1576  1557  5134
18450    4384  4311  4418  4931
18451    4210  4159  4212  4931
18452    2574  2625  2644  4710
18453    4216  4265  4331  4931
18454    4449  1792  4985  5180
18455     323   167  1402  4748
18456    2759  2793  2780  4815
18457    2556  2569  1823  4966
18458    4170  4229  4274  4901
18459    1151   582   313  5214
18460    4248  4539  4623  5128
18461    2698  2674  2718  5048
18462    4381  4301  4475  5124
18463    4371  4199  4518  4932
18464    4614  4338  4796  5140
18465    1839  2618  4518  5049
18466    2687  2674  2698  5048
18467    1744  2197  3494  4370
18468     110   362   404  4250
18469    2623  2640  2605  4777
18470    4254  4402  4671  5202
18471    1749  1741  4162  4479
18472    4611  2385  4718  5306
18473    2864  5022  5042  5244
18474    2451  2603  4261  4885
18475     193   192  4820  5316
18476    2450  2430  4485  4950
18477    1750  1483  1735  4162
18478    3293  3312  4932  5094
18479    3626  3869  1112  5312
18480    2716  4649  4815  5084
18481    1460  1490  1491  3743
18482    2147  2137  4392  5025
18483    4915  4732  5296  5350
18484    1208  1313  4478  4991
18485     939  4563  4884  5213
18486    3268  3978  4113  4858
18487     960  4427  4773  3198
18488    4170  4256  4901  5169
18489    4210  4212  4236  4931
18490    4236  4394  4418  4931
18491     188   325   295  4657
18492    4780  4634  5159  5348
18493    4011  2312  4767  5289
18494    3844  3911  3992  5012
18495     769   743  1368  4524
18496     371   319  4274  5133
18497    1548  3219   768  4333
18498    1986  2013   768  4333
18499    1542  2061  4694  4782
18500     496  1019  3933  4157
18501    1100  4450  4582  5218
18502    1345  1277  5342  5343
18503     835   838  4341  4527
18504     513   514  4268  4652
18505    1514  1513  1532  4242
18506    4193   779  4635  4783
18507     196   175  4294  4799
18508    3204  3191  3581  4967
18509    4439  4231  4465  5051
18510     151   100   133  4951
18511    1063  1052  4772  4954
18512     601  3145  3160  4951
18513     744   900   552  4578
18514     579   587   959  5035
18515    1477  3161  1454  3901
18516    2869  1727  3751  2282
18517    1701  2879  2869  3751
18518    4270  4656  4705  5000
18519    3515  3633  5191  5363
18520    4366  4717  4822  4939
18521    3922  3955  4081  5386
18522    4479  1704  4805  4964
18523     897   344   401  4519
18524    4137  4464  4660  4826
18525    4063  4845  5176  5230
18526    2060  3699  2091  4626
18527    4340  4354  4382  4543
18528    4737  4324  4981  5207
18529    4388  4674  4886  5331
18530    2236  2186  2321  4769
18531    2972  2934  2951  4711
18532    2275  2283  5274  2251
18533    3084  4344  4780  5348
18534    4331  3118  4381  4732
18535      89   589  4374  4741
18536    4135  1532  4242  4800
18537      71    86    87  4378
18538    1657  1523  4393  4608
18539    1459  3316  3355  4544
18540     559  3896  3324  5216
18541    1931  1925  1940  5233
18542    1323  2162  4826  5246
18543     145   126  4993  5277
18544    4225  4169  4601  5041
18545    4132  4771  5112  5163
18546    4229  4161  4303  4520
18547     377   412   389  5384
18548      51    52    36  5385
18549    4348   816  4806  5106
18550    2075  2537  1452  4611
18551      60   574  5128  5238
18552     719  4258  4644  5222
18553     890   641  4596  5073
18554    2953  4319  4627  5038
18555    1213  1370  5161  5376
18556    4300  4139  4610  5171
18557    4320  4308  4549  5201
18558    4269  4147  4367  5389
18559    3769  2193  5140  5228
18560     596  1442   740  4691
18561    2537  4530  2075  1409
18562    1286   127  1170  4611
18563    4146  4215  4611  4653
18564    1673  1667  4208  5150
18565    1193  1075  1182  5083
18566    1480  1463  1455  4805
18567     876   159  1368  5275
18568    4310  4563  4970  5130
18569    1683  1673  4208  4740
18570    2190  2313  4636  4796
18571    2457  2437  2436  4237
18572    4134  4190  4873  5096
18573    4276  4324  4665  4670
18574    4279  4439  4607  4735
18575     278   122  4505  3820
18576    1728  1744  3697  4246
18577    1595  1588  5068  5245
18578    3287   564  3256  3760
18579    3955  5167  5367  5386
18580    2683  1927  5269  2671
18581    3400  2228  3453  3956
18582    1541  3722   441  4508
18583    4227  1370  4435  5352
18584    3332  3354  4494  5155
18585    1416  4826  5246  5353
18586    4240  4257  4713  4755
18587    4464  4573  4798  4945
18588    1550  1638  1677  4483
18589    1658  1638  1550  4483
18590    5056   151  5256  5272
18591    2933  2924  2923  5271
18592    4202  4159  4693  5389
18593     294   875    39  3763
18594    4258  3472  4190  3752
18595    4737  1352  4840  5341
18596    2674  2644  4425  5088
18597    3457  1869   616  3831
18598    4914  4436  4951  5226
18599    3318  3924  3334  4153
18600    2147  2152  4392  4867
18601    3094  4062  4299  3077
18602    3319  3563  5176  5230
18603    1585   119   145  5277
18604     846   804  4353  4600
18605    1632  1786  5018  5366
18606    3076  3060  3075  3766
18607    4204  1160  4451  4721
18608    2768  2767  4238  5173
18609    2012  1986  2011  4816
18610    4787  4514  4866  4948
18611    1933  1342  4569  5225
18612    1080  1883  1836  4911
18613    2318  2319  2287  5103
18614    2689  4853  1938  5173
18615    4498  4460  4689  4895
18616    4439  1209   381   469
18617     743   769   199  4437
18618    1019   496   188  4657
18619    2920   936  4112  4659
18620    2519  3515  2532  5388
18621    4003  3499  5023  5400
18622    2930  2953  2943  5038
18623    3031  3067  3083  3768
18624    3031  2991  5066  3005
18625    4456  4169  5033  5128
18626    5042  2376  5244  5254
18627    2641  2607  2605  4411
18628    1988  2670  2036  5061
18629     205   206  5117  5392
18630    2239  2464  1756  5223
18631    1933  1990  1733  4129
18632     392  2000  4195  4263
18633    3306  3998  4316  4317
18634    1243  1142  1057  4665
18635    1309   118   931  4818
18636    3070  3728  4331  5009
18637     992  2489  4643  5259
18638    1676  3400  3956  5378
18639    4150  4133  4330  4505
18640     587   960   959  5035
18641     619   610   599  5035
18642    4931  4265  5019  5389
18643    3228  3179  3208  5297
18644    4971  4771  4985  5112
18645     510   479  4568  5206
18646    1352     7  1236  5111
18647     587   579   600  5035
18648     599   610   579  5035
18649    4213  2108  4651  4910
18650    3847  3985  3270  4642
18651    4880  4345  5193  5396
18652    3912  3327  4208  4480
18653    1479  3250  3190  4964
18654    4344  4184  4861  5174
18655    1572  1634  1600  4501
18656    2272  2212  4557  4910
18657     145   144  4993   126
18658     637   626  4921  5004
18659    2128  2126  4499  4854
18660    3124  3039  4461  3631
18661     807   225  4537  4980
18662    4366  4241  4704  4976
18663    1788  2195  4504  5017
18664    4403  3821  4659  4841
18665    1066  1102  4665  5090
18666    1524   327  4239  4373
18667    5368  5376  5402  5161
18668    4428   146  4458  5284
18669    3009  2981  2972  4792
18670     124    92  4621  4654
18671    4823  1204  1370  1213
18672    3918  3827  3634  3936
18673    2255  1101  4421  4828
18674      75  3160  3159  4951
18675    2718  2780  2782  4726
18676    3130  3118  3164  4301
18677    3781  4062  4119  4680
18678     801   926   886  3782
18679     855  1315  1856  3916
18680    2669  2737  2526  4731
18681    2748  2719  4948  4955
18682    4413  2531  4927  4996
18683    2108  2133  4651  4910
18684    2554  2523  4416  4551
18685    1819  3470  1080  3796
18686    2743  2791  2792  5324
18687    4180  4858  4925  5147
18688    2221  2290  2158  4798
18689    4573  2290  4798  4945
18690    2340  2226  2326  4646
18691    2379  2798  4397  5050
18692    1590    94  1577  4428
18693    2965  2976  4319  4841
18694    2694  4146  4261  5250
18695    1903  2787  4523  5053
18696    1675  1651  4471  5401
18697    4259  4175  4565  4751
18698     663  4696  5295  5334
18699    2373  2366  2365  4658
18700    2710  2669  2383  4844
18701    2219  1758  4720  2129
18702    1817  3983  1588  5205
18703    1539  4501  1600  4432
18704      56  3992  4466  5012
18705     304   286  4728  4809
18706    3720  1944  4312  4507
18707     588   960  4650  3784
18708    4471  4809  5236  5392
18709    3894  3575  4061  4972
18710    2253  2405  4541  4730
18711    5104  4318  5143  5187
18712    4290  4340  4448  4931
18713    4296  4508  4979  5234
18714    4167  4403  4802  4872
18715    4308  4176  4942  5201
18716     532  3722  4592  5073
18717    3152  4355  4940  5290
18718     751   516  4512  5120
18719     941  2930  2931  5038
18720    1336   775  5218  5342
18721    2342  2363  4223  4646
18722      28  2146  4392  5111
18723     812  4906  5021  4005
18724    2806  2600  2415  4261
18725     967  4288  4763  5283
18726    3636  5020  5094  5121
18727    1323  2109  1322  5097
18728     192   193   164  4934
18729    3274  3255  3254  5216
18730     153   381  1400  5318
18731    4641  4143  4976  5101
18732    2966  3002  3014  5319
18733    4031   594  4477  5100
18734    4185  4223  4255  4767
18735     640  4648  5081  5140
18736    4524  4681  5010  5242
18737    1635  1666  1618  4441
18738    5262  3686  5299  5338
18739    5074  4888  5297  5298
18740    1370  1008  4227  4813
18741    1221  1570  4644  4873
18742     985   986   955  4913
18743    3199  3393   452  5059
18744    3775  4128  4135  4459
18745    1919  2593  4903  5248
18746    4234  4499  4854  5250
18747    3214  3213  4049  4476
18748    2813  2441  4611  4718
18749     147   164   165  4934
18750    4275  4775  5219  5250
18751    4985  5112  5153  5205
18752    3407  1141   795  3790
18753     616   795  3407   903
18754     795   616  3407  3790
18755    4322  4724  4960  5176
18756    4418  4425  4903  4919
18757     387   369   340  4655
18758    2945  2968  4390  5319
18759    3632   584  4509  4691
18760     410  1420    40  4607
18761    2775  2444  2774  4791
18762    1011  2774  4235  4791
18763    4193  4166  4320  4420
18764    2928  2909  2937  4770
18765    2380  2389  3615  5113
18766    1022  1374  4736  3810
18767    1833  3293  3294  5094
18768    2753  1981  2754  4632
18769     596   771  4691   740
18770    1371  1368  5275   592
18771    2110  3558  3952  4691
18772    4207  4295  4349  4932
18773     509  3963   456  5032
18774    2508  2483  2475  5109
18775     134  1276  5341   287
18776    4793  2153  4829  4926
18777    3220  2598  4518  5020
18778    4596  4241  5073  5265
18779     842   933  4183  5139
18780    3614  2331  4487  5241
18781    2938  2939  2918  4872
18782    4388  4340  4506  4606
18783    2897  2911  5116  5271
18784    4540  4660  4774  5208
18785    1656  1819  1080  3796
18786    1171  3398  4456  3358
18787    4276  4281  5058  5358
18788    4504  2439  4814  5171
18789    2958  2992  2912  5119
18790    1565  1524  4239  4626
18791    3225  3263  4944  5403
18792     316   284   330  5044
18793    3091  3073  3520  4961
18794     613   887   623  4889
18795     655   887   644  4889
18796    1927  2671  4431  5269
18797    4192  4655  4690  5037
18798    3802  3384  4452  5269
18799      45  1257  1305  4875
18800    1829  1849  1822  4448
18801    4324  4155  4450  4582
18802    1052  1062  1063  4772
18803    4059   544  4716  5107
18804    2184  4289  4933  5279
18805     810   934  4558  1013
18806     933   539  5010  5243
18807    2451  2384  1745  4653
18808     835   891   632  4266
18809    5193  4202  5263  5389
18810     509  3892  5032  5375
18811    3738  3764  3100  4935
18812    4358   387  4819  5007
18813    4848  4774  5164  5252
18814    1710  2408  4375  5227
18815     521  3247  4510  4738
18816     810  4558  4186  1013
18817    2175  3812  4091  5395
18818    4607  1420  4882  5318
18819    4154  4260  4269  4285
18820    3306  3361  4317  4740
18821    4040  3235  4555  5028
18822    1527   440   116  4304
18823     219  3502   218  4294
18824    1646  1535  4303  4483
18825    4149  4320  4324  4737
18826    1840  1831  4498  5121
18827     299   316   365  4522
18828    4356  4408  4484  4640
18829    1259  3510  1256  5178
18830     475   476   454  4508
18831    4248  4428  4724  5028
18832    4095  4062  4086  4121
18833    3880  1748  4964  5249
18834    2994  2972  2951  4203
18835    3066  3631  3124  5292
18836    2693  2736  3715  4943
18837    1833  1825  5013  5239
18838     720   561  3785  4516
18839    4186  3725  4260  5282
18840    3507  2587  2621  5377
18841    4350  4614  4892  5282
18842    3282  3303  3675  3806
18843     601   650  4679  4914
18844    3841  2462  4020  5100
18845     880  3611   757  4316
18846    4231  4249  4406  4478
18847    3282  3302  3303  3806
18848    3974  3993  4617  4880
18849     852   880   890  4316
18850    4301  4265  4331  4381
18851    3022  3059  4588  5336
18852    1241  1267  3716  4195
18853     848   816   827  4348
18854    4342  4297  4599  5310
18855    3255  3324  3305  4476
18856    4418  4138  4570  4726
18857     776   921    53  5102
18858     614  3686   828  5262
18859     444   445   429  5037
18860     237   257   183  4916
18861    2270   556  2161  4651
18862    4455  4202  4917  4961
18863    4364  4209  4367  5389
18864    3885  3573  4456  5148
18865    3319  3563  3237  4724
18866     636   635   657  4921
18867    2217  2172  4867  5358
18868    2745  2795  4827  5179
18869    3165  3104  5009  3609
18870    1045  2560  1050  5346
18871     303   302  5123  5149
18872     811   835  4341  4527
18873    3616  1871  4789  5248
18874    4142  4240  4257  4713
18875    2790  2791  4264  4713
18876    2251  4811  4977  5000
18877    2598  1840  4518  5121
18878    2132  4651  2161  4881
18879    2593  2567  4903  5248
18880    4437   141  4380  4699
18881    2721  1924  3807  4868
18882    3671  1373  4250  5026
18883    3543  3717  4634  4893
18884    1293  1380  4478  4682
18885    1481  1463  1480  4805
18886    3127  3152  3724  4187
18887    1785  1776  1784  5018
18888    4445  4330  4754  5253
18889    4448  4237  4546  5152
18890    3793  4144  4817  5194
18891    3723  3759  2734  5156
18892    2475  2474  2482  5109
18893    2967  3014  4591  4627
18894    1701  2887  3594  5189
18895    2253  2210  3848  4007
18896    2734  2750  3723  5156
18897     444   490   456  4676
18898    4167  4159  4210  4931
18899    2818  2031  4414  4862
18900    4205  4291  4312  4968
18901     960   588  4650   587
18902     448   461  4351  5003
18903    3376  3325  3597  4208
18904    3333  3374  4477  5100
18905    4207  4309  4342  4599
18906    4356  1960  2842  1665
18907    2004  2022  2044  4671
18908    4099  2493  5177  5363
18909     581  4036  4032  5304
18910    1085  1051  4074  4772
18911     180   437  1648  4267
18912    4625  4198  4757  5001
18913    4826  1416  5246  5252
18914    3941  3200  3232  4891
18915    2364  2877  2867  5127
18916    1130   907  4252  4577
18917    1699   304  4358  4809
18918     237  4179  4328  4788
18919    4318  4378  5143  5187
18920    2333  2253  3848  3969
18921    4371  2652  4866  5049
18922    2376  2369  5042  5244
18923    1150  1077  4939  5190
18924    1792  1774  4985  5180
18925    4887  4598  5326  5379
18926    4313  4386  4563  5213
18927      82    66  4623  5128
18928    4378    71  5143  5187
18929    4244  4607  4882  5318
18930     556  2571  2765  4550
18931    1427  3613  4129  4891
18932    4229  4274  4901  5384
18933    1040  3903  4442  4772
18934    1878  1111  2337  4937
18935    4613  3121  4963  5267
18936    2384  2451  4261  4653
18937    2051  1865  2059  4325
18938    3017  3030  2387  5113
18939    4481  4668  4993  5370
18940    4706  4248  4724  4752
18941    1289   438  1293  4682
18942    1085  4074  4760  4772
18943    4373  1083  4451  4571
18944    2171  1220  4195  4662
18945     944   983  4563  3858
18946     983   944  4563   963
18947    2688  2626  2732  5235
18948    1236  1316  1352  5111
18949    4427   959   960  5035
18950    1829  1822  1810  5197
18951    1316  3576  1344  5111
18952       9  5207  4758  3977
18953    4599   249  4959  5067
18954    2353  2235  4468  5092
18955    1631  3290  1649  4976
18956    4149  4343  4490  5247
18957    5008  4435  5057  5161
18958    1477  1478  3189  4922
18959    4334  4358  4819  5007
18960    4868  4402  4953  5233
18961    4180  4566  4858  5147
18962     577  5091  5062   586
18963    2828  2844  4597  5185
18964    4820   192  4934  5316
18965    1599   112  3546  5070
18966    3588  2202  2016  5158
18967    3254  3240  3283  5390
18968    3093  3092  3108  4299
18969    4310  4345  4591  5193
18970    4572  1525  4800  4922
18971    2767  2733  4898  5173
18972    1639  5101  5322  5391
18973    3200  1427  4129  4891
18974    4534  4619  4675  4857
18975    1703  1843  1288  5247
18976     224   277  4748  5107
18977    2175  4775  5250  5395
18978    1417  1416   217  5246
18979    1803  2202  4892  5158
18980    4293  4343  4974  5247
18981     425   381  4439  4607
18982    4947  4598  5198  5355
18983     852   532   521  4596
18984    4218  4166  4578  4596
18985     830   880  4316  4596
18986    2499  2523  2500  4551
18987    3255  3324  4476  5216
18988    1463  3295  1455  4805
18989    1370  3874  4813  5376
18990    2454  2423  2453  4354
18991    3226  3205  3204  4967
18992    4298  3100  5036  5159
18993    4270  4236  4394  4418
18994    4229   356  4746  5003
18995    2604  2599  2711  4731
18996     825   824  4450  4582
18997    1017   604  4250  4582
18998    2879  3594  4370  5189
18999    4443  4154  4776  5083
19000     690  4818  4176   714
19001    4435  5008  5057  5343
19002    2903  3923  2890  4658
19003     387  3666  5086  5285
19004    4231  4181  4198  4406
19005    4251  4133  4505  5138
19006    4661  4706  4752  5238
19007    2108  2133  3600  4651
19008    4555  3271  4724  5028
19009    3333   572  3625  4070
19010       3     0  4612  4625
19011    4067  3779  4068  5145
19012     473   425  4745  5318
19013    2640  2686  4142  4777
19014    4346  4419  4442  4760
19015    3089  4961  5071  5337
19016    4212  4446  4755  4862
19017      77  4033  4026  4466
19018    1061  4559  4978  4760
19019    4501  4508  4158  5065
19020    4290  4340  4388  4546
19021    1229  1443  4412  4660
19022    3390  3527  1624  4329
19023    4032  4036  4070  5304
19024    1900  1909  4168  4667
19025     832   607   824  4582
19026    3301  4960  3271  4724
19027     913   895  4176  5201
19028    3171  3365   452  5199
19029    4224  4192  4810  4984
19030    4123  4097  4574  4900
19031    2019  4571  4694  5047
19032    2933  2951  3900  5116
19033    3980  1403  4134  5221
19034    4205  4312  4513  4968
19035    3153  3138  4187  5290
19036    2336  2299  2348  5240
19037    3360  1627  1584  5150
19038    2286  2193  2135  5240
19039    4285  4252  4577  5339
19040    1163   817  1179  5339
19041    1734  1479  4922  5387
19042     422   463  4268   421
19043    2880  2898  4730  5217
19044    4370  2880  4541  5217
19045    2540  3819  2531  4927
19046     657   665  4921   681
19047     484   910   570  4860
19048    1773  1774  4830  4985
19049    3396  3377  1470  3356
19050    2059  2051  4325  4765
19051    4995  4401  5229  5365
19052    1777  3911  5012  5366
19053    1774  3983  1817  4985
19054    4340  4372  4382  4497
19055    1376  1259  5178  3566
19056    2114  2321  3567  4389
19057    4188  1746  5400  5404
19058    3086  3100  4780  4962
19059    4182  4279  4607  4735
19060    4500  4478  5080  5382
19061     442  4781  4999  5309
19062    3475  3430  3465  3853
19063    1811  3475  3465  3853
19064    3475  1811  2063  3853
19065    3430  1811  3465  3853
19066    1811  3430  2063  3853
19067    4867  5058  4282  5358
19068    4387  4181  4984  5032
19069     297   282   339  4836
19070    1524  1565  1930  4626
19071    2139  1795  3689  3854
19072    4035  3930  5387  5398
19073    4143  4158  4366  4641
19074     335   911  5108   495
19075     872  3705  4267  5052
19076     465  4855   134  5207
19077    2139  1894  1795  2018
19078    4320  4393  4631  4737
19079     416   454   476  4508
19080    1555    65  1632  5018
19081    4349  4365  4431  4452
19082    1427  2071  1933  4129
19083     991   996   982  4363
19084    3383  3353  4432  5059
19085    4179  4160  4191  4328
19086    3486  3209  4642  5317
19087    1435  1214  1313  4684
19088     545   360  4612  4757
19089    4674  4467  4824  5331
19090    4493   854  4818  5201
19091    2974  2939  2938  4874
19092    4790  4236  4878  5321
19093    1476  3112  3065  4990
19094       6  3713  1130  4577
19095     676   675   686  4750
19096    4138  4219  4580  4672
19097    3388  2466  4349  4431
19098    4304  4267  5021  5052
19099    2250  2273  2212  4769
19100    4488  4554  4932  5183
19101     941   942  2921  3968
19102    2930   941  2921  3968
19103    2285  2169  3496  4705
19104    3939  3873  5072  5237
19105    4539  4248  4706  5238
19106    2045  2046  2023  4323
19107     852   521  3306  4316
19108    4621   125  5082  5099
19109    4176  4393  4608  5182
19110    5132  4273  5251  5270
19111    4263  4282  4662  4867
19112    2888  2871  2881  4535
19113    1657  4176  4942  5182
19114    3097  3949  3098  4908
19115    2911  2897  5189  5271
19116     811  4527  4644  5323
19117    2043  2078  2044  4671
19118     834   848   827  4348
19119    4409  4584  4678  4919
19120    3175  3203  5403  3225
19121    4668  4417  4728  4809
19122    4154  4178  4212  4232
19123    3743  3148  4990  4083
19124    2198  2259  4499  5219
19125    4345  3993  4627  5396
19126    2071  1933  2030  5225
19127     829   728   813  4317
19128     854   720  4493  3879
19129    3139  3153  3138  4187
19130    3027  3046  4407  5071
19131    4544  4846  5027  5118
19132    3706  3998  3876  4316
19133    3871  3973   829  4317
19134     757  3611  3871  4317
19135     757  3871  3514  4317
19136    3210  4301  4322  4517
19137    3611  3973  3871  4317
19138    2030  4239  4657  4721
19139    3369  3294  3354  4628
19140    2411  4506  4606  4658
19141      95    82  3865  4623
19142    2214  2344  4790  5279
19143    2453  2433  2471  4593
19144    1960  4356  2842  4575
19145    5057  4500  5161  5402
19146     721   729  4696  5034
19147    1745  1882  1863  4653
19148    4473   303  4728  5123
19149    3365  3172   452  4262
19150     497   465  4855     2
19151     465     9  5207  3556
19152    4162  3345  4404  4477
19153    3106  3688  3059  5336
19154     193   236  4328  4820
19155    2519  2520  5177  5388
19156    4160  4179  4405  4788
19157    4216  4184  4396  4808
19158    2927  2908  2973  4824
19159    4619  4675  4857  4941
19160    4422  4315  4438  4792
19161    4217  4230  4429  5040
19162    3190  3834  3223  4188
19163    2964  2963  4457  4874
19164    1579  1699  1571  4358
19165    1699  1579  4170  4358
19166    4405  4353  4410  4600
19167    2670  1988  4743  5061
19168    2256  1370  1008  4227
19169     482   546   515  4794
19170    3139  3138  3154  5290
19171    3439  1805  1178  5114
19172    2574  2541  2550  4710
19173    3899   668  5085  5258
19174    3675  3282  3806  4821
19175    4462  2737  4619  4731
19176    3459  1083  3411  4451
19177    3160   627   601  4951
19178     568  3757  4845  5390
19179     645  3526  3769  5228
19180     751   643   516  5120
19181     719   835   620  4266
19182    3639  3954  1459  4544
19183    2502   867   914  3940
19184     603  2797  3890  3940
19185    4655   387  5086  5285
19186    2036  1116  4195  4321
19187    4140  4171  4253  4417
19188    1352  1316  4981  5111
19189    4450   896  4750  5218
19190    4328  4160  4746  4788
19191    2673  2660  4547  5084
19192    3705   872  4267  4492
19193    3113  4083  4800  4990
19194    4166  4307  4434  4704
19195    4271  4202  4299  4917
19196     183   209  4179  4328
19197    1237  1226  4813  3856
19198    2932  2971  2958  5168
19199     779   628  4193  4369
19200    4311  4894  5211  4280
19201    4169  3964  4456  4601
19202    4380  1245  4929  4952
19203    1096  2229  4468  5154
19204    4169  4248  5128  5238
19205    5027    44  5082  5327
19206    4255  4251  4350  4785
19207    3639  4544  4786  5118
19208    5102   922  5115  5330
19209    4536  4352  4645  4987
19210    3732  4061  4967  4972
19211    4766   667  5226  5256
19212    3666   398   387  5086
19213     326  1320  1314  4245
19214    1914  1739  3709  4245
19215    2012  1610  4333  4816
19216    4147  4310  4346  4464
19217    4140  4181  4231  4387
19218    4149  4145  4434  5087
19219    1351   322  4607  4684
19220    2943  2391  2931  5038
19221    1747  1748  5249  1776
19222    3089  3119  4961  5337
19223    1983  1982  1996  4688
19224     120  4744  4934  5316
19225     489   508  4781  5309
19226    1806  2837  2796  4743
19227     523   534   488  4812
19228    2907  2913  2926  4189
19229    4267  4304  4308  4740
19230    1053  1069  4759  4954
19231    4281   432  5063  5203
19232    3404  3478  4190  4604
19233     442   467   466  5309
19234    1319   325  4245  4657
19235    1789  1799  1800  4594
19236    3461  2725  4305  4604
19237    2142   228  4487  4722
19238    4264  4236  4521  4815
19239    4709  4992  5099  5298
19240    4255  4232  4391  4879
19241     122  4326  4505  5258
19242     633   538   528  5242
19243    4162  3296  4477  4956
19244    2970  2956  3495  3882
19245    2956  2970  3495  2955
19246    2956  3495  3882  2314
19247    2314  2956  3700  3882
19248    4054  4053  4123  4802
19249    2682  1898  4842  2602
19250    4567  4589  4624  4842
19251    2984  2985  2963  4457
19252    3954  3377  4544  5118
19253    3122  3081  4673  5046
19254     614  3660   831  4538
19255    3192  4940  5264  5278
19256    1826  3932  1594  5151
19257    3008  3009  4203  4315
19258     504   512  5002  5039
19259     575   576  5394  3603
19260    2296  2347  2234  4946
19261    2165  2168  2163  4933
19262    4234  4243  4397  5053
19263    4471  5117  5236  5280
19264    1832  1833  5013  5094
19265    5403  3190  3223  4188
19266    2474  2434  4382  5109
19267    1987  3905  1168  4983
19268    3463   226  4157  5060
19269     225  1393  4537  5190
19270    2545  2569  4966  5261
19271    1033  1739  4321  5029
19272    1828  2542  1857  5165
19273    4388  2425  4886  5152
19274    1724  2061    12  4782
19275    2664  2707  2665  4787
19276    4191  4378  4744  5316
19277    4378  4191  4491  5316
19278    1582  1421  2000  2090
19279     341   332   340  5123
19280    4324  4149  4737  4840
19281    3227  3266  3651  4925
19282     603  2797  3831  3890
19283    2502  1869  2797  3890
19284    2797  1869  3831  3890
19285     765   746   773  4856
19286    1006  2468  1016  4863
19287     601   627  4914  4951
19288    4427  4271  4548  5035
19289    4295  4207  5059  5142
19290     680   657  4801  4921
19291     151   133  4914  4951
19292    4072  3721  4119  4880
19293    4231  4140  4279  4439
19294    4340  4210  4497  4931
19295    1583   124    91  4784
19296    1447   405   495  4186
19297     664   635  5295   680
19298     543  4625  5001  5206
19299    4169  4153  4225  4601
19300    2053  1958    55  4765
19301    3529  4930  5119  5168
19302    4146  4775  5125  5250
19303    1971  4409  4622  4667
19304    2332  1918  2243  4302
19305    3124  3631  4461  5292
19306    1071  2084  2088  4835
19307    4391  2148  4739  4879
19308    1696  1579  1691  4725
19309    1663  1553   262  4725
19310    3968   941  4319  5038
19311    4199  4518  4554  4943
19312    4610  3569  4869  5054
19313    2177  2275  4811  5241
19314    2787  1688  4523  4997
19315    4531  1573  4861  5344
19316    4598  4364  4766  4921
19317    4280  4311  4894  4975
19318    4746   319   320  5384
19319    2842  1665  1655  4833
19320    2201  4620  5160  5260
19321      36  4727  5294  5390
19322    4214  4459  4511  4583
19323     687   667   666  4766
19324    1001   982  4363  4563
19325    3202  3096  4875  4974
19326     238   246   360  4757
19327    1510  1485  4786  5231
19328    2361  2164  2325  4735
19329    2362  2247  2176  4735
19330     342  2325  2362  4735
19331    2273  2247  2200  4735
19332    4387  4690  4859  5032
19333     745   178  4179  5034
19334    3174  5400  5398  5387
19335    4158  4333  4501  5101
19336    4935  3738  5023  5036
19337     579   959   560  5035
19338    3047  4072  4107  4880
19339     519   391   520  4952
19340    1294  5026  4250  3734
19341    3991  4014  4054  4101
19342    2809  3947  2822  5072
19343     909  1098   798  4604
19344    3501  1167  4530  4834
19345     900   518   552  4578
19346    4274   305  4725  4901
19347    4265  4161  5280  5389
19348     636   610   635  4801
19349    1818  1812  1793  4971
19350    2688  4678  4919  5088
19351    4248  3964  4752  5351
19352    1792  1793  4449  4971
19353    1186  3869  3626  4842
19354    4456  4248  4752  5351
19355    2393  2373  2365  4658
19356     572  3333  3374  4477
19357    4357  4284  4462  4731
19358    5170  4727  5216  5294
19359    2083  1185  1328  4513
19360    1031  3383  2620  5059
19361    2863  2864  1880  5022
19362    1070  1023  1128  5283
19363     313   359  2355  5214
19364    1825  1593  1816  5239
19365    1465  1457  1483  4162
19366    4256  4191  4471  5280
19367    1187  4589  4835  5313
19368    3739  3813  4065  5070
19369     532   521  4596  5265
19370    4766   658   637  5293
19371    3094  3077  4299  4963
19372    4247  2582  4396  5261
19373    5045  4125  3932  4098
19374    3207  3193  4940  3208
19375    2987  2963  3001  4457
19376    2335  2364  2867  5127
19377     975   986   956  4989
19378     578   560   564  5062
19379    3990  3300  5028  5041
19380    3830  4617  4680  4880
19381    4420   775  5218  5288
19382     408  3683   430  5037
19383    1579  4483  4725  4819
19384    4274  4229  4303  5133
19385    1761  4135  4242  4852
19386    1816  1573  4531  4895
19387     853   929  4193  4783
19388    4447  2679  5049  5209
19389    2453  2471  4543  4593
19390    2091  1867  2060  4626
19391    4324  4155  4670  4758
19392    3516  4141  4720  5292
19393    4607  4398  4735  4745
19394    4681  4183  5010  5243
19395     425  4607  4745  5318
19396     225  1393  1367  4834
19397    4219  4729  5105  5362
19398    3638  1945  1927  4507
19399    2254  2216  2178  4924
19400    4471  5117  5280  5401
19401    2765  2180  4474  4764
19402    2502   914  3797  3940
19403    2502  3797  3890  3940
19404    4138  4219  4384  4418
19405    2604  2383  2669  4731
19406    3067  3114  3097  3913
19407    3006  3020  3007  4893
19408    1403  1311  1310  5025
19409    4958  3226  4967  5278
19410    4630  2611  4853  4894
19411    4278  4335  4416  4634
19412     216   206  5392  5401
19413    2522  1802  2511  4792
19414    1370  4227  4435  4813
19415    1452  2537  2813  4611
19416    4576  4383  4759  4863
19417    1540  1628   279  5357
19418    2973  3758  4336  5015
19419    1439  1287  1269  4837
19420    1841  4149  4325  4747
19421    2455  2475  2483  5109
19422    3198  3144  4773  3168
19423    1497  1639  1631  5101
19424    1023  1298  4288  4434
19425    1221  1570  4056  5323
19426    2797   603  2833  3940
19427    4366  4146  4534  4870
19428      66  4169  4623  5128
19429    4552  4350  4892  5282
19430    2276  2277  5058  5378
19431    4580  4219  4620  4672
19432    2422   966  2432  5184
19433    4146  4136  4870  5125
19434     463   422  4268   932
19435    1762  1773  4830  5200
19436    4414  4178  4755  4862
19437    4251  4232  4255  4350
19438     620   719  4266  4843
19439    4254  4194  4447  4553
19440    2008  2032  2009  4513
19441    1370  4435  5161  5376
19442    2171  4195  4282  4662
19443    1856  1315   754  3916
19444    1632  1554  1555  5018
19445    4460  4247  4498  4689
19446    1621  1670  4491  5401
19447    3203  4803  4967  5399
19448    4409  4418  4903  4919
19449     381   153  4607  5318
19450    4458    96  4539  4706
19451    1883  3613  3893  3941
19452    2180  2765  4474  4550
19453    1091  3232  3555  4009
19454     360   238  4757  4882
19455    4295  4365  4452  4432
19456    2478  2464  2501  5204
19457    3341  3368  3332  5155
19458     475  3672   476  4595
19459    3200  1609  3941  4009
19460    2993  3543  3008  4893
19461    3208  4940  5147  5297
19462    4462  2277  4828  5031
19463    4695  5164  5246  5339
19464    4488  3258  4554  5183
19465    3101  3127  3724  4560
19466    2367  2868  2875  4936
19467    2404  3711  4869  5360
19468    2387  2417  2389  5113
19469    1606   106  1592  5070
19470    2694  2658  4941  5250
19471    1167  1367   606  4834
19472     328   281   260  5310
19473     249   241  5067  5310
19474    3643  3251  4479  5403
19475    3225  3224  3263  5403
19476     271   281  5067  5310
19477     271   260  5310   241
19478    4318  4191  4378  4744
19479     186  3393  3199  5059
19480    4528  4979  5167  5234
19481     965   966   957  5184
19482    4242  3124  4461  5292
19483    4441  4379  4654  4756
19484     758   783  4965   782
19485     476  4044  5167  5181
19486    2134   423  4395  4892
19487    3539   641  4595  5073
19488     285   300   331  5149
19489    2277  2338  4828  5031
19490    4878  4338  4933  4957
19491    3249  4932  5020  5183
19492    3273  3283  3272  4845
19493    4673  4951  5226  5293
19494    2110   726  3558  2429
19495    4022  1086  4978  5014
19496    1332  4647  4749  5343
19497     100   151  4914  4951
19498    2351  2361  4279  4376
19499    1710  2905  2911  3928
19500    2905  1710  2911  1721
19501     692   699  4470  4696
19502    1983  1996  2045  4688
19503    3177  3206  4940  5278
19504    1311  1419  1337  5096
19505    2493  2519  2482  5177
19506    4914  5056  5256  5272
19507    3515  2519  2493  5177
19508    4439  1430  4465  4684
19509    4227  4829  5103  5352
19510    2339  1007  4656  5212
19511    1678  1692  1628  5357
19512     786   760  5355   747
19513      28  2136  1428  5025
19514    2147  4134  2152  3832
19515    1724  1752  3767  4782
19516    1015  3745  4442  5281
19517    4703  3801  5164  5339
19518    3905  1109  4983  5110
19519     900   930   531  5195
19520    4013  4046  4617  4909
19521     452  4262  4707  5199
19522    2291  2302  4764  5172
19523    1181  1176  3704  5083
19524     234   483  1280  4699
19525     162   205   174  5117
19526    4753  4935  4545  4298
19527     498  1580  5135  5194
19528     697   698   140  4687
19529    4224  4359  4556  5266
19530    3005  3019  2992  5305
19531     206  1659  5117  5401
19532    2993  3008  2994  5305
19533    2426  2464  2442  5204
19534     538  4524  5010  5242
19535    3937  4008  1826  5302
19536    1817  1818  4971  5205
19537    3596  3013  3884  5040
19538    1911  3498  2681  5268
19539    3200  4009  3941  3232
19540    4266  4538  4698  5338
19541    1856   726  3916  3944
19542    4294  1675  5169  5401
19543    1348  1856  3916  3944
19544     726  1856  1917  3944
19545     622  1372   608  3944
19546    2472  2517  5380  2492
19547    4154  4252  4285  4776
19548    2707  2665  4787  4866
19549    1819  1199  3982  5016
19550     897   898   845  4519
19551    4158  4501  5065  5101
19552    4430  4638  4262  4287
19553     899   846   858  4519
19554    3779  3612  4068  5145
19555     113    86  4378  4825
19556    4199  4463  4488  4932
19557    2935  3530  4173  5015
19558    4199  4349  4463  4932
19559    4194  4151  4199  4932
19560     568  3322  3351  5390
19561    2455  2474  2475  5109
19562    4886  4506  4936  5340
19563    3018  3054  4128  5292
19564    4624  2562  4844  5312
19565    3024  3000  4588  3026
19566    3918  3827  3881  3634
19567    1331  3786  1228  4991
19568    2684  1962  4080  5033
19569     211  2291  4764  5260
19570    4232  4182  4391  4394
19571    1332  1422  5069  3945
19572    2442  3891  2426  5204
19573    4254  4194  4653  5306
19574    2797  2502  3890  3940
19575    2502  2797  2833  3940
19576    3613  1883  4911  3941
19577    2497  2027  1807  4565
19578    4502  4478  4991  5080
19579    2357  4793  5303  5352
19580    2564  4411  4413  4777
19581     184   178  4283  5034
19582    1722  3914  1732  4461
19583     327    11   349  4373
19584    2058  1285  2067  4669
19585      69    68    84  4496
19586    4287  4368  4628  5045
19587    2906  2888  3772  4730
19588    3813    84  4065  4496
19589    3527  3644  1624  4329
19590    1621  1591  1620  4496
19591    4031  4032   572  4477
19592    1730  2464  2426  5204
19593    1591  1592  4496  5070
19594     192   176  4934   164
19595    4191  4160  4256  4328
19596    1276   134  5341  3843
19597    1647  1521  4982  5011
19598    3367  3366  4762  5155
19599     697   691   707  4283
19600     310   336    53  4426
19601    4873  4134  5221  5300
19602    2649  2595  4987  2664
19603    4620  4672  4692  4722
19604    4193   744  4218  4578
19605    2188  2123  1975  4988
19606    3641  2586  4503  5050
19607    3102  3128  4164  4187
19608    3174  5400  5387  5404
19609    1810  1799  4594  4876
19610    1743  1787  1977  4615
19611    3212  4702  4928  5188
19612    2459  2414  4603  4814
19613    1902  1127  1097  4559
19614     205  5117  5370  5392
19615    2503  4890  5311   984
19616    1507  1514  4990  1513
19617    1024  2063  1819  3982
19618    4159  4419  4424  4485
19619    1162  2063  1129  3982
19620    4138  4270  4570  4899
19621    1199  1129  1024  3982
19622    1335  1283  4502  5080
19623    1788  4504  4594  5017
19624    2313  2830  4338  4796
19625    1544  1895  1690  4608
19626    1754  2268  4246  5017
19627    3487  4516  4986  5178
19628    4201  4265  4481  5280
19629     767   759  4685  5198
19630    4541  4730  5017  5217
19631    2118  2101  2138  5175
19632    4319  4486  4627  4950
19633    4209  4470  4696  5295
19634     484   862   910  4860
19635     850   777  4512  4590
19636     860   847   814  4600
19637    4513  1328  4816  5322
19638    3834  3251  4188  4479
19639    4244  4326  4666  5138
19640    1772  1582  3709  4245
19641    1581  4985  5153  5245
19642    4525  4502  5137  5303
19643    3164  3194  3165  5124
19644    2503  1027  4890   984
19645    2543  2536  4719  5211
19646    2254  2178  4175  4924
19647    4377  4517  4693  5188
19648     158   169  5208  5272
19649    2009  2024  1985  5122
19650    2010  3500  1985  5122
19651    3836  4383  1064  5043
19652    2228  3453  3956  5378
19653    1064  2563  4383  3836
19654     533  3922  5167  3955
19655    2888  4504  4535  4730
19656    2077   347   181  4692
19657    1985  2024  2010  5122
19658     775   742  5288  5342
19659    1225  1227  3556  5207
19660    3841   562  4020  4082
19661    2929  2952  2896  4403
19662    3892  3971  5032  5375
19663    2572  2625  2590  4710
19664    4640  2769  4948  4955
19665    4312  2009  4968  5122
19666     862   910  4860  5106
19667    2587  3808  5043  5377
19668    4384  4280  4894  4975
19669    2471  2470  4593  5184
19670    4143  4366  4537  4717
19671    4334  4819  4995  5007
19672    1542  3727    12  4782
19673    1908  2111   715  3957
19674    2111  1908  2120  3957
19675    2120  1908  3927  3957
19676    1263  2120  1246  3957
19677    1246  2120  3927  3957
19678    3254  3255  3231  5216
19679    4212  4446  4772  4954
19680    4127  3298  4544  4846
19681    1410    27  1310  5291
19682    1129   935  1197  5016
19683    2861  2210  2870  4007
19684       9  5207  3556  4758
19685    4727  4023  5170  5216
19686    4156  4217  4386  4673
19687    2508  2521  2483  4546
19688     711  1229  4226  4660
19689    1116  1913  4195  1914
19690    4033    57  4026  4466
19691    3867  4337  4512  4590
19692    1807  2027  1011  4791
19693     477   467   489  4781
19694    4309  4342  4708  4714
19695     568  4845  5385  5390
19696    4257  2289  4755  2233
19697    3245  3381  4480  5325
19698    2549  2550  4546  4710
19699    2767  2768  4238  4408
19700    3796  1509  4911  3872
19701    1135  1950  4325  5077
19702    2352  2244  5030  5289
19703    4191  4196  4322  5095
19704    2490  2530  2507  5273
19705    3390  3369  3389  4768
19706    1620  1590   146  4458
19707    4167  4472  4526  4909
19708    3083  3099  3084  4459
19709    2998  2999  2974  4457
19710    2501  4184  4531  4861
19711    3085  3086  4780  4962
19712    1237  1251  4021  5397
19713    2744  4678  4899  5179
19714    3138  3177  4940  3176
19715    3335  3347  3818  3964
19716    2665  2650  4514  4866
19717    3411  4451  4571  4891
19718    3982  1197  4615  5016
19719    4385  4641  4822  5322
19720    2568  2611  4253  4630
19721    3814  3934  4077  4617
19722    3351  3284  4314  4845
19723    1670  1660  4491  4799
19724    3728  3070  4331  4336
19725    2234  4468  4946  5092
19726    3067  3775  3913  4459
19727    2338  2306  2277  4828
19728    3268  3267  4858  5147
19729     997  1142   790  5320
19730    2841  2785  2800  4640
19731    4727  5143  5187  5294
19732    3821  4841  2942  3968
19733    2886  2892  4831  2877
19734    2859  2333  3848  3969
19735    3521  4085  4822  5190
19736    2169  2349  4639  4705
19737    4171  4151  4498  4287
19738    1077  1150  4085  5190
19739    1393  1060  4822  5190
19740    2253  2333  2377  3969
19741    2333  2859  2377  3969
19742    2141  2862  2377  3969
19743    2862  2141  2859  3969
19744    2859  2141  2377  3969
19745    3294  3293  4151  5094
19746    4181  1324  4406  4682
19747     371   318   370  5133
19748    4224  4192  4309  4810
19749     952  1862  1587  4564
19750     952  1587  2855  4564
19751     620   840  4843  5356
19752    3086  3085  3970  4017
19753    3054  3125  3775  5292
19754    2832  2829  4190  5075
19755     472   336  4249  5364
19756     908  3710   752  5288
19757    1253  1884  4525  4793
19758     242   272   273  4959
19759    3329  3886  4463  4488
19760     242   273   233  4423
19761    2594  2612  4253  4853
19762    4877  2248  4920  4977
19763     587   648   626  5004
19764    4712  5008  5115  5382
19765    1966  2688  4678  4919
19766    1177  1148  4905  5014
19767    1761  1551  1533  4852
19768    4275  2332  4499  5219
19769    4352  4484  4645  4948
19770    4198  4244  4607  4882
19771    2148  2189  4185  4767
19772    1245  1375  4380  4929
19773    1054  1064  4383  4759
19774    3787  3925  3891  5168
19775    4764  4474  5172  5212
19776    3727  1413  4694  4782
19777    4303  4229  5186  5384
19778      65  4784  4912  5018
19779    3345  3262  4404  4477
19780    1665   580  4243  5053
19781     935  1129  1199  5016
19782     856  1113   917  4664
19783    4203  3008  4315  4634
19784    1158  1159  4057  4489
19785     422   901   358  4337
19786    4318  4377  4702  5143
19787     567   574  4080  5033
19788    2425  2455  2456  5109
19789    4821  4661  4752  5345
19790    4346  4464  4559  4776
19791     183   184  4179  4916
19792    2014  1357  1135  5077
19793    2839  1904  2237  5347
19794    2209  2145  2281  4811
19795    2987  3001  4097  4900
19796     986   975   955  4913
19797    4162  4404  4466  4477
19798     206   205  4064  5392
19799    4173  4300  4311  4448
19800    4679   650  5208  5272
19801      89    99  4951  5293
19802    1586  1563  1700  4995
19803    1532  1533  1525  4135
19804    3381  3328  3147  4480
19805    2646  1901  2662  5192
19806    4345  4533  4617  5193
19807    1894  1961  2026  5075
19808    2711  2599  4624  4731
19809    3978  4000  4113  4858
19810    4156  4310  4591  5193
19811    1310  1311  1234  5291
19812    2026  1652  1886  5300
19813    4478  1313  4684  4991
19814    3379  3573  3380  5148
19815    4533  4526  4574  4900
19816      29  1208  4478  4991
19817    4194  4221  4371  4447
19818    2992  3529  5119  5168
19819    4428  4347  4458  4724
19820     389   372   377  5384
19821    1493   259  4144  4817
19822     558   170  4465  5051
19823    2785  2786  4640  2801
19824    4435  1370  4823  5352
19825     882   629  4558  4586
19826    4656  4705  5000  5274
19827    3300  4248  5028  5041
19828    4251  4361  4923  4952
19829    3325  1131  3597  4208
19830    3099  3931  4583  4908
19831    2989  3004  2979  4884
19832    1469    35  5027  5304
19833     399   431   418  3988
19834    1262  1277  4883  5008
19835    3142  3156  3195  4613
19836     188   295  1190  4657
19837     188  4245   325  4657
19838      97    96  4458  4706
19839    1880  2116  4079  5244
19840    2557  2241  2558  5092
19841    1086  4683  4978  5014
19842    2241  2234  2347  5092
19843    4448  4340  4546  4931
19844    2854  3800  1893  4616
19845    4683  4905  4978  5014
19846     996  1043  1027  5092
19847    2519  2520  2482  5177
19848     151  4914  5256  5272
19849     536  4556  5266  5364
19850    4002  4022  1148  5014
19851    1149  1148  1164  5014
19852    4232  4147  4269  4931
19853    4340  4290  4467  4931
19854    4063  3917  4845  5230
19855     541  2562   166  5312
19856    4238  2856  4564  4616
19857    2474  2493  2482  5177
19858    4236  4142  4418  4815
19859    1887  3616  1871  4789
19860     701   692  4470  5295
19861    3516  3754  3066  5292
19862    3175  5403  5400  5404
19863    2556  1804  2485  4531
19864    4915  5159  5296  5328
19865    3001  3851  4068  4116
19866    2381  2410  2392  5127
19867    4328   193  4820  5316
19868    2809  2794  2836  5237
19869     768  2013  1548  4333
19870    3285  3254  3284  5390
19871    3084  3099  4511  4780
19872      28  1236  5111  5291
19873    2505  2670  4743  5061
19874    3474  3463  1012  4157
19875    4400  4407  4588  5145
19876     184   183  4179  4283
19877    1923  2571  2208  4550
19878    4182  4223  4389  4398
19879    2452  2468  2469  5270
19880    1409   969  3929  4834
19881    4674  3560  4936  5331
19882     609   772  4183  5139
19883     527  4444  4445  4505
19884    1006  2490  5132  2506
19885    4171  4151  4207  4371
19886    4146  4537  4675  4834
19887    4270  4487  4811  5241
19888    1502  1506  4501  5065
19889    4508  3722  4592  5065
19890    2210  2861  3848  4007
19891     294   324  4144  5194
19892    4478  1380  5080  5382
19893    4192  4387  4655  4810
19894    4584  1966  4678  4919
19895     435   448  4351  5003
19896    4668  4417  4809  5236
19897    4270  4580  4656  5000
19898    4643  4913  4989  5270
19899    1120  1087  1105  5166
19900    2514  1006  4863  5132
19901     192   193  4934  5316
19902    4133  4183  4681  5139
19903    1594  1581  5153  5245
19904    4280  4216  4311  4384
19905     553  5181  5234  5367
19906    1127  4559  4776  4978
19907    1061  1085  4760  4978
19908     531   930   776  5195
19909     130   129  3554  5144
19910    1746  1775  1747  5180
19911     997  1174   432  5063
19912    1373   362   110  4250
19913     472   494  4682  5382
19914    3491    82  4623  5128
19915    1960  1587   591  4564
19916    1871  1919  4789  5248
19917    4355  3607  4940  5264
19918    2285  2113  2169  4705
19919    1664   485   156  4176
19920     273   272   299  4959
19921    4192  4399  4728  5123
19922     122   527  4505  4652
19923    1570  4644  4873  5300
19924    2370  1862  1768  4233
19925    2776  2832  4190  5075
19926    3254  3231  3979  4023
19927    2186  4185  2215  2100
19928    3296  3345  4162  4477
19929    3781  3522  4062  4680
19930     764  3678   780  5006
19931    5335  2004  2079  4671
19932    4431  3942  5269  5361
19933    4814  4594  5171  5197
19934    1329  1312  4537  4834
19935    4501  1685  5065  5101
19936    4170  4274  4303  4483
19937    3451  3555  3232  4891
19938     739   812  4906   920
19939    4971  5112  4985  5205
19940    2563  2587  5043  3836
19941    4340  4372  4543  4382
19942    4487  4138  4672  4827
19943    3481  3468  3449  4204
19944    2585  3531  2710  4844
19945    1590  1591   105  4458
19946    3693  1011  4235  4791
19947    3580   418  4859  5229
19948    1590  1620  1591  4458
19949    4533  4574  4617  4680
19950    5167  4999  5367  5386
19951    1447    93  4200  4865
19952     440   293  4304  5052
19953    2599  2602  4624  4731
19954    3868  3896    25  5216
19955    1226  1237  4813  3874
19956    4150   514  4268  4794
19957    1236  3576  5111  5291
19958    1111  4525  5137  5303
19959    2382  3577  4936  5340
19960    3438  3412  4538  4664
19961    4400  4407  4961  5071
19962    1606  1591  1621  4496
19963    4159  4210  4419  4643
19964    3007  3717  3543  4893
19965    4164  4298  4560  5215
19966     218   219  4820  5371
19967    4404  4466  4477  4912
19968    1091  1609  4911  1509
19969    1423   809  5282  1338
19970    4154  4252  5214  5282
19971     614   689   662  5338
19972    4435  4152  4823  5161
19973      10  1537  1565  4239
19974    3035  3027  3046  4407
19975    4226  1229  4412  4660
19976    2733  1938  4898  5173
19977    1624  3771  3172  4329
19978     327  1224  4239  4373
19979    4262  4207  4287  4628
19980    2056  1440  4509  4691
19981    1078  1085  4683  4772
19982    4689  1826  5013  5239
19983    1400   473   378  5318
19984    1998  1985  5122  3492
19985    4470  4209  4801  5295
19986     109   139   129  4825
19987    3137  3150  3151  5387
19988    3698  1696  4471  4809
19989    2918  2895  4770  4907
19990    4149  4325  4490  4737
19991    4199  4254  4402  4671
19992    4102  2404  4469  4618
19993    2625  4710  4864  5048
19994    4339  4353  4367  5198
19995    1649  1497  1631  4976
19996    3217  3218  4427  5062
19997    4537  4534  4675  4857
19998    2592  2593  4903  5235
19999    2338  2306  4828  5103
20000     578  5091  5062   577
20001    1644  4483  4995  5011
20002    4150  4505  4652  4681
20003    4507  4312  5122  5361
20004     490   456  4690  5375
20005    4207  4158  4224  4795
20006    3842  3904  3972  4016
20007    4511  3634  4962  5023
20008    4383  4576  4759  5043
20009    3972  3904  3996  4016
20010    3972  3996  3997  4016
20011    1214  1279  1223  4684
20012    3975  3634  3970  4017
20013    3975  3634  3827  3970
20014    4932  3259  5020  5094
20015    1087  4446  4954  5166
20016     628   822   779  4783
20017    4283  4191  4744  5316
20018    3184  3362  3243  4510
20019     552   744  4578  4596
20020    2129  2417  2387  4720
20021     101  1420  1429  5318
20022    1025   639   651  5333
20023    3253  3269  4037  5349
20024    3339  3385  3362  4510
20025    1625  1624  3365  5199
20026    1685  1497  5065  5101
20027    4333  3248  4432  4501
20028    4158  4241  4976  5101
20029    4353  4339  4454  4685
20030    4175  2178  4779  4924
20031    3808  3687  4542  4927
20032     264  1324  4181  4682
20033    4232  4182  4251  4255
20034    3464  3412  3438  4664
20035    4273  4327  4593  5184
20036    3339  3184  3247  4510
20037    4102  4469  3898  4618
20038    2501  2484  2525  4551
20039    2576   212  2852  4509
20040    3007  3087  3042  5159
20041    3244  1666  1635  5332
20042     553   522  4286  5234
20043    4372  4497  4996  5388
20044      58    57  4466  4477
20045    1490  1491  3743  4990
20046    4501  4453  4508  4849
20047     482   932  4268  4794
20048    2728  2742  4446  5210
20049    1797  1329  4537  4834
20050     226  3463  3448  5060
20051    3258  1881  1891  4554
20052    1393   606  4834  1133
20053    1379  1322  5154  5353
20054    4355  3152  4545  4753
20055    4517  3166  5009  5188
20056    4289  4236  4933  5279
20057     863   853   929  4906
20058    3254  3231  4023  5216
20059    4132  4379  4993  5163
20060    3910  3930  4019  4035
20061      58    78  3736  4034
20062    3950  3562  5123  5285
20063      83    95  4539  4623
20064    4689  4498  4895  5013
20065    2793  2780  4815  5237
20066    4679  3145  4914  5046
20067    3634  3918  3936  4028
20068    4625  4568  4723  5206
20069    3098  3099  4459  4908
20070    4165   435  4268  4351
20071      72    98   617  5334
20072    4481  4994  5117  5370
20073    4171  4247  4460  4689
20074    4570  4790  4815  4920
20075    3918  3634  4583  4028
20076    4003  4029  4035  5162
20077    2011  2024  2025  4816
20078    2915  2916  3770  5054
20079    1388  1385  1300  5318
20080    4976  4641  5101  5391
20081     667   133  5226  5256
20082    4870  4435  4883  5008
20083    4401  4334  4995  5007
20084     581  5304  5314  5327
20085     413   401   356  5003
20086    1313  1289  1208  4478
20087    4386  3004  4884  5213
20088    3603  4078  5345  5394
20089    4046  4617  3984  4051
20090    2532  3515  4111  5388
20091     804   846  4353  4405
20092    3151  3126  3137  4035
20093     387   398  4819  5007
20094    2694  1452  4146  5250
20095    2045  4323  4688  5335
20096    4830  4972  5023  4306
20097    1324   291  4181  4406
20098    4567  4357  4589  5087
20099      76   245  4326  5107
20100    1001  4363  4890  5311
20101    2460  1788  4504  4594
20102     283  4836  4959  5067
20103    4393  4320  4631  5201
20104     955  4605  4913  4989
20105    3199   452  3172  5059
20106    2320  1959  2031  4414
20107    4589  1898  4842  5087
20108    2937  2917  2936  4467
20109    4469  4222  4610  4139
20110    4019  3930  4029  4035
20111    4460  4132  4481  5163
20112    2455  3517  2434  5109
20113     923  3828   414  5276
20114    4281  4276  4582  5090
20115    1541  1506   474  5065
20116     862   849  5106  5339
20117    4427  4177  4482  5035
20118    4224  4249  4556  5364
20119    1962   567  4080  5033
20120     574   567    48  5033
20121    2146  1236  4263  5111
20122     752   930  3756  5288
20123    1420     8  4882  5318
20124    4249  4152  4426  5382
20125    4249  4426  4682  5382
20126     835   875   891  5194
20127    3489  1612  4641  5391
20128    3255  3231  4023  4047
20129    2359  2360   187  5051
20130    4472  4486  4605  5259
20131    2103  4178  4414  4862
20132    2259  2198  4499  5393
20133    4209  4177  4377  5389
20134    4300  4422  4719  5079
20135    1376  3487  4986  5178
20136    4342  4836  4959  5044
20137    2978  3012  3002  4627
20138    2701  2745  1993  4584
20139    2913  2926  4189  4711
20140    2701  2764  2745  4584
20141    3125  3913  3775  4135
20142    3300  3318  4601  5041
20143    4251  4223  4398  4785
20144    2185  2168  4933  5279
20145    1685  1518  4333  4501
20146    1801  1800  4189  4711
20147    2841  3585  4575  5224
20148    3634  4511  3881  4583
20149    1062  1063  4772  4954
20150    2620  2668   186  5059
20151    2988  2965  4319  2953
20152    1447  1423  4186  4200
20153     197   221   209  4328
20154    1694  1675  4294  1670
20155    4430  4707  4847  5332
20156    4903  4789  5248  5307
20157    1158  4057  4822  4939
20158    4350  1426  4361  4552
20159    4171  4216  4253  4417
20160    4161  4170  4334  4471
20161    1684  4274   317  4725
20162    2012  2013  1986  4333
20163    4097  3612  4122  4123
20164    3156  3133  3120  4917
20165    4836  4599  5067  5310
20166     162   174   145  5098
20167    2277  2601  3646  4462
20168     738  3505  4761  5299
20169    2607  2642  2589  4864
20170    1902  4559  4573  4798
20171    2019  2093  4571  5047
20172    1405  1426  4350  4552
20173     281   329   271  5067
20174     152   123  5272   142
20175    4013  4006  4051  2976
20176    3997  4006  4013  4050
20177    4006  3972  4013  4051
20178    4013  4006  2976  4050
20179    3997  4013  3972  3934
20180    3972  4006  4013  3997
20181    4797  5068  5112  5205
20182    4433  4791  4938  4997
20183    4831  2895  4973  5127
20184     241   297  5067   271
20185     474  1506  1502  5065
20186    1102  1145  4582  5090
20187    1241  1220  2171  4662
20188    1854  1662  1845   201
20189    1631  1578  3307  5391
20190     677   628   878  5218
20191     825   791   896  4450
20192    2952  2975  2976  4053
20193    2347  2258  4890  5130
20194    4357  4534  4567  4844
20195    2964  2987  2975  4053
20196    2842  4597  4640  4833
20197     300   299  4522  4959
20198    1341  2309  4804  3508
20199    4364  4209  4801  4921
20200    4209  4177  4318  4377
20201     464   811   673  4644
20202    3382  3053   249  4599
20203    1188  3441  3461  4604
20204    1872  1888  4789  4975
20205     303   286   275  4473
20206    1299  1216  4341  4527
20207    2548  2572  4710  4864
20208    4387  4417  4655  4810
20209    1769  2148  4739  4767
20210    2616  4197  4514  4866
20211    1324   438  1223  4406
20212    1423  1424  1338  4200
20213    3999  4003  4029  4105
20214     946  3570   936  4112
20215    3117  3140  4381  4732
20216    2022  3587  1981  5202
20217    2470  4593  5184  5251
20218    4161  4160  4191  4269
20219     751   777  4024  4512
20220    1989  4263  2084  4835
20221    4620   181  4692  4938
20222    2056  1440   507  4509
20223    2704  2703  4090  4645
20224    1651   216  4471  5401
20225    4407  3027  5071  5315
20226    4231  4152  4249  4478
20227    4399  4192  4663  4918
20228    4194  4221  4447  4597
20229     484   348  4577  4860
20230    4647  1332  4749  5203
20231    1838  4719  5131  5211
20232    5064  3900  5116  5271
20233    1120  1105  1149  5166
20234    3522  3512  3781  4062
20235    4631  1376  4986  5178
20236    4353   804  4405  5006
20237    1084  1096  4468  5154
20238    4461  2409  4720  5113
20239    4367   732  4947  5198
20240    1130  3713  1035  4577
20241    3979  3254  4023  5216
20242    4167  4159  4931  5019
20243    1900  4789  4168  1872
20244    4161  4170  4229  4303
20245    3830  4103  4617  3974
20246    4145  4281  4320  4420
20247    2868  2874  4936  5359
20248    4273  4220  4419  4576
20249    4281  4227  4421  4435
20250    1613  2013  2012  4333
20251     252   251  4809  5255
20252    3111   972  4313  4679
20253    1772  1671  4245  5029
20254    1430   296  3786  4991
20255    3044  3045  3565  5350
20256    3656  2928  2937  4770
20257    4313  4310  4386  4436
20258    4508  4501  4158  4453
20259    1773  1774  1762  4830
20260    2556  1823  4531  4966
20261    2574  2541  4710  5307
20262    4161  4170  4303  4334
20263    1193  1181  1192  4292
20264    2947   945  2448  4970
20265    1094  1349  4615  5016
20266    2827  2768  2767  4408
20267    4378    71  5095  5143
20268    2965  4043  4319  4909
20269    2648  3676  4536  4645
20270    2938  3656  2937  4770
20271    2895  2928  4354  4973
20272    4465  4231  4502  5137
20273    2036  4321  5114  5383
20274    2494  2436  2476  5152
20275    2737  4462  4619  5031
20276    2746  2747  4090  4645
20277    1381  1382     7  4263
20278    4722  2076  4827  5105
20279      49   575   574  4456
20280    1755  1728  3697  4246
20281    2550  4546  4710  5307
20282    4300  2982  4422  5079
20283    4195  4263  4835  5061
20284     122   537  4326  5258
20285    1574  4509  4698  5262
20286    2004  3587  2022  4671
20287    4385  4366  4717  4822
20288    2975  2964  4053  4841
20289    3306  3998  3706  4316
20290    2830  4240  4289  4636
20291    1971  3550  1954  4667
20292    5023  4972  4545  4306
20293    3622  3670   540  5266
20294    1972  2156  2299  4796
20295    3114  3097  3913  4998
20296    1283  1355   424  5402
20297    4262   452  4707  5059
20298    1928  2779  2792  4521
20299    1306  4842  5087  5283
20300    3060  3766  4407  5220
20301    4143  4816  5101  5322
20302    4326  4445  5258  4332
20303    3238  3239  4702  4727
20304    4029  4003  4035  4076
20305    2192  2830  2163  4957
20306    1423   312  4200  5282
20307    1322  5097  5154  5353
20308    1848  4789  5165  5248
20309     206  1651  1670  5401
20310    1901  1879  4894  5192
20311    4166  4308  4369  4549
20312     527   528   513  4652
20313    2031  2183  4414  4862
20314    4251  4350  4785  4923
20315    1620  1621  4196  4201
20316    4140  4231  4795  4810
20317    4267   180  4304  4740
20318    2169  2113  2349  4705
20319    4163  4416  4634  5223
20320    2929  2964  4841  4874
20321    1461  3113  3148  4083
20322    4231  4175  4259  4751
20323    4364  4277  4598  4766
20324     772   609  4512  5139
20325     791   825   607  4450
20326    2092  1260  2064  5225
20327    4192  4676  4690  4984
20328    4308  4208  4510  4740
20329     804   814  4353  4600
20330    2753  2709  4632  2754
20331    2835  2248  2821  4920
20332    1363   761  4445  4754
20333     386   376  5037  5285
20334    5068  1594  5151  5153
20335      50    51  4661  5095
20336    3547  4127  4544  5118
20337    4269  4285  4558  5106
20338    4243  4484  4597  4640
20339    4784  4404  4912  5018
20340    4411  4142  4547  4815
20341    1156  1191  4695  5246
20342    3529  3005  4163  5066
20343    1565  1867  1930  4626
20344    5176  3229  3272  4063
20345    4394  4384  4418  4931
20346    3131  3212  3155  4455
20347    2136    28  4392  5025
20348    3887  4568  5032  5206
20349     853   684   893  4906
20350    1008  1065  1123  4742
# Generated by C:\Users\lenovo\Projects\github-software\tetgen1.5.1\build\Release\tetgen.exe -pq C:\Users\lenovo\Projects\github-software\bunny.ply 
