2205  3  0  0
   1    0.10816539999999999  0.63912420000000003  -0.75446489999999999
   2    0.12656220000000001  0.68212669999999997  -0.70976090000000003
   3    0.039277840000000001  0.62815220000000005  -0.76876770000000005
   4    0.25071139999999997  0.64046230000000004  -0.72398890000000005
   5    0.091691900000000007  -0.72498019999999996  -0.66976309999999994
   6    0.1149849  -0.67520550000000001  -0.71923389999999998
   7    0.042378560000000003  0.38323099999999999  -0.91258479999999997
   8    0.054506100000000002  0.44267580000000001  -0.88587519999999997
   9    -0.0054649579999999998  0.47208129999999998  -0.87325929999999996
  10    0.1756402  0.38542779999999999  -0.89863550000000003
  11    0.1200634  0.47886390000000001  -0.86057030000000001
  12    0.090963420000000003  0.28936919999999999  -0.94163699999999995
  13    0.028752030000000001  0.32133450000000002  -0.93631220000000004
  14    0.14170369999999999  0.19540060000000001  -0.96043800000000001
  15    0.15486159999999999  0.25836910000000002  -0.94332389999999999
  16    0.22975280000000001  0.29011710000000002  -0.9204639
  17    0.1276082  0.1308087  -0.97458359999999999
  18    0.002869786  0.19477050000000001  -0.97485200000000005
  19    0.28206500000000001  0.19646939999999999  -0.93565290000000001
  20    0.1914005  0.098480910000000005  -0.96829100000000001
  21    -0.094109780000000004  -0.196468  -0.97270230000000002
  22    0.09769854  1.4791730000000001e-06  -0.9919694
  23    0.064973500000000003  -0.13080700000000001  -0.98075259999999997
  24    0.018386360000000001  0.9451349  -0.29763269999999997
  25    -0.068767030000000007  0.94898150000000003  -0.28517870000000001
  26    0.065285759999999998  0.95505890000000004  -0.25541710000000001
  27    0.19888069999999999  0.92324980000000001  -0.3213683
  28    -0.045764850000000003  -0.2901166  -0.94759990000000005
  29    0.032146899999999999  -0.2583686  -0.95541019999999999
  30    0.094488669999999997  -0.28936889999999998  -0.94128999999999996
  31    0.048390280000000001  -0.19539960000000001  -0.96962859999999995
  32    0.15446579999999999  -0.32133400000000001  -0.92393080000000005
  33    0.26470080000000001  -0.38733830000000002  -0.87842180000000003
  34    -0.031586080000000002  0.87865300000000002  -0.45949119999999999
  35    0.04072597  0.89501739999999996  -0.41944920000000002
  36    -0.087489079999999997  0.91741530000000004  -0.37836999999999998
  37    0.045322559999999998  0.92343359999999997  -0.35496490000000003
  38    0.1026898  0.83071569999999995  -0.53352529999999998
  39    0.095859680000000003  0.88002570000000002  -0.44225029999999999
  40    0.13700670000000001  0.86504970000000003  -0.46690130000000002
  41    0.0045702579999999998  -0.50173730000000005  -0.85054799999999997
  42    0.12964139999999999  -0.38933899999999999  -0.89931269999999996
  43    0.092044329999999994  -0.46711009999999997  -0.86346719999999999
  44    0.13555909999999999  -0.50291940000000002  -0.83769939999999998
  45    0.17405899999999999  -0.52592019999999995  -0.82080790000000003
  46    0.10615040000000001  0.76614360000000004  -0.61734869999999997
  47    0.068438070000000004  0.79123010000000005  -0.59357669999999996
  48    0.15084939999999999  0.73112390000000005  -0.65065799999999996
  49    0.2256408  0.73734299999999997  -0.62350280000000002
  50    0.14443839999999999  -0.58779769999999998  -0.78700669999999995
  51    0.15357290000000001  -0.63373880000000005  -0.75076849999999995
  52    0.063988359999999994  -0.82155789999999995  -0.55547880000000005
  53    0.13964550000000001  -0.76501189999999997  -0.61523170000000005
  54    0.17864179999999999  -0.83130859999999995  -0.50968639999999998
  55    0.19589200000000001  -0.79254500000000005  -0.56242309999999995
  56    0.26249850000000002  -0.77220920000000004  -0.56405159999999999
  57    0.15022679999999999  0.59509310000000004  -0.78288939999999996
  58    0.16824539999999999  0.53098279999999998  -0.82080489999999995
  59    0.28719430000000001  0.47335450000000001  -0.81726330000000003
  60    0.30027690000000001  0.39108710000000002  -0.85789610000000005
  61    0.22072839999999999  0.50954290000000002  -0.81775220000000004
  62    0.342669  0.51072479999999998  -0.77343329999999999
  63    0.054326300000000001  -0.87214570000000002  -0.47146349999999998
  64    0.18225920000000001  -0.88050019999999996  -0.41661569999999998
  65    0.1415959  -0.86473909999999998  -0.46490819999999999
  66    0.29956450000000001  0.32208209999999998  -0.88934519999999995
  67    0.35978359999999998  0.29129909999999998  -0.87759690000000001
  68    -0.030022960000000001  -0.95587750000000005  -0.26164159999999997
  69    0.11264059999999999  -0.95514359999999998  -0.22995099999999999
  70    0.042297969999999997  -0.96513059999999995  -0.21377199999999999
  71    0.25516919999999998  0.065778729999999994  -0.95561490000000004
  72    0.118211  0.9853769  0.0090189429999999998
  73    -0.0058795499999999999  0.98933349999999998  -0.034642939999999997
  74    0.05489169  0.9882166  -0.057197360000000003
  75    -0.010228330000000001  -0.98944620000000005  -0.064383339999999997
  76    -0.105615  -0.98597630000000003  -0.052236150000000002
  77    0.028825159999999999  -0.99032810000000004  -0.0082482419999999994
  78    0.02781376  -0.98092550000000001  -0.1340402
  79    0.19051019999999999  -0.1948482  -0.95535369999999997
  80    0.28619860000000003  -0.097731869999999998  -0.9414091
  81    0.24012510000000001  0.00018778410000000001  -0.96032709999999999
  82    0.22416829999999999  -0.065029400000000001  -0.96190830000000005
  83    0.14474090000000001  -0.097731150000000003  -0.97612670000000001
  84    0.3466014  -0.13080810000000001  -0.91790870000000002
  85    0.32836199999999999  -0.1956958  -0.91325730000000005
  86    0.37727729999999998  6.8452210000000004e-08  -0.91959080000000004
  87    -0.05736728  0.97676149999999995  -0.18249789999999999
  88    0.066365919999999995  0.97962499999999997  -0.13936380000000001
  89    0.1040695  0.96471229999999997  -0.20683460000000001
  90    0.23189709999999999  -0.290551  -0.91927939999999997
  91    0.30972549999999999  -0.25955099999999998  -0.90527349999999995
  92    0.36614950000000002  -0.29129909999999998  -0.87495999999999996
  93    0.17826030000000001  -0.94542760000000003  -0.23583460000000001
  94    0.3009849  -0.9200258  -0.23229659999999999
  95    0.33154280000000003  0.098480310000000001  -0.92917430000000001
  96    0.45648369999999999  0.097732029999999998  -0.87261580000000005
  97    0.40397430000000001  0.13080810000000001  -0.89414389999999999
  98    0.47516160000000002  -0.00018701699999999999  -0.87167839999999996
  99    0.49438260000000001  0.065030000000000004  -0.85694700000000001
 100    0.41576859999999999  -0.098480090000000006  -0.8960283
 101    0.5563768  0.0096422899999999995  -0.82399699999999998
 102    0.516378  -0.082222580000000003  -0.84398879999999998
 103    0.4680108  -0.065778069999999994  -0.87441829999999998
 104    0.41703810000000002  -0.32208209999999998  -0.84068609999999999
 105    0.25898789999999999  -0.47848449999999998  -0.82984170000000002
 106    0.34379320000000002  -0.44267519999999999  -0.81668430000000003
 107    0.38654159999999999  -0.38341730000000002  -0.82788039999999996
 108    0.48671449999999999  -0.46971750000000001  -0.72325070000000002
 109    0.40708800000000001  -0.49912220000000002  -0.75180720000000001
 110    0.37755129999999998  -0.4708985  -0.78314269999999997
 111    0.29916579999999998  0.73198339999999995  -0.59848619999999997
 112    0.33207059999999999  0.76789269999999998  -0.52844020000000003
 113    0.2291019  -0.62766500000000003  -0.73588940000000003
 114    0.25763059999999999  -0.5526643  -0.78702090000000002
 115    0.35531649999999998  -0.55548209999999998  -0.74002080000000003
 116    0.30619370000000001  -0.60812279999999996  -0.72103280000000003
 117    0.46251900000000001  -0.55463560000000001  -0.68253229999999998
 118    0.22027630000000001  -0.70505379999999995  -0.66779569999999999
 119    0.34146939999999998  -0.7072946  -0.60401830000000001
 120    0.45275710000000002  -0.63292289999999995  -0.61472610000000005
 121    0.33849459999999998  -0.63292280000000001  -0.68130840000000004
 122    0.37524770000000002  -0.6583135  -0.63700400000000001
 123    0.40575260000000002  0.63998310000000003  -0.64138759999999995
 124    0.34927540000000001  0.68320080000000005  -0.62931979999999998
 125    0.32682699999999998  -0.75149440000000001  -0.55939950000000005
 126    0.3931499  -0.7623453  -0.49596190000000001
 127    0.39505010000000002  0.59560290000000005  -0.68644150000000004
 128    0.40213919999999997  0.53216430000000003  -0.73080679999999998
 129    0.52450229999999998  0.56063580000000002  -0.63300699999999999
 130    0.47470269999999998  0.4800451  -0.72567729999999997
 131    0.31759080000000001  -0.83022839999999998  -0.44967059999999998
 132    0.22305449999999999  -0.89588230000000002  -0.35971530000000002
 133    0.18845000000000001  -0.92346099999999998  -0.30404179999999997
 134    0.30608639999999998  -0.88068999999999997  -0.33898349999999999
 135    0.41358260000000002  0.19569590000000001  -0.8779576
 136    0.4282204  0.38798860000000002  -0.81115579999999998
 137    0.48605369999999998  0.290551  -0.81400419999999996
 138    0.4211162  0.25955109999999998  -0.85913390000000001
 139    0.4545923  -0.70096150000000002  -0.53859959999999996
 140    0.55959369999999997  -0.55577750000000004  -0.60095050000000005
 141    0.5206345  -0.60812270000000002  -0.58674380000000004
 142    0.53748819999999997  0.44267479999999998  -0.70629580000000003
 143    0.54409490000000005  0.32133400000000001  -0.76254100000000002
 144    0.59320899999999999  0.28918199999999999  -0.73801989999999995
 145    0.54224309999999998  0.38323010000000002  -0.73524179999999995
 146    0.6305653  0.25762099999999999  -0.72076459999999998
 147    0.59799500000000005  0.13006000000000001  -0.78016070000000004
 148    0.62478769999999995  0.097545000000000007  -0.76229539999999996
 149    0.61674390000000001  0.1944652  -0.75248459999999995
 150    0.53566369999999996  0.19477040000000001  -0.81448949999999998
 151    0.54821070000000005  0.097545010000000001  -0.82101740000000001
 152    0.62272369999999999  -0.00018701699999999999  -0.77119230000000005
 153    0.65206569999999997  0.065030000000000004  -0.74403200000000003
 154    0.46718500000000002  -0.19166459999999999  -0.8601702
 155    0.57615209999999994  -0.065778069999999994  -0.80216100000000001
 156    0.59279349999999997  -0.098480079999999998  -0.78333819999999998
 157    0.62213540000000001  -0.13080810000000001  -0.75617800000000002
 158    0.50557479999999999  -0.38210909999999998  -0.76509059999999995
 159    0.4884059  -0.29011710000000002  -0.81332649999999995
 160    0.55752639999999998  -0.25836910000000002  -0.77653499999999998
 161    0.60151739999999998  -0.2893693  -0.73015870000000005
 162    0.58474029999999999  -0.1954003  -0.77353499999999997
 163    0.60950090000000001  -0.3829362  -0.67944099999999996
 164    0.64174339999999996  -0.32133489999999998  -0.68240199999999995
 165    0.2117831  0.87411939999999999  -0.42104029999999998
 166    0.29910560000000003  0.86774929999999995  -0.37212620000000002
 167    0.34239239999999999  0.83430510000000002  -0.40201350000000002
 168    0.34359430000000002  0.88088500000000003  -0.29677809999999999
 169    0.58849070000000003  -0.4709004  -0.63979180000000002
 170    0.56455010000000005  -0.44149490000000002  -0.68167599999999995
 171    0.60904259999999999  -0.50030479999999999  -0.60064150000000005
 172    0.67576069999999999  -0.47935709999999998  -0.54848739999999996
 173    0.45694360000000001  0.77425580000000005  -0.41380349999999999
 174    0.2106024  0.82319900000000001  -0.5190979
 175    0.3788533  0.79478910000000003  -0.44662990000000002
 176    0.68195070000000002  -0.19951650000000001  -0.69433469999999997
 177    0.69171110000000002  -0.1058764  -0.70218650000000005
 178    0.74408189999999996  -0.097607459999999993  -0.65194099999999999
 179    0.70242890000000002  -0.0033935110000000001  -0.7024108
 180    0.70038750000000005  -0.282252  -0.64320949999999999
 181    0.78223529999999997  -0.2343538  -0.556782
 182    0.74785630000000003  -0.22635140000000001  -0.6114079
 183    0.75426919999999997  -0.15419530000000001  -0.62801620000000002
 184    0.55744039999999995  0.76380380000000003  -0.30612919999999999
 185    0.5176752  0.75298010000000004  -0.38674770000000003
 186    0.55162820000000001  -0.63450220000000002  -0.52497990000000005
 187    0.64976230000000001  -0.62896439999999998  -0.40221950000000001
 188    0.58591479999999996  -0.66108800000000001  -0.44428659999999998
 189    0.52875130000000004  0.70796159999999997  -0.44691619999999999
 190    0.43799680000000002  0.71199539999999994  -0.53800740000000002
 191    0.47659439999999997  0.64206890000000005  -0.58766379999999996
 192    0.57598590000000005  0.63439920000000005  -0.48941679999999999
 193    0.5306012  0.65949460000000004  -0.5119186
 194    0.72357470000000002  0.55731640000000005  -0.39434940000000002
 195    0.62648800000000004  0.60930340000000005  -0.4605844
 196    0.6667478  0.63439889999999999  -0.36636970000000002
 197    0.47588839999999999  -0.75308819999999999  -0.4221046
 198    0.5431975  -0.70958200000000005  -0.41854409999999997
 199    0.4975041  -0.79489730000000003  -0.30927110000000002
 200    0.42801790000000001  -0.83265529999999999  -0.3183742
 201    0.48696289999999998  -0.7743911  -0.36346869999999998
 202    0.51132219999999995  -0.83280949999999998  -0.19014410000000001
 203    0.58820810000000001  0.47119309999999998  -0.64296920000000002
 204    0.63029020000000002  0.55695749999999999  -0.5173683
 205    0.68919989999999998  0.47119309999999998  -0.5279819
 206    0.63698840000000001  0.50030240000000004  -0.5655424
 207    0.7309911  0.38323099999999999  -0.54624150000000005
 208    0.73392080000000004  0.44267529999999999  -0.4965155
 209    0.37983610000000001  -0.86549779999999998  -0.30038320000000002
 210    0.40117829999999999  -0.88069010000000003  -0.2186603
 211    0.67456439999999995  0.2891822  -0.66576460000000004
 212    0.64725299999999997  0.3821541  -0.64950319999999995
 213    0.7208909  0.32133469999999997  -0.59549260000000004
 214    0.80930650000000004  0.38143379999999999  -0.43697710000000001
 215    0.75567899999999999  0.29055189999999997  -0.56542040000000005
 216    0.77750949999999996  0.1956957  -0.57860690000000004
 217    0.79243300000000005  0.25955159999999999  -0.53299220000000003
 218    0.70221769999999994  0.097731960000000007  -0.6916987
 219    0.75617800000000002  0.1308078  -0.62213560000000001
 220    0.69294750000000005  0.19477050000000001  -0.68489800000000001
 221    0.8022108  0.033200359999999998  -0.57602759999999997
 222    0.78335069999999996  0.09033542  -0.59276249999999997
 223    0.82820859999999996  -0.097556290000000004  -0.54466619999999999
 224    0.77125460000000001  -0.040534870000000001  -0.62256789999999995
 225    0.84718470000000001  0.041500490000000001  -0.50863700000000001
 226    0.91015820000000003  0.098197679999999996  -0.37760959999999999
 227    0.88700199999999996  0.033200500000000001  -0.43754490000000001
 228    0.89803840000000001  -0.040721739999999999  -0.41536659999999997
 229    0.91205290000000006  -0.098355460000000006  -0.37706659999999997
 230    0.19057679999999999  0.95318570000000002  -0.1994744
 231    0.1792282  0.97445479999999995  -0.089542990000000003
 232    0.3314473  0.91169299999999998  -0.1890193
 233    0.27901039999999999  0.9357162  -0.16067980000000001
 234    0.71543060000000003  -0.3799536  -0.57930119999999996
 235    0.8310362  -0.22709950000000001  -0.4750163
 236    0.87944180000000005  -0.1551304  -0.422906
 237    0.83002640000000005  -0.29046309999999997  -0.4368378
 238    0.77401819999999999  -0.41979820000000001  -0.45207730000000002
 239    0.82757999999999998  -0.35118690000000002  -0.40248220000000001
 240    0.46918029999999999  0.85918890000000003  -0.1680238
 241    0.38326890000000002  0.88765620000000001  -0.21666050000000001
 242    0.64069849999999995  -0.56113170000000001  -0.51491739999999997
 243    0.7263541  -0.52051939999999997  -0.43023499999999998
 244    0.72881249999999997  -0.47177960000000002  -0.48272540000000003
 245    0.70859620000000001  -0.58119089999999995  -0.3755462
 246    0.73928210000000005  -0.58671059999999997  -0.30084680000000003
 247    0.89565110000000003  -0.3511862  -0.23654620000000001
 248    0.87188509999999997  -0.34242549999999999  -0.31524170000000001
 249    0.87433340000000004  -0.41979739999999999  -0.2073401
 250    0.91870680000000005  -0.3753088  -0.077617119999999998
 251    0.87231740000000002  -0.46524470000000001  -0.074198020000000003
 252    0.85778909999999997  -0.471779  -0.16752040000000001
 253    0.60400989999999999  0.75298019999999999  -0.2281174
 254    0.61097889999999999  0.70112269999999999  -0.35079929999999998
 255    0.6539642  0.70796170000000003  -0.22778080000000001
 256    0.81398079999999995  -0.46938750000000001  -0.3305902
 257    0.76950149999999995  -0.58119100000000001  -0.22627710000000001
 258    0.81950350000000005  -0.52051930000000002  -0.2021646
 259    0.7183406  0.63410359999999999  -0.23808879999999999
 260    0.68611409999999995  0.65949449999999998  -0.26989869999999999
 261    0.77169480000000001  0.55577710000000002  -0.27569850000000001
 262    0.81288229999999995  0.54185629999999996  -0.1727902
 263    0.7506853  0.60812250000000001  -0.2111671
 264    0.76759829999999996  0.47208060000000002  -0.41640169999999999
 265    0.78799129999999995  0.50030430000000004  -0.33282590000000001
 266    0.81939799999999996  0.46312940000000002  -0.29957990000000001
 267    0.85823609999999995  0.4104121  -0.26360489999999998
 268    0.93289080000000002  0.29590250000000001  -0.18565760000000001
 269    0.40204689999999998  -0.89588239999999997  -0.13163730000000001
 270    0.83797980000000005  0.28352899999999998  -0.45081070000000001
 271    0.87570740000000002  0.29099989999999998  -0.36479420000000001
 272    0.87328969999999995  0.34426960000000001  -0.31425049999999999
 273    0.90280039999999995  0.2350062  -0.3337387
 274    0.2388651  -0.9502178  -0.16304740000000001
 275    0.16548750000000001  -0.97835459999999996  -0.086037879999999997
 276    0.34506540000000002  -0.92346110000000003  -0.1033491
 277    0.29012759999999999  -0.94542760000000003  -0.092161469999999995
 278    0.94773430000000003  0.15330009999999999  -0.23905870000000001
 279    0.85907020000000001  0.18306349999999999  -0.46860639999999998
 280    0.92424360000000005  0.16225629999999999  -0.31545489999999998
 281    0.62764710000000001  -0.75222869999999997  -0.15642809999999999
 282    0.57524629999999999  -0.77417630000000004  -0.23374590000000001
 283    0.61069949999999995  -0.77172339999999995  -0.097786289999999998
 284    0.58999060000000003  -0.7924445  -0.02940303
 285    0.53372839999999999  -0.83204219999999995  -0.032778050000000003
 286    0.82267760000000001  0.54771110000000001  -0.057362570000000002
 287    0.86277009999999998  0.46803919999999999  -0.091290300000000005
 288    0.86996070000000003  0.43086410000000003  -0.17650830000000001
 289    0.82337360000000004  0.5540794  0.069886509999999999
 290    0.88351860000000004  0.43204480000000001  -0.052733849999999999
 291    0.8700582  0.46460509999999999  0.085393029999999995
 292    0.89848700000000004  0.41159249999999997  -0.0079861979999999999
 293    0.37273689999999998  -0.9222243  0.050780239999999997
 294    0.4820584  -0.86549779999999998  -0.013500059999999999
 295    0.44636730000000002  -0.88068999999999997  -0.07568561
 296    0.95873059999999999  0.23407130000000001  -0.095715720000000004
 297    0.94892410000000005  0.2902516  -0.033741899999999998
 298    0.91279690000000002  0.38167889999999999  0.1039988
 299    0.95029549999999996  0.2827807  0.044493369999999997
 300    0.9283496  0.34437719999999999  -0.035738449999999998
 301    0.96186970000000005  0.1615085  -0.160195
 302    0.97122249999999999  0.1054073  -0.13726840000000001
 303    0.98403870000000004  0.097732059999999996  -0.00060950779999999997
 304    0.99270670000000005  1.4150829999999999e-08  -0.00335309
 305    0.98075509999999999  0.06503014  -0.097219669999999994
 306    0.96818000000000004  -0.065777989999999995  -0.19200130000000001
 307    0.95446059999999999  0.013430589999999999  -0.28278029999999998
 308    0.97760389999999997  -0.00018686460000000001  -0.14521999999999999
 309    0.94619319999999996  -0.090366859999999993  -0.28626790000000002
 310    0.97461489999999995  -0.13080810000000001  -0.09478164
 311    0.97146359999999998  -0.098480139999999994  -0.14278199999999999
 312    0.96182219999999996  -0.19569600000000001  -0.12578539999999999
 313    0.97601009999999999  -0.1852502  0.00071934379999999995
 314    0.94882940000000004  -0.25955139999999999  -0.124015
 315    0.93374290000000004  -0.20126140000000001  -0.28095829999999999
 316    0.92754599999999998  -0.29857549999999999  -0.1831516
 317    0.95184519999999995  -0.27491870000000002  -0.044291990000000003
 318    0.56776139999999997  0.80810680000000001  -0.058142760000000002
 319    0.5859029  0.77923279999999995  -0.1766491
 320    0.47663450000000002  0.83089380000000002  -0.27933590000000003
 321    0.54935140000000005  0.81469630000000004  -0.13253380000000001
 322    0.64982320000000005  -0.70614900000000003  -0.27161839999999998
 323    0.74705239999999995  -0.62874949999999996  -0.1703152
 324    0.75686370000000003  -0.64139310000000005  -0.037673369999999998
 325    0.69492019999999999  -0.71007810000000005  -0.01156101
 326    0.68099730000000003  -0.70850760000000002  -0.13353609999999999
 327    0.73145389999999999  -0.66022860000000005  -0.1137459
 328    0.76327619999999996  0.62037529999999996  -0.12532370000000001
 329    0.76346530000000001  0.634104  0.0042496529999999999
 330    0.78297329999999998  0.60812279999999996  -0.053215100000000001
 331    0.30745109999999998  0.9375038  -0.074680720000000006
 332    0.38466660000000003  0.91132170000000001  0.07268819
 333    0.3194688  0.9357162  0.016915570000000001
 334    0.9551229  -0.25880330000000001  0.034547269999999998
 335    0.94080629999999998  -0.29065990000000003  0.065855319999999995
 336    0.87797270000000005  -0.38688810000000001  0.2696771
 337    0.90287490000000004  -0.3847083  0.086320679999999997
 338    0.92351899999999998  -0.32251649999999998  0.12523219999999999
 339    0.9223614  -0.29065980000000002  0.2170512
 340    0.4343127  0.88617089999999998  0.1197879
 341    0.87936349999999996  -0.44385730000000001  0.0356958
 342    0.82112609999999997  -0.55774120000000005  -0.068773520000000005
 343    0.8190421  -0.53216490000000005  0.1310047
 344    0.85346319999999998  -0.48034110000000002  0.090372030000000006
 345    0.69436050000000005  0.70939660000000004  -0.077425980000000005
 346    0.55993680000000001  0.81321100000000002  0.026319269999999999
 347    0.44626880000000002  0.88984249999999998  -0.053578750000000001
 348    0.60389919999999997  0.77737630000000002  0.066815639999999996
 349    0.49252669999999998  0.85733230000000005  0.07494133
 350    0.63365369999999999  0.75149509999999997  0.11032939999999999
 351    0.60060080000000005  0.76774549999999997  0.19372049999999999
 352    0.68850549999999999  0.70759050000000001  0.075912569999999999
 353    0.78740379999999999  -0.59538849999999999  0.073070910000000003
 354    0.75941999999999998  -0.63912400000000003  0.040319729999999998
 355    0.73746060000000002  0.6594949  0.067646999999999999
 356    0.74857189999999996  0.63439950000000001  0.14185929999999999
 357    0.71818470000000001  -0.68212689999999998  0.085914169999999998
 358    0.62661029999999995  -0.7664472  0.048203080000000002
 359    0.66453260000000003  -0.7311242  0.1051105
 360    0.94882940000000004  0.25955139999999999  0.1240151
 361    0.92734589999999995  0.29159489999999999  0.19119449999999999
 362    0.97411510000000001  0.18996750000000001  -0.0054269879999999998
 363    0.96182219999999996  0.19569600000000001  0.12578539999999999
 364    0.97461489999999995  0.13080810000000001  0.09478164
 365    0.98564750000000001  0.0001870319  0.1049829
 366    0.97307239999999995  0.098480170000000006  0.13473450000000001
 367    0.97461489999999995  0.065778130000000004  0.1598116
 368    0.98564739999999995  -0.097732029999999998  -0.0074379090000000004
 369    0.97607200000000005  -0.0096422820000000003  0.18923599999999999
 370    0.98719000000000001  -0.065030000000000004  0.065030000000000004
 371    0.98081580000000002  -0.097545010000000001  0.097232659999999999
 372    0.96808780000000005  -0.19476080000000001  0.08867498
 373    0.97450329999999996  -0.13006000000000001  0.1288107
 374    0.82962820000000004  0.50148559999999998  0.1845909
 375    0.78606690000000001  0.55725429999999998  0.21820300000000001
 376    0.8287814  0.47267179999999998  0.2411586
 377    0.82608680000000001  0.44385730000000001  0.30353799999999997
 378    0.86560769999999998  0.38489469999999998  0.27351609999999998
 379    0.89485099999999995  0.323264  0.26871790000000001
 380    0.21749750000000001  -0.96458820000000001  0.047705930000000001
 381    0.2282489  -0.95519949999999998  0.1158513
 382    0.26830779999999999  -0.95500790000000002  -0.020908309999999999
 383    0.95235999999999998  0.0001870319  0.2803793
 384    0.96192509999999998  0.082222660000000003  0.23165479999999999
 385    0.92758090000000004  0.098480170000000006  0.3395937
 386    0.94924120000000001  0.065778130000000004  0.28737259999999998
 387    0.13494590000000001  -0.98024739999999999  0.049134079999999997
 388    0.053103869999999997  -0.98890370000000005  0.053421469999999999
 389    0.96819069999999996  -0.097545000000000007  0.19290360000000001
 390    0.95553460000000001  -0.065030000000000004  0.25637159999999998
 391    0.94300059999999997  -0.097545010000000001  0.28671210000000003
 392    0.91195329999999997  -0.097545000000000007  0.37808140000000001
 393    0.93064860000000005  -0.13006000000000001  0.3164517
 394    0.25158239999999998  0.95462369999999996  0.048515750000000003
 395    0.04823351  0.99033450000000001  0.1175943
 396    0.18625829999999999  0.9704642  0.074744630000000006
 397    0.91801339999999998  -0.25880320000000001  0.27957559999999998
 398    0.95598689999999997  -0.19481570000000001  0.19097410000000001
 399    0.92918219999999996  -0.19476080000000001  0.29067480000000001
 400    0.80836240000000004  -0.5254278  0.22256039999999999
 401    0.73711389999999999  -0.59538769999999996  0.30324669999999998
 402    0.78675479999999998  -0.53216419999999998  0.28895549999999998
 403    0.74839849999999997  0.60930439999999997  0.22214890000000001
 404    0.67453909999999995  0.70437899999999998  0.19866020000000001
 405    0.89482790000000001  -0.27473150000000002  0.33109680000000002
 406    0.86919780000000002  -0.25880320000000001  0.39742660000000002
 407    0.8604619  -0.19476080000000001  0.45239580000000001
 408    0.84846980000000005  -0.29036420000000002  0.4144466
 409    0.81823849999999998  -0.38323030000000002  0.40567959999999997
 410    0.79148739999999995  -0.28918199999999999  0.52137080000000002
 411    0.82321480000000002  -0.32133420000000001  0.44340990000000002
 412    0.8002319  -0.48004469999999999  0.33789219999999998
 413    0.79558770000000001  -0.44267440000000002  0.39397339999999997
 414    0.52284039999999998  0.82743670000000002  0.18651699999999999
 415    0.57174179999999997  0.77468729999999997  0.25886399999999998
 416    0.73604879999999995  -0.6458353  0.1951698
 417    0.66045909999999997  -0.68212680000000003  0.28908810000000001
 418    0.68740970000000001  -0.63912340000000001  0.3292195
 419    0.73337660000000005  0.56252590000000002  0.36750559999999999
 420    0.70219169999999997  0.64019820000000005  0.28283900000000001
 421    0.64464650000000001  0.68268779999999996  0.32002760000000002
 422    0.60339010000000004  0.73658100000000004  0.28754229999999997
 423    0.64395820000000004  -0.73712860000000002  0.1641253
 424    0.62480959999999997  -0.7311242  0.23605950000000001
 425    0.54812289999999997  -0.8229225  0.12016830000000001
 426    0.51963389999999998  -0.79168590000000005  0.28911239999999999
 427    0.48550559999999998  -0.831094  0.2344173
 428    0.58403700000000003  -0.70378660000000004  0.38970709999999997
 429    0.56929810000000003  -0.76625759999999998  0.25878089999999998
 430    0.50501770000000001  -0.77037670000000003  0.36823820000000002
 431    0.41973290000000002  -0.83092180000000004  0.35075600000000001
 432    0.46540130000000002  -0.87290420000000002  0.081345039999999993
 433    0.39981939999999999  -0.87993339999999998  0.20580470000000001
 434    0.45142480000000001  -0.86473920000000004  0.17406640000000001
 435    0.33838970000000002  -0.89589010000000002  0.2440582
 436    0.93900399999999995  0.19175519999999999  0.27551999999999999
 437    0.87897349999999996  0.29159420000000003  0.35207179999999999
 438    0.85913399999999995  0.25955070000000002  0.42111609999999999
 439    0.80888300000000002  0.38746059999999999  0.4307551
 440    0.81448949999999998  0.19477040000000001  0.53566360000000002
 441    0.8779576  0.1956958  0.41358260000000002
 442    0.81400450000000002  0.29055059999999999  0.48605359999999997
 443    0.092158219999999999  -0.97601470000000001  0.17269139999999999
 444    0.28817680000000001  -0.92422910000000003  0.20113549999999999
 445    0.14372480000000001  -0.95117560000000001  0.24676870000000001
 446    0.225301  -0.94619390000000003  0.1856949
 447    0.92025389999999996  7.7929350000000003e-05  0.37749110000000002
 448    0.89414389999999999  0.13080810000000001  0.40397430000000001
 449    0.85694700000000001  0.065030000000000004  0.49438260000000001
 450    0.82101740000000001  0.097545010000000001  0.54821070000000005
 451    0.87261580000000005  0.097732029999999998  0.45648369999999999
 452    0.90053300000000003  -0.185138  0.37882470000000001
 453    0.88715829999999996  -0.065030000000000004  0.437861
 454    0.87486339999999996  0  0.46762419999999999
 455    0.8510297  -0.13006000000000001  0.49193170000000003
 456    0.868946  -0.097545010000000001  0.46517320000000001
 457    0.82067020000000002  -0.097545000000000007  0.54873019999999995
 458    0.64631079999999996  0.38469940000000002  0.64808529999999998
 459    0.73801989999999995  0.28918189999999999  0.59320899999999999
 460    0.76254120000000003  0.3213336  0.54409479999999999
 461    0.75248459999999995  0.1944652  0.61674390000000001
 462    0.72076459999999998  0.25762099999999999  0.6305653
 463    0.68764510000000001  0.19469259999999999  0.69112750000000001
 464    0.78016070000000004  0.13006000000000001  0.59799500000000005
 465    0.76682399999999995  0  0.62931669999999995
 466    0.76229539999999996  0.097545000000000007  0.62478769999999995
 467    0.74403169999999996  0.065030000000000004  0.65206569999999997
 468    0.6982912  0.097545010000000001  0.69784990000000002
 469    0.78468919999999998  -0.065030000000000004  0.60252399999999995
 470    0.82705249999999997  2.328306e-10  0.55261899999999997
 471    0.75169580000000003  -0.1944652  0.61770519999999995
 472    0.76149869999999997  -0.097545010000000001  0.62575829999999999
 473    0.68711829999999996  -0.19469259999999999  0.69246269999999999
 474    0.73870639999999999  -0.13006000000000001  0.64850739999999996
 475    0.81200050000000001  -0.19469249999999999  0.53959950000000001
 476    0.72579090000000002  -0.2891823  0.60811040000000005
 477    0.75906370000000001  -0.25762099999999999  0.58389829999999998
 478    0.64235120000000001  -0.29036529999999999  0.69904350000000004
 479    0.68240210000000001  -0.32133499999999998  0.64174319999999996
 480    0.45445059999999998  0.84764720000000005  0.26064100000000001
 481    0.43347439999999998  0.87437419999999999  0.19786210000000001
 482    0.41380739999999999  0.85078069999999995  0.29998789999999997
 483    0.51570050000000001  0.77316660000000004  0.36518539999999999
 484    0.51561579999999996  0.80917760000000005  0.27393060000000002
 485    0.69543270000000001  -0.44267519999999999  0.54276500000000005
 486    0.76178869999999999  -0.37309989999999998  0.51623419999999998
 487    0.74795250000000002  -0.45678580000000002  0.46165089999999998
 488    0.6828803  -0.3832313  0.60405450000000005
 489    0.55325679999999999  -0.47237639999999997  0.67300610000000005
 490    0.61439829999999995  -0.50148499999999996  0.58725740000000004
 491    0.65698769999999995  -0.47237580000000001  0.56125930000000002
 492    0.65579189999999998  -0.62844610000000001  0.39934540000000002
 493    0.72214920000000005  -0.54931370000000002  0.40915760000000001
 494    0.61520819999999998  -0.60844330000000002  0.47872979999999998
 495    0.51784280000000005  -0.55735049999999997  0.64085190000000003
 496    0.62182329999999997  -0.55703789999999997  0.52733240000000003
 497    0.51932049999999996  -0.65863479999999996  0.53006540000000002
 498    0.56188550000000004  -0.63332440000000001  0.51209990000000005
 499    0.62572439999999996  0.66949910000000001  0.37899709999999998
 500    0.60326650000000004  0.65693170000000001  0.43625219999999998
 501    0.42906319999999998  -0.77123620000000004  0.45423229999999998
 502    0.48634640000000001  -0.7498766  0.4336081
 503    0.50963840000000005  -0.70632589999999995  0.47677809999999998
 504    0.77129519999999996  0.47877989999999998  0.39594299999999999
 505    0.70347709999999997  0.5259201  0.45732060000000002
 506    0.64958130000000003  0.59359609999999996  0.4578565
 507    0.67564840000000004  0.46710970000000002  0.54547920000000005
 508    0.68819739999999996  0.50291889999999995  0.49648910000000002
 509    0.72758009999999995  0.38933849999999998  0.54424079999999997
 510    0.52692249999999996  0.70438590000000001  0.45833819999999997
 511    0.38970559999999999  0.73594890000000002  0.5271169
 512    0.43139139999999998  0.74893140000000002  0.4771492
 513    0.54817210000000005  0.62703679999999995  0.54648799999999997
 514    0.35147400000000001  0.72733239999999999  0.5707738
 515    0.33467789999999997  0.6299517  0.69163189999999997
 516    0.39867760000000002  0.67738710000000002  0.60401930000000004
 517    0.4099566  0.63533200000000001  0.64447779999999999
 518    0.35880509999999999  -0.79254530000000001  0.47534359999999998
 519    0.20688680000000001  -0.82499750000000005  0.52042730000000004
 520    0.60465979999999997  0.50173710000000005  0.59819690000000003
 521    0.53489520000000002  0.52473780000000003  0.64497910000000003
 522    0.47406409999999999  0.58789999999999998  0.64277830000000002
 523    0.39805669999999999  0.55307969999999995  0.72438539999999996
 524    0.52032060000000002  0.47730210000000001  0.69119699999999995
 525    0.49651600000000001  0.4426754  0.73392029999999997
 526    0.410055  0.47237600000000002  0.76869069999999995
 527    0.19688140000000001  -0.92038209999999998  0.329343
 528    0.3123264  -0.88069969999999997  0.33234089999999999
 529    0.31733230000000001  -0.83150029999999997  0.43790560000000001
 530    0.27905750000000001  -0.86550550000000004  0.40083970000000002
 531    0.59549269999999999  0.32133460000000003  0.7208909
 532    0.66576460000000004  0.2891822  0.67456439999999995
 533    0.54624159999999999  0.38323099999999999  0.7309909
 534    0.57201340000000001  0.29036479999999998  0.75131110000000001
 535    0.61157159999999999  0.19476089999999999  0.75567039999999996
 536    0.4919907  0.27491900000000002  0.81603700000000001
 537    0.55936399999999997  0.25880360000000002  0.77496169999999998
 538    0.6485069  0.13006000000000001  0.73870659999999999
 539    0.62575789999999998  0.097545000000000007  0.76149909999999998
 540    0.70335009999999998  2.328306e-10  0.70335099999999995
 541    0.54141159999999999  0.097731960000000007  0.82366810000000001
 542    0.62931630000000005  0  0.76682439999999996
 543    0.54956950000000004  7.78987e-05  0.82830150000000002
 544    0.6025237  0.065030000000000004  0.78468970000000005
 545    0.65206529999999996  -0.065030000000000004  0.74403200000000003
 546    0.69784950000000001  -0.097545000000000007  0.69829160000000001
 547    0.6247876  -0.097545010000000001  0.76229539999999996
 548    0.59799500000000005  -0.13006000000000001  0.78016070000000004
 549    0.54821070000000005  -0.097545000000000007  0.82101740000000001
 550    0.60797440000000003  -0.25880399999999998  0.7424809
 551    0.61109610000000003  -0.19476099999999999  0.75791370000000002
 552    0.38155790000000001  0.80273870000000003  0.43056260000000002
 553    0.35548030000000003  0.84764720000000005  0.36270170000000002
 554    0.46265770000000001  0.1308078  0.86302060000000003
 555    0.42858069999999998  0.098479789999999998  0.88393460000000001
 556    0.46030569999999998  0.00018695739999999999  0.87786109999999995
 557    0.40858709999999998  0.065777829999999995  0.89914919999999998
 558    0.38493189999999999  -0.0096423259999999997  0.91670790000000002
 559    0.49438270000000001  -0.065030000000000004  0.85694689999999996
 560    0.53830180000000005  -0.1851381  0.81529090000000004
 561    0.46406579999999997  -0.097545010000000001  0.86953809999999998
 562    0.46410970000000001  -0.19476099999999999  0.85420079999999998
 563    0.43430269999999999  -0.13006000000000001  0.88183299999999998
 564    0.17895820000000001  0.96235289999999996  0.15980749999999999
 565    0.1794386  0.92569630000000003  0.29820059999999998
 566    0.05315255  0.95781570000000005  0.2513128
 567    0.1443208  0.95130369999999997  0.23694899999999999
 568    0.47521989999999997  -0.29036529999999999  0.81598579999999998
 569    0.56007220000000002  -0.27473249999999999  0.77243850000000003
 570    0.37536789999999998  -0.19469259999999999  0.89978380000000002
 571    0.50191110000000005  -0.25880399999999998  0.81334989999999996
 572    0.43813039999999998  -0.32133499999999998  0.82603660000000001
 573    0.2342197  0.82662930000000001  0.50176160000000003
 574    0.31955689999999998  0.92227630000000005  0.20565330000000001
 575    0.27558690000000002  0.87699380000000005  0.36168509999999998
 576    0.19864399999999999  0.89664869999999997  0.36683739999999998
 577    0.054028369999999999  0.91903049999999997  0.37504539999999997
 578    0.4346875  -0.47119349999999999  0.75153689999999995
 579    0.46630929999999998  -0.3832315  0.78439990000000004
 580    0.58281959999999999  -0.3802432  0.71323349999999996
 581    0.48804550000000002  -0.44267590000000001  0.73958000000000002
 582    0.37207639999999997  -0.50030269999999999  0.76625770000000004
 583    0.38432359999999999  -0.55695779999999995  0.71918709999999997
 584    0.2973789  -0.47119339999999998  0.8191233
 585    0.47297149999999999  -0.63418399999999997  0.59817129999999996
 586    0.4025417  -0.6093035  0.66527060000000005
 587    0.34484989999999999  -0.63439909999999999  0.67258209999999996
 588    0.42803069999999999  -0.70777049999999997  0.55367909999999998
 589    0.29430800000000001  -0.65949460000000004  0.67600320000000003
 590    0.32315329999999998  -0.77220960000000005  0.53163059999999995
 591    0.20611579999999999  -0.76173219999999997  0.60356180000000004
 592    0.30579410000000001  -0.7075901  0.62202089999999999
 593    0.28354560000000001  -0.75149469999999996  0.58253339999999998
 594    0.54284030000000005  0.1852502  0.81112309999999999
 595    0.42402669999999998  0.25955149999999999  0.85782150000000001
 596    0.42977189999999998  0.1956957  0.86960870000000001
 597    0.43146479999999998  0.38039000000000001  0.8127221
 598    0.26094279999999997  0.55765209999999998  0.77281109999999997
 599    0.25369979999999998  0.61089709999999997  0.7376646
 600    0.2706383  0.70440469999999999  0.65131470000000002
 601    0.30743710000000002  0.50148550000000003  0.79236289999999998
 602    0.25993169999999999  0.47267189999999998  0.82308630000000005
 603    0.20656869999999999  0.44385790000000003  0.85550179999999998
 604    0.35623369999999999  0.2915951  0.87728119999999998
 605    0.2737233  0.32326460000000001  0.89333209999999996
 606    0.2925934  0.1917546  0.93382449999999995
 607    0.25348850000000001  0.38489570000000001  0.87168259999999997
 608    0.34180129999999997  0.082222290000000003  0.92851229999999996
 609    0.2959753  0.00018695739999999999  0.9476289
 610    0.28842699999999999  0.065777829999999995  0.94892129999999997
 611    0.37750420000000001  -0.097545000000000007  0.91219229999999996
 612    0.31770100000000001  -0.065030000000000004  0.93693040000000005
 613    0.2855104  -0.097545010000000001  0.9433648
 614    0.2539207  -0.13006000000000001  0.94961700000000004
 615    0.19739290000000001  7.7898609999999994e-05  0.97488640000000004
 616    0.28183360000000002  -0.1944652  0.93122229999999995
 617    0.36843880000000001  -0.2891823  0.87323079999999997
 618    0.30674170000000001  -0.25762099999999999  0.90720639999999997
 619    0.3494293  -0.3821541  0.84775579999999995
 620    0.21086489999999999  -0.32133410000000001  0.91271190000000002
 621    0.26562540000000001  -0.28918199999999999  0.90885249999999995
 622    0.2440611  -0.55731730000000002  0.7878098
 623    0.21960060000000001  -0.38323040000000003  0.88678219999999996
 624    0.22628470000000001  -0.44267499999999999  0.85821990000000004
 625    0.23297280000000001  0.098479789999999998  0.959924
 626    0.16086600000000001  0.1308078  0.96789000000000003
 627    0.10524650000000001  0.097731960000000007  0.97916239999999999
 628    0.1438846  0.1956956  0.95976950000000005
 629    0.097232659999999999  0  0.98722030000000005
 630    0.065030000000000004  0.065030000000000004  0.98718969999999995
 631    0.19229080000000001  -0.097545000000000007  0.96831210000000001
 632    0.1288107  -0.065030000000000004  0.98090770000000005
 633    0.095983330000000006  -0.097545010000000001  0.98093830000000004
 634    -0.0053695640000000003  -0.185138  0.97695399999999999
 635    0.063780669999999998  -0.13006000000000001  0.98090759999999999
 636    0.082521540000000004  -0.38015060000000001  0.9184544
 637    0.1457301  -0.29036410000000001  0.93810439999999995
 638    0.087034139999999996  -0.19476080000000001  0.96968849999999995
 639    0.093013899999999997  -0.25880310000000001  0.95512260000000004
 640    0.18660660000000001  -0.19469249999999999  0.9575034
 641    0.13737769999999999  0.87673500000000004  0.44230130000000001
 642    0.01058448  0.8609753  0.48764770000000002
 643    0.08201601  0.84891070000000002  0.50756109999999999
 644    0.16500480000000001  -0.47208030000000001  0.85754640000000004
 645    0.1230067  -0.55577739999999998  0.81260480000000002
 646    0.10843369999999999  -0.50030399999999997  0.85085860000000002
 647    0.25250410000000001  0.76380550000000003  0.58277429999999997
 648    0.13212479999999999  0.74110949999999998  0.64486449999999995
 649    0.15893479999999999  0.77831039999999996  0.59704999999999997
 650    0.1098225  0.81192160000000002  0.56099600000000005
 651    0.21956880000000001  -0.63410409999999995  0.73076249999999998
 652    0.1032893  -0.6327083  0.75480749999999996
 653    0.1459918  -0.60812290000000002  0.76962889999999995
 654    0.0063619119999999999  -0.554423  0.82591270000000006
 655    0.1005987  -0.70622059999999998  0.68998610000000005
 656    0.066791359999999994  -0.65745430000000005  0.73917699999999997
 657    0.18302779999999999  0.64269659999999995  0.73020119999999999
 658    0.11390210000000001  0.68631030000000004  0.7027542
 659    0.19467380000000001  -0.70059389999999999  0.67950029999999995
 660    0.1352294  -0.75063530000000001  0.63470510000000002
 661    0.1022453  -0.77102139999999997  0.61336060000000003
 662    0.068437999999999999  -0.79122999999999999  0.59357680000000002
 663    0.0056136670000000001  -0.7695921  0.62707990000000002
 664    0.20677100000000001  -0.87355850000000002  0.42821870000000001
 665    0.10268969999999999  -0.83071569999999995  0.53352540000000004
 666    0.13700660000000001  -0.86504959999999997  0.46690120000000002
 667    0.092689069999999998  -0.88012990000000002  0.44149519999999998
 668    0.028043729999999999  -0.89543419999999996  0.4164292
 669    -0.047439330000000002  -0.87917409999999996  0.45571610000000001
 670    0.1955952  0.29159459999999998  0.92643989999999998
 671    0.12716430000000001  0.25955099999999998  0.94830320000000001
 672    0.00091047630000000001  0.19497139999999999  0.97353040000000002
 673    -0.0064671240000000003  -0.95648820000000001  0.26138329999999999
 674    0.04229521  -0.92411520000000003  0.35053770000000001
 675    0.057005899999999998  -0.94619390000000003  0.29200429999999999
 676    0.0036640990000000001  -0.7054359  0.70191320000000001
 677    -0.079084169999999995  -0.63133850000000002  0.76149909999999998
 678    -0.054070670000000001  -0.60608229999999996  0.78468970000000005
 679    0.003180174  -0.63155340000000004  0.76561069999999998
 680    -0.16850319999999999  -0.55433359999999998  0.80833129999999997
 681    -0.082608329999999994  -0.55379089999999997  0.82067040000000002
 682    -0.100054  -0.65659469999999998  0.73870659999999999
 683    -0.070996840000000005  -0.70484259999999999  0.69784990000000002
 684    -0.1581167  -0.63163369999999996  0.74873160000000005
 685    -0.095835920000000005  0.64269679999999996  0.73819080000000004
 686    -0.1375209  0.74110969999999998  0.64374520000000002
 687    -0.066909540000000003  0.68631039999999999  0.70475549999999998
 688    0.027558450000000002  0.67927150000000003  0.71599880000000005
 689    0.088136909999999999  0.5639904  0.81345940000000005
 690    -0.077313709999999994  0.55765240000000005  0.80959689999999995
 691    -0.13850860000000001  0.61089749999999998  0.76161749999999995
 692    -0.045983330000000003  -0.74856140000000004  0.65206569999999997
 693    -0.14616570000000001  -0.70548  0.68664199999999997
 694    -0.00054198319999999996  -0.82967080000000004  0.54895389999999999
 695    -0.071404519999999999  -0.76940260000000005  0.62358619999999998
 696    -0.17705960000000001  -0.8253336  0.52700670000000005
 697    -0.10168480000000001  -0.7904717  0.59318890000000002
 698    -0.15530649999999999  -0.77007349999999997  0.60811119999999996
 699    0.091851859999999994  0.47267150000000002  0.86395849999999996
 700    -0.074837000000000001  0.47267140000000002  0.85990429999999995
 701    -0.01919034  0.50148530000000002  0.84969870000000003
 702    0.085155300000000003  0.38503969999999998  0.91235409999999995
 703    -0.13654250000000001  0.44385760000000002  0.86943119999999996
 704    -0.15667429999999999  -0.87221380000000004  0.44888479999999997
 705    -0.091253849999999997  -0.82957630000000004  0.54086599999999996
 706    -0.096226329999999999  -0.86352510000000005  0.48422799999999999
 707    0.040951700000000001  0.29084670000000001  0.94532950000000004
 708    -0.12670210000000001  0.29084670000000001  0.93400320000000003
 709    -0.05734243  0.32251649999999998  0.93020530000000001
 710    -0.091478039999999997  0.38470840000000001  0.90236689999999997
 711    -0.14064650000000001  0.1956947  0.95891850000000001
 712    -0.1834538  0.25955040000000001  0.93721650000000001
 713    -0.007438259  0.097731780000000004  0.98564700000000005
 714    -0.094783039999999999  0.13080710000000001  0.97461410000000004
 715    -0.27293040000000002  0.18645529999999999  0.94012569999999995
 716    -0.13473640000000001  0.098478880000000005  0.97307149999999998
 717    -0.231657  0.082221370000000002  0.96192460000000002
 718    -0.15981339999999999  0.065777100000000005  0.97461410000000004
 719    -0.00031241590000000001  -0.097545000000000007  0.98722030000000005
 720    -0.0032294490000000001  7.7822859999999994e-05  0.99403169999999996
 721    -0.18923690000000001  -0.0096424349999999995  0.97607180000000004
 722    -0.065030329999999997  -0.065030000000000004  0.9871896
 723    -0.1049837  0.00018677489999999999  0.98564689999999999
 724    -0.19290399999999999  -0.097545000000000007  0.96819029999999995
 725    -0.097233089999999994  -0.097545010000000001  0.98081560000000001
 726    -0.12881100000000001  -0.13006000000000001  0.97450300000000001
 727    0.036541539999999997  -0.27473140000000001  0.9534186
 728    -0.088675110000000001  -0.19476080000000001  0.96808740000000004
 729    -0.034547429999999997  -0.25880310000000001  0.95512260000000004
 730    -0.094627439999999993  -0.32133410000000001  0.93023659999999997
 731    -0.058204289999999999  -0.29036410000000001  0.94248560000000003
 732    -0.17879500000000001  -0.28918199999999999  0.93075839999999999
 733    -0.030846769999999999  -0.4414941  0.88674660000000005
 734    -0.054503629999999997  -0.38293509999999997  0.91143859999999999
 735    0.041321650000000001  -0.47089940000000002  0.87292959999999997
 736    -0.081309359999999997  -0.46942210000000001  0.86884309999999998
 737    -0.17932809999999999  -0.46942220000000001  0.85462009999999999
 738    -0.11415069999999999  -0.49794100000000002  0.8510297
 739    -0.25637199999999999  -0.065030000000000004  0.95553429999999995
 740    -0.28671219999999997  -0.097545010000000001  0.94300010000000001
 741    -0.18778619999999999  -0.19469249999999999  0.95668600000000004
 742    -0.28302359999999999  -0.1944652  0.9308613
 743    -0.3164517  -0.13006000000000001  0.93064829999999998
 744    -0.068281110000000006  0.9256875  0.34066340000000001
 745    -0.037592  0.95461410000000002  0.26316060000000002
 746    -0.28407250000000001  -0.2891822  0.90325670000000002
 747    -0.24897069999999999  -0.25762099999999999  0.92473099999999997
 748    -0.33174910000000002  -0.32133460000000003  0.87604190000000004
 749    -0.40001429999999999  -0.29036469999999998  0.86096779999999995
 750    -0.30309399999999997  -0.38293569999999999  0.86096779999999995
 751    -0.2013144  0.93137650000000005  0.29002860000000003
 752    -0.064583870000000002  0.88337189999999999  0.43184240000000002
 753    -0.18129729999999999  0.85298750000000001  0.46008729999999998
 754    -0.1218354  0.86505200000000004  0.45103650000000001
 755    -0.17573330000000001  0.81294089999999997  0.53514430000000002
 756    -0.18021989999999999  -0.38190809999999997  0.89976529999999999
 757    -0.29885630000000002  -0.47089989999999998  0.81629649999999998
 758    -0.26070969999999999  -0.44149460000000001  0.84583059999999999
 759    -0.43784879999999998  -0.38015169999999998  0.81106420000000001
 760    -0.39450390000000002  -0.5571045  0.72539339999999997
 761    -0.28096969999999999  -0.55556249999999996  0.77082439999999997
 762    -0.33282630000000002  -0.50030430000000004  0.78799059999999999
 763    -0.4164023  -0.47208070000000002  0.76759739999999999
 764    -0.022600889999999998  0.78600420000000004  0.612321
 765    -0.28664460000000003  0.77064310000000003  0.55477350000000003
 766    -0.1964014  0.77831050000000002  0.58456770000000002
 767    -0.26444309999999999  -0.63302950000000002  0.71399239999999997
 768    -0.2322506  -0.60726309999999994  0.7472067
 769    -0.36673919999999999  -0.63388920000000004  0.67111589999999999
 770    -0.29098220000000002  -0.65863519999999998  0.68263560000000001
 771    -0.21448700000000001  -0.74987720000000002  0.61525890000000005
 772    -0.24545649999999999  -0.70632640000000002  0.6532985
 773    -0.0045165559999999997  -0.98540229999999995  0.12629209999999999
 774    -0.048186199999999998  -0.96974309999999997  0.2045961
 775    -0.1100709  -0.98997369999999996  0.068319299999999999
 776    -0.28038010000000002  0.00018677489999999999  0.95235979999999998
 777    -0.3386419  0.1063414  0.92634240000000001
 778    -0.28737439999999997  0.065777100000000005  0.94924090000000005
 779    -0.36194660000000001  0.55765200000000004  0.73097330000000005
 780    -0.264073  0.7049339  0.65164690000000003
 781    -0.2455734  0.62384360000000005  0.72971529999999996
 782    -0.3422152  0.61089720000000003  0.70099990000000001
 783    -0.25851679999999999  -0.77160819999999997  0.56669000000000003
 784    -0.2899156  -0.83316579999999996  0.44734849999999998
 785    -0.31406919999999999  -0.79403109999999999  0.49924429999999997
 786    -0.2457627  0.47267150000000002  0.83334370000000002
 787    -0.2219515  0.54959250000000004  0.79599589999999998
 788    -0.3938741  0.4646054  0.77265899999999998
 789    -0.34289589999999998  0.50148519999999996  0.77767489999999995
 790    -0.52275539999999998  0.417935  0.7262632
 791    -0.44151279999999998  0.41159410000000002  0.77839930000000002
 792    -0.1188905  -0.92260770000000003  0.35760370000000002
 793    -0.2417919  -0.86622480000000002  0.41419679999999998
 794    -0.2737714  0.283528  0.91131200000000001
 795    -0.39480789999999999  0.2350072  0.87751310000000005
 796    -0.26220719999999997  0.3816792  0.87964240000000005
 797    -0.3612707  0.2910005  0.87716680000000002
 798    -0.40056160000000002  0.34456609999999999  0.83600209999999997
 799    -0.40016089999999999  0.16225709999999999  0.88919119999999996
 800    -0.52547820000000001  0.28173369999999998  0.7984021
 801    -0.4905679  0.096479999999999996  0.85199469999999999
 802    -0.45171559999999999  0.13704430000000001  0.86642520000000001
 803    -0.437861  -0.065030000000000004  0.88715829999999996
 804    -0.37709389999999998  0.0033538650000000001  0.9197381
 805    -0.37808140000000001  -0.097545000000000007  0.91195320000000002
 806    -0.46667049999999999  0.0078625009999999992  0.87362530000000005
 807    -0.46517320000000001  -0.097545010000000001  0.868946
 808    -0.5487301  -0.097545000000000007  0.82067020000000002
 809    -0.49193170000000003  -0.13006000000000001  0.8510297
 810    -0.4533007  -0.25880360000000002  0.84583059999999999
 811    -0.3768032  -0.19469259999999999  0.89980819999999995
 812    -0.54723140000000003  -0.185138  0.80932440000000005
 813    -0.46636430000000001  -0.19476089999999999  0.85462009999999999
 814    -0.6025237  -0.065030000000000004  0.78468919999999998
 815    -0.62575800000000004  -0.097545010000000001  0.76149869999999997
 816    -0.62931630000000005  0  0.76682399999999995
 817    -0.6485071  -0.13006000000000001  0.73870639999999999
 818    -0.70335009999999998  2.328306e-10  0.70335000000000003
 819    -0.6982912  -0.097545000000000007  0.69784939999999995
 820    -0.57201349999999995  -0.29036469999999998  0.75131110000000001
 821    -0.49930920000000001  -0.27473199999999998  0.81303919999999996
 822    -0.61157159999999999  -0.19476089999999999  0.75567019999999996
 823    -0.55936410000000003  -0.25880360000000002  0.77496149999999997
 824    -0.59549269999999999  -0.32133460000000003  0.7208909
 825    -0.64570150000000004  -0.38190790000000002  0.6521846
 826    -0.5462418  -0.38323089999999999  0.7309909
 827    -0.49651600000000001  -0.4426754  0.73392000000000002
 828    -0.52308069999999995  -0.47089809999999999  0.69443750000000004
 829    -0.54593630000000004  -0.4991218  0.65794180000000002
 830    -0.61423850000000002  -0.4694217  0.6209981
 831    -0.57065809999999995  0.7153562  0.39587919999999999
 832    -0.3837757  0.75468210000000002  0.50869949999999997
 833    -0.42450199999999999  0.77989339999999996  0.43659510000000001
 834    -0.44097819999999999  -0.60812290000000002  0.6474413
 835    -0.49286059999999998  -0.55548169999999997  0.65648189999999995
 836    -0.46849639999999998  -0.63332160000000004  0.59736820000000002
 837    -0.50666239999999996  -0.65990729999999997  0.53231479999999998
 838    -0.5163373  0.55133860000000001  0.64687439999999996
 839    -0.45799040000000002  0.66268150000000003  0.56826960000000004
 840    -0.39731270000000002  0.6367893  0.64345160000000001
 841    -0.42266540000000002  0.71157400000000004  0.53375550000000005
 842    -0.5455487  0.6367893  0.52412550000000002
 843    -0.3484582  -0.70796910000000002  0.60603549999999995
 844    -0.38635530000000001  -0.77446499999999996  0.4794987
 845    -0.4562486  -0.75457359999999996  0.45149450000000002
 846    -0.51530189999999998  -0.7655805  0.36860409999999999
 847    -0.4737401  -0.70965820000000002  0.49820409999999998
 848    -0.70980949999999998  0.38147690000000001  0.58669899999999997
 849    -0.59098260000000002  0.4115936  0.67926189999999997
 850    -0.27359860000000003  -0.88225299999999995  0.35813650000000002
 851    -0.32388939999999999  -0.91990780000000005  0.1957932
 852    -0.29433110000000001  -0.89695100000000005  0.3062357
 853    -0.62149639999999995  0.34437869999999998  0.6912855
 854    -0.64713069999999995  0.29025279999999998  0.69484999999999997
 855    -0.1162551  -0.96134739999999996  0.2121961
 856    -0.23150419999999999  -0.92460019999999998  0.27304050000000002
 857    -0.2232758  -0.95603629999999995  0.1429377
 858    -0.185389  -0.95016579999999995  0.21269540000000001
 859    -0.55222150000000003  0.0032760419999999998  0.82653670000000001
 860    -0.61707040000000002  0.23407320000000001  0.74105359999999998
 861    -0.54344219999999999  0.13685749999999999  0.81482699999999997
 862    -0.62383390000000005  0.1054075  0.76105730000000005
 863    -0.59418029999999999  0.16150999999999999  0.77520829999999996
 864    -0.69784950000000001  0.097545010000000001  0.6982912
 865    -0.65206529999999996  0.065030000000000004  0.74403169999999996
 866    -0.079546679999999995  0.96649099999999999  0.20360010000000001
 867    -0.12010990000000001  0.97377469999999999  0.14506859999999999
 868    -0.082836469999999995  0.98620459999999999  0.070712399999999995
 869    -0.62196200000000001  0.46460469999999998  0.61524769999999995
 870    -0.65736839999999996  0.50148440000000005  0.54457900000000004
 871    -0.71781470000000003  0.47237499999999999  0.49460120000000002
 872    -0.76638709999999999  0.2903637  0.56029320000000005
 873    -0.69905419999999996  0.2825935  0.64709179999999999
 874    -0.74114480000000005  0.2588028  0.60960300000000001
 875    -0.686442  0.18985540000000001  0.69386499999999995
 876    -0.73870630000000004  0.13006000000000001  0.6485069
 877    -0.74721599999999999  0.19476070000000001  0.62413130000000006
 878    -0.78468939999999998  0.065030000000000004  0.60252329999999998
 879    -0.76149869999999997  0.097545000000000007  0.62575789999999998
 880    -0.74403169999999996  -0.065030000000000004  0.65206500000000001
 881    -0.76682399999999995  0  0.62931590000000004
 882    -0.78016070000000004  -0.13006000000000001  0.59799460000000004
 883    -0.75248459999999995  -0.1944652  0.61674379999999995
 884    -0.82705249999999997  2.328306e-10  0.5526181
 885    -0.76229539999999996  -0.097545010000000001  0.62478719999999999
 886    -0.82101740000000001  -0.097545000000000007  0.54821030000000004
 887    -0.66576460000000004  -0.2891822  0.67456430000000001
 888    -0.73379729999999999  -0.28888649999999999  0.59980670000000003
 889    -0.72076459999999998  -0.25762099999999999  0.6305653
 890    -0.68764499999999995  -0.19469259999999999  0.69112750000000001
 891    -0.81144760000000005  -0.1945693  0.54157189999999999
 892    -0.70922669999999999  -0.3814575  0.58046969999999998
 893    -0.74565029999999999  -0.32015199999999999  0.57048529999999997
 894    -0.30478539999999998  0.88998820000000001  0.33071970000000001
 895    -0.25179289999999999  0.87914669999999995  0.38579809999999998
 896    -0.29682500000000001  0.91609309999999999  0.25980409999999998
 897    -0.68088510000000002  -0.4694218  0.54568119999999998
 898    -0.66979869999999997  -0.44031199999999998  0.58483269999999998
 899    -0.69762679999999999  -0.49912210000000001  0.49667509999999998
 900    -0.4788732  0.81073200000000001  0.31106430000000002
 901    -0.30100480000000002  0.82879210000000003  0.46153630000000001
 902    -0.35683969999999998  0.85919190000000001  0.3519756
 903    -0.4268749  0.81531140000000002  0.36936370000000002
 904    -0.58192279999999996  -0.6349148  0.49053419999999998
 905    -0.63944860000000003  -0.60971620000000004  0.4546577
 906    -0.58652260000000001  -0.55467840000000002  0.57992869999999996
 907    -0.6654447  -0.55588040000000005  0.48201959999999999
 908    -0.67128909999999997  -0.62325280000000005  0.3858607
 909    -0.61420319999999995  0.61089709999999997  0.48120489999999999
 910    -0.63231369999999998  0.55765160000000003  0.51728169999999996
 911    -0.78981319999999999  -0.28888649999999999  0.52662379999999998
 912    -0.82993229999999996  -0.25762099999999999  0.47783500000000001
 913    -0.90270039999999996  -0.19469249999999999  0.36982039999999999
 914    -0.85834630000000001  -0.1944652  0.45809060000000001
 915    -0.85403660000000003  -0.32133420000000001  0.38487460000000001
 916    -0.83956819999999999  -0.2891821  0.43782989999999999
 917    -0.79758280000000004  -0.44267529999999999  0.38936739999999997
 918    -0.73522690000000002  -0.54906069999999996  0.3874397
 919    -0.76742520000000003  -0.38190790000000002  0.50413359999999996
 920    -0.82690059999999999  -0.38323059999999998  0.38838400000000001
 921    -0.75003799999999998  -0.47089829999999999  0.44703270000000001
 922    -0.80887719999999996  -0.47208060000000002  0.32913350000000002
 923    -0.38904499999999997  0.89143340000000004  0.23077880000000001
 924    -0.51042480000000001  0.81679630000000003  0.2348481
 925    -0.76686089999999996  0.44267459999999997  0.44684469999999998
 926    -0.78416490000000005  0.47730220000000001  0.37478099999999998
 927    -0.79448909999999995  0.3213338  0.49628070000000002
 928    -0.78233109999999995  0.38323000000000002  0.47176810000000002
 929    -0.83048149999999998  0.28918189999999999  0.45483030000000002
 930    -0.85776019999999997  0.1944652  0.45918720000000002
 931    -0.87799309999999997  0.28918199999999999  0.35694120000000001
 932    -0.85839100000000002  0.25762099999999999  0.42459259999999999
 933    -0.90166840000000004  0.19469249999999999  0.37081769999999997
 934    -0.80900810000000001  0.19469249999999999  0.54510689999999995
 935    -0.82067020000000002  0.097545010000000001  0.54872969999999999
 936    -0.868946  0.097545000000000007  0.46517269999999999
 937    -0.85102960000000005  0.13006000000000001  0.49193130000000002
 938    -0.91195320000000002  0.097545010000000001  0.37808130000000001
 939    -0.87486339999999996  0  0.46762379999999998
 940    -0.88715840000000001  0.065030000000000004  0.43786069999999999
 941    -0.85694689999999996  -0.065030000000000004  0.4943824
 942    -0.86953809999999998  -0.097545010000000001  0.46406579999999997
 943    -0.88183299999999998  -0.13006000000000001  0.43430269999999999
 944    -0.91897150000000005  2.328306e-10  0.3806503
 945    -0.91219229999999996  -0.097545000000000007  0.37750420000000001
 946    -0.20230049999999999  0.95888839999999997  0.16070660000000001
 947    -0.29694009999999998  0.93866899999999998  0.13014829999999999
 948    -0.27058979999999999  0.93953319999999996  0.18438280000000001
 949    -0.37355939999999999  -0.88183619999999996  0.26463399999999998
 950    -0.43848799999999999  -0.86580780000000002  0.20023070000000001
 951    -0.43460890000000002  -0.87948820000000005  0.13441049999999999
 952    -0.55130310000000005  -0.82808999999999999  0.049540430000000003
 953    -0.49766270000000001  -0.83284639999999999  0.1929198
 954    -0.35094930000000002  -0.92351830000000001  0.091941170000000003
 955    -0.4624412  -0.87892720000000002  0.019954659999999999
 956    -0.4211802  -0.89429040000000004  0.082195229999999994
 957    -0.89390159999999996  0.32133420000000001  0.27428920000000001
 958    -0.87906399999999996  0.3893394  0.2307746
 959    -0.91302079999999997  0.29036420000000002  0.24095559999999999
 960    -0.91561110000000001  0.38211119999999998  0.098094290000000001
 961    -0.93003020000000003  0.25880320000000001  0.22021850000000001
 962    -0.95713420000000005  0.185138  0.19586010000000001
 963    -0.2417542  -0.96096210000000004  0.026383380000000001
 964    -0.27312180000000003  -0.94974910000000001  0.087606229999999993
 965    -0.93064829999999998  0.13006000000000001  0.31645129999999999
 966    -0.93218610000000002  0.19476080000000001  0.2758352
 967    -0.94300010000000001  0.097545000000000007  0.28671170000000001
 968    -0.94928179999999995  0  0.28796139999999998
 969    -0.96818990000000005  0.097545010000000001  0.1929032
 970    -0.95553399999999999  0.065030000000000004  0.25637130000000002
 971    -0.94336439999999999  -0.097545010000000001  0.28551029999999999
 972    -0.93693000000000004  -0.065030000000000004  0.31770100000000001
 973    -0.94961660000000003  -0.13006000000000001  0.25392029999999999
 974    -0.9683117  -0.097545000000000007  0.1922904
 975    -0.88470709999999997  -0.38015090000000001  0.26011770000000001
 976    -0.89164840000000001  -0.29036430000000002  0.32594499999999998
 977    -0.93407660000000003  -0.19476080000000001  0.27453820000000001
 978    -0.91862390000000005  -0.25880320000000001  0.27756160000000002
 979    -0.81335480000000004  -0.50030430000000004  0.27234439999999999
 980    -0.57067129999999999  0.77491239999999995  0.22665859999999999
 981    -0.66950699999999996  0.67775960000000002  0.27031889999999997
 982    -0.55226759999999997  0.82830630000000005  0.06367312
 983    -0.63425339999999997  0.72881859999999998  0.2070157
 984    -0.65659140000000005  0.73200829999999995  0.1200065
 985    -0.7153003  -0.60971620000000004  0.312749
 986    -0.70633020000000002  -0.63469989999999998  0.2728293
 987    -0.77022840000000004  -0.55617589999999995  0.28402820000000001
 988    -0.74751469999999998  -0.63195170000000001  0.15733610000000001
 989    -0.64066679999999998  -0.70858350000000003  0.26113130000000001
 990    -0.70088510000000004  -0.65904750000000001  0.22912950000000001
 991    -0.69409560000000003  0.63533309999999998  0.31771179999999999
 992    -0.72159249999999997  0.55307989999999996  0.40480290000000002
 993    -0.65645810000000004  0.62995230000000002  0.39894390000000002
 994    -0.76034979999999996  0.62537770000000004  0.15815460000000001
 995    -0.4299656  -0.83373319999999995  0.3424393
 996    -0.57461980000000001  -0.75371379999999999  0.29021789999999997
 997    -0.5952731  -0.70195949999999996  0.38447750000000003
 998    -0.56656430000000002  -0.77339029999999998  0.2377484
 999    -0.56142069999999999  -0.79317119999999997  0.1773496
1000    -0.84432070000000004  0.38469940000000002  0.35480820000000002
1001    -0.81218020000000002  0.50173840000000003  0.25330989999999998
1002    -0.74377360000000003  0.58790120000000001  0.29317860000000001
1003    -0.78363799999999995  0.5247387  0.30213889999999999
1004    -0.84677690000000005  0.4671111  0.20127139999999999
1005    -0.44180390000000003  0.88697979999999998  0.079223000000000002
1006    -0.47464430000000002  0.85992469999999999  0.1545859
1007    -0.38454820000000001  0.91084770000000004  0.079948690000000003
1008    -0.46016950000000001  0.87953289999999995  -0.0060988659999999997
1009    -0.87572589999999995  -0.4414942  0.1427416
1010    -0.90455850000000004  -0.38293529999999998  0.1243567
1011    -0.84809489999999998  -0.47089959999999997  0.21082770000000001
1012    -0.86801119999999998  -0.46942210000000001  0.089755740000000001
1013    -0.82101740000000001  -0.55379089999999997  0.079083760000000003
1014    -0.87486339999999996  -0.4691266  -0.001502417
1015    -0.85694700000000001  -0.49794100000000002  0.05407033
1016    -0.67427800000000004  0.72722509999999996  0.052234799999999998
1017    -0.62693350000000003  0.76781719999999998  -0.01200172
1018    -0.78016070000000004  -0.60608229999999996  0.1000537
1019    -0.80764999999999998  -0.554589  0.16938929999999999
1020    -0.76229539999999996  -0.63133850000000002  0.070996749999999997
1021    -0.69905410000000001  -0.70495649999999999  0.061531040000000002
1022    -0.74403200000000003  -0.65659469999999998  0.045983330000000003
1023    -0.76682439999999996  -0.63133850000000002  -0.0020218329999999998
1024    -0.79984659999999996  0.58779840000000005  0.035412720000000002
1025    -0.76640900000000001  0.63373970000000002  0.0049789320000000001
1026    -0.72760990000000003  0.67576780000000003  0.037354800000000001
1027    -0.61513600000000002  -0.77053329999999998  0.1065282
1028    -0.68578850000000002  -0.70580410000000005  0.14197209999999999
1029    -0.6410669  -0.75949469999999997  0.020259369999999999
1030    -0.65155750000000001  -0.74901720000000005  0.062190830000000002
1031    -0.8430763  0.50292049999999999  0.1272991
1032    -0.86903109999999995  0.47848439999999998  0.0049680000000000002
1033    -0.83875060000000001  0.52592079999999997  0.057664140000000003
1034    -0.9422275  0.27473150000000002  0.1501632
1035    -0.95491630000000005  0.25880320000000001  0.095108529999999997
1036    -0.97450270000000005  0.13006000000000001  0.12881029999999999
1037    -0.9680358  0.19476080000000001  0.103815
1038    -0.9808152  0.097545000000000007  0.097232579999999999
1039    -0.97557439999999995  2.328306e-10  0.1940538
1040    -0.98721990000000004  0  0.097232589999999994
1041    -0.97551080000000001  0.19469249999999999  0.0037789450000000001
1042    -0.98722019999999999  0.097545010000000001  0.00031233390000000001
1043    -0.98718939999999999  0.065030000000000004  0.065030000000000004
1044    -0.98090739999999998  -0.065030000000000004  0.12881029999999999
1045    -0.98093830000000004  -0.097545010000000001  0.095982919999999999
1046    -0.98090759999999999  -0.13006000000000001  0.063780329999999996
1047    -0.96678529999999996  -0.19476080000000001  0.1018932
1048    -0.32405850000000003  0.93503979999999998  0.067401639999999999
1049    -0.92796959999999995  -0.27473150000000002  0.22184200000000001
1050    -0.95922929999999995  -0.185138  0.1853274
1051    -0.94350990000000001  -0.25880320000000001  0.15245159999999999
1052    -0.974939  -0.19469249999999999  0.0024625609999999998
1053    -0.93573099999999998  -0.29036430000000002  0.12678420000000001
1054    -0.93082330000000002  -0.32133420000000001  0.088671269999999996
1055    -0.91833540000000002  -0.38178489999999998  0.0019667669999999999
1056    -0.94850959999999995  0.29036420000000002  0.040085330000000002
1057    -0.93631229999999999  0.32133420000000001  -0.028751800000000001
1058    -0.91258479999999997  0.38323040000000003  -0.042378810000000003
1059    -0.9432102  0.28918199999999999  -0.083213120000000002
1060    -0.94961700000000004  0.25762099999999999  -0.1238607
1061    -0.93122229999999995  0.28888649999999999  -0.1842886
1062    -0.95692999999999995  0.1945693  -0.18981980000000001
1063    -0.1038427  -0.97717270000000001  -0.16307099999999999
1064    -0.19925119999999999  -0.96986890000000003  -0.038297900000000003
1065    -0.99468730000000005  2.328306e-10  -7.0547690000000005e-08
1066    -0.98090759999999999  0.13006000000000001  -0.063780669999999998
1067    -0.96831210000000001  0.1944652  -0.094745830000000003
1068    -0.98093819999999998  0.097545000000000007  -0.09598342
1069    -0.9683117  0.097545010000000001  -0.1922912
1070    -0.97557439999999995  2.328306e-10  -0.19405459999999999
1071    -0.98090730000000004  0.065030000000000004  -0.12881100000000001
1072    -0.98722019999999999  -0.097545000000000007  -0.00031249970000000001
1073    -0.98721990000000004  0  -0.097233089999999994
1074    -0.98718930000000005  -0.065030000000000004  -0.065030329999999997
1075    -0.9808152  -0.097545010000000001  -0.097233089999999994
1076    -0.95672880000000005  -0.1945694  -0.19083130000000001
1077    -0.97450270000000005  -0.13006000000000001  -0.12881100000000001
1078    -0.9681902  -0.1944652  -0.09598342
1079    -0.95553429999999995  -0.25762099999999999  -0.063780669999999998
1080    -0.94775540000000003  -0.2891821  0.0062226499999999997
1081    -0.94300010000000001  -0.28888649999999999  -0.094745830000000003
1082    -0.9308613  -0.28888649999999999  -0.1861033
1083    -0.93064829999999998  -0.32015199999999999  -0.1238607
1084    -0.91195320000000002  -0.3814575  -0.091045169999999995
1085    -0.88715829999999996  -0.44031199999999998  -0.060080000000000001
1086    -0.82705260000000003  -0.55408740000000001  -0.0014684380000000001
1087    -0.82067040000000002  -0.55379089999999997  -0.082608329999999994
1088    -0.868946  -0.4691266  -0.088617669999999996
1089    -0.8510297  -0.49794100000000002  -0.11415069999999999
1090    -0.70973260000000005  -0.69823979999999997  -0.0056794749999999998
1091    -0.78468970000000005  -0.60608229999999996  -0.054070670000000001
1092    -0.76149909999999998  -0.63133850000000002  -0.079084169999999995
1093    -0.80833140000000003  -0.55433350000000003  -0.16850299999999999
1094    -0.69772279999999998  -0.70495649999999999  -0.066944959999999998
1095    -0.73870659999999999  -0.65659469999999998  -0.100054
1096    -0.68658909999999995  -0.70552740000000003  -0.1444773
1097    -0.65155750000000001  -0.74901720000000005  -0.02977583
1098    -0.62295109999999998  -0.76997230000000005  -0.051144670000000003
1099    -0.60798509999999995  -0.77018710000000001  -0.15125230000000001
1100    -0.59268149999999997  -0.79092739999999995  -0.08547536
1101    -0.52342710000000003  -0.82907140000000001  -0.17203930000000001
1102    -0.88587519999999997  0.44267499999999999  -0.054508029999999999
1103    -0.86139949999999998  0.47119329999999998  -0.13186410000000001
1104    -0.44965579999999999  -0.87922290000000003  -0.092557249999999994
1105    -0.48976589999999998  -0.863564  -0.042368799999999998
1106    -0.54174299999999997  -0.83004160000000005  -0.061580070000000001
1107    -0.84583120000000001  -0.441494  -0.26070870000000002
1108    -0.8162973  -0.47089920000000002  -0.29885499999999998
1109    -0.85462020000000005  -0.46942200000000001  -0.17932780000000001
1110    -0.80933710000000003  -0.38024079999999999  -0.43950820000000002
1111    -0.76195089999999999  -0.47237560000000001  -0.42182969999999997
1112    -0.72085790000000005  -0.55735069999999998  -0.39880759999999998
1113    -0.78799129999999995  -0.50030379999999997  -0.33282519999999999
1114    -0.57537479999999996  0.79478910000000003  -0.1006696
1115    -0.51580720000000002  0.83400909999999995  -0.1100303
1116    -0.58709279999999997  0.77277059999999997  -0.17475209999999999
1117    -0.56117589999999995  0.75550790000000001  -0.31418610000000002
1118    -0.59995310000000002  0.75149460000000001  -0.23183139999999999
1119    -0.66304969999999996  0.70759000000000005  -0.19541620000000001
1120    -0.7487317  -0.63163380000000002  -0.1581166
1121    -0.71399250000000003  -0.63302950000000002  -0.26444299999999998
1122    -0.77082470000000003  -0.55556240000000001  -0.28096919999999997
1123    -0.74720690000000001  -0.60726309999999994  -0.2322504
1124    -0.68263569999999996  -0.65863510000000003  -0.29098220000000002
1125    -0.66587759999999996  -0.63418419999999998  -0.37164069999999999
1126    -0.75532820000000001  0.64050810000000002  -0.073284059999999998
1127    -0.69085830000000004  0.71105960000000001  -0.072449070000000004
1128    -0.72043000000000001  0.65949449999999998  -0.15677550000000001
1129    -0.78034479999999995  0.55695790000000001  -0.23663519999999999
1130    -0.72693450000000004  0.63439880000000004  -0.20701320000000001
1131    -0.73101830000000001  0.6093035  -0.26502199999999998
1132    -0.68351600000000001  0.62796030000000003  -0.351275
1133    -0.57624280000000005  -0.76708949999999998  -0.2577777
1134    -0.65329870000000001  -0.70632609999999996  -0.24545629999999999
1135    -0.61525960000000002  -0.74987669999999995  -0.21448539999999999
1136    -0.81852400000000003  0.55998530000000002  -0.085887969999999994
1137    -0.82412200000000002  0.50030280000000005  -0.21543970000000001
1138    -0.87475860000000005  0.3817528  -0.27075979999999999
1139    -0.82479049999999998  0.47089799999999998  -0.27300619999999998
1140    -0.83214829999999995  0.44149300000000002  -0.30753449999999999
1141    -0.79801200000000005  0.45649109999999998  -0.37313079999999998
1142    -0.3701605  -0.92341079999999998  -0.017207710000000001
1143    -0.39360509999999999  -0.89547330000000003  -0.1521313
1144    -0.90720630000000002  0.32015199999999999  -0.2417117
1145    -0.90084149999999996  0.38203090000000001  -0.17452989999999999
1146    -0.90747610000000001  0.28888649999999999  -0.2733371
1147    -0.851634  0.37292249999999999  -0.3512265
1148    -0.90720630000000002  0.25762099999999999  -0.30674170000000001
1149    -0.9312222  0.1944652  -0.28183370000000002
1150    -0.87323050000000002  0.2891821  -0.36843920000000002
1151    -0.2345708  -0.95664539999999998  -0.092879630000000005
1152    -0.32377250000000002  -0.92384390000000005  -0.14872450000000001
1153    -0.25114880000000001  -0.94631960000000004  -0.15347140000000001
1154    -0.94961669999999998  0.13006000000000001  -0.25392100000000001
1155    -0.94336430000000004  0.097545000000000007  -0.28551080000000001
1156    -0.93692960000000003  0.065030000000000004  -0.31770130000000002
1157    -0.95553370000000004  -0.065030000000000004  -0.25637199999999999
1158    -0.94928129999999999  0  -0.28796179999999999
1159    -0.96818979999999999  -0.097545000000000007  -0.19290399999999999
1160    -0.91195269999999995  -0.097545000000000007  -0.37808140000000001
1161    -0.9429997  -0.097545010000000001  -0.28671219999999997
1162    -0.93064800000000003  -0.13006000000000001  -0.3164517
1163    -0.89980819999999995  -0.38178489999999998  -0.18326500000000001
1164    -0.90325690000000003  -0.28918199999999999  -0.2840722
1165    -0.93086120000000006  -0.1944652  -0.28302359999999999
1166    -0.92473099999999997  -0.25762099999999999  -0.24897069999999999
1167    -0.87604249999999995  -0.32133400000000001  -0.33174809999999999
1168    -0.86096859999999997  -0.38293500000000003  -0.30309269999999999
1169    -0.46672930000000001  0.86656610000000001  -0.1015138
1170    -0.42223260000000001  0.88043610000000005  -0.1705565
1171    -0.37891819999999998  0.91775269999999998  -0.061707980000000003
1172    -0.9121918  0.097545010000000001  -0.37750430000000001
1173    -0.85420039999999997  0.19476080000000001  -0.46411000000000002
1174    -0.88183259999999997  0.13006000000000001  -0.43430269999999999
1175    -0.86953749999999996  0.097545000000000007  -0.46406579999999997
1176    -0.85694630000000005  0.065030000000000004  -0.49438260000000001
1177    -0.82101679999999999  0.097545010000000001  -0.54821070000000005
1178    -0.87486249999999999  0  -0.46762419999999999
1179    -0.88715759999999999  -0.065030000000000004  -0.437861
1180    -0.91897070000000003  2.328306e-10  -0.3806504
1181    -0.86894550000000004  -0.097545010000000001  -0.46517320000000001
1182    -0.85102929999999999  -0.13006000000000001  -0.49193170000000003
1183    -0.29716540000000002  0.94709989999999999  -0.017837240000000001
1184    -0.2363488  0.95422209999999996  -0.1201194
1185    -0.32950699999999999  0.92241910000000005  -0.16135859999999999
1186    -0.28569470000000002  0.94459409999999999  -0.1011818
1187    -0.86096859999999997  -0.29036400000000001  -0.40001300000000001
1188    -0.8998081  -0.19469249999999999  -0.3768031
1189    -0.84583120000000001  -0.25880300000000001  -0.45329979999999997
1190    -0.85462020000000005  -0.19476080000000001  -0.4663641
1191    -0.47134199999999998  0.82815050000000001  -0.29108630000000002
1192    -0.36823479999999997  0.87976109999999996  -0.28088410000000003
1193    -0.37509419999999999  0.89504879999999998  -0.21167230000000001
1194    -0.61342390000000002  -0.70444019999999996  -0.34261779999999997
1195    -0.53745290000000001  -0.77595809999999998  -0.31111949999999999
1196    -0.53874610000000001  -0.73892780000000002  -0.387096
1197    -0.73914769999999996  0.54863170000000006  -0.37984329999999999
1198    -0.76958159999999998  0.44267529999999999  -0.4426254
1199    -0.41871399999999998  -0.84891799999999995  -0.29187200000000002
1200    -0.36367539999999998  -0.85312779999999999  -0.3523116
1201    -0.40209030000000001  -0.87644860000000002  -0.2229418
1202    -0.48668650000000002  -0.81076610000000005  -0.29948560000000002
1203    -0.82603570000000004  0.32133420000000001  -0.43813200000000002
1204    -0.81598459999999995  0.29036430000000002  -0.47522180000000003
1205    -0.79189929999999997  0.38323059999999998  -0.45495580000000002
1206    -0.89978360000000002  0.19469249999999999  -0.37536809999999998
1207    -0.81529059999999998  0.185138  -0.53830210000000001
1208    -0.81334890000000004  0.25880320000000001  -0.50191260000000004
1209    -0.54989100000000002  0.72573949999999998  -0.3934897
1210    -0.5041466  0.73990180000000005  -0.42069489999999998
1211    -0.62648780000000004  -0.6093035  -0.46058379999999999
1212    -0.57724900000000001  -0.64070439999999995  -0.47918769999999999
1213    -0.53565200000000002  -0.68471630000000006  -0.4710048
1214    -0.63481670000000001  0.69703599999999999  -0.31582159999999998
1215    -0.6394649  0.63373950000000001  -0.42228100000000002
1216    -0.59274640000000001  0.6753962  -0.42345080000000002
1217    -0.65026130000000004  0.5877985  -0.4669818
1218    -0.72369380000000005  0.47848479999999999  -0.48118460000000002
1219    -0.67000179999999998  0.52592099999999997  -0.50778970000000001
1220    -0.77243709999999999  0.27473150000000002  -0.56007410000000002
1221    -0.74247960000000002  0.25880320000000001  -0.60797599999999996
1222    -0.69904180000000005  0.29036430000000002  -0.64235299999999995
1223    -0.8270518  2.328306e-10  -0.55261890000000002
1224    -0.76229449999999999  0.097545000000000007  -0.6247876
1225    -0.7579129  0.19476080000000001  -0.61109650000000004
1226    -0.78015999999999996  0.13006000000000001  -0.59799500000000005
1227    -0.69829070000000004  0.097545010000000001  -0.69784950000000001
1228    -0.70334989999999997  2.328306e-10  -0.70335020000000004
1229    -0.744031  0.065030000000000004  -0.65206529999999996
1230    -0.20258590000000001  0.9755298  0.027265190000000002
1231    -0.069563689999999997  0.9882166  -0.0130849
1232    -0.76682349999999999  0  -0.62931630000000005
1233    -0.8206698  -0.097545000000000007  -0.5487301
1234    -0.78468890000000002  -0.065030000000000004  -0.6025237
1235    -0.76149849999999997  -0.097545010000000001  -0.62575800000000004
1236    -0.73870590000000003  -0.13006000000000001  -0.6485071
1237    -0.69784889999999999  -0.097545000000000007  -0.6982912
1238    -0.1295268  0.97932929999999996  -0.079131209999999993
1239    -0.1816798  0.96352930000000003  -0.14235410000000001
1240    -0.81303999999999998  -0.27473120000000001  -0.49930799999999997
1241    -0.80932440000000005  -0.18513789999999999  -0.54723129999999998
1242    -0.75566999999999995  -0.19476080000000001  -0.61157130000000004
1243    -0.77496189999999998  -0.25880300000000001  -0.5593631
1244    -0.74566410000000005  -0.29065960000000002  -0.57744099999999998
1245    -0.69830170000000003  -0.32251619999999998  -0.61720710000000001
1246    -0.64632719999999999  -0.29065980000000002  -0.69290859999999999
1247    -0.71133120000000005  -0.443857  -0.51823019999999997
1248    -0.70275480000000001  -0.38470799999999999  -0.57338460000000002
1249    -0.66096250000000001  -0.47267100000000001  -0.55512600000000001
1250    -0.61439880000000002  -0.50148479999999995  -0.58725709999999998
1251    -0.62464260000000005  -0.5572532  -0.52279620000000004
1252    -0.5459638  -0.47267100000000001  -0.67585870000000003
1253    -0.62575780000000003  0.097545000000000007  -0.76149869999999997
1254    -0.64850660000000004  0.13006000000000001  -0.73870630000000004
1255    -0.60252329999999998  0.065030000000000004  -0.78468939999999998
1256    -0.55261800000000005  2.328306e-10  -0.82705249999999997
1257    -0.65206459999999999  -0.065030000000000004  -0.74403169999999996
1258    -0.62478679999999998  -0.097545010000000001  -0.76229539999999996
1259    -0.62931570000000003  0  -0.76682399999999995
1260    -0.59799429999999998  -0.13006000000000001  -0.78016070000000004
1261    -0.6079755  -0.25880320000000001  -0.74248000000000003
1262    -0.56007390000000001  -0.27473150000000002  -0.77243729999999999
1263    -0.61109599999999997  -0.19476080000000001  -0.75791350000000002
1264    -0.68877370000000004  -0.19481560000000001  -0.68990700000000005
1265    -0.27251950000000003  0.92265850000000005  -0.25805660000000002
1266    -0.30998160000000002  0.82700019999999996  -0.45755639999999997
1267    -0.35162569999999999  0.86386649999999998  -0.3434508
1268    -0.39304139999999999  0.82419589999999998  -0.38640839999999999
1269    -0.44383840000000002  0.76633450000000003  -0.43780720000000001
1270    -0.42698409999999998  0.7386876  -0.49826179999999998
1271    -0.43094559999999998  0.67509280000000005  -0.58738979999999996
1272    -0.3297697  0.76425310000000002  -0.54151000000000005
1273    -0.40062619999999999  0.72452550000000004  -0.54425500000000004
1274    -0.33206049999999998  0.71041160000000003  -0.6147146
1275    -0.48430269999999997  -0.67887220000000004  -0.53076869999999998
1276    -0.41638249999999999  -0.68630959999999996  -0.5774627
1277    -0.38691150000000002  -0.64269600000000005  -0.64574949999999998
1278    -0.36256179999999999  -0.74110889999999996  -0.54941459999999998
1279    -0.36397780000000002  0.64029320000000001  -0.66787549999999996
1280    -0.42993589999999998  0.63373950000000001  -0.63447799999999999
1281    -0.3966517  0.5550969  -0.72645550000000003
1282    -0.30979390000000001  -0.7783099  -0.53456230000000005
1283    -0.23353589999999999  -0.76380519999999996  -0.59063120000000002
1284    -0.62496289999999999  0.51762300000000006  -0.56618429999999997
1285    -0.55660920000000003  0.52592090000000002  -0.62238890000000002
1286    -0.55359700000000001  0.47848459999999998  -0.65898559999999995
1287    -0.54741600000000001  0.63659049999999995  -0.53829970000000005
1288    -0.48448649999999999  0.58779840000000005  -0.63463020000000003
1289    -0.71301139999999996  0.3864532  -0.58007989999999998
1290    -0.60405330000000002  0.38323049999999997  -0.68288139999999997
1291    -0.4684429  0.45649089999999998  -0.74524919999999995
1292    -0.54276469999999999  0.44267509999999999  -0.69543259999999996
1293    -0.26704519999999998  -0.91879370000000005  -0.28038990000000003
1294    -0.2305633  -0.87750099999999998  -0.40039629999999998
1295    -0.44800210000000001  -0.78075640000000002  -0.42929840000000002
1296    -0.32138230000000001  -0.81211270000000002  -0.47233130000000001
1297    -0.3103245  -0.8496766  -0.40885700000000003
1298    -0.69246180000000002  0.19469249999999999  -0.68711840000000002
1299    -0.64174189999999998  0.32133420000000001  -0.68240330000000005
1300    -0.60810980000000003  0.2891821  -0.72579090000000002
1301    -0.58389800000000003  0.25762099999999999  -0.7590633
1302    -0.6177047  0.1944652  -0.75169560000000002
1303    -0.52816220000000003  0.28888649999999999  -0.78878530000000002
1304    -0.34221600000000002  -0.61089680000000002  -0.70099940000000005
1305    -0.43963720000000001  0.3817527  -0.80472920000000003
1306    -0.42114000000000001  0.44149280000000002  -0.78477929999999996
1307    -0.47057599999999999  0.32015199999999999  -0.81240769999999995
1308    -0.52030900000000002  0.37292249999999999  -0.76016709999999998
1309    -0.3523366  0.38190790000000002  -0.84794899999999995
1310    -0.44840410000000003  0.28888649999999999  -0.83496119999999996
1311    -0.5424293  0.1945693  -0.81087469999999995
1312    -0.42459259999999999  0.25762099999999999  -0.85839100000000002
1313    -0.37081769999999997  0.19469259999999999  -0.90166840000000004
1314    -0.35694120000000001  0.2891821  -0.87799309999999997
1315    -0.54872969999999999  0.097545010000000001  -0.82067020000000002
1316    -0.49193130000000002  0.13006000000000001  -0.85102960000000005
1317    -0.45918720000000002  0.1944652  -0.85776019999999997
1318    -0.43786069999999999  0.065030000000000004  -0.88715840000000001
1319    -0.46517269999999999  0.097545000000000007  -0.868946
1320    -0.46762379999999998  0  -0.87486339999999996
1321    -0.4943824  -0.065030000000000004  -0.85694689999999996
1322    -0.54821010000000003  -0.097545000000000007  -0.82101740000000001
1323    -0.3806503  4.6566130000000002e-10  -0.91897150000000005
1324    -0.46406579999999997  -0.097545010000000001  -0.86953809999999998
1325    -0.43430269999999999  -0.13006000000000001  -0.88183299999999998
1326    -0.1674455  0.95358010000000004  -0.21892900000000001
1327    -0.14290749999999999  0.94395189999999995  -0.27726469999999998
1328    -0.5383019  -0.185138  -0.81529079999999998
1329    -0.50191249999999998  -0.25880320000000001  -0.81334899999999999
1330    -0.46411000000000002  -0.19476080000000001  -0.85420050000000003
1331    -0.58180670000000001  -0.38042219999999999  -0.71222750000000001
1332    -0.46792679999999998  -0.29065980000000002  -0.81883910000000004
1333    -0.32392769999999999  -0.29084680000000002  -0.889042
1334    -0.40895209999999999  -0.32251649999999998  -0.83745340000000001
1335    -0.29047830000000002  0.87854679999999996  -0.3598093
1336    -0.22345390000000001  0.89383440000000003  -0.3678708
1337    -0.18201629999999999  0.92195479999999996  -0.3217023
1338    -0.2005171  0.87835719999999995  -0.41538629999999999
1339    -0.18642819999999999  0.86310799999999999  -0.45603840000000001
1340    -0.51211839999999997  -0.56386740000000002  -0.63905179999999995
1341    -0.45886749999999998  -0.44385730000000001  -0.75099590000000005
1342    -0.42983650000000001  -0.3847083  -0.79867060000000001
1343    -0.27373380000000003  -0.3849167  -0.87555680000000002
1344    -0.3982136  -0.47267110000000001  -0.76580769999999998
1345    -0.36194749999999998  -0.55765160000000003  -0.73097279999999998
1346    -0.3428969  -0.50148490000000001  -0.77767439999999999
1347    -0.2307497  -0.55307980000000001  -0.79368530000000004
1348    -0.23339309999999999  0.82968649999999999  -0.49663069999999998
1349    -0.27138770000000001  0.79133100000000001  -0.53806609999999999
1350    -0.31770100000000001  -0.065030000000000004  -0.93693000000000004
1351    -0.37750420000000001  -0.097545000000000007  -0.91219229999999996
1352    -0.36897980000000002  -0.1948935  -0.90161429999999998
1353    -0.22177379999999999  -0.1308076  -0.95577409999999996
1354    -0.1872857  -7.7811879999999998e-05  -0.97621259999999999
1355    -0.27747369999999999  -0.097731899999999997  -0.94490379999999996
1356    -0.23435500000000001  -0.19569529999999999  -0.94177350000000004
1357    -0.24541499999999999  -0.25955089999999997  -0.92478150000000003
1358    -0.16875100000000001  0.82486539999999997  -0.53328469999999994
1359    -0.1553041  0.77007309999999995  -0.60811230000000005
1360    -0.2478445  0.77093270000000003  -0.57639629999999997
1361    -0.21448510000000001  0.74987669999999995  -0.61525980000000002
1362    -0.2909813  0.65863510000000003  -0.68263600000000002
1363    -0.2454558  0.70632609999999996  -0.65329899999999996
1364    -0.26444200000000001  0.63302950000000002  -0.71399279999999998
1365    -0.15811600000000001  0.63163380000000002  -0.7487317
1366    -0.23224939999999999  0.60726309999999994  -0.74720699999999995
1367    -0.27379120000000001  0.55526690000000001  -0.77396480000000001
1368    -0.30411709999999997  0.4991218  -0.80055140000000002
1369    -0.25578260000000003  0.4697173  -0.83332189999999995
1370    -0.36884929999999999  0.47060249999999998  -0.79287289999999999
1371    -0.2312688  0.38293559999999999  -0.88329230000000003
1372    -0.20324929999999999  0.44149450000000001  -0.86369010000000002
1373    -0.14105500000000001  -0.89664860000000002  -0.39400970000000002
1374    -0.27428900000000001  0.32133450000000002  -0.89390150000000002
1375    -0.24095530000000001  0.29036459999999997  -0.91302070000000002
1376    -0.22021830000000001  0.25880350000000002  -0.93003020000000003
1377    -0.19586010000000001  0.185138  -0.95713420000000005
1378    -0.15016289999999999  0.27473189999999997  -0.9422275
1379    -0.18170249999999999  -0.95174939999999997  -0.22090509999999999
1380    -0.10698820000000001  -0.94673629999999998  -0.27836490000000003
1381    -0.11647440000000001  -0.92455430000000005  -0.33408759999999998
1382    0.046591359999999998  -0.92226580000000002  -0.37367470000000003
1383    -0.37808130000000001  0.097545010000000001  -0.91195320000000002
1384    -0.31645129999999999  0.13006000000000001  -0.93064829999999998
1385    -0.2758352  0.19476089999999999  -0.93218610000000002
1386    -0.28796139999999998  0  -0.94928179999999995
1387    -0.28671170000000001  0.097545000000000007  -0.94300010000000001
1388    -0.25637130000000002  0.065030000000000004  -0.95553399999999999
1389    -0.2691788  -0.70440440000000004  -0.65191940000000004
1390    -0.15506800000000001  -0.72733230000000004  -0.65212789999999998
1391    0.0050463219999999998  -0.63085369999999996  -0.77204110000000004
1392    -0.1451982  -0.67738699999999996  -0.70901389999999997
1393    -0.1930045  -0.82848909999999998  -0.51717579999999996
1394    -0.056063439999999999  -0.82486990000000004  -0.54321280000000005
1395    -0.1008112  -0.7404134  -0.64197329999999997
1396    -0.046943930000000002  -0.76678970000000002  -0.61716260000000001
1397    0.027306690000000002  -0.73925640000000004  -0.65508999999999995
1398    -0.098245269999999996  0.38015159999999998  -0.91690530000000003
1399    -0.059644229999999999  0.50030479999999999  -0.85566379999999997
1400    -0.15983410000000001  0.55445659999999997  -0.81012240000000002
1401    -0.1297721  0.47089989999999998  -0.86421789999999998
1402    -0.043227330000000001  0.55556309999999998  -0.82116389999999995
1403    -0.082764359999999995  -0.88069200000000003  -0.44503090000000001
1404    -0.03240034  -0.86473920000000004  -0.48474980000000001
1405    -0.1038149  0.19476089999999999  -0.96803570000000005
1406    -0.095108300000000007  0.25880350000000002  -0.95491619999999999
1407    -0.040085040000000002  0.29036459999999997  -0.94850939999999995
1408    -0.1929032  0.097545010000000001  -0.96818990000000005
1409    -0.12881029999999999  0.13006000000000001  -0.97450270000000005
1410    -0.089025930000000003  0.097545149999999997  -0.98080750000000005
1411    -0.048162690000000001  -0.00018614940000000001  -0.98872059999999995
1412    -0.0322034  0.065030599999999994  -0.98715850000000005
1413    0.048471159999999999  0.097732769999999997  -0.98560829999999999
1414    -0.14390059999999999  -0.098479349999999993  -0.97600089999999995
1415    -0.063837160000000004  -0.065777000000000002  -0.98703390000000002
1416    0.0011787080000000001  -0.098478750000000004  -0.98702599999999996
1417    -0.18165880000000001  -0.29129880000000002  -0.93092450000000004
1418    -0.120305  -0.32208189999999998  -0.9306989
1419    -0.13014919999999999  0.87101740000000005  -0.46236579999999999
1420    -0.083542169999999999  0.86310799999999999  -0.48724869999999998
1421    -0.25359569999999998  -0.47237560000000001  -0.83349799999999996
1422    -0.16787150000000001  -0.44267509999999999  -0.87004919999999997
1423    -0.0045500250000000001  -0.38477719999999999  -0.9152633
1424    -0.13854759999999999  -0.38341750000000002  -0.90310829999999997
1425    -0.1208283  -0.47730220000000001  -0.85667190000000004
1426    -0.077840999999999994  -0.52473789999999998  -0.83429690000000001
1427    -0.1461654  0.70547990000000005  -0.68664219999999998
1428    0.00077929490000000002  0.82962720000000001  -0.54926850000000005
1429    -0.088080850000000002  0.82947159999999998  -0.54162200000000005
1430    -0.1016828  0.79047140000000005  -0.59318979999999999
1431    -0.071404040000000002  0.76940240000000004  -0.62358639999999999
1432    0.0056136839999999999  0.76959219999999995  -0.62707990000000002
1433    0.0079739389999999993  0.7035266  -0.70350570000000001
1434    -0.045983330000000003  0.74856140000000004  -0.65206569999999997
1435    -0.16583139999999999  -0.63533200000000001  -0.74559750000000002
1436    -0.25240479999999998  -0.6299517  -0.72571019999999997
1437    -0.1192988  -0.58790019999999998  -0.7897265
1438    -0.1000537  0.65659469999999998  -0.73870659999999999
1439    -0.070996749999999997  0.70484259999999999  -0.69784990000000002
1440    -0.072645230000000005  0.63163380000000002  -0.76133289999999998
1441    -0.028316270000000001  0.60726360000000001  -0.78402470000000002
1442    0.066510600000000003  0.55347259999999998  -0.82598360000000004
1443    0.16147983548486783  0.09806120288322491  0.97069241847393939
1444    0.90028167858182007  0.15196131713608038  0.38029714704176415
1445    -0.77496320802712815  0.34031549508778786  0.51267649022125439
1446    -0.34884702456675576  -0.33923584313648275  0.86096779999999995
1447    -0.95591309859952101  -0.24111777631111866  0.062790332004895338
1448    0.40227685000000002  -0.80230975000000004  -0.40656965
1449    0.0042711530629604352  0.34031633588664706  -0.9291859834463978
1450    -0.94331805510940892  -0.26700685761191262  0.12070293625461534
1451    -0.18241799235065231  0.32719375098477643  -0.91461409904346358
1452    0.51866618271931919  -0.32665592770266744  0.77449678584977177
1453    -0.2357028255742348  0.90046870623327624  -0.3405645045514315
1454    0.91127087877957036  -0.34418644075126753  0.14264740218008376
1455    -0.62138460000000006  -0.4265466  -0.63367675000000001
1456    0.3789547993256499  -0.85198362222979462  -0.32666702146719989
1457    0.631395735405332  -0.44058512129561495  0.61369853392540707
1458    -0.00048063069743386339  -0.32719319765726629  0.93262835629831553
1459    0.68899823042519026  -0.28970394291227075  0.64820727836501257
1460    -0.91406398937242395  0.32731339327945924  0.18342118301255905
1461    0.053387392125675677  -0.73851651788873929  0.65724822491168977
1462    -0.93941613529947532  -0.29000198945219391  0.089835526996402487
1463    -0.19576325336456818  0.13732951087311795  0.95852254342027587
1464    -0.64671141579810765  -0.67080687180014242  0.33276540442132668
1465    -0.068310290556588091  0.048775048063929433  0.98365880758008217
1466    -0.69521461159955167  -0.63106869972435875  0.30868463897983883
1467    -0.90717724221628027  0.24111795187478463  0.30780108511902193
1468    -0.42005599452829728  -0.24432782512410967  -0.85888594828323528
1469    0.36911622405324124  -0.80356969550708945  0.44547253620869476
1470    -0.32669428763299541  0.70755578864038793  0.60509667900040287
1471    -0.94554693786077626  0.28970328382439703  -0.028845426244097958
1472    -0.86253257491636581  -0.28970338225364206  0.38849508962907031
1473    0.9825252724853808  0.051067206177371448  0.06825266056169306
1474    -0.63153415511293109  -0.24111803219728306  0.72033193516122684
1475    0.43119112436802365  0.54317049646621451  -0.70424408276439066
1476    0.090470536613367264  -0.54711717038899965  -0.81501626914664749
1477    -0.46693036696909335  -0.26562392407490193  -0.82807072517792435
1478    -0.62276605921278827  -0.47267100000000001  -0.59522697006861991
1479    -0.14839425000000001  0.51113195  0.82795010000000002
1480    0.89871007625631127  0.39015477853185399  -0.093633546428857711
1481    -0.60074556589665484  -0.29000229712768388  0.72779037208366204
1482    0.38520406190884471  -0.63292284087908268  -0.65409016649685359
1483    -0.64820569301190112  0.28970338364842596  -0.68899948321011628
1484    -0.20081293695812716  0.68153166982848645  0.68418890899046481
1485    0.8791368705235475  0.43166321376667127  -0.092736074238023394
1486    0.36768374937078097  -0.15196121035204979  -0.90550646173482119
1487    -0.12782230482834075  0.075637222964365106  0.97599384023875757
1488    0.54007717430754032  -0.1375884644311135  -0.81558363510672494
1489    0.18396289899615637  0.15196091571708117  0.95983900524530641
1490    -0.90228580976179573  0.29000188944407984  0.27650187576952695
1491    -0.83875346435425313  0.47101062977338387  -0.21917347823255384
1492    0.985280474634875  -0.03442696772640607  -0.052095058360254888
1493    -0.51750429689904098  -0.32684387685371635  0.77558793186271735
1494    -0.55855825520999369  0.80854461885238338  -0.072318028145926916
1495    0.21275836836869855  -0.28970323909854151  0.92175092990155294
1496    0.63153412669727105  0.2411181066734584  0.72033195148572682
1497    -0.10863105922942085  0.67290448529746372  0.70920087121495112
1498    0.97645485861373038  -0.098216881177856569  -0.095154611005423967
1499    0.77101623140831321  -0.5334339528655998  0.32185570571638378
1500    0.60074552583980989  0.29000236611096009  0.72779037874853725
1501    0.56839305000000007  -0.74027005000000001  -0.31754355000000001
1502    0.62431196247953835  -0.47237598900291533  0.59646008496910297
1503    0.48969436316619719  0.048775188914404077  0.85583330025745064
1504    0.65181324738606239  -0.71094567995814018  0.22361228043712977
1505    -0.033543981100633717  0.61604735258002452  0.76367623190992306
1506    -0.12490557955825  -0.241117881186733  0.94979514646557517
1507    0.72044014500126052  0.60330209029999526  -0.30076932991421185
1508    -0.61291436354265927  0.44424014020753522  -0.62962515268477615
1509    -0.079417962033246636  -0.79369553365952272  0.59019094042808651
1510    -0.065648793178846601  -0.26700670197926324  0.94874052459619385
1511    0.82969747311703712  -0.2411178359116089  0.47886821349822367
1512    0.85139963975152522  -0.26700693632633432  0.42371812664659075
1513    -0.58167832891095184  -0.267006794280644  0.75237611464189968
1514    0.18546427684350042  -0.34031592091635454  0.91049872018468125
1515    -0.66310513350029199  0.70464901552716963  0.1958136568792222
1516    0.37308282805906029  -0.77175070614198782  0.4951424096459956
1517    0.028962561163105027  0.28984013765837646  -0.94488842853468613
1518    0.69588562438246582  -0.51830360424553934  0.47046273415905882
1519    -0.54965152697890884  -0.28555648348946605  0.77029707616431509
1520    -0.69091020000000003  -0.51501085000000002  -0.47696680000000002
1521    0.51549264965719344  -0.77432168502248033  -0.32154735341808111
1522    -0.095161978091683294  -0.29000181933100672  0.93889154039301381
1523    0.45487441447173271  -0.77027086635459474  -0.40878764439783205
1524    0.34440523426619607  0.8639426109364875  0.33096680182506677
1525    0.84457571745921933  0.51106016443114399  0.026660784243715048
1526    0.17637940315652806  0.70988972485755553  -0.66638990675225418
1527    -0.91480186637256411  -0.32719323211520746  0.18147532785407861
1528    -0.32050582698225222  0.51366007359934407  -0.78325685231793107
1529    0.89681515657460054  0.098061411855536004  0.40502081191274003
1530    0.42382149843236488  -0.24111817571946598  0.85912047185999962
1531    -0.30780113374280399  0.24111805438062484  -0.90717717671382614
1532    -0.59010649470489041  -0.27539477572585536  0.74189410241611287
1533    -0.37834372643184827  0.73082136046372703  0.54060410650029567
1534    -0.095207506024856933  0.098246888892692091  0.97697647144953914
1535    0.47250542318136618  -0.26700697556734238  0.82532260146388825
1536    -0.94186578358504147  -0.27539475837096083  0.10733188541617403
1537    0.9759947316074683  0.075637795444975842  0.1278205159320597
1538    -0.85911962297213373  0.24111782580835833  -0.42382271834804058
1539    0.011334166699352222  0.95261295752371622  -0.26739511059699361
1540    0.21070983635443008  -0.4356599108214077  -0.86139676766760576
1541    -0.078479647068849911  -0.27539460424748191  0.94470750103943135
1542    -0.88461014976139307  -0.28970319519540944  -0.33519554002701163
1543    0.51055257727681413  0.32973212815424235  0.77816565838232155
1544    -0.8335288541745145  0.29000198903475866  -0.44249594407292903
1545    0.10177089282867528  -0.75235143508588664  0.63543741689927269
1546    -0.16391446659638287  0.093584536491278833  0.96971571195758977
1547    -0.33519668806684166  -0.2897036198191596  0.88460953670997122
1548    0.68561165142306668  -0.46747008479273733  0.52991546147202651
1549    0.46361699535179335  0.098247573534892205  0.86522062276664591
1550    0.072158755739853864  -0.77057638322468558  0.61763214456417215
1551    -0.24947703588502368  0.26700703644531554  -0.91770312388684694
1552    -0.80221959536546272  0.28970300510274061  0.5013333084107463
1553    -0.82532137117095927  0.26700673578198519  -0.4725069979051213
1554    0.08296535153215899  -0.75819456235336202  0.63067921193995136
1555    0.43595317423124896  0.075637823870450191  0.88252319819563463
1556    -0.83423023491977599  0.53347101933496088  0.020282161309616978
1557    0.86358127596328649  0.46994813004434055  -0.054250660876139722
1558    -0.14033831937736346  0.63709357603802796  0.73567185760880416
1559    -0.41314158224940434  0.77355960960952597  -0.45264572717831886
1560    0.42748765284162926  0.61408663620644421  -0.64714866330479748
1561    -0.2765015975223456  0.2900021982182302  -0.90228576160581841
1562    -0.26127464543541107  0.2753949674004435  -0.91124442522619009
1563    -0.76678762285958291  -0.58689780646091128  0.21110675593067435
1564    -0.85682126338070941  -0.34031607160348337  0.35953025823845569
1565    -0.1337839778867658  0.65673518602943193  0.71866969961626492
1566    0.67224567609391683  -0.49039129440875617  0.5256437278838868
1567    -0.9291860423601338  0.34031591492938978  -0.004271230440475525
1568    0.70282123334722135  0.63419242768472661  -0.27667632232188283
1569    -0.86096859999999997  -0.33923504100040286  -0.3488458315015357
1570    0.58167829031520757  0.26700678049440885  0.75237616758020043
1571    0.54962424125903309  0.28604329537592177  0.76942044209607963
1572    -0.91770319972506964  0.26700670839403895  0.24947726308122181
1573    -0.65008346608949263  0.33822877231612203  -0.66324187539079571
1574    -0.91124451175882049  0.27539463270818026  0.26127487356372914
1575    0.59010649686376082  0.27539480144623751  0.74189406553272297
1576    0.63321224453330305  0.55165753528733685  0.51612267543003898
1577    -0.11564043879437508  0.084190184570220622  0.97611510463852691
1578    0.10603791919235016  0.66080883364316956  0.72316803826630416
1579    0.677828968761642  0.52726574789729763  0.4861162385080578
1580    0.65891214582734625  0.50250460376236272  0.5321441675904196
1581    -0.85978372959235239  -0.47003245872764016  0.1397708516470377
1582    0.44249457107216644  -0.29000274460282177  0.83352974227512011
1583    0.83100634396326045  -0.29000188992308795  0.44721577198930806
1584    -0.053105288401357226  0.65536237000559161  0.73050586124276917
1585    0.97628406084711283  0.098261073714440275  0.095096787121217302
1586    0.97583736093017803  0.084611899508014191  0.1152885920077395
1587    0.45959566982786559  -0.27539502112737291  0.82909799845335619
1588    -0.92200400638811719  0.2855559960432531  0.21303026548180751
1589    0.66764839853204472  0.52113345772135111  0.50382654165872987
1590    0.84276358272604024  -0.27539480088433005  0.43402881407776311
1591    0.4461495298887509  0.084190813756074442  0.87585609628656647
1592    -0.82909651952550778  0.27539465904413568  -0.45959782264079291
1593    0.44365869868319635  0.58247294368396063  -0.66637713518938069
1594    0.38133273744941176  -0.83162928174004369  -0.37388225713730644
1595    0.84877349761857657  -0.50367639858966551  -0.019178159819388946
1596    -0.17277967489541313  0.48871861071138895  0.83827420472318914
1597    -0.28443089661226523  -0.062334597659427976  0.94637217487534642
1598    -0.31713601388357365  -0.097545006670233095  0.93266220596938665
1599    0.43935105287342663  -0.79008741002721594  -0.38770074107890357
1600    -0.63889337767733145  -0.44695146900771149  -0.59892686134654349
1601    -0.61989670030487198  -0.13226868612123688  -0.7607302666364214
1602    -0.45060546248345906  -0.33342779635141762  -0.80966759450641357
1603    -0.47097444704623698  -0.38354806361921695  -0.7752706724463575
1604    0.52845404602482371  -0.75700538392222894  -0.3400684348050822
1605    0.97837203731743749  -0.066453553863203035  -0.097438529180127437
1606    -0.047067961656269142  -0.12433502730625834  -0.068971582994758696
1607    -0.15878934107171927  0.35463724738970032  -0.30483023721671221
1608    -0.26090072492351746  0.57174236873561357  -0.026784247433056019
1609    -0.16476623887000641  0.12822168670393633  -0.59098316211350566
1610    -0.50381217424696412  0.090661625437355786  -0.19047674818509308
1611    0.0025572239494399129  -0.20713434807013423  -0.58528483652952779
1612    0.27541677517639601  -0.37138905638103548  -0.46503318353142015
1613    -0.58452777301213776  -0.10866808679809642  -0.38305680541770681
1614    0.024395399916042976  0.39623567470338106  -0.55697376019608469
1615    -0.7788847983006969  -0.11657982095560682  0.11847372041910484
1616    -0.22397152766180406  0.3736395112827865  -0.59659658201856836
1617    0.29129408781546884  -0.61616888365098277  -0.18584951408621225
1618    -0.39050094618934594  0.066840032955370776  -0.64325299030308081
1619    0.030650319517684904  -0.5512267732927647  -0.41040660196127537
1620    0.28490172406498243  0.36175732169536795  -0.014625583653399554
1621    -0.49562839313486212  -0.023865312795836965  0.35949353194680472
1622    0.34514884411633384  0.1149542625966524  -0.39408853910312563
1623    -0.52410464264416445  -0.34552066804369791  0.16387864468058649
1624    -0.1549789299640951  -0.66498209683867637  -0.23164099351040868
1625    -0.30342350451965772  -0.1187763355894112  -0.71061234040209975
1626    0.25113059211373562  -0.52303253271110606  0.18768422728176176
1627    0.13364702436951603  -0.58152477840605665  -0.56093144669570383
1628    0.34022951922226269  -0.56861836391551801  0.39398209593611921
1629    0.34657679230911365  -0.56986947348550976  -0.39575063891254336
1630    -0.17967180594962801  -0.42753453735233338  0.36434463267186851
1631    -0.2854087012298715  0.14010777554504017  0.57014085034343587
1632    -0.019307488556560282  -0.42898079108916348  -0.63529987062539961
1633    -0.63298598259170447  -0.46733332593495464  0.026326545928714251
1634    -0.67412515953665719  -0.34661969903531625  0.28097158532045902
1635    -0.72977191476867165  0.044778233298487569  -0.075999176163564025
1636    0.39609326807743683  -0.66440616977571409  0.10031111279922134
1637    -0.16824746614414382  -0.65422867995708012  0.37753992077028281
1638    -0.48774615658631582  0.33844718468074231  0.28331181528183325
1639    0.16595365588376887  0.1137655838451795  0.50135004812859307
1640    -0.75614100705261489  -0.27999732854060588  0.019685457139493268
1641    0.62478783880202893  0.087045157941750412  -0.33157851139581118
1642    -0.16187889923751969  -0.2003160490209438  -0.77988439742636262
1643    0.17838746306794204  0.5713830008155214  -0.4052473178804008
1644    0.01036043546223897  -0.028281213138861255  -0.75250522487839078
1645    -0.47218345058096722  -0.38736902657792227  0.42815032452772406
1646    0.52013926318043135  -0.39778483803988618  -0.37762641883144327
1647    -0.56561407072832992  -0.60844174947452634  0.081861120207308666
1648    0.46302609369598879  0.23121307497151414  0.42173940070701221
1649    -0.25564581795658603  -0.72056689583365952  0.19765600866342489
1650    -0.022081432077363211  -0.12890413376363435  0.643153342186086
1651    -0.67182853778908813  -0.26552746800246396  -0.23469985993724862
1652    -0.57532368046532845  0.50753879513776412  0.21586580796580412
1653    0.66530714090014709  0.18329901843447088  0.28522432853079055
1654    0.10725009405567065  0.58377448241280216  -0.565438142654767
1655    0.45159295321370085  0.48120366422641131  -0.22988279775764578
1656    -0.24098976657461749  -0.17981189213852117  0.70266676867983735
1657    0.48174380439582154  0.60495766387836369  -0.33055598096370259
1658    0.52805106288480952  -0.52220520982595875  -0.1684042940488597
1659    0.067536611258728868  -0.036171867404843461  0.79420194113714815
1660    0.38025882592989646  0.46268141456232836  -0.48034355196738138
1661    -0.29325543941252863  0.54423556704584575  -0.47366079945097594
1662    -0.76770504552459573  -0.34189223715332573  0.16552253562676772
1663    0.50501575319169134  -0.10274862827528611  0.4073798000890721
1664    -0.67368715220669462  0.21207101690950456  0.13066998467802637
1665    0.58810170877391243  -0.16612922420729442  -0.050961651732619101
1666    -0.12155554829906859  -0.26312332173977437  0.77889901539448503
1667    -0.29212539424431505  -0.38125655279875859  0.58496391016573346
1668    -0.071445863929755021  -0.78094645552921815  0.10097396010507412
1669    0.081906641562909943  -0.63922913878386223  0.37314350044325428
1670    -0.56621290219988718  -0.46232216310638086  -0.26514947191614258
1671    -0.43301563023632378  -0.44362282761449917  0.56726933967489446
1672    0.67773117469462074  0.012692804258122053  0.40318246459702534
1673    -0.23976013392355564  -0.50956311103840435  0.63649073128784883
1674    -0.75501819302561402  -0.12628503594292276  -0.30341066309645964
1675    0.59252955018940745  0.58254679459555792  -0.2845384671349982
1676    -0.44643285187617343  -0.11295212925003814  0.6092365500146979
1677    0.21440352434735371  -0.70274018429861673  -0.34645370652011853
1678    0.33468781341767861  0.085935147030985273  0.66614817157590711
1679    -0.26927393051582682  0.033117086423342684  0.74608887892864384
1680    -0.66541708289204105  -0.61565006095951946  0.09396633206942949
1681    0.25674776250830317  0.62086306460130936  0.15649676816038741
1682    0.16573888753870253  -0.11096334724655581  -0.79642715138220366
1683    -0.74726684899921558  0.36375441299659572  0.11046918862018336
1684    -0.087236746445108343  -0.58751733382129068  0.54240255677676885
1685    -0.85085229853037991  0.038013400326529577  0.010864793384804367
1686    0.30437978669243915  0.66569909419325402  -0.098698202929088347
1687    -0.57385451474435545  0.36694519468764697  -0.18652436972935124
1688    -0.08931209500417861  -0.50444822060159478  0.67317655992234038
1689    -0.64893106663943312  0.0091912824049230624  0.47474136326867417
1690    -0.81928757135519736  -0.039779199527787565  0.23552127898401837
1691    0.47703771878773382  0.55144109324009916  -0.45337852314050747
1692    0.066188986586931675  0.75736223906018418  0.12694979691275093
1693    -0.37047638419027429  -0.6616070939867813  -0.18672620207403443
1694    0.58422353255442538  0.42568072149416192  0.0044123856246377768
1695    0.51851998187632975  -0.45282305443733462  0.22235751553461841
1696    -0.18935224045149951  0.2806443390816048  -0.74360652734327526
1697    -0.40818183773151956  0.26918086906323024  -0.62507429339666543
1698    0.033918045267069152  0.68089708082145584  -0.18588908246041216
1699    -0.45138995650703978  0.53355505474755738  -0.29938276718581436
1700    0.37839193085784584  -0.28946613538429583  0.55030128268013834
1701    -0.091957064759866425  0.43861851798282026  0.38307567984834257
1702    0.24487093016203501  -0.16185984795948438  0.69917590760906656
1703    0.74609160382576889  -0.18980500120571192  0.10402601191660987
1704    0.04815443203685086  0.24681170440436034  -0.7242857491147825
1705    0.24867322015328214  -0.30102851542501341  -0.6741954343854849
1706    -0.022477874400667862  0.11752789167440661  -0.82830655632602035
1707    0.12351354369038206  0.18316531406515293  0.7239659246408765
1708    0.2950991280812108  -0.77359802870301797  0.15377296488817782
1709    0.40008195929068585  0.71639204242061405  0.13370026685827893
1710    -0.5405057530025702  0.55021915874315708  -0.0070971972484207557
1711    0.66805370809301901  -0.038579065628492754  -0.46504676761098984
1712    -0.10989788404856597  -0.581963088638491  0.70010036569613021
1713    0.61222439815614316  -0.2978941043540474  0.36282129840099719
1714    -0.071618177843204706  -0.12539547177082033  0.83025531557112986
1715    -0.28048143545554621  -0.21118556318503351  0.81181679483496016
1716    0.47022499343186869  -0.65679633966779494  -0.22670121480682179
1717    0.76205769818449909  -0.18898482409371137  -0.1496363707647981
1718    0.44362667342814233  -0.098559626844125031  0.63069028583232056
1719    -0.69089964052828368  0.27638886567291154  -0.30911251818290025
1720    0.68573585360161937  0.11222998734195405  -0.0041529241742577286
1721    0.52636779478414863  0.23797836973570913  -0.48687681958454621
1722    -0.26234005895657087  0.28714711183530728  0.70354052799078026
1723    -0.093210105019907924  0.77165487525847853  -0.27402558906125324
1724    -0.51176099915943951  0.20900196248066855  0.50798524547045265
1725    0.051622991941234403  0.80360815429987764  -0.26754769179740984
1726    0.56571433038615038  -0.37741856554579983  -0.52161269063884663
1727    -0.81099484721925963  0.17539680480932765  -0.1241513099800001
1728    0.34937733866877485  -0.73447907633301202  -0.24627122089493445
1729    -0.50317458587533981  0.40284423461208052  0.46967494386892317
1730    -0.77830965578125277  0.29963139795941501  -0.031193448967204745
1731    -0.68383554255241863  -0.46771843876640717  0.1687732648145378
1732    -0.60570976548001787  -0.45495056204890943  0.37487740386961427
1733    -0.029951165392527762  -0.60833254139503312  -0.5705021548437329
1734    -0.24234693560880471  0.10088207113193146  -0.76019245435858496
1735    0.085171446330481182  0.59156461158566898  0.45629244368188587
1736    0.33397376041875065  0.31676573439619615  0.60390380224873896
1737    -0.71636173464899822  -0.39247535809085793  -0.10336380896486579
1738    0.53717886251704716  0.069684575397750081  0.58740295562062739
1739    -0.12802712868212365  0.06915635037950435  -0.86798861955065176
1740    0.079392454002274238  -0.33913842105927161  0.68049325464632449
1741    0.54496142079733256  -0.22848552636003155  0.56366027755074066
1742    0.29859972038564708  0.2401010434947681  -0.62398787845490156
1743    0.27027970231033049  -0.46926435769614405  0.56570492962251051
1744    -0.64278329737869266  0.17865660801417532  -0.46283212683491609
1745    -0.33887407774233447  0.35534164635321258  -0.71107080602960704
1746    -0.426698329680404  -0.18655436892446003  -0.71860044279527857
1747    0.71670888973115243  -0.18244791761163834  -0.33224958654769809
1748    0.67729800045782296  0.28435695509521031  -0.31388262867743072
1749    0.3107026890752802  -0.20757145518385639  -0.7683584678749138
1750    0.39978563665406264  -0.014453609567093184  -0.61528808550326541
1751    0.1750087235761997  -0.41042151870108112  -0.73368142398195269
1752    -0.71319354461445439  0.028027743263122129  -0.38966042277941426
1753    0.73872146153793439  -0.1847840228521048  0.28920602901604708
1754    -0.086162551901054429  0.55669377926106423  -0.57136334162945857
1755    0.22809638389725712  -0.77319992593967513  -0.1130814506780323
1756    -0.63801558306225892  0.14038976311494086  0.54123210001459476
1757    0.59865438539240889  0.36162863735259693  0.4094661400207586
1758    -0.76870945298654603  -0.26611859654897951  0.30651813102965747
1759    -0.14869425167849026  0.76384407434413926  -0.064564459598763529
1760    -0.45045240208271969  0.67282724242113734  -0.093093420995287626
1761    0.7822268494385175  0.083402482352407076  0.16071995894831542
1762    -0.59796053625484857  -0.2043561608324099  -0.53150816212874519
1763    0.21306598398061216  0.054996281175417161  0.79498779915411899
1764    -0.77725390209377943  -0.3260751239571989  0.3600555262701387
1765    0.74463829708618634  0.29808184264286841  0.16400094377071506
1766    -0.16042179325906064  0.5924049846456344  0.50247676211423953
1767    0.78812970794458492  0.26159926951854862  0.0058269672365080238
1768    -0.11218693951782077  -0.70782252460583139  0.48751164590937301
1769    -0.40277800212640363  -0.72231299280741179  0.24070276119589579
1770    0.4695435055371866  0.57300883136851055  0.27330608155504227
1771    0.071405960853446915  -0.78085235595780644  0.33520411010325935
1772    0.75087773751235598  0.34639938780191198  -0.12026608260159097
1773    -0.81189534171216582  -0.012531432582309696  -0.20321839106194828
1774    -0.59453672748852382  -0.18321592962763789  0.4932603735747802
1775    0.82109776012351732  -0.039378024752097812  -0.12906519699921898
1776    -0.75369250920113873  -0.41164815531972054  0.048074817038354936
1777    0.53215522692282247  0.24091012640220261  0.57842736330055466
1778    -0.55072800796198762  0.64900685950481285  -0.17076669342635339
1779    -0.52506611584409169  -0.62868083284674781  -0.087986868480731548
1780    -0.03335389439954714  0.70016403322606335  -0.4284178301742515
1781    -0.051669523745069577  -0.20216569898189465  0.88151447236758473
1782    -0.068307562399730543  -0.37559040869585714  0.78767767908071451
1783    0.61003260833338158  -0.16242577387371326  -0.55318144227783084
1784    0.73893691256496064  -0.30041362757522472  0.35024226181230628
1785    -0.63098160328278496  -0.073477660872587058  -0.57541994558125809
1786    -0.21421165007239043  0.82415292030971909  0.063679065362128973
1787    0.484117477027042  -0.43006671528864548  0.44873494003303083
1788    0.054872874693516802  -0.47015975529731574  0.72461604431190474
1789    -0.83602331330279478  -0.2598653248750708  0.15291656209446566
1790    0.12721433356715425  -0.49546441182128198  -0.74054732340887564
1791    0.75419827292271091  -0.35220773540319106  -0.11174490764870922
1792    -0.64011610533783325  0.35430614784739545  0.45943911240334112
1793    -0.30652936181337798  -0.081539287693813411  0.80141361240400888
1794    0.3575837728489123  -0.024944078921864336  -0.76795064574477889
1795    0.66889598969709196  0.55699129449124374  -0.24079507447126461
1796    0.60097926553356551  0.56497940618166509  0.09830140241251438
1797    -0.19217421086654307  0.67230849387653246  -0.45789414072402079
1798    0.87157541831276697  0.096893316358084111  0.1065698645357791
1799    0.76960672692247545  0.10209953824010184  0.33980743845388528
1800    -0.78895257594979906  -0.42821474917819075  -0.044248615102427141
1801    -0.26654859179066315  0.74667777996834162  -0.20477621886290903
1802    -0.64349454489426972  0.42490234895557688  -0.34557347582175441
1803    0.8106784228426942  -0.071168331622029124  0.18930597686495076
1804    -0.22320492038691037  0.45256903415061284  -0.70466230894090132
1805    0.66165100555587963  0.20563469166766207  0.45918534383576548
1806    0.44188779962545238  0.24637789489602563  0.6870196126566448
1807    0.012855504062840611  0.8227031473842159  -0.088094477968542945
1808    0.13818764004502232  0.72886412175100523  0.44198580585384362
1809    0.15515237389384773  0.44581392939994191  -0.6659007137055668
1810    -0.57623437271579747  -0.3579048023463941  -0.4650060215142694
1811    -0.12651639371135284  0.71832902284306488  0.43259760049664975
1812    -0.10446062417781596  0.5616309127540593  -0.68096474897589054
1813    0.4600215633195639  0.47287949173658267  0.47775513772531936
1814    0.5480536617958609  -0.60102210692980607  0.22858200222513789
1815    -0.84437603467697964  -0.076326083067058736  -0.30415959265909043
1816    0.35900468345913061  -0.075704573248774013  0.75813521717901289
1817    -0.35977833938210318  -0.30631979263364362  -0.71012095534269404
1818    -0.20179847705965759  0.24665736888815343  -0.83461047730515425
1819    -0.81021623891761119  0.16081694906544244  0.28901601749419265
1820    0.64499705678508812  -0.43766079714821787  0.050815485206342867
1821    0.44861025951468181  -0.25260267981118439  -0.61495287817070432
1822    0.34149193204344563  0.59994349743883868  0.40749909501710885
1823    0.66686685101867849  0.53587239567430844  -0.022047491474221567
1824    0.6844136973359255  0.44137466709931589  0.18742708341766284
1825    0.072843551204640006  -0.28025028753157066  0.81299439297328524
1826    0.63265206809974472  0.27954415256731469  0.5723914922585559
1827    -0.087117426753942961  0.2747953817628791  0.75578781402852235
1828    0.37984173490139511  0.13013332559098351  -0.73610724462821586
1829    -0.71963555984225469  -0.15418182726635615  -0.43961879669494197
1830    0.86146702615619752  -0.13734533598611401  0.2445430808429222
1831    -0.088019246713068516  0.67799636981833622  -0.53919947931377565
1832    0.5235791234051983  0.67490970809691986  0.10041954844624397
1833    0.54654721509549298  0.09096556507449588  -0.59870336538966473
1834    0.59983306520863888  0.55360731768451021  0.31077411729445037
1835    0.61882489585229294  -0.5847409539143098  0.026181461412057697
1836    -0.63181744261570016  0.096280147481926176  -0.57505218866057872
1837    -0.37889483696204895  -0.47813236582695107  -0.4827552157186874
1838    0.44407129012717583  0.69789608396519143  -0.17732364193604239
1839    -0.01246595699098238  0.58429906626074823  0.58813992352803934
1840    -0.34844483610838117  -0.62272912789902213  0.38437237259726403
1841    0.1868785151411102  0.29458168016268904  0.78484260683052132
1842    -0.22651169371483604  0.77422054283879749  -0.32297484343028793
1843    -0.092144960783159091  -0.67063290374661233  0.60303123631136035
1844    -0.80585889113870512  0.043282675038721616  -0.41463137276261691
1845    -0.85778135813267919  0.20322147670622226  0.2237394106804669
1846    0.85087112742691773  0.12456378837696544  0.25059975178550831
1847    0.20508839162768955  0.56079006521393115  0.57840283430384765
1848    0.22796785565267144  0.73763230330588758  -0.25548666684236426
1849    -0.49690686886319591  -0.43915825619478749  -0.54573864878679412
1850    -0.10394808976107177  -0.36148231718975937  -0.75045598798662339
1851    -0.51426996986308604  -0.60316122263383853  0.26223482559220818
1852    -0.056906265403560259  0.29879226456148894  -0.80654847172182897
1853    -0.59551164703632897  -0.58606726423670319  -0.21391126622390402
1854    -0.60677757467820725  -0.36086332474775951  -0.55997161729728162
1855    0.81929486841861732  0.10807813635668902  0.4000547348736927
1856    0.58814782462902859  -0.37081941211274655  0.50819674810683069
1857    -0.49871253139937283  0.6433928733326586  0.13554997844346597
1858    -0.56158243183212775  0.5289721480507743  -0.38067957431473792
1859    -0.70802783894524945  -0.584083147477655  0.030981040078856908
1860    -0.35296191272174965  0.75325131500569298  0.11962202083031817
1861    -0.58089977303692775  -0.45562963325354749  -0.51710738692228153
1862    -0.81752018195720777  0.24547079817469208  0.098593014984509286
1863    -0.41187889388620602  0.62753984301167198  -0.40432242759964804
1864    -0.38167803028424807  0.38743003441278817  0.60648925335773884
1865    0.30061588323728472  0.30053521316033666  -0.75065392947913478
1866    0.3201361090783309  0.59123964401522144  0.58002677307858774
1867    0.39339664753594705  -0.68041784313271114  0.27961058844799647
1868    -0.8942367708258866  0.13561726189483941  -0.10199070275635405
1869    -0.66325285308314352  0.50224968306936524  -0.11743660888614646
1870    -0.32622583301941888  -0.38889416825907619  0.71414507189426335
1871    -0.24691406904886731  0.13328752770745911  -0.85649324794392134
1872    -0.240022244121252  0.83008474083099104  -0.11659674866388052
1873    -0.68932775878493302  -0.2202469385288631  -0.54937191428571008
1874    0.43432145888450507  -0.23990990795806041  0.6805737590960812
1875    0.064242519696072822  0.62734841566596955  0.63761706355206638
1876    0.66523245638533024  -0.40432910691616042  0.45775308521246549
1877    0.8104374699851572  0.12320317141953274  -0.11014114510898684
1878    -0.52245834012060233  -0.72406269052539107  -0.027467470417906072
1879    -0.12690747818102216  -0.79651061358337238  -0.083432017035659195
1880    -0.80048682819218886  -0.20146941757630615  -0.16942275667402479
1881    -0.17793802738404435  0.054400510285659419  0.84210995274952061
1882    -0.87455997621154324  -0.075472826821020675  -0.1318794307691375
1883    -0.69568212079615677  -0.52037173730154962  -0.094099507302455213
1884    -0.74951915670547575  0.074868026177581468  0.45189716811843406
1885    -0.55421435763204008  0.2591135308497905  -0.56586204799016571
1886    -0.86447875454563627  -0.2559223563254483  -0.13079776956136285
1887    0.35418067630992667  0.7022334980226338  -0.3301120182452818
1888    0.50768425888141955  -0.64673232187795571  -0.3322836654438297
1889    -0.36885830322038249  0.097808998623277854  -0.78359075586803351
1890    0.41409487190650596  -0.72108969057882311  -0.052963149042984242
1891    -0.40627282175300206  0.56181570894107702  0.40835133825181041
1892    -0.747817236821405  0.19744112181415244  -0.43982831768301545
1893    -0.31853849833875331  -0.68353651380272828  -0.35292027927261943
1894    0.21049683461513274  -0.60746872342520641  0.56217937002415408
1895    0.00056930901263231581  -0.73478973646582535  -0.33575648593696278
1896    0.37834508264044331  -0.38043922172003874  -0.66011598789745918
1897    0.24528201077982137  0.7708086246085033  0.050587215307690794
1898    -0.21194076850415516  0.74603756038303071  0.24744232950123107
1899    0.41979036427538458  -0.28415115738896812  0.75176029771687347
1900    0.26184658754444895  0.71417647491486391  0.30485965452770469
1901    0.095906079187818502  0.13398761682116436  0.84807880483755038
1902    0.36098360618335901  -0.56360067330034447  -0.53487888505486259
1903    -0.47117878227239485  -0.29382145423532741  -0.70678176703502948
1904    0.11255886528050534  -0.6723544660925318  0.54907931691701628
1905    -0.10432575409094499  0.80372615319271012  0.34100715181729402
1906    0.33742847932826986  0.086562478304489487  0.79442469841759755
1907    -0.52129865516253315  -0.096448622825956495  -0.66770189667021451
1908    0.65701497070104853  -0.53663067355138649  -0.10468710791623954
1909    -0.72256608539091038  0.076371766814503694  -0.53351844235086909
1910    -0.69535927296768818  -0.45310833896080316  -0.25498651149938883
1911    -0.63901973190568495  -0.097528152798536424  0.58136051461726201
1912    -0.6694699932369117  -0.2948881188224261  0.4564828696899294
1913    0.23868691287783597  -0.70615434741684946  0.35022729821312426
1914    0.42394669169784704  0.32606340888662233  -0.69753254106992879
1915    0.783206302340963  -0.2140645587317076  0.37362401289598685
1916    0.30381258019383667  -0.67403518554787201  0.45399179290939096
1917    -0.51153785425640785  0.040439339886889747  0.64912964666481499
1918    -0.34491111641706446  -0.56586551928755957  0.53444260694763213
1919    -0.37931172388580414  0.72109197947809678  -0.36727849620626873
1920    -0.2449361931438965  -0.03452329150346431  -0.81428458250558633
1921    0.08541485140321918  0.75138356002974271  -0.43274738729519852
1922    0.61393702941140882  -0.071994976782229075  0.5604637055949111
1923    -0.3636821618700169  0.2740282907764609  -0.77370722023958149
1924    0.075103849638461298  0.69146049988836622  -0.53275211626728991
1925    0.79093583005439394  0.41290601743667582  -0.068297795610332585
1926    0.22306885855083275  0.028174586172407201  -0.81256894877689378
1927    -0.52985680192484497  0.1290905587960936  -0.66484182784712831
1928    0.5786029053219709  -0.46929059268961804  0.50048556663040478
1929    -0.28783017030551417  0.53744605734587592  -0.61837141063372825
1930    -0.30879273791611894  0.43937187412279416  -0.7322316258245225
1931    0.80741749146950714  -0.29653457277529399  0.2515800959760166
1932    -0.44250441007503155  0.04364874200337826  -0.79733972505485862
1933    0.65959432068141399  -0.43139173291516109  0.30862813355237873
1934    0.52919487110467045  0.20052820770092941  0.70018333173585412
1935    0.31831157493879975  -0.73781481715646213  0.47302973030765127
1936    0.67590864517854998  0.026442363298280938  -0.57328691690636258
1937    0.03812825848362629  -0.24343726711079428  -0.77032537177356497
1938    -0.061232224658100617  0.00031710137060431132  0.8629122772038913
1939    0.13296129866615386  0.4501440623453391  0.66697801421281633
1940    -0.22227125178067964  -0.80187288452291727  0.046902083128996325
1941    0.60120577352648474  0.42707731518767766  -0.38246889330735051
1942    0.39895839571068459  0.43748631873776228  0.63333176035819871
1943    -0.36876132054330968  0.68604272934019006  0.27516647906722386
1944    -0.78532791222786369  0.27616648857782666  0.28493156700181443
1945    -0.72419007421237291  -0.28378496108110551  -0.39540112657962478
1946    0.84072127472345182  -0.27090074090202043  0.15772334744430089
1947    -0.23222686392333336  -0.64214897288426143  0.53403700098632001
1948    -0.88141470923339205  -0.13268765599158747  0.099044847543015749
1949    0.56968734151368772  0.10928195526692347  0.67633765761210474
1950    -0.2169589762120048  -0.43872565884118842  0.73252388617637432
1951    -0.039832498991240806  -0.25838191742197042  0.89609090231392996
1952    -0.22967305059831358  -0.60681770601527185  0.62579623664528727
1953    0.52748728667635414  0.66722485644277185  0.22202984117018604
1954    0.41962186274757163  -0.44005262556017088  0.59953614417910894
1955    0.10321516632432431  -0.72382686612898894  -0.44165189455227916
1956    0.030205551825267116  -0.71533538924180429  0.55551013058129017
1957    0.79843987311409104  -0.024024572837531018  -0.28871870554251444
1958    -0.088006946131904143  0.43782053721694625  0.67022090632902598
1959    -0.69188372459090119  0.48070401912026878  0.030435037377113228
1960    -0.79531334273866461  -0.41355307527903884  0.12451537335123269
1961    -0.083006773204410272  0.06290524065171639  0.90682230661247754
1962    -0.21398152257696734  -0.10036179520969765  0.85941713424238653
1963    -0.60950343308336485  0.076858143765474368  -0.66982279993336569
1964    0.47196888367300932  -0.075724390802848443  -0.71622400435208711
1965    0.41216352763923825  0.71984390439927937  0.26792806000833436
1966    -0.12626613978682932  -0.80560141744220237  0.24983940471269062
1967    -0.72836716895819142  0.20599862771689031  0.40293165909191619
1968    -0.74874758548064535  0.28320677270162825  -0.41818778655308642
1969    0.63326033044790364  -0.42298814700028664  0.51819483177616543
1970    -0.85949917324220082  0.043040606045065155  0.27544573878558382
1971    0.045803018124181888  -0.82234785631349283  -0.059080145129426782
1972    0.57724856826104431  0.28404661283876959  0.64203990635239272
1973    -0.42259559971735366  0.42372299843477157  -0.60367211388970943
1974    -0.67983875870464883  0.04227660809040585  0.57565419036081322
1975    -0.22303603680770615  0.6131182092491162  -0.62532492328920419
1976    0.19778524952816118  0.8111297909672468  0.19373927900127724
1977    0.4492279018430862  0.080995432825745034  0.7448924855182798
1978    -0.38148689448950129  -0.42476508884326369  -0.6308851560458365
1979    0.64108980841746765  0.22115618293736777  -0.55480990820519616
1980    -0.50664577802045985  0.2752805324842626  -0.67918494663384144
1981    -0.17685140684382505  0.53472441402754289  0.66115135419562665
1982    -0.24294395725657653  0.83463615136612423  -0.34502445548817601
1983    0.50658754598794242  0.30230564350126243  0.69668303210354932
1984    -0.71306884194542053  0.42626378580390423  -0.21520748456734595
1985    0.31697234119544726  0.43252741321526922  -0.63006272095457649
1986    -0.55497946271105281  -0.17354594247024346  0.64215788111107575
1987    0.69178813529326266  0.28397484506225468  -0.44743402391653431
1988    0.56339752522135123  -0.044329570403428886  -0.70844535966309385
1989    -0.26834221806469849  -0.56833705503650667  -0.56188773449504192
1990    0.25369492861249054  -0.56354456987352208  -0.60977861567166636
1991    0.34107589824264217  -0.58156080153805012  0.54982813280743559
1992    -0.840222341041022  0.28756525454820314  0.23833787622919994
1993    0.035108886597018475  0.31901668160093694  -0.83740683233063551
1994    -0.57955934888318372  0.62686214686424879  0.21729849963561837
1995    -0.72976098710090376  -0.094986792296479786  0.36834856356995965
1996    -0.77223221023406419  0.45778039993469194  -0.23061903509572673
1997    -0.075223088621104883  0.60360879742419549  0.65530615233892509
1998    -0.72461081952760353  -0.07654020455253642  0.53508572118253583
1999    0.62028364697667682  0.43658270192655979  0.46979405714611511
2000    -0.64920055441111457  -0.30808660340400157  0.55235640120484542
2001    -0.39153902405522634  -0.23951387284628736  0.69726413092318984
2002    -0.7796758405990124  -0.065708902406783884  -0.40446523899732445
2003    -0.44524191638461014  -0.073998059527422833  0.73799943385136402
2004    -0.34024177400673628  -0.79306881458988698  0.10424874910331247
2005    -0.80698023391832308  0.094224522419908432  -0.28805420756240357
2006    -0.076447089678182839  0.82265229399405693  0.13977824092542596
2007    -0.084248629656673651  -0.72933633842234602  0.57102771866974478
2008    -0.31530547046505397  -0.79348254733103396  -0.072227353514116507
2009    -0.091999313062736704  -0.78232906445062422  0.38660529541703947
2010    0.086460631214107547  -0.77074892082453683  0.44326615635608357
2011    -0.82870245605470005  0.25034795203439558  -0.20464045281112114
2012    -0.51753907698031409  -0.27703556574833837  0.65566031923033541
2013    -0.39592377252116584  -0.26398530825442917  -0.77734477798673929
2014    -0.86785580271917506  -0.2789269882628535  -0.040580957814054366
2015    0.41155581168336136  0.098600733988574468  0.80913439737875548
2016    -0.54744749281928473  0.70138446938168919  -0.049416731028039368
2017    0.52384104681558918  0.20831279057030111  -0.65783093920986146
2018    0.12384940548128062  0.64860338765593284  -0.62600345556555137
2019    -0.137858039866538  0.76564633335355325  -0.4042546474448121
2020    0.14386153337552815  -0.58932726903317412  0.65527127901107218
2021    0.89202934604856721  -0.076625101793403608  0.13418455872980789
2022    -0.67407954888150146  -0.6039330161044032  -0.055154648203926418
2023    -0.90112683204529975  -0.10251437634133902  -0.043294948942332545
2024    0.52364703660475953  0.35057866536211857  -0.59533962046464284
2025    0.86496669663209991  -0.040436261314479874  0.0075749110985915413
2026    0.12337378578721581  0.1349726334987513  -0.82781166088194846
2027    0.22193029788123028  -0.29495197260013695  0.76515142104944989
2028    0.17685096548018805  0.68973345550187148  -0.5955070295844489
2029    0.48626448436468739  -0.51211210760257286  -0.48419848182353908
2030    -0.68641453030082655  0.40175677848384139  0.26506417517736064
2031    -0.5763138757854448  -0.042341523582682977  0.68059002631413235
2032    -0.78206246781076882  0.45687342215297988  0.030846466062052647
2033    0.67880148567487786  0.040764888208521963  0.54033596180018195
2034    -0.87577184478339698  0.043586368120250941  -0.25065664590229048
2035    0.015609536051743977  0.49968009333446745  -0.70944474234962895
2036    0.53275672055580758  -0.4231689428953721  0.58272471154396988
2037    0.90941927329312378  0.025552374403869899  0.12705732773089995
2038    -0.46063274508731827  -0.10146906793906953  -0.76636290225512405
2039    0.39623252928175018  0.077362579237100743  0.85192538340728641
2040    0.16700989897410273  -0.28080001205549115  0.84011675154498588
2041    0.45999576478270904  -0.10130302699468546  0.76525716410695532
2042    -0.58793146516365402  0.49616949878428629  0.38694405238026536
2043    0.61847521948218398  0.51391757770667679  0.40802233154661893
2044    0.91731611857913986  0.11104140977012963  0.042079473298483189
2045    0.086869175978363092  -0.71908624438905611  0.58191896705599988
2046    0.7104071326365593  -0.1188510677763804  0.45617032898894561
2047    -0.061671502268307705  -0.47141656465665638  0.77382177507470673
2048    -0.61093566787602016  0.28434846578764783  -0.61753783964372921
2049    -0.90515818873574161  -0.04341097370033177  0.074809177740492963
2050    0.35987047809216915  0.78085426929704349  0.30488867710379619
2051    0.65756963022039472  -0.21394839673537128  0.55689042296426483
2052    0.78257232456922765  -0.2891315367172706  0.40035459997952477
2053    0.38358988619295592  0.57523538486975234  -0.53603994661631282
2054    -0.56528395820622646  -0.42318122255051044  0.5105333736537131
2055    -0.51102985531827105  -0.52600936841114321  -0.39655370796251355
2056    0.77763202562998479  0.17575666277355684  -0.2562416459758855
2057    0.30210614798133545  -0.10140087648360029  0.84101220988825609
2058    0.26487368377743137  0.40116953889452539  0.69806997834782891
2059    -0.6114060216046715  -0.61433176182384741  0.26117342754141948
2060    0.46629820295173879  -0.2594551312281258  0.77034386268644572
2061    -0.13996681844502154  0.077141074441020488  0.91757344981401356
2062    -0.53277342299504238  -0.21613884145522866  0.70938829177624518
2063    0.17515139539079977  0.10722288150838122  0.88196074792517387
2064    -0.35940899321307801  0.65554199331000929  0.45574341672966862
2065    -0.89660155341529979  0.050557923178999056  0.094858834546264606
2066    0.36407406785932239  0.57628823709898047  -0.61440091376405981
2067    0.13034643158272374  -0.099514276095831508  0.86943590838351681
2068    0.12218067290301148  -0.79363234643719283  -0.23372779567527197
2069    -0.23768251478245206  -0.79535703342422104  0.2870083564270951
2070    -0.76918803313334083  0.25905995231589773  -0.46571976248845415
2071    0.65529954168540061  -0.28598377871349789  0.58040174377789011
2072    -0.13523974312907916  -0.077152497400936604  0.9000231186078258
2073    -0.28032498586538934  -0.07353566866963665  0.87426621821309969
2074    0.60003447063489257  -0.10121984936545678  0.66033622691755811
2075    0.4676625089110672  -0.5891202724357314  0.42837275164939614
2076    0.40083794869197786  0.45971655076101908  -0.66791630916787836
2077    -0.61848277638907523  -0.66626669107763026  0.026201532754157535
2078    -0.14765614382568926  -0.56613449247039827  -0.62801903966363071
2079    -0.44070686172710072  -0.69416934873768688  -0.31992646003521719
2080    0.68363304723188245  -0.30819644542544811  -0.40767623139918263
2081    0.69114253351758226  -0.51542577369869802  0.26410223976176339
2082    -0.64096747070249482  -0.56314574800314887  0.32768096758750265
2083    0.68832805750201387  0.42255356232886754  -0.27337384815132887
2084    0.1514845009644343  -0.81082525768811842  0.072503856732085453
2085    -0.81214032176899542  -0.22162832422374487  -0.28049193688883739
2086    0.46858389365442144  -0.45345896982972178  -0.59711571023956345
2087    0.900694177158334  -0.10969041958993553  -0.042810246618403019
2088    -0.71960020519908963  -0.10159342863888665  -0.5323315055390665
2089    -0.38568821976453621  -0.076872765617892691  -0.81964047514869542
2090    -0.87988161823709843  0.24599188865483906  0.1706740020109718
2091    0.27104220213733138  -0.55361443021540557  0.6418715818944446
2092    -0.87756000362718523  -0.10074548745233497  -0.22106622224196404
2093    -0.49911176764693593  -0.24879428692098582  0.75384921215561174
2094    -0.452425951486494  0.25633165370049282  -0.7499383007134659
2095    -0.8157830126234914  0.27834926109262798  -0.29406912354443338
2096    -0.59980828705675115  0.098378637681375336  0.6580899123742624
2097    0.3802764388461084  -0.29172315266515869  0.80643605391148698
2098    0.58044508132585937  0.13538533961886878  -0.68553678688585384
2099    -0.59544164148433687  0.67759497469478225  0.14874317575286361
2100    0.47833768226234302  0.11060434758255512  0.79942745237072255
2101    0.70291820156454243  0.12977850338415073  -0.51914583974112416
2102    -0.59287325077512587  -0.28882853809752651  0.65186012543986938
2103    0.7068360918734331  -0.13601227938966604  0.56204009091324936
2104    0.042548727153300853  -0.076754309590730166  0.90303985290012312
2105    -0.80275221753417547  -0.043057133896844513  0.41309840835560374
2106    -0.74700592176265801  0.28293810718916806  0.4360109398898413
2107    0.34904390876362912  -0.099888965181149897  -0.82716624312036224
2108    -0.64800530825596947  -0.56112088846292851  -0.30000278954205167
2109    0.35617720650843632  0.79533229427136432  -0.11431771774396016
2110    -0.36691511062629539  0.16355147982422211  0.72875268629440038
2111    -0.75456460784391421  -0.23312772360172324  0.40674528632360674
2112    0.44736306578940943  -0.69881494996044502  -0.36276561371825417
2113    0.28218940003262016  -0.45367211346786818  -0.71830319992334557
2114    -0.29580141312427699  0.2864725328435978  -0.82097299017185121
2115    -0.051953775357990638  -0.12309930684590482  -0.84963029787634081
2116    0.041204893303884077  0.88073227109248708  -0.25951753976762187
2117    -0.58819469212792941  0.28792394067269023  0.57842797047439398
2118    -0.52935984604494735  -0.40393652040313854  0.61026769946204507
2119    -0.56757709298604608  -0.10536297143230915  -0.72088124935919229
2120    -0.79532851265763382  0.46048066639895102  -0.16129620857097871
2121    0.85842622772134569  -0.040509301836061426  0.27771504831633742
2122    -0.094851708239822419  -0.77437433137757916  0.54070641748712811
2123    -0.65764859021906519  0.30435719806073475  -0.5024027696873975
2124    0.37737011711104929  -0.79416097071500358  -0.28025266516654723
2125    0.39015218392721168  -0.60872306164005296  -0.58493541849837249
2126    -0.053268191066360292  -0.83203368188148752  -0.27493343452015884
2127    -0.55268072022501002  -0.46544690140843958  -0.58222625665411565
2128    -0.40704572551288098  0.69874002073295483  -0.43553600810018883
2129    0.24749702225502015  0.75100930987835024  -0.38124213687251512
2130    0.67631740948233543  -0.44225061583771424  -0.24241082695260463
2131    0.84850146044550556  0.28071043568491261  -0.098210139961429591
2132    -0.28526458730811394  -0.28582556198083303  0.82701768759963545
2133    0.9249782605891963  0.1015089405189027  0.11087133753135757
2134    -0.8052865990442416  0.29136278595041598  -0.37966538228958807
2135    0.22048469245664626  -0.078849724414657679  0.87952267932045081
2136    -0.84705829432428448  -0.2803302818898481  0.057308235318433723
2137    0.7431772570963886  -0.40613811948066625  0.15953024859719805
2138    -0.41372332432234221  0.55877360861315717  -0.52658125344652662
2139    0.4910222982494773  0.24467741250919234  0.74736037164478097
2140    -0.86075108142816081  0.28202430344411511  0.00036901784917554165
2141    -0.23224835352763606  0.21147605494760774  -0.88347151269376145
2142    -0.1403403513535838  -0.6832289898248991  -0.51555329972449637
2143    0.59895072442962782  -0.65785085932618348  0.2468741366262682
2144    -0.59700320096008952  -0.68165928876733417  -0.062904651947009782
2145    0.53686746524496509  0.26065133834771886  0.71911104193060793
2146    -0.88969413485452609  -0.25931513360945191  0.13597426971884174
2147    -0.27736363018521437  0.043429041241814334  -0.86514941479859186
2148    0.046750387754783948  -0.83007341616577868  0.19139843355347583
2149    -0.12974888547725016  -0.28590185919818778  0.86085496723778143
2150    0.054027783869342927  -0.56704186552639124  0.69585698257029704
2151    -0.040956181484136406  -0.62751844167564952  0.68715133968715481
2152    -0.7858976690537387  -0.13500266321479118  0.43525391058327811
2153    -0.10026742726633496  0.17217273760805418  0.83638001517590443
2154    -0.010782991785009216  0.38796470112716203  0.77251975908735615
2155    0.56280280362468704  -0.64064145607177703  -0.10306228772510065
2156    -0.4098039590786135  -0.13788342655558244  0.80101275074684075
2157    -0.26927751752240103  0.49486930475413488  -0.74143872824952406
2158    0.14108134447140114  0.81592722792886463  -0.37904147949636319
2159    0.65302056288214239  0.48452418281548537  0.4495339201637536
2160    0.25264846619796211  -0.64970229067991458  -0.48013633224980323
2161    0.84642758192272805  -0.32463092467941651  0.094879497261226062
2162    -0.30854753299908105  0.71544566762305439  0.49188452577354852
2163    0.56191850610391025  0.65657104674776612  -0.15813517312019065
2164    0.54130046212822525  -0.079866665437102705  0.72787628435743623
2165    -0.84484251249432063  -0.1363717449453179  0.27282752107143399
2166    -0.81445227305955303  0.10229397861746542  0.38409824065403175
2167    0.53795059922502841  -0.67156084953215511  0.10043957256628093
2168    0.79517102832142617  -0.12998896053467401  0.41548538487732123
2169    -0.52158708090700712  -0.29182800476559378  0.71555964354923318
2170    0.49856415614532218  -0.73617464749632799  -0.24585611415354688
2171    0.19157608238896756  -0.44582785019670607  0.72381071671344133
2172    0.85724568172022286  -0.2217907190006814  0.062585649956589023
2173    0.14342786716842368  0.62145799392217271  0.66076378842311201
2174    0.31464954143967322  -0.15277030638918918  -0.85889364340198937
2175    -0.45937675789888288  -0.2564847098457253  -0.76385231071432869
2176    0.64498339528916493  0.61147114721825291  -0.26321722554594157
2177    -0.34639206064881173  0.51817181441482862  0.60230556033598026
2178    0.32233098028781615  -0.37556866933784172  0.71080697415308169
2179    0.39848537509708853  -0.7358316957104678  -0.39236599630193125
2180    -0.025678016868087045  0.89346241934023074  -0.27826466885815387
2181    -0.90373462210215594  0.04331802345550527  -0.074716618162396206
2182    -0.34345189822112704  -0.2920869302098309  0.82671974494924727
2183    0.45882832506690646  -0.73618059168390537  -0.30409149358827908
2184    -0.80372080046557837  -0.28451093641233183  -0.33110486734283245
2185    -0.69076541489872023  -0.22007867383914631  0.54566263554187699
2186    -0.58968820134015265  0.33230887496989658  -0.65057470761193847
2187    0.7296519882889887  0.46281667495939732  0.06652351630437521
2188    -0.25236450633779006  -0.028863205240613025  0.90595873911705782
2189    0.44888714318225831  0.065334798704799829  0.82647941565172012
2190    0.32209845952155419  -0.82995283448353319  -0.29680226245899721
2191    -0.0010875702001854545  0.29036534587240753  -0.8854359722118863
2192    0.29468798560992582  0.80479907945764828  0.33993183067457644
2193    -0.19000929285342061  0.86110631786169145  -0.32771044176982161
2194    -0.50349037753411552  0.75175088509878929  -0.09992620494104712
2195    0.67068255619617212  0.10301256512147436  0.60909839022251511
2196    0.20489966721270619  -0.33255996337939375  0.84918714068134249
2197    0.48983136727790627  -0.55611008274485063  0.52740247871163093
2198    0.45044096603071943  0.56233265880918559  -0.58515818322725077
2199    -0.67185599809999086  -0.58249568794729489  0.27668949608607046
2200    0.7441522528064074  -0.47240492275588136  0.29112100552515652
2201    0.90979920877390463  -0.11099824888768257  -0.11217453794211657
2202    -0.38741889520644107  0.059888566983243838  0.79366902018265584
2203    0.33375730740761966  -0.60986214603453104  -0.61949026754028835
2204    -0.87408430884282395  0.3330336337459846  -0.035301253247993956
2205    -0.82489138405701745  -0.33292893335594775  -0.29907668346376809
# Generated by C:\CCH\Projects\github-software\tetgen1.5.1\build\Release\tetgen.exe -p -q C:\CCH\3dModel\sphere1.5k.stl 
