8454  4  0
    1    1652  1001  1959  2030
    2    1703  1665  1717  1791
    3     256   258   249  2130
    4    1527   975  1662  1789
    5    1256  1322  2038  2119
    6    1617  1636  1755  1890
    7     845   847   844  1840
    8     564   567  1692  1976
    9     925   871  1792  2042
   10    1729   842  1891  2042
   11    1970   944  2105  2166
   12     448  1529   451  1855
   13    1618  1613  1785  1907
   14     338   337  1454  2161
   15    2182   821  2001   759
   16     618  2027  2057  2097
   17    1410  1412  1706  1739
   18     265   261  1795  2083
   19    1311  1301  1980  2094
   20    1340  1212  1849  2127
   21     302   278   307  1877
   22    1839  1847  1875  1939
   23     194  1795  1941  2083
   24    2000  2012  2102  2118
   25    1843   676  1956  2151
   26    1043  1040  2049  2065
   27     298   360  1765  1767
   28    1904  1684  1956  2150
   29     871   870  1792  2042
   30    1371  1451  1696  1818
   31    1634   987  1731  2082
   32    1607  1610  1687  1885
   33     780  1766  1981  2177
   34    1763   610  1906  2063
   35      26   230    89  2116
   36     689   657  1939  2173
   37     533   597  1983  1543
   38    1629   139  2112  2179
   39    1026   984   994  2099
   40    1011  1581  1009  1960
   41     170   163  1821  2086
   42     771  1843  1947  1952
   43    1622  1641  1721  1748
   44    1019   987  1731   979
   45     618   616  2027  2040
   46    1521   199  2170  2183
   47    1625  1611  1642  1644
   48    1617  1619  1629  1677
   49    1885  1858  1973  2123
   50    1629  1677  2160  2179
   51    1652  1608  1710  1857
   52    1648  1620  1653  1720
   53     756   734  1782  2149
   54    1719  1892  2005  2095
   55    1225  1221  1744  2048
   56    1161  1157  1159  2092
   57     610   608  1906  2063
   58    1729   869  1792  2117
   59     846   995   998  1769
   60    1757   377  1765  1824
   61    1971   388  2084  2148
   62    1645  1774  1912  2000
   63    1319  1313  1889  1383
   64       5  1397  1627  1733
   65     223   183   181  1783
   66    1214  1699  1778  1858
   67    1663  1665  1703  1713
   68    1415  1411  1414  1739
   69     431   435   528  1867
   70    1159  1075  1077  1882
   71    1635  1610  1727  1730
   72    1636  1708  1755  1890
   73    1638  1608  1687  1710
   74     724   740   739  1962
   75    1747   248  1791  2130
   76     489   580  1457  2036
   77    1717  1775  2025  2087
   78    1793  1715  1962  2073
   79      23    22  1644  1682
   80     831   993   981  1994
   81    1754  1614  1812  2035
   82     486   487   485  1876
   83     533   524  1972  1983
   84    2084  1771   446  1708
   85    1779  1633  1883  2022
   86     674   668  1771  2009
   87    1008  1860  2016  2194
   88      92    91  1749  2174
   89    1614  1607  1622  1643
   90    1895  1733  1955  2142
   91     129   206  1691  2198
   92      69  1755   275   274
   93    1715   811  1793  2156
   94     930   937   936  2166
   95    1150  1544  1203  2134
   96     177   157   176  1783
   97    1530  1816  1899  2097
   98     459   509   460  1826
   99     977   971   913  2165
  100    1216  1209  1858  1863
  101     134   131  1677  2190
  102    1811  1898  2064  2162
  103     115   117   109  2086
  104    1264  1762  1785  1873
  105     452  1830  1915  2168
  106     587   585   588  1991
  107    1197  1131  1129  1996
  108      20    14    17  2026
  109     352   404   350  1796
  110    1070  1075  1882  1073
  111    1902  2125  2160  2203
  112     692   676  1843  2151
  113     602   603  1939  2058
  114    1018   988  1020  1680
  115    1013  1086  1776  1859
  116    1984  1145  2011  2120
  117    1379  1624  1879  2126
  118    1771  1669  2009  2010
  119     518   501  1935  1516
  120    1773  1880  1882  2092
  121    1760  1608  1801  1872
  122     255   259  2163  2176
  123     267   272  1748  2083
  124    1228  1235  1785  1232
  125    1701  1766  1891  2177
  126     929  1000   928  2106
  127    1631  1722  1864  2110
  128    1891  1766  2064  2177
  129    1920  1350  2089  2147
  130     481   482   574  2050
  131    1746  1625  1762  1817
  132    1694  1653  1720  1765
  133     580   569   478  1874
  134     487   409   413  1876
  135     361   379  1765  1846
  136    1756  1792  1967  2106
  137    1418  1424  1423  1850
  138     906   835   836  1671
  139     583   582  1954  2091
  140     759  1493  2001  2169
  141    1177  1207  1892  1909
  142    1757  1648  1777  1813
  143     647   600  1847  1866
  144    1613  1752  1785  2088
  145     790   849  1864  2117
  146    1880  1886  2014  2023
  147    1338  1982  2019  2193
  148      19  1828  1865  2026
  149     642  1808  1811  1905
  150     576  1900  1976  2192
  151    1607  1697  1699  1973
  152    1331  1246  1854  1903
  153    1506  1781  1951  2149
  154    1402  1399     9  2035
  155     757   750   758  1870
  156    1634   917  1732  1764
  157     756   750   746  2132
  158     111    49   124  2028
  159    1505  1839  1875  1939
  160    1313  1385  1531  1871
  161    1815  1773  2005  2034
  162     775   773    77  1668
  163    1674  1613  1829  2002
  164     481   480   482  2050
  165      65    63    64  1895
  166    1255  1315  1927  1932
  167     564   396   394  1976
  168    1327  1326  1723  2180
  169    1700  1743  1954  2178
  170    1421  1347  1850  2078
  171    1750  1783  1964  1988
  172     631   632   615  2135
  173     631   640   633  2067
  174    1727  1635  1730  1862
  175     390   389  1830  2021
  176    1617  1606  1624  1626
  177    1666  1667  1688  1950
  178     299   360   298  1767
  179     975  1662  1758  1764
  180    1609  1607  1616  1697
  181     784   995  1840  2069
  182    1864   789  1981  2177
  183    1773  1752  1815  2005
  184     538   468   539  1949
  185      78   275    69  1971
  186    1742  1828  1865  1914
  187    1277  1304  1978  1989
  188    1626  1708  1913  2084
  189     952  1027   999  1878
  190     884  1884  1974  1998
  191     374   291  1765  2187
  192    1719  1687  1802  1984
  193    1561  1562  1818  2114
  194     130   136  1914  2076
  195    1676  1986  2003  2031
  196    1266  1797  1842  1919
  197    1695  1636  1835  2167
  198    1630  1667  1673  1684
  199    1455  1331  1854  2127
  200    1734  1706  1739  1818
  201    1420  1429  1780  2019
  202    1086  1088  1800  1087
  203    1752  1613  1785  1836
  204     300   290  1925   292
  205     741   740  1962   742
  206     251   342  1595  1791
  207    1914  1865  1985  2076
  208     904  1645  1732  2054
  209    1804  1929  1975  2157
  210    1364  1362  1929  1975
  211    1645  1667  1676  2001
  212    1928   490  2036  2197
  213    1760  1171  1860  1872
  214    1417    21  1356  1642
  215     414   415   484  1953
  216    1444  1799  1846  1855
  217     806   803  2003  2202
  218    1674  1610  1752  1773
  219    1670  1247  1111  1810
  220    1751  1612  1990  2113
  221     761   767   760  1673
  222    1427  1363  1364  1975
  223    1264  1261  1263  1762
  224    1289  1290  2186  1573
  225    1035  1034  1037  2090
  226     310   311   312  2201
  227    1259  1256  1907  2119
  228     783   784   785  1768
  229    1163  1084  1737  1886
  230    1474   890  1986  2102
  231     159   154    92  1749
  232    1628  1991  2075  2197
  233    1630  1639  1621  1650
  234     234   180  1726  2080
  235    1620  1655  1694  1748
  236    1040  1039  2049  2065
  237    1637  1668  1669  1966
  238    1586  1473  2037  2133
  239     645  1788  2020  2150
  240     897   919   892  1912
  241    1281  1291  1930  1973
  242     598   599  1847  1939
  243     438  1855   442  1805
  244     244   234  1726  2080
  245    1500   531  1972  2145
  246     153   179  1936  1988
  247    1378  1377  1818  2141
  248    1579   506   505  2043
  249    1082  1076  1081  1886
  250    1772  1795  1925  2083
  251    1743  1628  1787  1991
  252     259   263   328  1795
  253    1648  1639  1678  1736
  254    1911  1917  1974  2031
  255      18    14    12  2026
  256    1777  1757  1813  1999
  257     779   782   781  1981
  258    1808  1735  1822  1847
  259    1619  1632  1733  2078
  260     870   910  1729  2042
  261     861   801  1917  2202
  262    1646  1612  1726  2086
  263     226   278   280  1957
  264    1176  1177  1844  1909
  265    1235  1234  1233  2088
  266    1849  1251  1861  2127
  267     792   674  1966  2009
  268    1232  1234  1235  1785
  269    2020   622  2091  2171
  270    1302  1927  1980  2048
  271     833   831  1891  2064
  272     311  1498  1605  2201
  273    1699  1661  1973  2138
  274    1394  1404  1895  2142
  275    1544  1204  1968  2070
  276    1245  1244  1854  1873
  277     190   173   175  1887
  278     791   800  1864  2110
  279    1745  1697  1980  2094
  280     952  1029  1027  1878
  281     533   525   524  1942
  282     826  2012  2102  2169
  283     898   830   897  2054
  284      85   154  2174    92
  285     679   677   678  2151
  286    1612  1629  1902  2029
  287      98    99  1794  1964
  288    1053  1450  1051  2146
  289     438   439   437  1653
  290     818   865  2031  2096
  291     663   676  1956   692
  292     897  1912  2000  2054
  293    1298  1836  1927  2048
  294    1653  1648  1672  1805
  295     180   164  1726  1783
  296      28    21  1642  2115
  297     128  1475   127  2066
  298     959  1588  1460  1992
  299    1813  1822  1847  1866
  300    1921  1848  2129  2158
  301    1010  1527  1662  1789
  302    1635  1727  1773  1868
  303     532   458  1826  1972
  304    1864  1724  2110  2117
  305     863   861  1917  2110
  306    1055  1014  1085  1800
  307     141   139  2029  2125
  308    1829  1762  1873  2088
  309     864   862   865  2096
  310    1796   352  1823  1832
  311    1630  1645  1840  1918
  312     656   652  2020  2150
  313      26    87  2116    88
  314    1684  1904  2020  2150
  315    1085  1014  1088  1800
  316     856   792  1966  2069
  317    1275  1837  1849  2055
  318     378   377   376  1824
  319    1820  1814  1835  2081
  320     519   665  1904  2010
  321    1814  1628  1867  2075
  322    1632  1619  1989  2078
  323    1711  1641  1747  1957
  324    1057  1567  2140  2204
  325    1692  1686  1698  1897
  326     969  1845  1970  2065
  327    1610  1615  1640  1623
  328    1870   759  2001  2169
  329    1617  1755  1971  2068
  330    1685  1635  1727  1862
  331     162   160  1821  1964
  332     669   667  2010   694
  333    1520  1251  1861  2055
  334    1741   551   473  2074
  335    1460  1862  1992  2090
  336    1834  1813   500  1770
  337      52  1397  1733  1955
  338    2001  1715  2156  2182
  339     342   353  1820  1908
  340    1822  1808  1847  1866
  341      16  1704  1993  2026
  342    1286  1291  1281  1973
  343    1502   491  1928  1969
  344     450   440   451  1855
  345    1383  1871  1889  2147
  346    1751    43  1850  1937
  347     173   167   175  1887
  348     491   490  1502  1928
  349    1610  1664  1687  1730
  350     566   395  1692  2006
  351     317   313  2087  2172
  352     994  1001  1031  1959
  353     196   254  1657  1675
  354     513   510  1813  1822
  355     228   225   223  1711
  356    1754  1797  1831  1975
  357    1718  1816  1874  2041
  358    1019  1680   988  1018
  359    1663  1718  1741  1922
  360    1771   446   527   445
  361     425   432   434  1636
  362    1041  1059  2140  1067
  363     898   830  2054  2118
  364    1065  1042  1685  2181
  365      46    47  1432  1924
  366    1055  1010  1012  1960
  367    1890  1716  2155  2170
  368    1620  1608  1692  1698
  369     946   947  1230  1786
  370    1756  1689  1884  1967
  371    1369  1400  1367  2157
  372     105    33  1751  2113
  373    1098  1106  1100  1878
  374    1907  1256  1932  2038
  375    1406  1378  1818  1852
  376     484   422   483  1953
  377    1668  1624  1879  1940
  378     715  1463  1881  2153
  379    1332  1262  1903  2175
  380    1728  1716  2170  2183
  381    1534   714  1961  2061
  382      51     6  1627  1790
  383     623  1514   620  2196
  384    2027  1702  2057  2097
  385     735   636  1788  1825
  386    1934  1496  1972  2145
  387    1745  1616  1804  1930
  388     463   466  2195   461
  389    1330  1468  1352  2089
  390      89   230  1725  2116
  391     220   215  1979   216
  392    1461   676  2150  2151
  393    1026  1025  1710  1959
  394     141   139   186  2029
  395    1223  1177  1176  1909
  396     486   410  1876  2071
  397    1687  1610  1719  1744
  398    1617  1677  1728  1755
  399     189   185   173  1657
  400     459   460  1805  1826
  401    1355  1386  1350  1920
  402    1293  1153  1379  1879
  403      37    27  2116  2158
  404    1607  1606  1608  1610
  405    1819  1664  1944  1967
  406    1204  1220  1289  2070
  407    1031   960  1032  2032
  408    1525   289  1823  2187
  409    1414  1415  1739  2115
  410    1188  1160  1815  2002
  411     230    27  1725  2116
  412    1078  1076  1882  1886
  413    1428    34  1780  1921
  414    1405  1406  1706  2191
  415    1157  1161  1815  2092
  416    1663  1665  1720  1761
  417    1882  1074  2023  2181
  418    1203  1544  1968  2134
  419     478  1741  2051  2071
  420     762   761   760  1673
  421     928   925  1792  2106
  422    1098  1096  1094  2144
  423    1046  1045  1948  2049
  424     268   288  1772  2131
  425    1021  1020  1028  1680
  426    1721  1979  1987  2101
  427    1145  1996  1139  2120
  428    1896  1902  1990  2113
  429    1208  1173  1892  2070
  430       3     1     2  2018
  431    1179  1178  1844  2002
  432    1624  1693  1837  1893
  433     476   473  2051  1459
  434    1410  1409  1408  1739
  435    1956  1461  2045  2151
  436     800   790  1864  2117
  437     226   280   273  2056
  438    1726   171  2029  2086
  439     247   316  1717  1791
  440     763   827   759  1870
  441    1274  1360  1797  1975
  442    1810  1247  1854  1861
  443     294   285   295  1890
  444    1648  1639  1736  1822
  445     818   865   816  2031
  446     750   758  1950  2132
  447    1087  1091  1092  1883
  448     404  1796  1834  1953
  449    1635  1685  1727  1868
  450     426   429  1867  2143
  451    1879  1624  1971  2126
  452    1624  1893  1989  2142
  453     503   497   498  2075
  454     774   773  1668  2148
  455     780   840  2177   782
  456    1678  1718  1738  1977
  457     189   173  1691  1887
  458     654   652   679  2150
  459     583   578   495  1954
  460    1570  1496  1934  2145
  461    1743  2020  2091  2171
  462    1652  1664  1683  1959
  463     217   215  1979  1987
  464    1431  1428  1429  1831
  465     593   591  1894  1916
  466     286  1525   289  1823
  467    1433  1434  1831  1924
  468    1784   336  2052   409
  469    1551  1531  1385  2141
  470    1606  1607  1620  1622
  471      78    70    68  2126
  472    1687  1730  1869  1984
  473     228   236   229  1957
  474    1639  1735  1736  1822
  475     764   754   642  1811
  476    1551  1376  1818  2141
  477     894   902   896  1898
  478      71    81    95  1926
  479     779   782  1981  2177
  480    1806  1934  1983  2145
  481     592   590   593  1935
  482    1722  1679  1881  2110
  483    1822   552  1965  2050
  484    1697  1885  1973  1980
  485     493   487   413  1933
  486    1169  1170  1760  2194
  487    1247  1111  1810  1945
  488     399   398   397  1830
  489    1667  1656  1676  2001
  490     126   139   119  2125
  491    1665  1663  1703  1761
  492     734  1458  1782  1951
  493    1756  1724  1792  2117
  494     640   616  2040  2135
  495    1761  1803  2025  2037
  496     323   258   257  1908
  497    1007   947   923  1860
  498    1249  1251  1250  1861
  499     669   694  2009  2122
  500     427  1636  1867  2167
  501     283   202  1890  2155
  502     455   407   475  2168
  503     864   875   862  2096
  504     751   866   744  1905
  505    1438  1427  1365  1812
  506     353   344  1595  1820
  507    1375  1371  1818  1451
  508    1154  1062  1727  2011
  509    1788   645  2020  2171
  510     288   262  1772  1925
  511    1674  1651  1880  2085
  512    1654  1433  1924  2018
  513    1709  1681  1770  1965
  514     699   603  1841  1939
  515     789   779  1981  2177
  516    1154  1149  1062  2011
  517     479  1459   476  2071
  518    1290  1573  1299  2186
  519      16  1865  1704  2026
  520    1699  1117  1778  1919
  521    1902  1612  2029  2086
  522     848   872  1792  2117
  523      34  1428    39  1921
  524    1703  1695  1820  2137
  525    1739  1734  1818  1871
  526     388   387  1971  2084
  527    1246  1762  1854  1903
  528    1563   988  1680  2199
  529     996   846  1769  1851
  530     634   638  1781  2104
  531     470  2168   457  2046
  532    1547  1715  2132  2182
  533    1409  1410  1706  1739
  534    1863  1797  1842  1661
  535    2124  1728  2170  2183
  536    1643  1620  1686  1698
  537     593   590   519  1935
  538      13    12  1993  2191
  539    1284  1285  1287  2138
  540    1639  1678  1707  1763
  541    1683  1730  1862  2140
  542     186  1888  2029  2112
  543      64   132  1677  2068
  544     629  1659  1901  2063
  545     370   365   304  2025
  546    1222  1573  1289  2048
  547    1492   368  2025  2087
  548    1347  1437  1850  2078
  549     416  1504   417  2143
  550    1139  1197  1129  1996
  551    1684  1669  1740  1743
  552    1376  1451  1375  1818
  553    1814   416  1835  2081
  554    1797  1863  1842  1919
  555    1645   837  1840  1918
  556    1126  1127  1710  1869
  557    1226  1224  1225  1836
  558     253   319  1838  2163
  559     508   509  1999  2159
  560    1410  1412    18  1706
  561    1774  1689  1995  1998
  562    1000   925   928  2106
  563    1825   638  2040  2067
  564     610   615   625  2063
  565     672  1901  1961  2153
  566    1640  1651  1737  1880
  567     967   938   944  1970
  568     633   640   638  2067
  569    1404  1394  1895  1955
  570    1746  1263  1907  2119
  571      35  1725  1921  2158
  572    1020  1086  1013  1859
  573     421   420  1834  1953
  574     937   930  1967  2166
  575    1150  1147  1146  2095
  576    1638  1610  1664  1687
  577    1185  1801  1170  1193
  578     302   307  1775  1877
  579     915  1472   916  1764
  580     137   143   145  1914
  581    1651  1670  1910  1945
  582     589   651   587  2091
  583    1692  1698  1759  1807
  584     156   157   177  1988
  585    2021   370  2025  2037
  586    1707  1659  1763  1901
  587     139   126  1902  2125
  588    1745  1616  1930  1973
  589     897  2000   898  2054
  590    1463   711   716  2061
  591    1356  1625  1642  1920
  592    1305  1307  1310  1923
  593     904   905  1732  2082
  594     561   563   611  1816
  595     473   478  2051  2071
  596    1735  1701  1811  1905
  597    1680  1563  1019   988
  598    1818  1871  2114  2141
  599    1142   955  2004  2008
  600    1625  1762  1817  1837
  601     558   556  1816  2039
  602     424   429  2143  2167
  603     750   759  1446  1870
  604    1355  1351  1352  2089
  605     495   586  1954  2197
  606    1606  1624  1630  1693
  607     760   834  1671  1918
  608    1006   924  1857  1860
  609     103    98  1794  1964
  610    1119  1127  1778  2016
  611    1797  1661  1863  2128
  612     742   743   740  1962
  613    2015   596  2100  2139
  614     244   243   238  2080
  615    1370  1369  1368  1930
  616     225   221   223  1711
  617    1766   766  1811  2162
  618     431   501   430  1867
  619    1931  1703  1946  2137
  620      40    39  1921  2158
  621     636   637  1514  2040
  622    1839  1735  1847  1939
  623    1732  1634  1764  1912
  624    1899   579  2097  2178
  625     490   489  1502  2036
  626     107    33  1705  1749
  627      87  1238  1239  1807
  628     433   427  1708  1867
  629    2124  1599  2179  2183
  630     925   992   871  2042
  631    1672  1799  1805  1855
  632    1217  1802  1858  1197
  633    1041  1037  1862  2140
  634    1636  1617  1658  1890
  635     439  1653  1757  1765
  636     921   899  1732  1912
  637    1240  1241  1190  1829
  638     621   618  2027  2040
  639    1139  1141  1197  1996
  640    1643  1848  1887  2129
  641    1130  1214  1778  1131
  642    1633  1647  1859  2022
  643    1072  1046  2023  2049
  644    1206  1538  1150  2134
  645    1358  1797  1831  2019
  646     206   204  1691  1941
  647    1101  1133  1693  2079
  648    1235  1241  1242  2088
  649    1623  1634  1662  1731
  650    1980  1300  2048  2186
  651     775   857   855  1668
  652     395   866   868  2006
  653    1302  1298  1927  2048
  654    1357  1333  1343  1642
  655    1795  1675  2163  2176
  656    1573  1289  2048  2186
  657     843   847   836  1918
  658     187   243   242  1646
  659     269   276   295  1890
  660     278   301   268  2056
  661     174  1921  2028  2129
  662    1658   322  1716  1888
  663    1206  1174  1892  2005
  664    1000   958  1944  1992
  665     350   352  1796  1832
  666    1743  1787  1954  1991
  667    1630  1624  1649  1693
  668    1506  1510  1541  1781
  669    1666  1714  1781  1825
  670     385  1444  1846  1855
  671    1120  1121  1123  1853
  672       1  1809  2018  2035
  673     816   814   815  2031
  674    1653   437  1799  1846
  675     138   135  1828  1865
  676     435   433  1708  1867
  677    1820  1703  2137  2161
  678     307   278   226  1957
  679    1114  1115  1494  2194
  680    1608  1759  1786  2006
  681    1609  1616  1696  1697
  682     967   969  1845  1970
  683    1265  1185  1801  1872
  684     452   405   406  1915
  685     664   527  1771  1913
  686    1854  1849  1861  2127
  687    1687  1610  1744  1885
  688     314   316   250  1791
  689     591   659  1894  1904
  690    1199  1693  1893  2079
  691     282   322  1716  2155
  692    1637  1669  1684  1768
  693    1747  1646  2080  2130
  694     628   627   672  1901
  695    1922   546  2074  2103
  696    1256  1258  2119  1259
  697    1932  1618  2038  2089
  698     824   825  2102  2118
  699     870  1729  1792  2042
  700    1084  1085  1088  1800
  701     443   381   387  2084
  702    1505  2154   690  1958
  703    1737  1633  1776  1800
  704      34  1723  1725  2180
  705    1191  1115  1116  2194
  706    1356  1352  1625  1920
  707     801   861  2110  2202
  708     742   741  1715  1962
  709     758   757  1870  1950
  710    1888  1629  2029  2112
  711     577  1692  1808  1905
  712    1714  1781  1825  2067
  713     833  1891  1943  2064
  714    1787  1713  1856  1876
  715     534  1575  1570  2145
  716     357   416  1835  2167
  717    1541  1506  1951  2149
  718     432   434  1636  1708
  719     736   737   756  1782
  720     754   752   642  1811
  721    1802  1140  1996  1141
  722     728   741   726  1781
  723     662   665  1956  2045
  724    1658  1820  1835  1908
  725      34    35  1725  1780
  726     651   589  1894  2091
  727      35    34  1725  2180
  728    1415  1411  1739  2115
  729     751   866  1905  2006
  730     597   595  1806  2139
  731    1275  1276  1837  1893
  732     504   419   377  1824
  733    1099  1100  1878  2144
  734     896   947   948  1860
  735     764   686  1839  1997
  736     524  1942  1972  1983
  737    1608  1607  1699  1801
  738     811   743  1715  1793
  739    1177  1207  1175  1892
  740    1782   735  1788  1825
  741    1005  1006   982  1860
  742    2000  1645  2012  2054
  743     833   901   832  2162
  744    1196  1202  1295  2079
  745     890   885  1911   883
  746    1819  1690  1995  2166
  747    1650  1881  1938  2153
  748      67    60    66  1865
  749    1623  1633  1640  1737
  750     459   440   461  1805
  751     680   684   768  1712
  752    1819  1884  1967  2166
  753    1649   949  1769  2004
  754     504   419  1834  2043
  755    1621  1638  1664  1967
  756     328  1795  1823  2163
  757    1326    87  1239  1759
  758    1377  1408  1409  1739
  759     486   409   487  1876
  760    1645  1623  1840  1851
  761    1614  1742  1809  1985
  762     192   195   254  1657
  763     282   199   202  2170
  764    1370  1528  1281  1930
  765    1209  1117  1863  1919
  766    1839  1505  1875  1997
  767    1806   604  1841  1906
  768     111   124  2053  2066
  769     241   320   240  1838
  770    1631  1650  1707  1827
  771    1679  1917  2003  2202
  772    1197  1132  1131  1802
  773    1120  1096  1853  2022
  774     378   437   439  1765
  775    1253  1311  1927  1315
  776     391   399   393  1830
  777    1870  2001  2012  2169
  778     488  1856  2036  2071
  779    1155  1158  1156  2034
  780    1626  1630  1669  1743
  781    1657  1655  1838  1887
  782    1862  1037  2065  2090
  783    1194  1196  2055  2079
  784     380   381  1708  2084
  785     807   809  2003  2156
  786     269   202  1728  1890
  787    1661  1607  1754  1797
  788    1669  1630  1740  1743
  789    1231  1238  1759  1786
  790     665   519  1904  2045
  791     371   313   372  2087
  792     924   980  1006  1857
  793    1723    34  1780  2019
  794    1213  1295  1275  2079
  795    1594  1456  2124  2190
  796    1676  1986  2012  2062
  797    1630  1667  1684  1688
  798    1902  1612  1990  2160
  799    1648  1639  1663  1678
  800    1810  1762  1873  1945
  801    1617  1677  1755  2068
  802     233   231  1848  1897
  803    1723  1698  1759  1801
  804    1036   962   969  1845
  805    1673  1667  1870  1950
  806     158  1821  1896  2086
  807    1606  1608  1638  1701
  808     849   869   790  1864
  809     668   667  1771  2010
  810     812   823  2062  2093
  811     414   481   340  1709
  812    1934  1977  2100  2139
  813    1699  1802  1858  1885
  814     991   992  1002  2042
  815    1232  1234  1785  2088
  816    1084  1800  1886  2014
  817     424  1504   423  2143
  818     667   664   527  1771
  819    1978  1347  1989  1346
  820     500   513   510  1813
  821    1610  1613  1651  1674
  822    1184  1238  1230  1872
  823     293   381   444  1708
  824    1639  1620  1648  1663
  825    1165  1880  2085  2092
  826    1070  1773  1882  2092
  827    1274  1272  1661  1797
  828     138    67   135  1865
  829    1171  1185  1186  1872
  830     950   953  1769  2004
  831     284   283  1890  2155
  832     574   332  1709  1897
  833     158   170  1821  2086
  834     706   669  2009  2122
  835    1609  1696  1706  1734
  836    1223  1181  2002  1178
  837      24    36    37  2180
  838      86    98  1794  2107
  839     958  1000   957  1992
  840     550   473   478  1741
  841    1640  1662  1789  2136
  842    1614  1643  1654  1754
  843     337   335   250  2161
  844    1816   556  2041  2189
  845    1061  1060  1062  2011
  846    1753  1830  2121  2168
  847     773   855   774  1668
  848     596   595   536  2139
  849     148   152   153  1988
  850     509   439  1999  2159
  851    1660  1721  1742  2024
  852    1734  1871  1923  2114
  853    1215  1216  1214  1858
  854    1774  1676  1911  1986
  855     543   547  2164   542
  856    1968  1544  2070  2134
  857     848   853   873  2117
  858     385   448  1855  1529
  859     501  1516  1916  1935
  860      96    86    98  1794
  861     949   950   995  1769
  862    1429  1430  1431  1831
  863    1640  1615  1880  2023
  864    1222  1221  2048  2123
  865     526   602   601  2058
  866     918   922  1732  2082
  867    1428  1780  1831  1924
  868    1210  1269  1919  2128
  869    1746  1330  2013  2175
  870      33    90  1705  1749
  871    1732  1645  1912  2054
  872     441  1444  1799  1846
  873    1738  1949  1977  2164
  874    1650  1639  1659  1702
  875     798   791  1864  2110
  876    1253  1259  1255  1963
  877    1936   218  2098  2101
  878    1018  1013  1731  1859
  879    1719  2005  2011  2095
  880    1702  1700  1718  1874
  881     611   558  1816  2057
  882    1644  1611  1682  1750
  883     326   327   323  1908
  884    1703  1665  1720  2025
  885    1649  1647  1769  1851
  886     477   476  2051  2071
  887    1695  1628  1814  2075
  888    1668  1649  1940  1966
  889    1631  1621  1650  1656
  890     685   687  1997  1497
  891      61    57    58  1809
  892     784   785  1637  1840
  893    1707  1736  1939  2058
  894     146   220  2017  2098
  895      12    15  1993  2026
  896    1392  1390  1395  2078
  897     419   375   376  1824
  898    1366  1804  1812  1975
  899    1671  1870  2001  2012
  900     420   375   419  1834
  901     704   793   696  2009
  902     741  1715  1962  2149
  903     529  1469  1913  1935
  904    2001  2062  2093  2156
  905    1688  1788  2047  2150
  906     120  1482   122  2125
  907    1802  1699  1869  1687
  908    1091  1086  1023  1859
  909    1637   784  1840  2069
  910     931   932  1819  1944
  911    1645  1667  2001  2012
  912    1493   759  2001  2093
  913     836   837   906  1671
  914     242  1646  1726  2029
  915    1142   956   954  2004
  916    1864  1701  1891  2177
  917      87    88  1807  2116
  918    1777  1736  1806  1983
  919     117  1902  2086  2203
  920    1913   519  1916  2010
  921    1815  1180  1844  2002
  922    1076  1166  1880  1886
  923     606   670  1841  2063
  924     445   675  1771  2148
  925    1031  1033  1959  2032
  926    1019  1012  1960  1013
  927    1512  1511   407  1915
  928     846   845  1769  1840
  929     455   456   407  2168
  930    1813   522  1866  1942
  931    1187  1240  1189  1945
  932     305   302  1775  1877
  933    1735  1736  1847  1939
  934    1663  1626  1665  1695
  935    1669  1904  1956  2010
  936    1695  1933  2081  2137
  937    1636   432  1708  1890
  938    1454   336  1931  2137
  939     713  1534   714  1961
  940    1640  1880  2014  2023
  941     363   366  1846  2133
  942    1459   473  2051  2071
  943     692   695  1843  2007
  944    1023  1086  1020  1859
  945    1008  1005   982  1860
  946    1150  1147  2095  2134
  947     189   173   190  1691
  948     143  1914  2017  2024
  949    1631  1638  1724  1729
  950     742   741   747  1715
  951    1348  1358  1339  2019
  952    1822  1770  1900  1965
  953     449   454  1672  1855
  954      18  1412  1413  1706
  955     736   738  1782  2047
  956     560   551   569  2060
  957    1042  1041  1685  1868
  958     960  1031  1683  2032
  959       9  1399  1852  2035
  960      95    86  1794  1926
  961    1681  1692  1735  1900
  962    1815  1165  2085  2092
  963     605   604  1841  2058
  964    1432    47  1428  1924
  965    1131  1130  1129  1869
  966     946  1230   867  1786
  967    1633  1640  1737  1776
  968    1614  1609  1616  1696
  969    1728   202  2124  2170
  970    1613  1625  1762  1907
  971    1833  1828  2017  2098
  972     980   900   831  1994
  973     416   401  2081  2143
  974    1713  1856  1876  2071
  975    1716  1728  2112  2183
  976      99   151    96  1828
  977     338  1454  1946  2161
  978    1613  1610  1744  1752
  979     491  1502  1457  1969
  980    1247  1520  1249  1861
  981    1874   581  1954  2036
  982      41  1426  1632  1850
  983    1623  1633  1731  1776
  984    1480   288  1772  1925
  985     287   290  1925  1485
  986     725  1714  1781  2072
  987    1701  1638  1729  1891
  988    1042  1041  1038  2065
  989     698   771  1843  1947
  990    1830   405  1915  1931
  991     270   217   279  1987
  992     598   599  1939  2173
  993    1607  1723  1797  1801
  994     248   247  1717  1791
  995     174  1921  2129  2158
  996       5   118     6  1627
  997    1472   916  1764  2111
  998    1746  1625  1817  2013
  999    1656  1666  1870  1950
 1000    1934  1806  2139  2145
 1001    1633  1670  1779  1883
 1002    1383  1384  1871  2147
 1003     709   702   707  2154
 1004     143   145  1914  2024
 1005      17  1413    22  2026
 1006    1141  1205  1802  1968
 1007     291   298  1765  2187
 1008     339   397  1830  1946
 1009    1730  1102  2120  2204
 1010    1707   707  1841  2154
 1011     995  1769  1840  2069
 1012    1777  1813  1942  1972
 1013    1487   723   718  2061
 1014    1709  1770  1953  1965
 1015     447   451  1855   454
 1016     681   677   680  1712
 1017    1621  1639  1701  1631
 1018    1669  1684  1768  1956
 1019    1657   184  1838  2163
 1020    1275  1295  1893  2079
 1021    1881  1463  2061  2153
 1022     128    62  1985  2066
 1023    1038  1039  2065   969
 1024     687   764   688  1875
 1025    1505   688  1875  1997
 1026     325   324   327  1835
 1027     586   583  1954  1991
 1028    1432  1428  1431  1831
 1029    1136  1869  1959  2032
 1030     448   385  1855  1444
 1031    1127  1126  1128  1869
 1032     664   529  1913  1935
 1033    1814  1695  1933  2081
 1034     542   544   539  1949
 1035     169   172   234  1726
 1036    1680  1022  1859  2077
 1037    1705  1612  1751  2113
 1038     733   736  1782  2047
 1039    1726  1646  1783  1821
 1040      67   136    60  1865
 1041     999   998  1769  1851
 1042    1316  1319  1889  1932
 1043    1848  1643  1921  2129
 1044     117   140   169  2086
 1045     924   980  1857  1943
 1046    1827  1707  1901  2153
 1047    1318  1383  1319  1889
 1048    1645  1667  1671  1918
 1049    1670  1853  1910  2108
 1050     652   653  2020  2150
 1051    1623  1633  1647  1731
 1052     775   855   773  1668
 1053    1682  1705  1749  1750
 1054    1010  1527  1789  2146
 1055     830   906  2054  2118
 1056    1045  1047  1046  1948
 1057     822  1474  1986  2062
 1058     363   360  1767  1798
 1059    1810  1520  1861  2055
 1060    1018  1013  1019  1731
 1061    1682    31  1937  2115
 1062    1563  1680  1019  1731
 1063    2040   616  2057  2135
 1064    1391  1476    41  1790
 1065    1170  1191  1760  2194
 1066    1832  1686  1838  2163
 1067     803   807  2003  2156
 1068     180   164   234  1726
 1069     727  1458   729  1951
 1070     858   856  1966  2069
 1071     580   579  1874   581
 1072    1214  1209  1699  1858
 1073    1325  1324  1330  2038
 1074    1180  1158  1815  2034
 1075    1863  1287  2128  2138
 1076     181   235  1711  1747
 1077    1528  1281  1930  2157
 1078    1931  1933  2137  2200
 1079    1287  1217  1284  1858
 1080      61    62     4  1809
 1081    1255  1315  1253  1927
 1082     133   132  2068  2190
 1083     151  1828  1964  1988
 1084    1675   253  2163  2176
 1085    1626  1628  1695  1787
 1086      75    77    78  1971
 1087     431  1469  1867  1913
 1088    1694  1620  1770  1796
 1089      56  1627   118    53
 1090    1863  1210  1919  2128
 1091    1004   960  1031  1683
 1092    1558  1565   685  1997
 1093    1216  1217  1287  1858
 1094     780  1470  1766  2177
 1095     910   992   993  2042
 1096    1153  1151  1879  2008
 1097    1221  1298  1222  2048
 1098      98   103   102  1964
 1099     325   283   284  2155
 1100    1272  1661  1797  2128
 1101    1458   727  1825  1951
 1102    1690  1615  1948  2049
 1103    1752  1744  1836  1909
 1104     366  1586  1537  2133
 1105     509   439  1757  1999
 1106     139   126   197  2179
 1107     228   229   309  1957
 1108    1455  1248  1600  1854
 1109    1525   286  1925  2187
 1110    1490   957  1944  1992
 1111     276   269  1755  1890
 1112    1134  1133  1194  1853
 1113     591   659   592  1894
 1114    1973  1292  1980  2186
 1115    1606  1624  1693  1837
 1116    1813  1576  1999  2043
 1117     940  1884  2105  2166
 1118    1624  1619  1895  2142
 1119    1518  1566  1876  1928
 1120    1318  1323  1383  1889
 1121    1688  1740  1782  1788
 1122    1777   463  1949  2195
 1123     995   844   784  1840
 1124    1241  1240  1243  1829
 1125     875   876   877  1756
 1126    1752  1844  1892  1909
 1127    1754  1439  1812  1831
 1128      36  1723  2180  2193
 1129    1967  1792  2030  2106
 1130    1409  1410  1405  1706
 1131      59    62    61  1809
 1132    1535   568  1587  2060
 1133    1702  1825  2040  2067
 1134    1170  1192  1193  1801
 1135    1622  1750  1783  1821
 1136    1191  1170  1760  1801
 1137    1252  1250  1340  2127
 1138    1612  1617  1629  1646
 1139     370   371  2025  2087
 1140    1259  1256  1255  1963
 1141     270   271  1748  2056
 1142     447  1799   454  1855
 1143    1343  1642  1817  1850
 1144    1706  1704  2026  2191
 1145    1448  1523   126  2179
 1146    1700  1740  1743  2178
 1147     725   719   634  1781
 1148    2012  2001  2093  2169
 1149     361   379   378  1765
 1150     523  1866  1942  2058
 1151    1727  1685  1862  2140
 1152     607   702   603  1841
 1153    1037  1041  1862  2065
 1154    1641  1721  1987  2101
 1155     737   680  1950  2047
 1156    1214  1130  1778  1119
 1157    1629  1612  1902  2160
 1158     397   405  1830  1931
 1159    1794  1750  1828  1926
 1160     846   998   996  1769
 1161     990  1028  1680  2059
 1162    1743  1894  1991  2091
 1163     655  1545  1461  2045
 1164    1610  1606  1623  1651
 1165    1505  1839  1939  1958
 1166     604  1806  1841  2058
 1167    1055  1012  1776  1960
 1168    1676  1645  2001  2012
 1169     161   163   164  1821
 1170    1602  1332  1903  2175
 1171     527   530   528  1913
 1172    1649   857  1966  2069
 1173    1655  1643  1657  1660
 1174    1618  1625  1889  1920
 1175     505   506   419  2043
 1176    1281  1367  1929  2157
 1177     804   778   776  2188
 1178    1360  1361  1359  1797
 1179    1736  1777  1813  1942
 1180    1112  1670  1910  2108
 1181     626   627  1901  2063
 1182    1611  1612  1705  1750
 1183     262   328  1795  1823
 1184     629   720   630  2104
 1185    1421  1343  1817  1850
 1186    1053  1054  1462  2146
 1187     920   917   922  1764
 1188    1641  1721  1748  1987
 1189     680  1688  1712  1950
 1190     904  1671   906   837
 1191    1898  1943  2064  2162
 1192     110   109   108  1896
 1193     836   835   834  1671
 1194    2045  1461  2150  2151
 1195     786   787  1596  1981
 1196    1680   990  2059  2199
 1197    1403  1382    63  1895
 1198    1825   644  2171  2196
 1199    1843  1684  1956  2007
 1200     981   991  1002  1994
 1201    1660  2024  2076  2198
 1202     150   135    96  1828
 1203     776   721   739  2188
 1204    1179  1180  1815  2002
 1205    1013  1731  1776  1960
 1206    1673   768  1712  1950
 1207     731  1510   729  1951
 1208     166   167  1887  2129
 1209    1173  1174  1175  1892
 1210     635   633  2067  2104
 1211     483   484  1953  1965
 1212     928   848  1445  1792
 1213     352   355  1796  1823
 1214     262   286  1823  1925
 1215     699   689  1939  2154
 1216    1004  1001   958  2030
 1217    1464   989   986  2059
 1218    1603  1817  1903  1978
 1219    2000   825  2054  2118
 1220    1651  1670  1737  1910
 1221     358   359  1835  2167
 1222    2001  2003  2062  2156
 1223    1742  1750  1828  1833
 1224     276   269   210  1755
 1225     588   497  2075  2197
 1226     592   593  1916  1935
 1227     952  1098  1029  1878
 1228    1629  1646  1658  1888
 1229     369   367   365  2037
 1230     897   830   906  2054
 1231    1116  1115  1114  2194
 1232    1862  1845  1992  2090
 1233     698   693   695  1843
 1234    1680  1018  1731  1859
 1235     886   884   885  1998
 1236    1907  1836  1927  1963
 1237     643   650   642  1808
 1238     965   967  1819  1970
 1239    1703  1946  2161  2172
 1240    1626  1617  1636  1755
 1241     989   998  1647  2059
 1242      32    90  1705  1751
 1243    1655  1748  1941  2083
 1244     869   849  1729  1864
 1245    1260  1258  1601  2119
 1246     163   170   169  1726
 1247    1789  1948  2136  2146
 1248    1155  1206  2005  1172
 1249    1347  1437  1425  1850
 1250     467   466  2033  2195
 1251    1506   741  1781  2149
 1252      84    85  1486  2174
 1253     115   114   116  2113
 1254    1315  1316  1927  1932
 1255    1806  1738  1934  1977
 1256    1096  1098  1099  2144
 1257    1053  1010  2146  1527
 1258    1658   322  1908  2155
 1259     430   426  1867  2143
 1260    1024  1026   994  1959
 1261    1767   363  1798  2044
 1262    1620  1648  1663  1720
 1263     329   328   330  1823
 1264    1525  1557   290  1925
 1265     589   587  1991  2091
 1266    1181  1182  1233  2002
 1267    1623  1633  1670  1779
 1268     190  1691  1887  2053
 1269     212   144   211  2024
 1270     678  1688  2047  2150
 1271    1231  1238    73  1807
 1272    1312  1314  1310  1923
 1273    1104  1693  1878  2008
 1274     293   444   433  1708
 1275    1643  1657  1660  1887
 1276    1606  1624  1626  1668
 1277    1088  1163  1084  1800
 1278    1161  1160  1180  1815
 1279    1369  1309  1371  1930
 1280     778  1679  1881  2188
 1281    1359  1358  1360  1797
 1282    1163  1082  1886  2205
 1283    1340  1277  1345  1978
 1284     242   172   171  1726
 1285    1838   241  1887  2109
 1286     511   513   516  1822
 1287    1210  1216  1287  1863
 1288     826   825   824  2118
 1289    1452  1874  1899  2060
 1290      42  1423    43  1937
 1291     634   729  1781  1951
 1292     892   893   888  2000
 1293     202   283   282  2170
 1294     390   389   391  1830
 1295    1112  1670  2108  1520
 1296    1853  1194  2055  2079
 1297    1701  1766  1811  1898
 1298     404   350  1796  1832
 1299    1802  1687  1869  1984
 1300    1622  1620  1665  1720
 1301     167   320   168  1887
 1302    1643  1780  1921  1924
 1303     439   437  1653  1765
 1304    1520  1112  2055  2108
 1305    1623  1634  1731  1732
 1306     493  1518  1876  1933
 1307     352   345  1823  1832
 1308     897   906   907  2054
 1309    1577  1534  1961  2061
 1310     217   215   216  1979
 1311    1669  1637  1966  2009
 1312    1630  1700  1740  1743
 1313    1654  2028  2053  2066
 1314    1146  1062  2011  1061
 1315     694   669  2009  2010
 1316    1570  1575  1496  2145
 1317     272   214  1748  2083
 1318     360   363  1767  2044
 1319     700   710   703  2154
 1320    1572  1574  1467  1845
 1321     785  1637  1840  1947
 1322    1733  1619  1895  1955
 1323    1696  1745  1804  1930
 1324     915  1758  1472  1764
 1325      19    71  1926  2026
 1326    1705  1749  1821  1896
 1327    1674  1773  1815  2092
 1328     214   270  1748  1987
 1329    1740  1666  1782  1825
 1330    2076  1593   129  1475
 1331     442   460  1757  1805
 1332     188   186  1888  2029
 1333     454   470   449  1672
 1334    1977   543  2100  2189
 1335    1050   974   973  1948
 1336      31    83    23  1682
 1337     754   752  1811  1905
 1338     763   828   827  1671
 1339    1066  1068  1868  2181
 1340     565   574   575  1976
 1341    1853  1123  1883  1910
 1342    1757   504  2043  2159
 1343    1514   636  2040  2196
 1344     606   608  1906  2039
 1345    1745  1305  1923  2094
 1346    1425  1421  1347  1850
 1347    1507  1675  1795  2176
 1348    1788  1743  1684  1740
 1349     127  1475  1593  2066
 1350    1028   989  1647  2059
 1351    1109  1107  1737  1910
 1352      56   131   125  2160
 1353    1371  1696  1804  1930
 1354    1433  1432  1924  2018
 1355     327   324   323  1908
 1356    1644  1742  1750  1926
 1357    1672   470  2033  2046
 1358     236  1711  1747  1957
 1359     128    62   130  2076
 1360      34    35  1780  1921
 1361    1713  1915  2046  2052
 1362     577   566  1692  1905
 1363    1809  1742  1865  1985
 1364     598   689   657  1939
 1365     368   370  2025  2087
 1366      45   105    44  1751
 1367    1288  1281  1280  2138
 1368    1899  1587   568  2060
 1369    1677  1629  1728  2179
 1370    1530  1899  2041  2060
 1371     308  2025   305  1775
 1372    1387  1385  1384  1871
 1373     323   257   246  1908
 1374    1754  1433  1831  1924
 1375    1332  1477  1329  2175
 1376    1651  1635  1674  1880
 1377    1646  1726  1783  2080
 1378    1707  1678  1736  1841
 1379    1127  1016  1026  2016
 1380     944   972  1970  2105
 1381    1626  1606  1663  1665
 1382    1665  1641  1775  1957
 1383    1678  1738  1777  1806
 1384    1075  1073  1074  1882
 1385    1217  1802  1197  1218
 1386     992   926  2030  2042
 1387     421   404   420  1953
 1388     191  1691  2053  2198
 1389     667   527   674  1771
 1390    1991   588  2075  2197
 1391    1768  1684  1843  2007
 1392    1199  1202  1693  2079
 1393    1530  1587  1582  2097
 1394      64  1677  1955  2068
 1395     849   790   853  2117
 1396    1619  1989  2078  2142
 1397    1931  1933  1713  2137
 1398      41    43  1632  1790
 1399    1730  1102  2032  2120
 1400     747   746  1715  2132
 1401    1158  1180  1156  2034
 1402    1076  1077  1882  2092
 1403     336   405  1931  2052
 1404    1223  1232  1909  2088
 1405    1094  1096  2022  2144
 1406     502   430  1867  2075
 1407    1559  1266  1919  2128
 1408    1884  1819  1995  2166
 1409    1656  1666  1715  2132
 1410    1614  1660  1742  1985
 1411     231   230   233  1848
 1412    1839  1766  1981  1997
 1413    1538  1892  2070  2134
 1414    1852  1704  1993  2035
 1415     922   979  1634  1731
 1416     804  1597  2073  2188
 1417    1655  1694  1823  2163
 1418     235   237  1747  2080
 1419    1181  1178  1179  2002
 1420     471   477  2051  2103
 1421    1325  1324  2038  2089
 1422    1243  1244  1873  1945
 1423     549   560  2041  2164
 1424    1608  1607  1687  1699
 1425     285   284  1890  2167
 1426      95  1794  1828  1926
 1427     115   110   114  2113
 1428    1689  1995  1998  2105
 1429     638   727  1781  1825
 1430     244   238   234  2080
 1431    1461  1550  1956  2045
 1432     636   644  1825  2196
 1433    1180  1172  1156  2005
 1434    1638  1652  1891  1943
 1435    1064   775  1879  1940
 1436     616  2027  2040  2057
 1437    1110  1244  1240  1945
 1438    1778  1127  1869  2016
 1439     243   244  1646  2080
 1440    1431  1359  1427  1831
 1441    1982  1842  2019  2193
 1442    1339  1338  1982  2019
 1443    1709  1900  1965  2050
 1444    1654  1433  1754  1924
 1445    1323  1932  2089  2147
 1446      72    74   231  1807
 1447     168   166   167  1887
 1448    1735  1639  1736  1939
 1449    1595   341  1791  1820
 1450    1338  1336  1982  2193
 1451    1674  2184  1188  1829
 1452     227  1641  1711  1957
 1453    1265  1193  1192  1801
 1454      11    10    61  1809
 1455    1687  1727  1730  2011
 1456    1411    22  1413  1706
 1457    1413    18  1706  2026
 1458     154  1749  1821  1964
 1459    1938   713  1901  1961
 1460     967   965  1819  1845
 1461     276   274   277  1755
 1462     239   248   237  1747
 1463     988  1563   990  2199
 1464    1031  1024   994  1959
 1465    1800  1640  2014  2136
 1466     369   365  2021  2037
 1467    1079  1081  1886  2014
 1468    1311  1301  1927  1980
 1469     575   553   552  2192
 1470    1615  1621  1635  1664
 1471     713  1938  1901   630
 1472     113    51     6  1627
 1473    1246  1264  1245  1873
 1474    1610  1606  1621  1623
 1475     700   699   702  2154
 1476    1802  1219  1217  1858
 1477    1649  1623  1693  1779
 1478     891   911   912  2111
 1479     818   815  2031   816
 1480     591   519  1916  1935
 1481    1798  1720  1877  2025
 1482     594   537   535  1934
 1483    1728  1716  1890  2170
 1484    1388  1408  1871  2147
 1485    1661  1929  1973  2138
 1486     531   534  1983  2145
 1487    1689  1621  1884  1967
 1488    1903  1746  2013  2175
 1489     942   914   943  2152
 1490     918   921   907  1732
 1491    1606  1610  1613  1651
 1492    1400  1369  1804  2157
 1493    1457  1502   489  2036
 1494    1460   960  1683  1862
 1495    1618  1907  1927  1932
 1496    1332  1262  1602  1903
 1497     678   681   654  2047
 1498    1803  1830  2021  2121
 1499     241   320  1838  1887
 1500     741   728  1506  1781
 1501     345   329   352  1823
 1502    1265  1842  1982  2193
 1503    2025  1703  2087  2172
 1504    1617  1629  1658  1716
 1505     729  1510  1781  1951
 1506    1806  1983  2139  2145
 1507     787   786   789  1981
 1508     948   947  1786  1860
 1509    1665  1717  1775  2025
 1510    1934  1806  1977  2139
 1511    1354  1414  1739  1920
 1512     201  1604  2112  2183
 1513    1319  1317  1316  1889
 1514    1426  1391    41  1632
 1515     516   511  1822  1866
 1516      46    38    47  1924
 1517    1033  1024  1959  2032
 1518    1702  1874  1899  2178
 1519    1206  1172  1174  2005
 1520    1781  1666  1951  2149
 1521     299   300   297  1767
 1522    1343  1342  1344  1817
 1523     394   396  1897  1976
 1524     997   989  2059   996
 1525     925  1000   926  2030
 1526     250  1791  2161  2172
 1527     501  1867  1916  2075
 1528     667   666  1771  2010
 1529     918   917   921  1732
 1530    1741  1663  1922  2051
 1531    1786   946  1898  2006
 1532    1666  1688  1740  1782
 1533     365  1537  1473  2037
 1534    1015  1013  1776  1960
 1535     907   918  1732  2082
 1536     942   943   945  2105
 1537    1666  1656  1715  1962
 1538     315   237   248  1747
 1539    1594  2124  2179  2190
 1540     463   538  1949  2195
 1541     677   676  2151   679
 1542    1624  1294  1893  2142
 1543    1722   703  1827  1958
 1544    1192  1801  1842  1982
 1545     198   139   197  2112
 1546     499   500  1770  1834
 1547     237   315   236  1747
 1548     278   280  1957  2056
 1549    2112  1728  2179  2183
 1550    1773  1070  1882  2181
 1551     232   240   347  2109
 1552     721   776   717  2188
 1553    1771   673  1966  2148
 1554    1332  1602  2013  2175
 1555    1177  1175  1176  1844
 1556    1735  1736  1822  1847
 1557     220  1979  2017  2098
 1558    1185  1184  1186  1872
 1559    1297  1296  1200  1893
 1560    1720  1694  1765  1767
 1561    1817  1421  1850  1978
 1562    1136  1126  1025  1959
 1563    1813  1834   500  2043
 1564    1647  1623  1731  1851
 1565    1704  1809  1993  2035
 1566     124    49     4  2028
 1567    2003   808  2031  2062
 1568    1646  1726  2029  2086
 1569     402   400  2081  2200
 1570     254   184   185  1657
 1571     690   689  2154  1505
 1572     654   678  2047  2150
 1573    1663  1703  1761  1803
 1574    1399  1400  1401  1812
 1575     222   219  1936  2101
 1576    1628  1695  1814  1867
 1577     337   341   344  2161
 1578    1648  1757  1770  1813
 1579    1682  1750  1794  1926
 1580    1316  1889  1927  1932
 1581    1648  1653  1694  1824
 1582    1729  1638  1792  2042
 1583    1639  1659  1702  1763
 1584    1791  1703  2161  2172
 1585    1530   570  2057  2097
 1586     251   249   252  1791
 1587    1387  1408  1377  1871
 1588    1667  1673  1688  1950
 1589    1249  1478  1600  1861
 1590    1635  1615  1685  2023
 1591     418   417   492  2143
 1592    1738  1777  1934  1949
 1593     852   851   949  2069
 1594     994  1515  1994  2099
 1595    1576   520  1813  1999
 1596    1643  1654  2028  2053
 1597    1617  1606  1619  1624
 1598    1566  1548  1876  1969
 1599     377   378  1765  1824
 1600     291  1525   290  1925
 1601    1630  1673  1918  1947
 1602      43  1476    44  1790
 1603    1224  1226  1177  1909
 1604     918   908   985  2082
 1605    1725    27  1848  2158
 1606     269  1728  1755  1890
 1607    1140  1719  1984  2095
 1608     811   807   805  2156
 1609     555  1549  1591  2015
 1610     363  1798  2044  2133
 1611    1109  1093  1108  1910
 1612    1650  1656  1666  1714
 1613    1987   279  2056  2101
 1614     967   966   965  1845
 1615    1714  1881  1962  2072
 1616     483   499  1770  1953
 1617     539   544   541  1949
 1618    1889  1618  1927  1932
 1619    1247  1249  1854  1861
 1620     394    72   231  1897
 1621     791   788   798  1722
 1622     753   901   895  1811
 1623     901   895  1811  1898
 1624     246  1658  1908  2130
 1625    1632    43  1751  1790
 1626    1749  1682  1794  2107
 1627    1466  1464  2059  2082
 1628    1723  1797  1842  2019
 1629    1139  2120  1996  1137
 1630    1719  1141  1802  2134
 1631    1702  1700  1874  2178
 1632     818   879  1974   881
 1633     109   108  1896  2086
 1634    1727  1719  2005  2011
 1635     819   817   890  1911
 1636     271   272   214  1748
 1637    1697  1745  1923  2094
 1638    1620  1655  1686  1694
 1639    1082  1164  1886  2205
 1640     398   339  1830  1946
 1641    1361  1427  1831  1975
 1642    1622  1611  1644  1750
 1643    1645  1630  1667  1918
 1644     981  1515   983  1994
 1645    1607  1614  1616  1754
 1646    1610  1623  1640  1651
 1647    1640  1623  1662  1776
 1648     210   202   200  2124
 1649    1192  1267  1801  1919
 1650    1723  1698  1725  1807
 1651     362  1767  1877  2044
 1652     686  1766  1811  1839
 1653     327  1835  1908  2155
 1654     599   600  1847  2173
 1655    1352  1625  1920  2089
 1656    1686  1643  1698  1848
 1657     994  1002  1001  1652
 1658    1753  1703  1830  1946
 1659     552   512  1822  1965
 1660    1727  1059  2140  2204
 1661    1670  1247  1810  1520
 1662     544   541  1949  1977
 1663    1796  1770  1834  1953
 1664    1287  1210  1863  2128
 1665    1720  1748  1772  2056
 1666    1649  1624  1668  1940
 1667    1286  1292  1973  2186
 1668    1755   275  1971  2068
 1669     557   555  1555  2039
 1670    1094  2077  1097  2144
 1671     137   138   135  1828
 1672     772   693   771  1952
 1673    1749  1794  1964  2107
 1674    1762  1264  1785  1907
 1675    1258  1256  2119  1322
 1676     649   648  1808  2173
 1677     663   692  1956  2007
 1678    1753  1713  1915  2046
 1679     555   596  2015  2039
 1680    1463   711  2061  2153
 1681     624  2027  2171  2196
 1682     400   343  2081  2137
 1683    1697  1734  1889  1923
 1684     126   131  1448  2179
 1685    1694  1765  1767  2187
 1686    1772  1480  1925  2131
 1687    1686  1838  1848  2109
 1688    1360  1361  1797  1975
 1689     268   272   273  2056
 1690    1641  1622  1721  1833
 1691     974  1039  1690  2049
 1692    1433     2    46  2018
 1693    1075  1078  1077  2023
 1694     401   416   417  2143
 1695     286  1557  1525  1925
 1696     823  1513  2062  2169
 1697    1617  1629  1716  1728
 1698     693   684  1712  1952
 1699    1631  1638  1729  1864
 1700     367   384   366  2133
 1701     578   489   495  1954
 1702     405  1915  1931  2052
 1703    1773  1070  2034  2092
 1704    1565  1558  1981  1997
 1705     742   743  1962  2073
 1706     351   414  1832  1953
 1707     906  1671  2054  2118
 1708    1637   785  1768  1947
 1709    1761  1798  1846  2037
 1710    1135  1133  1134  1853
 1711     205   208   264  1941
 1712    1663  1653  1672  1761
 1713    1810  1111  1910  1945
 1714     790   791   800  1864
 1715    1237  1257  1785  2119
 1716     805   804  1598  2073
 1717     428   430  1867  2143
 1718    1331  1849  1854  2127
 1719     482   480   484  1965
 1720     824   826  2102  2169
 1721     110   158   107  1896
 1722    1630  1626  1639  1650
 1723    1620  1641  1655  1748
 1724    1531  1562  2114  2141
 1725     922  1634  1732  2082
 1726    1944  1967  2030  2106
 1727     763   760  1671  1870
 1728    1944   932  1967  2106
 1729     200  1456   209  2124
 1730     601   523  1942  2058
 1731    1316  1311  1927  2094
 1732     529  1469   431  1913
 1733     535   539   594  1949
 1734    1900  1822  1965  2050
 1735    1658  1617  1716  1890
 1736      31    23  1416  2115
 1737    1743  1740  1788  2171
 1738     915  1758  1764  1564
 1739     709   707   672  2153
 1740    1610  1635  1727  2005
 1741     416   343   353  2081
 1742    1702  1899  2027  2178
 1743    1808   648  1875  2173
 1744    1620  1622  1641  1720
 1745     980  1857  1994  2099
 1746     734   636  1782  1458
 1747     262   328   263  1795
 1748     431   426   427  1867
 1749    1620  1681  1770  1796
 1750    1709   346  1832  2109
 1751    1262  1331  1603  1903
 1752    1869  1129  1984  1996
 1753     129  1475   130  2076
 1754    1273  1272  1270  2128
 1755     483   482  1965  2050
 1756    1977  1816  2041  2189
 1757     365  1473   304  2025
 1758     676   656   655  2150
 1759     516   514   511  1866
 1760    1136  1024  1556  1959
 1761     107   158   104  1896
 1762      18  1413    14  2026
 1763     757   758   737  1950
 1764     524   533  1942  1983
 1765    1700  1702  2027  2178
 1766     810  2001  2093  2156
 1767    1808  1735  1811  1905
 1768    1693  1624  1940  2008
 1769     492   493   418  2081
 1770     150   147   149  2098
 1771    1266  1268  1919  1982
 1772    1714   722  1938  2072
 1773      94   133  2068  2190
 1774    1743  1740  2171  2178
 1775    1631  1679  1722  2110
 1776    1256  1322  1321  2038
 1777    1549  2015  2100  2189
 1778    1111  1247  1110  1945
 1779    1791  1703  1820  2161
 1780    1825  1740  2027  2196
 1781    1650  1630  1700  1740
 1782    1881  1714  1938  2072
 1783     183   223  1711  1783
 1784     405   406  1915  2052
 1785    1676  2001  2003  2062
 1786     293   382  1708  1755
 1787    1369  1401  1400  1804
 1788     522   517   516  1866
 1789    1274  1661  1929  1975
 1790     419   375  1824  1834
 1791    1714   741  1962  2149
 1792    1131  1802  1869  1984
 1793     132  1677  2068  2190
 1794     976   915  1758  1472
 1795    1762  1245  1854  1873
 1796     728   726   725  1781
 1797    1052  1075  2023  1078
 1798    1661  1607  1797  1801
 1799     843   844   847  1918
 1800    1810  1762  1849  1854
 1801    1198  1197  1141  1802
 1802    1698  1725  1848  1921
 1803    1752  1844  1909  2002
 1804    1688  1684  1740  1788
 1805     922  1011   975  1662
 1806    1608  1607  1610  1687
 1807      41  1476    43  1790
 1808    1910  1651  1945  2205
 1809    1650  1679  1881  2153
 1810     604   597  1806  2058
 1811    1306  1291  1305  1745
 1812    1640  1635  1651  1880
 1813    1843   698  1947  2007
 1814     364   363  2044  2133
 1815    1698  1723  1725  1780
 1816    1608  1760  1860  1872
 1817    1715  1656  1793  1962
 1818    1882  1078  1886  2023
 1819    1473  2025  2037  2044
 1820     721   718   723  2061
 1821    1881  1722   715  2153
 1822     506   513   500  2043
 1823     705  1509   694  2122
 1824    1655  1686  1838  1887
 1825    1364  1362  1279  1929
 1826    1978  1632  1989  2078
 1827     844  1840  1918  1947
 1828    1870   750  2132  2182
 1829    1638  1621  1724  1967
 1830    1880  1635  1882  2023
 1831    1117  1116  1118  1778
 1832    1619  1629  1677  2160
 1833     808   807   809  2003
 1834     703   796  1722  1827
 1835    1841  1763  1906  2063
 1836     519   529   664  1935
 1837    1369  1372  1401  1804
 1838     189   192  1657  1691
 1839     499   421  1834  1953
 1840    1805   461  1826  2195
 1841    1609  1606  1610  1613
 1842     460   442   459  1805
 1843    1280  1281  1929  2138
 1844     668  1771  2009  2010
 1845    1884   937  1967  2166
 1846     698   696  1768  2122
 1847    1716  1629  1888  2112
 1848      99   151  1828  1964
 1849    1639  1663  1678  1718
 1850    1328  1746  2038  2119
 1851    2096   860  2110  2117
 1852     577   641   642  1808
 1853    1214  1117  1118  1778
 1854    1782   737  1950  2047
 1855     129   206   204  1691
 1856    1632  1627  1733  1790
 1857     936   884  1884   935
 1858    1830   390  2021  2121
 1859    1723  1780  1797  2019
 1860    1623  1634  1645  1774
 1861    1101  1099  1100  1878
 1862     805   743  1793  2073
 1863    1669  1630  1684  1740
 1864     176   183   177  1783
 1865    1561  1562  1375  1818
 1866     541  1549   554  2100
 1867    1620  1622  1643  1655
 1868     997  1851  2059  2082
 1869    1896  1612  1902  2086
 1870    1798  1761  2025  2037
 1871     375   403  1824  1834
 1872    1688  1684  2150  2151
 1873    1606  1619  1624  1837
 1874    1330  1325  2038  2089
 1875    1117  1191  1116  1778
 1876    2051  1922  2074  2103
 1877     275   382  1755  2084
 1878     168   320   241  1887
 1879    1362  1274  1279  1975
 1880    1806  1736  1942  1983
 1881    1744  1752  1892  1909
 1882     670   671  1841  1901
 1883    1377  1385  1871  2141
 1884    1240  1190  1189  1829
 1885    1801  1265  1842  1982
 1886     686   766   755  1811
 1887     243   238  2080  2130
 1888    1002   991  1652  1994
 1889     341   250  1791  2161
 1890    1467  1490  1944  1992
 1891     739   740  1597  2073
 1892     433   435   431  1867
 1893     114    45  1790  2113
 1894    1609  1607  1614  1616
 1895    1228  1229  1836  1963
 1896    1715  1666  1962  2149
 1897    1760  1699  1778  1919
 1898     385   447  1799  2121
 1899    1531  1551  1562  2141
 1900    1378  1407  1398  1852
 1901    1313  1384  1871  1889
 1902    1015  1014  1776  1800
 1903      45  1751  1790  2113
 1904    1794  1682  1926  2107
 1905    1221  1220  1744  2123
 1906    1090  1021  1029  2077
 1907    1346  1421  1817  1978
 1908     742   811   743  1715
 1909    1441  1440  1402  1812
 1910    1133  1101  1693  1779
 1911    1205  1968  2070  2123
 1912    1783   157  1964  1988
 1913    1399  1401     9  1852
 1914       9    11  1442  2035
 1915     230   231  1807  1848
 1916     621  1495  2040  2196
 1917    1944  1683  1992  2030
 1918    1756  1792  2106  2117
 1919    1655  1694  1748  2083
 1920     949  1649  1769  2069
 1921     971  1039  1690   974
 1922    1188  1674  1815  2085
 1923    1646  1622  1665  1747
 1924    1300  1301  1303  1980
 1925    1052  1447  1080  2014
 1926      31  1416    21  2115
 1927    1212  1251  1849  2127
 1928    1511  1583   410  2052
 1929     242   187  1646  2029
 1930     891   911  2111  2185
 1931     579   619  2097  2178
 1932    1544  1538  1592  2134
 1933     840   780  2177  1470
 1934    1710  1857  2016  2099
 1935    1017  1127  1114  2016
 1936     174  1921  1924  2028
 1937     818   819   880  1911
 1938     160   159  1821  1964
 1939    1210  1268  1919  1269
 1940    1011   975  1662  1960
 1941    1801  1723  1842  2193
 1942    1663  1713  1753  2046
 1943    1038  1043  1042  2065
 1944    1806   596  1906  2015
 1945    1189  1240  1829  1945
 1946    1474  1481   887  2102
 1947     972   971  1690  2165
 1948    1098  1097  1029  2144
 1949     255   319   253  2163
 1950      76   775  1668  1879
 1951    1728  1755  2068  2190
 1952    1170  1760  1801  1872
 1953     657   689  1578  2173
 1954    1724  1631  1729  1864
 1955     866   745  1905  2006
 1956    1657   195  1675  1691
 1957    1808   573  1822  1900
 1958     218   220   148  2098
 1959     144   143  2017  2024
 1960     927   872  2106  1445
 1961     142  1914  2024  2076
 1962     702   671   707  1841
 1963     582  1954  2091  2178
 1964      77   773   388  1668
 1965    1787  1954  1991  2197
 1966      27   230  1725  1848
 1967    1250  1478  1861  2127
 1968      32    79    30  1682
 1969    1746  1263  1903  1907
 1970     899   897   907  2054
 1971     793   784   696  1768
 1972    1687  1730  1984  2011
 1973     564   567   566  1692
 1974      69    93   133  2068
 1975     346   318   348  1832
 1976    1659  1639  1707  1763
 1977    1929  1281  1973  2138
 1978    1235  1228  1785  1237
 1979     179   177  1936  1988
 1980    1418    28  1642  1850
 1981    1464   997  2059  2082
 1982     304   303  2025  2044
 1983     808   859   807  2003
 1984    1275  1276  1277  1837
 1985     957  1000   931  1944
 1986     162   161  1783  1821
 1987     607   604   605  2058
 1988     742   747   746  1715
 1989    1664  1685  1690  2065
 1990     722   719   725  1714
 1991    1008  1007  1005  1860
 1992    1406  1407  1378  1852
 1993     719   725  1714  1781
 1994    1342  1344  1817  1978
 1995    1103  1136  2032  2120
 1996     298   292   300  1767
 1997     487   493  1518  1876
 1998     113    50    51  1790
 1999     220   218  1979  2098
 2000    1713  1784  1915  2052
 2001    1624  1630  1649  1668
 2002     379   437  1765  1846
 2003    1772  1767  1877  2131
 2004    1052  1047  1447  1948
 2005    1122  1113  1910  2108
 2006    1810  1762  1854  1873
 2007     722   723  1938  2072
 2008     101   151  1964  1988
 2009    1682    80  2107  2174
 2010     687   764  1839  1997
 2011    1622  1643  1655  1660
 2012     609  1763  2057  2135
 2013    1858  1287  1863  2138
 2014    1645   904  1732  1840
 2015    1664  1690  1819  2065
 2016     877   879   934  1756
 2017    1377  1818  1739  1405
 2018    1258  1257  1237  2119
 2019    1721  1941  1987  2024
 2020    1341  1342  1817  1978
 2021     483   512   552  1965
 2022    1632  1611  1705  1751
 2023     117   120  2086  2125
 2024     574   575  1976  2192
 2025     439   504   377  1757
 2026    1201  1199  1693  1893
 2027    1708   293  1755  1890
 2028    1716  1617  1728  1890
 2029     545   542   540  2074
 2030    1687  1744  1802  1885
 2031      62   127     4  2066
 2032     908   918   907  2082
 2033    1123  1093  1883  1910
 2034     925   871   928  1792
 2035    1151   963  1940  2008
 2036    1192  1265  1801  1982
 2037     908   907   905  2082
 2038    1256  1259  1907  1963
 2039     694  1956  2010  2122
 2040    1780  1428  1921  1924
 2041     444   528   435  1708
 2042    1744  1618  1836  1885
 2043     987  1731  2082  2199
 2044    1293  1379  1624  1879
 2045    1042  1066  1041  1868
 2046    1333  1343  1642  1817
 2047    1671   760  1673  1870
 2048    1608  1786  1898  2006
 2049     199   200  2124  2183
 2050     342   353  1595  1820
 2051    1454   337  2137  2161
 2052     913   914  2111  2152
 2053    1273  1661  2128  2138
 2054     645   654  1788  2150
 2055     317   314  1717  2087
 2056    1238  1759  1786  1872
 2057     216   220   219  1979
 2058    1607  1620  1643  1698
 2059    1132  1131  1802  1858
 2060     915   916   920  1764
 2061      91    90  1749  2174
 2062    1670  1693  1779  1853
 2063    1648  1694  1770  1824
 2064    1648  1757  1777  1805
 2065    1651  1880  2085  2205
 2066    1876  1518  1928  1933
 2067     203   206  1691  2024
 2068     555   606   596  2039
 2069     163   158   170  1821
 2070     266   288   262  2083
 2071    1661  1274  1929  2138
 2072    1787  1928  2036  2197
 2073     720   633  2104   629
 2074    1723  1797  1801  1842
 2075    1761  1799  1803  2121
 2076    1073  1074  1882  2181
 2077    1612  1617  1658  1665
 2078    1629  1658  1716  1888
 2079    1510   728   729  1781
 2080    1770  1681  1822  1900
 2081    1473  1585  2044  2133
 2082     371   372  2021  2087
 2083     288   268  1480  2131
 2084    1696  1706  1734  1818
 2085     110   109  1896  2113
 2086     184   185  1657  1887
 2087    1757  1813  1999  2043
 2088    1395  1391  1392  1733
 2089     511   510   513  1822
 2090     887  1481   824  2102
 2091     753   895   754  1905
 2092    1298  1483  1222  2048
 2093    1650  1666  1740  1825
 2094    1693  1779  1853  2079
 2095    1689  1724  1756  1917
 2096     979  1011   922  1662
 2097     940   936  1884  2166
 2098     912   891  2111  2152
 2099     248  1717  1747  1791
 2100     761   680   768  1950
 2101    1303  1308  1300  1980
 2102    1206  1149  2005  2095
 2103    1701  1639  1939  1958
 2104     595   604  1806  1906
 2105    1480  1485   288  1925
 2106    1620  1681  1686  1698
 2107     419   376   377  1824
 2108     520   458  1972  1999
 2109    1677   131  2160  2179
 2110    1730  1683  2032  2204
 2111     780   766  1766  2162
 2112    1638  1652  2030  2042
 2113    1225  1744  1892  1909
 2114    1661  1863  2128  2138
 2115     187   245   243  1646
 2116     806   807   859  2003
 2117    1437  1391  1632  2078
 2118    1659  1763  2063  2067
 2119     462   463   532  1826
 2120    1315  1256  1319  1932
 2121    1698  1686  1807  1897
 2122    1885  1973  1980  2186
 2123    1475  1593  2066  2076
 2124    1149  1154  1155  2005
 2125     196   254   195  1657
 2126     115   109  1896  2086
 2127    1845  1819  1970  2065
 2128    2062   812  2093  2156
 2129    1013  1019  1731  1960
 2130    1684  1768  1843  1947
 2131     675   674  1771  2148
 2132    1948  1615  2023  2049
 2133    1232  1785  1909  2088
 2134    1607  1661  1699  1801
 2135     335   317  2161  2172
 2136     568  1452  1899  2060
 2137    1309  1745  1923  2114
 2138     998   996  1769  1851
 2139    1261  1263  1762  1907
 2140    1558   691  1981  1997
 2141    1248  1331  1854  1455
 2142     428   429   430  2143
 2143    1644    22  1706  2026
 2144     288   267  1772  2083
 2145     589   592  1894  1991
 2146    1662  1010  1789  2136
 2147     979  1011  1662  1731
 2148    1347  1436  1435  2078
 2149    1366  1400  1365  1812
 2150     150   151   147  2098
 2151     429  1814  2143  2167
 2152    1342  1602  1603  1903
 2153     596   604   595  1906
 2154    1308  1292  1290  2186
 2155     845   844   995  1840
 2156     372   335  1946  2172
 2157    1261  1762  1903  1907
 2158    1065  1685  2023  2181
 2159     548   547  2074  2164
 2160     344   341  1595  1820
 2161    1654     4  2028  2066
 2162     378   298   361  1765
 2163     721  1881  2061  2072
 2164    1158  1070  1157  2034
 2165    1656  1676  2001  2003
 2166     522   513   521  1813
 2167    2037  1473  2044  2133
 2168    1599  2112  2179  2183
 2169    1615  1690  1948  2165
 2170     121   116   113  1990
 2171    1334  1342  1817  2013
 2172    1361  1359  1797  1831
 2173    1323  1383  1889  2147
 2174     371   389   369  2021
 2175    1161  1162  1815  2092
 2176     397   405   399  1830
 2177     254   184  1657  1675
 2178    1037  1035  1862  2140
 2179     558  1816  1906  2039
 2180    1785  1228  1836  1963
 2181    1617  1626  1658  1665
 2182     721   717   718  2061
 2183     295   285   202  1890
 2184     776   739  1597  2188
 2185    1369  1368  1930  2157
 2186    1856  1713  2051  2071
 2187     374  1765  1824  2187
 2188    1714  1650  1881  1938
 2189    1663  1678  1718  1738
 2190     599   515   598  1866
 2191    1427  1364  1365  1975
 2192    1774  1676  1986  2012
 2193    1650  1659  1714  1825
 2194     632   631  2067  2135
 2195    1151   963  1064  1940
 2196     300  1480   268  2131
 2197     382   380  1708  2084
 2198    1857  1608  1860  1943
 2199     734   730  1951  2149
 2200    1736  1813  1847  1942
 2201    1617  1629  1646  1658
 2202    1235  1236  1785  2088
 2203     676   656  2150  2151
 2204    1282  1278  1893  1989
 2205    1631  1621  1676  1917
 2206     803   807   806  2003
 2207     670   607   605  1841
 2208     454   447   453  2121
 2209     586   583  1991  2091
 2210     892   888   825  2000
 2211      12    18  2026  2191
 2212    1767   362  1877  2131
 2213    1630  1626  1650  1700
 2214    1915  1753  2046  2168
 2215     731   730  1522  1951
 2216     308   311  1605  2201
 2217      10    16  1865  1993
 2218    1860  1608  1898  1943
 2219    1145  1144  1138  2011
 2220    1437  1347  1435  2078
 2221     129   142   203  2076
 2222    1844  1177  1892  1909
 2223     490  1502  1928  2036
 2224    1902   117  2086  2125
 2225    1648  1653  1757  1805
 2226     987  1019  1731  1563
 2227    1652   994  1994  2099
 2228     748  1547  2132  2182
 2229     283   285   284  1890
 2230    1314  1561  1374  2114
 2231    1802  1284  1858  2123
 2232    1708  1636  1755  2084
 2233    1871  1313  1889  1923
 2234    2067  1763  1702  1659
 2235    1625  1333  1642  2013
 2236     907   904  1732  2054
 2237    1817  1602  1903  2013
 2238     425   432  1636  2167
 2239    1267  1192  1801  1842
 2240    1848  1838  1887  2109
 2241      30    32  1682  1937
 2242      82    79    80  1682
 2243     638   635  2067  2104
 2244     360  1765  1767  1798
 2245    1762  1746  1903  1907
 2246     674   669  2009   792
 2247    1644  1704  1926  2026
 2248     600   599  1847  1866
 2249     382   293   276  1755
 2250     508   439  2159   504
 2251     786   796   788  1722
 2252    1738  1648  1777  1805
 2253    1180  1178  1175  1844
 2254    1612  1646  1726  1821
 2255     701   699   700  2154
 2256    2046   410  2051  2052
 2257    1661  1754  1929  1975
 2258    1585   364  2044  2133
 2259    1110  1945  2184  2205
 2260    1567   960  2140  2204
 2261    1720  1775  1877  2025
 2262    1050  1045   974  1948
 2263    1649  1769  1840  1851
 2264    1623  1606  1630  1693
 2265      62     4  1809  1985
 2266     736   735   654  2047
 2267    1623  1670  1693  1779
 2268     716   718  2061  1487
 2269     236   228  1711  1957
 2270    1242  1264  1236  1873
 2271     673   855   792  1966
 2272    1223  1176  1844  1909
 2273     485   486  1876  1969
 2274    1120  1853  1883  2022
 2275    1263  1264  1907  2119
 2276    1813  1757  1834  2043
 2277    1542  1188  2085  2184
 2278    1036   962  1845  2090
 2279     530   529   528  1913
 2280    1639  1631  1707  1827
 2281     771   693  1843  1952
 2282    1372  1398  1401  1852
 2283    1612  1632  1705  1751
 2284    1722  1881   715  2110
 2285    1779  1670  1853  1883
 2286    1136  1103  1137  2120
 2287     665   666   667  2010
 2288     495   498   585  2197
 2289    1227  1254  1298  1963
 2290    1394  1895  1955  2142
 2291     760   828  1671   835
 2292    1839  1701  1939  1958
 2293     545   547   542  2164
 2294    1929  1281  1930  1973
 2295    1813   520  1972  1999
 2296     896   751   894  1898
 2297     597   526  1942  2058
 2298       7    10    11  1993
 2299    1242  1236  1235  2088
 2300    1096  1135  1134  1853
 2301     451   447  1855  1529
 2302    1760  1191  1778  2194
 2303     791   798   800  2110
 2304     189   190   193  1691
 2305     629   630  1659  2104
 2306    1830   397  1931  1946
 2307    1670  1853  1883  1910
 2308    1742  1914  1985  2024
 2309     346   349  1709  1832
 2310    1893  1693  2055  2079
 2311     796   794   797  1722
 2312    1144  1145  1061  2011
 2313     902   833  1943  2162
 2314    1718  1874  2074  2164
 2315    1692  1698  1807  1897
 2316    1611  1613  1625  1837
 2317    1639  1707  1736  1939
 2318    1934  1738  1949  1977
 2319     288  1480  1772  2131
 2320    1940  1142  2004  2008
 2321    1713  1741  1856  2051
 2322      33   106  1705  2113
 2323    1031  1001  1683  2030
 2324      33   107    92  1749
 2325     949   851  1649  2069
 2326     932  1819  1944  1967
 2327    1419  1338  1339  2019
 2328    1501  1521   282  2170
 2329     226  1641  2056  2101
 2330     441   438  1799  1855
 2331    1613  1762  1785  1907
 2332     422   351   404  1953
 2333     534  1571  1983  2145
 2334     513  1576   520  1813
 2335    1275  1295  1278  1893
 2336     650   641   573  1808
 2337    2003   812  2062  2156
 2338    1535   562   571  2060
 2339    1000  1944  2030  2106
 2340    1449    13  1993  2191
 2341     702   710   700  2154
 2342    1760  1857  1860  2016
 2343    1679  1656  1714  1962
 2344    1282  1283  1989  2142
 2345    1077  1078  1882  2023
 2346     769   843  1918  1952
 2347     837   847  1840  1918
 2348    1267  1192  1842  1982
 2349     175   112  1887  2129
 2350      15    12    14  2026
 2351    1174  1844  1892  2005
 2352    1724  1631  1864  2110
 2353    1900   552  2050  2192
 2354    1851  1731  2059  2082
 2355     205   264   194  1941
 2356    1725   230  1807  1848
 2357    1799  1761  1846  2121
 2358     309   315  1717  1957
 2359     570   563  1816  2057
 2360    1274  1279  1929  2138
 2361     579  1899  1954  2178
 2362     202  1890  2155  2170
 2363     105    33  1540  1751
 2364    1634  1645  1774  1912
 2365    1650  1700  1702  1740
 2366    1373  1403  1895  2126
 2367     556   557  1555  2039
 2368     178   183  1711  1783
 2369      20    17    22  2026
 2370     592   593  1894  1916
 2371    1161  1162  1160  1815
 2372    1202  1101  1201  1693
 2373    1847  1813  1866  1942
 2374    1692  1608  1701  1898
 2375     674  1771  1966  2009
 2376     639   637   727  1825
 2377      77   775  1668  1971
 2378    1498  1492  1605  2087
 2379    1692  1735  1808  1905
 2380    1183  1171  1186  1872
 2381    1909  1752  2002  2088
 2382    1612  1705  1821  1896
 2383     230    89  1725  1807
 2384    1724  2096  2110  2117
 2385     631   633   632  2067
 2386     881   884  1974  1998
 2387    1686  1698  1807  1848
 2388     426   429   427  1867
 2389    1202  1201  1199  1693
 2390     751   896   948  1898
 2391    1029  1027  1878  2077
 2392    1730  1984  2011  2120
 2393     318   345  1832  2163
 2394     644   735   636  1788
 2395    1834   506   500  2043
 2396     543  1503  2100  2189
 2397    1616  1754  1804  1929
 2398    1147  1203  1205  2134
 2399    1777  1813  1972  1999
 2400    1985  1660  2024  2076
 2401    1059  1041  2140  1471
 2402    1121  1123  1853  2108
 2403     880   819   885  1911
 2404     831   833  1891  1943
 2405     697   698  2007  2122
 2406    1685  1727  1868  2140
 2407     343   344  1820  2137
 2408    1023  1020  1022  1859
 2409    1612  1646  2029  2086
 2410    1940   851   964   857
 2411     771   693   698  1843
 2412    1103  1032  1102  2032
 2413      98   102   101  1964
 2414    1668  1669  1966  2148
 2415     681   736   654  2047
 2416     472   540  1922   546
 2417    1165  1162  1815  2085
 2418     604   606   605  1841
 2419    1348  1360  1358  1797
 2420    1388  1354  1408  1739
 2421    1684  1712  1843  2151
 2422    1771  1708  2084  1913
 2423     684   682   693  1712
 2424    1884  1995  2105  2166
 2425    1021  1022  1020  1680
 2426    1870  1656  2001  2132
 2427    1859  1090  2022  2077
 2428    1624  1617  1626  1971
 2429    1874  1816  1899  2041
 2430    1931  1784  1933  2200
 2431    1771  1669  1966  2009
 2432     220   218   219  1979
 2433     948   896  1860  1898
 2434     826   824  2102  2118
 2435     169   171  1726  2086
 2436    1698  1643  1780  1921
 2437     833   841   831  2064
 2438    1549   555   554  2015
 2439     755   901   753  2162
 2440     911   893   919  1912
 2441    1684  1669  1894  1904
 2442    1740  1702  1825  2027
 2443    1582  1587  1899  2097
 2444    1954   586  1991  2197
 2445     618   621  2027  2097
 2446     398   391   389  1830
 2447    1687  1608  1699  1710
 2448    1730  1727  1862  2140
 2449     164   163   234  1726
 2450      87  1239  1759  1807
 2451     949   950  1769  2004
 2452     400   336  2137  2200
 2453    1641  1622  1655  1748
 2454    1634  1615  1662  1758
 2455     150   137  1828  2017
 2456     529   518  1469  1935
 2457     975   922  1634  1764
 2458    1725  1698  1780  1921
 2459    1639  1681  1701  1735
 2460     287   286   262  1925
 2461     428   492  1814  2075
 2462    1258  1260  1322  2119
 2463    1309  1370  1745  1930
 2464     456   470  2168   457
 2465    1413  1412  1411  1706
 2466    1527  1049  1789  2146
 2467     367  1537  2037  2133
 2468    1468  1330  2013  2089
 2469    1578   689  1875  2173
 2470    1657  1655  1660  1691
 2471    1679   777  2110  2202
 2472    1285  1508  1286  1973
 2473    1447  1462  1080  2136
 2474    1081  1083  1886  2014
 2475    1655  1657  1838  2163
 2476     104    92   107  1749
 2477     552   573   575  2192
 2478    1333  1357  1356  1642
 2479    1643   112  2028  2129
 2480     127  1560   123  2066
 2481     694  1509  2007  2122
 2482    1246  1261  1762  1903
 2483    1099  1101  1779  1878
 2484    1625  1746  1907  2038
 2485     547   543  2164   549
 2486    1779  1878  2077  2144
 2487    1024  1025  1026  1959
 2488    1791   258  1908  2130
 2489     253   255  2163  2176
 2490    1652  1891  1994  2042
 2491    1688  1782  1950  2047
 2492    1703  1946  2137  2161
 2493    1123  1120  1853  1883
 2494    1792  1638  2030  2042
 2495     879   935   934  1756
 2496     334   313   317  2172
 2497     507   458   520  1999
 2498     701   689   699  2154
 2499    1166  1880  1886  2085
 2500     735   646   654  1788
 2501    1621  1631  1638  1724
 2502    1708   427  1636  1867
 2503     204   195  1691  1941
 2504    1503  1549  2100  2189
 2505    1254  1253  1927  1963
 2506    1263  1746  1903  2175
 2507    1191  1192  1801  1919
 2508     704   696   706  2009
 2509    1658  1665  1791  2130
 2510    1017   984  1016  2099
 2511    1665  1646  1747  2130
 2512    1522  1541  1951  2149
 2513    1605  1498  2087  2201
 2514     974  1690  1948  2049
 2515    1075  1052  2023  1072
 2516     769   767   770  1952
 2517     159   154  1749  1821
 2518     401   418  2081  2143
 2519    1783  1750  1833  1988
 2520      90    32  1705  1937
 2521     245   246   243  2130
 2522     955  1105  1878  2008
 2523     415   422   484  1953
 2524    1684  1630  1688  1740
 2525    1767  1720  1772  1877
 2526     656   679  2150  2151
 2527    1673  1918  1947  1952
 2528    1779  1647  2022  2077
 2529     404   351  1832  1953
 2530    1974   818  2031  2096
 2531    1119  1214  1118  1778
 2532    1801  1267  1842  1919
 2533     137   138  1828  1914
 2534    1660  1643  1887  2053
 2535      46     2    48  2018
 2536    1699  1697  1885  1973
 2537    1795  1772  1823  2083
 2538     916   913  2111  1472
 2539    2053  1660  2076  2198
 2540    1692  1681  1897  1976
 2541    1986  1774  2012  2102
 2542    1626  1668  2084  2148
 2543    1779  1647  1878  2004
 2544     636   735   733  1782
 2545    1186  1184  1183  1872
 2546     461   459  1805  1826
 2547     708   672   711  2153
 2548     942   886   891  2152
 2549     463   532  1826  1972
 2550    1643  1660  1985  2053
 2551    1281  1929  1930  2157
 2552    1087  1092  1093  1883
 2553    1405  1406  1818  1852
 2554    1457  1856  1969  2036
 2555    1311  1315  1316  1927
 2556     907   921   899  1732
 2557     270  1748  1987  2056
 2558      19   135    67  1865
 2559    1819   965  1970  2166
 2560    1785  1762  1829  2088
 2561    1643  1620  1655  1686
 2562    2184  1674  1651  1945
 2563     866   566   745  2006
 2564    1744  2070  1968  2123
 2565    1746  1625  2013  2089
 2566    1364  1279  1281  1929
 2567    1708   528  1867  1913
 2568    1207  1208  1892  2070
 2569    1109  1089  1737  1800
 2570     166   168  1848  2129
 2571    1252  1340  1849  2127
 2572     757   737   680  1950
 2573     632   629  2067  2104
 2574    1686  1832  1838  2109
 2575     195   192   204  1691
 2576     416   357  2143  2167
 2577    1745  1696  1923  2114
 2578     527  1708  1771  1913
 2579    1002  1001  1652  2030
 2580    1895  1617  1677  1619
 2581    1690  1995  2105  2165
 2582    1303  1308  1980  2094
 2583     738   737  1782  2047
 2584    1608  1701  1898  1943
 2585       6   118   113  1627
 2586    1766  1898  1943  2064
 2587     727   634  1781  1951
 2588    1103  1491  1137  2120
 2589    1393  1296  1893  2142
 2590    1113  1111  1108  1910
 2591    1642  1611  1850  1937
 2592    1704  1644  1706  2026
 2593    1423    28  1850  1937
 2594     338   335   337  2161
 2595    1647  1680  1859  2077
 2596    1402  1441  1812  2035
 2597    1830   392  2121  2168
 2598     752   744   577  1905
 2599    1608  1786  1860  1898
 2600    1620  1639  1681  1701
 2601    1772  1877  2056  2131
 2602    1695  1663  1700  1787
 2603    1715   747  2132  2149
 2604     410   477  2051  2071
 2605     296   362   297  2131
 2606     597   602   526  2058
 2607     821   810  2001  2093
 2608     576  1808  1900  2192
 2609    1571  1543  1983  2139
 2610    1661  1699  1863  2138
 2611    1622  1644  1704  1742
 2612     648   657   658  2173
 2613    1655  1657  1675  1941
 2614     621  2027  2097  2196
 2615     244   242   243  1646
 2616     636   727   637  1825
 2617     242   140   186  2029
 2618    1700  1663  1713  1787
 2619     484   414  1953  1965
 2620    1899  1702  2027  2097
 2621    1680  1647  1731  2059
 2622     376   374  1765  1824
 2623    1716   282  2155  2170
 2624    1249  1248  1247  1854
 2625     999  1027  1647  1878
 2626    1892  1206  2095  2134
 2627    1135  1779  1853  2144
 2628    1637  1649  1668  1966
 2629    1727  1635  1773  2005
 2630     566  1692  1905  2006
 2631       5     6  1397  1733
 2632    1660  1655  1721  1941
 2633    1927  1885  1980  2048
 2634    1932  1889  2089  2147
 2635    1753  1830  1931  1946
 2636      90    79  1682  2174
 2637    1647  1649  1769  2004
 2638     534   537  2145  1570
 2639     636   644  1788  1825
 2640    1672   454  1799  1855
 2641     972   945  1690  2105
 2642    1354  1355  1353  1920
 2643    1414  1411  1354  1739
 2644     478   473  1459  2071
 2645    1643  1614  1809  1985
 2646    1627  1632  1751  1790
 2647    1785  1836  1907  1963
 2648     301   278   302  1877
 2649    1180  1158  1161  1815
 2650    1401  1372  1696  1804
 2651    1447  1080  2014  2136
 2652     933  1819  1967  2166
 2653    1013  1018  1020  1859
 2654    1710  1126  1869  1959
 2655    1228  1232  1785  1836
 2656     743   811   805  1793
 2657    1242  1241  1243  1873
 2658     581   579  1899  1954
 2659     443   446  2084  2148
 2660     389   398  1830  2021
 2661     801   861   802  2110
 2662    1366  1364  1929  1975
 2663    1236  1264  1785  1873
 2664     377   439  1757  1765
 2665    1659  1714  1825  2067
 2666    1251  1249  1520  1861
 2667    1273  1271  1274  2138
 2668    1643  1887  2053  2129
 2669    1635  1664  1730  1862
 2670     863  1917  2096  2110
 2671     671   670   628  1901
 2672     907   904   905  1732
 2673    1220  1207  1892  2070
 2674     244   242  1646  1726
 2675     842   838  1729  1891
 2676    1675  1657  1691  1941
 2677    1986  2012  2062  2102
 2678     615   609   613  2135
 2679     161   164  1783  1821
 2680    1010  1053  2146  1054
 2681    1126  1026  1025  1710
 2682     117   141   140  2086
 2683     676  1461  1956  2151
 2684    1709  1686  1897  2109
 2685     662   661   665  2045
 2686     667   666   664  1771
 2687    1131  1197  1802  1996
 2688     404   356   403  1796
 2689    1998   891  2152  2185
 2690    1632  1611  1751  1937
 2691     192   254   189  1657
 2692    1322  1260  1328  2119
 2693     414  1709  1832  1953
 2694    1666  1656  1870  2132
 2695     919   921  1764  1912
 2696     520   524  1942  1972
 2697    1512   407   406  1915
 2698    1748   214  1987  2083
 2699    1147  1719  2095  2134
 2700     259   260  1568  2176
 2701    1647   998  1851  2059
 2702     156   155  1964  1988
 2703      62     4  1985  2066
 2704    1724  1729  1792  2117
 2705       1    57     2  2018
 2706     550   551  1741  1874
 2707    1093  1092  1120  1883
 2708    1695  1636  1814  1867
 2709     181  1747  1783  2080
 2710    1622  1614  1643  1660
 2711     608   606  1906  2063
 2712     626   625  2063  1489
 2713     238   256   239  2080
 2714    1046  1948  2023  2049
 2715    1780  1754  1831  1924
 2716    1292  1508  1290  2186
 2717     427  1708  1636   434
 2718     551   560   548  2164
 2719    1232  1229  1224  1909
 2720     843   783   785  1947
 2721    1121  1134  1124  1853
 2722    1350  1323  2089  2147
 2723     749   748  2182  1547
 2724    1806  1736  1841  2058
 2725    1788   654  2047  2150
 2726     301   278  1877  2056
 2727    1012  1014  1055  1776
 2728     353   342   324  1908
 2729    1403  1373  1381  2126
 2730     810  2001  2156  2182
 2731     868  1231    73  2006
 2732      94   210  1728  1755
 2733    1775  1641  1877  1957
 2734     602   598   601  2058
 2735     570   618  2057  2097
 2736    1163  1082  1083  1886
 2737     279   273   270  2056
 2738     659  1894  1904  2020
 2739    1183  1230  1786  1872
 2740    1612  1896  1902  1990
 2741    1620  1648  1653  1694
 2742    1999  1757  2043  2159
 2743     488   486  1969  2071
 2744    1634  1758  1764  2111
 2745    1106  1101  1100  1878
 2746     110   108   158  1896
 2747     546   474  2074  2103
 2748    1748  1721  1941  1987
 2749     975  1527  1049  1789
 2750      55  1627  1955  2160
 2751    1219  1802  1217  1218
 2752    1170  1169  1760  1872
 2753    1676  1656  1793  2003
 2754    1140  1141  1139  1996
 2755    1663  1700  1713  1741
 2756     421   499   422  1953
 2757     910   869   870  1729
 2758     564   395   396  1692
 2759    1419  1338  2019  2193
 2760       4  1809  1985  2066
 2761     547   545  2074  2164
 2762    1225  1207  1226  1909
 2763    1266  1272  1797  2128
 2764    1622  1641  1665  1747
 2765    1664  1683  1944  2030
 2766     828   829   830  2118
 2767    1531  1313  1871  2114
 2768    1638  1631  1701  1864
 2769     939   940  1884  2105
 2770    1261  1246  1262  1903
 2771     904  1732  1851  2082
 2772    1798  2037  2044  2133
 2773     531   532  1500  1972
 2774     746  1547  1715  2132
 2775    1778  1116  2016  2194
 2776    1768  2009  2010  2122
 2777    1370  1291  1306  1930
 2778    1285  1284  1508  1973
 2779    1271  1270  1287  2128
 2780    1738  1672  1805  2033
 2781     759  1870  2001  2182
 2782     106   105   110  2113
 2783    1694  1655  1795  2083
 2784    1663  1672  1922  2046
 2785    1354  1386  1920  2147
 2786    1148  1146  2011  2095
 2787    1895    64  1955  2068
 2788    1615  1635  1640  1880
 2789    1934   463   535  1949
 2790    1549  1591  2015  2189
 2791    1467   966  1572  1845
 2792     755   753  1811  2162
 2793     666   664  1771  2010
 2794     116   114  1990  2113
 2795     185   173  1657  1887
 2796    1322  1328  2038  2119
 2797    1858  1699  1973  2138
 2798    1830   398  1946  2172
 2799     755   753   754  1811
 2800     994   984  1515  2099
 2801    1639  1681  1735  1822
 2802    1696  1734  1923  2114
 2803     488  1457  1856  1969
 2804    1656  1650  1666  1667
 2805    1237  1264  1601  2119
 2806     886   882   891  1998
 2807    1775  1492  2025  2087
 2808    1326  1327  1723  2193
 2809    1639  1648  1681  1822
 2810    2084  1771  1913  1626
 2811    1295  1200  1893  2079
 2812    1915  1784  1931  2052
 2813    1638  1701  1729  1864
 2814    1779  1099  1878  2144
 2815      82    83  1682  1926
 2816    1157  1815  2034  2092
 2817     271   273   272  2056
 2818     707  1827  1901  2153
 2819     545   542  2074  2164
 2820     906   830   829  2118
 2821    1112  1251  2055  1211
 2822    1112  1211  2055  2108
 2823    1721  1622  1742  1833
 2824     940   944   938  2166
 2825     536   594   596  2139
 2826      65    63  1895  1955
 2827     923  1860  1898  1943
 2828     267  1748  1772  2083
 2829    1126  1127  1026  1710
 2830    1131  1802  1858  1869
 2831      31    79    83  1682
 2832    1639  1650  1659  1707
 2833     783   843   772  1947
 2834     616   618  2027  2057
 2835     164  1726  1783  1821
 2836    1610  1609  1613  1618
 2837     604   606  1841  1906
 2838    2182   810   821   749
 2839     851   964   954  2004
 2840    1446   750  1870  2182
 2841     675   527   445  1771
 2842     395    72   396  1692
 2843    1065  1043  2049  2065
 2844    1615  1662  1758  1789
 2845    1842  1266  1919  1982
 2846    1673  1630  1684  1947
 2847    1618  1609  1625  1734
 2848     326   325   327  2155
 2849     291   292   298  1767
 2850     415   351   422  1953
 2851     194  1507  1675  1795
 2852    1104  1143  1693  2008
 2853     728   634   729  1781
 2854    1664  1683  1730  1862
 2855     627   630  1901  2063
 2856    1638  1664  1944  2030
 2857    1715   811  2156  2182
 2858     568   579  1899  1452
 2859     319   320   184  1838
 2860    1828    19  1926  2026
 2861     695   694  2007   663
 2862    1219  1284  1802  2123
 2863    1735   764  1811  1839
 2864     227   226  1641  1957
 2865    1839  1766  1958  1981
 2866    1649  1693  1940  2008
 2867     552   553  2050  2192
 2868    1655  1675  1795  2083
 2869     562  1530  2041  2060
 2870    1169  1171  1760  1872
 2871       6    51    50  1790
 2872     732   756  2132  2149
 2873    1007  1183  1048  1786
 2874    1620  1694  1720  1748
 2875    1655  1694  1795  1823
 2876    1180  1844  2005  2034
 2877    1641  1720  1775  1877
 2878     962  1036  1037  2090
 2879    1079  1052  1080  2014
 2880    1628  1669  1913  1916
 2881     360  1765  1798  1846
 2882    1917  1679  2110  2202
 2883    1644  1609  1706  1734
 2884     339   338  1454  1946
 2885     341  1820  2137  2161
 2886     732  1522   730  2149
 2887     598  1847  1866  2058
 2888     646   645   654  1788
 2889     980   982  1857  2099
 2890    1092  1023  1090  2022
 2891     396   564  1692  1976
 2892    1378  1451  1376  1818
 2893     524   523   522  1942
 2894    1889  1618  1932  2089
 2895     469  1922  2033  2103
 2896     256   239  2080  2130
 2897    1842  1348  1982  2019
 2898    1701  1735  1766  1839
 2899     951   952   953  2004
 2900    2022  1779  2077  2144
 2901    1627  1619  1733  1955
 2902     513  1576  1813  2043
 2903     794   797  1722  2110
 2904     359   357  1835  2167
 2905    1647   999  1878  2004
 2906    1342  1603  1817  1903
 2907    1874   560  2041  2060
 2908     772   771   783  1947
 2909    1106  1105  1104  1878
 2910     473   471  2051  2103
 2911     136    62    60  1865
 2912    1289  1205  2070  2123
 2913    1535  1530   562  2060
 2914    1121  1124  1125  2108
 2915    1727  1154  2005  2034
 2916    1928  1787  2075  2197
 2917     177  1783  1936  1988
 2918    1608  1699  1760  1801
 2919     665   519   666  2010
 2920    1638  1608  1652  1857
 2921     521   522  1813  1942
 2922    1780  1754  1797  1831
 2923     357   354   325  1835
 2924    1670  1606  1693  1837
 2925    1657  1655  1691  1941
 2926     729   634   727  1951
 2927    1086  1800  1859  1883
 2928    1791  1747  1665  1717
 2929     313   368   310  2087
 2930     516   515   600  1866
 2931      43  1423    41  1850
 2932    1792  1638  1967  2030
 2933      96    97    86  1794
 2934     523   524   526  1942
 2935    1776  1086  1800  1859
 2936    1684  1768  1956  2007
 2937    1626  1606  1630  1639
 2938     863  1917   862  2096
 2939     317   250  2161  2172
 2940    1042  1043  1065  1685
 2941    1087  1089  1088  1800
 2942    1636  1658  1820  1835
 2943     432   285  1890  2167
 2944    1065  1072  2023  2049
 2945     691   690  1981  1997
 2946    1376  1375  1551  1818
 2947     884   939  1884  2105
 2948     301   268  2056  2131
 2949     290   287  1925  1557
 2950     677   682  1712  2151
 2951    1473   304  2025  2044
 2952     891  2111  2152  2185
 2953     170   108   169  2086
 2954    1140  1802  1996  1984
 2955    1207  1225  1892  1909
 2956    2025  1798  2037  2044
 2957    1034  1035  1862  2090
 2958    1038  1040  1043  2065
 2959     827  1870  2012  2169
 2960     723  1465  1938  1961
 2961    1638  1724  1792  1967
 2962     229   236   315  1747
 2963    2028   111  2053  2066
 2964    1093  1737  1883  1910
 2965    1642  1625  1644  1920
 2966    1689  1621  1774  1995
 2967    1453  1265  1982  2193
 2968    1656  1715  2001  2132
 2969    1762  1810  1849  1978
 2970    1336  1453  1335  1982
 2971    1735  1839  1847  1875
 2972     193   191  1691  2053
 2973     583  1954  1991  2091
 2974     596   554   555  2015
 2975     148   101   152  1988
 2976     780   781   782  1981
 2977     268   272  2056  2131
 2978    1611  1609  1622  1644
 2979     938   965   933  2166
 2980    1621  1689  1724  1967
 2981    1734  1818  1871  2114
 2982     615   629  2063  2067
 2983      88    89  1807  2116
 2984     874   873   877  1756
 2985      44    42  1751  1540
 2986     662   665   694  1956
 2987      27  1725  2116  2158
 2988    1929  1804  1930  2157
 2989     811   749   810  2182
 2990     184   253  1838  2163
 2991     205   194   204  1941
 2992     436   385  1444  1846
 2993    1867  1628  1913  1916
 2994    1824   504  1834  2043
 2995    1633  1651  1670  1737
 2996    1240  1243  1829  1873
 2997    1812  1804  1929  1975
 2998    1621  1615  1623  1995
 2999    1888  1716  2112  2183
 3000    1663  1695  1713  1787
 3001    1700  1787  1856  2036
 3002    1757  1824  1834  2043
 3003    1049   978  1758  1789
 3004    1856  1741  2036  2071
 3005     198   188   186  1888
 3006     236   235   237  1747
 3007     602   607   603  2058
 3008     308   302   307  1775
 3009     749   811  1547  2182
 3010    1737  1633  1800  1883
 3011     430   429   426  2143
 3012    1939  1505  1958  2154
 3013    1068  1071  1868  2181
 3014    1737  1093  1089  1109
 3015     594   541   554  2100
 3016    1669  1628  1894  1916
 3017     496   493  1928  1518
 3018    1701  1631  1827  1958
 3019     925  1792  2030  2042
 3020     738   736   681  2047
 3021    1160  1188  1181  2002
 3022    1011  1009   975  1960
 3023    1065  1043  1040  2049
 3024    1763  1816  1906  2057
 3025     690   787  1981  1479
 3026     890   883  1911  2185
 3027    1656  1679  1793  1962
 3028     510  1770  1822  1965
 3029     215   213  1979  1987
 3030    1370  1306  1745  1930
 3031     858   855   857  1668
 3032    1611  1606  1612  1622
 3033    1619  1733  1895  2142
 3034    1397  1396    52  1733
 3035     398   373   372  2021
 3036    1734  1871  1889  1923
 3037     132   134  1677  2190
 3038     454  1672  1799  2121
 3039    1814  1695  1835  2167
 3040    1256  1907  1932  1963
 3041    1925   291  1767   292
 3042    1816  1702  1899  2097
 3043     197   201   198  2112
 3044    1658  1791  1908  2130
 3045     430   428  1867  2075
 3046     890   817   822  1986
 3047    1609  1614  1622  1704
 3048     474   473  2074  2103
 3049    1624  1895  2068  2126
 3050    1835  1636  2155  2167
 3051     633   632  2067  2104
 3052    1066  1068  1067  1868
 3053    1587  1899   568  1582
 3054     717   776   778  2188
 3055     388   443  2084  2148
 3056     755   754   764  1811
 3057    1273  1270  1271  2128
 3058     713   714   672  1961
 3059     124   123  2053  2066
 3060    1678  1806  1841  1906
 3061    1323  1889  1932  2147
 3062    1657   189  1691  1887
 3063     168   241  1848  1887
 3064     202   210  1728  2124
 3065     210   269   202  1728
 3066    1874  1700  1954  2178
 3067    1796  1694  1823  2187
 3068    1623  1630  1645  1840
 3069    1264  1246  1261  1762
 3070     913  1472  1758  2111
 3071     998   996  1851  2059
 3072     686  1766  1839  1997
 3073    1392  1437  1435  2078
 3074     491  1566  1928  1969
 3075    1484   780  1766  1981
 3076    1403  1404  1394  2142
 3077     901   902   895  1898
 3078    1031  1033  1024  1959
 3079     306   309  1775  1957
 3080     665  1904  2010  2045
 3081    1392  1435  1436  2078
 3082    1750  1711  1783  1833
 3083    1428    38  1921  1924
 3084    1618  1907  1932  2038
 3085     512   510  1822  1965
 3086     582   578   583  1954
 3087    1630  1637  1649  1668
 3088     123  2053  2066  2198
 3089    1084  1163  1083  1886
 3090    1693  1649  2004  2008
 3091    1263  1261  1903  1907
 3092      76  1064   775  1879
 3093    1197  1217  1132  1858
 3094    1773  1674  1880  2092
 3095     414  1709  1953  1965
 3096    1707  1841  1939  2154
 3097     923   947   896  1860
 3098    1460  1588  1034  2090
 3099    1819  1690  1970  2065
 3100     841  1470  2064  1533
 3101    1809    10  1865  1993
 3102    1623  1645  1732  1851
 3103     398   372  1946  2172
 3104    1761  1703  2025  1803
 3105     173   190  1691  1887
 3106     319   321   240  1838
 3107    1956   694  2007  2122
 3108    1007  1006  1005  1860
 3109    1023  1092  1091  2022
 3110     458   509  1826  1999
 3111    1395  1397  1391  1733
 3112     936   937  1884  2166
 3113     616   614  2057  2135
 3114    1669  1904  1913  1916
 3115    1501   198  1604  1888
 3116     214  1941   208  1987
 3117    1673  1684  1688  1952
 3118     933   965  1819  2166
 3119     203   129  2076  2198
 3120     336   337  2137  1454
 3121    1672   449  1855  2033
 3122    1626  1606  1639  1663
 3123    1188  1674  1829  2002
 3124     671   707  1841  1901
 3125    1633  1680  1731  1859
 3126    1105  1106   952  1878
 3127    1735  1701  1766  1811
 3128    1792   925  2030  2106
 3129     269   295   202  1890
 3130    1622  1620  1641  1655
 3131    1898   901  1943  2162
 3132    1636  1695  1814  2167
 3133    1259  1907  1963  2119
 3134     403   420  1796  1834
 3135      74    73    88  1807
 3136    1035  1056  1862  2140
 3137     858   855  1668  1966
 3138    1819  1621  1884  1995
 3139    1667  1671  1870  2001
 3140    1433     3  2018  2035
 3141     961  1992  1572  2090
 3142     248  1747  2080  2130
 3143      70    78  1971  2126
 3144    1230  1238  1786  1872
 3145    1084  1163  1737  1800
 3146    1778  1131  1858  1869
 3147     572  1582  1899  2097
 3148    1795   262  1823  1925
 3149    1747  1646  1783  2080
 3150    1606  1626  1630  1668
 3151     472   475  2103   457
 3152     117  1482   120  2125
 3153     513   506  1576  2043
 3154    1032  1136  1556  2032
 3155    1119  1128  1130  1778
 3156     568   572  1582  1899
 3157    1123  1122  1910  2108
 3158     223   236   228  1711
 3159     174    40    38  1921
 3160     505  1579  2043  2159
 3161    1143  1201  1693  2008
 3162     759  1446  1870  2182
 3163     240   320   319  1838
 3164    1607  1698  1723  1801
 3165     767   772   770  1952
 3166     509   458   507  1999
 3167     724   741  1962  2072
 3168      57     1  1809  2018
 3169     647  1808  1822  1866
 3170    1696  1745  1930  2114
 3171     318   347   321  2109
 3172    1701  1864  1981  2177
 3173     314   250   317  1791
 3174    1602  1903  2013  2175
 3175    1022  1090  1859  2077
 3176    1641  1711  1833  2101
 3177     329   330   286  1823
 3178    1273  1274  1661  2138
 3179     899   907  1732  2054
 3180     813   807   811  2156
 3181    1622  1612  1646  1665
 3182    1608  1699  1710  1760
 3183     725   724   721  2072
 3184     823  2062  2093  2169
 3185    1701  1864  1958  1981
 3186    1713  1876  2051  2071
 3187    1313  1314  1923  2114
 3188    1263  1264  1762  1907
 3189    1853  1779  1883  2022
 3190      10    16    60  1865
 3191     576   573  1808  2192
 3192    1917  1756  1974  2096
 3193    1788  1740  1825  2171
 3194    1677  1728  2068  2190
 3195    1733  1394  1955  2142
 3196    1293  1201  1693  1893
 3197     179   153   152  1988
 3198    1679  1793  1962  2073
 3199    1962  1679  2073  2188
 3200    1104  1201  1101  1693
 3201     690   685  1997   691
 3202     698  1768  2007  2122
 3203     772   843   770  1952
 3204     258   257  1908  2130
 3205    1330  1468  2013  2175
 3206    1655  1643  1686  1887
 3207    1678  1707  1763  1906
 3208     949   995   850  2069
 3209     107   106  1896  2113
 3210    1248  1249  1600  1854
 3211     326   281   283  2155
 3212    1391  1632  1733  1790
 3213     328   286   330  1823
 3214     304  1492   368  2025
 3215    1614  1804  1852  1616
 3216      62   128   127  2066
 3217    1842  1863  1661  1801
 3218    1465  1577  1534  1961
 3219     189   254   185  1657
 3220     366   384  1846  2133
 3221     647   573   511  1822
 3222     768   767  1673  1952
 3223     541   543  1503  2100
 3224    1641  1665  1747  1957
 3225     459   442   440  1805
 3226     504   419  2043  2159
 3227    1268  1267  1919  1982
 3228     168    27   166  1848
 3229    1523  1599  2112  2179
 3230     343  1820  2081  2137
 3231    1611  1632  1837  1978
 3232     973  1050  1948  2165
 3233    1294  1373  1624  2126
 3234    1205  1802  1968  2123
 3235     846   997  1840  1851
 3236     315   248  1717  1747
 3237     593   591  1916  1935
 3238    1750  1783  1821  1964
 3239    1038  1036   969  2065
 3240     882   885  1911  1998
 3241     187   242   188  2029
 3242    1270  1559  1269  2128
 3243     252   342  1791  1908
 3244    1238  1239  1759  1872
 3245     669   668  2009  2010
 3246       9  1852  1993  2035
 3247    1404  1403  1895  2142
 3248    1615  1789  1948  2136
 3249     982  1017  2016  2099
 3250     976   975  1049  1758
 3251     339   336   405  1931
 3252      93   274    94  1755
 3253     505   504   508  2159
 3254     816   859   814  2031
 3255     373   398   389  2021
 3256    1694  1720  1748  1772
 3257     955   952   951  2004
 3258    1614  1704  1852  2035
 3259    1592  1538  2070  2134
 3260    1856  1928  1969  2036
 3261     524   522   521  1942
 3262    1112  1247  1670  1520
 3263     153  1833  1936  2098
 3264    1623  1640  1651  1737
 3265     918   922   917  1732
 3266    1284  1219  1218  2123
 3267    1862  1944  1683  1992
 3268    1647  1859  2022  2077
 3269    1227  1298  1836  1963
 3270    1140  1147  1719  2095
 3271     764  1735  1808  1875
 3272      64    65  1895  1955
 3273     893   888  2000  2185
 3274     828   825  2118   830
 3275    1130  1131  1778  1869
 3276    1348  1339  1982  2019
 3277     800   853   790  2117
 3278     426   431   430  1867
 3279     756  1782  1950  2149
 3280     551   548  2074  2164
 3281     686   755   764  1811
 3282     678  1688  2150  2151
 3283    1880  1886  2085  2205
 3284     747   732  2132  2149
 3285    1742  1828  1914  2017
 3286    1621  1610  1635  1664
 3287    1149  1206  1148  2095
 3288     769   760  1673  1918
 3289    1227  1224  1229  1836
 3290     273   280   278  2056
 3291    1911   880  1974  1998
 3292    1352  1356  1625  1642
 3293    1142  1143  1104  2008
 3294    1984  1869  1996  2120
 3295    1406  1378  1405  1818
 3296     750  1446  2132  2182
 3297    1675  1655  1795  2163
 3298    2001  1493  2093  2169
 3299    1511  1512  1590  1915
 3300     470   466  2033   465
 3301    1133  1135  1779  1853
 3302    1211  1125  2055  2108
 3303    1644  1704  1742  1926
 3304    1359  1361  1427  1831
 3305    2012   826  2102  2118
 3306    1397  1395  1396  1733
 3307    1580   508  1999  2159
 3308    1088  1086  1800  1014
 3309     207   208  1941  1987
 3310    1687  1710  1778  1869
 3311    1902  1896  2086  2203
 3312     644  1788  1825  2171
 3313    1717  1665  1775  1957
 3314    1678  1639  1702  1763
 3315    1405  1377  1409  1739
 3316     598   523   601  2058
 3317    1012  1015  1014  1776
 3318     429  1814  1867  2143
 3319    1285  1288  1287  2138
 3320    1803  2021  2037  2121
 3321      37    35  1725  2180
 3322     667   694   665  2010
 3323    1762  1613  1785  1829
 3324    1643  1655  1657  1887
 3325    1508  1885  2123  2186
 3326    1019  1011   979  1731
 3327    1007  1171  1786  1860
 3328    1683   958  1992  2030
 3329    1754  1607  1780  1797
 3330    1215  1217  1216  1858
 3331    1652  1891  1943  1994
 3332    1335  1266  1338  1982
 3333     596   554  2015  2100
 3334    1711  1622  1750  1783
 3335     831   842  1891  2064
 3336      18  1405  1706  2191
 3337     405   399  1830  1915
 3338     591   593   519  1935
 3339    1703  1663  1753  1803
 3340     922   975  1634  1662
 3341    1305  1310  1309  1923
 3342     911   916   912  2111
 3343    1325  1351  1324  2089
 3344     264   214   266  2083
 3345     751   895  1898  1905
 3346     433   427   434  1708
 3347    1826  1777  1972  1999
 3348    1775   305  1877  2025
 3349     451   440   441  1855
 3350     139   122   119  2125
 3351    1410  1411  1412  1739
 3352    1576  1999  2043  2159
 3353    1618  1625  2038  2089
 3354     504   419  1824  1834
 3355    1555   556  2039  2189
 3356     349   414  1709  1832
 3357     692  1843  1956  2007
 3358    1613  1674  1829  1945
 3359    1684  1843  1956  2151
 3360     574  1976  2050  2192
 3361    1324  1322  1328  2038
 3362     864   865   818  2096
 3363    2012  2000  2054  2118
 3364     211   146  1979  2017
 3365     414   480  1709  1965
 3366    1877   303   362  2044
 3367     653   645  2020  2150
 3368    1760  1191  1801  1919
 3369     771   698   783  1768
 3370    1736   597  1942  2058
 3371     848   928   871  1792
 3372    1040  1045  1065  2049
 3373    1699  1858  1863  2138
 3374     399   452  1830  1915
 3375      62    59  1865  1985
 3376    1614  1609  1696  1704
 3377    1707   707  1827  1901
 3378    1631  1639  1701  1827
 3379     987  1563  1731  2199
 3380     172   244   234  1726
 3381     695   698  1843  2007
 3382    1266  1348  1338  1982
 3383     865   816  2031  2096
 3384    1628  1626  1700  1787
 3385    1398     9  1852  1993
 3386     416   400   343  2081
 3387    1242  1243  1244  1873
 3388    1805  1672  1855  2033
 3389    1773  1635  1868  2181
 3390     541   594  1949  2100
 3391     458   509   459  1826
 3392    1282  1278  1296  1893
 3393     135    97    96  1828
 3394     642   577  1808  1905
 3395     252   258   342  1908
 3396    1712  1684  1843  1952
 3397     980  1857  1943  1994
 3398     658  1578   688  1875
 3399    1703  1665  1791  1820
 3400    1417  1424  1418  1850
 3401    1782  1458  1825  1951
 3402     822   823  1513  2062
 3403    1024  1556  1959  2032
 3404    1576  1580  1999  2159
 3405      88    26    89  2116
 3406     934   872  1756  2106
 3407    1646   244  1726  2080
 3408     310   368  1498  2087
 3409     241   232   168  1848
 3410    1614  1643  1754  1780
 3411    1117  1191  1778  1919
 3412    1796  1770  1824  1834
 3413     757   762   763  1870
 3414    1447  1450  1536  2146
 3415    1371  1374  1818  2114
 3416     416   357   423  2143
 3417     613   612   611  2057
 3418    1265  1185  1193  1801
 3419    2046  1922  2051  2103
 3420     256   238   243  2130
 3421    1793   803  2003  2156
 3422     331   232   347  2109
 3423     904   837  1645  1671
 3424    1225  1224  1298  1836
 3425    1678  1763  1816  1906
 3426     672   707  1901  2153
 3427    1691   206  1941  2024
 3428    1744  1719  1802  2123
 3429     637   636  1825  2040
 3430    1227  1298  1224  1836
 3431    1770   499  1834  1953
 3432    1618  1613  1744  1836
 3433    1341  1342  1603  1817
 3434    1259  1228  1257  1963
 3435     868   866   867  2006
 3436    1945  1651  2184  2205
 3437    1603  1341  1817  1978
 3438    1838  1686  1848  1887
 3439     763   759   757  1870
 3440      82    81    83  1926
 3441    1591   555  2015  2039
 3442    1129  1137  1996  2120
 3443    1083  1084  1886  2014
 3444     985  1466   986  2199
 3445    1065  1072  1074  2023
 3446     609  1763  1906  2057
 3447    1679  1631  1917  2110
 3448     470   449  1672  2033
 3449    1907  1256  2038  2119
 3450    1658  1646  1665  2130
 3451    1621  1606  1638  1701
 3452     613   570  2057   611
 3453    1624  1606  1630  1668
 3454     105    45   114  2113
 3455      65    52    63  1955
 3456    1606  1609  1611  1613
 3457    1612  1622  1646  1821
 3458    1131  1802  1984  1996
 3459    1656  1793  2003  2156
 3460    1487  1465   723  1961
 3461    1229  1232  1836  1909
 3462     186   139   198  2112
 3463    1653   439  1757  1805
 3464    1111  1670  1810  1910
 3465    1232  1228  1229  1836
 3466    1797  1348  1842  2019
 3467    1184  1239  1238  1872
 3468     668   667   674  1771
 3469    1656  1667  1870  2001
 3470     105   106    33  2113
 3471    1623  1621  1634  1774
 3472     104   159  1749  1896
 3473     669   674  2009   668
 3474      76    75  1879  1971
 3475     509  1757  1826  1999
 3476      33  1705  1751  2113
 3477     919   916   911  1912
 3478      98   100   103  2107
 3479     462   463  1826  2195
 3480    1698  1725  1807  1848
 3481    1392  1389  1390  2078
 3482     960  1004   958  1683
 3483    1503  1549   541  2100
 3484     558   608   557  2039
 3485     954   964  1940  2004
 3486     515   599   600  1866
 3487    1766  1701  1958  1981
 3488    1714  1666  1781  2149
 3489     512   483   510  1965
 3490     631   640  2067  2135
 3491     137   136   138  1914
 3492    1753  1703  1931  2137
 3493    1612  1606  1617  1665
 3494    1666  1782  1825  1951
 3495      96   151   150  1828
 3496      86   100    98  2107
 3497    1618  1625  1907  2038
 3498    1298  1225  1836  2048
 3499     111   112  1643  2053
 3500    1614  1654  1809  2035
 3501    1509   697  2007  2122
 3502     885   880  1911  1998
 3503    1511   410  2046  2052
 3504     591   660  1904  2045
 3505     827   763  1671  1870
 3506      57    58  1809  2035
 3507     862   861   859  1917
 3508    1693  1670  2055  2079
 3509    1638  1608  1857  1943
 3510    1139  1145  2120  1491
 3511     663   694  2007  1956
 3512     136  1865  1914  2076
 3513     952   955  1878  2004
 3514     812   808  2003  2062
 3515    1843  1684  1947  1952
 3516     720  1465   713  1961
 3517    1845  1664  1862  1944
 3518     342  1595  1791  1908
 3519     522   523  1866  1942
 3520     540  1738  1922  2074
 3521    1382    64    63  1895
 3522    1840   997   904  1851
 3523    1646  1622  1783  1821
 3524     555  1591  1555  2039
 3525     381   446  1708  2084
 3526    1986  1676  2003  2062
 3527    1702  1659  1825  2067
 3528     210    94  1728  2190
 3529    1330  1352  1325  2089
 3530     155   102  1488  1964
 3531    1126  1136  1130  1869
 3532      76  1151  1064  1879
 3533     194   261  1795   265
 3534     139   186  2029  2112
 3535    1210  1209  1863  1919
 3536    1471  1057  2140  2204
 3537     680   681  1712  2047
 3538    1626  1708  1867  1913
 3539    1871  1531  2114  2141
 3540    1690  1615  1995  2165
 3541     145   142   130  1914
 3542     455   475  2046  2168
 3543    1727  1773  1868  2034
 3544    1954  1743  1991  2091
 3545    1711  1783  1833  1936
 3546    1699  1687  1778  1869
 3547    1276  1837  1893  1989
 3548    1355  1350  1351  2089
 3549     689  1505  1875  1939
 3550    1070  1073  1882  2181
 3551      96    97  1794  1828
 3552    2111   913  2152  2165
 3553     428  1814  1867  2075
 3554    1380  1381  1379  2126
 3555    1382  1381    68  2126
 3556     391   398   399  1830
 3557    1520  1247  1810  1861
 3558     179   218   153  1936
 3559     538   468  1949  2195
 3560    1427  1365  1812  1975
 3561    1625  1613  1762  1837
 3562    1738   540  1949  2074
 3563     494   496  1928  2197
 3564    1142   955   956  2004
 3565    1717  1775  2087  2201
 3566     847   844  1840  1918
 3567     957   959   958  1992
 3568     721  1881  2072  2188
 3569    1755    94  2068  2190
 3570    1420  1429  1428  1780
 3571    1625  1609  1644  1920
 3572     470  2168  2046   454
 3573    1668   388  1971  2148
 3574      61     4    57  1809
 3575     307   309   306  1957
 3576    1047  1052  1046  1948
 3577     803  1793  2003  2202
 3578     470   469   465  2033
 3579    1191  1760  1778  1919
 3580     226   227   228  1957
 3581    1814   416  2081  2143
 3582    1280  1281  1279  1929
 3583     309   229   315  1957
 3584    1887   112  2053  2129
 3585     262  1772  1925  2083
 3586       8     9  1993  2035
 3587    1060  1062  1727  1868
 3588    1209  1117  1699  1863
 3589    1272  1273  1661  2128
 3590    1626  1639  1650  1700
 3591    1720  1665  1775  2025
 3592    1079  1080  1081  2014
 3593    1465  1487  1577  1961
 3594     735   733  1782  2047
 3595     608   606   555  2039
 3596     801   859  1917  2202
 3597    1310  1312  1923  2094
 3598     636  1825  2040  2196
 3599    1827  1707  1939  2154
 3600    1189  1187  1945  2184
 3601     991  1002  1652  2042
 3602    1659  1763  1901  2063
 3603    1629   139  2029  2112
 3604    1668    76  1879  1971
 3605     573   552   511  1822
 3606    1734  1618  1889  1920
 3607       9  1442  1402  2035
 3608    1688   680  1712  2047
 3609     470   450   449  2033
 3610    1492  1498   368  2087
 3611     162   160   161  1821
 3612      39    35    34  1921
 3613    1268  1266  1335  1982
 3614     112  1643  2053  2129
 3615    1347  1978  1989  2078
 3616    1225  1744  1836  2048
 3617    1719  1744  1752  1892
 3618    1095  1092  1094  2022
 3619     595   596  1806  2139
 3620    1265  1192  1335  1982
 3621    1267  1842  1919  1982
 3622    1707  1639  1827  1958
 3623    1399  1401  1852  2035
 3624    1681  1735  1822  1900
 3625    1853  1779  2022  2144
 3626    1401  1804  1852  2035
 3627    1707  1827  1939  1958
 3628    1639  1707  1939  1958
 3629     314   317   312  2087
 3630      58    11  1809  2035
 3631    1441     3  1812  2035
 3632     457   455  2046  2168
 3633     108   158  1896  2086
 3634     901   902  1943  2162
 3635    1369  1371  1804  1930
 3636     722   719  1714  2104
 3637     662   663  1550  1956
 3638    1403    63  1404  1895
 3639    1696  1697  1745  1923
 3640    1206  1150  2095  2134
 3641     174    38    46  2028
 3642    1093  1109  1737  1910
 3643    1081  1076  1078  1886
 3644     950   953   995  1769
 3645    1622  1644  1742  1750
 3646    1681  1620  1692  1698
 3647     590  1516   518  1935
 3648     384   367  2037  2133
 3649     212   211  1979  2024
 3650    1461  1550   663  1956
 3651     993   991  1994  2042
 3652     619  2027  2178  2196
 3653    1804  1401  1812  2035
 3654     970   967   968  1970
 3655    1276  1277  1837  1989
 3656    1098  1094  1097  2144
 3657    1865    62  1985  2076
 3658    1783   162  1821  1964
 3659    1323  1350  1386  2147
 3660     796   786   703  1722
 3661     679   678   654  2150
 3662     191   190   123  2053
 3663    1279  1280  1929  2138
 3664     248   316   315  1717
 3665     543   541  1977  2100
 3666    1712   682  1843  2151
 3667     118   119  1990  2160
 3668    1942  1777  1972  1983
 3669     594  1934  2100  2139
 3670    1013  1086  1015  1776
 3671     500   510  1770  1813
 3672     828   827  1671  2118
 3673     254   253  1675  2176
 3674     827   759  1870  2169
 3675    1717   309  1775  2201
 3676    1705  1749  1750  1821
 3677    1666  1688  1782  1950
 3678     958  1000  1944  2030
 3679    1656  1630  1667  1676
 3680     526   601  1942  2058
 3681     287   288  1485  1925
 3682     522   523   517  1866
 3683     210   269  1728  1755
 3684     577   576  1808  1976
 3685    1748   272  1772  2056
 3686     394   331   333  1897
 3687    1208  1207  1220  2070
 3688    1713  1703  1753  2137
 3689     326   323   322  2155
 3690    1127  1128  1778  1869
 3691    1877   278  1957  2056
 3692    1844  1752  1892  2005
 3693    1809  1654  2018  2035
 3694    1007  1786   947  1860
 3695    1845  1572  1992  2090
 3696    1830  1753  1915  2168
 3697    1701  1692  1898  1905
 3698     500   513  1813  2043
 3699     113    51  1627  1990
 3700    1610  1613  1674  1752
 3701    1675   194  1795  1941
 3702    1154  1727  1868  2034
 3703     560   562  2041  2060
 3704    1264  1237  1236  1785
 3705    1035  1056  1034  1862
 3706    1700  1743  1787  1954
 3707     669   706   705  2122
 3708     737   756  1782  1950
 3709    1619  1612  1627  1632
 3710    1194  1124  1853  2108
 3711      22  1413  1706  2026
 3712    1984  1138  1140  2095
 3713    1648  1736  1813  1822
 3714    1914  1985  2024  2076
 3715     647   649   573  1808
 3716    1977  1806  2015  2139
 3717     909   831  1891  2042
 3718     590   529   519  1935
 3719    1943   833  2064  2162
 3720    1683  1031  1959  2032
 3721     174    40  1921  2158
 3722    1665  1695  1703  1713
 3723     702   699  1841  2154
 3724     558   609  1906  2057
 3725    2024   203  2076  2198
 3726     949   850   852  2069
 3727    1704  1614  1809  2035
 3728     784   793  1637  1768
 3729    1703  1803  1830  2021
 3730     648   764   650  1875
 3731    1813   516  1822  1866
 3732    1694  1620  1796  1832
 3733    1359  1358  1797  1831
 3734    1585   366   364  2133
 3735     696   784   783  1768
 3736    1621  1664  1819  1967
 3737    1671  1667  1673  1918
 3738     642   650   764  1808
 3739     873   875  1756  2117
 3740    1786   948  1860  1898
 3741     190   112   124  2053
 3742     331   231   233  1897
 3743    1429  1358  1831  2019
 3744     836   847   837  1918
 3745     743   742  1715  2073
 3746    1613  1674  1752  2002
 3747    1479   703  1596  1958
 3748     878   881   884  1974
 3749     460  1757  1805  1826
 3750    1139  2120  1137  1491
 3751    1609  1613  1618  1625
 3752     378   376  1765  1824
 3753     116   115  1990  2203
 3754    1629  1612  1646  2029
 3755    1012  1015  1776  1960
 3756    1688  1684  1712  1952
 3757      80    82  1682  1926
 3758    1086  1015  1776  1800
 3759    1465   720  1938  1961
 3760    1128  1130  1778  1869
 3761    1644  1416    23  2115
 3762    1385  1313  1384  1871
 3763    1727  1059  1868  2140
 3764     455   457   456  2168
 3765     597   533  1983   525
 3766    1753  1672  2046  2168
 3767      26  1539    24  2116
 3768    1264  1237  1785  2119
 3769    1579  1576  2043  2159
 3770    1091  1086  1859  1883
 3771    1295  1200  1296  1893
 3772    1626  1636  1658  1695
 3773    1836  1618  1907  1927
 3774    1802  1858  1885  2123
 3775     303   305  2025  2044
 3776     850   856   852  2069
 3777    2027  1702  2040  2057
 3778     552  1900   573  2192
 3779    1655  1622  1660  1721
 3780     283   325   326  2155
 3781    1828   150  2017  2098
 3782    1649  1647  1779  2004
 3783    2091  1743  2171  2178
 3784    1628  1626  1867  1913
 3785    1644  1642  1920  2115
 3786    1741  1856  2051  2071
 3787    1821  1612  1896  2086
 3788    1667  1673  1684  1688
 3789     811   810  2156  2182
 3790    1681  1620  1686  1832
 3791     640   621  2040   616
 3792    1765  1761  1767  1798
 3793    1735   764  1808  1811
 3794     347   332   333  2109
 3795    1612  1627  1990  2160
 3796     781   787   779  1981
 3797    1622  1612  1750  1821
 3798    1797  1661  1801  1842
 3799    1067  1068  1062  1868
 3800    1664  1638  1710  1959
 3801     410   486   476  2071
 3802    1706  1405  1739  1818
 3803     433   434   432  1708
 3804    1326  1239  1184  1872
 3805     535   537  1570  1934
 3806    1817  1611  1837  1978
 3807    1684  1688  1712  2151
 3808    1692   577  1808  1976
 3809     154  1488   102  1964
 3810      33    90    32  1751
 3811     137   143  1914  2017
 3812    1762  1849  1854  1903
 3813    1366  1400  1804  2157
 3814    1611  1625  1642  1817
 3815     615   627  2063   629
 3816    2125   119  2160  2203
 3817    1029  1021  1030  2077
 3818    1574  1467  1845  1992
 3819     783   771  1768  1947
 3820    1607  1687  1699  1885
 3821    1813   516   522   513
 3822    1117  1214  1699  1778
 3823    1164  1166  1082  1886
 3824    1729  1724  1864  2117
 3825    1697  1607  1699  1885
 3826     537   534  2145  1571
 3827     322   246   187  1888
 3828     836   837  1671  1918
 3829     223   224   183  1711
 3830    1140  1139  1138  1996
 3831    1858  1699  1885  1973
 3832     681   678  1712  2047
 3833    1694  1767  1772  1925
 3834    1564   975  1758  1764
 3835    1039  1038  2065  1040
 3836    1191  1116  1778  2194
 3837    1271  1279  1274  2138
 3838    1737  1640  1886  2014
 3839     119   125   126  2125
 3840     938   944  1970  2166
 3841    1693  1779  1878  2008
 3842    1646   243  2080  2130
 3843     478   550  1741  1874
 3844     957  1000  1944  1992
 3845    1026   994  1959  2099
 3846    1636  1890  2155  2167
 3847     557   608   555  2039
 3848    1721  1641  1833  2101
 3849    1385  1531  1871  2141
 3850    1847  1735  1875  2173
 3851      94    93  1755  2068
 3852    1735  1692  1808  1900
 3853    1752  1613  1829  2088
 3854    1724  1756  1792  1967
 3855    1677  1728  1755  2068
 3856    1881  1938  1961  2061
 3857     453   392   456  2168
 3858     946   867   866  2006
 3859     357   423  2143  2167
 3860    1703  1761  2025  1720
 3861    1976  1900  2050  2192
 3862    1618  1889  1927  2094
 3863     730   734   756  2149
 3864    1405  1409  1706  1739
 3865    1244  1264  1873  1245
 3866    1625  1889  1920  2089
 3867     815   818  2031   819
 3868     978  1758  1789  2165
 3869     992   925   926  2042
 3870    1743  1788  1684  2020
 3871     371   370   368  2087
 3872     903   900   902  1943
 3873      19    20    71  2026
 3874    1671  1645  2054  2118
 3875     715   794  1722  2110
 3876     990  1028   988  1680
 3877     527   528  1708  1913
 3878    1644  1609  1734  1920
 3879     335  1946  2161   338
 3880    1039  1690  2049  2065
 3881     559   543  2041  2189
 3882     276    94   274  1755
 3883    1544  1592  2070  2134
 3884    1998   941  2105  2152
 3885     163   170  1726  2086
 3886    1672  1761  1799  1803
 3887     811   805  1793  2156
 3888     793   784  1637  2069
 3889    1501   322  1888  2170
 3890     112   174  2028  2129
 3891    1696  1704  1706  1852
 3892     118   121  1990  2203
 3893    1257  1259  1963  2119
 3894     464   450   466  2033
 3895    1180  1160  1179  1815
 3896    1672   454  2046  2168
 3897    1757  1648  1770  1824
 3898     910   871   992  2042
 3899    1871  1734  1889  2147
 3900     567   566  1692  1976
 3901    1007  1171  1183  1786
 3902     216   219   222  2101
 3903     746   750   748  2132
 3904    1628  1894  1916  1991
 3905     167   175  1887  2129
 3906      22  1644  1682  1926
 3907     860   800  2110  2117
 3908    1990   115  2113  2203
 3909     872   874  1756  2117
 3910    1656  1631  1676  1679
 3911    1750  1828  1833  1964
 3912    1683  1460  1862  1992
 3913    2014  1948  1640  2023
 3914    1606  1607  1609  1610
 3915    1692   395  1807  2006
 3916    1703  1830  1946  2172
 3917    2148   446  1771   445
 3918    1108  1122  1113  1910
 3919     187   245  1646  1888
 3920     136   130    62  2076
 3921    1654  1643  1985  2053
 3922     994  1002  1652  1994
 3923    1281  1288  1973  2138
 3924       7  1449    13  1993
 3925     958  1944  1992  2030
 3926     829   828   835  1671
 3927    1668  1626  1669  2148
 3928    1697  1616  1745  1973
 3929    1311  1303  1301  2094
 3930    1244  1248  1245  1854
 3931    1469   501  1916  1935
 3932     554  1549  2015  2100
 3933    1138  1984  2011  2095
 3934     709   710   702  2154
 3935     230   231    89  1807
 3936    1292  1308  1973  1980
 3937    1745  1309  1930  2114
 3938    1759  1608  1786  1872
 3939     815  1986  2031  2062
 3940    1031  1001  1004  1683
 3941    1088  1109  1163  1800
 3942    1659  1650  1702  1825
 3943     688   687  1875  1997
 3944    1391  1397     6  1733
 3945     196   194  1507  1675
 3946     272   268  1772  2131
 3947     999   952  1878  2004
 3948     227   225   228  1711
 3949     420   419   499  1834
 3950     183   176   182  1783
 3951     195   194  1675  1941
 3952     287  1557   286  1925
 3953    1653  1761  1765  1846
 3954     934   874   877  1756
 3955    1641  1720  1877  2056
 3956     682   693  1712  1843
 3957     544   543  1977  2164
 3958    1722  1701  1864  1958
 3959    1770  1681  1900  1965
 3960    1639  1701  1827  1958
 3961     709   707  1827  2154
 3962    1331  1341  1603  1903
 3963     224   178  1711  1936
 3964    1652  1638  1891  2042
 3965     142   130  1914  2076
 3966    1510   731  1541  1951
 3967     380   387   381  2084
 3968    1793  1679  2003  2202
 3969    1311  1253  1927  1302
 3970     795   802   800  2110
 3971    1611  1632  1850  1937
 3972    1764   916  1912  2111
 3973    1699  1710  1760  1778
 3974     673   792   674  1966
 3975    1274  1362  1363  1975
 3976     760   769   834  1918
 3977     466   463  2195   468
 3978     665   694  1956  2010
 3979    1611  1606  1613  1837
 3980    1313  1319  1889  1317
 3981    1314  1309  1923  2114
 3982     429   427  1867  2167
 3983    1543  1571   536  2139
 3984    1765  1761  1798  1846
 3985    1796  1694  1832  2163
 3986    1622  1660  1721  1742
 3987     326   322   281  2155
 3988     384  1846  2037  2121
 3989    1659  1650  1938  2153
 3990     507  1580   508  1999
 3991    1296  1393  1282  2142
 3992    1171  1169  1170  1872
 3993     937   934  1884  1967
 3994     180   181   182  1783
 3995     177   183   178  1783
 3996    1594   200  1599  2124
 3997     693   767   684  1952
 3998     627   630   713  1901
 3999    1437  1426  1850  2078
 4000    1669  1628  1743  1894
 4001     510  1770  1813  1822
 4002    1656  1666  1714  1962
 4003      31    30  1682  1937
 4004     450  1805  1855  2033
 4005    1294  1293  1624  1893
 4006    1917  1974  2031  2096
 4007    1621  1645  1667  1676
 4008    1663  1626  1695  1700
 4009     709   708  1827  2153
 4010    1676  1689  1774  1911
 4011     740   739  1962  2073
 4012     450   464  1805  2033
 4013     881   880   885  1998
 4014     533   525  1942  1983
 4015      73   395   868  2006
 4016    1731  1662  1776  1960
 4017    1632  1751  1850  1937
 4018    1702  2040  2057  2135
 4019     910   870   871  2042
 4020    1511  1915  2046  2168
 4021       9  1398     7  1993
 4022    1666  1715  2132  2149
 4023    1702  1650  1740  1825
 4024    1377  1385  1387  1871
 4025    1614  1804  1812  2035
 4026     100  1486   154  2107
 4027    1385  1377  1376  2141
 4028     960  1683  2140  2204
 4029    1439  1440  1433  1812
 4030    1614  1622  1704  1742
 4031     904  1732  1840  1851
 4032    1145  1138  1996  2011
 4033    1663  1672  1753  1803
 4034     876   879   877  1756
 4035    1746  1330  2038  2089
 4036     763   762   760  1870
 4037     673   774   855  1966
 4038    1124  1121  1853  2108
 4039     586   585  1991  2197
 4040     314   312  1717  2201
 4041     164   180   176  1783
 4042    1117  1699  1863  1919
 4043    1699  1801  1863  1919
 4044    1188  1164  2085  1165
 4045    1284  1508  1973  2123
 4046    1367  1364  1929  2157
 4047     214   208   207  1987
 4048     677   682   684  1712
 4049    1132  1214  1131  1778
 4050     322   282   281  2155
 4051    1631  1621  1638  1701
 4052    1833  1750  1964  1988
 4053     212   211   213  1979
 4054    1718  1738  1977  2164
 4055    1841  1707  1939  2058
 4056    1028  1030  1021  2077
 4057    1124  1134  1194  1853
 4058     741   724   726  2072
 4059    1118  1116  1119  1778
 4060     962  1037  1034  2090
 4061     655   660  1545  2045
 4062    1814  1835  2143  2167
 4063    1797  1780  1831  2019
 4064     537   594   536  2139
 4065     328   259  1795  2163
 4066      54    65    64  1955
 4067     697   696   698  2122
 4068     362   299   297  1767
 4069    1623  1630  1649  1693
 4070    1298  1254  1927  1963
 4071    1049  1050  1789  2146
 4072    1129  1131  1984  1996
 4073    1102  1103  2032  2120
 4074    1607  1609  1614  1622
 4075    1726  1612  1821  2086
 4076    1295  1296  1278  1893
 4077    1845  1862  2065  2090
 4078    1421  1850  1978  2078
 4079    2081   400  2137  2200
 4080    1313  1314  1312  1923
 4081    1626  1628  1700  1743
 4082      72   396  1692  1897
 4083     647   511   514  1822
 4084     402   400   401  2081
 4085     760  1671  1673  1918
 4086     901   902  1898  1943
 4087    1653  1620  1694  1720
 4088    1326  1723  1759  1872
 4089    1510  1541  1781  1951
 4090    1596   703  1722  1958
 4091    1911  1676  1917  2031
 4092     385  1799  1846  2121
 4093     944   940  2105  2166
 4094    1631  1724  1917  2110
 4095     569   568  2060  1452
 4096    1240  1243  1873  1945
 4097     755   766   765  2162
 4098    1948  1447  2136  2146
 4099    1232  1785  1836  1909
 4100    1095  1120  1092  2022
 4101      43    44  1751  1790
 4102     771   698  1768  1947
 4103     110   107   106  1896
 4104      29    28  1937  2115
 4105     857   858  1668  1966
 4106    1652  1002  2030  2042
 4107    1386  1350  1920  2147
 4108     976  1564   975  1758
 4109    1653  1648  1663  1672
 4110       6  1391  1733  1790
 4111    1632  1611  1850  1978
 4112     729  1458   731  1951
 4113    1681  1709  1770  1832
 4114     659   651  1894  2020
 4115     848   870   869  1792
 4116    1701  1639  1735  1939
 4117    1610  1719  1744  1752
 4118    1078  1052  2014  2023
 4119     417  1504   424  2143
 4120      59    62  1809  1985
 4121    1498   310  2087  2201
 4122     337   336  2137   344
 4123     273   278   268  2056
 4124     820   823  2169  1513
 4125      95   135    19  1828
 4126    1612  1705  1896  2113
 4127    1228  1259  1253  1963
 4128     378   439   377  1765
 4129     128  1475  2066  2076
 4130     463  1777  1949  1972
 4131    1140  1147  1141  1719
 4132    1610  1687  1719  1727
 4133    1719  1802  1968  2134
 4134    1382    64  1895  2068
 4135      72  1692  1807  1897
 4136     312   314  2087  2201
 4137     533   458   531  1972
 4138     989   990   986  2059
 4139    1308  1745  1973  1980
 4140    1305  1309  1745  1923
 4141     944   945   972  2105
 4142     410   475  2046  2051
 4143    1946   335  2161  2172
 4144     206   203  1691  2198
 4145    1622  1711  1747  1783
 4146     762   757   761  1950
 4147    1279  1274  1929  1975
 4148    1541  1506  1781  1951
 4149     158   163   161  1821
 4150    1718  1663  1738  1922
 4151    1218  1197  1198  1802
 4152     753   754  1811  1905
 4153     715   777  1679  1881
 4154     764   648   688  1875
 4155     489   495  1954  2036
 4156    1283  1389  1278  1989
 4157     676   663  1956  1461
 4158    1090  1023  1022  1859
 4159    1701  1735  1839  1939
 4160     767   769  1673  1952
 4161     910   842  1729  2042
 4162    1885  1508  1973  2186
 4163    1152  1293  1201  2008
 4164    1622  1614  1660  1742
 4165     510   499   500  1770
 4166     792   793   704  2009
 4167    1610  1752  1773  2005
 4168    1050  1047  1948  2146
 4169    1702  1816  2057  2097
 4170    1543  1806  1983  2139
 4171    1672  1648  1738  1805
 4172     259   261  1795  1507
 4173    1543   533   534  1983
 4174      98   103  1794  2107
 4175    1713  1663  1741  2051
 4176     285   294   432  1890
 4177     738   737   736  1782
 4178    1612  1627  1751  1990
 4179    1313  1383  1384  1889
 4180      36    34  1723  2019
 4181     492  1814  1933  2081
 4182    1038  1041  1037  2065
 4183     579   572  1899  2097
 4184    1704  1993  2026  2191
 4185    1713  1741  1787  1856
 4186    1633  1623  1647  1779
 4187     846   845   995  1769
 4188     307   306  1775  1957
 4189      87  1326  1723  1759
 4190    1643  1607  1698  1780
 4191     115   117  2086  2203
 4192     825   898  2000  2054
 4193    1796   404  1832  1953
 4194    1856  1787  1876  1928
 4195     867   946  1786  2006
 4196      80    79    85  2174
 4197    1087  1089  1800  1883
 4198    2111  1774  2152  2185
 4199    1786  1007   947  1048
 4200    1283  1389  1989  2142
 4201     857  1668  1940  1966
 4202    1268  1210  1919  1191
 4203    1629   126   139  2179
 4204     683   692  1843  2151
 4205    1620  1606  1639  1701
 4206    1063  1379  1879  2126
 4207    1451  1371  1696  1852
 4208     541   544   543  1977
 4209     258   252  1791  1908
 4210    1700  1741  1874  2036
 4211    1635  1685  1868  2181
 4212     630   629  1659  1901
 4213     686   780  1766  1484
 4214    1739  1354  1920  2147
 4215    2033  1922  2046  2103
 4216     814   859  2003  2031
 4217     670   628  1901  2063
 4218     923  1006  1007  1860
 4219    1020  1018  1680  1859
 4220     685   691  1558  1997
 4221     246   322  1658  1888
 4222     454  1672  2121  2168
 4223     468   540  1949  2195
 4224    1396  1394  1733  2142
 4225     890  1911  1986  2185
 4226    1394  1396  1733  1955
 4227      44    50  1790  1476
 4228    1309  1314  1374  2114
 4229    1774  1995  2111  2152
 4230    1696  1371  1818  2114
 4231     540   467  2033  2195
 4232    1028  1021  1680  2077
 4233    1147  1140  1138  2095
 4234     501  1516   588  1916
 4235     521   520   524  1942
 4236      99    96  1794  1828
 4237    1399  1402  1812  2035
 4238    1461   655  2045  2150
 4239     935   934  1756  1884
 4240    1752  1674  1773  1815
 4241    1328  1263  1746  2119
 4242    1247  1248  1810  1854
 4243     413   409  1784  1876
 4244     923   924  1860  1943
 4245    1618  1836  1885  1927
 4246    1075  1077  1882  2023
 4247     170   169  1726  2086
 4248    1610  1687  1727  1730
 4249     986  1466  2059  2199
 4250    1667  1671  2001  2012
 4251     213   207  1979  1987
 4252     157   162   176  1783
 4253    1624  1649  1693  1940
 4254    1606  1612  1617  1619
 4255    1027  1028  1647  2077
 4256     587   586   585  1991
 4257      46    48    49  2028
 4258     810  2182   821  2001
 4259     296   301  1877  2131
 4260      21  1356  1642  2115
 4261     322   198  1888   187
 4262    1816   558  1906  2057
 4263     537  1570  1934  2145
 4264     141  2029  2086  2125
 4265     989  1028   990  2059
 4266     757   759   750  1870
 4267     155   101  1964  1988
 4268    1802  1719  1968  2123
 4269    1683  1664  1730  1959
 4270    1756   935  1884  1974
 4271    1693  1649  1779  2004
 4272    1252  1331  1849  1903
 4273     725   634   728  1781
 4274    1689  1911  1917  1974
 4275     124     4   127  2066
 4276    1685  1664  1862  2065
 4277    1688  1684  1788  2150
 4278     962   961   966  1845
 4279    1696  1614  1704  1852
 4280     117   108   109  2086
 4281    1610  1621  1638  1664
 4282    1403  1382  1895  2126
 4283       4  1526  2018  2028
 4284    1313  1317  1889  1923
 4285     112   111  1643  2028
 4286     717   778   777  1881
 4287    1391    41  1632  1790
 4288    1856   488  1969  2071
 4289     617   618   570  2097
 4290     964   963   954  1940
 4291    1871  1313  1923  2114
 4292     622   582  2091  2171
 4293     166   165  2129  2158
 4294     293   276  1755  1890
 4295    1766  1484  1981  1997
 4296     999  1647  1769  2004
 4297    1761  1720  1798  2025
 4298    1671  1870  2012  2118
 4299     291  1525  1925  2187
 4300     503   498   428  2075
 4301      48    46  2018  2028
 4302    1781   638  2067  2104
 4303     226   279   227  2101
 4304    1090  1094  1092  2022
 4305     214  1941  1987  2083
 4306    1624  1879  1940  2008
 4307     825  2000  2102  2118
 4308     598   602  1939  2058
 4309      95    97   135  1828
 4310      71    20  1926  2026
 4311    1028  1020   988  1680
 4312    1608  1620  1681  1701
 4313    1484  1565  1558  1981
 4314    1306  1305  1309  1745
 4315     559   549  2041  2164
 4316    1996  1145  1139  1138
 4317     157   156  1964  1988
 4318     331   347   333  2109
 4319    1145  1730  2011  2120
 4320     502   428   430  2075
 4321     780   686  1766   766
 4322    1979  1833  2098  2101
 4323     154  1749  2107  2174
 4324     124   127   123  2066
 4325    1684  1637  1768  1947
 4326    1690  1621  1819  1995
 4327    1305  1291  1308  1745
 4328      28    29    31  2115
 4329    1416  1644    23    22
 4330     299   362   363  2044
 4331     932   930  1967  2106
 4332    1770  1757  1824  1834
 4333     151  1828  1988  2098
 4334    1751  1627  1790  1990
 4335     542  1949  2074  2164
 4336    1263  1261  1262  1903
 4337     428   502   503  2075
 4338     404   403   420  1796
 4339     315   229  1747  1957
 4340     517   515   516  1866
 4341    1197  1132  1802  1858
 4342    1846  1761  2037  2121
 4343     493  1499  2081  2200
 4344     261   259  1795   263
 4345    1647  1623  1649  1779
 4346    1753  1713  1784  1915
 4347    1141  1140  1719  1802
 4348    1979  1721  1987  2024
 4349    1800  1633  1859  1883
 4350    1131  1132  1778  1858
 4351     786  1596  1722  1958
 4352    1382    69  2068  2126
 4353    1700  1702  1740  2027
 4354     332   349   340  1709
 4355     547   545   546  2074
 4356     653   622   651  2020
 4357     537  1934  2139  2145
 4358    1028  1647  1680  2059
 4359    1600  1455  1854  2127
 4360    1699  1687  1802  1885
 4361     514   516   600  1866
 4362    1618  1697  1734  1889
 4363     356   375   403  1824
 4364    1645  1671  2012  2118
 4365      31    29  1937  2115
 4366     308   304  2025  1492
 4367    1616  1607  1661  1973
 4368     243   246   256  2130
 4369    1291  1745  1930  1973
 4370     841   840   839  2064
 4371    1548   485  1876  1969
 4372    1308  1300  1980  2186
 4373     271   214   270  1748
 4374    1608  1638  1701  1943
 4375     350   404   351  1832
 4376     899  1732  1912  2054
 4377    1695  1814  1933  2075
 4378     156   152   155  1988
 4379    1681  1709  1900  1965
 4380    1954  1787  2036  2197
 4381     913   916  2111   914
 4382      96    98    99  1794
 4383     589   659   651  1894
 4384     705   694   669  2122
 4385     339  1454  1931  1946
 4386     896   923  1860  1898
 4387    1664  1635  1685  1862
 4388     688  1584   687  1997
 4389     439   438   442  1805
 4390      32    90  1682  1937
 4391     234   237   181  2080
 4392    1043  1065  1685  2065
 4393     364   366   363  2133
 4394    1689  1756  1884  1974
 4395    1677    54  1955  2160
 4396    1551  1375  1562  1818
 4397    1283  1395  1390  2142
 4398     934   929  2106   930
 4399      75  1063  1879  1971
 4400     264   194  1941  2083
 4401     711   715  2153  1463
 4402      84   100    86  2107
 4403    1856  1787  1928  2036
 4404     797   798  1722  2110
 4405    1615  1621  1690  1995
 4406     341   337   250  2161
 4407    1653  1757  1765  1824
 4408    1694  1795  1823  2083
 4409    1889  1697  1923  2094
 4410     322   282  1716  2170
 4411     408   411  1583  2052
 4412     158   159   104  1896
 4413    1623  1647  1649  1851
 4414    1296  1282  1893  2142
 4415    1238  1231  1759  1807
 4416    1039   971  1690   968
 4417      87    73  1238  1807
 4418    1891   831  1994  2042
 4419    1721  1660  1941  2024
 4420    1757  1777  1805  1826
 4421    1290  1289  2186  1508
 4422     743  1715  1793  2073
 4423    1684  1669  1904  1956
 4424    2051  1876  2052  2071
 4425    1607  1620  1622  1643
 4426    1698  1607  1723  1780
 4427    1438  1365  1440  1812
 4428     527   675   674  1771
 4429    2000   889  2102  2185
 4430    1670  1651  1810  1945
 4431    1614  1616  1754  1812
 4432     961  1572  1845  2090
 4433    1614  1643  1660  1985
 4434     993   909   910  2042
 4435     496  1566  1518  1928
 4436    1891   831  1943  1994
 4437    1917   859  2003  2202
 4438     620  1514  2040  2196
 4439    2070  1744  1968  1892
 4440     693   772   767  1952
 4441    1013  1015  1012  1960
 4442      27   165   166  2158
 4443    1688   678  1712  2151
 4444     173   189  1657  1887
 4445     530   527   664  1913
 4446    1469  1916  1913  1935
 4447     162   157   156  1964
 4448     312   315  1717  2201
 4449     608   625   606  2063
 4450    1701  1729  1864  1891
 4451     936   933  2166   938
 4452     757   762  1870  1950
 4453    1771   446  1708   527
 4454    1258  1237  1601  2119
 4455    1889  1316  1927  2094
 4456    1906  1977  2015  2189
 4457      66    60    16  1865
 4458    1336  1335  1338  1982
 4459    1255  1256  1932  1963
 4460     318   319   345  2163
 4461     971   973  1690  2165
 4462    1516   588  1916  1935
 4463    1697  1696  1734  1923
 4464     299   298   300  1767
 4465     322   323  1908  2155
 4466     452   406   407  1915
 4467    1704  1614  1742  1809
 4468    1766  1735  1811  1839
 4469     131  1594  2179  2190
 4470    1583  1590   408  2052
 4471      59    61    10  1809
 4472    1228  1253  1227  1963
 4473     148   149   147  2098
 4474    1784   413  1876  1933
 4475     419   505  2043  2159
 4476     825   887   824  2102
 4477    1616  1696  1697  1745
 4478    1218  1219  1802  2123
 4479    1686  1681  1709  1897
 4480     825   830   898  2118
 4481    2062  2012  2093  2169
 4482     540   542  1949  2074
 4483    1191  1192  1170  1801
 4484    1698  1723  1759  1807
 4485     114   113   116  1990
 4486    1608  1610  1638  1687
 4487    1781  1666  1825  1951
 4488    1669  1771  1966  2148
 4489      89  1725  1807  2116
 4490     309  1717  1775  1957
 4491    1239  1326  1759  1872
 4492    1140  1719  1802  1984
 4493     813   810  2093  2156
 4494    1662   975  1758  1789
 4495    1190  1188  1829  2002
 4496    1105   952   955  1878
 4497     633   720  2104   719
 4498    1664  1638  1687  1710
 4499    1221  1225  1298  2048
 4500    1032  1102  2032  2204
 4501     504   377  1757  1824
 4502    1197  1141  1802  1996
 4503     483   499   510  1770
 4504    1799  1672  1803  2121
 4505     884  1884  1998  2105
 4506    1645   904  1671  2054
 4507     178   183   224  1711
 4508     115   116  1990  2113
 4509     885   883   882  1911
 4510    1990  1902  2160  2203
 4511     383   384  2037  2121
 4512    1223  1909  2002  2088
 4513     352   329   355  1823
 4514     808   815   814  2031
 4515    1639  1631  1650  1707
 4516    1267  1192  1268  1919
 4517    1736  1847  1939  2058
 4518    1977   543  2041  2164
 4519    1394  1395  1393  2142
 4520    1215  1214  1132  1858
 4521      44    45  1751  1790
 4522    1129  1131  1869  1984
 4523     525   597  1942  1983
 4524    1419  1420    34  2019
 4525     501   588   503  2075
 4526     164   163  1726  1821
 4527    1617  1624  1895  2068
 4528    1799   438  1805  1855
 4529     418  1814  2081  2143
 4530    1632  1391  1733  2078
 4531     470   469  2033  2046
 4532     854   873   853  2117
 4533    1911   817  1986  2031
 4534      16    10    15  1993
 4535     146   220  1979  2017
 4536      43  1423  1850  1937
 4537     677   683   682  2151
 4538     152   101   155  1988
 4539     111  1643  2028  2053
 4540    1034  1588   961  2090
 4541    1216  1209  1214  1858
 4542    1373  1403  1393  2142
 4543    1886  1078  2014  2023
 4544     803   804   805  1793
 4545    1395  1396  1733  2142
 4546     979   922  1634  1662
 4547    1041  1685  1862  2065
 4548    1633  1623  1651  1737
 4549      34    36  1419  2019
 4550     708  1722   796  1827
 4551    1865  1742  1914  1985
 4552    1613  1670  1810  1837
 4553    1613  1606  1651  1670
 4554     624   584  2171  2178
 4555    1738  1718  2074  2164
 4556    1196  1194  1195  2079
 4557     629  1659  2063  2067
 4558    1397    53  1627  1955
 4559     566   577   745  1905
 4560    1666  1782  1951  2149
 4561    1506  1541  1522  2149
 4562    1173  1208  1553  2070
 4563    1492   308  1605  1775
 4564    1596  1479  1958  1981
 4565    1633  1859  1883  2022
 4566     177   157  1783  1988
 4567    1318  1323  1889  1932
 4568    1722   786  1958  1981
 4569     767   761   768  1673
 4570     630   720  1938  2104
 4571     804  1597  1598  2073
 4572    1681  1692  1900  1976
 4573    1904  1913  1916  2010
 4574     501   518  1935  1469
 4575    1941   207  1987  2024
 4576    1650  1707  1827  2153
 4577    1035  1037  1862  2090
 4578     493  1928  1518  1933
 4579    1052  1447  2014  2136
 4580     762   761  1673  1950
 4581    1718  1678  1816  1977
 4582       4   124  2028  2066
 4583     872   934  1552  2106
 4584    1717   317  2087  2172
 4585    1653  1672  1799  1805
 4586    1855   438   442   441
 4587    1639  1630  1621  1606
 4588     638   640   639  2040
 4589     477   471   475  2103
 4590    1084  1055  1800  2014
 4591    1500   534   531  2145
 4592     628  1489   626  2063
 4593     148   151  1988  2098
 4594    1264  1246  1762  1873
 4595     713   672  1901  1961
 4596    1626  1658  1665  1695
 4597     293   432   294  1890
 4598      80    85    84  2174
 4599     591   660   659  1904
 4600    1609  1618  1697  1734
 4601    1108  1107  1109  1910
 4602     428   492   417  2143
 4603    1553  1592  1538  2070
 4604      63  1404  1895  1955
 4605    1662  1634  1758  1764
 4606    1694  1686  1832  2163
 4607    1021  1022  1680  2077
 4608     683   695   693  1843
 4609    1242  1241  1873  2088
 4610    1741  1700  1787  1856
 4611     308  1605  1775  2201
 4612     788   789  1722  1864
 4613    1750  1749  1794  1964
 4614    1643  1698  1848  1921
 4615    1857   982  1860  2016
 4616     308   307   306  1775
 4617    1116  1119  1778  2016
 4618     250   317  1791  2172
 4619    2015  1591  2039  2189
 4620    1639  1626  1663  1700
 4621    1006   980   982  1857
 4622    1742  1828  1926  2026
 4623    1670  1810  1910  1945
 4624    1207  1208  1173  1892
 4625     384   367   369  2037
 4626    1651  1737  1880  2205
 4627    1606  1610  1621  1638
 4628     154  1749  1964  2107
 4629     597  1806  1942  1983
 4630    1853  1670  2055  2108
 4631    1510  1506   728  1781
 4632     954   963  1142  1940
 4633     241   232  1848  2109
 4634      90    79    32  1682
 4635    1689  1911  1974  1998
 4636    1063  1879  1971  2126
 4637    1185  1171  1170  1872
 4638     931   932  1944  2106
 4639    1391  1437  1392  2078
 4640    1716  1658  1890  2155
 4641     617   570  1530  2097
 4642       7    13    12  1993
 4643    1615  1610  1640  1635
 4644      28  1418  1423  1850
 4645    1706  1405  1818  1852
 4646    1738  1777  1806  1934
 4647     414   340   349  1709
 4648      38    40    39  1921
 4649    1875   689  1939  2173
 4650     558   612   609  2057
 4651     491   496  1928  1566
 4652    1618  1610  1697  1885
 4653    1705   107  1896  2113
 4654     297   300   296  2131
 4655    1344  1346  1817  1978
 4656    1023  1091  1859  2022
 4657    1985   128  2066  2076
 4658    1626  1695  1700  1787
 4659    1763  2067  1702  2135
 4660     589   587   592  1991
 4661    1177  1175  1844  1892
 4662    1753  1703  1803  1830
 4663    1620  1681  1796  1832
 4664    1126  1136  1869  1959
 4665    1626  1628  1669  1913
 4666    1560   127  1593  2066
 4667    1294  1373  1393  2142
 4668     278   307  1877  1957
 4669    1374  1561  1818  2114
 4670     946   948  1786  1898
 4671    1277  1389  1304  1989
 4672     304   308  2025   305
 4673      87    88    73  1807
 4674     859  1917  2003  2031
 4675     647   649  1808  1847
 4676    2012  2062  2102  2169
 4677    1344  1345  1346  1978
 4678     139   197  2112  2179
 4679     566   577  1692  1976
 4680    1684  1669  1743  1894
 4681    1287  1271  2128  2138
 4682    1755  1626  1971  2084
 4683     734   736   756  1782
 4684      71    20    81  1926
 4685    1904  1669  1913  2010
 4686     920   922   975  1764
 4687     137   135   150  1828
 4688     960  1460  1034  1862
 4689     322  1716  1888  2170
 4690     881   818   880  1974
 4691    2009   694  2010  2122
 4692    1522  1541   731  1951
 4693     154   162  1964   160
 4694     574   482  1524  2050
 4695     345   348   318  1832
 4696     309   306  1775  2201
 4697     678   677  1712  2151
 4698    1777  1934  1949  1972
 4699     441   436  1846   437
 4700    1870   827  2012  2118
 4701     280   226  1957  2056
 4702     760   762  1673  1870
 4703     968   944   972  1970
 4704    1175  1174  1844  1892
 4705    1635  1610  1674  1773
 4706    1317  1889  1923  2094
 4707    1730  1145  2011  2204
 4708    1353  1414  1920  2115
 4709     140   242   171  2029
 4710     404   421   422  1953
 4711     388   443   387  2084
 4712     453   447   392  2121
 4713    1774  2000  2102  2185
 4714    1782   734  1951  2149
 4715     926  1001  1003  2030
 4716     621   640  2040  1495
 4717    1078  1052  1079  2014
 4718    1041  1471  1056  2140
 4719    1749  1750  1821  1964
 4720    1627  1619  1632  1733
 4721     789  1722  1864  1981
 4722    1772  1694  1823  2083
 4723    2053  1985  2066  2076
 4724    1642  1353  1920  2115
 4725    1638  1652  1710  1959
 4726     106   110  1896  2113
 4727    1820   353  1835  1908
 4728    1248  1810  1854  1945
 4729    1835  1658  1908  2155
 4730     231    72  1807  1897
 4731    1144  1138  2011  2095
 4732    1352  1333  1625  2013
 4733    1615  1685  2049  2065
 4734    1724  1756  2096  2117
 4735     376   298   378  1765
 4736     388    77  1668  1971
 4737    1890   284  2155  2167
 4738     408   409   411  2052
 4739     819   815   817  2031
 4740    1881  1679  1962  2188
 4741    1949  1934  1977  2100
 4742    1024  1136  1025  1959
 4743    1630  1621  1667  1676
 4744    1752  1674  1815  2002
 4745     726   725  1781  2072
 4746    1477  1332  2013  2175
 4747    1643  1654  1780  1924
 4748    1611  1705  1751  1937
 4749    1626  1617  1755  1971
 4750    1348  1266  1797  1842
 4751    1597   739  2073  2188
 4752    1795  1655  1823  2163
 4753    1608  1607  1620  1701
 4754    1406  1405  1706  1852
 4755     594   537  1934  2139
 4756     885   890  1911   819
 4757    1348  1349  1360  1797
 4758    1626  1630  1668  1669
 4759     599  1847  1939  2173
 4760     519   591  1904  2045
 4761    1606  1607  1608  1701
 4762     133    93    94  2068
 4763    1208  1204  1553  2070
 4764    1000   931  1944  2106
 4765     345  1823  1832  2163
 4766    1268  1335  1267  1982
 4767    1759  1231  1786  2006
 4768    1221  1222  1220  2123
 4769     900   924   923  1943
 4770    1690  1039  1970  2065
 4771     821   812   813  2093
 4772    1487  1577  1961  2061
 4773     878   884  1884  1974
 4774     620   637  2040  1514
 4775    1375  1374  1561  1818
 4776    2005  1149  2011  2095
 4777    1646  1612  1658  1665
 4778     221   224  1711  1936
 4779    1295  1213  1196  2079
 4780     825   828  2118   826
 4781    1534  1577   716  2061
 4782     558   557   556  2039
 4783     944   940   939  2105
 4784      52  1404    63  1955
 4785     135    19  1828  1865
 4786    1690  1970  1995  2166
 4787    1155  1156  1172  2005
 4788     785   784  1637  1768
 4789    1792   872  2106  2117
 4790     761   768  1673  1950
 4791     959   961  1992  1572
 4792     540   472  1922   465
 4793     398   335  1946   372
 4794    1625  1618  1734  1920
 4795     493  1499   401  2081
 4796    1674  1815  2085  2092
 4797    1299  1222  2048  1573
 4798    1760  1710  1857  2016
 4799     775    76  1668  1971
 4800     582  2091  2171  2178
 4801     533   524   458  1972
 4802     181   183   182  1783
 4803    1604  1521  2170  2183
 4804     251   250   249  1791
 4805     323   324   342  1908
 4806    1014  1055  1776  1800
 4807     838   788   790  1864
 4808     401   417   418  2143
 4809    1837  1340  1849  1978
 4810    1819   967  1845  1970
 4811    1427  1361  1363  1975
 4812     315   309  1717  2201
 4813    1447  1462  2136  2146
 4814    1260  1263  1328  2119
 4815    1019  1011  1731  1960
 4816     444   435   433  1708
 4817    1384  1387  1871  2147
 4818     251   341   250  1791
 4819    1786  1608  1860  1872
 4820    1499   402  2081  2200
 4821     971   968   972  1690
 4822    1723    36  2019  2193
 4823    1416    22  1411  1644
 4824    1432  1433    46  2018
 4825     327   325  1835  2155
 4826    1768   706  2009  2122
 4827    1450  1053  1536  2146
 4828    1610  1719  1752  2005
 4829    1438  1440  1439  1812
 4830     831   900  1943  1994
 4831    1049  1527  1051  2146
 4832     194   264   265  2083
 4833    1230  1183  1184  1872
 4834     657   598  1939  2173
 4835    1050  1049  1051  2146
 4836     140   141  2029  2086
 4837    1634  1623  1645  1732
 4838    1742  1721  1833  2017
 4839    1609  1625  1734  1920
 4840    1922  1672  2033  2046
 4841    1928  1787  1933  2075
 4842    1761  1803  2037  2121
 4843    1774  1911  1998  2185
 4844    1933   493  2081  2200
 4845      37    27    26  2116
 4846    1644  1682  1937  2115
 4847     391   383   390  2121
 4848    1078  1079  1886  2014
 4849     560   561   549  2041
 4850     875   876  1756  2096
 4851    1484  1558   781  1981
 4852      15    10    12  1993
 4853     195  1675  1691  1941
 4854    1387  1388  1871  2147
 4855     764   642  1808  1811
 4856     458   524   520  1972
 4857     184  1657  1675  2163
 4858    1308  1290  1300  2186
 4859     382   276   277  1755
 4860     184  1657  1838  1887
 4861    1204  1208  1220  2070
 4862     952   999   953  2004
 4863    1736  1707  1841  2058
 4864    1725    37  2116  2158
 4865     780   765   766  2162
 4866    1427  1812  1831  1975
 4867     710   709   708  1827
 4868    1685  1042  1868  2181
 4869    1666  1870  1950  2132
 4870    1753  1830  1915  1931
 4871     576   573   641  1808
 4872     924  1857  1860  1943
 4873    1736  1813  1822  1847
 4874    1719  1744  1968  2123
 4875     103   102  1964  2107
 4876     958  1001  1000  2030
 4877    2027   619  2097  2196
 4878      78  1063  1971  2126
 4879     696   706  1768  2122
 4880     252   258  1791  2130
 4881     414   348   351  1832
 4882     812   809   813  2156
 4883     619  2027  2097  2178
 4884     879   881   878  1974
 4885    1606  1623  1670  1693
 4886    1748  1641  1987  2056
 4887     310   312  2087  2201
 4888    1629  1716  1728  2112
 4889     305   303  1877  2044
 4890     481   574   332  1709
 4891     491   488  1969  1457
 4892     748   749  2182  1446
 4893    1611  1612  1619  1632
 4894    1695  1665  1703  1820
 4895     989   997  2059  1464
 4896     266   265   264  2083
 4897    1665  1663  1695  1713
 4898     198   201  1604  2112
 4899    1661  1274  1797  1975
 4900    1787  1628  2075  2197
 4901     156  1488   162  1964
 4902     596  1906  2015  2039
 4903    1130  1128  1126  1869
 4904    1241  1182  1829  2088
 4905     639   640   637  2040
 4906    1830  1703  2021  2172
 4907    1758   913  2111  2165
 4908    1130  1136  1129  1869
 4909     156   155  1488  1964
 4910    1162  1188  1160  1815
 4911    1613  1752  1829  2002
 4912     552   553   482  2050
 4913    1785  1236  1873  2088
 4914     344   400   336  2137
 4915     272  1772  2056  2131
 4916      31    21    28  2115
 4917     689  1505  1939  2154
 4918    1607  1616  1661  1754
 4919    1028   998  1647   989
 4920    1027   998  1647  1028
 4921    1610  1618  1744  1885
 4922    1607  1608  1698  1801
 4923     396  1692  1897  1976
 4924     935   878  1884  1974
 4925    1995  2111  2152  2165
 4926    1056  1567   960  2140
 4927    1416  1411  1415  2115
 4928     516   513  1813  1822
 4929     849   869  1729  2117
 4930     592   588  1916  1991
 4931     262   286   328  1823
 4932    1759  1692  1807  2006
 4933     261   262  1795  2083
 4934    1702  1678  1763  1816
 4935    1667  1656  1870  1950
 4936     710   709  1827  2154
 4937    1379  1293  1624  2126
 4938    1816  1718  1977  2041
 4939    1027  1029  1030  2077
 4940     358   325   284  2155
 4941    1651  2085  2184  2205
 4942     492   428   494  2075
 4943    1395  1733  2078  2142
 4944     913   943  2152  2165
 4945     591   592   593  1894
 4946     387   275  1971  2084
 4947    1255  1256  1315  1932
 4948    1728  1677  2179  2190
 4949    1275  1278  1276  1893
 4950    1390  1395  2078  2142
 4951     319   184   253  1838
 4952       3    57     1  2035
 4953    1849  1331  1854  1903
 4954      16    19  1865  2026
 4955     438   439  1653  1805
 4956      42    43  1751  1937
 4957     494  1928   493   492
 4958     461   462  1826  2195
 4959     486   485   488  1969
 4960    1010   975  1662  1527
 4961    1828  1833  1964  1988
 4962     551   560  1874  2060
 4963    1728  1617  1755  1890
 4964     577   576   641  1808
 4965     145   130   136  1914
 4966      45    50   114  1790
 4967    1648  1653  1663  1720
 4968    1750  1794  1828  1964
 4969    1696  1609  1697  1734
 4970    1146  1148  1150  2095
 4971     991   981   993  1994
 4972    1676  1656  1679  1793
 4973    1656  1715  1793  2156
 4974     133   132    64  2068
 4975    1804  1616  1929  1930
 4976    1376  1378  1818  2141
 4977     275  1755  1971  2084
 4978     929   934  2106  1552
 4979    1371  1398  1852  1451
 4980      79    31    30  1682
 4981    1696  1401  1804  1852
 4982     937   935   936  1884
 4983    1706  1406  1852  2191
 4984    1760  1778  2016  2194
 4985     618   621   616  2040
 4986    1720  1641  1748  2056
 4987    1121  1125  1112  2108
 4988    1736  1777  1942  1983
 4989     272   267  1748  1772
 4990     360   361   298  1765
 4991     618   617   621  2097
 4992    1147  1141  1719  2134
 4993    1136  1129  1869  2120
 4994     488  2036   580  2071
 4995    1352  1468  2013  2089
 4996     597  1543  1806  1983
 4997    1324  1320  1321  2089
 4998    1607  1606  1609  1622
 4999    1408  1354  1410  1739
 5000     654   735  1788  2047
 5001    1628  1700  1743  1787
 5002    1877  1798  1767  1720
 5003     755   765   901  2162
 5004     131    64   132  1677
 5005     292   300  1767  1925
 5006     946   948   947  1786
 5007     322   246  1658  1908
 5008      24    37  2116  2180
 5009     793  1637  1768  2009
 5010     120   141  2086  2125
 5011     436   441  1846  1444
 5012     131   132   134  1677
 5013    1408  1388  1739  2147
 5014     784   850   995  2069
 5015     519  1913  1916  1935
 5016    1556  1136  1959  2032
 5017     254   253   184  1675
 5018    1724  1756  1917  2096
 5019    1251  1112  2055  1520
 5020    1284  1858  1973  2138
 5021    1693  1670  1837  2055
 5022    1230   868   867  1786
 5023     565   576  1976  2192
 5024    1653  1663  1720  1761
 5025    1663  1639  1700  1718
 5026     759   826  2169   827
 5027     804   805  1793  2073
 5028    1649   857  1940  1966
 5029    1733  1619  2078  2142
 5030    1630  1621  1645  1667
 5031    1102  1730  2032  2204
 5032    1072  1045  1046  2049
 5033    1341  1603  1903  1978
 5034     431   528   529  1913
 5035    1623  1633  1651  1670
 5036     982  1115  2194  1494
 5037    1610  1609  1618  1697
 5038     176   180   182  1783
 5039    1629  1646  1888  2029
 5040    1070  1158  1155  2034
 5041    1241  1829  1873  2088
 5042    1788  1684  2020  2150
 5043    1731  1013  1776  1859
 5044    1119  1127  1128  1778
 5045    1330  1746  2013  2089
 5046      11    10  1809  1993
 5047     798   791  1722  1864
 5048    1398     9  1401  1852
 5049    1789  1050  1948  2146
 5050     911  1912  2111  2185
 5051    1202  1101  1693  2079
 5052      44   105  1540  1751
 5053    1467  1819  1845  1944
 5054     901   765   832  2162
 5055     203   142  2024  2076
 5056     987   922  1634  1731
 5057    1741   473  2051  2074
 5058     615   609  1763  2063
 5059    1690  1819  1970  2166
 5060    1811  1701  1898  1905
 5061    1095  1096  1120  2022
 5062    1763  1707  1901  2063
 5063     551   547   473  2074
 5064    1922   540  2033  2195
 5065    1481  1474  1532  2102
 5066     985   908  1466  2082
 5067     889   887  2000  2102
 5068    1127  1116  1114  2016
 5069    1191  1268  1192  1919
 5070     688   689  1875  1578
 5071    1301  1302  1927  1980
 5072    1619  1624  1837  1989
 5073     341  1791  1820  2161
 5074    1620  1639  1648  1681
 5075     833   832   841  2064
 5076    1652  1710  1959  2099
 5077       2    57     4  2018
 5078    1699  1802  1869  1858
 5079    1699  1778  1858  1869
 5080    1632  1619  1837  1989
 5081    1059  1067  1060  1868
 5082    1774  2000  2012  2102
 5083     222   218   179  1936
 5084    1370  1309  1369  1930
 5085     178   177  1783  1936
 5086    1239  1238  1759  1807
 5087     179   224   222  1936
 5088    1847  1736  1942  2058
 5089    1710  1760  1778  2016
 5090     219   218   222  1936
 5091    1300  1299  1483  2186
 5092     218   219  1979  2101
 5093    1623  1615  1640  1662
 5094    1450  1047  1051  2146
 5095      91    33    92  1749
 5096    1362  1364  1363  1975
 5097      69    70  2068  2126
 5098    1694  1653  1765  1824
 5099    1950  1666  2132  2149
 5100     876   879  1756  1974
 5101    1783  1833  1936  1988
 5102    1275  1893  2055  2079
 5103     587   588   592  1991
 5104     542   544  1949  2164
 5105     766   755  1811  2162
 5106     221   222   224  1936
 5107    1674  1635  1773  1880
 5108     496   490  1928  2197
 5109     338   339   398  1946
 5110     262   263   261  1795
 5111    1343  1417  1642  1850
 5112    2062  1532  2102  2169
 5113     179   177   178  1936
 5114    1732  1731  1851  2082
 5115    1017  1114  1494  2016
 5116    1702  1718  1816  1874
 5117    1746  1907  2038  2119
 5118      43  1632  1751  1850
 5119    1979  1833  2017  2098
 5120    1700  1713  1741  1787
 5121    1127  1017  1016  2016
 5122    1644    23  1682  2115
 5123     146   220   211  1979
 5124    1078  1076  1077  1882
 5125     647   649  1847  2173
 5126     556  1816  2039  2189
 5127     915   976  1758  1564
 5128     168   232    27  1848
 5129    1624  1626  1668  1971
 5130    1371  1309  1374  2114
 5131    1167  1569  2184  2205
 5132     740   743  1598  2073
 5133    1414  1739  1920  2115
 5134    1894  1743  2020  2091
 5135    1139  1129  1137  1996
 5136    1206  1155  2005  1149
 5137     744   866   745  1905
 5138    1901  1938  1961  2153
 5139     650   643   641  1808
 5140    1595   342  1820  1908
 5141     922   918   987  2082
 5142    1368  1528  1930  2157
 5143    1537  1586  2037  2133
 5144    1224  1223  1232  1909
 5145    1496  1500   532  1972
 5146     588  1916  1991  2075
 5147    1625  1746  1762  1907
 5148      25    36    24  2180
 5149    1294  1393  1296  1893
 5150    1656  1650  1679  1714
 5151     828   760  1671   763
 5152     872  1756  2106  2117
 5153     731   734  1951  1458
 5154    1699  1687  1710  1778
 5155     211   144  2017  2024
 5156     390   369   389  2021
 5157     819   817  1911  2031
 5158    1425  1424  1422  1850
 5159    1449  1398  1852  1993
 5160    1421  1422  1343  1850
 5161    1100  1098  1878  2144
 5162     741   747  1715  2149
 5163    1074  1065  2023  2181
 5164     144   149   146  2017
 5165    1682    90  1749  1937
 5166    1857   982  2016  2099
 5167    1705  1682  1749  1937
 5168     480   481  1709  1965
 5169    1154  1727  2005  2011
 5170     580   478   479  2071
 5171    1313  1531  1314  2114
 5172      26    27   230  2116
 5173    1041  1685  1868  2140
 5174    1531  1561  1314  2114
 5175    1127  1119  1116  2016
 5176     551  1741   473   550
 5177     786   788   789  1722
 5178    1906  1816  1977  2189
 5179     733   735   736  2047
 5180     835   760   834  1671
 5181     597   536   595  2139
 5182    1353  1356  1414  2115
 5183    1886  1164  2085  2205
 5184     712   794  1722  2153
 5185    1750  1742  1828  1926
 5186    1356  1357  1417  1642
 5187    1569  1110  2184  2205
 5188    1108  1107  1910  2205
 5189     708   711   712  2153
 5190     476  1459  2051  2071
 5191     871   870   848  1792
 5192     144   150   149  2017
 5193      90  1705  1749  1937
 5194     531   533  1972  1983
 5195     843   772  1947  1952
 5196    1323  1324  1351  2089
 5197     743   740  1962  2073
 5198    1885  1980  2048  2186
 5199    1388  1354  1739  2147
 5200    1563  1680  1731  2199
 5201    1624  1617  1971  2068
 5202     791   788  1722  1864
 5203     996   997   846  1851
 5204    1648  1736  1777  1813
 5205     409  1784  1876  2052
 5206    1198  1218  1802  2123
 5207    1948  1052  2014  2136
 5208     844   843   785  1947
 5209    1669  1771  1913  2010
 5210    1229  1227  1836  1963
 5211     910   838   869  1729
 5212     969   967   970  1970
 5213     538   539   535  1949
 5214    1641  1622  1665  1720
 5215      90  1682  1749  2174
 5216     496   491  1928   490
 5217     868   867  1786  2006
 5218    1768  1843  1947  2007
 5219    1979   211  2017  2024
 5220    1244  1854  1945  1248
 5221    1060  1067  1062  1868
 5222     980   981   983  1994
 5223    1719  1687  1744  1802
 5224     943   945  2105  2152
 5225    1635  1615  1664  1685
 5226    1069  1154  1868  2034
 5227    1022  1020  1680  1859
 5228    1724  1689  1756  1967
 5229    1639  1621  1701  1606
 5230    1212  1275  1340  1849
 5231     516  1813   522  1866
 5232    1627   118  1990  2160
 5233    1725  1848  1921  2158
 5234    1815  1752  1844  2005
 5235    1444   441  1799  1855
 5236    1265  1335  1453  1982
 5237    1692  1701  1735  1905
 5238    1701  1631  1722  1864
 5239    1411  1644  1739  2115
 5240    1658  1791  1820  1908
 5241    1808   576  1900  1976
 5242    1210  1270  1269  2128
 5243    1610  1635  1664  1730
 5244     597   607   602  2058
 5245      34  1420  1780  2019
 5246     174    49   112  2028
 5247    1736  1678  1806  1841
 5248    1613  1606  1670  1837
 5249     809   812  2003  2156
 5250    1944  1862  1683  1664
 5251    1178  1180  1179  1844
 5252     372   398  2021  2172
 5253    1616  1614  1696  1852
 5254     580  1452   569  1874
 5255     796   710   708  1827
 5256     473   476  2051   471
 5257     235   236   223  1711
 5258     523   526   601  1942
 5259     652   651   659  2020
 5260     526   524   525  1942
 5261     993   992   991  2042
 5262     571   560   569  2060
 5263     945  1690  2105  2165
 5264     228   227  1711  1957
 5265     574   394  1897  1976
 5266    1378  1451  1818  1852
 5267     231    88    89  1807
 5268     184   320   185  1887
 5269    1396  1394    52  1955
 5270    1623  1615  1634  1995
 5271    1431  1430  1359  1831
 5272    1497  1565  1484  1997
 5273    1467  1490   931  1944
 5274     145   142  1914  2024
 5275    1630  1667  1688  1740
 5276    1483  1299  2048  2186
 5277       6     5  1627  1733
 5278     420   403   375  1834
 5279    1769  1649  1840  2069
 5280     144   212   145  2024
 5281    1090  1094  2022  2077
 5282     114    50   113  1790
 5283    1231  1759  1807  2006
 5284    1761  1653  1799  1846
 5285    1620  1606  1622  1665
 5286      72   395    73  1807
 5287    1362  1279  1929  1975
 5288    1833   153  1988  2098
 5289    1187  1167  2184  1542
 5290    1339  1338  1348  1982
 5291    1387  1384  1383  2147
 5292    1103  1136  1032  2032
 5293     717  1546   718  2061
 5294    1151  1379  1153  1879
 5295     690  1505  1958  1997
 5296     582   578  1954  2178
 5297    1400  1366  1804  1812
 5298     458   459   532  1826
 5299    1070  1157  2034  2092
 5300     972  1690  1970  2105
 5301    1032  1556  1033  2032
 5302    1782  1688  1788  2047
 5303    1634  1615  1758  1995
 5304    1422  1424  1343  1850
 5305    1129  1136  1137  2120
 5306    1765  1694  1824  2187
 5307     740   741  1962   724
 5308    1742  1704  1809  1865
 5309    1971  1624  2068  2126
 5310     546   540  1922  2074
 5311    1251  1212  1849  2055
 5312    1017   982   984  2099
 5313      38   174  1921  1924
 5314    1884  1689  1974  1998
 5315    1627  1619  1955  2160
 5316     375   374  1824  2187
 5317    1640  1737  1776  1800
 5318    1949   544  1977  2164
 5319    1641  1620  1720  1748
 5320    1711   221  1936  2101
 5321    1854  1244  1945  1873
 5322    1737  1670  1883  1910
 5323     691   781  1558  1981
 5324    1495   620  2040  2196
 5325    1285  1284  1973  2138
 5326     312   317   313  2087
 5327     717   778  1881  2188
 5328    1343  1334  1342  1817
 5329    1757  1777  1826  1999
 5330    1609  1606  1611  1622
 5331    1740  1782  1788  1825
 5332     423   424  2143  2167
 5333     252   249   258  2130
 5334     766   686  1766  1811
 5335     977   913   978  2165
 5336     570   613  2057   616
 5337     775   857  1668  1940
 5338    1828   137  1914  2017
 5339     455   475   457  2046
 5340     285   283   202  1890
 5341     683   692   695  1843
 5342    1848    27  2129  2158
 5343     876   864  1974  2096
 5344    1057  1056  2140  1567
 5345     160   154   159  1964
 5346    1190  1241  1182  1829
 5347    1828  1833  1988  2098
 5348    1187  1110  1945  2184
 5349    1849  1810  1854  1861
 5350    1670  1111  1112  1910
 5351    1615  1758  1995  2165
 5352     838   869  1729  1864
 5353    1651  1613  1810  1945
 5354    1426  1437  1632  2078
 5355    1433  1654  1754  2035
 5356    1254  1302  1298  1927
 5357    1862  1845  1944  1992
 5358    1762  1849  1903  1978
 5359     887   888   889  2000
 5360     432   293  1708  1890
 5361     485   487  1548  1876
 5362     673   774  1966  2148
 5363     580   581  1874  2036
 5364     927  1552   929  2106
 5365    1060  1059  1727  2011
 5366     540   539  1949   542
 5367    1655  1660  1691  1941
 5368     720   713   630  1938
 5369    1214  1209  1117  1699
 5370     725   726   724  2072
 5371     832   765  1533  2162
 5372    1406  1407  1852  2191
 5373    1621  1630  1656  1676
 5374    1679  1631  1722  1827
 5375     609   610   608  1906
 5376     551  1741  1874  2074
 5377     924   900   980  1943
 5378     437  1653  1765  1846
 5379    1620  1663  1665  1720
 5380      51   113  1790  1990
 5381    1741   580  1874  2036
 5382    1497   685  1565  1997
 5383    1109  1107  1163  1737
 5384     829   828  1671  2118
 5385     325   358   359  1835
 5386     118     5    53  1627
 5387    1747  1791  1665  2130
 5388     308  2025  1775  1492
 5389    1365  1366  1812  1975
 5390    1550   662  1956  2045
 5391    1849  1810  1861  2055
 5392     499   483   422  1953
 5393     533   531   534  1983
 5394    1183  1230  1048  1786
 5395    1441  1402  1442  2035
 5396     730  1522  1951  2149
 5397     715   711  2153   712
 5398    1606  1620  1639  1663
 5399    1141  1205  1968  2134
 5400     872  1445  1792  2106
 5401     863   862   875  2096
 5402     780  1484   781  1981
 5403    1225  1226  1836  1909
 5404    1797  1863  1919  2128
 5405     913  1472   976  1758
 5406      76  1063  1151  1879
 5407    1266  1797  1919  2128
 5408     235   181   237  2080
 5409    1101  1202  1133  2079
 5410     652   653   651  2020
 5411     194   195   204  1941
 5412    1782  1666  1950  2149
 5413     259   255   260  2176
 5414     833   903   902  1943
 5415    1719  1610  1727  2005
 5416     325   358  1835  2155
 5417    1758  1615  1789  2165
 5418    1807    87  2116  2180
 5419    1190  1182  1181  2002
 5420     957   931  1490  1944
 5421     165    27    39  2158
 5422    1676  1621  1689  1917
 5423     320   173   185  1887
 5424     528   435  1708  1867
 5425    1685  1635  1882  2181
 5426    1456   209  2124  2190
 5427       9     7     8  1993
 5428     860   854   853  2117
 5429     934  1756  1884  1967
 5430    1040  1044  1045  2049
 5431     814   859   808  2003
 5432    2001  1656  2003  2156
 5433     960  1683  1862  2140
 5434     464   440   450  1805
 5435     787   690  1981   691
 5436    1076  1082  1166  1886
 5437    1817  1762  1903  1978
 5438     793  1637  2009  2069
 5439    1777  1934  1972  1983
 5440     693  1712  1843  1952
 5441    1300  1302  1980  2048
 5442      72    73    74  1807
 5443    1869  1129  1996  2120
 5444     195   196  1657  1675
 5445     661   519  2045   591
 5446     917   922  1634  1732
 5447     160   158   161  1821
 5448    1938   723  1961  2072
 5449    1661  1607  1699  1973
 5450    1857  1652  1943  1994
 5451      33    91    90  1749
 5452    1294  1393  1893  2142
 5453     655   659  1904  2020
 5454     535   594  1934  1949
 5455    1621  1645  1676  1774
 5456    1142  1151  1152  2008
 5457     456   392   452  2168
 5458    1933  1931  1713  1784
 5459     300  1767  1925  2131
 5460    1609  1622  1644  1704
 5461    1392  1395  1733  2078
 5462    1001  1031  1959  2030
 5463    1770  1694  1796  1824
 5464     575  1524   553  2192
 5465    1094  2022  2077  2144
 5466     953   999  1769  2004
 5467     676   679   656  2151
 5468     526   525   597  1942
 5469     298   291  1767  2187
 5470    1678  1702  1718  1816
 5471    1651  1613  1670  1810
 5472      61    58    11  1809
 5473    1052  1948  2014  2023
 5474    1808   573  1900  2192
 5475    1654  1614  1754  2035
 5476     302   362   296  1877
 5477     290   300  1925  1480
 5478    1829  1189  1945  2184
 5479     974  1045  1044  1948
 5480    2021  2025  2087  2172
 5481    1665  1658  1791  1820
 5482      73  1231  1807  2006
 5483    1893  1282  1989  2142
 5484    1194  1133  1195  2079
 5485    1608  1681  1692  1701
 5486     697   698   695  2007
 5487    1373  1624  1895  2142
 5488     205   207   208  1941
 5489    1670  1633  1737  1883
 5490    1212  1213  1275  2055
 5491    1200  1295  1202  2079
 5492     943   945  2152  2165
 5493    1879  1151  1940  2008
 5494     891   886  1998  2152
 5495     207   213   215  1987
 5496    1716  1888  2170  2183
 5497    1163  1109  1737  1800
 5498    1411  1644  1706  1739
 5499    1820  1695  2081  2137
 5500    1896   115  2086  2203
 5501    1175  1174  1172  1844
 5502     869   853   848  2117
 5503    1299  1300  1290  2186
 5504    1176  1175  1178  1844
 5505    1547   811  1715  2182
 5506    1508  1286  1973  2186
 5507     963   964   857  1940
 5508     689   602   699  1939
 5509    1175  1172  1180  1844
 5510     963   857   775  1940
 5511     792   704   669  2009
 5512     214   264  1941  2083
 5513     676   677  2151   683
 5514    1772  1795  1823  1925
 5515    1064   963   775  1940
 5516    1178  1223  1176  1844
 5517     652   659   655  2020
 5518    1068  1069  1062  1868
 5519    1533  1470  2064  2162
 5520    1273  1274  1272  1661
 5521    1051  1527  1053  2146
 5522    1469   501  1867  1916
 5523    1358  1419  1339  2019
 5524     720   723  1465  1938
 5525    1691   129   192   204
 5526     696   793  1768  2009
 5527     652   655   656  2020
 5528    1432  1428  1831  1924
 5529    1202  1199  1200  2079
 5530     794   712   715  2153
 5531     577   565   576  1976
 5532     248   247   316  1717
 5533     607   605  1841  2058
 5534    1645  1774  2000  2012
 5535    1624  1293  1879  2008
 5536    1956  2045  2150  2151
 5537      11     8  1993  2035
 5538     697   695  1509  2007
 5539    1620  1608  1681  1692
 5540     345   328  1823  2163
 5541    1961  1881  2061  2153
 5542     812   808   809  2003
 5543     955  1878  2004  2008
 5544    1361  1360  1363  1975
 5545     275    69  1971  2068
 5546     720   713  1938  1961
 5547    1462  1054  2136  2146
 5548    1695  1636  1820  1835
 5549    1701  1638  1891  1943
 5550    1766  1701  1981  2177
 5551      35  1725  1780  1921
 5552     931   933  1467  1819
 5553     312   316   314  1717
 5554     869   870  1729  1792
 5555    1766  1701  1891  1943
 5556    1296  1297  1294  1893
 5557     848   872  1445  1792
 5558     138   136  1865  1914
 5559    1092  1120  1883  2022
 5560    1138  1984  1140  1996
 5561    1828  1742  1833  2017
 5562    1317  1313  1312  1923
 5563    1423    42    30  1937
 5564     291   376   374  1765
 5565    1099  1101  1133  1779
 5566     696   705   706  2122
 5567     887   825  2000  2102
 5568    1804  1754  1812  1929
 5569    1145  1061  2011  2204
 5570     855   858   856  1966
 5571    1752  1815  1844  2002
 5572     961   959  1992  1588
 5573    1647  1633  1779  2022
 5574     603   702   699  1841
 5575    1672  1738  1922  2033
 5576     796   797   798  1722
 5577    1306  1291  1745  1930
 5578    1366  1804  1975  2157
 5579     478  1459   479  2071
 5580    1643  1654  1924  2028
 5581    1016   984  1026  2099
 5582    1637  1630  1649  1840
 5583     727   634   638  1781
 5584    1612  1611  1622  1750
 5585    1452   569  1874  2060
 5586     882   891  1998  2185
 5587    1738   540  1922  2195
 5588     130  1475   128  2076
 5589    1731  2059  2082  2199
 5590    1808  1735  1847  2173
 5591    1615  1635  1880  2023
 5592    1333  1334  1343  1817
 5593     682   683  1843  2151
 5594    1300  1298  2048  1483
 5595     242   244   172  1726
 5596    1737  1640  1880  1886
 5597      23    31  1682  2115
 5598    1734  1696  1818  2114
 5599    1605  1492  1775  2087
 5600    1663  1672  1738  1922
 5601    2124  1728  2179  2190
 5602    1530  1899  1587  2097
 5603    1312  1317  1923  2094
 5604     112   190  1887  2053
 5605    1019  1581  1011  1960
 5606    1648  1663  1672  1738
 5607    1099  1133  1135  1779
 5608     635   634   719  2104
 5609    1667  1671  1673  1870
 5610    1737  1084  1800  1886
 5611    1519   823  2093  2169
 5612    1201  1293  1693  2008
 5613     466   470  2033   450
 5614     687  1839  1875  1997
 5615    1697  1618  1885  1927
 5616    1922  1663  2046  2051
 5617    1454  1931  1946  2137
 5618    1744  1613  1752  1836
 5619     764   686  1811  1839
 5620     463   538   535  1949
 5621    1670  1520  2055  2108
 5622    1718  1977  2041  2164
 5623     324   327  1835  1908
 5624    1233  1223  2002  2088
 5625     741  1506   732  2149
 5626    1063  1379  1151  1879
 5627    1331  1245  1854  1246
 5628    1766  1811  1898  2064
 5629     998   989   996  2059
 5630    1848   168  1887  2129
 5631    1608  1760  1857  1860
 5632    1634  1731  1732  2082
 5633      45   105  1751  2113
 5634    1717  1703  1791  2172
 5635     268   288   267  1772
 5636      34    36  1723  2180
 5637    1364  1366  1929  2157
 5638    1247  1112  1670  1111
 5639    1715   742  1962  2073
 5640    1808   647  1847  1866
 5641     991  1652  1994  2042
 5642    1254  1253  1302  1927
 5643    1730  1727  2140  2204
 5644    1619  1611  1632  1837
 5645    1744  1885  2048  2123
 5646     958   959  1460  1992
 5647     644   646   735  1788
 5648    1331  1248  1854  1245
 5649     162   154  1964  1488
 5650     335   398  1946   338
 5651    1171  1183  1786  1872
 5652    1719  1687  1984  2011
 5653     562  1530   570  1816
 5654     886   885   882  1998
 5655    1464  1466   908  2082
 5656    1693  1837  1893  2055
 5657     437   441  1799  1846
 5658    1496   535  1570  1934
 5659      59    10    60  1809
 5660    1691  1660  1887  2053
 5661     268   296   300  2131
 5662    1709   574  1976  2050
 5663    1841   670  1901  2063
 5664    1876   410  2052  2071
 5665    1701  1766  1898  1943
 5666     548   560   549  2164
 5667    1652  1638  1664  1959
 5668    1804  1614  1852  2035
 5669    1896  1902  2113  2203
 5670    1621  1631  1724  1917
 5671    1496   463  1934  1972
 5672     360   361  1765  1846
 5673     968   972  1690  1970
 5674    1101  1693  1779  1878
 5675     405   397   339  1931
 5676    1104   955  1142  2008
 5677    1726   180  1783  2080
 5678      27   232   230  1848
 5679    1907  1785  1963  2119
 5680     706   696  1768  2009
 5681    1512  1590  1915  2052
 5682    1809  1654  1985  2066
 5683     816  1917  2031  2096
 5684    1787  1700  1954  2036
 5685    1185  1265  1184  1872
 5686     642   641   643  1808
 5687    1810  1762  1837  1978
 5688    1612  1617  1619  1629
 5689     764   687  1839  1875
 5690    1743  1788  2020  2171
 5691     335   317   250  2161
 5692     393   452   392  1830
 5693     109   115  1896  2113
 5694    1833  1936  2098  2101
 5695    1062  1154  1727  1868
 5696     337   344  2137  2161
 5697    1742  1704  1865  2026
 5698    1756  1689  1917  1974
 5699    1055  1085  1084  1800
 5700     823   820  2169  1519
 5701     851   852   856  2069
 5702    1768  1956  2007  2122
 5703     845   846   847  1840
 5704    1165  1076  1880  2092
 5705    1688  1673  1712  1950
 5706     690   700  1479  1958
 5707     874   873  1756  2117
 5708     837   847   904  1840
 5709     596   594   554  2100
 5710    1052  1046  1948  2023
 5711    1344  1341  1340  1978
 5712     279   225   227  2101
 5713    1744  1802  1885  2123
 5714     321   240  1838  2109
 5715     822  1474   890  1986
 5716      46    49   174  2028
 5717     689   690  2154   701
 5718    1972   531  1983  2145
 5719    1989  1389  2078  2142
 5720     364   363   362  2044
 5721    1885  2048  2123  2186
 5722    1683  1652  1959  2030
 5723     423   357   359  2167
 5724    1695  1713  1933  2137
 5725     565   564   574  1976
 5726    1878  1029  2077  2144
 5727     439  1757  1999  2159
 5728      31    29    30  1937
 5729    1001   994  1652  1959
 5730     614   613  2057  2135
 5731     841   839   842  2064
 5732      42    33  1751  1540
 5733      83    22  1682  1926
 5734     173   320   167  1887
 5735    1378  1398  1451  1852
 5736    1921  1643  2028  2129
 5737    1342  1602  1817  2013
 5738     228   309   307  1957
 5739     868  1230  1231  1786
 5740    1671   904   906  2054
 5741     358  1835  2155  2167
 5742      69    70  1971  2068
 5743    1042  1066  1868  2181
 5744    1616  1614  1804  1812
 5745    1300  1483  2048  2186
 5746     772   771  1947  1952
 5747    1050   977  1789  2165
 5748    1898   751  1905  2006
 5749     475   472  2103   471
 5750    1907  1927  1932  1963
 5751    1894  1684  1904  2020
 5752    1934  1972  1983  2145
 5753    1894   591  1904  1916
 5754     556   561  1816  2041
 5755    1835   416  2143  2167
 5756    1816  1530  1899  2041
 5757     356   404   352  1796
 5758     673   675   443  2148
 5759     784   844   785  1840
 5760    1797  1361  1831  1975
 5761    1647  1028  1680  2077
 5762    1619  1617  1624  1895
 5763    1833  1711  1936  2101
 5764    1606  1608  1610  1638
 5765    1012  1010  1009  1960
 5766    1758  1634  1995  2111
 5767     750   758  1870  1950
 5768      19    95  1828  1926
 5769     476   477   410  2071
 5770    1293  1200  1201  1893
 5771    1089  1737  1800  1883
 5772    1149  1148  2011  2095
 5773     347   346   349  2109
 5774     241  1848  1887  2109
 5775    1946  1454  2137  2161
 5776    1266  1270  2128  1559
 5777    1009  1581  1012  1960
 5778    1844  1223  1909  2002
 5779     660   655  1904  2045
 5780    1075  1070  1882  1159
 5781     685   690  1997  1505
 5782    1274  1360  1272  1797
 5783    1845  1467  1944  1992
 5784    1895  1382  2068  2126
 5785    1500  1496  1575  2145
 5786     527   444   446  1708
 5787    1154  1155  2005  2034
 5788     106   107  1705  2113
 5789     398  1830  2021  2172
 5790    1710  1026  1959  2099
 5791    1164  1188  2085  1542
 5792     677   684   680  1712
 5793     213   212  1979  2024
 5794     119   125  2125  2160
 5795     716   711   714  2061
 5796    1414  1356    21  2115
 5797     463  1934   535  1496
 5798    1084  1083  1081  2014
 5799     734   731  1951   730
 5800     864   818  1974  2096
 5801    1749  1682  2107  2174
 5802     506  1834   500   499
 5803    1672  1663  1761  1803
 5804     606   604   596  1906
 5805     493   496  1928   494
 5806      84  1486  2107  2174
 5807    2001  1870  2132  2182
 5808     221   222  1936  2101
 5809     321   318  1838  2163
 5810     590   588  1516  1935
 5811    1077  1076  1159  2092
 5812    1326    87  1723  2180
 5813    1811   901  1898  2162
 5814     826   827   828  2118
 5815    1254  1227  1253  1963
 5816     259  1795  2163  2176
 5817     860   863  2096  2110
 5818     439   442  1757  1805
 5819    1621  1819  1884  1967
 5820     841   832  1533  2064
 5821     163  1726  1821  2086
 5822    1917   863   862   861
 5823    1682    80  1926  2107
 5824     475  1511  2046  2168
 5825    1837  1810  1849  2055
 5826     540  1738  1949  2195
 5827     636   734  1782   733
 5828    1056   960  1862  2140
 5829    1548   491   485  1969
 5830     394   574   564  1976
 5831     438   437   441  1799
 5832     842   838   910  1729
 5833    1784  1713  1876  2052
 5834    1426  1437  1391  1632
 5835     382   277   275  1755
 5836     705   697  1509  2122
 5837    1634   979  1662  1731
 5838     136    62  1865  2076
 5839     568   569  2060   571
 5840     452   399   405  1915
 5841     984   980   983  2099
 5842      15    16  1993  2026
 5843    1284  1287  1858  2138
 5844      70  1971  2068  2126
 5845     402   401  1499  2081
 5846     681   678   677  1712
 5847     553  1524   482  2050
 5848     833   831   900  1943
 5849    1174  1172  1844  2005
 5850     756  1950  2132  2149
 5851       3  1440  1441  1812
 5852     384   386   385  1846
 5853    1513  1532  2062  2169
 5854    1371  1372  1696  1852
 5855    1206  1150  1148  2095
 5856    1098  1029  1878  2144
 5857     662  1550   661  2045
 5858     218  1979  2098  2101
 5859    1899  1530  1587  2060
 5860     939   942   944  2105
 5861     336  1931  2137  2200
 5862    1784  1931   336  2200
 5863    1801  1185  1170  1872
 5864    1538  1206  1892  2134
 5865     539   540  1949   468
 5866    1486   154  2107  2174
 5867     587   586  1991  2091
 5868     746   811  1715  1547
 5869    1127  1710  1869  2016
 5870    1158  1157  1815  2034
 5871    1704  1706  1852  2191
 5872    1069  1155  1154  2034
 5873    1633  1776  1800  1859
 5874    1877  1798  2025  2044
 5875     219   216  1979  2101
 5876    1744  1225  1836  1909
 5877     967   962   966  1845
 5878     186   140   141  2029
 5879    1008  1169  1171  1760
 5880    1630  1626  1700  1743
 5881    2077  1094  1097  1090
 5882    1348  1266  1842  1982
 5883     914   912   916  2111
 5884     741  1714  1962  2072
 5885    1212  1125  1194  2055
 5886     279   217   216  2101
 5887      53    52    54  1955
 5888    1602  1262  1603  1903
 5889    2059  1466  2082  2199
 5890    1745  1697  1973  1980
 5891    1321  1322  1324  2038
 5892    1487   716  1577  2061
 5893    1644  1609  1704  1706
 5894    1251  1212  1340  2127
 5895    1685  1882  2023  2181
 5896    1956   665  2010  2045
 5897    1722  1679  1827  2153
 5898       1    57  1809  2035
 5899     733   736   734  1782
 5900    1866  1847  1942  2058
 5901     808   815  2031  2062
 5902    1009  1010  1662  1960
 5903    1615  1640  1662  1789
 5904    2105  1995  2152  2165
 5905    1044  1040  1039  2049
 5906    1737  1651  1910  2205
 5907    1723    87  1807  2180
 5908     946   866   751  2006
 5909    1331  1455  1252  2127
 5910      46    38  1924  2028
 5911    1433  1754  1812  2035
 5912    1719  1744  1892  1968
 5913     995   949  1769  2069
 5914      20    19    14  2026
 5915    1229  1228  1227  1963
 5916     465   469   472  1922
 5917    1010  1662  1960  2136
 5918     440   450  1805  1855
 5919    1800  1737  1886  2014
 5920    1626  1771  1669  2148
 5921    1228  1237  1257  1785
 5922     363   366   436  1846
 5923     845   995  1769  1840
 5924     648   650  1808  1875
 5925     541  1949  1977  2100
 5926    1681  1770  1796  1832
 5927    1995  1774  1998  2152
 5928    1646  1658  1888  2130
 5929       4  1526     2  2018
 5930    1054  1010  2136  2146
 5931     916   911  1912  2111
 5932     596   595  1806  1906
 5933     982   980   984  2099
 5934    1209  1699  1858  1863
 5935    1502  1457  1969  2036
 5936     565   577   566  1976
 5937     579   580  1874  1452
 5938     474   546   472  2103
 5939    1642  1644  1937  2115
 5940    1705   107  1749  1896
 5941       5  1397    53  1627
 5942    1035  1037  1041  2140
 5943     879   818  1974   864
 5944    1147  1150  1203  2134
 5945     920  1564   915  1764
 5946    1241  1233  1182  2088
 5947     416   401   400  2081
 5948    1691  1660  2053  2198
 5949    1251  1250  1861  2127
 5950    1837  1277  1978  1989
 5951    1703  1753  1931  1946
 5952    1780  1429  1831  2019
 5953     181   235   223  1711
 5954    1636  1626  1708  1867
 5955    1292  1308  1980  2186
 5956    1659   630  1901  1938
 5957     215   217   270  1987
 5958    1738  1718  1922  2074
 5959     679   678  2150  2151
 5960     739  1962  2073  2188
 5961    1076  1880  1882  1886
 5962    1798   384  2037  2133
 5963     581   489  1954  2036
 5964     266   272   267  2083
 5965    1429  1419  1358  2019
 5966    1749  1682  1750  1794
 5967    1096  1853  2022  2144
 5968     385   447  1529  1855
 5969    1832   318  1838  2109
 5970    1706  1644  1734  1739
 5971    1148  1146  1149  2011
 5972     981   994  1515  1994
 5973     756   737   758  1950
 5974     612   609  2057  2135
 5975     380   381   382  1708
 5976     305  1877  2025  2044
 5977     423   359   358  2167
 5978    1660  1742  1985  2024
 5979     563   562  1816  2041
 5980     357   325   359  1835
 5981    1367  1364  1281  1929
 5982     414   484   480  1965
 5983    1900  1709  1976  2050
 5984    1414  1354  1353  1920
 5985     190   193  1691  2053
 5986    1087  1086  1091  1883
 5987    1532  1474  2062  2102
 5988     488   491  1969   485
 5989     649   650   573  1808
 5990     394   231   331  1897
 5991    2182   821   759   749
 5992    1638  1944  1967  2030
 5993     206   205  1941  2024
 5994     345   352   348  1832
 5995     862   859   816  1917
 5996     638   639   727  1825
 5997    1191  1170  1115  2194
 5998    1915  1511  2046  2052
 5999    1795   262  1925  2083
 6000    1451  1696  1818  1852
 6001    1881  1938  2061  2072
 6002    1347  1421  1978  2078
 6003    1710  1608  1760  1857
 6004    1138  1984  1996  2011
 6005    1829  1240  1873  1945
 6006    1180  1179  1844  2002
 6007    1372  1371  1696  1804
 6008    1818  1739  1871  2141
 6009    1757  1770  1813  1834
 6010     196   254  1675  2176
 6011     962   961  1845  2090
 6012    1617  1626  1636  1658
 6013    1074  1075  1882  2023
 6014      28  1642  1937  2115
 6015    1700  1639  1702  1718
 6016     769   843   836  1918
 6017    1941   214   208   264
 6018     622   587   651  2091
 6019     277   274   275  1755
 6020    1468  1477  1332  2013
 6021    1721  1979  2017  2024
 6022    2012  2001  2062  2093
 6023    1700  1874  1954  2036
 6024     998   999  1647  1851
 6025    1030  1028  1027  2077
 6026     611   558   561  1816
 6027     560  1874  2041  2164
 6028    1281  1528  1367  2157
 6029    1433  1439  1754  1831
 6030    1493  1519  2093  2169
 6031     295   293   294  1890
 6032    1234  1235  1785  2088
 6033      14  1413    17  2026
 6034     246   258   256  2130
 6035    1611  1682  1705  1937
 6036    1654     4  2018  2028
 6037     561   560   562  2041
 6038    1869  1730  2032  2120
 6039    1633  1623  1640  1776
 6040       3  1441  1442  2035
 6041    1748  1694  1772  2083
 6042    1650  1679  1714  1881
 6043     317  1717  1791  2172
 6044    1093  1120  1123  1883
 6045     111   112    49  2028
 6046    1103  1145  1491  2120
 6047    1678  1648  1736  1777
 6048     126  1629  1902  2160
 6049     290  1485  1480  1925
 6050     453   454  2121  2168
 6051    1616  1696  1745  1804
 6052     795   800   798  2110
 6053    1636  1814  1867  2167
 6054      95    19    71  1926
 6055    1153  1293  1152  2008
 6056    1734  1739  1920  2147
 6057    1341  1331  1252  1903
 6058    1631  1621  1656  1676
 6059     154    92  1749  2174
 6060    1918   843  1947  1952
 6061     537   536  1571  2139
 6062     465   469  1922  2033
 6063    1096  1135  1853  2144
 6064     606  1841  1906  2063
 6065     382  1708  1755  2084
 6066     492  1928  1933  2075
 6067     460   439   442  1757
 6068    1400  1399  1402  1812
 6069     159    92   104  1749
 6070    1518  1566  1548  1876
 6071    1921  1643  1924  2028
 6072     447   391   392  2121
 6073    1816  1530  2057  2097
 6074       7    11     8  1993
 6075    1718  1741  1922  2074
 6076     447   386   383  2121
 6077     799   802  2110  2202
 6078     380   382   275  2084
 6079     636  1458   727  1825
 6080    1077  1159  1882  2092
 6081     930   933  1967  2166
 6082    1641  1877  1957  2056
 6083    1135  1096  1099  2144
 6084    1054  1055  1080  2136
 6085    1418    28    21  1642
 6086      93  1755    69   274
 6087     777   799  2110  2202
 6088    1670  1693  1853  2079
 6089    1358  1348  1797  2019
 6090    1762  1817  1837  1978
 6091     171   242  1726  2029
 6092    1004   958  1683  2030
 6093     229   236  1747  1957
 6094    1391  1392  1733  2078
 6095    1087  1093  1089  1883
 6096      19    16    14  2026
 6097     585   588  1991  2197
 6098    1333  1352  1625  1642
 6099     975  1564   920  1764
 6100    1063    76    75  1879
 6101    1615  1664  1685  1690
 6102     436   379   361  1846
 6103      35    37  1725  2158
 6104     187   246   245  1888
 6105     495   489   490  2036
 6106     262   288  1772  2083
 6107    1731  1647  1851  2059
 6108    1221  1220  1225  1744
 6109    1985  1654  2053  2066
 6110    1493  1519   821  2093
 6111     448   451   441  1855
 6112    1827  1939  1958  2154
 6113    1132  1214  1778  1858
 6114    1458   636  1782  1825
 6115     121   116  1990  2203
 6116     392   453  2121  2168
 6117    1345  1347  1346  1989
 6118     395    73  1807  2006
 6119     326   327  1908  2155
 6120    1779  1693  2004  2008
 6121     139  1902  2029  2125
 6122    1543   597  1806  2139
 6123     370   365  2025  2037
 6124    1278  1276  1893  1989
 6125    1637  1649  1966  2069
 6126     818  1911  1974  2031
 6127    1718  1700  1741  1874
 6128    1869  1730  1959  2032
 6129    1762  1613  1829  1945
 6130     716  1546  1463  2061
 6131    1463  1546   717  2061
 6132      19    67    66  1865
 6133     784   793   850  2069
 6134     610   609  1763  1906
 6135    1691   203  2024  2198
 6136     584   619  2178  2196
 6137     199   282  1521  2170
 6138    1880  1737  1886  2205
 6139    1333  1356  1352  1642
 6140    1049   978   976  1758
 6141     353   324  1835  1908
 6142     917   921  1732  1764
 6143    1155  1156  2005  2034
 6144    1713  1784  1876  1933
 6145    1633  1731  1776  1859
 6146    1417  1418    21  1642
 6147     628   707   671  1901
 6148    1654  1433  2018  2035
 6149     467   466   465  2033
 6150     501   502  1867  2075
 6151    1679   715  1881  2110
 6152    1606  1621  1623  1630
 6153    1653  1648  1757  1824
 6154     521   513   520  1813
 6155     255   254   260  2176
 6156     248   249   247  2130
 6157    1681  1686  1709  1832
 6158    2027  1899  2097  2178
 6159     540   465  1922  2033
 6160     534  1500  1575  2145
 6161     673   674  1771  1966
 6162     690  2154   700  1958
 6163    1781   638  1825  2067
 6164     851   950   949  2004
 6165       3     1  2018  2035
 6166     674   673  1771  2148
 6167     965   966  1819  1845
 6168     936   939   940  1884
 6169     552   483  1965  2050
 6170     971   973   974  1690
 6171    1257  1228  1785  1963
 6172     724   721  2072  2188
 6173     682   683   693  1843
 6174    1200  1199  1893  2079
 6175    1660  1985  2053  2076
 6176    1347  1345  1436  1989
 6177    1611  1612  1632  1705
 6178    1115   982  2194  1008
 6179    1703  1803  2021  2025
 6180     698  1768  1947  2007
 6181    1816  1906  2039  2189
 6182     558   611   612  2057
 6183     808   814  2003  2031
 6184    1333  1334  1817  2013
 6185    1628  1743  1894  1991
 6186     752   577   642  1905
 6187     851  1649  1940  2004
 6188    1221  1744  2048  2123
 6189    1970  1690  1995  2105
 6190     977   978  1049  1789
 6191    1288  1285  1973  2138
 6192    1722   712   708   794
 6193     403  1796  1824  1834
 6194    1156  1180  2005  2034
 6195     481  1709  1965  2050
 6196     368   370   304  2025
 6197     990   986  2059  2199
 6198     603  1841  1939  2058
 6199    1526    48  2018  2028
 6200      10    60  1809  1865
 6201    1682  1611  1705  1750
 6202      49    48  1526  2028
 6203     897   899  1912  2054
 6204    1036  1845  2065  2090
 6205     684   768  1712  1952
 6206     579  1874  1899  1452
 6207     599   598  1847  1866
 6208     543   559  2041  2164
 6209     432   293   433  1708
 6210     678  1688  1712  2047
 6211    1709   574  1897  1976
 6212    1667  1645  1671  2012
 6213     312   315   316  1717
 6214    1348  1266  1349  1797
 6215    1612  1896  1990  2113
 6216     171   140  2029  2086
 6217    1613  1610  1618  1744
 6218     779   787   789  1981
 6219    1620  1648  1694  1770
 6220    1736   597  1806  1942
 6221     929   931  1000  2106
 6222     232   233  1848  2109
 6223    1709  1770  1832  1953
 6224     539   541   594  1949
 6225     565   567   564  1976
 6226     739   724  1962  2188
 6227    1928  1502  1969  2036
 6228    1892  1719  1968  2134
 6229    1160  1179  1815  2002
 6230    1277  1340  1837  1978
 6231     169   171   172  1726
 6232    1621  1689  1884  1995
 6233     998   995   953  1769
 6234    1833   153  1936  1988
 6235     170   158   108  2086
 6236    1904  1956  2045  2150
 6237     880   818  1911  1974
 6238    1741  1718  1874  2074
 6239    1632  1837  1978  1989
 6240    1397  1627  1733  1955
 6241    1774  1634  1912  2111
 6242     999   998   953  1769
 6243     115   109   110  2113
 6244     353   324   354  1835
 6245    1266  1268  1559  1919
 6246     480   481  1965  2050
 6247      87    25  1539  2180
 6248    1330  1328  1746  2038
 6249    1629  1617  1677  1728
 6250    1429  1420  1419  2019
 6251    1636  1658  1835  2155
 6252    1093  1737  1089  1883
 6253    1284  1289  1508  2123
 6254    1624  1293  1693  1893
 6255    1854  1810  1873  1945
 6256    1470   780  1766  2162
 6257     353   343  1820  2081
 6258    1016  1026  1710  2099
 6259    1754  1812  1929  1975
 6260    1037  1036  2065  2090
 6261     722  1714  1938  2104
 6262    1720  1694  1767  1772
 6263     286  1525  1823  2187
 6264     951   956   955  2004
 6265    1762  1746  1817  1903
 6266     619   617   572  2097
 6267     100    84  1486  2107
 6268    1411  1416  1644  2115
 6269    1637  1669  1768  2009
 6270    1403  1394  1393  2142
 6271    1494   982  2016  2194
 6272    1995  1998  2105  2152
 6273     420   499   421  1834
 6274    1284  1219  1802  1858
 6275    1062  1060  1727  2011
 6276    1116  1114  2016  2194
 6277     942   943  2105  2152
 6278    1607  1608  1620  1698
 6279    1086  1014  1015  1800
 6280     288   287   262  1925
 6281     926  1000  1001  2030
 6282    1293  1153  1879  2008
 6283     799   802   795  2110
 6284     439   460   509  1757
 6285    1142   963  1151  2008
 6286     861   863   800  2110
 6287     199  2124  2170  2183
 6288     841   842   831  2064
 6289    1426  1632  1850  2078
 6290     842   909  1891  2042
 6291    1393  1395  1283  2142
 6292    1468  1477  2013  2175
 6293    1090  1023  1859  2022
 6294    1666  1656  1667  1950
 6295     118   113  1627  1990
 6296     965   938  1970  2166
 6297      20    22  1926  2026
 6298    1562  1551  1818  2141
 6299    1624  1668  1879  1971
 6300     902   900   923  1943
 6301     820   826  2169  1493
 6302     492   494  1928  2075
 6303     851  1940   964  2004
 6304    1720  1772  1877  2056
 6305      19    66    16  1865
 6306    1124  1194  1125  2108
 6307    1289  1205  1204  2070
 6308     410   486  1876  2052
 6309    1055  1054  1010  2136
 6310     658   688   648  1875
 6311     632   629   615  2067
 6312     851   856   857  2069
 6313     249   316   247  1791
 6314    1625  1746  2038  2089
 6315    1844  1815  2005  2034
 6316     366  1537   367  2133
 6317    1432  1431  1434  1831
 6318     413   487  1876  1933
 6319     332  1709  1897  2109
 6320     144   145   143  2024
 6321     596   606  1906  2039
 6322     798   797   795  2110
 6323     461   440   464  1805
 6324     259  1568  1795  2176
 6325     303   305   304  2025
 6326     637   620  2040  1495
 6327     136    67   138  1865
 6328     151   101   148  1988
 6329    1616  1661  1754  1929
 6330     215   270   214  1987
 6331     884   936  1884   939
 6332     594  1934  1949  2100
 6333    1847  1875  1939  2173
 6334    1833  1721  1979  2017
 6335     914   912  2111  2152
 6336     569   551  1874  2060
 6337     816   862  1917  2096
 6338    1231   868  1786  2006
 6339     966  1467  1819  1845
 6340     512   511   552  1822
 6341    1576  1579  1589  2159
 6342    1199  1201  1200  1893
 6343    1410  1354  1411  1739
 6344    1730  1683  1959  2032
 6345     975  1009  1662  1960
 6346      48     2  1526  2018
 6347     639   637  1825  2040
 6348    1530  1582   617  2097
 6349    1836  1298  1927  1963
 6350    1804  1369  1930  2157
 6351    1789  1615  1948  2165
 6352    1686  1655  1838  2163
 6353    1010  1789  2136  2146
 6354     253   184  1675  2163
 6355     609   608   558  1906
 6356    1252  1341  1903  1978
 6357     345   328   329  1823
 6358     887   825   888  2000
 6359    1645  2012  2054  2118
 6360     192   189   193  1691
 6361     926   925  2030  2042
 6362    1204  1544  1592  2070
 6363    1616  1929  1930  1973
 6364    1619  1677  1955  2160
 6365     106   107    33  1705
 6366    1070  1159  1157  2092
 6367    1599  1594  2124  2179
 6368     131    54  1677  2160
 6369     899   921   897  1912
 6370    1802  1141  1968  2134
 6371     201   197  1523  2112
 6372     946   751   948  1898
 6373     775  1668  1879  1940
 6374    1614  1607  1643  1780
 6375    1175  1207  1173  1892
 6376     651  1894  2020  2091
 6377    1842  1723  2019  2193
 6378    1243  1241  1829  1873
 6379    1677   131  2179  2190
 6380     615  1763  2067  2063
 6381    1667  1630  1673  1918
 6382    1002  1003  2030  2042
 6383     360   363   361  1846
 6384     785   783  1768  1947
 6385    1127  1026  1710  2016
 6386    1619  1677  1895  1955
 6387     382   381   293  1708
 6388    1045  1050  1047  1948
 6389     511   512   510  1822
 6390     768   680  1712  1950
 6391    1904  1956  2010  2045
 6392    1481   824  2102  2169
 6393    1796   356  1824  2187
 6394    1585  1586   366  2133
 6395     507   508   509  1999
 6396    1425  1422  1421  1850
 6397    1664  1638  1944  1967
 6398     878   884   935  1884
 6399    1836  1885  1927  2048
 6400    1204  1205  1203  1968
 6401    1725  1807  2116  2180
 6402    1542  1167  2184  2205
 6403     286   289   329  1823
 6404     352   355   356  1796
 6405     974  1044  1039  2049
 6406    1723    87  1759  1807
 6407     879   935  1756  1974
 6408     305   303   302  1877
 6409     477   475  2051  2103
 6410     619   621  2097  2196
 6411    1346  1421  1344  1817
 6412    1301  1303  1980  2094
 6413     223   181  1711  1783
 6414    1672  1663  1753  2046
 6415     308   305   302  1775
 6416    1977  2015  2100  2139
 6417    1172  1180  1844  2005
 6418    1021  1090  1022  2077
 6419    1434  1431  1439  1831
 6420      22  1644  1926  2026
 6421    1045  1044  1948  2049
 6422    2066  2053  2076  2198
 6423    1711   181  1747  1783
 6424    1728  2124  2179  2183
 6425    1664  1652  2030  1638
 6426      55  1627    56    53
 6427     667   669  2010   668
 6428    1643  1654  1754  1780
 6429    1430  1358  1359  1831
 6430    1636   432  1890  2167
 6431    1467   931  1819  1944
 6432    1681  1686  1692  1897
 6433     223   221   224  1711
 6434     982  1008  2016  2194
 6435      56    55    54  2160
 6436     560   551  1874  2164
 6437    1271  1288  1280  2138
 6438    1683  1730  2140  2204
 6439    1642  1611  1817  1850
 6440     836   834   769  1918
 6441    1434  1432  1831  1924
 6442    1256  1321  1932  2038
 6443    1173  1206  1174  1892
 6444    1912  1774  2111  2185
 6445    1736  1678  1777  1806
 6446    1377  1405  1378  1818
 6447     629  1659  2067  2104
 6448      42    44  1751    43
 6449    1649  1940  2004  2008
 6450     117   169   108  2086
 6451     343   344   353  1820
 6452      33    42  1751    32
 6453     722   720   719  2104
 6454     837  1645  1671  1918
 6455    1530  1535  1587  2060
 6456     201  1523  1599  2112
 6457    1539    24  2116  2180
 6458    1840  1623  1649  1851
 6459     553  1524  2050  2192
 6460    1389  1277  1278  1989
 6461    1874   581  1899  1954
 6462    1739  1377  1871  2141
 6463    1840  1630  1918  1947
 6464     416   423  1504  2143
 6465    1061  1146  1144  2011
 6466    1105   955  1104  2008
 6467     960  1034  1056  1862
 6468    1646   187  1888  2029
 6469    1001  1004  1683  2030
 6470     760   767   769  1673
 6471    1607  1614  1754  1780
 6472     271   272  1748  2056
 6473     983   980  1994  2099
 6474    1401  1399  1812  2035
 6475      38   174  1924  2028
 6476     990  1563   986  2199
 6477    1934   463  1949  1972
 6478    1663  1713  2046  2051
 6479    1304  1345  1978  1989
 6480    1171  1007  1008  1860
 6481    1246  1245  1762  1873
 6482    1773  1868  2034  2181
 6483    1633  1647  1680  1859
 6484    1319  1256  1320  1932
 6485    1719  1892  2095  2134
 6486     697   705   696  2122
 6487     951   953   950  2004
 6488     519   661  2045   665
 6489     332   574   394  1897
 6490     534  1571  1543  1983
 6491     561   556   559  2041
 6492     398   339   397  1830
 6493      36  1419  2019  2193
 6494    1961   723  2061  2072
 6495    1646  1622  1747  1783
 6496     291   298   376  1765
 6497    1814   428  1867  2143
 6498     687   685  1997  1584
 6499    1979   217  1987  2101
 6500     969   970  1039  1970
 6501    1714   719  1781  2104
 6502      69    70    78  1971
 6503     346   347   318  2109
 6504    1377  1378  1376  2141
 6505     145   136   137  1914
 6506     860   863   875  2096
 6507     493   401   418  2081
 6508    1432  1434  1433  1924
 6509     879   876   864  1974
 6510    1639  1650  1700  1702
 6511    1072  1075  1074  2023
 6512     789   786  1722  1981
 6513    1312  1310  1317  2094
 6514    1631  1722  1827  1958
 6515     246   322   323  1908
 6516    1212  1251  1211  2055
 6517    1264  1263  1601  2119
 6518     892   897  1912  2000
 6519    1190  1181  1188  2002
 6520      81    20    22  1926
 6521    1299  1573  2048  2186
 6522     458   532   531  1972
 6523     452   393   399  1830
 6524      62   128  1985  2076
 6525     686   764   687  1997
 6526    1232  1223  1234  2088
 6527     447   385   386  2121
 6528    1235  1233  1241  2088
 6529    1686  1643  1848  1887
 6530    1637  1630  1840  1947
 6531      97    95    86  1794
 6532    1113  1112  1910  2108
 6533    1721  1655  1748  1941
 6534    1380  1063    68  2126
 6535    1033  1556  1024  2032
 6536    1676  1679  1917  2003
 6537     387   275    77  1971
 6538    1686  1709  1832  2109
 6539     549   547   548  2164
 6540    1803  1753  1830  2121
 6541    1673   769  1918  1952
 6542    1478  1600  1861  2127
 6543    1446   748  2132  2182
 6544    1740  1700  2027  2178
 6545    1627    51  1790  1990
 6546    1692  1608  1898  2006
 6547     922   917  1634  1764
 6548    1756   875  2096  2117
 6549    1220  1289  2070  2123
 6550     977   978  1789  2165
 6551    1676  1911  1986  2031
 6552    1256  1321  1320  1932
 6553    1479   690  1958  1981
 6554    1671   827  1870  2118
 6555    1714   741  1781  2072
 6556     103   100   102  2107
 6557     720   722  1938  2104
 6558    1350  1355  1920  2089
 6559     717   777   715  1881
 6560    1618  1785  1836  1907
 6561     817   815  1986  2031
 6562     622   651  2020  2091
 6563     864   876   875  2096
 6564     339  1454   336  1931
 6565    1606  1611  1612  1619
 6566    1681  1692  1701  1735
 6567    1912  1645  2000  2054
 6568     427   425  1636  2167
 6569    1162  1188  1815  2085
 6570     332   394   333  1897
 6571     215   213   211  1979
 6572    1657  1655  1675  2163
 6573    1615  1623  1634  1662
 6574     680   737   738  2047
 6575      87  1326    25  2180
 6576     649  1808  1847  2173
 6577     276   293   295  1890
 6578    1904   655  2150  2045
 6579    1389  1390  2078  2142
 6580    1912   892   893   919
 6581    1847   598  1939  2058
 6582    1741   580  2036  2071
 6583     932   933  1819  1967
 6584    1813   520  1942  1972
 6585     561   562   563  2041
 6586     546   545   540  2074
 6587     265   266   261  2083
 6588     660   591   661  2045
 6589    1248  1247  1810  1945
 6590       3  1433  1440  1812
 6591     568  1535   571  2060
 6592    1857  1652  1994  2099
 6593     978   976  1758  2165
 6594     759  1493   821  2093
 6595    1162  1161  1165  2092
 6596     993   831   909  2042
 6597     482   480  1965  2050
 6598    1236  1242  1873  2088
 6599    1933  2081  2137  2200
 6600     711   714  2061  2153
 6601      50    44  1790    45
 6602     581   489   578  1954
 6603    1271  1280  1279  2138
 6604     165    39    40  2158
 6605     911   893  1912  2185
 6606     192   195  1657  1691
 6607     363   360  1798  1846
 6608    1593  1560  2066  2198
 6609     139   141   120  2125
 6610    1450  1447  1047  2146
 6611    1003  1001  1002  2030
 6612    1002   992  1003  2042
 6613    1474   822  1513  2062
 6614     753   901  1811  2162
 6615     650   764  1808  1875
 6616     449   450  1855  2033
 6617     101   102   155  1964
 6618     942   891   914  2152
 6619     752   754   744  1905
 6620    1616  1696  1804  1852
 6621     735  1782  1788  2047
 6622     933   936  2166   930
 6623    1370  1306  1309  1745
 6624     131   126  2160  2179
 6625    1379  1381  1293  2126
 6626    1159  1076  1161  2092
 6627    1850  1632  1978  2078
 6628     821   813   810  2093
 6629    1579   508  1589  2159
 6630     439   508  2159   509
 6631     259   345   255  2163
 6632    1165  1188  1162  2085
 6633     384   383   386  2121
 6634      60    59  1809  1865
 6635    1749   159  1821  1896
 6636    1511   407  1915  2168
 6637    1367  1400  1366  2157
 6638    1900   552   573  1822
 6639      49  1526     4  2028
 6640    1146  1144  2011  2095
 6641    1044   974  1948  2049
 6642      95    81    86  1926
 6643      22  1411  1644  1706
 6644    1308  1305  1745  2094
 6645    1678  1806  1906  2015
 6646    1669  1894  1904  1916
 6647     237   239  1747  2080
 6648     681   680   738  2047
 6649      79    82    83  1682
 6650    1911  1774  1986  2185
 6651     745   566  1905  2006
 6652    1929  1366  1975  2157
 6653    1668  1971  2084  2148
 6654    1672  1753  1803  2121
 6655    1609  1611  1625  1644
 6656     564   566   395  1692
 6657     284   358  2155  2167
 6658     774  1668  1966  2148
 6659     834   836  1671  1918
 6660    1769   846  1840  1851
 6661    1466   985  2082  2199
 6662    1880  1882  1886  2023
 6663    1678  1639  1707  1736
 6664     877   873   875  1756
 6665    1818  1377  1739  2141
 6666    1224  1177  1223  1909
 6667    1693  1133  1779  2079
 6668    1405  1410    18  1706
 6669    1621  1630  1650  1656
 6670    1607  1609  1610  1697
 6671     940   938   936  2166
 6672     198   187   188  1888
 6673    1407  1398  1852  2191
 6674    1511  1590  1583  2052
 6675    1579   505   508  2159
 6676     505   419   504  2159
 6677    1387  1323  1386  2147
 6678    1924  1654  2018  2028
 6679    1634  1764  1912  2111
 6680     354   357   353  1835
 6681     190   124   123  2053
 6682    1207  1225  1220  1892
 6683    1785  1257  1963  2119
 6684    1635  1773  1880  1882
 6685    1213  1212  1196  2055
 6686    1078  1079  1081  1886
 6687     790   788   791  1864
 6688    1666  1650  1714  1825
 6689     458  1826  1972  1999
 6690    1663  1648  1678  1738
 6691    1885  1697  1927  1980
 6692     958  1460  1683  1992
 6693      80    86  1926  2107
 6694    1181  1179  1160  2002
 6695      80    84  2107  2174
 6696    1340  1252  1849  1978
 6697    1226  1224  1836  1909
 6698     549   559   543  2164
 6699    1766  1811  2064  2162
 6700     890  1986  2102  2185
 6701    1689  1621  1724  1917
 6702    1016  1710  2016  2099
 6703    1636  1626  1755  2084
 6704    1091  1092  1883  2022
 6705    1685  1615  1690  2065
 6706    1892  1968  2070  2134
 6707     251   252   342  1791
 6708     123   191  2053  2198
 6709     238   237   234  2080
 6710    1785  1752  1909  2088
 6711    1608  1692  1698  1759
 6712    1658  1665  1695  1820
 6713    1330  1324  1328  2038
 6714     279   270  1987  2056
 6715      56   125   119  2160
 6716     977   973   971  2165
 6717    1011  1662  1731  1960
 6718    1631  1701  1722  1958
 6719    1089  1109  1088  1800
 6720     974   973  1948  2165
 6721     523   598   515  1866
 6722    1372  1401  1696  1852
 6723    1608  1692  1759  2006
 6724    1798   384  1846  2037
 6725    1720  1653  1761  1765
 6726    1621  1664  1690  1819
 6727     833   902   901  2162
 6728     782   780  1981  2177
 6729    1324  1323  1320  2089
 6730    1447  1536  1462  2146
 6731    1770  1796  1832  1953
 6732     676   692  1843  1956
 6733     331   333  1897  2109
 6734    1880  1076  1882  2092
 6735     158   160   159  1821
 6736    1258  1259  1257  2119
 6737    1860  1760  2016  2194
 6738    1626  1771  1913  1669
 6739     233   331  1897  2109
 6740      53    55  1627  1955
 6741    1707  1841  1901  2063
 6742    1917  1676  2003  2031
 6743     523   515   517  1866
 6744     714   711   672  2153
 6745    1650  1659  1707  2153
 6746    1367  1368  1369  2157
 6747    1456   200  1594  2124
 6748    1916  1469  1913  1867
 6749    1876  1856  1969  2071
 6750    1470  1533   765  2162
 6751      64   131    54  1677
 6752     855   774  1668  1966
 6753    1615  1610  1621  1623
 6754    1530   570  1816  2057
 6755    1470   840  2064  2177
 6756    1825  2027  2040  2196
 6757     716   714  1534  2061
 6758     939   884   941  2105
 6759    1358  1430  1429  1831
 6760     597   604   607  2058
 6761     406  1512  1915  2052
 6762    1660  1691  1941  2024
 6763    2084  1771  1626  2148
 6764     530   664   529  1913
 6765     387    77   388  1971
 6766     320   184  1838  1887
 6767     428   498   494  2075
 6768     880   881  1974  1998
 6769     212   206   203  2024
 6770     474   473   546  2074
 6771    1690   974  1948  2165
 6772    1737  1163  1886  2205
 6773    1003   992  2030  2042
 6774     168   166  1887  2129
 6775      87  1539  2116  2180
 6776     345   319   255  2163
 6777      39    37    35  2158
 6778     303  1877   362   302
 6779    1468  1332  1334  2013
 6780    1650  1666  1667  1740
 6781    1383  1323  1387  2147
 6782    1630  1637  1668  1669
 6783    1645  1676  1774  2012
 6784    1707  1659  1901  2153
 6785     986  1466  1464  2059
 6786      75    76    77  1971
 6787     460   509  1757  1826
 6788    1777  1806  1934  1983
 6789       2  1433     3  2018
 6790    1761  1720  1765  1767
 6791    1681  1709  1897  1976
 6792    2027   621  2040  2196
 6793    1262  1263  1903  2175
 6794    1206  1173  1538  1892
 6795    1692  1898  1905  2006
 6796    1562  1818  2114  2141
 6797     493  1928  1933   492
 6798     228   307   226  1957
 6799     832  1533  2064  2162
 6800     249   250   316  1791
 6801     759   749  1446  2182
 6802    1269  1559  1268  1919
 6803     835   906   829  1671
 6804    1384  1383  1871  1889
 6805    1630  1650  1656  1667
 6806     190   191   193  2053
 6807    1447  1052  1948  2136
 6808    1508  1885  1973  2123
 6809     925  1000  2030  2106
 6810    1056  1035  1041  2140
 6811    1626  1668  1971  2084
 6812     562   560   571  2060
 6813    2085  1164  2184  2205
 6814     812   822   815  2062
 6815    1744  1220  1892  2070
 6816    1880  1674  2085  2092
 6817    1047  1050  1051  2146
 6818    1423  1424  1425  1850
 6819    1678  1738  1806  1977
 6820    1622  1711  1750  1833
 6821    1284  1217  1219  1858
 6822    1741  1700  1856  2036
 6823     476   486   488  2071
 6824     797   794   795  2110
 6825    1625  1618  1889  2089
 6826    1551  1385  1376  2141
 6827    1121  1120  1096  1853
 6828     532   463  1496  1972
 6829    1730  1687  1869  1959
 6830    1637  1966  2009  2069
 6831     960   958  1460  1683
 6832     996   997  1851  2059
 6833     833   832  2064  2162
 6834    1606  1623  1651  1670
 6835    1415  1414    21  2115
 6836     596   594  2100  2139
 6837    1855   442  1805   440
 6838     245  1646  1888  2130
 6839      58    57  1442  2035
 6840     242   186   188  2029
 6841     606   628  2063  1489
 6842    1382    68    69  2126
 6843    1891  1766  1943  2064
 6844    1707  1763  1841  2063
 6845    1742  1721  2017  2024
 6846     922   987   979  1731
 6847    1440  1400  1402  1812
 6848    1324  1321  2038  2089
 6849     717   721  1881  2061
 6850    1696  1706  1818  1852
 6851     851   857  1649  2069
 6852    1460  1034  1862  2090
 6853    1922  1741  2051  2074
 6854     361   363   436  1846
 6855    1615  1640  1789  2136
 6856     680  1688  1950  2047
 6857      69   133  1382  2068
 6858     580   489   581  2036
 6859    1317  1316  1889  2094
 6860     587   622   583  2091
 6861    1350  1323  1351  2089
 6862    1962   724  2072  2188
 6863    1684  1673  1947  1952
 6864    1673  1688  1712  1952
 6865     748  1547   746  2132
 6866    1728    94  1755  2190
 6867     469   472  1922  2103
 6868    1659   630  1938  2104
 6869     802   801  2110  2202
 6870    1814   492  1933  2075
 6871    1162  1165  1815  2092
 6872    1250  1251  1340  2127
 6873     690  2154   701   700
 6874    1394  1404    52  1955
 6875    1165  1076  1166  1880
 6876    1389  1436  1989  2078
 6877     708  1722   794   796
 6878     837   904  1645  1840
 6879    1628  1626  1669  1743
 6880    1757   504  1824  2043
 6881    1288  1285  1286  1973
 6882    1439  1433  1754  1812
 6883     842   839  1891  2064
 6884     428   417   429  2143
 6885    1679  1676  1793  2003
 6886     920   921   917  1764
 6887    1616  1661  1929  1973
 6888     815   822  1986  2062
 6889     299   360  1767  2044
 6890      78    77   275  1971
 6891    1641  1622  1711  1747
 6892    1496  1500  1972  2145
 6893    1470   841  2064   840
 6894    1613  1785  1829  2088
 6895    1052  1072  1046  2023
 6896    1303  1310  1307  2094
 6897     685  1584  1505  1997
 6898     703  1827  1958  2154
 6899    2036   488   580  1457
 6900    1628  1626  1695  1867
 6901    1393  1283  1282  2142
 6902    1752  1829  2002  2088
 6903     857   856   858  2069
 6904     655   656  2020  2150
 6905    1785  1752  1836  1909
 6906    1042  1043  1685  2065
 6907     952  1106  1098  1878
 6908    1622  1641  1711  1833
 6909    1625  1352  2013  2089
 6910    1735   764  1839  1875
 6911     647   514   600  1866
 6912     369   383  2037  2121
 6913    1698  1608  1759  1801
 6914     461   462   459  1826
 6915    1340  1345  1344  1978
 6916    1059  1060  1727  1868
 6917     215   220  1979   211
 6918     977  1049  1050  1789
 6919     809   807   813  2156
 6920    1223  1233  1234  2088
 6921     831   993  1994  2042
 6922    1667  1666  1688  1740
 6923    1630  1637  1669  1684
 6924      11    58  1442  2035
 6925    1462  1536  1053  2146
 6926     703  1479   700  1958
 6927     997   904  1851  2082
 6928    1309  1310  1314  1923
 6929      34  1420  1428  1780
 6930    1626  1636  1708  2084
 6931    1728  1629  2112  2179
 6932    1293  1294  1624  2126
 6933     225   222   221  2101
 6934    1031  1683  1959  2030
 6935    1762  1613  1810  1837
 6936     484   483   482  1965
 6937    1319  1318  1889  1932
 6938    1182  1233  2002  2088
 6939     754   895   751  1905
 6940    1784  1753  1915  1931
 6941    1417  1357  1343  1642
 6942     205   212   207  2024
 6943     375   374   376  1824
 6944    1110  1240  1187  1945
 6945    1194  1196  1212  2055
 6946     721   723   725  2072
 6947    1889  1734  1920  2147
 6948     945   972  1690  2165
 6949    1263  1260  1601  2119
 6950    1482   122  2125  2203
 6951    1752  1719  1892  2005
 6952    1355  1356  1353  1920
 6953    1660  1657  1691  1887
 6954    1647  1633  1680  1731
 6955    1707  1678  1841  1906
 6956     481   574  1709  2050
 6957    1355  1352  1920  2089
 6958     411   409   486  2052
 6959     664   519  1913  2010
 6960     478   580  1741  2071
 6961     588   501  1916  2075
 6962     370   371  2021  2025
 6963     586   583   495  1954
 6964    1621  1634  1774  1995
 6965    1271  1287  1288  2138
 6966     519  1904  1916  2010
 6967     988   990  1680  2199
 6968     151   150  1828  2098
 6969    1859  1091  1883  2022
 6970     346   318  1832  2109
 6971     817   890  1911  1986
 6972      46  1924  2018  2028
 6973     597  1736  1806  2058
 6974     472   469   457  2103
 6975    1249  1600  1854  1861
 6976     644   624  2171  2196
 6977    1171  1008  1760  1860
 6978     800  1864  2110  2117
 6979    1067  1041  1868  2140
 6980     628   606  2063   670
 6981     444   381   446  1708
 6982    1993    12  2026  2191
 6983     720   722   723  1938
 6984     332   349  1709  2109
 6985     124   111  2028  2066
 6986     712  1722   708  1827
 6987    1263  1328  1746  2175
 6988    1323  1318  1320  1932
 6989    1364  1367  1366  2157
 6990     946   751  1898  2006
 6991     811   746  1715   742
 6992    1029  1097  2077  2144
 6993    1665  1703  1720  1761
 6994    1754  1661  1797  1975
 6995    1703  1717  2025  2087
 6996     638   640  2040  2067
 6997    1617  1895  1677  2068
 6998     747   732   746  2132
 6999     906   904   907  2054
 7000     987   985   986  2199
 7001     721   724   739  2188
 7002     511   514  1822  1866
 7003     648   650   649  1808
 7004     792   856   850  2069
 7005    1650  1631  1656  1679
 7006     117  1482  2125  2203
 7007    1795  1675  1941  2083
 7008     812   813  2093  2156
 7009    1648  1678  1738  1777
 7010     657  1578   658  2173
 7011     750   756   758  2132
 7012     600   647  1847  2173
 7013    1641   227  1711  2101
 7014     471   473   474  2103
 7015    1735  1808  1822  1900
 7016    1122  1093  1123  1910
 7017     624   584  2178  2196
 7018     663   662   694  1956
 7019     454   470  1672  2046
 7020    1809    11  1993  2035
 7021     603   699   602  1939
 7022     759   821  2001  2093
 7023     932   930   933  1967
 7024    1377  1408  1739  1871
 7025     306   308  1775  2201
 7026     859   806  2003  2202
 7027    1439  1431  1427  1831
 7028      22    83    81  1926
 7029    1995  1758  2111  2165
 7030    1048  1230   947  1786
 7031     569   551   550  1874
 7032     452   392  1830  2168
 7033    1763  1702  2057  2135
 7034     486  1876  1969  2071
 7035    1032  1033  1031  2032
 7036    1101  1104  1693  1878
 7037      70    69    68  2126
 7038     981  1002   994  1994
 7039    1538  1544  1150  2134
 7040     630   629  1901  2063
 7041     391   447   383  2121
 7042    1059  1067  1868  2140
 7043     467   465   540  2033
 7044     141   117   120  2086
 7045     225   221  1711  2101
 7046     687  1497   686  1997
 7047    1703  1663  1713  1753
 7048     723   721  2061  2072
 7049    1744  1220  2070  2123
 7050     750  1446   748  2132
 7051     319   321  1838  2163
 7052     341   251  1595  1791
 7053     499   419   506  1834
 7054    1713  1753  1784  1931
 7055    1270  1266  2128  1272
 7056    1611  1817  1850  1978
 7057     267   288   266  2083
 7058    1081  1083  1082  1886
 7059     349   346  1709  2109
 7060     747   741   732  2149
 7061     918   987  2082  2199
 7062     225   279   222  2101
 7063    1457   488  1856  2036
 7064       8    11     9  2035
 7065    1212  1211  1125  2055
 7066     279   226  2056  2101
 7067    1340  1275  1837  1849
 7068    1878  1779  2004  2008
 7069     226   227  1641  2101
 7070    1069  1071  1070  2034
 7071    1205  1198  1802  2123
 7072    1635  1685  1882  2023
 7073     258   323   342  1908
 7074    1548  1566   491  1969
 7075    1335  1192  1267  1982
 7076    1771  2084   446  2148
 7077    1666  1714  1962  2149
 7078    1725  1723  1807  2180
 7079    1344  1421  1343  1817
 7080    1209  1216  1210  1863
 7081    1184  1265  1326  1872
 7082    1799   385  1846  1855
 7083     384  1798  1846  2133
 7084     114   110   105  2113
 7085    1644  1734  1739  1920
 7086      59    60    62  1865
 7087     921  1732  1764  1912
 7088     365   370  2021  2037
 7089     502   430   501  1867
 7090     592   588   590  1935
 7091    1568  1507  1795  2176
 7092     146   211   144  2017
 7093     441  1444   448  1855
 7094       4    57  1809  2018
 7095    1837  1624  1893  1989
 7096    1439  1427  1812  1831
 7097    1828   138  1865  1914
 7098     348   349   346  1832
 7099     637   640  1495  2040
 7100    1659  1714  2067  2104
 7101     481   414   480  1709
 7102    1665  1641  1720  1775
 7103     671   702   670  1841
 7104    1685  1065  2023  2049
 7105     179   178   224  1936
 7106     982  1008  1860  2016
 7107     494  1928  2075  2197
 7108     573   647  1808  1822
 7109     622   582   583  2091
 7110    1607  1606  1620  1701
 7111    1660  1691  2024  2198
 7112     588   592  1916  1935
 7113     384   369   383  2037
 7114     431  1469   501  1867
 7115     159   154  1821  1964
 7116     313   372  2087  2172
 7117    1591  1555  2039  2189
 7118     638   639  1825  2040
 7119     231  1807  1848  1897
 7120     919   920   916  1764
 7121     396    72   394  1897
 7122     407   452  1915  2168
 7123     165   174  2129  2158
 7124    2000   897   898   892
 7125     318   321  1838  2109
 7126     579   568  1899   572
 7127     416   353   357  1835
 7128     362   296  1877  2131
 7129    1320  1323  1932  2089
 7130    1731  1680  2059  2199
 7131     423   425   429  2167
 7132    1619  1612  1629  2160
 7133    1621  1623  1630  1645
 7134     798   788   796  1722
 7135     849   853   869  2117
 7136     249   252  1791  2130
 7137    1700  1663  1718  1741
 7138     397   339  1931  1946
 7139     234   181   180  2080
 7140     608   558  1906  2039
 7141    1665  1703  1717  2025
 7142     967   965   938  1970
 7143     433   431   427  1867
 7144    1253  1255  1927  1963
 7145    1954  1743  2091  2178
 7146     811   810   813  2156
 7147    1439  1427  1438  1812
 7148    1610  1607  1697  1885
 7149    2015  1977  2100  2189
 7150    1763  1707  1841  1906
 7151    1424  1417  1343  1850
 7152     356   403  1796  1824
 7153     859   861   801  1917
 7154    1763  1702  1816  2057
 7155     115  1896  2113  2203
 7156    1096  1134  1121  1853
 7157    1743  1684  1894  2020
 7158    1654  1643  1809  1985
 7159     951   954   956  2004
 7160     199   200   202  2124
 7161    1086  1087  1800  1883
 7162    1653  1672  1761  1799
 7163      54    64  1677  1955
 7164     976   913  1758  2165
 7165    1836  1744  1885  2048
 7166    1916  1628  1991  2075
 7167     129   130   142  2076
 7168    1902  1990  2113  2203
 7169    1740  1825  2171  2196
 7170     636   735  1782  1825
 7171    1198  1141  1205  1802
 7172    1336  1453  1982  2193
 7173     937   934   935  1884
 7174    1948  2014  1640  2136
 7175    1490  1467  1574  1992
 7176    1865    16  1704  1993
 7177     429   417   424  2143
 7178     451   454   449  1855
 7179    1704  1852  1993  2191
 7180    1635  1610  1640  1651
 7181    1615  1621  1664  1690
 7182     773   388  1668  2148
 7183     153   148  1988  2098
 7184     528   431  1867  1913
 7185    1264  1785  1907  2119
 7186    1640  1615  1948  2136
 7187    1619  1624  1989  2142
 7188     627   615  2063  1443
 7189    1182  1190  1829  2002
 7190     777   778  1679  1881
 7191     152   156   179  1988
 7192    1271  1273  2128  2138
 7193     875   860  2096  2117
 7194      29  1423    30  1937
 7195     290   292   291  1925
 7196     190   175   112  1887
 7197    1143  1201  1104  1693
 7198     238   256  2080  2130
 7199       6    50  1391  1790
 7200    1181  1223  2002  1233
 7201     390   369  2021  2121
 7202    1204  1205  1968  2070
 7203    1545   660   661  2045
 7204     520   521  1813  1942
 7205     161   176   162  1783
 7206     825   898   892  2000
 7207    1703  1717  2087  2172
 7208    1711   178  1783  1936
 7209    1647  1779  1878  2077
 7210     680   761   757  1950
 7211    1373  1294  1624  2142
 7212    1027  1647  1878  2077
 7213     894   751   895  1898
 7214     725   722  1714  2072
 7215    1513  1532  1474  2062
 7216     933   965   966  1819
 7217     966  1467   933  1819
 7218     230   232   233  1848
 7219      37  1725  2116  2180
 7220     930   934  1967  2106
 7221    1655  1686  1694  2163
 7222    1125  1194  2055  2108
 7223    1515   983  1994  2099
 7224      80    86    81  1926
 7225      27   166  2129  2158
 7226     418   492  1814  2143
 7227     238   239   237  2080
 7228     322  1658  1716  2155
 7229     150   144   137  2017
 7230    1877   301  2056  2131
 7231    1687  1710  1869  1959
 7232    1287  1216  1858  1863
 7233     843   769   770  1952
 7234     566   567   565  1976
 7235      29    28  1423  1937
 7236     969   962   967  1845
 7237    1298  1300  2048  1302
 7238    1639  1678  1702  1718
 7239    1677  1895  1955  2068
 7240    1196  1195  1202  2079
 7241    1611  1644  1682  1937
 7242    1641  1987  2056  2101
 7243     718   716  2061  1546
 7244     616   614   613  2057
 7245    1345  1346  1978  1989
 7246     628   672   707  1901
 7247     318  1832  1838  2163
 7248    1389  1436  1304  1989
 7249    1142   954  1940  2004
 7250      43    41  1632  1850
 7251     945  2105  2152  2165
 7252     721   717  1881  2188
 7253    1473  1586  1585  2133
 7254     627   628   626  1901
 7255     286  1823  1925  2187
 7256    1828  1742  1865  2026
 7257     743   805  1598  2073
 7258     205   207  1941  2024
 7259    1629   139  1902  2029
 7260     963  1142  1940  2008
 7261     895  1811  1898  1905
 7262     273   279   226  2056
 7263    1415    21  1416  2115
 7264     859   816  1917  2031
 7265    1147  1138  1146  2095
 7266     584   582  2171  2178
 7267    1640  1737  1800  2014
 7268    1901  1659  1938  2153
 7269    1545  1554  1461  2045
 7270     510   483  1770  1965
 7271     113   114  1790  1990
 7272    1906  2015  2039  2189
 7273    1164  1542  2184  2205
 7274    1628  1787  1991  2197
 7275    1061  1059  1060  2011
 7276    1829  1182  2002  2088
 7277    1311  1310  1303  2094
 7278     303   364   362  2044
 7279    1621  1623  1645  1774
 7280     384   385   436  1846
 7281    1171  1786  1860  1872
 7282    1717   315  1747  1957
 7283     239   248  1747  2080
 7284     371  2021  2025  2087
 7285    1607  1616  1697  1973
 7286    1352  1334  2013  1468
 7287    1387  1388  1408  1871
 7288     648   658  1875  2173
 7289     640  2040  2067  2135
 7290    1628  1695  1787  2075
 7291    1819  1664  1845  1944
 7292    1294  1200  1293  1893
 7293    1566  1876  1928  1969
 7294     470   456  2168   454
 7295    1841   699  1939  2154
 7296     206   205   204  1941
 7297    1293  1624  1693  2008
 7298     202  1728  1890  2170
 7299    1328  1330  1746  2175
 7300      27   166  1848  2129
 7301    1837  1275  1893  2055
 7302    1249  1250  1478  1861
 7303    1371  1375  1818  1374
 7304     365  1473  2025  2037
 7305    1779  1133  1853  2079
 7306    1823  1796  1832  2163
 7307    1735  1808  1875  2173
 7308    2027   624  2178  2196
 7309     381   443   446  2084
 7310    1687  1719  1727  2011
 7311    1715  1656  2001  2156
 7312     149   146  2017  2098
 7313    1615  1640  1948  2023
 7314    1220  1222  1289  2123
 7315    1758  1472  1764  2111
 7316     992   926  1003  2030
 7317     186   198  1888  2112
 7318    1251  1849  1861  2055
 7319    1956  1768  2010  2122
 7320     492   418  1814  2081
 7321    1770   483  1953  1965
 7322    1621  1623  1634  1995
 7323     888   889  2000  2185
 7324    1250  1252  1478  2127
 7325    1106  1104  1101  1878
 7326    1705    32  1751  1937
 7327     316   314  1717  1791
 7328     854   875   873  2117
 7329    1432    46  1924  2018
 7330     913   976   978  2165
 7331    1754  1616  1804  1812
 7332    1652  1638  1857  1943
 7333     916   919  1764  1912
 7334     941   942  2105  2152
 7335      74    88   231  1807
 7336    1325  1352  1351  2089
 7337    1165  1166  1164  2085
 7338    1635  1610  1773  2005
 7339     817   815   822  1986
 7340    1590  1511  1915  2052
 7341    1607  1723  1780  1797
 7342    1852  1449  1993  2191
 7343    1425    41  1423  1850
 7344     447   385  1799  1855
 7345     214   207   215  1987
 7346    1518  1548   487  1876
 7347    1145  1984  1996  2120
 7348     240   241  1838  2109
 7349    1579  1576   506  2043
 7350    1248  1244  1110  1945
 7351    1676  1689  1911  1917
 7352    1368  1367  1528  2157
 7353    1412  1411  1706  1739
 7354    1608  1759  1801  1872
 7355    1855   442   440   441
 7356    1635  1773  1882  2181
 7357    1678  1906  1977  2015
 7358    1670  1810  1837  2055
 7359    1899  1874  1954  2178
 7360    1613  1762  1810  1945
 7361     370   371   365  2021
 7362    1621  1676  1689  1774
 7363     420   404  1796  1834
 7364    1611  1642  1644  1937
 7365    1643  1614  1654  1809
 7366     613   609   612  2135
 7367    1166  1165  1880  2085
 7368    1617  1606  1626  1665
 7369     122   139   120  2125
 7370    1765   298  1767  2187
 7371     896   902   923  1898
 7372     723  1487  1961  2061
 7373    1731  1623  1732  1851
 7374    1799   447   454  2121
 7375    1344  1342  1341  1978
 7376    1927  1255  1932  1963
 7377     438  1653  1799  1805
 7378     792   793  2009  2069
 7379    1294  1381  1373  2126
 7380      54    55  1955  2160
 7381      36    25  1327  2180
 7382    1608  1638  1652  1710
 7383    1196  1213  2055  2079
 7384    1697  1618  1927  2094
 7385     966   961  1572  1845
 7386     625   615  1443  2063
 7387    1787  1876  1928  1933
 7388     869   848  1792  2117
 7389    1694  1796  1823  2163
 7390     209   210  2124  2190
 7391    1342  1334  1602  2013
 7392     561   558   556  1816
 7393    1069  1154  1062  1868
 7394    1152  1151  1153  2008
 7395    1648  1620  1681  1770
 7396    1490   959   957  1992
 7397    1636  1658  1695  1820
 7398     371   368   313  2087
 7399     874   934   872  1756
 7400    1572  1574  1845  1992
 7401      22    23    83  1682
 7402    1474  1986  2062  2102
 7403    1205  1203  1968  2134
 7404    1305  1307  1923  2094
 7405    1867  1628  1916  2075
 7406    1105  1104  1878  2008
 7407    1689  1774  1911  1998
 7408     922   987  1634  2082
 7409     194   265  1795  2083
 7410     625   626  2063  1443
 7411    1321  1320  1932  2089
 7412     628   626  1901  2063
 7413     741  1714  1781  2149
 7414     259  1568  1507  1795
 7415    1798   363  1846  2133
 7416    1398  1371  1852  1372
 7417    1645  1634  1732  1912
 7418     985   918  2082  2199
 7419     272   268   267  1772
 7420    1917  1724  2096  2110
 7421    1775  1605  2087  2201
 7422    1702  1825  2027  2040
 7423    1759  1723  1801  1872
 7424    1710  1652  1857  2099
 7425    1815  1773  2034  2092
 7426     379   437   378  1765
 7427     169   140   171  2086
 7428     312   313   310  2087
 7429     787  1479  1596  1981
 7430      37    26    24  2116
 7431    1240  1244  1243  1945
 7432    1008  1169  1760  2194
 7433       3  1433  1812  2035
 7434     857   858  1966  2069
 7435    1289  1508  2123  2186
 7436     975  1010  1662  1009
 7437      87    26  2116  1539
 7438      99   101   151  1964
 7439     577   744   745  1905
 7440     207   212   213  2024
 7441    1610  1615  1621  1635
 7442     826   820  2169   824
 7443    1858  1284  1973  2123
 7444    1686  1681  1692  1698
 7445     167   165   174  2129
 7446     419   506  1834  2043
 7447     247   249  1791  2130
 7448     886   941  1998  2152
 7449     793   792   850  2069
 7450    1436  1347  1989  2078
 7451    1710  1778  1869  2016
 7452     235   236  1711  1747
 7453    1984  1719  2011  2095
 7454     408  1512   406  2052
 7455    1455  1478  1252  2127
 7456     562  1530  1816  2041
 7457     889   890  2102  2185
 7458    1630  1637  1684  1947
 7459     905   907  1732  2082
 7460     262   261   266  2083
 7461     919   897   921  1912
 7462    1755    93    69  2068
 7463    1874   551  2074  2164
 7464    1625  1642  1817  2013
 7465    1066  1067  1041  1868
 7466    1762  1785  1873  2088
 7467     387   380   275  2084
 7468     812   823   822  2062
 7469     659   660   655  1904
 7470    1055  1081  1080  2014
 7471    1814   429  1867  2167
 7472    1713  2046  2051  2052
 7473     684   767   768  1952
 7474    1107  1163  1737  2205
 7475     695   692   663  2007
 7476     472   471   474  2103
 7477      18  1706  2026  2191
 7478     710   796   703  1827
 7479    1787  1695  1933  2075
 7480    1178  1223  1844  2002
 7481     575   565  1976  2192
 7482    1204  1592  1553  2070
 7483    1814  1695  1820  1835
 7484     457   469  2046  2103
 7485    1275  1277  1340  1837
 7486     604   597   595  1806
 7487    1039   968  1690  1970
 7488    1611  1625  1817  1837
 7489    1715  2001  2132  2182
 7490     222   279   216  2101
 7491     519   664   666  2010
 7492     453   456   454  2168
 7493    1692  1808  1900  1976
 7494     561   563  1816  2041
 7495    1849  1252  1903  1978
 7496     552  1822  1900  2050
 7497    1600  1854  1861  2127
 7498    1767  1772  1925  2131
 7499     934  1756  1967  2106
 7500    1096  1095  1094  2022
 7501    1063  1380  1379  2126
 7502    1387  1386  1388  2147
 7503     587   583   586  2091
 7504    1382  1403  1381  2126
 7505     121   113   118  1990
 7506    1321  1932  2038  2089
 7507     892  1912   893  2000
 7508    1635  1610  1651  1674
 7509    1894   589  1991  2091
 7510    1334  1352  2013  1333
 7511    1080  1055  2014  2136
 7512     961   962  1034  2090
 7513     276   210    94  1755
 7514    1784   413  1933  2200
 7515    1761  1720  1767  1798
 7516     794   715  1722  2153
 7517    1207  1177  1226  1909
 7518    1291  1286  1292  1973
 7519     372  2021  2087  2172
 7520      32    42  1751  1937
 7521     707  1707  1841  1901
 7522    1647   999  1769  1851
 7523    1097  1090  1029  2077
 7524     805   803  1793  2156
 7525     894   895   902  1898
 7526     703   786  1596  1722
 7527    1026  1016  1710  2016
 7528    1398  1449  1852  2191
 7529    1173  1538  1892  2070
 7530    1699  1760  1801  1919
 7531       4  1654  1809  2066
 7532    1649  1637  1840  2069
 7533    1198  1205  1218  2123
 7534     973   974  1690  2165
 7535     765   780  1470  2162
 7536     408   406   405  2052
 7537     121   117  2203  1482
 7538    1463   717  1881  2061
 7539     443   773   673  2148
 7540      90    33  1705  1751
 7541     167   174   112  2129
 7542     167   166   165  2129
 7543    1679  1714  1881  1962
 7544    1609  1611  1613  1625
 7545     924  1006   923  1860
 7546      52    53  1397  1955
 7547    1401  1400  1804  1812
 7548    1544  1204  1203  1968
 7549    2027  1740  2171  2196
 7550    1774  1912  2000  2185
 7551     369   390   383  2121
 7552    1912   893  2000  2185
 7553     392   391   393  2121
 7554    1638  1729  1891  2042
 7555    1695  1814  1820  2081
 7556    1709  1681  1900  1976
 7557    1136  1869  2032  2120
 7558    1473  1537  1586  2037
 7559    1220  1225  1744  1892
 7560    1626  1636  1695  1867
 7561     707   702  1841  2154
 7562    1686  1620  1694  1832
 7563    1245  1246  1762  1854
 7564    1853  1123  1910  2108
 7565    1512   408  1590  2052
 7566    1738  1922  2033  2195
 7567     691   787   781  1981
 7568     161   164   176  1783
 7569     519   664  1913  1935
 7570    1107  1737  1910  2205
 7571     503   588   497  2075
 7572    1704  1742  1926  2026
 7573    1806  1678  1977  2015
 7574      65    54    52  1955
 7575     570   563   562  1816
 7576    1025  1126  1710  1959
 7577    1480   300  1925  2131
 7578    1774  1998  2152  2185
 7579     261   194  1795  1507
 7580    1222  1299  2048  1483
 7581     686  1497  1484  1997
 7582     207  1979  1987  2024
 7583    1588  1460  1992  2090
 7584    1790  1751  1990  2113
 7585     344   341  2137  2161
 7586     520  1580   507  1999
 7587     606   670   605  1841
 7588     348   414   349  1832
 7589     487   493  1876  1933
 7590    1218  1289  1284  2123
 7591    1714  1659  1938  2104
 7592    1727  1730  2011  2204
 7593    1771   664  1913  2010
 7594    1694  1796  1824  2187
 7595     416  1814  1835  2143
 7596     126  1629  2160  2179
 7597     437   438  1653  1799
 7598     975  1634  1662  1764
 7599    1686  1848  1897  2109
 7600    1211  1112  1125  2108
 7601     420   404  1834  1953
 7602     920   919   921  1764
 7603     997   847   846  1840
 7604    1531  1562  1561  2114
 7605    1597   740  1598  2073
 7606    1180  1815  1844  2034
 7607    1391    50  1476  1790
 7608     117   121  2203   115
 7609       7  1398  1449  1993
 7610    1613  1618  1625  1907
 7611     405   336   408  2052
 7612     307  1775  1877  1957
 7613    1159  1070  1882  2092
 7614     998  1027  1647   999
 7615    1766  1701  1839  1958
 7616    1523  1448  1599  2179
 7617    1212  1275  1849  2055
 7618     887   889   890  2102
 7619    2001  1676  2012  2062
 7620    1675  1655  1941  2083
 7621      68  1381  1380  2126
 7622     271   270   273  2056
 7623      13  1407  2191  1449
 7624     336  1784  2052  1931
 7625    1400  1440  1365  1812
 7626    1661  1699  1801  1863
 7627     344   341  1820  2137
 7628     177   179   156  1988
 7629    1870   750  1950  2132
 7630    1262  1246  1331  1903
 7631     369   365   371  2021
 7632     741   726  1781  2072
 7633     860   875   854  2117
 7634      40   174   165  2158
 7635    1213  1275  2055  2079
 7636    1055  1010  1960  2136
 7637     703   710  1827  2154
 7638    1576  1580   520  1999
 7639    1371  1696  1930  2114
 7640     931   932   933  1819
 7641     727  1781  1825  1951
 7642     523   598  1866  2058
 7643     861  1917  2110  2202
 7644    1685  1065  2049  2065
 7645     712  1722  1827  2153
 7646    2155   282   283  2170
 7647     713   672   627  1901
 7648    1794   103  1964  2107
 7649    1654  1754  1780  1924
 7650    1084  1081  1055  2014
 7651       3  1442    57  2035
 7652     959  1574  1572  1992
 7653     416   353  1835  2081
 7654     452   407   456  2168
 7655     297   362  1767  2131
 7656     580   488  2071   479
 7657    1524   574  2050  2192
 7658     855   856   792  1966
 7659     694   695  2007  1509
 7660     159   158  1821  1896
 7661    1071  1069  1068  1868
 7662    1437  1426  1425  1850
 7663    1684  1956  2150  2151
 7664     285   425   358  2167
 7665     107   104  1749  1896
 7666     908   905   997  2082
 7667     559   549   561  2041
 7668    1076  1165  1161  2092
 7669     673   773   774  2148
 7670     790   869   838  1864
 7671    1270  1210  1287  2128
 7672     145   212   203  2024
 7673    1247  1248  1110  1945
 7674     145   203   142  2024
 7675    1627    55    56  2160
 7676     544   542   543  2164
 7677     443   445   446  2148
 7678     248   247  1791  2130
 7679     756   746   732  2132
 7680    1354  1388  1386  2147
 7681     318   321   319  2163
 7682     913   945   943  2165
 7683     328   345   259  2163
 7684    1580  1589   508  2159
 7685    1576  1589  1580  2159
 7686     358   425   423  2167
 7687     971   972   945  2165
 7688     971   945   913  2165
 7689     944   968   967  1970
 7690     823   812   821  2093
 7691      32    30    42  1937
 7692    1665  1717  1747  1957
 7693    1876  1856  1928  1969
 7694    1722   798  1864  2110
 7695     768  1673  1712  1952
 7696    1505  1839  1958  1997
 7697     501   503   502  2075
 7698      47    38  1428  1924
 7699     994  1652  1959  2099
 7700     689   598   602  1939
 7701    1984  1145  1996  2011
 7702    1008  1760  1860  2194
 7703     283   202  2155  2170
 7704    1697  1927  1980  2094
 7705    1812  1754  1831  1975
 7706    1345  1277  1304  1978
 7707    1167  1187  2184  1569
 7708    2048  1289  2123  2186
 7709     844   785  1840  1947
 7710    1366  1365  1364  1975
 7711    1670  1520  1810  2055
 7712     597  1543   536  2139
 7713     700   703  1958  2154
 7714    1884  1689  1998  2105
 7715     444   527   528  1708
 7716    1149  1154  2005  2011
 7717     708   712  1827  2153
 7718     902   923  1898  1943
 7719    1269  1559  1919  2128
 7720      86  1794  1926  2107
 7721    1538  1173  1553  2070
 7722      39  1428    38  1921
 7723    1161  1158  1157  1815
 7724    1612  1705  1750  1821
 7725     475  1511   410  2046
 7726    1876  1713  2051  2052
 7727    1803  2021  2025  2037
 7728    1664  1845  1862  2065
 7729    1773  1727  2005  2034
 7730     367  1537   365  2037
 7731    1892  1206  2005  2095
 7732    1209  1210  1117  1919
 7733    1713  1753  1931  2137
 7734    1334  1332  1602  2013
 7735     851   951   950  2004
 7736     851   949  1649  2004
 7737     451   449   450  1855
 7738     323   326  1908  2155
 7739    1664  1687  1730  1959
 7740     975  1049  1758  1789
 7741     590   518   529  1935
 7742    1658  1636  1890  2155
 7743    1746  1817  1903  2013
 7744    1642  1333  1817  2013
 7745     638   635   633  2067
 7746    1794    99  1828  1964
 7747    1274  1363  1360  1975
 7748    1307  1310  1923  2094
 7749     314   317  1717  1791
 7750    1687  1664  1710  1959
 7751     655  1904  2150  2020
 7752    1613  1618  1785  1836
 7753     101    99    98  1964
 7754     469   470   457  2046
 7755    1293  1381  1294  2126
 7756     314  1717  2087  2201
 7757     148   153   218  2098
 7758     475  2046  2051  2103
 7759    1050   973   977  2165
 7760    1056  1057  2140  1471
 7761    1902   117  2125  2203
 7762     248   256   249  2130
 7763     652   645   653  2150
 7764     111   124   112  2053
 7765     384   436   366  1846
 7766     617  1582   572  2097
 7767    1550  1554   661  2045
 7768     150   149  2017  2098
 7769    1560   123  2066  2198
 7770    1392  1436  1389  2078
 7771    1723    34  1725  1780
 7772     589   592   659  1894
 7773     959  1490  1574  1992
 7774     692   683   676  2151
 7775    1112  1111  1113  1910
 7776     826   759  2169  1493
 7777    1816  1678  1906  1977
 7778    1739  1644  1920  2115
 7779     961  1992  2090  1588
 7780     603   607  1841  2058
 7781     415   414   351  1953
 7782    1662  1776  1960  2136
 7783      54    55    53  1955
 7784     476   488   479  2071
 7785     410  2051  2052  2071
 7786     126  1629   139  1902
 7787     609   615  1763  2135
 7788    1059  1727  2011  2204
 7789     900   980  1943  1994
 7790     543  1977  2041  2189
 7791     689   688  1875  1505
 7792    1966   792  2009  2069
 7793    1623  1840  1649  1630
 7794     863   860   800  2110
 7795    1881  1962  2072  2188
 7796    1371  1372  1369  1804
 7797     552   482   483  2050
 7798     296   301   302  1877
 7799     619   621   617  2097
 7800     579  1874   581  1899
 7801    1070  1155  1069  2034
 7802    1327    36  2180  2193
 7803     997  1840   904   847
 7804     493   492  1933  2081
 7805    1353  1356  1642  1920
 7806    1941  1748  1987  2083
 7807     696   783   698  1768
 7808     218   153  1936  2098
 7809    2029  1902  2086  2125
 7810     690  1958  1981  1997
 7811    1938  1961  2061  2072
 7812    1235  1236  1237  1785
 7813    1740  2027  2171  2178
 7814     198   322  1888  1501
 7815     546   473   547  2074
 7816     551   548   547  2074
 7817    1958  1839  1981  1997
 7818    1017  1494   982  2016
 7819     216   217  1979  2101
 7820    1417  1418  1642  1850
 7821     475   457  2046  2103
 7822    1652  1664  2030  1683
 7823    1672  1753  2121  2168
 7824    2040  1702  2067  2135
 7825     492   428  1814  2143
 7826    1823  1694  1925  2187
 7827    1294  1297  1200  1893
 7828     180   181  1783  2080
 7829     752   642  1811  1905
 7830     983  1515   984  2099
 7831    1669  1768  2009  2010
 7832     777   715  1679  2110
 7833    1606  1611  1619  1837
 7834     895   753  1811  1905
 7835     395   566   866  2006
 7836    1133  1202  1195  2079
 7837     848   873   872  2117
 7838    1704  1809  1865  1993
 7839     818   819  1911  2031
 7840    1612  1627  1632  1751
 7841     707  1707  1827  2154
 7842    1224  1229  1836  1909
 7843    1331  1252  1849  2127
 7844    1142  1152  1143  2008
 7845    1152  1201  1143  2008
 7846      64  1382   133  2068
 7847     207   213  1979  2024
 7848     802   861   800  2110
 7849      69  1755  2068   275
 7850    1615  1685  2023  2049
 7851     970   968  1039  1970
 7852    1308  1745  1980  2094
 7853    1478  1455  1600  2127
 7854    1634  1774  1995  2111
 7855     929   928   927  2106
 7856    1791  1595  1820  1908
 7857    1191  1117  1210  1919
 7858     614   631   613  2135
 7859     640   614   616  2135
 7860    1355  1352  1356  1920
 7861     347   240   321  2109
 7862    1763   615  2067  2135
 7863    1874  1718  2041  2164
 7864    1612  1619  1627  2160
 7865    1309  1371  1930  2114
 7866     762  1673  1870  1950
 7867     425   434   427  1636
 7868     471   477   476  2051
 7869    1690  1615  2049  2065
 7870     969  1036  1845  2065
 7871     181   235  1747  2080
 7872    1694  1767  1925  2187
 7873    1714  1781  2067  2104
 7874     606   625  1489  2063
 7875    1685  1041  1862  2140
 7876    1370  1368  1528  1930
 7877     808   812   815  2062
 7878     831   842   909  1891
 7879    1606  1620  1663  1665
 7880     313   334   372  2172
 7881     148   220   149  2098
 7882     486   409  1876  2052
 7883    1231  1230  1238  1786
 7884     392   393  1830  2121
 7885     910   909   842  2042
 7886     725   723   722  2072
 7887     409   408   336  2052
 7888     980   831   981  1994
 7889    2021  1703  2025  2172
 7890     272   266   214  2083
 7891    1593  2066  2076  2198
 7892     878   935   879  1974
 7893    1624  1373  1895  2126
 7894      39    35  1921  2158
 7895     126  1902  2125  2160
 7896     246   257   258  2130
 7897     673   674   675  2148
 7898    1072  1065  1045  2049
 7899    1017  1016  2016  2099
 7900    1289  1218  1205  2123
 7901    1810  1837  1849  1978
 7902     730   756   732  2149
 7903     148   147   151  2098
 7904     239   256   248  2130
 7905    1347  1421  1346  1978
 7906     751   744   754  1905
 7907      79    80  1682  2174
 7908    1039   969  1970  2065
 7909    1264  1244  1873  1242
 7910     591   519  1904  1916
 7911     928  1445   927  2106
 7912     137   144   143  2017
 7913     219   218  1936  2101
 7914    1370  1281  1291  1930
 7915     246   245  1888  2130
 7916    1986  2003  2031  2062
 7917      77    76   775  1971
 7918    1286  1281  1288  1973
 7919      78  1063    75  1971
 7920    1787  1713  1876  1933
 7921    1311  1317  1310  2094
 7922    1742  1622  1750  1833
 7923    1630  1650  1667  1740
 7924    1638  1724  1729  1792
 7925    1730  1869  1984  2120
 7926    1806   596  2015  2139
 7927     239   248  2080  2130
 7928     825   898  2054  2118
 7929    1986  1774  2102  2185
 7930     715  1463   717  1881
 7931     393   391  1830  2121
 7932    1292  1308  1291  1973
 7933    1291  1308  1745  1973
 7934     661  1554  1545  2045
 7935    1317  1311  1316  2094
 7936     363   360   299  2044
 7937     443   675   445  2148
 7938     439   504  1757  2159
 7939    1658   246  1888  2130
 7940    1305  1308  1307  2094
 7941     167   112   175  2129
 7942    1473  1585   303  2044
 7943    1307  1308  1303  2094
 7944     364   303  1585  2044
 7945    1461  1554  1550  2045
 7946    1864  1722  1958  1981
 7947     579   619   572  2097
 7948     304  1473   303  2044
 7949    1164  1166  1886  2085
 7950     887   890  1474  2102
 7951    1252  1340  1341  1978
 7952     411   486   410  2052
 7953    1654     4  1809  2018
 7954     843   844  1918  1947
 7955    1425  1426    41  1850
 7956    1319  1320  1318  1932
 7957     469  2033  2046  2103
 7958    1319  1316  1315  1932
 7959     384   386  1846  2121
 7960     997   905   904  2082
 7961    1061  1059  2011  2204
 7962     351   348   350  1832
 7963     154    85  2174  1486
 7964     795   794   715  2110
 7965     708   709   672  2153
 7966     942   945   944  2105
 7967     821  1519   823  2093
 7968     655  1461   676  2150
 7969      56    54   131  2160
 7970     654   645   652  2150
 7971    1894   592  1916  1991
 7972    1436  1345  1304  1989
 7973    1618  1697  1889  2094
 7974     633   629   632  2104
 7975     410  1583   411  2052
 7976    1276  1278  1277  1989
 7977     635   719   633  2104
 7978    1408  1739  1871  2147
 7979     618   616   570  2057
 7980     658  1578  1875  2173
 7981    1283  1278  1282  1989
 7982     570   611   563  2057
 7983    1133  1194  1853  2079
 7984      15    14    16  2026
 7985    1080  1462  1054  2136
 7986    1012  1019  1960  1581
 7987     331   233   232  2109
 7988    1721  1833  1979  2101
 7989    1756   876  1974  2096
 7990     481   332   340  1709
 7991    1621  1639  1631  1650
 7992    1762  1829  1873  1945
 7993     908   997  1464  2082
 7994     212   205   206  2024
 7995     473   478  1741  2051
 7996    1047  1447  1948  2146
 7997    1098  1100  1099  2144
 7998    2021   369  2037  2121
 7999     805   807   803  2156
 8000    1394  1396  1395  2142
 8001     386   385  1846  2121
 8002     391   390  1830  2121
 8003    1389  1283  1390  2142
 8004    1484  1565  1981  1997
 8005     217   279  1987  2101
 8006     410   477   475  2051
 8007     125   126  2125  2160
 8008    1599   201  2112  2183
 8009    1506  1522   732  2149
 8010     227   225  1711  2101
 8011     719   634  1781  2104
 8012     773   443   388  2148
 8013     245   243  1646  2130
 8014     257   246  1908  2130
 8015    1146  1138  1144  2095
 8016     200   209   210  2124
 8017     758   756  1950  2132
 8018    1613  1651  1674  1945
 8019     347   349   332  2109
 8020     941   884  1998  2105
 8021     857   851  1649  1940
 8022    1899  1874  2041  2060
 8023     268   301   296  2131
 8024     169   234   163  1726
 8025    1674  1188  1815  2002
 8026     706   669   704  2009
 8027    1695  1713  1787  1933
 8028    1354  1386  1355  1920
 8029    1938  1881  1961  2153
 8030    1689  1884  1995  2105
 8031     232   241   240  2109
 8032    1679  1722  1881  2153
 8033    1112  1122  1121  2108
 8034    1050  1789  1948  2165
 8035     119   118    56  2160
 8036     707   709  1827  2153
 8037      56  1627  2160   118
 8038    1995  1970  2105  2166
 8039    1776  1055  1960  2136
 8040    1038  1037  1036  2065
 8041    1848   233  1897  2109
 8042     872   927  2106  1552
 8043     630   627   629  2063
 8044     198  1604  1888  2112
 8045     913   943   914  2152
 8046     131   126   125  2160
 8047    1055  1776  1800  2136
 8048     884   886   941  1998
 8049    1041  1042  1685  2065
 8050     714  1961  2061  2153
 8051    1059  1471  2140  2204
 8052     609   615   610  2063
 8053    1670  1853  2055  2079
 8054    1448   131  1594  2179
 8055     799   795   715  2110
 8056    1121  1122  1123  2108
 8057    1349  1272  1360  1797
 8058     220   146   149  2098
 8059    1403  1373  1895  2142
 8060     853   800   860  2117
 8061     872   873   874  2117
 8062    1664  1819  1845  2065
 8063     371   373   389  2021
 8064    1135  1099  1779  2144
 8065    1949  1738  2074  2164
 8066    1606  1612  1622  1665
 8067     353  1820  1835  2081
 8068    1429  1428  1780  1831
 8069    1507   196  1675  2176
 8070     609   610  1763  2063
 8071     395    72  1692  1807
 8072    1732  1645  1840  1851
 8073     679   652   656  2150
 8074    1694  1772  1823  1925
 8075     371   372   373  2021
 8076    1445   928  1792  2106
 8077     900   903   833  1943
 8078     885   884   881  1998
 8079    1602  1342  1817  1903
 8080      28  1642  1850  1937
 8081     702   607   670  1841
 8082     350   348   352  1832
 8083     300   297  1767  2131
 8084     563   611  1816  2057
 8085      80    81    82  1926
 8086     849  1729  1864  2117
 8087     951   851   954  2004
 8088    1505  1584   688  1997
 8089     187   188  1888  2029
 8090    1062  1146  2011  1149
 8091     930   932   929  2106
 8092     626  1443   627  2063
 8093     631   614   640  2135
 8094     914   891   912  2152
 8095     608   610   625  2063
 8096     102   100   154  2107
 8097    1205  1141  1147  2134
 8098    1407    13  2191  1517
 8099    1683   960  2032  2204
 8100    1927  1311  1980  2094
 8101      12    10     7  1993
 8102     634   635   638  2104
 8103     714   672  1961  2153
 8104     615   613   631  2135
 8105    1776  1640  1800  2136
 8106     932   931   929  2106
 8107     119   118  1990  2203
 8108    1679  1827  1650  1631
 8109     987   986  1563  2199
 8110    1798  1877  1767  2044
 8111     333   332  1897  2109
 8112     799   715   777  2110
 8113    1695  1703  1713  2137
 8114    1662  1640  1776  2136
 8115     119  1990  2160  2203
 8116    1055  1800  2014  2136
 8117    1112  1113  1122  2108
 8118     942   941   886  2152
 8119     344   343   400  2137
 8120    1827  1679  1650  2153
 8121    1816  1702  1874  1899
 8122    1300  1302  1301  1980
 8123     838   842   839  1891
 8124     102   154  1964  2107
 8125     210  1728  2124  2190
 8126    1349  1266  1272  1797
 8127    1108  1093  1122  1910
 8128    1114  1494  2016  2194
 8129     202   199  2124  2170
 8130     478   569   550  1874
 8131      80    84    86  2107
 8132    1194  1853  2055  2108
 8133    1889  1920  2089  2147
 8134    1739  1734  1871  2147
 8135    1289  1222  2048  2123
 8136      37    39    27  2158
 8137    1434  1439  1433  1831
 8138     472   546  1922  2103
 8139    1723  1327  2180  2193
 8140    1627     6  1733  1790
 8141     939   941   942  2105
 8142     937   930   934  1967
 8143      68  1063    78  2126
 8144     613   612  2057  2135
 8145     615   632  2067  2135
 8146    1682  1644  1750  1926
 8147     786  1596  1958  1981
 8148    1396    52  1733  1955
 8149     325   354   324  1835
 8150      59  1809  1865  1985
 8151    1571   537  2139  2145
 8152     906   829  1671  2118
 8153     600   657   648  2173
 8154    1302  1311  1301  1927
 8155    1151  1064  1879  1940
 8156    1465  1534   713  1961
 8157     473  2051  2074  2103
 8158    1807  1686  1848  1897
 8159     226  1641  1957  2056
 8160     982  1006  1857  1860
 8161    1640  1880  1886  2014
 8162     362   299  1767  2044
 8163      97    95  1794  1828
 8164    1631  1676  1679  1917
 8165    1356  1353  1642  2115
 8166    1655  1622  1721  1748
 8167    1019  1680  1018  1731
 8168     194   196   195  1675
 8169    1659  1650  1714  1938
 8170    1681  1648  1770  1822
 8171    1292  1286  1508  2186
 8172     862   816   865  2096
 8173     686  1484  1766  1997
 8174     580   478  1741  1874
 8175    1612  1617  1646  1658
 8176    1770  1648  1813  1822
 8177    1215  1132  1217  1858
 8178    1768  1669  1956  2010
 8179    1914  1742  2017  2024
 8180    1662  1623  1731  1776
 8181    1609  1696  1704  1706
 8182     804   776  1597  2188
 8183     514   647  1822  1866
 8184     462   532   459  1826
 8185     157   162  1783  1964
 8186     379   436   437  1846
 8187     114  1790  1990  2113
 8188    1983  1571  2139  2145
 8189     358   284   285  2167
 8190     285   432   425  2167
 8191     427   429   425  2167
 8192     423   429   424  2167
 8193     407  1511   475  2168
 8194     826  2012   827  2118
 8195    2012   826   827  2169
 8196    1532  1481  2102  2169
 8197     820  1519  1493  2169
 8198    1481   820   824  2169
 8199     820  1532  1513  2169
 8200     820  1481  1532  2169
 8201     282  2155   283   281
 8202     282   322  1501  2170
 8203    1521  1501  1604  2170
 8204     498   494  2075  2197
 8205     490   495  2036  2197
 8206    1448  1594  1599  2179
 8207     197   126  1523  2179
 8208      24  1539    25  2180
 8209     653   622  2020  2171
 8210     645   653  2020  2171
 8211     646   645  1788  2171
 8212     644   646  1788  2171
 8213     622   584   582  2171
 8214     584   622   624  2171
 8215     197  1523  2112  2179
 8216     622   644   624  2171
 8217     497   498  2075  2197
 8218     622   645   644  2171
 8219     645   622   653  2171
 8220     644   645   646  2171
 8221     335   334   317  2172
 8222     335   372   334  2172
 8223     657   599   598  2173
 8224     599   657   600  2173
 8225     647   600   648  2173
 8226     647   648   649  2173
 8227      85    91    92  2174
 8228      91    85    90  2174
 8229      90    85    79  2174
 8230    1262  1332  1329  2175
 8231    1330  1329  1477  2175
 8232    1262  1329  1328  2175
 8233    1329  1330  1328  2175
 8234    1330  1477  1468  2175
 8235    1262  1328  1263  2175
 8236     260   196  1568  2176
 8237     255   253   254  2176
 8238     254   196   260  2176
 8239    1507  1568   196  2176
 8240    1842  1863  1801  1919
 8241     839  1891  2064  2177
 8242     840   839  2064  2177
 8243    2064  1766  2162  2177
 8244    1470  2064  2162  2177
 8245    1766  1470  2162  2177
 8246     838   788  1864  2177
 8247     788   789  1864  2177
 8248    1729  1864  1891  2177
 8249     838  1729  1891  2177
 8250    1729   838  1864  2177
 8251     839   838  1891  2177
 8252     840   782   779  2177
 8253     779   838   840  2177
 8254     838   779   788  2177
 8255     779   789   788  2177
 8256     840   838   839  2177
 8257     495  1954  2036  2197
 8258    2027   624  2171  2178
 8259     581   579  1954  2178
 8260     578   581  1954  2178
 8261     582   619   578  2178
 8262     584   619   582  2178
 8263     578   619   579  2178
 8264     579   581   578  2178
 8265      25  1326  1327  2180
 8266      37    36    35  2180
 8267      36    34    35  2180
 8268    1070  1773  2034  2181
 8269    1071  1070  2034  2181
 8270    1069  1071  2034  2181
 8271    1071  1069  1868  2181
 8272    1868  1069  2034  2181
 8273    1070  1071  1073  2181
 8274    1068  1073  1071  2181
 8275    1065  1074  1073  2181
 8276    1068  1065  1073  2181
 8277    1065  1068  1042  2181
 8278    1042  1068  1066  2181
 8279    1604  1888  2112  2183
 8280     200  1599  2124  2183
 8281    1501  1604  2170  2183
 8282    1604  1501  1888  2183
 8283    1888  1501  2170  2183
 8284     201   199  1521  2183
 8285     200   199   201  2183
 8286     201  1521  1604  2183
 8287     200   201  1599  2183
 8288    1164  1542  2085  2184
 8289    1674  2184  1651  2085
 8290    2184  1674  1188  2085
 8291    1674  1829  1945  2184
 8292    1190  1189  1829  2184
 8293    1188  1190  1829  2184
 8294    1187  1569  1110  2184
 8295    1188  1187  1189  2184
 8296    1187  1188  1542  2184
 8297    1188  1189  1190  2184
 8298     883   882  1911  2185
 8299    1911   882  1998  2185
 8300     889   888   883  2185
 8301     888   911   891  2185
 8302     891   883   888  2185
 8303     888   893   911  2185
 8304     889   883   890  2185
 8305     882   883   891  2185
 8306     291  1925  1767  2187
 8307     356   375  1824  2187
 8308     355  1796  1823  2187
 8309     355   356  1796  2187
 8310    1823   289   355  2187
 8311     289  1525   291  2187
 8312     291   374   289  2187
 8313     375   289   374  2187
 8314     356   289   375  2187
 8315     289   356   355  2187
 8316     289  1823   355   329
 8317     122   119  2125  2203
 8318     556   559  2041  2189
 8319    1503   556  1555  2189
 8320     556  1503   543  2189
 8321    1549  1503  1591  2189
 8322    1555  1591  1503  2189
 8323     543   559   556  2189
 8324      94   209   134  2190
 8325      94   210   209  2190
 8326     209  1456   134  2190
 8327      94   134   133  2190
 8328     134  1456  1594  2190
 8329     131   134  1594  2190
 8330     132   133   134  2190
 8331      18  1517  1407  2191
 8332    1398  1407  1449  2191
 8333      12  1517    18  2191
 8334      12    13  1517  2191
 8335    1405    18  1407  2191
 8336    1407  1406  1405  2191
 8337     575   573   576  2192
 8338     575   574  1524  2192
 8339     575   576   565  2192
 8340    1723  1801  1872  2193
 8341    1326  1723  1872  2193
 8342    1265  1801  1842  2193
 8343    1265  1326  1872  2193
 8344    1801  1265  1872  2193
 8345    1337  1338    36  2193
 8346    1336  1338  1337  2193
 8347    1337    36  1327  2193
 8348    1419    36  1338  2193
 8349    1337  1453  1336  2193
 8350    1337  1327  1326  2193
 8351    1337  1326  1265  2193
 8352    1265  1453  1337  2193
 8353    1169  1115  1170  2194
 8354    1008  1115  1169  2194
 8355     466   464  2033  2195
 8356    1805  1738  2033  2195
 8357    1738  1777  1949  2195
 8358     464  1805  2033  2195
 8359     464   461  1805  2195
 8360     463  1777  1826  2195
 8361    1777   463  1826  1972
 8362    1777  1805  1826  2195
 8363    1777  1738  1805  2195
 8364     463   468   538  2195
 8365     468   467   540  2195
 8366     466   467   468  2195
 8367     461   463   462  2195
 8368     464   466   461  2195
 8369     621   623   620  2196
 8370     620  1495   621  2196
 8371     623   636  1514  2196
 8372     619   623   621  2196
 8373     623   624   644  2196
 8374     644   636   623  2196
 8375     623   584   624  2196
 8376     619   584   623  2196
 8377     585   586   495  2197
 8378     496   498   495  2197
 8379     585   498   497  2197
 8380     494   498   496  2197
 8381     496   495   490  2197
 8382     588   585   497  2197
 8383     193   192  1691  2198
 8384     191   193  1691  2198
 8385    1593  2076   129  2198
 8386     129   191  1593  2198
 8387     191  1560  1593  2198
 8388     192   191   129  2198
 8389     123  1560   191  2198
 8390     206   129   203  2198
 8391     129  1691   192  2198
 8392     192   193   191  2198
 8393     918   985   987  2199
 8394     413   493  1933  2200
 8395     409  1784   336  2200
 8396     409   413  1784  2200
 8397     412   400   402  2200
 8398     412   402  1499  2200
 8399     412  1499   493  2200
 8400     412   336   400  2200
 8401     412   493   413  2200
 8402     412   409   336  2200
 8403     413   409   412  2200
 8404     311   310  1498  2201
 8405     315   312   311  2201
 8406     311   308   306  2201
 8407     315   311   309  2201
 8408     309   311   306  2201
 8409    1793   804  2073  2202
 8410    1679  1793  2073  2202
 8411     803   804  1793  2202
 8412    2073   804  2188  2202
 8413    1679  2073  2188  2202
 8414     778  1679  2188  2202
 8415     778   777  1679  2202
 8416     804   778  2188  2202
 8417     802   806   801  2202
 8418     859   801   806  2202
 8419     802   804   806  2202
 8420     804   802   777  2202
 8421     799   777   802  2202
 8422     804   803   806  2202
 8423     778   804   777  2202
 8424     122  1482   121  2203
 8425     121   119   122  2203
 8426     115   116   121  2203
 8427     121   118   119  2203
 8428    1145  1730  2120  2204
 8429     960  1032  2032  2204
 8430    1103  1145  2120  2204
 8431    1102  1103  2120  2204
 8432    1058  1057  1059  2204
 8433    1145  1058  1059  2204
 8434    1058  1567  1057  2204
 8435    1059  1057  1471  2204
 8436    1145  1102  1058  2204
 8437    1102  1032  1058  2204
 8438     960  1567  1058  2204
 8439    1145  1059  1061  2204
 8440     960  1058  1032  2204
 8441    1145  1103  1102  2204
 8442    1111  1910  1945  2205
 8443    1110  1111  1945  2205
 8444    1111  1108  1910  2205
 8445    1163  1107  1168  2205
 8446    1164  1163  1168  2205
 8447    1107  1108  1168  2205
 8448    1108  1110  1168  2205
 8449    1164  1168  1167  2205
 8450    1082  1163  1164  2205
 8451    1110  1569  1168  2205
 8452    1167  1168  1569  2205
 8453    1167  1542  1164  2205
 8454    1108  1111  1110  2205
# Generated by C:\CCH\Projects\github-software\tetgen1.5.1\build\Release\tetgen.exe -p -q C:\CCH\3dModel\sphere1.5k.stl 
