ply
format ascii 1.0
comment VCGLIB generated
element vertex 3260
property float x
property float y
property float z
property float NearestFaceIndex
property list uchar float BarycentricCoords
element face 0
property list uchar int vertex_indices
end_header
0.8787494 0.4479163 0.08055404 587.000000 3 0.081534 0.769340 0.149126
-0.8162321 0.1599577 -0.5421236 2445.000000 3 0.018200 0.276025 0.705774
-0.002939554 0.866392 0.474777 1497.000000 3 0.191210 0.789249 0.019540
-0.636569 0.7468282 0.1245879 1952.000000 3 0.790336 0.100574 0.109090
0.7609739 0.3184691 0.5476051 913.000000 3 0.910543 0.081212 0.008245
0.6965103 -0.5757273 -0.4017485 489.000000 3 0.364582 0.305118 0.330300
-0.8211639 -0.5408183 -0.1368727 2164.000000 3 0.217915 0.237572 0.544513
-0.6536791 0.6340591 0.3959972 1970.000000 3 0.022058 0.942199 0.035743
-0.5438263 -0.05942926 -0.8271205 2637.000000 3 0.110423 0.535634 0.353943
0.69845 0.580252 -0.3979235 389.000000 3 0.139822 0.203248 0.656929
0.511085 0.2889141 -0.7967481 282.000000 3 0.758970 0.227187 0.013842
-0.9463761 -0.09447765 0.275164 1934.000000 3 0.080134 0.888420 0.031446
0.4082191 -0.890977 -0.1424262 543.000000 3 0.857287 0.085550 0.057163
-0.940235 0.07884672 -0.3018916 2299.000000 3 0.507146 0.022640 0.470213
-0.2371825 -0.4776715 0.8316625 1506.000000 3 0.419363 0.492048 0.088589
-0.8189837 -0.1113935 0.5481846 1763.000000 3 0.017728 0.845480 0.136792
-0.2934914 0.9392946 0.1323291 1881.000000 3 0.023346 0.029939 0.946714
-0.8348745 0.4372586 -0.3057854 2266.000000 3 0.059416 0.930595 0.009988
0.1096672 -0.8118992 -0.5565825 102.000000 3 0.215045 0.256503 0.528452
0.8084145 0.5002102 0.253148 748.000000 3 0.682469 0.188409 0.129122
-0.5194 0.2320777 -0.8121379 2610.000000 3 0.180089 0.217598 0.602313
0.9235654 0.3330492 -0.1167682 1395.000000 3 0.451441 0.230588 0.317971
-0.6447144 -0.5824146 -0.4680287 2414.000000 3 0.317616 0.483037 0.199347
0.8780626 -0.4159349 -0.196675 496.000000 3 0.916312 0.001812 0.081876
0.3267847 0.4018742 -0.841679 118.000000 3 0.729482 0.094717 0.175801
0.7634289 -0.2378528 0.5858491 950.000000 3 0.202734 0.686594 0.110672
-0.1344422 -0.2455372 0.9475864 1104.000000 3 0.130447 0.829692 0.039862
0.1724502 0.8711869 -0.4405704 69.000000 3 0.383282 0.092065 0.524653
0.2308492 0.2061955 0.9413967 1338.000000 3 0.131636 0.329339 0.539025
0.1157669 -0.9185892 0.3490493 1332.000000 3 0.087720 0.465595 0.446685
-0.5510064 0.7877876 -0.2196161 2222.000000 3 0.075810 0.629404 0.294786
0.4994561 -0.8190973 -0.2437699 400.000000 3 0.082502 0.361352 0.556146
-0.5644073 0.5136398 0.6308239 1730.000000 3 0.017467 0.435924 0.546609
-0.3334899 -0.1963902 -0.9118513 2708.000000 3 0.259125 0.013437 0.727438
-0.7662621 -0.4463984 -0.4394178 2493.000000 3 0.138610 0.622343 0.239047
0.5182754 -0.4680074 -0.6989575 337.000000 3 0.071313 0.255560 0.673127
-0.4843732 0.7580395 0.4106917 1794.000000 3 0.537882 0.083566 0.378552
-0.0466174 0.935034 -0.3267289 42.000000 3 0.259443 0.340158 0.400399
0.6070002 -0.7778676 0.08724631 708.000000 3 0.555061 0.159775 0.285164
0.7811452 -0.603425 -0.08380554 638.000000 3 0.333700 0.250244 0.416056
0.4831922 -0.8637071 0.01378627 593.000000 3 0.564620 0.122739 0.312642
0.5829026 0.793955 -0.07888446 630.000000 3 0.159278 0.743944 0.096778
-0.8147687 -0.2192472 0.52301 1815.000000 3 0.272603 0.079414 0.647983
0.6329383 0.0004417094 -0.7623488 304.000000 3 0.861955 0.015658 0.122387
-0.8198785 0.5515761 0.06504095 2049.000000 3 0.214258 0.270559 0.515183
-0.1860499 -0.9613326 -0.1410646 2286.000000 3 0.496543 0.222129 0.281327
-0.7404134 -0.6314166 0.1797599 3123.000000 3 0.209209 0.137699 0.653092
0.2979748 -0.9314479 0.1353394 884.000000 3 0.453264 0.252161 0.294575
0.1784551 -0.1817846 0.960107 1260.000000 3 0.040387 0.092487 0.867126
0.8826553 -0.1398597 -0.4205832 451.000000 3 0.031274 0.850774 0.117952
-0.7908743 -0.4974536 -0.3290842 2209.000000 3 0.891919 0.003871 0.104210
-0.4440463 0.8144547 -0.3475437 2540.000000 3 0.405999 0.137005 0.456996
0.2559469 -0.3385351 0.8928742 1236.000000 3 0.473954 0.414108 0.111937
-0.7277786 0.4292668 -0.5181786 2386.000000 3 0.123612 0.469533 0.406855
0.3476367 0.9253544 0.02078481 649.000000 3 0.674753 0.212227 0.113020
0.2242611 0.4963036 0.8183381 1198.000000 3 0.737425 0.054617 0.207958
0.5752128 -0.7467307 -0.2934451 621.000000 3 0.253371 0.684203 0.062426
-0.6898831 -0.1545456 0.6959208 1631.000000 3 0.046764 0.382148 0.571089
-0.1716344 0.6314832 -0.7446092 2727.000000 3 0.012953 0.118110 0.868937
-0.3689458 -0.2343145 -0.8876753 2660.000000 3 0.164850 0.184945 0.650205
0.7605361 0.1831709 -0.6031327 434.000000 3 0.656567 0.190851 0.152583
-0.1274521 0.4114302 0.8852845 1396.000000 3 0.453365 0.456391 0.090244
-0.183105 0.1227203 -0.9667138 2811.000000 3 0.163335 0.609884 0.226781
0.28621 0.236276 0.9201142 1206.000000 3 0.000067 0.338486 0.661446
-0.7094887 0.4426712 0.5318987 1729.000000 3 0.090620 0.553579 0.355802
-0.1175863 0.3266618 0.921326 1408.000000 3 0.617604 0.356895 0.025501
-0.4152519 0.7639052 -0.4668477 3114.000000 3 0.309070 0.669911 0.021018
-0.8961649 -0.1688 0.3916678 1877.000000 3 0.333494 0.044657 0.621849
-0.2861602 -0.8702207 -0.3738558 2580.000000 3 0.401107 0.538451 0.060441
-0.3053246 0.1096671 0.9365019 1550.000000 3 0.644536 0.241300 0.114164
0.1500163 0.2384244 0.9484647 1339.000000 3 0.330549 0.443993 0.225457
0.3585923 -0.8756764 0.2844287 872.000000 3 0.113261 0.602089 0.284651
-0.9422133 -0.1446998 0.2701823 1933.000000 3 0.358365 0.365193 0.276443
0.5411544 0.8211651 0.08897313 688.000000 3 0.394570 0.450934 0.154496
-0.5841836 0.7554334 -0.2555632 2223.000000 3 0.516040 0.115641 0.368318
-0.2683936 -0.06665108 -0.9496182 2698.000000 3 0.681881 0.194787 0.123332
-0.850666 0.4228149 0.2657344 1992.000000 3 0.307163 0.466788 0.226049
0.3350798 -0.4530359 -0.8135841 211.000000 3 0.677351 0.157292 0.165357
-0.4260401 0.5822728 0.6729859 1558.000000 3 0.324245 0.338055 0.337700
0.8834318 0.438581 0.02779588 585.000000 3 0.401510 0.145550 0.452939
0.9071068 -0.005887566 -0.3921522 448.000000 3 0.678082 0.205287 0.116631
0.8395003 -0.5113031 0.03925811 3187.000000 3 0.180263 0.438111 0.381626
0.3455754 -0.8803952 -0.295922 414.000000 3 0.245617 0.549612 0.204771
-0.4485666 -0.3244696 -0.8147187 2521.000000 3 0.122997 0.698917 0.178087
-0.216549 -0.733521 -0.6302381 2781.000000 3 0.350348 0.354948 0.294704
0.4500645 -0.6485267 -0.5992856 239.000000 3 0.039815 0.745706 0.214478
0.5756991 0.5743452 -0.5591421 384.000000 3 0.205015 0.384185 0.410800
-0.8236356 0.3615654 0.4114183 1846.000000 3 0.237878 0.280585 0.481537
-0.5556945 -0.782248 -0.2516994 2376.000000 3 0.712369 0.145806 0.141825
-0.4699814 0.5928967 0.6363727 1674.000000 3 0.331037 0.119186 0.549776
-0.3792312 0.9009826 -0.1599327 2372.000000 3 0.435342 0.503840 0.060818
-0.9175782 0.2642101 0.2526291 2325.000000 3 0.043613 0.933303 0.023085
0.8132001 -0.5192473 -0.2240554 512.000000 3 0.813204 0.070568 0.116228
-0.001623448 0.7008623 -0.7052716 2872.000000 3 0.038569 0.082157 0.879274
-0.2558596 0.08558623 0.9542969 1551.000000 3 0.072110 0.739219 0.188670
-0.8431301 -0.2039584 0.480553 1814.000000 3 0.616461 0.149932 0.233607
0.5208803 -0.2284208 0.8117221 1137.000000 3 0.514613 0.059973 0.425414
-0.4502951 0.7542897 0.4492817 1660.000000 3 0.205612 0.615327 0.179061
0.1785764 -0.6946965 -0.6865879 11.000000 3 0.025960 0.364339 0.609702
0.7530619 -0.4039274 -0.4986125 468.000000 3 0.009668 0.623398 0.366934
0.8722942 -0.4612583 -0.0227158 3115.000000 3 0.407005 0.122772 0.470223
-0.8354357 0.05624822 0.5294958 1854.000000 3 0.326746 0.249893 0.423361
-0.8771603 0.2240551 -0.4002029 3071.000000 3 0.055055 0.520409 0.424536
-0.3161296 -0.921973 0.1949018 1708.000000 3 0.053870 0.025322 0.920808
0.7350812 -0.3307204 -0.5755656 360.000000 3 0.049091 0.305202 0.645707
0.05697022 -0.9273939 0.339373 1346.000000 3 0.758530 0.161950 0.079520
-0.02732113 0.9777061 -0.1691837 144.000000 3 0.021862 0.233733 0.744405
0.2838393 0.3884605 -0.8640289 128.000000 3 0.859766 0.019231 0.121003
0.5091268 0.1061637 0.840228 3094.000000 3 0.252434 0.159458 0.588108
0.03548938 0.6946021 0.6998541 1312.000000 3 0.808725 0.113266 0.078009
0.2969245 -0.1169394 -0.935144 163.000000 3 0.053257 0.178085 0.768658
-0.3821173 0.4040987 -0.8223617 2608.000000 3 0.047516 0.372545 0.579939
-0.4941131 -0.3163663 -0.7920504 3202.000000 3 0.518986 0.102671 0.378343
0.5741763 0.6944879 -0.4074239 382.000000 3 0.139242 0.388312 0.472445
-0.8666314 -0.356057 -0.3177698 1954.000000 3 0.375668 0.085503 0.538830
0.9170395 0.1586371 0.3392426 2886.000000 3 0.341584 0.529083 0.129333
-0.1851451 0.661821 0.7050965 1111.000000 3 0.090508 0.326068 0.583424
-0.3956171 0.8137794 -0.4014575 3113.000000 3 0.019024 0.206769 0.774207
-0.1289679 0.8177167 0.5352238 1500.000000 3 0.211100 0.557810 0.231090
0.4025806 -0.7405746 -0.5191655 250.000000 3 0.633397 0.115752 0.250851
0.7302407 0.5678547 -0.3541746 1448.000000 3 0.611894 0.234319 0.153787
0.928633 -0.1887441 0.295074 790.000000 3 0.886793 0.089464 0.023742
0.9319246 -0.3329033 -0.04813462 654.000000 3 0.309818 0.133529 0.556653
-0.9070303 -0.2082168 -0.3431674 2320.000000 3 0.143649 0.216626 0.639725
-0.7822739 -0.5423296 0.2768441 1948.000000 3 0.715726 0.246758 0.037516
-0.4337587 0.5405109 -0.7079806 2572.000000 3 0.210311 0.046673 0.743016
0.1011764 0.638352 -0.755568 3.000000 3 0.887765 0.103723 0.008512
-0.6966237 -0.6363034 0.2927693 1422.000000 3 0.085894 0.412543 0.501563
0.02524489 0.2011124 -0.9709346 24.000000 3 0.066242 0.119132 0.814626
-0.9606252 0.1866929 -0.1675978 2122.000000 3 0.081012 0.153778 0.765210
0.1300849 0.4430808 -0.8762407 16.000000 3 0.083693 0.618998 0.297309
-0.531251 -0.6346191 0.5386672 1670.000000 3 0.095877 0.686581 0.217542
0.4312852 -0.1058678 -0.8870991 198.000000 3 0.798107 0.104399 0.097494
-0.8148551 -0.04419047 -0.5636767 2463.000000 3 0.244192 0.290232 0.465576
-0.3007694 -0.7455189 -0.5779895 2564.000000 3 0.390923 0.487499 0.121578
-0.05480505 -0.8332861 -0.5298522 2799.000000 3 0.123650 0.062454 0.813896
0.4072689 -0.8078558 0.4045916 2937.000000 3 0.252301 0.292750 0.454949
-0.1440841 -0.2999322 0.9312406 3040.000000 3 0.332298 0.080616 0.587086
-0.8966012 0.4186087 -0.01397995 2190.000000 3 0.372315 0.551009 0.076676
0.4098162 -0.1965629 -0.8813112 178.000000 3 0.033424 0.388925 0.577651
-0.2815702 0.9300278 0.2141999 1883.000000 3 0.581527 0.013457 0.405016
-0.9266071 0.3334408 -0.08776224 2104.000000 3 0.527100 0.292351 0.180548
-0.681541 0.6971216 0.162027 3025.000000 3 0.212370 0.447431 0.340198
-0.4042954 -0.5153844 0.7465322 1517.000000 3 0.012500 0.482341 0.505159
-0.3735423 0.02757899 -0.9191552 2766.000000 3 0.212889 0.069842 0.717269
0.0009193346 0.9436216 0.2975399 1476.000000 3 0.103128 0.578678 0.318194
0.06723943 -0.8999348 0.4009259 1333.000000 3 0.058567 0.429885 0.511548
0.3530607 0.2343797 0.8943583 1186.000000 3 0.247258 0.417170 0.335572
0.7338473 0.01330439 0.6669954 934.000000 3 0.349344 0.204589 0.446067
-0.8026518 -0.09451797 -0.5728334 2461.000000 3 0.093097 0.247901 0.659002
0.8596627 -0.4871147 -0.07764533 503.000000 3 0.050476 0.716650 0.232874
0.8669692 0.2656491 0.3978811 877.000000 3 0.601503 0.069563 0.328934
-0.7288643 0.3872342 0.5518635 1836.000000 3 0.058394 0.256306 0.685300
0.6181303 0.1737177 -0.7548797 299.000000 3 0.013931 0.781260 0.204809
-0.8057567 -0.529483 0.2313151 1948.000000 3 0.121642 0.466040 0.412318
0.1224855 -0.5258753 -0.8251448 720.000000 3 0.108364 0.311291 0.580345
0.5223616 0.5748491 0.612897 1040.000000 3 0.275787 0.404641 0.319572
-0.7768976 -0.4432484 0.424083 1827.000000 3 0.114799 0.606765 0.278436
-0.3402506 0.2852651 0.886269 1585.000000 3 0.667170 0.066940 0.265890
0.05765351 -0.4488086 0.8832611 1286.000000 3 0.705176 0.050739 0.244086
-0.6445716 0.2387612 -0.7125309 2592.000000 3 0.466659 0.114060 0.419281
0.3547753 -0.8186826 -0.4293673 3032.000000 3 0.415144 0.031806 0.553049
0.01284049 -0.7018313 0.7042003 1306.000000 3 0.045259 0.075866 0.878875
-0.760083 -0.3703477 0.5208226 1774.000000 3 0.056269 0.186784 0.756947
0.7008884 0.4462693 0.5297545 1009.000000 3 0.278437 0.410977 0.310586
0.5193809 0.6121656 -0.577092 378.000000 3 0.392255 0.265541 0.342204
-0.4727867 0.408147 0.7615187 1577.000000 3 0.616502 0.340336 0.043163
0.9363973 -0.1203482 -0.3024683 455.000000 3 0.193415 0.550159 0.256426
-0.4088801 -0.858465 -0.2734708 2389.000000 3 0.587569 0.077512 0.334920
-0.167552 -0.6502994 -0.729924 2863.000000 3 0.522291 0.369716 0.107993
0.4773942 -0.5776507 0.6475064 1167.000000 3 0.336551 0.036640 0.626809
0.3277487 -0.9276576 -0.1142739 554.000000 3 0.830259 0.158308 0.011433
-0.6776275 -0.2389219 0.6831414 1767.000000 3 0.004701 0.464954 0.530345
-0.8175249 0.4624647 0.3030786 1986.000000 3 0.156663 0.540488 0.302849
0.1123338 0.06390842 -0.983472 31.000000 3 0.488316 0.000320 0.511364
-0.6160405 0.3142405 0.7084641 1698.000000 3 0.707151 0.247436 0.045413
-0.3320855 0.932593 0.02245033 2087.000000 3 0.021938 0.585188 0.392874
0.3627658 0.8973463 0.2240807 962.000000 3 0.212171 0.203760 0.584070
-0.8897941 -0.3137476 -0.2967683 2323.000000 3 0.187406 0.197755 0.614840
0.9095851 0.2966796 -0.2536189 550.000000 3 0.212573 0.283710 0.503717
-0.1008162 -0.1195767 -0.9786155 2820.000000 3 0.338219 0.334756 0.327024
0.2844464 -0.5440017 0.7776259 1162.000000 3 0.075208 0.233071 0.691721
0.08887076 -0.1796347 -0.9681579 40.000000 3 0.663504 0.160421 0.176075
-0.07960625 -0.7549728 0.6390295 1378.000000 3 0.775395 0.114276 0.110329
0.8268428 -0.2411723 0.4841561 2569.000000 3 0.050856 0.897662 0.051481
0.8128919 -0.3924604 -0.3972555 472.000000 3 0.217648 0.559508 0.222844
0.7074664 0.3911535 0.5675513 1012.000000 3 0.739255 0.036708 0.224037
0.601806 -0.6729424 -0.3965482 3183.000000 3 0.450077 0.450239 0.099683
-0.1602114 0.3460032 -0.9135405 2900.000000 3 0.296289 0.647768 0.055943
-0.9258139 0.3479274 -0.0380523 2105.000000 3 0.485277 0.458732 0.055991
-0.5400916 -0.3357493 -0.7565927 3201.000000 3 0.431303 0.291807 0.276890
0.4838669 -0.3953755 0.7670544 1154.000000 3 0.678560 0.209904 0.111536
-0.5273211 0.6050086 0.5759905 1675.000000 3 0.076375 0.528563 0.395062
0.2701692 0.2255563 -0.9296477 126.000000 3 0.244010 0.049647 0.706344
-0.5468244 -0.4112138 0.7129378 1648.000000 3 0.320408 0.599124 0.080468
-0.4146969 -0.004637563 -0.9013656 2638.000000 3 0.047543 0.345862 0.606595
0.6302645 -0.7538243 -0.1113176 569.000000 3 0.071594 0.261062 0.667344
-0.01604216 -0.4083219 -0.9014372 2846.000000 3 0.115929 0.107926 0.776145
-0.8154706 -0.5683722 -0.01430405 2169.000000 3 0.243793 0.020830 0.735376
0.3410748 -0.9303083 -0.004610861 556.000000 3 0.237198 0.249055 0.513747
-0.5039918 0.3564924 -0.7769311 2612.000000 3 0.009354 0.312922 0.677724
-0.4025308 0.4659577 0.7667457 1574.000000 3 0.034640 0.931126 0.034234
0.09182603 0.5798144 0.7986079 3152.000000 3 0.009501 0.155720 0.834779
0.186377 -0.9201018 -0.31359 258.000000 3 0.077879 0.910907 0.011214
-0.4165735 0.3569053 -0.8254142 2614.000000 3 0.268048 0.440847 0.291105
-0.3861423 0.7486209 -0.5177434 2547.000000 3 0.038287 0.551972 0.409741
0.2309693 -0.6865757 0.6772592 1174.000000 3 0.018046 0.344160 0.637794
-0.906536 -0.08272573 -0.3925498 2349.000000 3 0.238929 0.688792 0.072279
-0.3324546 0.7061267 -0.6186538 2721.000000 3 0.024070 0.043342 0.932589
0.3017733 0.2840823 0.8979741 1206.000000 3 0.287663 0.483667 0.228670
-0.528219 -0.5835886 0.5986612 1666.000000 3 0.365963 0.161329 0.472708
-0.9348736 0.04038895 0.32355 1920.000000 3 0.414054 0.196405 0.389541
0.06770401 0.5406606 0.8266861 1389.000000 3 0.194612 0.122268 0.683121
-0.01370524 0.439815 -0.8880727 12.000000 3 0.643087 0.176885 0.180028
-0.418807 -0.892502 -0.09256651 2268.000000 3 0.535402 0.259529 0.205069
0.02982054 -0.973257 -0.1728242 133.000000 3 0.386897 0.550908 0.062195
0.3751448 0.4987622 0.7667063 1197.000000 3 0.315264 0.471501 0.213235
0.6134975 0.320743 0.705552 1059.000000 3 0.719351 0.192375 0.088275
0.6634915 0.727671 0.08984159 691.000000 3 0.412225 0.559378 0.028397
-0.6684475 0.5484402 0.4794965 1732.000000 3 0.090995 0.591420 0.317585
-0.1800164 -0.4147254 0.8827984 1509.000000 3 0.001614 0.373896 0.624490
-0.5908972 -0.3699321 0.7016094 1642.000000 3 0.446295 0.207459 0.346245
0.8495354 -0.4567425 -0.2231132 498.000000 3 0.561882 0.297644 0.140475
-0.1983903 -0.9680871 -0.0545823 2117.000000 3 0.618970 0.269994 0.111035
-0.4659538 0.08898178 0.8648652 1597.000000 3 0.253946 0.292311 0.453743
0.6637048 0.4055433 0.6098479 1012.000000 3 0.125268 0.245880 0.628853
0.3318417 -0.9310388 0.072563 884.000000 3 0.029975 0.265494 0.704531
0.7886825 0.2813227 0.5263689 912.000000 3 0.574592 0.333832 0.091576
-0.4647826 0.8757086 0.04250766 1999.000000 3 0.454593 0.404665 0.140742
0.486971 -0.23756 -0.8315738 321.000000 3 0.130241 0.377924 0.491835
-0.7028509 -0.7016704 -0.04450336 2172.000000 3 0.011013 0.620503 0.368483
0.6965079 0.6332179 0.3072491 846.000000 3 0.729494 0.131160 0.139346
-0.8771734 -0.07425727 0.4523664 1870.000000 3 0.761262 0.094453 0.144285
-0.4112546 -0.9001499 0.05946485 1895.000000 3 0.762438 0.023786 0.213775
-0.7055918 -0.6883708 -0.1235644 2176.000000 3 0.069302 0.349806 0.580891
0.9065562 -0.2924974 0.2706957 798.000000 3 0.481111 0.428812 0.090077
-0.7583281 -0.07237665 -0.6319768 2464.000000 3 0.741982 0.186420 0.071598
-0.1086143 0.6336828 0.7447089 3111.000000 3 0.701342 0.018445 0.280214
0.062915 -0.3876838 -0.9069313 74.000000 3 0.497169 0.007758 0.495073
0.6995027 -0.1206296 0.6923839 947.000000 3 0.094558 0.699468 0.205974
-0.2188702 -0.5129084 -0.8180342 2838.000000 3 0.331579 0.176989 0.491432
-0.301102 -0.02218457 -0.9440886 2696.000000 3 0.626540 0.341144 0.032317
0.5662276 -0.7495811 0.3067991 860.000000 3 0.110652 0.615098 0.274250
0.7299687 0.5948466 0.3029395 814.000000 3 0.189197 0.428959 0.381843
-0.6284416 0.6980249 -0.3239011 2407.000000 3 0.058964 0.032514 0.908522
0.5431908 -0.1638224 0.8148897 1091.000000 3 0.046340 0.214210 0.739450
-0.8726171 0.4600831 -0.08275335 2193.000000 3 0.420553 0.121159 0.458289
0.578759 0.6874539 0.4145502 992.000000 3 0.451790 0.527053 0.021157
0.636895 -0.4773695 0.5794938 2999.000000 3 0.437132 0.391322 0.171546
-0.8750463 0.3764479 0.2621508 1898.000000 3 0.632440 0.176527 0.191033
0.1586555 0.6404174 0.7352657 3152.000000 3 0.701875 0.218810 0.079315
-0.3860906 -0.3327761 0.8494306 2890.000000 3 0.231191 0.443068 0.325741
-0.1384022 0.5243117 0.8214636 2957.000000 3 0.076678 0.703402 0.219920
0.512011 0.103611 -0.8405429 194.000000 3 0.552135 0.386217 0.061649
0.5241127 0.6595161 -0.5183547 381.000000 3 0.898206 0.076123 0.025671
-0.4721873 -0.8195103 -0.2956276 2391.000000 3 0.171843 0.033314 0.794843
0.6409507 -0.305377 -0.6892906 327.000000 3 0.780980 0.119336 0.099684
-0.8376791 0.526576 -0.06712183 2192.000000 3 0.127467 0.271051 0.601482
-0.06249704 -0.630186 0.7633638 1351.000000 3 0.047204 0.765517 0.187279
-0.08451583 0.7632844 -0.6285789 2850.000000 3 0.070341 0.833215 0.096444
-0.3461649 0.8265157 -0.4249038 2536.000000 3 0.439031 0.014486 0.546483
-0.6964548 0.6156215 -0.3441412 2249.000000 3 0.124525 0.749223 0.126252
0.01084214 0.9893737 0.06328493 2456.000000 3 0.308055 0.158095 0.533850
-0.2899641 -0.9377785 -0.1130456 2288.000000 3 0.483594 0.426015 0.090391
0.7008312 -0.6661003 0.2285559 3004.000000 3 0.314271 0.136071 0.549657
-0.4842659 -0.3674334 -0.7747948 3201.000000 3 0.148063 0.851039 0.000898
-0.136656 0.8196608 -0.5463544 2852.000000 3 0.244797 0.184100 0.571103
-0.4635049 -0.2182268 0.8502021 1619.000000 3 0.317548 0.643324 0.039127
0.8686399 -0.4571301 -0.1298586 501.000000 3 0.283537 0.219318 0.497146
-0.4040629 0.2409566 -0.8725972 2621.000000 3 0.635376 0.066470 0.298155
-0.4655931 0.8726996 -0.04244241 2329.000000 3 0.315188 0.060327 0.624485
-0.5141376 0.8073649 -0.2492631 2222.000000 3 0.010481 0.361588 0.627931
0.8128031 0.524956 0.1923987 746.000000 3 0.380023 0.576686 0.043291
0.005794447 -0.1148472 -0.9841645 36.000000 3 0.831374 0.145150 0.023476
0.6059102 0.6373603 -0.4471814 387.000000 3 0.445642 0.342362 0.211996
-0.6504408 0.3361837 0.6672859 1700.000000 3 0.215695 0.645980 0.138325
0.1365199 -0.5697536 -0.798234 720.000000 3 0.724243 0.121308 0.154448
0.6998872 0.6344748 -0.2834611 3132.000000 3 0.010550 0.913007 0.076444
0.5453439 -0.1069032 0.8214481 1116.000000 3 0.871671 0.021492 0.106837
0.2919186 0.7752761 0.5376543 1022.000000 3 0.339399 0.331174 0.329427
0.6242042 0.5581825 -0.5228489 384.000000 3 0.013419 0.935941 0.050640
0.1963813 -0.8789068 -0.4120667 261.000000 3 0.119623 0.812083 0.068294
0.9445612 -0.2887392 0.004864936 654.000000 3 0.469542 0.465835 0.064623
0.2870249 -0.03776909 0.9473243 1222.000000 3 0.388314 0.562119 0.049567
-0.06812096 0.8715575 0.4516581 1495.000000 3 0.406285 0.363735 0.229979
0.2483945 0.5836477 -0.7608576 116.000000 3 0.087902 0.346857 0.565241
-0.2392526 -0.400468 0.87238 1508.000000 3 0.279555 0.306654 0.413791
-0.4794942 0.7241918 -0.4692134 2538.000000 3 0.450550 0.402110 0.147340
-0.8526897 -0.4627849 0.2081944 2007.000000 3 0.083767 0.853954 0.062280
-0.5805619 -0.6936247 0.4110137 1672.000000 3 0.106053 0.136489 0.757457
-0.8791453 -0.4276356 0.160307 2006.000000 3 0.068633 0.770969 0.160397
-0.05565515 -0.9893067 0.05766111 774.000000 3 0.265253 0.166485 0.568262
0.8366516 0.4646797 0.2270264 744.000000 3 0.014521 0.898933 0.086546
0.06200087 0.9464894 -0.2819196 46.000000 3 0.257070 0.729105 0.013825
-0.1838809 0.729831 0.6443442 1518.000000 3 0.614138 0.036524 0.349338
0.5975897 -0.7600082 -0.2201134 567.000000 3 0.240350 0.628924 0.130725
-0.05013946 -0.8610888 -0.4858534 2799.000000 3 0.544030 0.260271 0.195699
0.4045364 -0.8027191 -0.4031884 3195.000000 3 0.858490 0.090026 0.051484
-0.6027474 0.7371968 0.2584002 1950.000000 3 0.571610 0.324554 0.103836
-0.8810706 0.4173697 -0.1735007 2980.000000 3 0.214638 0.182076 0.603286
-0.4111133 -0.5602139 -0.7004395 2600.000000 3 0.667371 0.006275 0.326354
-0.8389097 0.3944663 -0.3541089 2267.000000 3 0.044836 0.221004 0.734160
0.1763402 -0.5922538 0.7753632 1298.000000 3 0.002286 0.687720 0.309994
0.4196891 0.3634383 0.8238821 1184.000000 3 0.153837 0.027241 0.818922
0.9331502 0.3293506 0.02990572 596.000000 3 0.392101 0.363260 0.244638
-0.525215 0.6221059 -0.5695466 2556.000000 3 0.021189 0.313572 0.665239
0.2808384 0.8888636 0.3253489 1148.000000 3 0.043741 0.741179 0.215079
0.807766 0.02722869 0.5743047 930.000000 3 0.279140 0.020086 0.700774
-0.5071214 -0.5789891 -0.6258346 2552.000000 3 0.012616 0.122843 0.864540
-0.1650433 -0.8929708 0.3977714 1578.000000 3 0.256017 0.296818 0.447165
0.3443981 -0.2982657 -0.8802437 175.000000 3 0.159981 0.714593 0.125426
-0.3501353 -0.4016113 0.8332089 1510.000000 3 0.223577 0.420305 0.356119
0.5841892 -0.211712 0.7730461 1096.000000 3 0.236492 0.559645 0.203863
0.04172038 0.8820682 0.4447632 1280.000000 3 0.539418 0.133491 0.327091
0.4539446 -0.046724 -0.8803359 201.000000 3 0.212497 0.331652 0.455851
0.9374397 0.2915466 0.1305095 716.000000 3 0.162061 0.618476 0.219463
0.1647887 0.6874036 0.690397 1310.000000 3 0.428654 0.530478 0.040868
-0.1563818 -0.9319158 0.2966016 1706.000000 3 0.338134 0.222881 0.438984
0.7600189 0.2010586 0.6039559 918.000000 3 0.069170 0.793185 0.137644
-0.5650499 -0.104243 -0.8075515 2523.000000 3 0.205997 0.085986 0.708017
-0.4451246 -0.8733776 -0.13385 2270.000000 3 0.254221 0.643288 0.102491
0.4275086 -0.7684504 -0.4440973 2491.000000 3 0.406154 0.550194 0.043651
0.427057 -0.8426555 0.2947823 868.000000 3 0.238762 0.183643 0.577595
-0.5880505 -0.5361096 -0.582866 2500.000000 3 0.299188 0.413239 0.287574
-0.3284319 -0.8148893 0.4510605 1564.000000 3 0.627850 0.311934 0.060216
0.7369172 -0.5645603 -0.3401352 490.000000 3 0.680879 0.299027 0.020094
-0.2180146 0.6966578 0.6676325 2966.000000 3 0.377554 0.516864 0.105582
-0.4185012 0.4716206 -0.7642928 2606.000000 3 0.435813 0.473124 0.091063
0.07597376 0.9838461 -0.08471551 148.000000 3 0.278268 0.577855 0.143877
0.6058117 0.751457 0.2325412 834.000000 3 0.534150 0.410875 0.054975
0.7464653 -0.6374866 -0.1290242 639.000000 3 0.184055 0.583145 0.232800
-0.7667234 0.5946207 -0.1763328 2244.000000 3 0.474349 0.218839 0.306812
0.8925182 0.386312 0.1705687 750.000000 3 0.038127 0.361853 0.600020
0.1204085 -0.4809774 0.8586448 1287.000000 3 0.324129 0.463553 0.212318
-0.8747092 0.0296648 -0.4636502 2340.000000 3 0.304114 0.662638 0.033248
-0.3309486 0.05596153 -0.9313323 2766.000000 3 0.045867 0.527833 0.426300
0.6980708 0.687729 0.1424261 706.000000 3 0.253567 0.340789 0.405644
0.5729657 -0.7130913 -0.3681238 2998.000000 3 0.245667 0.141835 0.612499
-0.7704183 0.2822084 0.5583394 3100.000000 3 0.903633 0.011198 0.085169
0.2939991 -0.9467062 -0.0001372267 764.000000 3 0.019083 0.727581 0.253336
-0.09743822 0.9401886 -0.3036348 2651.000000 3 0.329633 0.444331 0.226036
0.6933786 -0.3264924 0.6252666 955.000000 3 0.535854 0.213517 0.250629
-0.3209548 -0.8470497 -0.4041017 2583.000000 3 0.732088 0.181311 0.086601
-0.8296404 -0.5086174 -0.1858585 2202.000000 3 0.443785 0.096290 0.459925
-0.6987045 0.4716715 -0.5182775 2430.000000 3 0.592007 0.234314 0.173680
-0.3761415 -0.7961226 0.4488164 1564.000000 3 0.187275 0.632791 0.179934
-0.290228 -0.5776422 0.749191 1528.000000 3 0.282581 0.594740 0.122679
0.3431076 0.881151 -0.2963626 476.000000 3 0.004535 0.992484 0.002981
-0.976228 -0.114881 0.1168199 2070.000000 3 0.032754 0.769331 0.197916
-0.1907735 0.7633221 -0.6053177 2715.000000 3 0.341295 0.165023 0.493682
0.1099205 -0.03847364 0.9838784 1265.000000 3 0.406668 0.470025 0.123307
-0.9408927 0.1995192 0.2398953 1906.000000 3 0.511505 0.128405 0.360090
-0.9350007 0.2816227 0.1682507 721.000000 3 0.674319 0.245067 0.080615
0.63465 0.07307473 -0.756646 301.000000 3 0.371139 0.126905 0.501956
-0.8417864 -0.5154086 0.08820512 2010.000000 3 0.455381 0.497428 0.047190
-0.6038461 0.2457902 -0.7454435 2593.000000 3 0.315938 0.352846 0.331216
-0.4820771 0.6331061 0.5819037 1675.000000 3 0.645289 0.116075 0.238636
-0.4557191 0.8362811 -0.2882452 2370.000000 3 0.011196 0.146189 0.842615
0.1839724 -0.524727 0.8203483 1284.000000 3 0.377835 0.249628 0.372537
0.5070133 -0.8348833 -0.190143 543.000000 3 0.012863 0.026357 0.960780
-0.01781383 -0.926764 -0.3477179 2764.000000 3 0.110470 0.343062 0.546467
0.02148459 -0.9415456 0.3027919 1349.000000 3 0.113505 0.425476 0.461019
-0.8164794 0.2274829 0.5137445 1848.000000 3 0.347025 0.000397 0.652578
-0.909551 -0.2969782 -0.2521305 2316.000000 3 0.238623 0.676424 0.084953
-0.6910143 0.4954664 0.5056721 1733.000000 3 0.116715 0.230941 0.652344
0.2278722 0.5393592 0.7920703 1198.000000 3 0.229434 0.580534 0.190033
0.9496723 -0.1648906 0.229053 786.000000 3 0.307601 0.086558 0.605841
0.2915995 0.9371696 -0.1171272 458.000000 3 0.494264 0.491025 0.014711
0.7412899 -0.5312639 -0.3829828 490.000000 3 0.263918 0.604571 0.131511
0.4308894 -0.8788922 0.1348433 864.000000 3 0.497764 0.444116 0.058120
0.1649296 0.7875316 -0.5755682 92.000000 3 0.113953 0.453664 0.432383
-0.6013247 -0.3475198 -0.7086551 2526.000000 3 0.316752 0.042293 0.640956
-0.7033682 0.6330595 -0.2832423 2246.000000 3 0.059173 0.682629 0.258198
0.392349 0.868602 -0.2695239 474.000000 3 0.438106 0.278473 0.283421
-0.0492454 0.8195438 -0.5583576 2854.000000 3 0.166325 0.427850 0.405825
-0.04005319 0.4793342 -0.8671411 2791.000000 3 0.263818 0.572919 0.163263
-0.7032938 -0.5683775 0.4096875 1804.000000 3 0.238373 0.239204 0.522423
-0.4162038 0.7495235 0.4865572 1661.000000 3 0.186815 0.437598 0.375587
0.8903311 -0.4124151 0.07413967 677.000000 3 0.251358 0.614384 0.134259
0.9460126 0.1903107 0.2317445 724.000000 3 0.026773 0.267180 0.706047
-0.5236962 0.5423328 0.6465508 1688.000000 3 0.068268 0.023125 0.908606
0.6343271 -0.665739 0.3685325 844.000000 3 0.251880 0.432598 0.315523
-0.06935257 -0.7276635 -0.658879 2786.000000 3 0.150706 0.734514 0.114781
0.4642816 -0.7411623 0.466727 1000.000000 3 0.536097 0.437431 0.026473
-0.09296994 -0.716079 0.6818728 1378.000000 3 0.171164 0.537448 0.291387
0.3103359 0.4095705 0.8390533 1200.000000 3 0.296953 0.394390 0.308657
0.3296177 -0.4104811 0.8396376 1244.000000 3 0.025170 0.317839 0.656991
-0.2657747 -0.3733625 -0.8814973 2707.000000 3 0.035846 0.075419 0.888735
-0.3351797 0.4658262 0.7978706 1566.000000 3 0.376793 0.601279 0.021928
0.7095137 0.2371835 0.650748 923.000000 3 0.664850 0.006909 0.328241
0.1927311 -0.8569772 0.4642487 1329.000000 3 0.201758 0.492137 0.306105
-0.5438134 0.6475265 0.5112351 1678.000000 3 0.861639 0.035202 0.103159
-0.9237372 -0.09695582 -0.3435411 2312.000000 3 0.615764 0.378196 0.006040
-0.7810659 0.6024849 0.1102357 2048.000000 3 0.372117 0.072752 0.555131
0.4626755 -0.003286894 0.8764393 1118.000000 3 0.940530 0.053256 0.006215
0.810639 -0.2630006 -0.4884598 463.000000 3 0.072831 0.519969 0.407200
-0.9008822 -0.03447122 -0.4133925 2348.000000 3 0.027779 0.530082 0.442139
0.5770382 0.6140304 -0.5117631 384.000000 3 0.730893 0.140913 0.128195
-0.1133435 -0.6306587 0.7566046 1358.000000 3 0.421668 0.567890 0.010442
-0.7269632 -0.408984 0.5348549 1786.000000 3 0.310591 0.233399 0.456010
0.2863781 -0.06252733 -0.9432386 160.000000 3 0.640241 0.237598 0.122161
-0.4518861 0.8690931 -0.1348457 2333.000000 3 0.410583 0.467761 0.121656
0.2293989 0.7062154 0.6583016 1310.000000 3 0.229821 0.107360 0.662819
0.06608456 0.9072949 -0.3869807 64.000000 3 0.371745 0.615393 0.012862
-0.2974994 -0.07642613 0.9408921 1468.000000 3 0.599791 0.399537 0.000672
0.7772214 -0.5732481 0.2196827 804.000000 3 0.568145 0.082823 0.349032
0.225531 0.9591897 -0.1000959 458.000000 3 0.211315 0.192495 0.596190
-0.187409 0.05620696 -0.9719657 2808.000000 3 0.546561 0.029992 0.423447
0.5932032 -0.1012441 0.7862105 1089.000000 3 0.113765 0.513582 0.372654
-0.0923655 -0.7624714 -0.6156699 2784.000000 3 0.739822 0.236834 0.023345
-0.8146038 -0.464497 0.3246459 1828.000000 3 0.917181 0.009572 0.073247
-0.2286961 -0.9334939 0.236786 1709.000000 3 0.012178 0.714807 0.273016
0.8297282 0.2421343 -0.4842465 431.000000 3 0.334943 0.332964 0.332094
0.4639426 0.8690085 -0.1223318 635.000000 3 0.044799 0.569844 0.385357
0.2271397 0.7816105 0.5672643 1293.000000 3 0.225887 0.542857 0.231256
0.7515504 0.1161169 0.6334223 928.000000 3 0.808701 0.054532 0.136767
0.2903295 -0.7567145 0.5714513 1176.000000 3 0.199752 0.785532 0.014716
0.4395753 -0.3354062 0.8192409 1144.000000 3 0.185457 0.771921 0.042622
0.1960128 -0.8987025 -0.3641306 259.000000 3 0.288521 0.320395 0.391083
0.912984 0.02473501 0.3873317 3053.000000 3 0.748165 0.195335 0.056501
0.5457958 0.05858259 -0.826035 197.000000 3 0.106154 0.489867 0.403979
-0.3494154 -0.9153267 0.1504354 1890.000000 3 0.144710 0.351222 0.504068
-0.1478392 -0.5949664 0.7794141 1358.000000 3 0.334097 0.192285 0.473618
-0.7577099 -0.4943682 0.4063968 1824.000000 3 0.308817 0.287206 0.403977
-0.522513 -0.209538 0.8172535 1618.000000 3 0.255791 0.154080 0.590129
-0.3762735 -0.5558832 0.7333479 1516.000000 3 0.151118 0.017404 0.831478
0.946499 -0.1420169 -0.250429 612.000000 3 0.318131 0.233169 0.448701
0.7750144 0.3827285 -0.4844321 412.000000 3 0.429664 0.008529 0.561807
-0.001305633 -0.4730406 0.8700591 1452.000000 3 0.629782 0.338589 0.031629
0.06098718 -0.936604 -0.3144853 134.000000 3 0.333907 0.099964 0.566129
0.06443077 0.1160763 0.9793156 1256.000000 3 0.187534 0.623814 0.188652
0.4603148 -0.8733401 0.09174432 865.000000 3 0.011282 0.075150 0.913567
0.2408391 -0.2225691 0.9345959 1234.000000 3 0.295802 0.324051 0.380147
-0.1549283 -0.083234 -0.9750918 2702.000000 3 0.782979 0.046736 0.170285
0.3470805 -0.8958634 -0.246305 415.000000 3 0.257326 0.257553 0.485121
0.07568524 0.6991167 -0.6981994 90.000000 3 0.097203 0.490507 0.412290
0.246354 -0.6055822 -0.7473631 231.000000 3 0.127079 0.611599 0.261322
0.09523945 -0.7614626 0.6254311 3103.000000 3 0.266849 0.356805 0.376346
-0.4983038 -0.5578619 0.6495631 1666.000000 3 0.031259 0.902499 0.066243
-0.6426361 0.3067139 -0.6873621 237.000000 3 0.052076 0.409274 0.538650
0.01010521 -0.9127444 -0.38858 2746.000000 3 0.040310 0.231246 0.728444
0.8064405 -0.02273913 0.5774533 938.000000 3 0.096274 0.349671 0.554055
0.2999701 0.1477274 -0.9344953 140.000000 3 0.401126 0.072199 0.526675
-0.1787203 0.8114902 0.5362058 1523.000000 3 0.011648 0.963589 0.024763
-0.7855808 0.4703147 0.3795154 1841.000000 3 0.078477 0.875413 0.046110
0.6099787 0.7628416 0.1721381 695.000000 3 0.259455 0.729700 0.010846
-0.8460636 0.2770126 0.4332396 1851.000000 3 0.385583 0.512960 0.101457
0.4577531 -0.8495185 -0.2233056 418.000000 3 0.349553 0.180876 0.469570
0.09538883 -0.3264472 0.932675 1272.000000 3 0.354506 0.207492 0.438002
-0.4359212 -0.5624395 0.6911002 1664.000000 3 0.366181 0.116212 0.517608
0.3564305 -0.048656 0.9239988 1221.000000 3 0.402950 0.189928 0.407122
-0.5387998 -0.5878507 -0.5821615 2416.000000 3 0.316765 0.053771 0.629464
-0.3594656 -0.6124965 -0.6883002 2601.000000 3 0.525472 0.315904 0.158623
-0.2757143 0.8428125 0.4446635 1505.000000 3 0.120636 0.220467 0.658897
-0.8810511 0.1929273 0.412799 1858.000000 3 0.017103 0.456803 0.526094
-0.2873279 -0.1667086 0.9334694 1471.000000 3 0.104841 0.678443 0.216716
-0.407545 -0.7726482 -0.4701994 2562.000000 3 0.298110 0.118358 0.583532
-0.6705704 0.02958859 -0.7289134 2508.000000 3 0.303333 0.124854 0.571813
0.908783 0.1888019 -0.3402526 561.000000 3 0.199526 0.231628 0.568846
0.5251759 0.6154496 0.5757783 1026.000000 3 0.004308 0.301615 0.694077
-0.4130977 0.08936603 0.891404 1590.000000 3 0.125143 0.546967 0.327890
-0.8092608 -0.2551555 -0.5138657 2481.000000 3 0.079302 0.716303 0.204395
-0.4454568 -0.5185879 0.7160653 1644.000000 3 0.061909 0.385738 0.552352
0.7620039 -0.5721281 0.2724493 804.000000 3 0.349699 0.626414 0.023887
-0.8752528 -0.4069483 0.2383285 2007.000000 3 0.086067 0.237113 0.676820
0.1722639 -0.9726138 0.05364261 767.000000 3 0.366805 0.075429 0.557766
-0.8248691 0.491004 0.2293531 1995.000000 3 0.312082 0.626682 0.061236
-0.2514735 -0.9551589 0.07617366 1909.000000 3 0.428811 0.369247 0.201942
-0.8262602 -0.1822192 -0.5189472 2356.000000 3 0.280058 0.101924 0.618018
0.8993763 -0.4090802 -0.02325404 675.000000 3 0.479457 0.010067 0.510476
0.06779291 -0.5246216 -0.8307834 2952.000000 3 0.130076 0.603541 0.266382
-0.3819184 0.5723025 0.7069931 1558.000000 3 0.722671 0.191940 0.085389
0.6359738 0.7547302 -0.05878522 684.000000 3 0.407802 0.074715 0.517483
-0.8941689 -0.3523584 0.2564246 1938.000000 3 0.064998 0.208277 0.726724
0.8342801 -0.4476013 -0.2957554 492.000000 3 0.064333 0.274623 0.661044
-0.6192408 0.1271278 -0.761699 2506.000000 3 0.694829 0.251241 0.053931
0.362782 0.5984437 0.7038603 1031.000000 3 0.026672 0.561580 0.411747
0.2986314 0.9410542 0.03304425 653.000000 3 0.546707 0.378640 0.074653
-0.7003394 0.6632891 0.2204991 3026.000000 3 0.507954 0.142593 0.349453
-0.02563011 0.9660418 -0.2201166 3074.000000 3 0.020347 0.425633 0.554020
-0.9257926 -0.2892054 -0.2037675 2316.000000 3 0.816746 0.180390 0.002863
-0.7611515 -0.5843744 0.2359141 2749.000000 3 0.249274 0.643311 0.107415
0.5641545 0.5523673 0.5940537 1041.000000 3 0.297667 0.352902 0.349431
0.7954938 0.2579345 -0.5290857 431.000000 3 0.946200 0.024859 0.028940
-0.6960795 0.7061391 0.00977077 2020.000000 3 0.314580 0.382389 0.303031
-0.3405352 0.8802883 0.3116089 1780.000000 3 0.590325 0.319870 0.089805
0.3270862 0.9259896 0.1197942 652.000000 3 0.364274 0.238156 0.397570
-0.979182 -0.000871027 -0.1635835 2134.000000 3 0.008929 0.305788 0.685283
0.4186317 -0.562342 -0.6996189 232.000000 3 0.095199 0.299249 0.605553
-0.5094307 0.8498143 0.007986762 2328.000000 3 0.402158 0.159047 0.438795
0.6566752 -0.5292794 -0.5247852 480.000000 3 0.338623 0.046577 0.614800
0.04266701 0.9297245 0.3411283 1476.000000 3 0.163396 0.122443 0.714161
-0.09987796 -0.8897358 0.4253058 1398.000000 3 0.419733 0.290542 0.289725
0.9657954 0.1522051 -0.1314434 605.000000 3 0.226310 0.265044 0.508646
0.8221552 0.3603742 0.4229163 879.000000 3 0.150959 0.081130 0.767911
0.5790024 0.5007657 0.621981 1039.000000 3 0.149545 0.180517 0.669938
0.5760983 0.1201227 -0.7974344 297.000000 3 0.570598 0.388006 0.041396
0.1296185 -0.1455206 0.9707264 1266.000000 3 0.506238 0.111590 0.382172
0.3945546 0.7567417 0.4917329 1019.000000 3 0.170683 0.278139 0.551178
0.4495343 0.2904914 -0.8334039 266.000000 3 0.422422 0.438637 0.138941
0.1411528 -0.9068134 -0.3687383 258.000000 3 0.378691 0.304425 0.316884
-0.6842148 0.3586693 -0.6210685 3141.000000 3 0.490310 0.442743 0.066947
-0.7374479 0.1658727 -0.6404432 2446.000000 3 0.296923 0.370523 0.332554
-0.8970574 -0.3018374 0.2968112 1938.000000 3 0.661682 0.179313 0.159005
0.4217921 -0.7314589 0.5214967 3027.000000 3 0.627717 0.118312 0.253971
-0.1162013 0.04706538 -0.9805555 2814.000000 3 0.483099 0.169744 0.347157
-0.4704234 -0.819793 0.2982013 1980.000000 3 0.229021 0.135510 0.635469
-0.5656431 -0.8165366 0.03119593 2178.000000 3 0.018659 0.176770 0.804571
0.9202234 0.3369796 0.1460174 716.000000 3 0.478968 0.012709 0.508324
-0.9044898 0.3798258 -0.1436962 2104.000000 3 0.026526 0.214993 0.758481
0.8755907 0.4337047 0.1364451 744.000000 3 0.320153 0.279986 0.399862
-0.5852579 -0.2009486 0.7741975 1634.000000 3 0.564452 0.140890 0.294658
0.5624647 -0.5097995 -0.6326219 342.000000 3 0.539932 0.328915 0.131153
0.09347384 -0.4816054 -0.8545305 2951.000000 3 0.038777 0.163821 0.797403
-0.4962852 0.3628714 0.771955 1577.000000 3 0.338836 0.272657 0.388507
-0.1069558 -0.9892406 0.0730803 1546.000000 3 0.030726 0.020710 0.948564
0.4606973 0.3667986 -0.7981651 284.000000 3 0.178957 0.208736 0.612307
-0.650948 -0.4366878 -0.5930049 3191.000000 3 0.177893 0.790639 0.031468
-0.2539587 0.1401083 0.949906 1900.000000 3 0.439583 0.010735 0.549682
-0.2056435 0.8399408 0.4752093 1504.000000 3 0.197374 0.590069 0.212557
0.4197056 -0.021935 0.8976922 1120.000000 3 0.171319 0.281481 0.547200
0.9760796 -0.1502984 0.0637269 738.000000 3 0.425559 0.249392 0.325049
-0.8436671 -0.3023505 0.4196447 1819.000000 3 0.312390 0.033222 0.654387
0.5767403 0.7163835 0.371442 850.000000 3 0.542148 0.015857 0.441995
-0.6117443 -0.7792382 -0.03136186 2178.000000 3 0.041651 0.791405 0.166944
-0.3335722 -0.6040374 0.7103273 1532.000000 3 0.187576 0.428443 0.383981
-0.5643317 0.5771301 -0.5724151 2571.000000 3 0.347008 0.176998 0.475994
0.164796 -0.9359405 0.2893711 1347.000000 3 0.054849 0.459271 0.485880
0.4248275 -0.3830758 0.8067569 1156.000000 3 0.002573 0.643217 0.354211
-0.491936 -0.7919354 -0.3354017 2380.000000 3 0.656977 0.204085 0.138937
-0.4608225 0.5220978 0.6974055 1570.000000 3 0.343477 0.087125 0.569398
-0.4064736 -0.3588564 -0.8220322 2662.000000 3 0.489993 0.415997 0.094010
-0.09356809 -0.874733 -0.4535254 2798.000000 3 0.012314 0.886703 0.100983
0.5150316 -0.8372089 -0.1075153 590.000000 3 0.452966 0.099138 0.447895
-0.6702654 -0.5921293 -0.4225322 2415.000000 3 0.449449 0.148746 0.401805
0.8993448 -0.3402544 -0.2342877 495.000000 3 0.708136 0.100882 0.190982
-0.8810805 0.1332815 0.4302664 1862.000000 3 0.002268 0.629876 0.367857
-0.1699381 -0.3844108 -0.896414 2840.000000 3 0.759223 0.010954 0.229823
0.8873787 0.2833575 0.3351125 757.000000 3 0.098889 0.787245 0.113866
-0.7013699 -0.4657942 0.5201848 1790.000000 3 0.239298 0.715212 0.045491
0.9667693 -0.2034054 0.07446293 656.000000 3 0.782395 0.145664 0.071941
-0.09778 0.45693 0.8659475 1393.000000 3 0.354909 0.062696 0.582394
-0.2163152 -0.9195092 0.2975065 1692.000000 3 0.111905 0.711388 0.176706
0.01902574 -0.4432312 -0.8816037 75.000000 3 0.210899 0.351319 0.437783
0.0003811347 0.1033165 0.9845287 1256.000000 3 0.877430 0.065137 0.057433
0.7740794 -0.06207178 0.6149145 941.000000 3 0.497033 0.197982 0.304985
0.02449947 0.05676987 0.9886271 1259.000000 3 0.424610 0.298121 0.277269
-0.4470792 -0.7420976 -0.4797014 2550.000000 3 0.321996 0.147608 0.530397
-0.7353208 0.643528 -0.1451571 2239.000000 3 0.276450 0.364856 0.358695
0.5087285 0.8421923 0.1228448 688.000000 3 0.028060 0.540561 0.431379
-0.2310239 -0.7659734 0.5853848 1537.000000 3 0.247941 0.591452 0.160607
0.49915 0.2803646 0.8084333 517.000000 3 0.822007 0.098669 0.079324
-0.4156068 -0.6663536 -0.5985446 2553.000000 3 0.397918 0.174227 0.427856
0.8159215 0.5636041 0.06594754 702.000000 3 0.058442 0.045991 0.895566
-0.6189072 -0.6416345 -0.4230618 2412.000000 3 0.445470 0.494362 0.060168
-0.1315692 -0.7455387 0.6414843 1382.000000 3 0.380867 0.241813 0.377320
0.3342295 0.8627676 -0.3469134 335.000000 3 0.201522 0.466357 0.332121
0.1744618 0.5303026 -0.8191668 113.000000 3 0.837538 0.032762 0.129700
0.9265384 -0.3392438 0.004805807 660.000000 3 0.439201 0.118397 0.442402
-0.8868673 0.1563418 -0.4147493 2336.000000 3 0.049672 0.593421 0.356907
-0.7981822 0.2480943 -0.5323951 2405.000000 3 0.390601 0.381532 0.227866
-0.1844559 -0.5470319 -0.8045001 2844.000000 3 0.186265 0.231667 0.582069
0.1348378 -0.2590908 -0.9444878 57.000000 3 0.103736 0.540851 0.355414
0.5216123 0.8062802 0.2693572 836.000000 3 0.862948 0.102374 0.034678
0.609623 -0.6566811 0.4205682 978.000000 3 0.216146 0.323264 0.460590
0.004689979 0.2459155 -0.9594008 3030.000000 3 0.176568 0.360430 0.463002
0.5629135 0.7586349 0.3102664 838.000000 3 0.538548 0.143601 0.317852
0.747492 -0.3637149 -0.5338527 468.000000 3 0.227225 0.102788 0.669987
-0.2384492 0.2323389 -0.9322455 2758.000000 3 0.351357 0.594852 0.053791
-0.7821757 0.6081138 0.04981752 2034.000000 3 0.182036 0.703486 0.114478
0.6534594 0.3537925 -0.656351 290.000000 3 0.278936 0.026119 0.694946
-0.5441055 0.7734907 -0.2938229 2222.000000 3 0.669101 0.109334 0.221565
0.1199924 0.5387131 0.8199409 1202.000000 3 0.093393 0.183408 0.723199
-0.20209 0.2873545 0.9222826 1412.000000 3 0.510155 0.487188 0.002657
-0.6643202 -0.4689882 -0.5540113 2495.000000 3 0.043829 0.027511 0.928660
0.5877219 0.374263 -0.7021441 286.000000 3 0.090894 0.520129 0.388977
-0.4214717 -0.8983903 0.008436255 1895.000000 3 0.063156 0.521120 0.415724
0.1184519 0.2585525 -0.946764 25.000000 3 0.230034 0.252059 0.517907
0.2976432 -0.6544062 0.6785069 1173.000000 3 0.797872 0.147206 0.054923
0.4352296 -0.6188917 -0.6381118 2963.000000 3 0.535409 0.285361 0.179230
-0.8229801 -0.4852778 0.2658002 1947.000000 3 0.480344 0.214895 0.304761
-0.3420468 0.9195778 0.1449585 2082.000000 3 0.498733 0.236242 0.265025
0.4038168 0.8077256 0.3991104 1098.000000 3 0.179389 0.697804 0.122806
0.8812184 -0.4175389 0.1238882 676.000000 3 0.338802 0.463796 0.197402
0.6712681 0.5984098 0.4144248 990.000000 3 0.191700 0.494914 0.313386
0.2612494 0.7453833 0.6021094 1025.000000 3 0.035536 0.676144 0.288320
0.6990753 -0.1753643 0.6830524 947.000000 3 0.220980 0.051942 0.727078
0.408666 -0.8246102 -0.3561181 3194.000000 3 0.457720 0.177955 0.364326
0.8761539 -0.2368608 0.3965878 818.000000 3 0.066090 0.693502 0.240409
0.4977059 0.8539351 0.07127921 689.000000 3 0.075148 0.923836 0.001016
-0.04536897 0.4520084 0.8717967 1392.000000 3 0.764385 0.046585 0.189029
-0.0817544 -0.9222031 -0.3469309 2746.000000 3 0.753006 0.042955 0.204038
-0.7812428 -0.3908192 -0.4677856 2492.000000 3 0.118330 0.157974 0.723696
-0.06414092 0.9535539 -0.2681278 3073.000000 3 0.160001 0.034982 0.805017
-0.9335659 0.2845788 -0.1771645 2111.000000 3 0.118486 0.875124 0.006391
0.9770437 0.003336899 0.1741047 730.000000 3 0.125192 0.155775 0.719033
-0.5272753 -0.4732304 0.689541 1653.000000 3 0.083944 0.891091 0.024965
-0.5930717 0.08352488 0.7862142 1710.000000 3 0.150509 0.588888 0.260603
-0.5345207 0.4880803 0.6720968 1688.000000 3 0.149235 0.377162 0.473602
0.7589798 0.5845105 -0.2434572 523.000000 3 0.468181 0.477865 0.053954
-0.7022667 0.621305 0.3248707 1969.000000 3 0.785879 0.102929 0.111192
0.8666101 -0.2919717 0.3751769 816.000000 3 0.345130 0.582317 0.072553
-0.117028 -0.9717224 -0.1772631 2760.000000 3 0.167772 0.038936 0.793292
-0.1341386 -0.9749595 -0.1160244 2116.000000 3 0.280116 0.227948 0.491936
-0.6600231 -0.641032 0.3710936 2926.000000 3 0.664632 0.276593 0.058775
-0.1241201 0.9812632 0.06790789 1727.000000 3 0.138529 0.559840 0.301631
0.694756 -0.4682848 -0.5320744 483.000000 3 0.291362 0.619460 0.089178
0.4193201 -0.428869 0.7837672 1156.000000 3 0.522031 0.217178 0.260791
-0.06433935 0.986899 0.05634937 2456.000000 3 0.157879 0.793695 0.048427
0.08120646 0.6517 0.7345032 3151.000000 3 0.147983 0.569365 0.282653
-0.6089762 0.6871288 -0.3754031 2407.000000 3 0.046756 0.519838 0.433406
-0.0739878 -0.4607843 0.8735582 1457.000000 3 0.111093 0.063999 0.824908
-0.6606005 -0.1232296 -0.7266002 3198.000000 3 0.435990 0.466485 0.097526
-0.4819529 -0.7037957 -0.4993535 2423.000000 3 0.122216 0.640166 0.237619
0.8220567 -0.3671575 0.4101683 823.000000 3 0.093173 0.795855 0.110972
0.01123493 0.9803267 -0.1360124 144.000000 3 0.173745 0.482138 0.344117
-0.404496 -0.8077611 0.4072185 1564.000000 3 0.045542 0.437776 0.516681
-0.5912108 -0.6833624 -0.4006556 2418.000000 3 0.389548 0.108751 0.501701
0.4145836 0.04505297 0.8976543 1114.000000 3 0.172867 0.702679 0.124454
-0.1594565 -0.36988 0.9061769 1450.000000 3 0.029627 0.199070 0.771303
0.492913 0.6999472 0.4921042 1014.000000 3 0.556720 0.274060 0.169220
0.574184 -0.5094624 0.6218638 977.000000 3 0.496545 0.237113 0.266342
0.6780143 -0.08350913 0.7180995 1081.000000 3 0.431674 0.000980 0.567347
-0.7586579 -0.5795605 -0.2615258 2231.000000 3 0.380042 0.563807 0.056152
-0.02818734 0.4070542 0.8949739 1392.000000 3 0.252779 0.412719 0.334502
-0.7420724 0.580268 -0.2983933 2248.000000 3 0.169303 0.498203 0.332494
-0.4036419 0.6818966 0.5834868 1896.000000 3 0.391746 0.094732 0.513521
0.6607835 0.5941197 -0.4326359 389.000000 3 0.606847 0.068181 0.324972
0.5448955 -0.1247862 -0.8144042 2975.000000 3 0.154137 0.814557 0.031306
0.6538728 0.7036012 -0.2389215 518.000000 3 0.856097 0.081115 0.062789
-0.5684532 -0.4397941 0.6776183 1652.000000 3 0.028203 0.622744 0.349054
0.1757439 0.9327962 -0.2929368 168.000000 3 0.164213 0.144398 0.691390
-0.7763303 0.5375246 -0.2879888 2260.000000 3 0.195933 0.495232 0.308835
-0.681502 0.279631 -0.6627036 2965.000000 3 0.559292 0.330806 0.109901
-0.4498095 -0.1029288 0.8758247 1602.000000 3 0.120175 0.824407 0.055418
-0.1026507 0.175448 0.9662405 1418.000000 3 0.521917 0.310156 0.167927
0.6475884 0.6566437 0.359942 846.000000 3 0.190022 0.741854 0.068124
0.2788102 0.6959493 0.6553625 1028.000000 3 0.110458 0.008579 0.880963
0.2945053 -0.08733983 0.9416485 1223.000000 3 0.275259 0.012843 0.711898
0.5460304 -0.824227 0.09502425 574.000000 3 0.162885 0.003212 0.833903
0.05956876 0.9442273 0.2919582 1132.000000 3 0.048656 0.641288 0.310055
0.5067635 0.1543164 -0.836409 194.000000 3 0.044715 0.372084 0.583202
0.4099416 0.8842931 0.1992856 668.000000 3 0.792598 0.001446 0.205956
0.2127317 0.3954058 0.8766384 1204.000000 3 0.629653 0.177777 0.192570
-0.8758415 0.4621099 0.0321778 2046.000000 3 0.078025 0.732287 0.189688
0.05082961 -0.2400366 -0.9581372 53.000000 3 0.412824 0.388797 0.198380
0.3339952 0.007632155 0.9339871 1212.000000 3 0.133713 0.507770 0.358517
0.6657397 -0.2082794 0.7070296 1094.000000 3 0.060657 0.211856 0.727488
0.6161318 -0.7700944 -0.05442674 573.000000 3 0.421921 0.409831 0.168248
-0.06228141 0.2578398 -0.9551517 2807.000000 3 0.015153 0.649642 0.335205
0.893851 0.3104647 0.2857082 757.000000 3 0.750977 0.199816 0.049207
-0.5392266 0.8160533 -0.1198125 2219.000000 3 0.180960 0.641724 0.177316
0.8882916 0.3625836 0.2245347 758.000000 3 0.591163 0.233078 0.175758
-0.4404866 0.815172 0.3514081 1799.000000 3 0.672292 0.028096 0.299613
-0.7685227 0.4751332 -0.4077553 2385.000000 3 0.471859 0.255065 0.273075
-0.04057844 0.639495 -0.7559403 2876.000000 3 0.200743 0.680191 0.119066
0.9792528 0.05240242 0.1163931 1322.000000 3 0.084304 0.635195 0.280500
0.8915813 0.1694998 0.3930695 2887.000000 3 0.397145 0.598590 0.004265
0.9038259 -0.3911464 0.0309005 674.000000 3 0.554833 0.154964 0.290203
0.8735354 -0.09143829 -0.4524004 450.000000 3 0.421667 0.309990 0.268342
0.7966765 0.5883937 0.01728677 646.000000 3 0.184603 0.443489 0.371909
0.009661881 0.3378768 -0.93009 1492.000000 3 0.182813 0.793168 0.024019
0.5267563 -0.004416214 -0.840967 202.000000 3 0.120353 0.305444 0.574203
0.6730719 -0.5486994 -0.4787158 488.000000 3 0.373673 0.040443 0.585884
-0.6369725 -0.7466584 -0.1461671 2186.000000 3 0.610031 0.026174 0.363795
-0.9688588 -0.148134 -0.1503349 2141.000000 3 0.654406 0.043494 0.302100
0.7503966 -0.1018967 0.6379785 945.000000 3 0.133836 0.739660 0.126503
0.4806986 0.2380499 0.8314211 1182.000000 3 0.553821 0.300529 0.145650
0.9256487 0.1041559 -0.3281617 558.000000 3 0.607788 0.280296 0.111916
-0.1960258 -0.9709347 0.02350153 2112.000000 3 0.501699 0.223028 0.275274
-0.3434181 0.9247383 -0.1033869 2359.000000 3 0.201410 0.338466 0.460124
-0.4756241 0.2588046 0.8295925 1594.000000 3 0.043122 0.357183 0.599695
-0.5337143 -0.7213453 0.4180914 1684.000000 3 0.264481 0.332485 0.403034
-0.7226068 0.5284572 -0.4268181 2432.000000 3 0.124047 0.356869 0.519084
-0.7017572 0.287432 0.6414501 1736.000000 3 0.032741 0.920896 0.046363
0.04611249 -0.7515161 0.6430424 1490.000000 3 0.225655 0.186744 0.587601
0.7785718 -0.5177872 -0.3277128 490.000000 3 0.376178 0.083411 0.540411
-0.8760525 -0.04697127 -0.459447 2351.000000 3 0.248738 0.435553 0.315709
0.03919995 -0.8784062 0.4495963 1334.000000 3 0.363569 0.609156 0.027275
0.2586907 0.1392104 0.9485835 1423.000000 3 0.434489 0.003806 0.561705
-0.5067437 -0.8109348 -0.2598344 2376.000000 3 0.111265 0.614025 0.274710
0.3416228 0.9262396 -0.05152069 648.000000 3 0.571034 0.200129 0.228837
0.6302991 0.6952531 -0.3178953 518.000000 3 0.157702 0.166916 0.675382
-0.5399767 -0.305074 0.7686518 972.000000 3 0.448092 0.340383 0.211525
-0.606443 -0.7613565 -0.1926203 2251.000000 3 0.412940 0.143222 0.443838
-0.8288238 0.530532 -0.1178015 2259.000000 3 0.168910 0.218174 0.612915
-0.3336542 0.5871414 0.7211795 1555.000000 3 0.318805 0.492131 0.189065
0.1592482 0.0343051 -0.9772995 138.000000 3 0.347948 0.203238 0.448814
0.08883528 -0.7988444 0.5790548 1321.000000 3 0.401004 0.330337 0.268659
0.4672084 -0.4199585 -0.7637894 218.000000 3 0.150823 0.277464 0.571713
-0.6424698 0.7028322 -0.2730647 2224.000000 3 0.324770 0.043493 0.631737
0.5563159 -0.03403112 0.8202184 1088.000000 3 0.255093 0.094302 0.650604
-0.9007659 0.1546443 0.3842251 1862.000000 3 0.292682 0.119563 0.587756
0.1396004 -0.4623913 -0.8586837 3075.000000 3 0.310495 0.078229 0.611276
0.6419063 -0.721042 -0.2367564 567.000000 3 0.296755 0.017912 0.685333
-0.9031243 0.187684 -0.3683009 2296.000000 3 0.072132 0.006259 0.921608
0.6645623 0.03888976 -0.7339586 304.000000 3 0.087196 0.613878 0.298927
-0.5967348 0.7796509 -0.09290427 2214.000000 3 0.033469 0.796513 0.170018
0.3045927 -0.3697346 0.8661369 1236.000000 3 0.136559 0.257203 0.606239
0.1999704 0.9673901 0.001164595 794.000000 3 0.237822 0.487238 0.274940
0.7461855 -0.5849663 -0.2847438 513.000000 3 0.203527 0.787088 0.009385
0.9087749 0.2409854 -0.3088128 562.000000 3 0.035403 0.818905 0.145692
-0.5480978 -0.8151674 0.1182198 1984.000000 3 0.132975 0.388183 0.478842
-0.2369782 -0.4360515 -0.8569763 2841.000000 3 0.269890 0.406432 0.323678
0.2407093 0.2921799 0.9134904 1207.000000 3 0.419504 0.453284 0.127212
0.5440497 -0.555643 -0.6139702 272.000000 3 0.839322 0.000920 0.159757
-0.3537569 0.875078 -0.3086098 2535.000000 3 0.285072 0.589623 0.125305
-0.09078719 -0.9305425 0.335038 1348.000000 3 0.233688 0.011364 0.754948
-0.2787486 -0.2267755 -0.9200095 2708.000000 3 0.560618 0.327583 0.111800
-0.579878 -0.6508181 -0.461424 2418.000000 3 0.859176 0.033012 0.107812
-0.6131634 -0.3217907 0.7056018 1643.000000 3 0.719357 0.178415 0.102228
-0.8557912 0.2187027 0.4496337 1849.000000 3 0.266290 0.655373 0.078338
-0.2390885 -0.6457097 -0.7144297 2862.000000 3 0.736435 0.143066 0.120498
0.7963706 -0.2114763 -0.543475 465.000000 3 0.139056 0.701081 0.159862
-0.1590112 -0.9504129 0.2258249 1707.000000 3 0.248444 0.529599 0.221957
-0.8145263 0.2769403 0.4883427 3099.000000 3 0.132117 0.464177 0.403706
0.5971862 0.7323967 -0.2988385 504.000000 3 0.212565 0.346140 0.441294
0.7218794 0.630322 0.2483109 812.000000 3 0.458920 0.469135 0.071945
0.8636941 -0.4164744 0.2557562 680.000000 3 0.195915 0.026156 0.777929
0.1767647 -0.7761079 -0.5889555 105.000000 3 0.368072 0.498302 0.133625
-0.5896367 0.5343738 -0.584806 2571.000000 3 0.387759 0.498486 0.113755
0.2962508 -0.69251 0.6416411 1174.000000 3 0.640061 0.305651 0.054288
0.4296051 0.1202898 0.8803581 1109.000000 3 0.022471 0.216873 0.760656
-0.7808858 0.5914221 0.1591756 1994.000000 3 0.200736 0.075819 0.723445
-0.410551 -0.8889605 0.1432048 1890.000000 3 0.770215 0.051139 0.178646
0.5686209 -0.8037566 -0.07213059 570.000000 3 0.469643 0.474297 0.056059
0.3604022 0.6545456 -0.6501312 240.000000 3 0.656582 0.311599 0.031819
-0.5866475 0.711838 0.3682865 1950.000000 3 0.043039 0.161751 0.795210
0.5410739 0.8152969 -0.1520598 633.000000 3 0.513754 0.263065 0.223181
-0.5486667 -0.6559857 0.4954641 1673.000000 3 0.070579 0.671113 0.258308
-0.04227132 -0.1921508 -0.9722456 36.000000 3 0.040387 0.336772 0.622841
-0.7941712 0.5515934 0.2034208 1994.000000 3 0.092084 0.505566 0.402350
-0.3417756 0.7113127 0.5900208 1445.000000 3 0.774459 0.148097 0.077443
-0.4243561 -0.894703 -0.04264628 2196.000000 3 0.208062 0.440223 0.351715
0.07604061 -0.6078625 0.777005 1300.000000 3 0.682098 0.030562 0.287340
0.1656742 0.08520647 -0.9734308 31.000000 3 0.138500 0.681241 0.180260
0.1637895 0.7371723 0.640816 1290.000000 3 0.081582 0.760717 0.157701
0.8391256 0.0985003 0.5157987 896.000000 3 0.638746 0.352105 0.009148
0.2271911 -0.9628938 0.0277349 762.000000 3 0.225314 0.740956 0.033731
0.8499032 0.06275287 -0.5009343 447.000000 3 0.023053 0.825469 0.151478
0.2840509 -0.7568202 -0.5722668 249.000000 3 0.072370 0.713661 0.213970
0.1378359 -0.8272617 0.5311447 1320.000000 3 0.025541 0.637048 0.337411
-0.1795908 -0.8163254 0.5379088 1536.000000 3 0.105439 0.059227 0.835334
0.4585657 0.8637235 0.1785696 671.000000 3 0.206587 0.514579 0.278834
0.4129378 0.7323203 -0.5238994 348.000000 3 0.159705 0.137669 0.702626
-0.6623431 0.4739092 -0.560927 2430.000000 3 0.110920 0.588915 0.300165
-0.4449924 -0.6512298 0.5949796 1668.000000 3 0.761035 0.041357 0.197608
0.5864395 0.7592317 -0.2495058 507.000000 3 0.562604 0.339054 0.098342
-0.7052712 0.2190693 0.6625066 1734.000000 3 0.301944 0.247162 0.450894
-0.3887659 0.5352123 -0.7426071 94.000000 3 0.753713 0.021484 0.224803
-0.07202921 0.671241 0.7165952 3163.000000 3 0.244755 0.141997 0.613248
0.5054994 0.3520197 -0.7739545 284.000000 3 0.502975 0.344585 0.152440
-0.7464598 -0.4011441 -0.504863 2492.000000 3 0.307663 0.306980 0.385358
0.7537897 -0.009158984 -0.6403089 438.000000 3 0.159762 0.558401 0.281838
-0.6483609 -0.7262751 -0.1923664 2252.000000 3 0.151807 0.465090 0.383102
0.4052739 0.2289441 -0.8733859 265.000000 3 0.239282 0.572766 0.187952
-0.8823953 0.4427686 0.07970306 2046.000000 3 0.275603 0.283917 0.440479
0.05475056 0.6035699 -0.7868643 0.000000 3 0.634150 0.065813 0.300037
0.7168144 0.6561229 0.1925479 813.000000 3 0.328397 0.243408 0.428194
-0.6803694 -0.3817194 -0.6004525 2488.000000 3 0.780830 0.035388 0.183781
-0.6307632 0.7623508 -0.03072217 2214.000000 3 0.741599 0.109876 0.148525
0.8366933 0.5249622 0.008138657 3046.000000 3 0.094109 0.637037 0.268854
-0.7898271 0.6010528 -0.006611024 2038.000000 3 0.329535 0.432547 0.237919
-0.5286878 -0.7592145 0.3603278 1977.000000 3 0.121263 0.801299 0.077437
0.3901066 -0.8490064 0.3308672 872.000000 3 0.154912 0.159666 0.685422
-0.5688088 0.7830938 0.1984847 1952.000000 3 0.013464 0.822483 0.164053
0.04032927 0.7262879 -0.6726435 84.000000 3 0.031443 0.330320 0.638237
-0.6743385 -0.520654 -0.493029 18.000000 3 0.213874 0.706027 0.080099
0.6589682 -0.4487433 -0.5863594 344.000000 3 0.399211 0.320042 0.280747
-0.8397241 0.4981478 -0.1546942 2259.000000 3 0.372910 0.445774 0.181315
-0.4161974 -0.8788139 -0.1768394 2271.000000 3 0.079008 0.310680 0.610311
-0.9477394 0.08522735 0.275244 1921.000000 3 0.377982 0.000283 0.621736
0.8381702 -0.3905152 -0.3462461 473.000000 3 0.292300 0.349098 0.358601
-0.224353 -0.2712241 -0.926416 2707.000000 3 0.657376 0.334127 0.008496
0.6149386 0.7659028 -0.1079178 630.000000 3 0.367963 0.312114 0.319923
0.640211 -0.1066185 -0.7439666 315.000000 3 0.152420 0.413430 0.434150
-0.6400328 0.7515417 0.05262061 2018.000000 3 0.503862 0.480655 0.015483
0.640132 -0.3210376 0.6853033 959.000000 3 0.298810 0.462884 0.238306
0.131274 0.01958762 0.9816127 1254.000000 3 0.200164 0.475983 0.323854
0.4656886 -0.501087 -0.7154463 221.000000 3 0.169663 0.519681 0.310655
0.9019608 -0.0759693 -0.4003125 451.000000 3 0.412780 0.100146 0.487074
-0.7036841 -0.5999762 0.3583637 1959.000000 3 0.381371 0.374476 0.244153
0.587604 0.4226129 -0.6735385 280.000000 3 0.314672 0.450593 0.234735
-0.1670969 0.3384718 0.9097925 1408.000000 3 0.481515 0.174911 0.343574
-0.7979477 -0.2133756 -0.5494086 2481.000000 3 0.335339 0.039455 0.625206
0.7680885 0.2272029 -0.5769446 426.000000 3 0.332405 0.641995 0.025600
-0.2099479 -0.5240141 0.8130827 1506.000000 3 0.048633 0.313905 0.637462
0.4166481 -0.8979084 0.0702118 864.000000 3 0.463977 0.033867 0.502156
0.610242 -0.7574979 0.1822097 852.000000 3 0.590679 0.260273 0.149049
0.5925634 -0.7565165 0.2316346 853.000000 3 0.049309 0.675737 0.274954
0.3743873 -0.4850679 0.7740971 1161.000000 3 0.813235 0.076720 0.110046
0.1195258 -0.2378527 0.9563999 1274.000000 3 0.040946 0.673170 0.285884
-0.3240145 -0.2725373 -0.8939934 2708.000000 3 0.063392 0.808653 0.127956
-0.7123196 0.06652637 0.6854036 1740.000000 3 0.482151 0.199856 0.317993
0.9413388 -0.2526225 0.1608092 663.000000 3 0.448656 0.005349 0.545995
0.6877913 -0.4832757 0.5127007 3045.000000 3 0.658103 0.056399 0.285498
0.2884144 0.1788674 0.9362058 1214.000000 3 0.098187 0.034047 0.867766
-0.6849236 -0.4329455 0.5705255 1787.000000 3 0.376938 0.289935 0.333126
-0.855266 0.3392275 -0.3680734 2397.000000 3 0.130021 0.322278 0.547702
0.2735175 0.07765965 0.9512463 1215.000000 3 0.604611 0.064473 0.330916
-0.6765667 -0.341393 -0.629898 2488.000000 3 0.125348 0.683284 0.191368
0.4627219 0.08216555 0.8671808 3177.000000 3 0.405232 0.376742 0.218026
0.4878385 0.5316687 -0.6779479 2949.000000 3 0.310158 0.227389 0.462453
-0.1614868 -0.7530972 -0.6160318 2778.000000 3 0.437905 0.534383 0.027712
-0.8623129 0.3935117 -0.2898484 2266.000000 3 0.644829 0.217222 0.137949
0.8457515 0.3792876 -0.341427 534.000000 3 0.217255 0.535333 0.247412
0.5740293 -0.7967542 0.142226 852.000000 3 0.252880 0.078940 0.668180
-0.2965262 0.3211862 0.8893973 1587.000000 3 0.307671 0.332075 0.360254
0.2750132 -0.433908 0.8445708 1244.000000 3 0.341811 0.577120 0.081068
0.8221887 0.1249084 -0.531181 440.000000 3 0.102270 0.471029 0.426701
0.9375268 0.3067654 -0.07277147 594.000000 3 0.583799 0.281999 0.134202
-0.3090898 0.8740476 0.3568316 1777.000000 3 0.276688 0.405861 0.317451
0.6795163 -0.6986118 -0.1781152 636.000000 3 0.115437 0.592464 0.292098
-0.3614507 -0.9121261 -0.1244806 2269.000000 3 0.410048 0.394991 0.194960
0.2121706 0.06276704 -0.9647508 139.000000 3 0.064485 0.341886 0.593629
-0.05776131 0.6978948 -0.7046404 2872.000000 3 0.091862 0.738621 0.169517
-0.1779916 0.8308165 -0.518465 2674.000000 3 0.103978 0.142515 0.753507
-0.1261667 -0.5287853 -0.8245754 2844.000000 3 0.517336 0.428141 0.054523
0.8079153 0.2274638 0.5277065 912.000000 3 0.258217 0.084327 0.657456
-0.2540353 0.3597241 0.8885696 1412.000000 3 0.155589 0.073583 0.770827
-0.942487 0.2313756 0.2012818 1907.000000 3 0.468350 0.130999 0.400651
-0.8257442 0.3610606 -0.4085629 2396.000000 3 0.308464 0.291575 0.399962
-0.9093449 -0.14568 -0.3682795 2315.000000 3 0.149805 0.404853 0.445342
0.9523785 0.05526236 0.2749951 769.000000 3 0.594707 0.209429 0.195864
-0.9551972 0.06236752 -0.2517172 2292.000000 3 0.008713 0.630659 0.360628
-0.749343 -0.1415412 -0.6318925 2467.000000 3 0.456642 0.299832 0.243526
-0.287271 -0.8189332 -0.47949 2584.000000 3 0.045888 0.720865 0.233247
-0.5436765 0.4088619 0.7155094 1687.000000 3 0.146391 0.110730 0.742879
0.06403375 0.1607046 -0.9739726 32.000000 3 0.324553 0.353168 0.322279
-0.5625278 0.02805798 0.8157508 1710.000000 3 0.069013 0.152384 0.778603
-0.4609084 -0.8101818 0.3484363 1974.000000 3 0.324482 0.023810 0.651708
-0.02068371 0.6940035 0.6996914 1365.000000 3 0.453256 0.438609 0.108135
0.2837828 -0.9483693 -0.05929498 557.000000 3 0.455190 0.072209 0.472601
-0.5519627 0.09082364 0.8148963 1710.000000 3 0.601747 0.070162 0.328091
0.07030734 0.4536759 0.8739601 1386.000000 3 0.662689 0.120542 0.216770
0.8410641 -0.2733673 0.4384092 582.000000 3 0.053497 0.864548 0.081954
-0.6356174 -0.06753439 0.7556227 1624.000000 3 0.692341 0.189271 0.118388
0.6233634 0.4953572 0.5817117 3156.000000 3 0.186480 0.100745 0.712775
-0.6992986 -0.09993198 0.6962351 1752.000000 3 0.955600 0.019829 0.024571
-0.1160744 -0.3471877 0.9186773 1450.000000 3 0.118622 0.575200 0.306178
0.4168817 -0.1997979 0.876735 3056.000000 3 0.482547 0.109363 0.408090
0.3399339 0.1170265 -0.9225949 188.000000 3 0.135406 0.809663 0.054931
0.02332808 0.2476529 0.9579946 1342.000000 3 0.002914 0.549458 0.447628
0.1034427 -0.8740195 0.4522575 1331.000000 3 0.230623 0.053279 0.716098
-0.7075098 0.2237999 -0.6594415 2441.000000 3 0.286038 0.112563 0.601399
0.3387382 0.6250014 -0.6898967 240.000000 3 0.162151 0.499137 0.338712
-0.02971713 0.1880823 -0.9735834 2812.000000 3 0.068770 0.246213 0.685016
-0.6412528 -0.630684 0.4206234 1801.000000 3 0.508951 0.309098 0.181952
0.8457121 0.4733994 -0.1837617 536.000000 3 0.567189 0.069902 0.362909
0.9511608 0.2813112 -0.02984644 599.000000 3 0.894177 0.018010 0.087812
0.9447457 -0.1148211 0.2717969 786.000000 3 0.822380 0.020962 0.156659
-0.9422168 0.1542219 0.2616285 1918.000000 3 0.394111 0.374651 0.231238
0.647294 0.7159305 0.2345554 848.000000 3 0.373629 0.022135 0.604235
-0.4701706 -0.56323 -0.6638134 2600.000000 3 0.268424 0.013084 0.718493
0.2907952 -0.2948903 -0.8998344 174.000000 3 0.096830 0.650112 0.253058
0.3322157 0.6959157 0.6228598 1024.000000 3 0.409804 0.112652 0.477544
-0.9196004 -0.3395235 0.1226324 2095.000000 3 0.076748 0.505371 0.417882
-0.4030656 0.8129261 0.3952505 1797.000000 3 0.207066 0.468854 0.324079
-0.1229458 -0.312846 -0.9331089 2829.000000 3 0.875603 0.067384 0.057014
-0.4100593 0.8802298 -0.1956553 2370.000000 3 0.772604 0.226375 0.001021
-0.5026442 0.4350247 0.7273901 1574.000000 3 0.772866 0.152316 0.074819
-0.4372875 -0.706593 0.5327728 1668.000000 3 0.033745 0.676704 0.289551
0.3153017 -0.4141359 -0.8432246 212.000000 3 0.096504 0.491106 0.412390
0.9514659 0.2642524 0.07812139 715.000000 3 0.282380 0.137439 0.580181
-0.3012882 -0.4717911 -0.8115765 2684.000000 3 0.663509 0.328695 0.007797
-0.8486779 0.3157552 0.3974463 1850.000000 3 0.301946 0.419850 0.278204
-0.06749896 -0.4122558 -0.8951367 2842.000000 3 0.300065 0.209391 0.490544
0.6349742 0.5981688 0.4708498 3148.000000 3 0.143206 0.005153 0.851641
0.9545826 -0.2156502 -0.1403407 626.000000 3 0.784714 0.192738 0.022548
0.01386581 -0.9899119 -0.02086988 151.000000 3 0.178219 0.762280 0.059501
0.6341414 0.6323316 0.4230763 991.000000 3 0.123624 0.469201 0.407175
-0.2767078 -0.8448545 -0.4358796 2585.000000 3 0.019488 0.490981 0.489530
0.753441 0.5239704 -0.3753997 531.000000 3 0.361551 0.149385 0.489064
0.9243979 0.1995136 -0.2854616 562.000000 3 0.458761 0.508542 0.032697
-0.2276406 -0.1582299 0.9508096 1470.000000 3 0.375268 0.028674 0.596058
0.2527179 0.6512022 0.7028186 1190.000000 3 0.108371 0.497449 0.394180
0.7910159 0.3566253 0.4779286 915.000000 3 0.391211 0.051244 0.557545
0.8867913 -0.2777383 -0.3274415 470.000000 3 0.410360 0.207947 0.381693
0.2100447 -0.4099174 -0.8752515 3076.000000 3 0.320350 0.458094 0.221556
-0.4877427 0.7998937 -0.324742 2408.000000 3 0.242947 0.093849 0.663203
-0.4350553 0.6466075 0.6036512 1674.000000 3 0.422357 0.531493 0.046150
-0.9392115 -0.2954382 -0.1098784 2151.000000 3 0.209562 0.691583 0.098855
-0.1677304 -0.7845208 0.5843352 1536.000000 3 0.674727 0.065651 0.259622
-0.9308428 -0.2485681 -0.234297 2319.000000 3 0.753220 0.068992 0.177788
0.6317746 -0.5757273 0.4940529 980.000000 3 0.493343 0.382261 0.124396
-0.3127028 -0.7196579 0.6072545 1540.000000 3 0.188391 0.182631 0.628979
-0.07779145 -0.939199 -0.3000677 2765.000000 3 0.033580 0.522654 0.443766
0.9337326 0.1863058 0.2897966 2886.000000 3 0.863591 0.136018 0.000391
-0.5179451 -0.5164466 -0.6658361 2676.000000 3 0.361565 0.120382 0.518052
-0.3018789 -0.9329373 0.1481294 1910.000000 3 0.004699 0.436057 0.559244
-0.6140599 0.4865848 -0.598296 3014.000000 3 0.083292 0.432379 0.484329
-0.07403184 0.1220228 0.9773036 3064.000000 3 0.733977 0.028308 0.237715
0.8773064 -0.3493767 0.3033847 816.000000 3 0.211178 0.143241 0.645580
-0.4363531 -0.7002564 -0.5422746 2551.000000 3 0.114673 0.329890 0.555437
-0.1070735 -0.5731016 0.8024179 1354.000000 3 0.246954 0.458086 0.294960
-0.08702187 -0.2322002 0.9568769 1381.000000 3 0.201534 0.388903 0.409562
-0.2289599 0.956741 0.123769 1880.000000 3 0.281051 0.506502 0.212447
-0.6983817 -0.2816144 0.6426202 1765.000000 3 0.237078 0.287766 0.475156
-0.3510542 0.4598112 -0.8051529 2730.000000 3 0.739904 0.139820 0.120276
-0.346415 0.1248047 -0.9201463 2769.000000 3 0.500480 0.386429 0.113091
0.1624687 -0.03650562 0.9776931 1263.000000 3 0.506485 0.036952 0.456563
-0.4442025 -0.2676388 0.8468416 1615.000000 3 0.680540 0.079808 0.239652
-0.3729795 0.7221076 -0.5681126 2549.000000 3 0.598802 0.060253 0.340945
0.7486556 0.6468503 0.05720837 702.000000 3 0.167466 0.752920 0.079613
0.5904378 0.7782618 -0.1571863 630.000000 3 0.825878 0.113350 0.060772
-0.7081879 0.5271712 0.449647 1732.000000 3 0.328749 0.136230 0.535021
-0.06705404 -0.8720174 0.4686281 1401.000000 3 0.380196 0.595472 0.024332
-0.528357 -0.4577395 -0.6969344 2679.000000 3 0.238153 0.674373 0.087474
-0.8916445 -0.3517209 -0.2449647 2322.000000 3 0.327627 0.239281 0.433092
-0.7529732 0.6352566 0.1405182 2016.000000 3 0.027797 0.137221 0.834982
-0.9211431 0.2061017 0.298972 2927.000000 3 0.161179 0.244875 0.593946
-0.7673372 0.217787 0.590375 1738.000000 3 0.279080 0.359929 0.360991
-0.5658969 0.150611 0.7967293 1713.000000 3 0.449120 0.532369 0.018511
-0.9771579 0.05921136 0.1473871 2058.000000 3 0.126531 0.480485 0.392984
-0.01121873 -0.9625434 0.2337138 1543.000000 3 0.121092 0.153917 0.724992
0.4245982 0.5112921 0.733629 1046.000000 3 0.345826 0.183145 0.471029
-0.2298281 -0.8675237 -0.4200563 2584.000000 3 0.812815 0.049039 0.138146
-0.08371381 0.9578525 0.2310463 1480.000000 3 0.168817 0.781342 0.049840
0.5839036 -0.6434536 0.4709144 979.000000 3 0.308022 0.439456 0.252522
0.3245591 0.4590058 0.8072952 1194.000000 3 0.262243 0.590507 0.147251
-0.7029751 -0.0367498 -0.6995095 2468.000000 3 0.350076 0.026671 0.623253
-0.1489916 0.7448167 -0.6392969 2850.000000 3 0.576649 0.032683 0.390668
-0.4692953 0.8671322 0.119004 1998.000000 3 0.545734 0.367637 0.086629
0.8636146 0.3290655 0.34878 760.000000 3 0.603257 0.219468 0.177275
0.9482934 0.1103689 0.2683044 770.000000 3 0.250202 0.529968 0.219830
-0.006565243 0.6368111 0.7484412 3005.000000 3 0.361504 0.598309 0.040187
0.3900898 -0.3475595 0.840331 1145.000000 3 0.440400 0.084003 0.475598
-0.494643 -0.229469 -0.8263947 2654.000000 3 0.313368 0.560857 0.125775
0.8595658 0.4149624 0.2379561 750.000000 3 0.347798 0.508818 0.143385
-0.02181912 0.1775139 0.9740783 1419.000000 3 0.235415 0.024188 0.740398
0.9061925 -0.1350462 -0.3729483 454.000000 3 0.304952 0.506747 0.188301
-0.9374242 -0.2413343 0.216832 1942.000000 3 0.616408 0.100849 0.282743
0.4091618 -0.7037041 0.5682206 1170.000000 3 0.055140 0.116843 0.828017
-0.6550574 -0.198206 0.717393 2947.000000 3 0.551915 0.075124 0.372962
-0.03620727 0.3308994 0.9278842 1407.000000 3 0.847986 0.011911 0.140103
-0.7687687 -0.3421211 -0.5154817 2484.000000 3 0.431657 0.122755 0.445588
0.365906 0.5786095 -0.7129164 254.000000 3 0.634014 0.257530 0.108455
0.200886 0.7590483 -0.6023937 92.000000 3 0.625523 0.183082 0.191395
0.3201529 -0.4563112 0.8172325 1160.000000 3 0.629230 0.153461 0.217309
-0.1525642 -0.9167178 0.3498841 1692.000000 3 0.150514 0.092240 0.757245
0.1801777 -0.8806574 0.4192755 1326.000000 3 0.656976 0.222674 0.120350
0.5281328 -0.2585259 -0.7965644 321.000000 3 0.612615 0.264058 0.123326
-0.7920227 -0.4407157 -0.3961889 2210.000000 3 0.403183 0.257312 0.339505
-0.3806247 -0.9087278 0.1021458 1891.000000 3 0.107057 0.628097 0.264846
0.1963376 -0.6337002 -0.7388748 101.000000 3 0.299885 0.611483 0.088631
-0.3891701 -0.4044517 -0.8078533 2680.000000 3 0.223943 0.560909 0.215147
-0.1308888 -0.9129828 -0.3569168 2743.000000 3 0.316661 0.625218 0.058121
0.2908908 -0.895052 -0.3096734 262.000000 3 0.118947 0.645276 0.235777
-0.4729084 -0.5026101 -0.7030201 2677.000000 3 0.385966 0.163791 0.450243
-0.5468934 -0.8024112 0.1799874 1984.000000 3 0.226748 0.766265 0.006988
0.8152951 0.4114299 -0.3803623 534.000000 3 0.382314 0.033293 0.584393
-0.8540787 0.003314103 -0.5043124 2344.000000 3 0.533428 0.050963 0.415609
-0.7597175 -0.2893071 -0.5599372 2478.000000 3 0.190793 0.790383 0.018824
0.7636812 -0.3604005 0.5204469 948.000000 3 0.111724 0.039608 0.848668
-0.09588699 0.635139 -0.7552967 2869.000000 3 0.140424 0.632681 0.226896
-0.283833 -0.4175532 0.8498813 1511.000000 3 0.444690 0.457808 0.097501
-0.7329508 0.4784507 0.4640475 1839.000000 3 0.294461 0.521892 0.183648
-0.3461183 -0.808867 -0.4580151 2582.000000 3 0.767391 0.055933 0.176676
0.5885661 -0.1175285 -0.783347 577.000000 3 0.174961 0.053470 0.771568
-0.3620754 0.9064993 0.1907806 2082.000000 3 0.289289 0.072180 0.638531
-0.6541716 0.5170715 0.5319285 1733.000000 3 0.602321 0.318533 0.079146
-0.1710198 -0.5061663 -0.831058 2838.000000 3 0.059478 0.555749 0.384773
0.1779069 -0.1281279 0.9665605 1260.000000 3 0.554416 0.130777 0.314807
-0.1558659 -0.9788525 -0.006495789 2113.000000 3 0.521476 0.159402 0.319122
0.4812212 -0.6961124 0.5176311 988.000000 3 0.399505 0.225524 0.374972
-0.9846314 -0.01386608 -0.1111851 2134.000000 3 0.142151 0.713750 0.144100
0.8202542 0.4798075 -0.2645449 536.000000 3 0.046702 0.722306 0.230992
0.01982659 0.9220734 -0.359921 62.000000 3 0.801009 0.007271 0.191719
-0.5978111 -0.2165262 -0.7614344 2531.000000 3 0.015941 0.724658 0.259401
0.03802243 -0.9593853 0.2440517 1345.000000 3 0.258576 0.456741 0.284683
-0.7858666 0.5422359 0.2528479 1990.000000 3 0.584799 0.289180 0.126020
0.9856833 0.05652435 -0.03287488 611.000000 3 0.325090 0.362048 0.312862
-0.03013704 0.2814393 0.9445982 1404.000000 3 0.100732 0.602218 0.297050
0.6475473 0.7355551 -0.1367169 508.000000 3 0.145186 0.377548 0.477266
-0.7280235 -0.3738793 -0.547783 2484.000000 3 0.105904 0.699651 0.194444
-0.6884871 -0.1950536 -0.6900896 2529.000000 3 0.003462 0.000168 0.996370
0.02583247 0.8118773 -0.5702769 87.000000 3 0.365882 0.061648 0.572470
0.1337628 -0.7786655 0.5966654 1314.000000 3 0.137001 0.697794 0.165205
0.1362842 -0.6336938 -0.7512374 97.000000 3 0.297023 0.368963 0.334014
-0.8923939 0.2464794 -0.3533078 2285.000000 3 0.285304 0.358061 0.356636
-0.2317138 -0.8111601 0.5178343 1560.000000 3 0.302577 0.265885 0.431538
0.5204089 0.7205355 -0.4353591 367.000000 3 0.140028 0.765397 0.094575
-0.7896554 -0.3369936 0.4946569 1812.000000 3 0.254355 0.229211 0.516434
-0.2135893 -0.9481009 0.1893442 1709.000000 3 0.298391 0.196701 0.504908
0.8741339 0.440492 -0.101436 2968.000000 3 0.245089 0.646829 0.108082
-0.5610331 -0.7204494 -0.3855267 2418.000000 3 0.101760 0.652263 0.245977
-0.8959917 -0.4172722 -0.07848419 2159.000000 3 0.394379 0.461860 0.143761
0.3935623 0.5555756 0.7242424 1188.000000 3 0.031377 0.018277 0.950346
0.5116128 0.7516477 -0.3949179 367.000000 3 0.800847 0.084012 0.115142
-0.777842 0.3013605 -0.5317692 2402.000000 3 0.437116 0.377328 0.185556
-0.1271731 -0.1880227 -0.9666179 2704.000000 3 0.205731 0.084563 0.709706
0.5442837 0.2681612 0.7815058 3138.000000 3 0.578697 0.230842 0.190461
0.7077266 0.060413 -0.688976 432.000000 3 0.568912 0.066949 0.364140
0.3626892 -0.4075811 -0.8260813 212.000000 3 0.541842 0.404208 0.053950
-0.1152021 -0.6925784 -0.6942814 2782.000000 3 0.318882 0.575678 0.105440
-0.794621 0.5068803 0.2974412 1987.000000 3 0.427128 0.381263 0.191609
0.3813204 -0.4108029 0.8144031 1156.000000 3 0.321292 0.038490 0.640219
0.6326443 -0.4066541 -0.6409642 340.000000 3 0.278917 0.447286 0.273798
-0.636981 -0.08626424 -0.7535672 2515.000000 3 0.346940 0.615692 0.037368
0.7571027 -0.5301589 0.358831 2994.000000 3 0.390906 0.431481 0.177613
0.606373 -0.3605505 0.6993324 959.000000 3 0.173530 0.105368 0.721103
0.04537768 -0.9617341 -0.2242595 135.000000 3 0.648745 0.151605 0.199649
0.1174418 -0.9792003 -0.1030587 136.000000 3 0.348157 0.002144 0.649699
0.6743385 -0.6399067 0.3482442 845.000000 3 0.571854 0.328388 0.099757
0.2922138 0.2949519 -0.9004032 126.000000 3 0.054644 0.743280 0.202076
-0.8153312 -0.5568734 0.1034626 2024.000000 3 0.687794 0.055023 0.257182
-0.1174301 -0.03538727 -0.9810195 2822.000000 3 0.390350 0.358400 0.251250
-0.7511771 0.6429791 0.08401915 2034.000000 3 0.461221 0.150073 0.388706
-0.4488 0.3737447 0.7938685 1576.000000 3 0.203887 0.609888 0.186225
0.3475222 0.03908915 -0.9268413 142.000000 3 0.084645 0.396762 0.518593
-0.2397831 -0.1921086 -0.9407356 2700.000000 3 0.036375 0.934955 0.028669
-0.3334456 0.3975214 -0.8458583 2736.000000 3 0.177643 0.014365 0.807992
0.2932462 -0.7131592 -0.6210974 248.000000 3 0.566639 0.101784 0.331577
0.6135639 0.2576192 -0.7334816 289.000000 3 0.423946 0.191968 0.384086
-0.2309455 0.9162022 -0.3031468 2905.000000 3 0.345452 0.280016 0.374532
-0.8501207 -0.05895973 -0.5036631 2354.000000 3 0.046671 0.557766 0.395564
0.9136362 -0.3843182 -0.06550697 675.000000 3 0.106295 0.019157 0.874547
0.3709844 0.4699183 -0.7860237 118.000000 3 0.001020 0.667498 0.331482
0.9180862 -0.1101997 0.3571809 791.000000 3 0.339351 0.642146 0.018503
-0.3343676 -0.1113619 0.9258522 1394.000000 3 0.424939 0.287552 0.287509
-0.5620423 -0.1645589 0.8008825 1620.000000 3 0.047227 0.187712 0.765060
0.2481017 -0.9593277 -0.01988602 762.000000 3 0.734121 0.137119 0.128760
-0.721963 -0.1641078 0.6578258 1758.000000 3 0.314439 0.167261 0.518301
0.9700639 -0.1592886 0.1237174 742.000000 3 0.324235 0.548359 0.127406
-0.4074728 -0.6355582 -0.6381115 2552.000000 3 0.822552 0.059566 0.117883
0.2246803 0.9353237 -0.2317805 456.000000 3 0.490308 0.225328 0.284365
0.3715761 0.8458391 0.3509303 1099.000000 3 0.692127 0.057715 0.250158
0.7648374 -0.491527 0.3950829 828.000000 3 0.095216 0.480040 0.424744
0.2865117 0.698494 -0.6404619 222.000000 3 0.394501 0.463566 0.141933
-0.2536037 -0.04211836 0.9573927 1466.000000 3 0.242612 0.629394 0.127994
-0.4690244 -0.8742784 0.02925265 1892.000000 3 0.850490 0.057435 0.092075
-0.01759524 -0.876593 0.4581645 1334.000000 3 0.749838 0.194271 0.055891
0.8765929 0.3594191 0.2745957 761.000000 3 0.359330 0.604978 0.035691
0.2307095 -0.558847 0.7892951 1298.000000 3 0.083839 0.032656 0.883506
0.726163 -0.6207201 0.2728738 840.000000 3 0.597994 0.139210 0.262795
-0.7243368 -0.2312002 0.6359206 1766.000000 3 0.269051 0.581117 0.149832
-0.5119476 -0.1212442 -0.8388324 2634.000000 3 0.330341 0.399098 0.270560
0.6201154 0.4130347 0.6503087 1038.000000 3 0.105083 0.173179 0.721738
-0.2320056 0.8889229 -0.373241 2665.000000 3 0.680517 0.142967 0.176516
-0.8581857 -0.45472 -0.1938617 2205.000000 3 0.173141 0.714274 0.112585
0.1187072 0.7200325 0.6675727 1313.000000 3 0.298523 0.625182 0.076294
0.4574619 0.453232 -0.7524877 252.000000 3 0.025095 0.675273 0.299632
-0.1331829 0.6721073 0.7052615 3126.000000 3 0.220753 0.167073 0.612174
0.6246523 -0.2138325 0.7408429 1094.000000 3 0.511448 0.297994 0.190557
-0.6228017 -0.6937765 -0.3441692 2237.000000 3 0.040448 0.125411 0.834141
0.2944526 -0.1765589 -0.9265717 162.000000 3 0.193732 0.619538 0.186730
-0.2276574 0.9365305 0.2402813 1878.000000 3 0.074905 0.379200 0.545896
-0.3452742 0.3318367 0.8658103 1586.000000 3 0.292567 0.429915 0.277518
-0.3953273 0.6444154 0.6354274 1896.000000 3 0.895426 0.048315 0.056259
0.6580292 -0.4246196 0.5978817 2912.000000 3 0.404338 0.368395 0.227267
0.8541501 -0.2062634 0.4565874 824.000000 3 0.195153 0.033990 0.770857
-0.02061586 0.7911763 -0.5979152 2858.000000 3 0.321532 0.317935 0.360534
-0.6967406 -0.5502937 -0.4364637 2983.000000 3 0.634857 0.166220 0.198923
-0.9581906 -0.1864427 -0.1878724 2141.000000 3 0.049406 0.050906 0.899687
-0.5804389 -0.2892103 -0.7494254 2526.000000 3 0.209545 0.685040 0.105415
-0.5400847 0.8207381 0.1283237 1834.000000 3 0.273012 0.221679 0.505309
0.01665549 0.9397784 -0.3122327 43.000000 3 0.769734 0.170532 0.059734
0.5556241 -0.3195123 0.7556747 2093.000000 3 0.439427 0.268102 0.292471
-0.7013541 0.6790103 -0.1558949 2240.000000 3 0.264582 0.603734 0.131684
-0.485373 0.314697 0.8038648 1576.000000 3 0.222942 0.145966 0.631093
0.1256314 0.5622048 -0.8088937 110.000000 3 0.362592 0.282755 0.354653
-0.1840688 -0.204458 0.9542854 1104.000000 3 0.079914 0.047690 0.872396
-0.2541481 -0.2714416 0.9179903 1483.000000 3 0.562097 0.341075 0.096827
0.204842 0.2262895 -0.9413913 28.000000 3 0.429670 0.323332 0.246999
-0.8957133 0.3076492 0.281324 2978.000000 3 0.565208 0.359297 0.075495
-0.3111936 -0.9392664 -0.02352462 2114.000000 3 0.216388 0.230726 0.552886
0.04207178 0.4346176 -0.8895934 13.000000 3 0.619968 0.216468 0.163564
0.05755653 0.9628128 0.2277943 1130.000000 3 0.811241 0.040792 0.147968
-0.1375688 -0.8535924 -0.4828355 2798.000000 3 0.016763 0.482042 0.501195
-0.2623063 -0.7120674 -0.6445531 2781.000000 3 0.022664 0.120262 0.857074
0.6529408 -0.6289322 0.4023593 978.000000 3 0.942870 0.040046 0.017085
-0.9237701 -0.247862 0.2663148 1943.000000 3 0.591885 0.218100 0.190015
-0.7561181 -0.4959658 -0.4039584 2213.000000 3 0.140971 0.627751 0.231278
0.6361287 -0.1634541 0.7415661 1086.000000 3 0.321844 0.406839 0.271317
-0.37177 0.7944783 -0.4554732 3114.000000 3 0.018543 0.577922 0.403535
0.0865644 -0.9659634 -0.1854606 136.000000 3 0.353312 0.573005 0.073683
-0.6018016 0.3099806 -0.7209669 2590.000000 3 0.771809 0.163917 0.064274
-0.6907904 -0.6237264 -0.3356781 2234.000000 3 0.500856 0.368572 0.130573
0.1295581 -0.7318023 0.6565446 1316.000000 3 0.320890 0.587571 0.091540
-0.3463915 -0.6474173 0.6673534 1535.000000 3 0.244206 0.654752 0.101042
-0.9387661 -0.1951511 0.2558143 1942.000000 3 0.028134 0.778604 0.193262
0.1555192 0.819757 -0.5359992 88.000000 3 0.113149 0.400921 0.485930
0.4679516 0.3472097 0.8011566 76.000000 3 0.147066 0.348792 0.504142
-0.5883163 0.7288828 -0.3252145 2406.000000 3 0.480320 0.131049 0.388631
0.0725155 0.9659687 -0.2033538 171.000000 3 0.175966 0.449081 0.374953
-0.2822673 0.8085608 -0.5035841 2690.000000 3 0.097658 0.524309 0.378033
-0.9799521 -0.08908378 -0.1087253 2138.000000 3 0.032337 0.880922 0.086742
-0.03734678 0.754667 0.641288 1364.000000 3 0.008616 0.310452 0.680932
0.06920014 0.85715 0.4908025 1281.000000 3 0.530532 0.163407 0.306061
-0.07725011 0.4978307 0.844797 2956.000000 3 0.285566 0.023191 0.691243
0.667806 0.6193292 -0.3863979 389.000000 3 0.171060 0.689131 0.139810
-0.9233135 -0.3533087 0.05109369 2098.000000 3 0.066781 0.472335 0.460884
0.03142702 -0.9484159 -0.2757521 134.000000 3 0.315212 0.469677 0.215110
-0.4693267 0.2469823 -0.8359962 2616.000000 3 0.555990 0.250178 0.193832
0.2547023 0.3600552 0.8821327 1211.000000 3 0.284340 0.637240 0.078420
-0.175246 -0.6936437 -0.684544 2780.000000 3 0.570672 0.203140 0.226188
-0.6933506 0.6521909 0.2696687 1972.000000 3 0.251310 0.691674 0.057017
0.3475482 -0.8499814 -0.3672262 3184.000000 3 0.085551 0.537934 0.376515
0.4183726 0.8217321 -0.3542727 352.000000 3 0.186255 0.406687 0.407058
0.3671438 0.2621544 -0.8816864 264.000000 3 0.694592 0.236438 0.068970
-0.7388714 0.2614151 0.6108512 1737.000000 3 0.899660 0.071383 0.028957
-0.5482797 0.5593989 0.6043894 1806.000000 3 0.075379 0.256436 0.668185
-0.7045733 -0.3580507 0.597666 1770.000000 3 0.253688 0.574932 0.171380
0.005989479 0.9866447 0.1181633 1724.000000 3 0.206246 0.119044 0.674711
-0.1462507 0.7874523 0.5778618 1520.000000 3 0.573460 0.311822 0.114718
-0.8234556 -0.1261723 -0.5376757 2357.000000 3 0.187838 0.555067 0.257095
0.1796292 0.6182489 -0.7568577 4.000000 3 0.582467 0.101113 0.316420
-0.9416257 0.2827512 -0.1156471 2109.000000 3 0.201507 0.558642 0.239851
-0.8175024 -0.06143641 0.5573382 1760.000000 3 0.531932 0.097895 0.370174
0.5154442 0.8381969 -0.1150167 635.000000 3 0.651680 0.087242 0.261078
0.5286354 0.3329485 0.7641444 3081.000000 3 0.193806 0.624521 0.181673
0.4429599 0.406792 0.7892209 1049.000000 3 0.221753 0.136870 0.641378
0.2755775 0.9181279 -0.2378261 456.000000 3 0.053547 0.581908 0.364545
-0.8475758 -0.4410813 0.2655536 1946.000000 3 0.343278 0.323922 0.332800
-0.03758883 0.9826859 -0.1088611 2458.000000 3 0.054220 0.460128 0.485652
0.6084795 0.3243069 -0.708806 286.000000 3 0.622762 0.048728 0.328510
0.1634207 0.4850485 -0.8460576 108.000000 3 0.540762 0.395551 0.063687
-0.9710513 0.1424259 -0.1291968 2122.000000 3 0.537309 0.107326 0.355364
-0.1681302 0.9354468 -0.2850172 2647.000000 3 0.264713 0.492793 0.242494
0.5157108 0.7916212 0.3183169 838.000000 3 0.000609 0.513082 0.486309
0.3381966 -0.6833416 -0.6300856 234.000000 3 0.321500 0.659389 0.019112
-0.7106843 0.6908283 -0.03991458 2036.000000 3 0.138021 0.297346 0.564633
-0.02788779 -0.5880838 -0.7971463 2849.000000 3 0.397309 0.004719 0.597972
0.7747926 -0.5351357 0.3109301 1056.000000 3 0.312928 0.653190 0.033882
0.1758212 0.2693403 -0.9362499 26.000000 3 0.274968 0.707390 0.017642
-0.8997672 0.2079108 0.3642507 2932.000000 3 0.099444 0.082316 0.818241
0.6557559 0.359979 0.6499723 920.000000 3 0.197766 0.061036 0.741198
-0.2084087 0.7271739 -0.6423426 2716.000000 3 0.294527 0.483020 0.222454
0.3024127 0.6599805 -0.677059 240.000000 3 0.485021 0.026993 0.487987
-0.2506236 0.8217864 0.4920888 1522.000000 3 0.011195 0.400893 0.587911
0.5659324 0.3311297 -0.7404336 287.000000 3 0.143407 0.396998 0.459595
-0.5671328 -0.009246475 -0.8148876 2518.000000 3 0.094792 0.100052 0.805156
-0.9572507 -0.1362941 -0.2157686 2304.000000 3 0.348060 0.252564 0.399376
0.3522946 -0.6876051 0.6158432 1170.000000 3 0.273775 0.433286 0.292939
-0.7965133 -0.1556278 -0.5693887 2460.000000 3 0.055799 0.281102 0.663099
0.3479369 0.8192277 -0.4250487 351.000000 3 0.185155 0.116857 0.697988
-0.3377281 0.2994471 -0.8807418 2751.000000 3 0.230746 0.738562 0.030692
-0.6785136 0.4176412 0.5913638 1728.000000 3 0.300694 0.093062 0.606244
-0.2643175 0.7567364 0.583042 1519.000000 3 0.188963 0.577349 0.233688
0.892262 -0.4067731 -0.1390747 500.000000 3 0.114011 0.476766 0.409223
-0.4273766 0.8792534 0.1798346 2000.000000 3 0.108664 0.453514 0.437822
0.7707934 -0.4856048 -0.3890705 484.000000 3 0.436663 0.123216 0.440121
0.029702 0.2916668 -0.9443496 1035.000000 3 0.012123 0.929693 0.058184
0.3742979 -0.9207088 0.03919498 544.000000 3 0.044155 0.037794 0.918051
-0.7553044 0.1604949 0.6207981 1744.000000 3 0.352439 0.598128 0.049432
-0.2762747 -0.9197015 0.2448057 1696.000000 3 0.481056 0.107314 0.411630
-0.3565973 -0.6887924 0.6203927 1662.000000 3 0.225078 0.033528 0.741394
-0.9605839 0.1038412 0.2184819 1922.000000 3 0.657715 0.270405 0.071880
0.1192927 0.8855541 -0.423813 68.000000 3 0.078900 0.782423 0.138677
-0.6981469 -0.6968689 0.1130361 2028.000000 3 0.117070 0.256422 0.626508
-0.2828687 -0.7819574 -0.5418519 2567.000000 3 0.711296 0.167576 0.121128
-0.3013488 0.05800802 0.9444908 1553.000000 3 0.833256 0.025631 0.141114
0.8340975 0.044259 0.5346684 899.000000 3 0.288450 0.261429 0.450121
0.8862425 0.04928147 -0.4362206 446.000000 3 0.063446 0.856767 0.079787
0.5568309 -0.4688914 -0.6670077 337.000000 3 0.056335 0.645840 0.297825
-0.7036425 0.3528287 0.6071615 1700.000000 3 0.276137 0.036198 0.687666
-0.6583021 0.1902488 -0.717543 2504.000000 3 0.417383 0.067289 0.515329
-0.1182939 0.6696454 -0.7236043 2871.000000 3 0.623268 0.072666 0.304066
-0.3571653 -0.8908654 0.2536516 1697.000000 3 0.077530 0.716084 0.206386
-0.6109689 0.7748013 0.08600942 2018.000000 3 0.080710 0.504918 0.414372
-0.3852872 0.8439324 0.3525175 1799.000000 3 0.246615 0.661808 0.091578
-0.8070852 0.5597211 0.1225008 2048.000000 3 0.168710 0.484389 0.346901
0.7529855 0.475053 0.4271306 1002.000000 3 0.616263 0.271228 0.112509
-0.8683217 -0.4625447 -0.1146342 2162.000000 3 0.207445 0.716492 0.076063
-0.5620629 -0.4141061 -0.7032671 2679.000000 3 0.067720 0.318576 0.613705
0.7649956 -0.05945907 -0.6283776 359.000000 3 0.184045 0.741872 0.074083
0.1398005 -0.8858781 -0.418541 120.000000 3 0.161146 0.677853 0.161001
0.0218284 -0.7063431 -0.6905355 8.000000 3 0.012698 0.691185 0.296116
0.8508806 -0.3580789 0.3536032 822.000000 3 0.286643 0.311971 0.401387
0.1353741 0.9262344 -0.3265164 46.000000 3 0.333623 0.091892 0.574485
-0.05565558 0.01932284 -0.9871984 2815.000000 3 0.015365 0.795270 0.189366
-0.6540283 -0.2468959 -0.7027978 2529.000000 3 0.222656 0.394734 0.382610
-0.2520094 0.529722 -0.7968205 2734.000000 3 0.297231 0.558601 0.144168
-0.877767 -0.2849579 0.3593554 2943.000000 3 0.450015 0.496912 0.053073
-0.1396699 0.09840637 -0.9746168 2809.000000 3 0.026490 0.496118 0.477392
0.747491 0.3775268 0.5246675 914.000000 3 0.658812 0.168930 0.172258
0.6166716 -0.773351 0.02319438 572.000000 3 0.673312 0.307394 0.019294
0.2511595 0.7360176 -0.6139985 225.000000 3 0.326860 0.659176 0.013964
0.6888599 0.6692728 0.246611 849.000000 3 0.020515 0.540053 0.439431
-0.0003849342 -0.8733068 -0.466184 2797.000000 3 0.175589 0.536405 0.288007
0.8382497 -0.3190904 0.4135605 823.000000 3 0.057248 0.290240 0.652512
-0.1840901 0.9699355 0.0952746 1726.000000 3 0.312632 0.223178 0.464190
0.7052444 0.6968692 -0.070769 644.000000 3 0.109648 0.047989 0.842363
-0.2869541 0.9234478 -0.2281722 2362.000000 3 0.270468 0.027049 0.702483
-0.1888261 -0.4637767 -0.8520268 2839.000000 3 0.334606 0.271798 0.393596
-0.73548 -0.0244306 -0.6634277 2464.000000 3 0.250455 0.276752 0.472793
0.4868199 0.6541752 -0.5622268 381.000000 3 0.265744 0.627352 0.106904
0.9679345 -0.0323855 0.2155736 783.000000 3 0.391648 0.011953 0.596399
0.966812 0.06162706 0.211295 731.000000 3 0.168870 0.637164 0.193966
0.8507055 0.3878249 0.3116873 754.000000 3 0.725320 0.039454 0.235226
-0.8539282 -0.1221187 -0.4879522 2355.000000 3 0.755764 0.213650 0.030586
0.5457952 -0.7801352 0.2667854 859.000000 3 0.331421 0.084056 0.584523
-0.7400273 -0.3189823 0.5774397 1771.000000 3 0.705571 0.086808 0.207622
0.9657358 0.05565972 -0.1937503 606.000000 3 0.479807 0.139662 0.380530
-0.9311404 -0.08133903 0.3281646 1927.000000 3 0.498415 0.212325 0.289260
-0.1891125 -0.9697181 0.07810348 1908.000000 3 0.315856 0.328706 0.355438
0.7376433 0.66182 -0.03014852 644.000000 3 0.596432 0.029991 0.373577
-0.2913339 0.3962861 0.8580444 1572.000000 3 0.189609 0.030080 0.780312
0.3941908 -0.1447589 -0.89647 2969.000000 3 0.148162 0.607177 0.244661
-0.6238911 0.07492889 -0.7650942 2509.000000 3 0.110228 0.195110 0.694662
0.7620468 -0.6345774 -0.03879764 698.000000 3 0.011026 0.913563 0.075411
-0.3031373 -0.02222061 0.942976 3189.000000 3 0.219827 0.369531 0.410642
0.6922318 0.01837938 0.7112346 1068.000000 3 0.048275 0.140144 0.811581
0.653322 0.2396085 -0.7057572 293.000000 3 0.616118 0.064764 0.319117
0.4737543 -0.2471722 0.8314658 3065.000000 3 0.261253 0.621677 0.117070
-0.9573395 -0.1139654 0.2291355 1935.000000 3 0.505011 0.061379 0.433610
0.6531659 -0.1683073 -0.723728 316.000000 3 0.017247 0.453196 0.529557
0.1022754 -0.02356942 -0.9888548 38.000000 3 0.146501 0.070736 0.782762
-0.02139048 -0.8124918 -0.5611775 2788.000000 3 0.528677 0.197510 0.273813
0.7884436 0.5833247 0.1286758 810.000000 3 0.355262 0.223982 0.420756
0.7261299 -0.4666829 0.4799048 1319.000000 3 0.630648 0.252290 0.117062
-0.3392752 0.9099731 -0.2030544 2375.000000 3 0.456428 0.349864 0.193708
0.5459384 0.3780792 -0.7346516 286.000000 3 0.054668 0.936674 0.008658
0.3228238 -0.8119745 -0.4729003 247.000000 3 0.192405 0.045736 0.761859
0.4109652 -0.8593202 -0.2666435 419.000000 3 0.072186 0.422049 0.505764
-0.7634912 -0.5481608 -0.3112155 2212.000000 3 0.664791 0.140251 0.194958
0.5909186 -0.0663461 -0.7893898 311.000000 3 0.438356 0.181080 0.380564
0.9372519 0.03984218 0.3244171 773.000000 3 0.582574 0.015132 0.402294
-0.02988173 -0.6935459 -0.6999849 2786.000000 3 0.201934 0.372418 0.425647
0.2684492 -0.8234088 -0.4820576 106.000000 3 0.304814 0.123213 0.571973
-0.9112085 -0.3951536 -0.0122796 2156.000000 3 0.000791 0.228422 0.770788
0.1731381 0.974539 -0.04242439 794.000000 3 0.273218 0.146240 0.580542
-0.6964263 0.6995399 -0.09537588 2240.000000 3 0.034849 0.221063 0.744088
0.9192274 -0.2910055 -0.2200842 494.000000 3 0.680744 0.166463 0.152793
-0.5331587 -0.7819018 -0.2996054 2377.000000 3 0.616920 0.213875 0.169205
0.6890844 0.3482702 -0.6184252 422.000000 3 0.009475 0.557293 0.433232
0.4129461 -0.4805314 -0.7584144 219.000000 3 0.350892 0.419812 0.229296
0.7985851 0.008404719 -0.5821271 442.000000 3 0.187564 0.728574 0.083863
0.8893902 -0.4307175 -0.08002773 500.000000 3 0.599085 0.034373 0.366542
-0.1548915 -0.5531585 0.8109645 1462.000000 3 0.146168 0.019438 0.834394
0.2878592 0.9352657 0.1541719 792.000000 3 0.304842 0.078067 0.617091
-0.9352831 0.1717876 -0.2791076 2297.000000 3 0.118155 0.726380 0.155465
0.9685061 0.1723157 -0.08007543 604.000000 3 0.363285 0.296300 0.340415
0.9296375 0.2850516 0.1871149 718.000000 3 0.065616 0.931871 0.002513
-0.5725125 -0.1745522 -0.7911856 2524.000000 3 0.273216 0.239932 0.486852
0.2165763 -0.6122539 0.7493761 1299.000000 3 0.121690 0.634930 0.243380
0.8372221 0.374258 0.367067 760.000000 3 0.128602 0.340686 0.530712
0.1389672 -0.2107369 -0.9565803 52.000000 3 0.166639 0.250085 0.583277
-0.2797455 0.5055024 0.800054 1569.000000 3 0.416262 0.312850 0.270887
-0.4591334 -0.08534563 -0.8729311 2638.000000 3 0.874936 0.063235 0.061829
-0.6691508 -0.3706108 0.631384 1770.000000 3 0.120468 0.202064 0.677467
-0.3531163 -0.46132 -0.7935412 2684.000000 3 0.201083 0.670242 0.128674
-0.08639343 -0.5592016 -0.8111419 2848.000000 3 0.390686 0.517084 0.092229
0.7049372 -0.6518008 -0.2407877 510.000000 3 0.217200 0.367006 0.415794
0.457594 -0.06295646 0.8751769 1120.000000 3 0.639262 0.292869 0.067869
0.01719305 0.4768771 0.8604553 1387.000000 3 0.145955 0.350664 0.503382
-0.08984615 -0.2921097 0.9388376 3039.000000 3 0.142887 0.791495 0.065618
-0.915976 0.3365135 0.1626782 416.000000 3 0.055732 0.722891 0.221377
-0.7891648 -0.2806891 0.5312265 1772.000000 3 0.867952 0.045140 0.086908
-0.01301656 -0.8142157 0.5683694 1374.000000 3 0.074191 0.182484 0.743325
0.2088885 -0.8308603 0.5080135 1054.000000 3 0.118295 0.018247 0.863459
-0.9208956 -0.2910836 0.2289757 1938.000000 3 0.012155 0.834529 0.153316
0.682641 0.515319 -0.4912939 406.000000 3 0.486557 0.259512 0.253932
-0.04047455 -0.1411863 -0.980777 2821.000000 3 0.001268 0.562469 0.436263
-0.1289858 -0.9458132 -0.268072 2763.000000 3 0.613796 0.281080 0.105124
0.9289474 0.1003471 0.334582 770.000000 3 0.943214 0.031313 0.025473
-0.5840496 -0.5815355 -0.5396064 2416.000000 3 0.271449 0.482131 0.246420
-0.5276828 0.1709134 -0.8232797 2625.000000 3 0.297737 0.045853 0.656410
-0.8267575 0.4727769 -0.261611 2933.000000 3 0.792719 0.143937 0.063345
-0.006046465 0.3906295 -0.9102341 12.000000 3 0.094093 0.593561 0.312346
0.2281827 -0.7294447 0.6311761 1180.000000 3 0.442604 0.255979 0.301417
-0.7849545 0.1804065 -0.5792251 2444.000000 3 0.430104 0.161052 0.408843
0.9382816 -0.2159059 0.2394696 800.000000 3 0.193358 0.329762 0.476880
-0.2241407 0.09154418 -0.9606115 2775.000000 3 0.184555 0.208129 0.607316
-0.1477765 -0.788597 -0.5742451 2784.000000 3 0.451856 0.026070 0.522074
0.1329005 -0.959792 0.2135442 883.000000 3 0.099152 0.534084 0.366764
-0.598182 0.2102483 0.7607771 1712.000000 3 0.494956 0.398387 0.106658
-0.8630259 -0.3219546 -0.3620475 3010.000000 3 0.303607 0.559929 0.136463
-0.2788544 0.8717417 -0.3814218 2664.000000 3 0.710854 0.157704 0.131442
-0.2895586 -0.629973 -0.7084788 2599.000000 3 0.394763 0.503921 0.101316
0.7527062 -0.6254508 0.1722259 682.000000 3 0.122166 0.125110 0.752723
0.05477338 -0.9808854 0.1410409 778.000000 3 0.331622 0.136356 0.532021
-0.4185779 0.1313916 -0.8871223 2630.000000 3 0.157552 0.494045 0.348403
-0.2913678 0.02796272 -0.94625 2772.000000 3 0.286665 0.672717 0.040618
-0.4648048 -0.8685157 0.0937042 1892.000000 3 0.198968 0.589726 0.211306
-0.8763989 -0.4601695 -0.05337201 2155.000000 3 0.310865 0.386383 0.302752
0.702351 -0.5009537 -0.489691 481.000000 3 0.650496 0.050603 0.298901
-0.9824845 0.1148535 -0.05489067 2119.000000 3 0.532324 0.218958 0.248718
-0.653506 0.7079026 -0.2227417 2224.000000 3 0.732949 0.057492 0.209559
-0.3436756 -0.1623483 0.916209 1474.000000 3 0.031267 0.500327 0.468406
-0.4089155 -0.8692664 0.2445982 1887.000000 3 0.446893 0.440706 0.112401
0.1250087 0.9237572 0.3284987 1132.000000 3 0.566155 0.024575 0.409270
-0.2861511 0.9005458 0.314212 1778.000000 3 0.135426 0.694903 0.169670
-0.111532 -0.4023857 0.8969306 1456.000000 3 0.229703 0.365648 0.404649
-0.7918513 -0.5775035 0.1559746 2025.000000 3 0.160560 0.189326 0.650114
-0.6424466 -0.5540045 0.5120083 1788.000000 3 0.017593 0.687558 0.294849
0.8466244 -0.4054756 0.3182676 830.000000 3 0.252230 0.209434 0.538336
0.557864 0.7920774 0.2275414 837.000000 3 0.557086 0.100068 0.342846
0.09720895 -0.6691239 -0.7266083 8.000000 3 0.836091 0.010956 0.152953
-0.4749146 0.7183418 0.4774822 1660.000000 3 0.568361 0.079573 0.352067
0.005538265 -0.1751737 0.97773 1271.000000 3 0.156624 0.015272 0.828104
-0.4787743 0.1632196 -0.8524108 2624.000000 3 0.470346 0.485210 0.044444
-0.529952 -0.2782286 -0.7883701 2653.000000 3 0.065795 0.285362 0.648843
0.9430583 0.059938 -0.2958881 558.000000 3 0.227860 0.194412 0.577727
-0.7220795 -0.6770169 0.07139046 2028.000000 3 0.380411 0.541785 0.077803
-0.9707537 -0.09006902 -0.1778535 2138.000000 3 0.765122 0.158237 0.076641
0.3026363 0.5104062 0.7882887 1196.000000 3 0.141020 0.839604 0.019376
0.4155196 -0.4098292 -0.7974586 214.000000 3 0.305902 0.427551 0.266548
0.2457246 0.6893986 -0.6697061 222.000000 3 0.474227 0.070030 0.455742
-0.1633432 0.4497107 0.8612366 1397.000000 3 0.756538 0.230687 0.012774
0.9556707 0.09727775 -0.227678 600.000000 3 0.436747 0.247451 0.315802
-0.8813128 -0.2752196 -0.357069 3080.000000 3 0.238538 0.607362 0.154101
0.8233365 0.04935975 -0.5420412 441.000000 3 0.243185 0.202267 0.554548
0.8948219 0.07139425 0.4153076 3053.000000 3 0.271000 0.384145 0.344855
-0.4428503 -0.8541543 -0.2277304 2390.000000 3 0.195371 0.604915 0.199715
-0.4150259 0.430452 -0.7931938 2608.000000 3 0.075848 0.814898 0.109254
-0.08544812 0.7944474 0.5842307 1520.000000 3 0.380307 0.040115 0.579578
-0.4525329 0.3038333 -0.8273663 2615.000000 3 0.220512 0.086713 0.692775
-0.7974484 0.4093748 -0.4193505 2382.000000 3 0.364684 0.579736 0.055579
-0.3466684 0.3863972 0.8378484 1572.000000 3 0.231507 0.390152 0.378341
-0.760574 -0.6217709 0.1335111 2023.000000 3 0.393190 0.015082 0.591728
-0.2607067 -0.8261557 0.4761214 1560.000000 3 0.083922 0.680608 0.235470
-0.5223524 0.1457332 0.8250725 1598.000000 3 0.721038 0.217976 0.060986
0.7586963 -0.2432449 -0.5848202 361.000000 3 0.173676 0.611684 0.214640
0.4053815 0.287984 -0.8568313 267.000000 3 0.572103 0.274333 0.153564
-0.4436721 -0.8636925 0.1951467 1889.000000 3 0.840974 0.092000 0.067027
0.6155931 0.12486 -0.7656136 299.000000 3 0.287530 0.185369 0.527101
0.3385618 0.8989657 -0.2307419 477.000000 3 0.049514 0.374486 0.576000
0.1688868 0.4309834 0.8702611 1205.000000 3 0.686121 0.063757 0.250122
-0.4754736 -0.8369323 0.2273785 1886.000000 3 0.657379 0.117925 0.224696
0.3440047 0.6994388 -0.6113163 227.000000 3 0.049051 0.163474 0.787475
0.623149 -0.2658299 -0.7202817 327.000000 3 0.008137 0.726991 0.264872
0.3743225 -0.5122935 -0.7585297 217.000000 3 0.207089 0.420296 0.372616
0.841585 -0.06090346 0.5181402 908.000000 3 0.240784 0.383579 0.375637
-0.1883553 0.5154721 0.8204378 672.000000 3 0.387196 0.470773 0.142031
-0.5202613 -0.7571251 -0.3730748 2380.000000 3 0.202267 0.710074 0.087659
-0.7127236 -0.6693411 0.1609906 1967.000000 3 0.147655 0.400246 0.452099
-0.08282698 0.2884067 0.9383822 1405.000000 3 0.364325 0.489878 0.145798
-0.8208475 0.4305495 0.346471 1986.000000 3 0.313377 0.143806 0.542817
0.7790385 -0.2910613 -0.525634 462.000000 3 0.419771 0.310356 0.269874
0.9455137 0.2296012 0.1748186 718.000000 3 0.469490 0.360537 0.169973
-0.4682731 0.001315465 -0.8743995 2628.000000 3 0.013486 0.978488 0.008027
-0.8439736 -0.4098703 0.3193937 1828.000000 3 0.313448 0.293474 0.393078
0.492811 0.4868449 -0.7077612 279.000000 3 0.161931 0.678606 0.159462
-0.5242888 -0.6267875 -0.5511761 2420.000000 3 0.328524 0.327168 0.344308
-0.01778793 0.8054841 0.57908 1494.000000 3 0.229908 0.028383 0.741709
0.8448805 0.4907709 -0.1341766 579.000000 3 0.480213 0.140886 0.378901
0.1803822 -0.7306378 0.6472075 1317.000000 3 0.289413 0.254528 0.456060
0.6294371 -0.4067725 0.6425062 2913.000000 3 0.314483 0.426843 0.258674
0.5760462 0.7242161 -0.356964 371.000000 3 0.310299 0.111708 0.577994
0.9605281 -0.08534981 0.2275679 781.000000 3 0.375063 0.115762 0.509175
-0.477187 0.518777 -0.6896933 2572.000000 3 0.490980 0.039599 0.469421
0.5525363 -0.4073665 -0.7116854 338.000000 3 0.212199 0.422355 0.365446
-0.1579653 0.8864144 -0.4161534 2672.000000 3 0.209965 0.544283 0.245752
0.4527362 0.2904963 0.8318543 1185.000000 3 0.394820 0.399958 0.205221
-0.005068718 -0.2361528 -0.9604548 50.000000 3 0.479228 0.429227 0.091545
-0.02287393 -0.946041 -0.2913355 2764.000000 3 0.700773 0.096747 0.202481
0.7925681 0.1746365 -0.562248 436.000000 3 0.179284 0.648929 0.171787
0.8199419 0.1744247 0.5310282 896.000000 3 0.130227 0.079185 0.790587
-0.4789778 0.7836377 0.3654711 1794.000000 3 0.308979 0.506847 0.184173
-0.4880414 -0.7364765 0.4424028 1685.000000 3 0.110677 0.498648 0.390675
0.7610594 0.558525 -0.2966069 1448.000000 3 0.165128 0.052476 0.782396
-0.3033786 -0.3298983 -0.8833112 2663.000000 3 0.002823 0.582997 0.414180
-0.105627 0.7517717 0.6367766 1364.000000 3 0.714054 0.021823 0.264123
0.2799926 0.9454921 -0.06829009 650.000000 3 0.073827 0.744195 0.181978
-0.295113 -0.7530431 0.5718059 1563.000000 3 0.118730 0.547715 0.333556
-0.3579696 -0.8262377 0.409097 1564.000000 3 0.476115 0.121908 0.401977
0.1740688 0.28067 0.9335155 1339.000000 3 0.305662 0.011787 0.682551
0.6886102 -0.6141984 -0.352192 486.000000 3 0.519828 0.433930 0.046242
0.7742006 -0.5901286 -0.1757039 514.000000 3 0.626376 0.324812 0.048812
0.6834154 0.1330659 0.705635 1071.000000 3 0.237621 0.476273 0.286106
0.02809813 -0.1731509 -0.9738384 36.000000 3 0.230287 0.703608 0.066105
0.5608703 0.6386368 0.5141566 995.000000 3 0.250922 0.052987 0.696091
-0.8734357 0.04041139 0.4648347 1861.000000 3 0.063061 0.564695 0.372244
-0.3311534 0.9314952 0.0755751 2083.000000 3 0.740747 0.161231 0.098022
0.589907 0.06697564 -0.7922571 294.000000 3 0.144823 0.507414 0.347764
0.7090037 0.09200746 0.6867163 933.000000 3 0.170307 0.045665 0.784028
0.1271041 -0.09701553 -0.978048 38.000000 3 0.750801 0.180717 0.068483
-0.3127334 -0.8937 0.2957108 1697.000000 3 0.762034 0.228882 0.009084
0.7694322 0.4934382 0.3781958 752.000000 3 0.651419 0.122476 0.226105
0.1607589 0.8763326 0.4310341 1147.000000 3 0.226587 0.675327 0.098086
0.9340283 0.2689315 -0.201501 562.000000 3 0.169555 0.045844 0.784601
0.8062518 0.420882 0.3889143 755.000000 3 0.275262 0.195988 0.528751
-0.9155703 0.377926 0.01254068 3130.000000 3 0.525813 0.114209 0.359978
-0.4206529 0.8930804 0.09489495 2001.000000 3 0.310725 0.203273 0.486003
-0.05405216 -0.9887916 -0.001596371 150.000000 3 0.330526 0.392711 0.276763
0.2467287 -0.8578573 -0.429503 261.000000 3 0.042770 0.493741 0.463490
-0.8842186 0.2571804 0.3657474 1853.000000 3 0.065165 0.617920 0.316915
0.7447746 0.5590892 0.3393268 748.000000 3 0.028594 0.164541 0.806865
0.2231094 -0.7495439 -0.6075771 104.000000 3 0.472815 0.212449 0.314736
-0.1358344 0.7888049 -0.5878404 2853.000000 3 0.410506 0.400444 0.189050
-0.7271104 -0.3301941 -0.5763831 2485.000000 3 0.015730 0.415033 0.569238
-0.1478722 0.9236231 -0.3327656 2650.000000 3 0.557562 0.138554 0.303884
0.01276877 -0.3982329 0.9075715 1454.000000 3 0.275519 0.282263 0.442218
0.4150643 -0.6032373 0.6629689 1166.000000 3 0.006991 0.883299 0.109711
-0.9358244 0.3248362 0.0444321 3129.000000 3 0.250629 0.229774 0.519597
0.4456457 0.8830603 0.04312867 666.000000 3 0.330980 0.427292 0.241728
-0.8375937 0.5281906 0.01651661 3108.000000 3 0.105776 0.874014 0.020210
0.6572944 -0.7013013 0.2384699 3004.000000 3 0.244296 0.715707 0.039997
-0.01777991 -0.3399979 -0.9303527 48.000000 3 0.381825 0.068315 0.549860
0.3448635 0.7377926 -0.5602678 226.000000 3 0.308805 0.620581 0.070614
0.5888158 -0.4568904 0.6468138 664.000000 3 0.537026 0.450261 0.012714
0.106775 0.324779 -0.9273063 22.000000 3 0.628690 0.117286 0.254024
0.4573274 0.1978055 0.8541838 1182.000000 3 0.054787 0.731655 0.213558
-0.6456638 -0.191383 -0.7282222 3197.000000 3 0.438846 0.054441 0.506713
0.2417209 0.1782645 -0.9458356 34.000000 3 0.183945 0.168614 0.647442
0.2152575 -0.7902905 -0.5571834 107.000000 3 0.571764 0.319030 0.109207
0.63265 -0.1091478 0.7535889 1080.000000 3 0.005716 0.874850 0.119435
-0.6170008 -0.7778042 0.02623749 2178.000000 3 0.712566 0.024217 0.263217
-0.7243582 -0.60071 -0.3037628 2230.000000 3 0.576461 0.149263 0.274276
-0.5076786 -0.7020719 0.4739373 1672.000000 3 0.711950 0.080074 0.207976
0.9235598 -0.05604319 -0.3487729 452.000000 3 0.415348 0.486806 0.097845
-0.878749 -0.2160024 -0.4084111 2366.000000 3 0.069082 0.332314 0.598604
0.2404601 -0.2882761 0.9153483 2986.000000 3 0.012112 0.457901 0.529987
-0.8003947 0.1998636 0.5543256 1738.000000 3 0.050875 0.080598 0.868527
0.3666115 0.8976006 -0.1893656 479.000000 3 0.160571 0.644535 0.194894
-0.8451523 -0.5211818 0.01215971 2015.000000 3 0.245519 0.225051 0.529430
-0.3080263 0.697987 0.6298026 1033.000000 3 0.432523 0.448284 0.119193
-0.2345794 -0.5586576 0.7835458 1526.000000 3 0.548429 0.068962 0.382609
0.5824365 0.7903231 0.1017297 692.000000 3 0.026386 0.709911 0.263703
0.1321197 -0.9681163 -0.1540001 136.000000 3 0.070065 0.448875 0.481061
0.7358688 0.5406405 0.3872883 1005.000000 3 0.159602 0.191569 0.648829
0.9858598 -0.004478297 0.1005545 734.000000 3 0.913995 0.071494 0.014512
0.1317912 0.7527879 -0.6278463 93.000000 3 0.295955 0.600169 0.103876
-0.9088472 0.1255293 -0.3762114 2300.000000 3 0.704579 0.007362 0.288059
0.2190984 0.9504879 0.1744989 1128.000000 3 0.702953 0.011591 0.285456
-0.2890474 0.177637 0.9347391 1593.000000 3 0.082738 0.085078 0.832184
0.05694786 0.8813506 -0.4441282 61.000000 3 0.111894 0.631191 0.256915
0.975356 -0.05032153 0.168721 740.000000 3 0.230601 0.232175 0.537224
0.664328 -0.7139479 0.1802224 3003.000000 3 0.207343 0.162395 0.630262
0.9785433 -0.1136142 0.09864661 739.000000 3 0.082126 0.137826 0.780048
-0.4941581 -0.5122417 0.6859647 1650.000000 3 0.513989 0.341277 0.144734
0.5275123 -0.760406 0.3515643 860.000000 3 0.681846 0.179523 0.138631
0.5605329 -0.6939154 -0.4209824 377.000000 3 0.157767 0.099429 0.742804
-0.6049868 -0.7256751 0.2968571 1976.000000 3 0.399228 0.407142 0.193630
0.7350153 -0.08972416 -0.6616108 357.000000 3 0.807963 0.099619 0.092418
-0.3244645 0.6710408 -0.6558793 2721.000000 3 0.394712 0.270030 0.335258
0.7806893 -0.5393575 -0.278715 512.000000 3 0.295652 0.467533 0.236814
-0.1367078 0.6052132 -0.7729912 2868.000000 3 0.400303 0.257355 0.342342
0.7609988 -0.4605277 0.4351267 829.000000 3 0.322413 0.587975 0.089612
0.03306699 -0.9723369 0.1883391 1542.000000 3 0.323530 0.281179 0.395290
-0.7116909 0.03029376 -0.6909279 2453.000000 3 0.225000 0.160562 0.614438
-0.08946521 0.4580143 -0.8744937 2790.000000 3 0.566976 0.287291 0.145733
-0.4143727 0.4135832 0.7907977 1573.000000 3 0.395118 0.250553 0.354328
0.4881781 -0.1688053 0.8451752 1122.000000 3 0.234865 0.440593 0.324542
-0.3453643 0.5807306 -0.7253822 2724.000000 3 0.328779 0.063648 0.607573
0.7902246 -0.3732969 -0.4534347 468.000000 3 0.343574 0.604601 0.051825
-0.9475384 -0.2839553 0.02375899 956.000000 3 0.754351 0.134609 0.111040
0.3966501 -0.7774602 0.4692487 1955.000000 3 0.494140 0.219064 0.286796
0.9691898 -0.004074851 -0.1940855 614.000000 3 0.562772 0.124253 0.312975
0.6680295 -0.6813813 -0.2783442 486.000000 3 0.005953 0.203521 0.790526
-0.298278 -0.34185 0.8784131 1489.000000 3 0.085534 0.532433 0.382032
-0.5239683 0.3902822 -0.7455907 2579.000000 3 0.219527 0.024493 0.755980
0.1259499 -0.6137968 0.7672294 1301.000000 3 0.489367 0.089433 0.421200
0.3938303 0.6850981 -0.5977917 243.000000 3 0.204118 0.423628 0.372254
-0.6660281 -0.02601669 -0.734033 2516.000000 3 0.226980 0.400072 0.372948
0.05817469 0.1871156 0.9693244 1252.000000 3 0.083317 0.339720 0.576963
-0.2721093 -0.9271291 -0.2240078 2291.000000 3 0.272428 0.165616 0.561956
0.02322034 -0.5801677 0.8040137 1304.000000 3 0.152180 0.178924 0.668896
0.3610643 -0.9126321 0.1196783 870.000000 3 0.236948 0.213928 0.549124
-0.1290254 -0.8615645 0.4771174 1402.000000 3 0.363396 0.502592 0.134012
0.580721 -0.6089506 0.5173106 982.000000 3 0.680488 0.316483 0.003029
-0.8436009 -0.519895 -0.04040361 2160.000000 3 0.402282 0.047777 0.549941
-0.9447718 -0.2885726 -0.06023238 2143.000000 3 0.013222 0.649009 0.337769
0.5709374 0.2824781 -0.7564324 282.000000 3 0.168401 0.758150 0.073449
0.6994755 0.6985754 0.03137005 704.000000 3 0.641151 0.128347 0.230502
-0.6765501 0.6015024 -0.4028701 2424.000000 3 0.461335 0.415504 0.123161
-0.5658859 -0.8096625 -0.08748049 2188.000000 3 0.359595 0.517978 0.122427
-0.5704887 0.480905 -0.6419352 3013.000000 3 0.480274 0.272201 0.247524
0.3231837 0.8621104 0.355573 399.000000 3 0.412599 0.212632 0.374769
0.2317122 0.917106 -0.3018158 476.000000 3 0.127236 0.110315 0.762449
-0.6650903 0.3787158 0.6295806 1690.000000 3 0.373571 0.133499 0.492930
-0.6026654 0.5096689 0.5937296 1730.000000 3 0.287733 0.501378 0.210889
0.2723168 0.4673821 0.8215644 1194.000000 3 0.017061 0.925670 0.057269
-0.2080854 0.5823327 0.7715688 1373.000000 3 0.235868 0.246199 0.517933
-0.3249333 0.9245016 -0.1563895 2363.000000 3 0.072207 0.015137 0.912656
-0.2234687 -0.3461958 -0.9008867 2826.000000 3 0.412149 0.091109 0.496742
0.3855933 0.1419718 -0.8993458 189.000000 3 0.384232 0.296168 0.319600
-0.5892366 -0.7176757 0.3553078 1976.000000 3 0.004899 0.303048 0.692053
-0.7365729 -0.4759802 0.4616438 1791.000000 3 0.182995 0.056023 0.760982
-0.2992605 0.8875086 -0.3270443 2534.000000 3 0.642356 0.158860 0.198784
0.9732559 -0.06058221 -0.1489509 617.000000 3 0.108018 0.349622 0.542360
-0.6428424 -0.4317329 0.6188936 1785.000000 3 0.333818 0.346557 0.319625
-0.04126956 -0.04916709 0.9891709 1431.000000 3 0.619825 0.091059 0.289116
-0.4912892 -0.6788099 0.5217596 1669.000000 3 0.541236 0.407399 0.051365
0.1200897 0.6133896 0.7645901 3152.000000 3 0.284038 0.279324 0.436638
-0.8054988 0.3254748 0.4730548 1847.000000 3 0.327770 0.273842 0.398388
-0.007799486 0.8889871 0.4280239 1497.000000 3 0.428006 0.254605 0.317388
0.6099428 -0.712948 -0.3149669 2998.000000 3 0.584607 0.175080 0.240313
-0.2431853 0.547041 0.7887273 1568.000000 3 0.092479 0.068523 0.838997
0.8090535 -0.2932431 0.4862458 3162.000000 3 0.117375 0.350274 0.532351
-0.763689 -0.2138758 0.5940917 1768.000000 3 0.205296 0.539620 0.255084
0.6421614 -0.6556936 -0.3679093 3183.000000 3 0.071480 0.656874 0.271646
0.6604462 0.1312379 -0.7245028 302.000000 3 0.155731 0.498026 0.346243
-0.6346364 0.5911438 0.4750739 1811.000000 3 0.246906 0.281401 0.471693
-0.1092622 0.8824866 -0.4428391 2834.000000 3 0.112967 0.658425 0.228608
-0.3206454 0.9366971 -0.05711261 2358.000000 3 0.372925 0.298047 0.329028
-0.4156966 0.8968736 -0.07272118 2331.000000 3 0.362194 0.061218 0.576588
-0.2894829 0.6478224 -0.6919498 2719.000000 3 0.547785 0.346694 0.105522
0.06753403 -0.6388464 -0.756231 96.000000 3 0.173398 0.348535 0.478067
-0.6388919 0.22733 0.7237602 1702.000000 3 0.631536 0.095118 0.273345
-0.7744723 -0.6209031 -0.01589194 2169.000000 3 0.266991 0.685220 0.047789
0.7401423 -0.6212286 -0.2105735 510.000000 3 0.270012 0.680500 0.049489
-0.552677 0.8247228 0.076931 1834.000000 3 0.074439 0.012379 0.913182
0.909234 0.1037928 -0.3773989 560.000000 3 0.032590 0.954018 0.013392
0.343576 -0.8030014 0.4679218 1037.000000 3 0.622761 0.071495 0.305744
0.09096805 -0.9431994 0.2904052 1347.000000 3 0.697930 0.155954 0.146116
0.5958428 -0.1604674 0.7760471 1090.000000 3 0.370125 0.512588 0.117287
0.7320276 0.4560867 0.4770837 1008.000000 3 0.593328 0.064561 0.342111
-0.7019142 0.1758378 -0.6797023 2450.000000 3 0.064080 0.130007 0.805913
0.6135289 0.5376617 0.5531941 2588.000000 3 0.417965 0.490909 0.091126
0.9338566 -0.2935473 0.115632 663.000000 3 0.530346 0.323501 0.146153
-0.6566985 -0.02373551 0.7413093 1624.000000 3 0.243329 0.375114 0.381558
0.2478181 0.1287592 -0.9510865 141.000000 3 0.302068 0.288121 0.409811
0.6307303 0.7555992 0.06147955 690.000000 3 0.686562 0.260043 0.053394
-0.2214378 -0.9586397 -0.1004418 2286.000000 3 0.896485 0.005125 0.098390
-0.05181736 -0.5770402 0.8058327 1352.000000 3 0.353595 0.442143 0.204262
0.3296385 -0.358866 -0.8624672 204.000000 3 0.284370 0.296195 0.419435
-0.08918314 -0.3487621 -0.9224072 2830.000000 3 0.137946 0.571454 0.290600
0.3452026 -0.3339264 0.8658516 1230.000000 3 0.381713 0.137019 0.481268
-0.3265912 -0.5435992 0.7610939 1516.000000 3 0.476025 0.224841 0.299134
0.6820569 -0.5781644 0.4268979 981.000000 3 0.277195 0.157460 0.565345
0.1256911 -0.9559992 -0.2167763 180.000000 3 0.865225 0.080785 0.053990
0.8839678 -0.1481422 0.4214452 906.000000 3 0.430496 0.074048 0.495457
-0.2886279 0.7527974 -0.5795053 2688.000000 3 0.214063 0.509907 0.276030
-0.0539679 -0.3951882 0.9058341 1457.000000 3 0.103655 0.824851 0.071494
0.03898444 0.6043803 0.7776034 3005.000000 3 0.216661 0.296081 0.487257
0.05367784 0.07050039 -0.9871903 2818.000000 3 0.058308 0.721466 0.220226
-0.4707482 -0.8695025 -0.07562801 2201.000000 3 0.267988 0.112320 0.619692
0.7270694 0.4162198 -0.5252997 409.000000 3 0.376989 0.502742 0.120269
-0.3428411 0.755896 -0.5434471 2549.000000 3 0.183841 0.796591 0.019568
0.4378725 0.8474995 -0.2773673 474.000000 3 0.225311 0.094112 0.680577
0.3315268 0.9205803 0.1767073 652.000000 3 0.199719 0.015210 0.785071
-0.969327 0.2073835 0.05011362 2056.000000 3 0.282733 0.197649 0.519618
0.8197439 0.5403875 0.1218513 746.000000 3 0.142384 0.268925 0.588691
0.9602237 0.02471572 -0.2419152 606.000000 3 0.144109 0.144629 0.711262
0.6799065 0.3075095 0.6493579 920.000000 3 0.560746 0.247378 0.191876
0.00905655 0.7802536 0.6147521 1294.000000 3 0.158908 0.053391 0.787700
0.8423717 0.481821 0.1681304 745.000000 3 0.407361 0.271742 0.320898
-0.8589411 0.1603369 0.466896 1859.000000 3 0.194713 0.582551 0.222736
-0.4914819 -0.8526971 -0.1191075 2200.000000 3 0.468336 0.142200 0.389463
0.07101899 0.7355886 0.6555024 1312.000000 3 0.252239 0.523298 0.224463
-0.6366228 0.4419688 -0.6097224 1444.000000 3 0.142099 0.638148 0.219753
-0.0655576 0.6111312 0.7659825 975.000000 3 0.241335 0.414311 0.344353
-0.459262 0.5716774 -0.6658146 2572.000000 3 0.049832 0.623780 0.326388
-0.7964042 0.3754503 0.451515 1846.000000 3 0.085232 0.753949 0.160819
0.2172835 -0.9270992 0.2760054 887.000000 3 0.237969 0.149398 0.612634
0.6728549 0.06525934 0.7234607 1068.000000 3 0.295249 0.373768 0.330982
-0.8970157 -0.4040524 0.1031407 2008.000000 3 0.245550 0.650521 0.103929
0.8085133 0.3488708 -0.4564603 428.000000 3 0.213098 0.128737 0.658166
-0.3274723 -0.3747513 -0.8537118 2662.000000 3 0.203724 0.162229 0.634046
0.3696715 -0.8371443 0.3800953 1052.000000 3 0.362177 0.120795 0.517028
-0.7801152 -0.4008218 0.4604794 1826.000000 3 0.274308 0.208461 0.517231
0.2038343 -0.00523985 -0.9680929 158.000000 3 0.727026 0.055015 0.217959
0.8578563 0.480073 -0.06281546 3109.000000 3 0.135600 0.644560 0.219840
0.4114113 -0.8629535 0.2477659 868.000000 3 0.653307 0.071280 0.275413
-0.7975968 0.03945157 0.5876756 1750.000000 3 0.062346 0.606667 0.330987
0.4190397 0.8822217 -0.1545805 478.000000 3 0.486907 0.334299 0.178794
-0.2049425 -0.6060831 0.7559914 1527.000000 3 0.612373 0.250153 0.137474
0.2968744 -0.2167253 0.9206566 1232.000000 3 0.580772 0.352224 0.067004
0.3831696 -0.09395613 0.9097341 1124.000000 3 0.897224 0.061948 0.040828
0.8257937 -0.4670385 0.2808705 806.000000 3 0.384919 0.319709 0.295372
0.8624525 -0.2885393 -0.3707806 470.000000 3 0.295179 0.511308 0.193513
0.7355218 -0.4235989 0.5067868 969.000000 3 0.326658 0.331856 0.341486
-0.1660147 -0.02232198 -0.9771961 2822.000000 3 0.082429 0.225964 0.691606
-0.07409409 -0.7982903 -0.5736741 2784.000000 3 0.315931 0.655637 0.028432
0.7972758 -0.5804974 0.05921556 3187.000000 3 0.839784 0.151778 0.008439
0.07454083 -0.2966571 -0.9400437 49.000000 3 0.131000 0.750045 0.118954
-0.424594 -0.8363338 -0.315705 2393.000000 3 0.283824 0.368240 0.347935
0.9051345 -0.3672027 0.1210782 2907.000000 3 0.509065 0.435004 0.055931
-0.2205684 -0.354861 0.897641 1488.000000 3 0.292586 0.081081 0.626333
-0.6964497 0.1137991 0.6968578 1743.000000 3 0.013560 0.815135 0.171305
0.9788526 0.1092898 -0.04601928 608.000000 3 0.573222 0.328834 0.097944
0.6281751 0.04095549 0.7642856 1074.000000 3 0.419862 0.575369 0.004769
0.03192742 0.9889259 0.01761449 146.000000 3 0.177137 0.530402 0.292460
-0.1262391 -0.7327785 -0.6484203 2783.000000 3 0.445147 0.028742 0.526111
-0.984459 0.03128565 0.1031076 2064.000000 3 0.320730 0.618591 0.060679
0.608577 0.5241024 -0.5741608 404.000000 3 0.161351 0.595684 0.242965
-0.740469 -0.5890263 0.2890317 1961.000000 3 0.266491 0.496863 0.236646
0.9404874 -0.298102 -0.09084121 625.000000 3 0.458045 0.240906 0.301048
-0.4424375 0.7909243 -0.3937227 2540.000000 3 0.535818 0.397823 0.066359
0.7524415 -0.6366489 0.1002074 700.000000 3 0.369005 0.447560 0.183435
0.507268 -0.3859681 -0.7613118 339.000000 3 0.035168 0.020210 0.944621
0.7787133 0.5171979 0.3123973 753.000000 3 0.083859 0.393713 0.522428
-0.7453019 -0.5366066 0.3818587 1825.000000 3 0.046687 0.097267 0.856046
0.2540293 0.5785373 0.7598553 1193.000000 3 0.294204 0.061385 0.644412
0.1683446 0.5233027 0.8168076 1198.000000 3 0.443975 0.022770 0.533254
0.6296853 0.7529145 0.1241106 695.000000 3 0.835902 0.144416 0.019681
0.2325281 -0.4703382 0.8405975 1242.000000 3 0.029304 0.736684 0.234011
0.5284116 0.8233951 0.1845742 692.000000 3 0.051502 0.019330 0.929169
-0.2379107 -0.1415534 -0.9493812 2701.000000 3 0.492812 0.280935 0.226253
0.913818 -0.2207489 -0.3093354 470.000000 3 0.026731 0.176167 0.797102
-0.3813784 0.7200141 0.5518705 1445.000000 3 0.207665 0.481866 0.310469
-0.6301528 -0.7218919 0.2428541 1978.000000 3 0.210170 0.677690 0.112140
-0.7362611 0.6343455 0.1998872 1972.000000 3 0.104660 0.246073 0.649266
-0.8741664 0.1113786 -0.4524321 2339.000000 3 0.390904 0.011556 0.597541
-0.6126011 0.6750357 0.3943425 1970.000000 3 0.023509 0.461763 0.514728
-0.3603646 0.8940525 0.2535338 1780.000000 3 0.123608 0.267833 0.608559
-0.6573772 -0.1208308 0.7317253 1629.000000 3 0.716154 0.072529 0.211317
-0.08401155 0.1277345 -0.977455 2812.000000 3 0.689470 0.220482 0.090049
0.1749814 0.6581538 -0.7221862 4.000000 3 0.097650 0.530953 0.371397
-0.3799288 -0.9185585 -0.01590007 2196.000000 3 0.084786 0.024462 0.890752
0.8320594 -0.005853221 -0.5337985 443.000000 3 0.197613 0.473647 0.328740
0.7159882 -0.07027694 0.6807882 944.000000 3 0.459641 0.260816 0.279543
-0.8125535 -0.5665097 -0.06786197 2168.000000 3 0.660930 0.242685 0.096385
-0.4454548 0.04300296 0.8803951 1596.000000 3 0.278667 0.531009 0.190325
0.5545776 -0.7902192 0.2131633 858.000000 3 0.591104 0.096812 0.312085
-0.03331773 0.07523577 -0.9859972 2817.000000 3 0.877105 0.059031 0.063865
-0.284316 -0.8646158 0.3865957 1582.000000 3 0.640294 0.325091 0.034614
-0.3417395 -0.7670282 -0.5260161 2563.000000 3 0.185628 0.267782 0.546590
0.1629389 0.9622668 0.1693954 1130.000000 3 0.111710 0.873256 0.015034
-0.1800926 -0.1910701 -0.9544594 2704.000000 3 0.595199 0.050392 0.354409
-0.9181982 -0.3346305 -0.1689741 2153.000000 3 0.256685 0.337294 0.406021
-0.195943 -0.4572595 0.8561774 1509.000000 3 0.203348 0.722566 0.074086
0.230845 0.9598684 -0.04690369 650.000000 3 0.282685 0.243042 0.474273
-0.9131807 0.01812546 -0.3892597 2334.000000 3 0.079600 0.106216 0.814184
0.5033288 0.8334672 -0.1816751 632.000000 3 0.613389 0.286146 0.100466
0.3285642 0.4501373 -0.8134152 118.000000 3 0.447883 0.495053 0.057064
0.3240944 0.5700877 -0.7393982 254.000000 3 0.208826 0.470233 0.320941
0.3213803 0.06584388 0.9365572 1213.000000 3 0.255081 0.148518 0.596400
0.6587427 0.6764729 0.3011412 849.000000 3 0.709008 0.195182 0.095809
0.7179396 0.2781902 0.6220622 921.000000 3 0.348270 0.456987 0.194743
-0.5458645 0.7434709 -0.3599076 2409.000000 3 0.294111 0.495602 0.210286
0.6567975 -0.7410407 0.03287626 711.000000 3 0.123039 0.503349 0.373612
-0.2680784 -0.7845686 0.53996 1561.000000 3 0.066884 0.186180 0.746936
-0.6808836 -0.7168967 -0.08707593 2182.000000 3 0.181053 0.522404 0.296544
-0.1084394 -0.9118428 0.3805649 1398.000000 3 0.178075 0.060139 0.761786
0.6164449 0.6846647 -0.3666019 386.000000 3 0.060360 0.135383 0.804257
-0.5353148 0.7193661 -0.4184395 2411.000000 3 0.112654 0.593725 0.293621
-0.6856182 0.1789978 0.6962576 1718.000000 3 0.090495 0.029646 0.879858
0.229319 0.3813344 -0.8837296 128.000000 3 0.401681 0.066799 0.531519
-0.2988037 -0.527494 -0.7800925 2686.000000 3 0.088143 0.503710 0.408147
0.6975678 -0.4188109 -0.5695608 344.000000 3 0.367122 0.025992 0.606886
-0.5574011 0.7764465 0.2492113 1830.000000 3 0.144548 0.794279 0.061173
-0.7743756 0.6058 -0.1114888 2238.000000 3 0.340865 0.246828 0.412306
0.1081267 0.8553921 -0.4871526 67.000000 3 0.226623 0.430744 0.342633
-0.2377323 0.7954206 0.5368983 1522.000000 3 0.450283 0.453466 0.096250
0.6949322 0.6102188 0.3537202 846.000000 3 0.203299 0.298225 0.498475
-0.3911086 -0.8463105 0.344921 1694.000000 3 0.017001 0.242368 0.740631
0.400105 0.8729982 0.2488773 962.000000 3 0.483555 0.307003 0.209442
-0.2833066 0.08712074 -0.9448726 2773.000000 3 0.115057 0.068514 0.816429
0.2863219 0.5511835 -0.7679003 116.000000 3 0.460732 0.225365 0.313903
0.7262321 0.3406489 -0.5771239 425.000000 3 0.605615 0.339388 0.054996
-0.638674 0.6772777 0.3354079 1970.000000 3 0.487259 0.231362 0.281379
-0.6635906 0.2853561 0.6806287 1703.000000 3 0.676662 0.297241 0.026097
0.8753136 0.412628 -0.1904447 539.000000 3 0.148178 0.739157 0.112665
0.3659134 -0.2052694 0.9002159 1233.000000 3 0.135586 0.021635 0.842779
-0.9687216 0.02391833 -0.2125732 2292.000000 3 0.041912 0.203291 0.754797
0.1105307 -0.6509939 0.7373813 1302.000000 3 0.744806 0.170919 0.084275
0.5751123 -0.3453047 -0.7254168 324.000000 3 0.399532 0.300266 0.300202
0.2063268 -0.3350776 0.9082784 820.000000 3 0.618009 0.230695 0.151295
-0.3604115 -0.3296322 -0.8570876 2663.000000 3 0.561000 0.215567 0.223433
-0.7221224 0.6360382 -0.2172924 2247.000000 3 0.073145 0.871379 0.055476
-0.7695429 0.3696712 0.5010968 2889.000000 3 0.545134 0.310029 0.144837
-0.94127 -0.2879205 0.07680582 956.000000 3 0.142836 0.816981 0.040183
-0.05137143 0.5626004 0.8069295 855.000000 3 0.138352 0.069723 0.791924
0.8188207 0.5388256 -0.1349611 578.000000 3 0.282899 0.063491 0.653609
0.2062195 -0.0817166 0.9658718 1226.000000 3 0.697319 0.140543 0.162138
-0.04126059 -0.9026802 -0.4016523 2746.000000 3 0.158132 0.479809 0.362059
-0.8298457 -0.160997 0.5177059 1866.000000 3 0.035086 0.310931 0.653983
0.2724959 -0.9474322 0.06500529 764.000000 3 0.505535 0.260439 0.234026
-0.5859402 -0.7466879 -0.2901041 2379.000000 3 0.071898 0.592281 0.335821
0.2849506 -0.5171256 -0.7960331 210.000000 3 0.230857 0.225202 0.543941
0.1014787 -0.08932927 0.9811139 1265.000000 3 0.166304 0.028790 0.804906
0.8994581 -0.1880185 -0.360258 466.000000 3 0.089581 0.460282 0.450137
-0.8232476 -0.4119269 -0.3608336 2206.000000 3 0.342878 0.223197 0.433924
0.0655296 0.7634477 -0.6260315 84.000000 3 0.343516 0.594508 0.061976
0.6311086 -0.2153067 -0.7300417 322.000000 3 0.192400 0.363816 0.443784
-0.2856148 0.4494617 0.8294007 1566.000000 3 0.523337 0.243140 0.233522
0.6161478 -0.2887126 0.721139 1092.000000 3 0.672445 0.294687 0.032868
0.7178566 -0.2960413 -0.6139356 360.000000 3 0.602541 0.172000 0.225458
-0.5615722 0.1365882 -0.8049155 2510.000000 3 0.397953 0.199640 0.402408
-0.856986 -0.05445371 0.4951409 1868.000000 3 0.102507 0.837363 0.060130
-0.4718017 -0.3034778 0.8182479 1614.000000 3 0.119188 0.625808 0.255004
-0.5802577 -0.02129015 0.8038019 1622.000000 3 0.133168 0.353262 0.513570
-0.03222782 -0.9311388 0.3323352 1348.000000 3 0.235174 0.373630 0.391196
-0.6191086 -0.7680996 -0.09259396 2186.000000 3 0.385760 0.583898 0.030341
-0.9225181 0.3308223 -0.1383013 2108.000000 3 0.139443 0.411638 0.448919
0.7782093 0.08275075 0.6058969 924.000000 3 0.103759 0.744575 0.151666
-0.7107676 -0.6434951 0.2380584 3122.000000 3 0.257406 0.128689 0.613905
0.776088 0.5864274 -0.1791593 527.000000 3 0.424719 0.209205 0.366076
-0.5897678 0.6758071 -0.4262032 2410.000000 3 0.954436 0.021094 0.024470
0.659344 -0.7311268 0.1261005 713.000000 3 0.584230 0.045341 0.370429
0.3245314 0.9174132 -0.1678228 461.000000 3 0.053070 0.172228 0.774702
0.7216926 0.2005579 -0.6464292 426.000000 3 0.057547 0.297233 0.645220
0.9127593 0.04338231 -0.375674 448.000000 3 0.307436 0.549742 0.142822
-0.9001206 -0.4110428 0.04434223 2008.000000 3 0.332438 0.107779 0.559783
-0.1193375 -0.7810396 0.6013383 1383.000000 3 0.540344 0.083374 0.376283
0.7024285 0.4706152 -0.5099613 411.000000 3 0.025068 0.820497 0.154435
0.03692403 -0.06473089 0.9870166 1268.000000 3 0.266998 0.396871 0.336132
0.7024382 0.001009372 -0.701922 432.000000 3 0.043329 0.000227 0.956445
-0.6760185 0.1417427 -0.7111995 2505.000000 3 0.410189 0.272147 0.317664
-0.24702 0.6274862 -0.7244447 2727.000000 3 0.209713 0.689929 0.100358
0.8706358 -0.03270174 -0.4658876 444.000000 3 0.245307 0.540919 0.213774
-0.1859187 -0.2422602 -0.94154 2710.000000 3 0.485747 0.351400 0.162853
-0.7221761 0.6779343 0.05755873 2016.000000 3 0.116781 0.795870 0.087349
0.7357413 0.1687074 0.6410941 928.000000 3 0.266464 0.434991 0.298546
-0.9394767 -0.05404145 -0.3066098 2308.000000 3 0.554016 0.237323 0.208661
-0.3975627 0.8394261 -0.3450683 2532.000000 3 0.264031 0.594574 0.141394
-0.6874554 0.5626222 -0.4403604 2432.000000 3 0.561703 0.114180 0.324117
0.3408834 -0.2452072 -0.89625 179.000000 3 0.160632 0.428774 0.410594
0.8842695 0.0999534 -0.4311732 446.000000 3 0.275277 0.398689 0.326035
0.2389978 -0.8801012 0.3932709 1051.000000 3 0.476137 0.302252 0.221611
0.8861579 0.4286157 -0.04262231 585.000000 3 0.187508 0.800033 0.012459
-0.5238138 -0.8018053 0.2384476 1980.000000 3 0.524276 0.328416 0.147308
-0.7602228 -0.5477082 0.324735 1944.000000 3 0.069971 0.566909 0.363120
0.4676697 0.7593509 -0.4270884 366.000000 3 0.771350 0.165920 0.062730
0.3526804 0.9211767 0.07470147 652.000000 3 0.732056 0.213914 0.054030
-0.8016921 0.4905542 -0.3040761 2264.000000 3 0.033811 0.707058 0.259131
0.6089274 0.7542135 -0.1986677 509.000000 3 0.124686 0.570195 0.305119
-0.79435 -0.02658957 0.591456 1756.000000 3 0.272588 0.249885 0.477527
-0.2857821 0.9500964 -0.001921552 2084.000000 3 0.742292 0.106945 0.150763
-0.6812794 -0.6572455 -0.2963804 2237.000000 3 0.931625 0.064356 0.004019
-0.2353302 0.8260764 -0.501142 2693.000000 3 0.036732 0.925795 0.037472
0.7617233 0.6024805 0.1840345 811.000000 3 0.190936 0.351636 0.457428
-0.4182326 -0.06402062 -0.8949852 2642.000000 3 0.198295 0.458024 0.343681
-0.07884654 -0.5144273 -0.8395967 2847.000000 3 0.741043 0.178205 0.080753
-0.7011828 -0.4574816 -0.5182719 3036.000000 3 0.148175 0.131476 0.720349
-0.9892569 -0.003895063 0.06739239 2074.000000 3 0.039931 0.653687 0.306382
0.4124064 0.6619107 0.6102103 1026.000000 3 0.824234 0.169315 0.006451
-0.242386 0.2017248 0.9413956 1414.000000 3 0.097975 0.196518 0.705507
0.6552125 -0.2626894 0.6972224 1095.000000 3 0.001801 0.709517 0.288682
-0.2112011 -0.9605747 0.1236777 1908.000000 3 0.791220 0.087787 0.120993
-0.02575492 -0.9618535 -0.2319653 132.000000 3 0.749797 0.172707 0.077496
0.05257879 -0.8104993 -0.5685188 2789.000000 3 0.074903 0.084523 0.840574
-0.2927569 0.9150521 0.2660948 1778.000000 3 0.883594 0.068135 0.048271
0.9167761 0.3686009 0.1050445 717.000000 3 0.095343 0.014501 0.890157
-0.8826137 0.300486 0.3308072 1899.000000 3 0.315881 0.672102 0.012017
0.2228006 0.793522 -0.5515599 224.000000 3 0.062625 0.305319 0.632056
-0.3585286 0.9242263 -0.02570704 2086.000000 3 0.173209 0.261330 0.565461
0.3184215 0.8479203 -0.3942302 331.000000 3 0.311536 0.608183 0.080281
-0.2704593 0.6850076 0.6663107 1557.000000 3 0.109767 0.118441 0.771793
-0.5601709 0.2420692 -0.7816462 2597.000000 3 0.488702 0.176919 0.334378
-0.5884392 -0.5957285 0.5289733 1802.000000 3 0.054052 0.510806 0.435142
0.7294557 -0.6719505 -0.002819779 696.000000 3 0.250702 0.294669 0.454629
0.932983 -0.2874953 -0.1690952 627.000000 3 0.210789 0.761472 0.027740
0.7422367 0.6289426 -0.1711707 524.000000 3 0.548581 0.419940 0.031479
-0.5551703 -0.5222821 -0.6289697 2501.000000 3 0.349035 0.217239 0.433726
0.3374457 -0.9157351 -0.1679156 540.000000 3 0.151284 0.483283 0.365433
-0.5712578 0.6279064 -0.5181329 2428.000000 3 0.212621 0.043565 0.743814
-0.3483112 0.6203639 -0.6909474 2718.000000 3 0.557689 0.227811 0.214500
0.7334171 -0.3020457 0.5912433 948.000000 3 0.032088 0.814624 0.153288
-0.6393099 -0.4834132 0.5807853 1782.000000 3 0.391464 0.444428 0.164108
-0.009003891 0.003326338 0.9932222 1962.000000 3 0.919220 0.066677 0.014103
0.6518012 0.3060375 -0.6786358 290.000000 3 0.599770 0.218934 0.181296
-0.5735651 0.3543705 0.7222744 1686.000000 3 0.299057 0.509293 0.191650
0.2042223 -0.3434036 -0.906124 59.000000 3 0.518846 0.100101 0.381053
0.5731707 -0.2616858 0.7666453 1097.000000 3 0.126511 0.137948 0.735541
-0.3886769 0.2676362 0.8696381 1589.000000 3 0.215057 0.187913 0.597030
0.7707621 -0.6208917 0.03161519 699.000000 3 0.274882 0.293044 0.432073
0.4920391 -0.6462137 -0.5682091 270.000000 3 0.029826 0.567848 0.402326
-0.2038686 -0.6083723 -0.7566701 2865.000000 3 0.481979 0.203566 0.314455
-0.1327504 0.982116 0.01406145 2454.000000 3 0.100033 0.434940 0.465027
-0.9048932 0.3206664 0.2289538 2918.000000 3 0.244434 0.165353 0.590213
0.06439806 -0.5726448 -0.8019176 2950.000000 3 0.000229 0.694790 0.304981
0.5504618 0.6697594 -0.4725513 383.000000 3 0.096315 0.447825 0.455860
0.950848 -0.1958183 -0.1879445 618.000000 3 0.021538 0.580239 0.398223
-0.783495 0.12143 0.5925006 1748.000000 3 0.174332 0.579806 0.245862
-0.8274444 -0.3659423 -0.4076268 3134.000000 3 0.001878 0.348823 0.649299
0.4757052 -0.5835557 -0.6446634 273.000000 3 0.259204 0.192314 0.548482
-0.1216698 0.8914788 0.3961712 1498.000000 3 0.579919 0.252214 0.167867
0.5116515 -0.81576 0.2259176 858.000000 3 0.221185 0.657253 0.121562
-0.6126322 -0.1108021 0.7696905 1620.000000 3 0.016111 0.832541 0.151348
-0.6969506 -0.1433161 -0.6907365 2471.000000 3 0.076825 0.478303 0.444872
-0.6586022 -0.3307484 0.6625165 1764.000000 3 0.524706 0.026937 0.448357
-0.9017363 -0.2588554 0.3230214 1941.000000 3 0.276398 0.485440 0.238162
-0.4820742 0.8571134 -0.09622042 2329.000000 3 0.591656 0.323951 0.084393
0.349253 -0.0989662 -0.9199486 165.000000 3 0.703793 0.070648 0.225560
-0.6102464 0.5770124 -0.524312 2434.000000 3 0.362261 0.337772 0.299967
-0.7587517 0.3327892 0.5432473 2888.000000 3 0.206576 0.472531 0.320893
-0.008730574 -0.9804679 -0.1373556 152.000000 3 0.679218 0.060768 0.260014
0.0110424 -0.9858776 0.1118083 778.000000 3 0.750845 0.218365 0.030791
0.8534044 0.4339334 -0.2325203 537.000000 3 0.268333 0.265222 0.466445
0.7202965 -0.0451518 -0.6806213 357.000000 3 0.431689 0.010608 0.557703
-0.8259546 0.1386166 0.5306262 1857.000000 3 0.298132 0.378879 0.322990
-0.3325915 0.7924838 -0.493552 2546.000000 3 0.364994 0.131510 0.503496
-0.720522 0.5685099 -0.3804085 2424.000000 3 0.212911 0.076291 0.710797
-0.5948563 0.7715497 -0.1477755 2215.000000 3 0.225639 0.674064 0.100297
-0.7611891 0.5365534 -0.3364273 2260.000000 3 0.173956 0.173389 0.652655
-0.4911161 -0.4563423 0.727477 1645.000000 3 0.522844 0.307717 0.169439
-0.01801867 0.9607431 0.234125 1479.000000 3 0.188914 0.403937 0.407149
-0.8464884 -0.1094661 0.5011836 1866.000000 3 0.327945 0.549188 0.122867
0.2411202 0.273493 -0.9225447 126.000000 3 0.790645 0.023737 0.185618
-0.4965478 0.8355778 -0.1660531 2332.000000 3 0.644053 0.069886 0.286061
0.2944767 0.6128986 0.7199108 1189.000000 3 0.370616 0.138192 0.491192
0.6568024 -0.5912889 -0.4446427 488.000000 3 0.132568 0.523955 0.343477
0.8059077 -0.4605516 -0.3539001 484.000000 3 0.007391 0.185811 0.806798
0.07522609 -0.4385044 -0.8797631 74.000000 3 0.129948 0.645362 0.224690
-0.6428393 -0.3078053 -0.6868559 2489.000000 3 0.118016 0.732858 0.149126
0.3922306 0.8127797 -0.3977652 352.000000 3 0.354558 0.576736 0.068705
0.5885077 0.5827148 0.5402727 2588.000000 3 0.113903 0.398653 0.487443
-0.4534008 0.8540326 -0.2100687 2332.000000 3 0.127449 0.480730 0.391821
0.8132381 0.09259122 0.5589786 924.000000 3 0.811527 0.137689 0.050785
0.8996824 0.3576785 -0.1992215 539.000000 3 0.207113 0.282005 0.510882
-0.07042081 -0.459601 -0.8695678 2846.000000 3 0.180403 0.580644 0.238953
0.7550991 0.04978319 0.6392735 931.000000 3 0.476089 0.330942 0.192969
0.6746296 0.1896718 0.7032884 1070.000000 3 0.131052 0.077826 0.791122
-0.2686714 0.3528452 -0.883638 2750.000000 3 0.377624 0.486207 0.136169
-0.4817991 -0.6479268 -0.5675203 2552.000000 3 0.094104 0.666421 0.239475
0.8051991 -0.1266674 0.5627495 936.000000 3 0.482686 0.217540 0.299774
0.8498392 -0.4831227 -0.1706059 502.000000 3 0.177822 0.791040 0.031138
-0.6113123 0.7466375 -0.2093343 2221.000000 3 0.522456 0.230402 0.247143
-0.1587054 -0.953108 -0.2274452 2760.000000 3 0.696190 0.209124 0.094686
-0.6437971 0.6466651 -0.3907682 2427.000000 3 0.663677 0.121057 0.215266
-0.5839932 0.6058909 0.516839 1807.000000 3 0.113438 0.353325 0.533237
0.04725728 0.6452551 -0.7522721 2.000000 3 0.137489 0.734058 0.128454
0.5376904 0.7174613 0.4230897 992.000000 3 0.601065 0.138556 0.260380
0.5611625 -0.7750838 -0.2527936 3038.000000 3 0.042542 0.180346 0.777112
-0.8302201 -0.4393696 -0.3057455 2206.000000 3 0.642772 0.317814 0.039414
0.9581695 0.2437184 -0.06477958 598.000000 3 0.567553 0.286384 0.146062
-0.7602006 0.6374659 -0.03959194 2039.000000 3 0.430752 0.567674 0.001574
0.1195737 0.8636959 0.470209 1279.000000 3 0.281642 0.080273 0.638085
0.2148212 0.4712267 -0.8402994 114.000000 3 0.100645 0.279370 0.619985
0.8949752 -0.09495837 0.4132234 901.000000 3 0.079552 0.348904 0.571544
-0.6259259 0.5641146 0.5171363 1807.000000 3 0.017321 0.912669 0.070010
0.9277456 0.3457688 -0.02852129 596.000000 3 0.006442 0.945609 0.047949
0.3501839 -0.1872596 -0.9062469 2970.000000 3 0.711504 0.183194 0.105302
-0.6370745 0.5335297 -0.5366204 2435.000000 3 0.151664 0.208739 0.639598
-0.8437659 -0.2369581 -0.465905 2369.000000 3 0.452319 0.382248 0.165433
0.8486273 0.2459204 0.444239 881.000000 3 0.187048 0.403568 0.409385
0.5295641 0.01316184 0.8378739 417.000000 3 0.687464 0.268580 0.043956
-0.6722271 0.7236927 0.08100267 2017.000000 3 0.440937 0.110355 0.448708
0.3966794 0.6205052 -0.6632417 241.000000 3 0.432000 0.502588 0.065412
-0.4883049 0.4796292 0.7079874 1574.000000 3 0.375907 0.248602 0.375491
0.5276601 0.5391782 -0.6456647 278.000000 3 0.014777 0.170702 0.814522
0.1146559 0.4844198 0.8518 1202.000000 3 0.732836 0.138517 0.128648
0.1719837 -0.939737 -0.2570485 183.000000 3 0.530496 0.145900 0.323603
0.4167175 -0.8752604 -0.2072477 543.000000 3 0.085130 0.774458 0.140412
0.8659446 -0.4081176 -0.2485451 492.000000 3 0.233954 0.636545 0.129501
0.3136317 0.2450771 -0.9088558 127.000000 3 0.096792 0.384369 0.518839
0.2785724 -0.8163768 0.4879848 1036.000000 3 0.422375 0.215335 0.362290
0.6632418 0.4610811 0.5647866 1013.000000 3 0.751954 0.123147 0.124900
-0.5107903 -0.360792 0.7661923 620.000000 3 0.224814 0.385671 0.389515
-0.2108394 0.4601814 -0.8504053 2739.000000 3 0.346756 0.441143 0.212101
-0.9768192 -0.1347776 -0.0843477 2136.000000 3 0.616139 0.257846 0.126015
0.8202851 -0.1674321 0.5327069 911.000000 3 0.175924 0.163569 0.660507
-0.8815588 -0.4234631 -0.1606466 2162.000000 3 0.247673 0.228673 0.523653
-0.8590053 0.07584418 -0.4879909 2343.000000 3 0.667409 0.288725 0.043865
-0.04522709 -0.986379 0.1079411 1546.000000 3 0.615912 0.027216 0.356872
0.403448 0.8988782 -0.09813534 460.000000 3 0.322473 0.041737 0.635789
0.7017643 -0.2264134 0.662217 952.000000 3 0.335767 0.025723 0.638510
-0.9348466 -0.3289 -0.001641199 2142.000000 3 0.511105 0.059797 0.429097
0.3016784 0.6563044 0.6811521 1191.000000 3 0.106123 0.512771 0.381106
0.6170774 0.7198515 0.2955759 848.000000 3 0.681958 0.299108 0.018934
0.8424626 0.5166989 0.05945832 1449.000000 3 0.257389 0.333584 0.409027
0.194275 0.1458762 -0.9596872 34.000000 3 0.513111 0.294019 0.192870
0.9796422 0.05766326 -0.1072402 607.000000 3 0.780321 0.153767 0.065913
0.8705454 0.1639477 0.4383867 892.000000 3 0.323235 0.587180 0.089585
0.1833828 0.6954674 -0.6805127 3048.000000 3 0.106078 0.728605 0.165317
0.521229 -0.07043979 -0.8415902 202.000000 3 0.871349 0.003631 0.125020
-0.633419 -0.5492479 -0.5189812 18.000000 3 0.849831 0.110923 0.039245
0.871132 0.04658522 0.4678492 895.000000 3 0.161985 0.469135 0.368879
-0.2874011 0.4943706 -0.8084601 2735.000000 3 0.627097 0.072634 0.300269
-0.9843451 -0.08690315 0.0562791 2078.000000 3 0.303570 0.587333 0.109097
-0.2840529 0.5751358 0.7504827 1554.000000 3 0.301382 0.392744 0.305873
-0.3272049 0.5381868 0.7591143 1568.000000 3 0.477852 0.317140 0.205008
-0.2631068 -0.3005067 -0.9059302 2706.000000 3 0.118139 0.584664 0.297198
-0.05243861 -0.2964307 -0.944806 2831.000000 3 0.106523 0.862749 0.030728
0.1270521 -0.7804346 -0.5967 102.000000 3 0.738115 0.062970 0.198915
-0.2843127 0.4039033 -0.8572659 2736.000000 3 0.246212 0.365510 0.388278
-0.9365462 -0.12246 -0.2982349 2311.000000 3 0.402585 0.122008 0.475407
-0.9676384 0.1115044 -0.1845828 2126.000000 3 0.779778 0.076346 0.143876
-0.3831217 -0.5951085 0.6970066 1665.000000 3 0.036346 0.470791 0.492863
0.696255 -0.691941 0.1447757 712.000000 3 0.362629 0.358209 0.279161
0.653373 0.4139075 -0.6165285 403.000000 3 0.134079 0.178712 0.687210
0.8837515 0.2646814 -0.3604255 547.000000 3 0.431668 0.454889 0.113443
-0.7588332 -0.2662911 0.5774505 1772.000000 3 0.114856 0.645580 0.239563
-0.7912178 -0.5840006 -0.1273578 2170.000000 3 0.385806 0.077384 0.536810
0.1603852 0.2047571 -0.9547461 28.000000 3 0.830392 0.097973 0.071635
0.4868532 -0.7900083 0.3470563 863.000000 3 0.212589 0.537989 0.249422
0.7000136 -0.3617497 -0.6038417 329.000000 3 0.195082 0.069279 0.735639
-0.7900318 -0.1722288 0.574597 1762.000000 3 0.179607 0.346022 0.474371
0.585379 -0.5372529 -0.5915546 346.000000 3 0.547671 0.344359 0.107970
0.7392069 -0.5802242 0.3220212 2995.000000 3 0.715657 0.129904 0.154439
-0.8693911 -0.136626 0.4541056 1873.000000 3 0.272029 0.311969 0.416003
-0.8205284 0.267982 -0.4813849 3102.000000 3 0.288693 0.568159 0.143148
0.3627239 -0.5564611 -0.7351392 232.000000 3 0.013422 0.915370 0.071208
-0.24518 -0.109382 0.9525833 1464.000000 3 0.314241 0.563914 0.121845
0.3851905 0.1575458 0.8957016 1108.000000 3 0.379385 0.298921 0.321694
0.09623913 -0.5218201 0.8379207 1288.000000 3 0.238140 0.608387 0.153473
0.7435774 0.05815834 -0.645148 432.000000 3 0.137034 0.508852 0.354113
0.5168166 -0.8414075 -0.04173144 590.000000 3 0.803131 0.192447 0.004422
0.4629169 -0.1875581 -0.8625259 2969.000000 3 0.941119 0.025803 0.033078
0.04022143 0.4074845 0.8986928 1392.000000 3 0.256211 0.022318 0.721471
-0.06288709 0.5930395 -0.7911623 2874.000000 3 0.493292 0.462558 0.044150
-0.09576437 -0.6739458 0.7231443 1360.000000 3 0.277010 0.641460 0.081530
-0.2149295 0.2907185 -0.9196351 2901.000000 3 0.323490 0.317374 0.359136
0.8349756 -0.508634 0.1093936 679.000000 3 0.480653 0.029411 0.489935
0.5581355 -0.7106183 0.4102236 998.000000 3 0.165498 0.139098 0.695404
-0.9449502 -0.2408005 -0.1817325 2150.000000 3 0.415948 0.074224 0.509828
-0.5979937 0.5494306 0.5615667 1730.000000 3 0.641511 0.068696 0.289793
-0.3786978 -0.6992592 -0.5867061 2555.000000 3 0.143589 0.345293 0.511118
-0.9418705 0.2387659 -0.1985261 2274.000000 3 0.341725 0.126874 0.531401
0.02606431 0.3316268 0.9298389 1407.000000 3 0.300689 0.367471 0.331840
-0.2916254 0.7957667 0.5149759 1522.000000 3 0.565193 0.010085 0.424721
-0.1593626 0.8359118 0.4964305 1501.000000 3 0.157246 0.522792 0.319962
0.1887107 -0.258696 -0.9365551 56.000000 3 0.238792 0.324107 0.437102
0.5215304 0.221196 -0.8145881 268.000000 3 0.003669 0.275864 0.720466
0.1103265 -0.9811068 0.07458739 779.000000 3 0.196684 0.604136 0.199180
-0.1281218 -0.238364 -0.9549379 2829.000000 3 0.051986 0.372936 0.575078
-0.2649257 -0.9539253 0.02336504 1912.000000 3 0.812476 0.047238 0.140286
-0.4240055 0.05010289 -0.8947933 2633.000000 3 0.758186 0.008181 0.233633
-0.8527087 0.4613337 -0.1866731 2980.000000 3 0.316298 0.574297 0.109406
-0.5191831 0.2047615 0.8160443 1598.000000 3 0.358796 0.172722 0.468482
0.9377723 -0.2432253 -0.1999215 626.000000 3 0.241718 0.445048 0.313234
0.9835281 -0.08448403 -0.03634067 1238.000000 3 0.566933 0.222093 0.210973
-0.8773935 -0.01917627 0.4598705 1870.000000 3 0.196589 0.722306 0.081105
-0.374186 -0.4374707 0.8045105 1514.000000 3 0.202158 0.426837 0.371006
-0.4244508 0.6223384 -0.6482062 2561.000000 3 0.844627 0.009604 0.145769
0.4598556 0.5952823 -0.6433537 376.000000 3 0.098134 0.650972 0.250893
0.1569084 -0.3018547 -0.929194 57.000000 3 0.812374 0.044994 0.142633
0.5237604 -0.5602937 0.6312537 982.000000 3 0.038901 0.040431 0.920668
0.1940835 0.818149 0.5265054 1292.000000 3 0.265305 0.094748 0.639947
-0.3918181 -0.1868482 -0.8918126 2644.000000 3 0.155084 0.123769 0.721147
-0.0542929 -0.8342899 0.5357592 1400.000000 3 0.543769 0.094348 0.361883
-0.4388832 -0.4639984 0.7580206 1645.000000 3 0.274682 0.004455 0.720863
0.6132258 0.09055661 0.7720429 1077.000000 3 0.215442 0.695323 0.089236
0.3206257 -0.7740024 -0.5299584 246.000000 3 0.057528 0.671727 0.270745
0.2327895 -0.6589158 -0.7050987 228.000000 3 0.534739 0.065927 0.399334
-0.2602718 0.4523449 -0.8405429 2736.000000 3 0.800734 0.121842 0.077425
-0.004800407 0.6019707 -0.7882947 2879.000000 3 0.713000 0.135844 0.151156
-0.5873477 -0.7950007 0.08442977 1985.000000 3 0.022817 0.561055 0.416128
-0.9190858 -0.3638465 -0.07418223 2148.000000 3 0.190914 0.620191 0.188895
-0.5480754 -0.2251742 -0.7961078 2530.000000 3 0.446800 0.000628 0.552572
0.6555318 -0.3621975 0.6460376 958.000000 3 0.401542 0.326700 0.271758
-0.08545085 0.9191573 0.3492224 1498.000000 3 0.115439 0.801968 0.082593
-0.1693014 -0.05448211 0.9749292 1436.000000 3 0.282177 0.227929 0.489893
0.201303 0.8562939 0.4538713 1147.000000 3 0.244777 0.249982 0.505240
-0.5192712 -0.7853736 0.3007781 1974.000000 3 0.292506 0.471046 0.236448
-0.4406775 -0.2222886 -0.8562869 72.000000 3 0.532909 0.015705 0.451386
0.8240972 0.4223127 0.3391466 754.000000 3 0.079683 0.621608 0.298709
0.249654 0.9346804 0.2113289 1128.000000 3 0.291940 0.205945 0.502115
0.3672494 -0.7100269 -0.5834765 250.000000 3 0.072061 0.732963 0.194975
-0.8235365 -0.2960775 -0.4662309 2364.000000 3 0.231976 0.600079 0.167946
-0.6133931 0.3655045 0.6860328 1691.000000 3 0.265970 0.027019 0.707011
-0.003911961 -0.09803952 0.986926 1428.000000 3 0.957510 0.036845 0.005646
-0.584285 -0.7538145 0.2594583 1979.000000 3 0.322835 0.204043 0.473122
-0.2348592 0.7801474 -0.5687889 2692.000000 3 0.829805 0.007358 0.162837
-0.7935236 -0.593556 0.04125708 2026.000000 3 0.511191 0.070538 0.418271
-0.06751786 -0.508118 0.8476545 1458.000000 3 0.542559 0.295750 0.161691
0.9763576 0.0155227 -0.1458811 606.000000 3 0.147057 0.839636 0.013307
-0.02825863 0.988383 0.003749682 2456.000000 3 0.650838 0.314895 0.034267
0.7897071 0.5130159 -0.3007048 533.000000 3 0.326505 0.407446 0.266049
-0.5602728 -0.3398584 0.739011 1639.000000 3 0.062188 0.512216 0.425597
0.1712622 0.7895881 0.5763713 1292.000000 3 0.051683 0.750860 0.197457
-0.1219006 -0.6262394 -0.7564539 2866.000000 3 0.398624 0.539272 0.062104
0.9723219 0.1851718 -0.02824311 604.000000 3 0.107010 0.096443 0.796546
-0.2750613 0.5767291 -0.7559198 2724.000000 3 0.276063 0.692591 0.031346
0.4692821 -0.7015591 -0.5199863 372.000000 3 0.010950 0.153800 0.835250
-0.514071 0.0618534 0.8421748 1601.000000 3 0.617714 0.007516 0.374770
0.6144136 -0.4718555 -0.6137612 344.000000 3 0.275109 0.709815 0.015076
0.3892541 -0.6023489 -0.6804324 2962.000000 3 0.390539 0.049731 0.559730
-0.9358848 0.03212471 -0.3249605 2302.000000 3 0.265329 0.493998 0.240672
-0.5830458 0.05970398 -0.7993305 2513.000000 3 0.624939 0.195440 0.179621
-0.7323227 -0.1024357 0.6580508 1752.000000 3 0.409572 0.540086 0.050342
0.8848904 0.1870382 -0.4011821 560.000000 3 0.376180 0.183410 0.440410
-0.3120752 -0.4609262 0.816506 1510.000000 3 0.889611 0.015763 0.094626
0.9881183 -0.03694851 0.05780516 734.000000 3 0.205510 0.568767 0.225722
0.582024 -0.4073752 0.6928654 664.000000 3 0.218235 0.116430 0.665336
-0.3123251 0.5446556 -0.766017 3052.000000 3 0.528843 0.254153 0.217004
0.7144624 0.3434968 0.5888889 916.000000 3 0.447559 0.333538 0.218904
-0.02747316 -0.04018172 -0.9880449 2824.000000 3 0.406911 0.588893 0.004196
-0.5915371 -0.6535849 0.4538596 1800.000000 3 0.591814 0.094278 0.313908
-0.1959067 -0.8510655 -0.4688061 2745.000000 3 0.138209 0.268429 0.593362
0.3515235 0.8306949 0.3978327 1103.000000 3 0.259448 0.219575 0.520977
0.8001181 -0.04835422 -0.582244 442.000000 3 0.401350 0.201264 0.397387
-0.6063851 -0.4581432 -0.6240788 1636.000000 3 0.207624 0.477404 0.314973
-0.5195245 0.7155517 0.4414165 1660.000000 3 0.323780 0.022006 0.654214
0.749414 -0.4650082 -0.4488019 485.000000 3 0.155746 0.475769 0.368485
-0.2372317 0.1758714 -0.9462823 2770.000000 3 0.144579 0.353066 0.502355
0.6953167 -0.09857462 -0.6994294 357.000000 3 0.055179 0.878028 0.066793
-0.3477567 0.8000381 0.4679223 1658.000000 3 0.212495 0.247782 0.539723
0.07841627 0.0442693 0.9867585 1255.000000 3 0.598012 0.346934 0.055054
-0.02833605 -0.2990118 0.9411058 2915.000000 3 0.350896 0.426000 0.223104
0.3525258 -0.7318282 0.565704 1178.000000 3 0.296664 0.374167 0.329169
0.6487316 -0.5112214 0.5358548 3128.000000 3 0.385111 0.346442 0.268447
-0.05071617 -0.7928506 0.5939269 516.000000 3 0.498650 0.188126 0.313224
-0.8114257 0.09038416 0.5622954 1749.000000 3 0.220232 0.022310 0.757458
-0.112555 -0.8215206 -0.5385374 2784.000000 3 0.056544 0.549410 0.394047
-0.1856119 0.9762579 0.04100106 1727.000000 3 0.086224 0.082361 0.831415
0.485112 -0.5326356 -0.6798298 336.000000 3 0.101437 0.159866 0.738697
0.9131537 -0.3351288 -0.1824019 496.000000 3 0.259410 0.674027 0.066563
-0.857187 -0.4218594 -0.2552585 2204.000000 3 0.169145 0.667905 0.162950
0.8912584 0.01273669 0.433039 894.000000 3 0.130029 0.502331 0.367639
-0.116705 -0.8125069 0.5588839 1384.000000 3 0.343467 0.409731 0.246802
0.6088212 -0.5262083 0.5703091 976.000000 3 0.359179 0.555441 0.085379
-0.6891192 0.4098264 -0.5850515 1444.000000 3 0.119249 0.133792 0.746958
-0.09043715 0.8352878 -0.5314234 2833.000000 3 0.091529 0.842585 0.065885
0.06488754 0.2349656 -0.9582149 24.000000 3 0.423715 0.177846 0.398439
0.1359719 0.3932799 0.8962078 1204.000000 3 0.200482 0.140583 0.658935
-0.9562654 -0.1775707 0.2009476 1936.000000 3 0.061233 0.148090 0.790677
0.5305181 -0.8205763 0.1675604 858.000000 3 0.086156 0.310288 0.603556
-0.4360608 0.4856344 0.7348434 1574.000000 3 0.064149 0.658875 0.276976
0.1004796 -0.8495556 0.4983336 1331.000000 3 0.038835 0.606889 0.354277
0.8590406 -0.33581 -0.3464869 471.000000 3 0.146320 0.151978 0.701702
0.02835554 0.839664 0.5212372 1282.000000 3 0.224920 0.637987 0.137093
-0.6111705 -0.4133697 0.6599246 1652.000000 3 0.098964 0.256219 0.644817
-0.5881686 0.4092464 0.6825398 1687.000000 3 0.900100 0.040527 0.059373
0.5218758 0.4630595 0.6992169 1045.000000 3 0.071063 0.125244 0.803693
-0.08768581 -0.9589701 -0.2362706 2761.000000 3 0.432033 0.237279 0.330688
0.7019036 -0.7010376 0.02795921 710.000000 3 0.355103 0.042054 0.602843
0.7886474 -0.3321611 -0.4823165 468.000000 3 0.582864 0.109633 0.307503
0.8193455 0.1908108 -0.5215688 430.000000 3 0.467372 0.024095 0.508533
0.3300508 0.1545881 0.9220112 1112.000000 3 0.151415 0.220659 0.627926
0.1024046 0.1572193 0.9698962 1252.000000 3 0.391399 0.424253 0.184348
-0.7376431 -0.1905102 -0.6338059 2470.000000 3 0.681324 0.065914 0.252761
0.7856213 -0.1731199 -0.5758877 364.000000 3 0.422726 0.313137 0.264137
-0.3869897 0.1382088 0.8985472 1591.000000 3 0.477916 0.167561 0.354523
-0.951992 0.01250283 -0.2752568 2298.000000 3 0.128175 0.739875 0.131950
0.05747438 0.9766587 0.1697007 1130.000000 3 0.371774 0.056700 0.571526
0.8849342 -0.325332 -0.2925674 494.000000 3 0.152530 0.773764 0.073706
0.7424973 0.4414894 -0.4842918 413.000000 3 0.829883 0.101852 0.068265
-0.9177285 0.1996684 -0.3182065 2284.000000 3 0.551654 0.081064 0.367282
0.2376148 -0.2878624 -0.9183326 177.000000 3 0.064440 0.928277 0.007284
0.5706816 0.3207535 0.7394267 1061.000000 3 0.221412 0.253391 0.525197
0.417358 0.7752201 0.4455983 1016.000000 3 0.445056 0.458330 0.096614
0.6249552 -0.6979985 0.3208529 856.000000 3 0.099648 0.554643 0.345709
0.9060872 0.3945513 -0.01150205 586.000000 3 0.240936 0.730751 0.028313
0.5908811 -0.002770543 0.7962226 1084.000000 3 0.028786 0.490889 0.480325
-0.327287 0.8613713 -0.3651192 2537.000000 3 0.131487 0.588013 0.280499
-0.3826154 -0.4998922 -0.7568411 2683.000000 3 0.092558 0.288938 0.618505
0.5544549 0.1300514 0.8098068 1076.000000 3 0.482017 0.148378 0.369605
-0.6989283 -0.4139217 -0.5555689 2495.000000 3 0.274088 0.578104 0.147809
0.7904203 0.4150957 -0.4346227 413.000000 3 0.071981 0.322720 0.605300
-0.2614382 0.7294607 -0.6198612 2712.000000 3 0.347017 0.478012 0.174971
0.2769562 -0.9426466 -0.1311477 555.000000 3 0.249285 0.512372 0.238344
-0.1926996 -0.8399842 0.4906784 1581.000000 3 0.266748 0.079833 0.653419
0.2827568 0.9425351 0.08171134 652.000000 3 0.137121 0.672720 0.190159
0.1982431 -0.4087581 0.8796332 1246.000000 3 0.288731 0.670458 0.040811
-0.8044398 -0.5530959 -0.1827035 2208.000000 3 0.016418 0.107237 0.876346
0.0635602 -0.9218594 -0.3667485 258.000000 3 0.012807 0.107370 0.879823
0.5722417 -0.8052191 0.05124341 574.000000 3 0.281742 0.358969 0.359288
0.1802997 -0.4605989 0.8596073 1247.000000 3 0.190688 0.066111 0.743201
-0.08219078 0.8645416 -0.4841824 2835.000000 3 0.884645 0.047097 0.068259
0.9155934 0.2896871 0.2361674 756.000000 3 0.433133 0.415851 0.151016
-0.8939147 -0.1060762 0.4133334 1875.000000 3 0.262378 0.241753 0.495868
-0.5237843 0.2727179 0.8010069 1598.000000 3 0.031611 0.030661 0.937728
-0.9462807 0.2834702 -0.05357094 2940.000000 3 0.062901 0.444571 0.492528
-0.1589084 0.5698577 0.7894384 1372.000000 3 0.265279 0.295695 0.439026
0.5680504 0.7851313 -0.2024676 506.000000 3 0.771533 0.088009 0.140458
-0.08255592 0.7155337 0.6745837 1364.000000 3 0.301523 0.571085 0.127392
0.8081171 -0.5512135 0.1225282 682.000000 3 0.205394 0.741268 0.053338
0.6571336 0.5612894 -0.4769768 388.000000 3 0.628180 0.080769 0.291051
0.4399917 -0.8314129 -0.3032087 400.000000 3 0.850729 0.033374 0.115897
0.3632638 0.3250114 -0.862085 130.000000 3 0.656353 0.156617 0.187030
0.9338801 0.2187666 -0.238752 562.000000 3 0.458393 0.193241 0.348366
-0.9805769 -0.1364426 0.05031489 2081.000000 3 0.783932 0.078052 0.138017
0.1908348 -0.5754859 -0.7853979 98.000000 3 0.031584 0.582149 0.386268
0.6841052 -0.6527405 0.3008464 841.000000 3 0.210244 0.555200 0.234556
0.6492892 0.7281854 0.1816151 695.000000 3 0.179419 0.242289 0.578292
-0.03229667 0.06540153 0.9858423 2928.000000 3 0.461077 0.416814 0.122108
0.06175298 -0.8610957 -0.4886485 123.000000 3 0.061919 0.728708 0.209372
-0.2568882 -0.9222168 -0.2748226 2762.000000 3 0.009531 0.102197 0.888272
-0.8741042 -0.462421 0.05452603 2012.000000 3 0.310199 0.610959 0.078842
-0.8068463 0.5733273 -0.08862603 2238.000000 3 0.132102 0.036351 0.831547
0.903322 0.400964 0.05553913 587.000000 3 0.419222 0.081330 0.499448
-0.2934847 -0.2259888 0.9183325 1486.000000 3 0.332562 0.559609 0.107830
0.9387047 -0.2977604 0.05714994 660.000000 3 0.918175 0.018509 0.063316
0.4103505 0.8455289 0.3141975 1098.000000 3 0.890953 0.108598 0.000448
-0.3929214 -0.7393477 0.5239564 1682.000000 3 0.213806 0.466458 0.319736
-0.3905901 -0.2658385 0.8721807 3090.000000 3 0.690288 0.053723 0.255989
0.1588923 -0.8112784 -0.5437894 102.000000 3 0.291376 0.635472 0.073152
0.7146236 -0.6593129 -0.1856482 636.000000 3 0.610444 0.174752 0.214805
0.4410464 -0.886098 -0.006395552 588.000000 3 0.204518 0.487105 0.308377
0.1296956 0.1311744 -0.974125 35.000000 3 0.951817 0.019842 0.028341
-0.1705618 0.684495 -0.6976708 2726.000000 3 0.090805 0.197093 0.712101
0.2819076 0.01581028 0.951329 1216.000000 3 0.637155 0.238401 0.124444
0.6549184 -0.7414962 -0.01789952 572.000000 3 0.006491 0.377000 0.616509
-0.9838527 -0.1210551 -0.005621643 2130.000000 3 0.696289 0.061707 0.242003
-0.8407002 -0.004821453 0.527978 1868.000000 3 0.239103 0.074142 0.686755
-0.001153814 0.9890085 -0.03861514 145.000000 3 0.043913 0.028474 0.927613
0.7967073 -0.3638011 0.4596169 826.000000 3 0.348828 0.247896 0.403276
0.1828637 -0.9445169 0.2364293 886.000000 3 0.466232 0.378808 0.154960
-0.1890334 0.5115547 -0.8267204 2738.000000 3 0.155431 0.353021 0.491548
0.5635467 0.2323556 -0.7802365 288.000000 3 0.398300 0.061204 0.540496
-0.1057199 -0.9855166 -0.05753911 2116.000000 3 0.951228 0.001463 0.047309
-0.9014587 0.0139985 0.4139934 1864.000000 3 0.241775 0.215262 0.542963
0.2278474 -0.9493901 0.1575892 885.000000 3 0.571449 0.407142 0.021409
-0.7564201 -0.6315331 -0.1101488 2175.000000 3 0.003127 0.604643 0.392229
0.8207215 0.2938318 0.4710905 878.000000 3 0.757024 0.158440 0.084536
-0.06829047 -0.2375392 -0.9615847 50.000000 3 0.032274 0.438934 0.528792
0.5934615 0.272329 0.7402626 2326.000000 3 0.084832 0.896310 0.018857
0.2882135 0.8347012 -0.4406755 330.000000 3 0.097635 0.588028 0.314337
0.706801 0.6511662 -0.2236944 520.000000 3 0.770540 0.149454 0.080006
-0.2115819 0.1094321 0.9605762 1060.000000 3 0.475296 0.038976 0.485728
0.6398562 -0.04700755 0.7548791 1085.000000 3 0.493732 0.353516 0.152752
0.06914546 -0.9763143 -0.1395418 136.000000 3 0.638873 0.158684 0.202443
0.4152728 0.577829 -0.6875346 1380.000000 3 0.509964 0.201508 0.288529
-0.8482264 0.5062595 0.06408438 2047.000000 3 0.432571 0.270517 0.296912
0.02864262 -0.4960119 -0.8517927 2952.000000 3 0.228138 0.047919 0.723944
-0.1969442 -0.9283475 -0.284578 2762.000000 3 0.334383 0.231448 0.434169
0.344038 -0.6448852 -0.6663373 235.000000 3 0.141718 0.112460 0.745822
-0.1280222 0.9317366 0.3064181 1480.000000 3 0.471606 0.086663 0.441731
0.4894999 0.5029668 0.6946794 1042.000000 3 0.698121 0.080095 0.221784
-0.1264729 0.2527023 0.9445838 1410.000000 3 0.599430 0.359491 0.041079
0.827482 -0.1226701 -0.5333943 465.000000 3 0.166364 0.026042 0.807594
0.4066586 -0.05288422 -0.9026743 200.000000 3 0.089062 0.536835 0.374103
-0.2275808 0.937998 -0.2287404 2472.000000 3 0.101088 0.392884 0.506029
-0.7075841 -0.6715499 -0.1748153 2226.000000 3 0.238281 0.225799 0.535920
0.2209361 -0.8426821 -0.4696617 124.000000 3 0.237757 0.464046 0.298197
-0.8501743 0.2300448 -0.4485811 1843.000000 3 0.429773 0.212617 0.357609
0.5259446 0.1873727 0.819721 1182.000000 3 0.006611 0.146454 0.846935
-0.5097162 -0.666771 -0.5186545 2420.000000 3 0.715317 0.268608 0.016075
0.3468507 0.807559 0.4485744 1018.000000 3 0.012336 0.751420 0.236244
0.09980407 -0.7545635 -0.6310656 7.000000 3 0.045253 0.619407 0.335340
-0.5369498 -0.8168268 -0.1797899 2250.000000 3 0.089851 0.112185 0.797964
0.7846612 0.1232928 -0.5840004 436.000000 3 0.682543 0.278658 0.038799
-0.05736817 -0.9041227 0.3986638 1336.000000 3 0.190103 0.432191 0.377706
-0.4671374 -0.3656372 0.795881 620.000000 3 0.656574 0.276167 0.067259
-0.7630556 0.2327812 -0.5892968 2437.000000 3 0.065124 0.511598 0.423278
0.1742588 -0.9741828 0.0003766678 763.000000 3 0.344121 0.298809 0.357071
0.3893513 0.0082871 -0.9129843 192.000000 3 0.084898 0.054654 0.860448
-0.7398992 -0.6569399 -0.06902687 2172.000000 3 0.643698 0.262740 0.093562
0.4740123 -0.760565 -0.4080634 3041.000000 3 0.195766 0.192435 0.611798
-0.7987926 0.4249169 0.402256 1841.000000 3 0.487519 0.129083 0.383398
0.7759821 -0.5978661 0.1364393 682.000000 3 0.338092 0.271956 0.389953
-0.1771395 -0.6655254 0.7125155 1524.000000 3 0.315396 0.230004 0.454600
0.6398861 -0.7354016 -0.1815511 566.000000 3 0.128167 0.628261 0.243572
0.1524124 0.3251967 0.9219308 1341.000000 3 0.032641 0.596578 0.370781
-0.5251648 -0.8399296 0.06591643 1892.000000 3 0.027959 0.202699 0.769342
0.5880657 -0.7095833 0.36651 856.000000 3 0.119020 0.075672 0.805307
-0.7338998 0.6175659 0.2469868 1972.000000 3 0.490354 0.201689 0.307957
-0.9072115 -0.3456599 0.1899445 95.000000 3 0.206099 0.658414 0.135487
0.8357576 0.5234467 -0.04641297 2051.000000 3 0.120870 0.255061 0.624069
0.4662396 -0.7286708 -0.4762859 392.000000 3 0.003844 0.530946 0.465210
-0.2783254 0.2891161 -0.9019914 1371.000000 3 0.015720 0.966422 0.017858
0.6658137 0.6508858 -0.3336692 519.000000 3 0.318419 0.554255 0.127326
0.6720282 -0.2203287 -0.69498 327.000000 3 0.126487 0.060136 0.813377
-0.6229385 0.3554551 -0.6806235 1063.000000 3 0.371750 0.105900 0.522350
0.3152694 -0.613987 0.7044318 1172.000000 3 0.023145 0.712134 0.264721
-0.7329526 0.3152701 0.5896863 1736.000000 3 0.456393 0.249014 0.294592
-0.9789441 0.1407227 0.04833668 2066.000000 3 0.075941 0.479607 0.444453
0.8217349 -0.3465982 -0.4155732 469.000000 3 0.671608 0.118703 0.209689
-0.6818385 -0.6836138 -0.2211573 2232.000000 3 0.306619 0.395096 0.298285
0.7231873 -0.5145836 0.4396885 3031.000000 3 0.292338 0.247693 0.459969
-0.06979119 0.9870839 -0.02545017 2459.000000 3 0.723792 0.132108 0.144100
0.05640041 0.5632468 -0.8184307 2879.000000 3 0.087035 0.068188 0.844777
0.715272 -0.2709979 0.6277156 970.000000 3 0.192906 0.083132 0.723961
0.003360062 -0.3388756 0.9288595 974.000000 3 0.112882 0.784778 0.102340
-0.1251034 0.1259955 0.9707513 1421.000000 3 0.269705 0.193359 0.536937
-0.9527962 0.236474 0.1403792 2052.000000 3 0.536878 0.336217 0.126905
0.1409887 0.1180961 0.9719971 2881.000000 3 0.357674 0.026919 0.615407
-0.1233034 0.5450708 -0.8199496 2792.000000 3 0.161519 0.176629 0.661852
-0.3913173 0.3570355 0.8333883 1572.000000 3 0.084483 0.852782 0.062734
0.2902459 0.9145736 0.2480736 1148.000000 3 0.152203 0.181595 0.666202
0.7037632 -0.4102458 0.5577983 968.000000 3 0.326349 0.486375 0.187277
0.4044477 0.4394594 0.7892697 1194.000000 3 0.553446 0.088426 0.358128
-0.3518434 -0.02328357 -0.9274509 2696.000000 3 0.067625 0.358044 0.574332
-0.8770834 0.4352028 0.1418036 1997.000000 3 0.373657 0.176566 0.449777
-0.8293645 -0.5097466 0.1913191 3158.000000 3 0.531952 0.003831 0.464217
-0.9893582 -0.04299353 0.03109728 2078.000000 3 0.116389 0.324367 0.559244
0.7343146 -0.1667536 0.6446193 946.000000 3 0.386612 0.430913 0.182474
0.8068147 0.5672537 -0.07493548 643.000000 3 0.011625 0.729094 0.259281
0.8263793 0.3644425 -0.4117575 548.000000 3 0.125260 0.136413 0.738328
0.9415478 -0.1930284 -0.242757 618.000000 3 0.070151 0.183717 0.746132
-0.4701662 -0.1522273 0.8587354 1609.000000 3 0.164005 0.507629 0.328366
0.8178102 0.4400418 -0.3349946 534.000000 3 0.725783 0.018432 0.255786
0.6051024 0.7782512 -0.02600135 684.000000 3 0.497852 0.289961 0.212187
0.1896008 -0.2476174 0.9404465 2987.000000 3 0.172198 0.383644 0.444158
0.0621205 -0.9871801 0.007496065 776.000000 3 0.294568 0.690538 0.014895
0.164216 -0.968695 0.1062929 766.000000 3 0.343492 0.421487 0.235021
0.2532232 -0.8955195 0.3451218 1050.000000 3 0.341131 0.206388 0.452481
0.5988309 -0.3775278 -0.6907475 324.000000 3 0.056931 0.844773 0.098296
0.2791139 0.8792128 -0.360983 332.000000 3 0.010403 0.785508 0.204089
0.4689633 0.7636696 0.4207353 1016.000000 3 0.057797 0.462396 0.479807
0.9797197 -0.148299 -0.007119617 623.000000 3 0.048602 0.391977 0.559422
-0.4202089 0.6951283 -0.5684181 2545.000000 3 0.348341 0.607383 0.044276
-0.07471249 0.5316166 -0.8336558 2792.000000 3 0.361248 0.429162 0.209591
-0.890687 0.4179496 -0.1133397 2195.000000 3 0.483530 0.073971 0.442499
-0.706273 0.01280003 0.6985327 1740.000000 3 0.073959 0.057263 0.868778
-0.7549294 0.5653014 0.3038937 1988.000000 3 0.610616 0.319001 0.070383
0.098797 0.7645757 0.6208769 1294.000000 3 0.601085 0.214422 0.184492
-0.5138006 0.6843492 0.4886165 1678.000000 3 0.379258 0.319844 0.300898
0.04223813 -0.8253717 0.5492022 1324.000000 3 0.333613 0.120913 0.545474
0.5683774 -0.02620553 -0.8115803 308.000000 3 0.040791 0.469991 0.489218
0.4364767 -0.1161817 0.8817739 1125.000000 3 0.573174 0.305180 0.121646
0.4797045 -0.8548744 -0.1439533 542.000000 3 0.367245 0.071042 0.561713
-0.434199 -0.4218389 0.7874069 1647.000000 3 0.082938 0.397060 0.520002
-0.3791139 -0.7321825 -0.5474981 2551.000000 3 0.017035 0.854536 0.128429
-0.8494225 0.3981951 0.3137568 1992.000000 3 0.105618 0.244541 0.649841
-0.5155591 -0.001570284 0.8463609 1606.000000 3 0.064574 0.362838 0.572588
-0.3182498 0.2318178 -0.9067727 1142.000000 3 0.177438 0.799639 0.022923
-0.8256158 0.2196185 -0.5013511 2404.000000 3 0.286847 0.430601 0.282552
0.5164292 0.6519821 0.5383418 1014.000000 3 0.049863 0.193626 0.756511
0.2972148 0.07936396 -0.9410215 143.000000 3 0.360074 0.565237 0.074689
-0.02745506 -0.9761127 0.1723855 1543.000000 3 0.523589 0.438700 0.037711
0.8160689 0.5146269 -0.2132319 536.000000 3 0.019486 0.318396 0.662118
0.1834363 0.9273245 0.2890274 1128.000000 3 0.047101 0.924209 0.028690
0.4611572 -0.8004318 -0.3426532 397.000000 3 0.017240 0.440878 0.541882
-0.9728605 -0.08768425 0.1674793 2071.000000 3 0.303267 0.057725 0.639008
0.9537268 -0.2628067 -0.05295102 628.000000 3 0.850762 0.121549 0.027690
-0.3159637 0.7465382 0.5643083 1138.000000 3 0.540089 0.211029 0.248882
0.5086825 -0.6699237 -0.5216775 372.000000 3 0.478261 0.086698 0.435041
-0.9304073 -0.1869695 -0.2882112 2314.000000 3 0.869759 0.116430 0.013812
0.1810272 0.5706998 -0.789694 112.000000 3 0.326283 0.596123 0.077593
0.6837115 -0.5299167 0.4749883 19.000000 3 0.117233 0.676816 0.205951
0.618751 0.5990821 -0.4814358 385.000000 3 0.547047 0.278766 0.174187
-0.3726727 0.1654119 -0.904893 2769.000000 3 0.005649 0.297648 0.696702
-0.8255543 -0.285613 0.4653629 1813.000000 3 0.110643 0.629130 0.260227
0.2857031 -0.9136678 -0.2611895 262.000000 3 0.143692 0.174185 0.682122
-0.3235961 -0.9080628 -0.2233675 2272.000000 3 0.306560 0.289984 0.403457
0.2630303 -0.5878968 0.7518125 1172.000000 3 0.168265 0.229097 0.602638
0.8340495 0.2187423 0.4855415 880.000000 3 0.310079 0.247285 0.442636
0.7451873 -0.6189952 0.2243451 804.000000 3 0.122854 0.238812 0.638334
0.5062829 -0.7133855 0.4692647 998.000000 3 0.831812 0.162432 0.005756
0.4944987 -0.7618223 0.3986707 997.000000 3 0.418790 0.035542 0.545668
0.7324073 -0.358397 0.5597456 954.000000 3 0.208666 0.277156 0.514177
-0.1012122 0.7201965 -0.6759909 2856.000000 3 0.233867 0.365429 0.400705
0.3017977 -0.8342935 0.4424661 1054.000000 3 0.076350 0.859428 0.064222
-0.227103 0.9474449 0.1898983 1878.000000 3 0.475700 0.365487 0.158813
-0.8387616 0.2967928 -0.4286771 3084.000000 3 0.221279 0.605163 0.173558
0.5098801 -0.640348 0.5563561 987.000000 3 0.261888 0.278592 0.459521
-0.7016136 0.576233 0.403515 1810.000000 3 0.004225 0.300938 0.694837
-0.03191401 -0.9886383 -0.06185653 153.000000 3 0.772615 0.225262 0.002123
0.135806 -0.4285823 0.8841971 1246.000000 3 0.524383 0.073181 0.402436
-0.9499071 0.1172464 -0.2560786 2293.000000 3 0.605917 0.283683 0.110400
-0.0004863087 0.5253139 0.8348001 1388.000000 3 0.143708 0.604196 0.252096
-0.3039156 0.2252703 0.9164411 1584.000000 3 0.273644 0.252346 0.474010
0.8511383 0.3404575 -0.3744844 548.000000 3 0.320060 0.321580 0.358360
0.06616475 0.8165975 0.5563303 1282.000000 3 0.621938 0.193062 0.185000
-0.5608921 0.6695949 -0.4693995 2410.000000 3 0.443294 0.152958 0.403748
0.02463026 -0.05169562 -0.9888762 2824.000000 3 0.524656 0.153766 0.321577
0.9840201 0.09216453 0.005600305 2944.000000 3 0.895628 0.090721 0.013650
0.4640088 0.4422786 0.7541854 1049.000000 3 0.590192 0.273178 0.136630
-0.1583157 0.9079806 0.3511901 1498.000000 3 0.342584 0.118542 0.538873
0.3914341 -0.9085693 -0.02493813 544.000000 3 0.216229 0.335198 0.448573
0.5364698 0.4933369 -0.6709591 278.000000 3 0.084649 0.506335 0.409016
-0.9590651 0.1562218 0.2012844 1922.000000 3 0.261890 0.068230 0.669880
0.2700446 -0.9063042 0.2902076 874.000000 3 0.314260 0.385230 0.300510
-0.6460512 -0.6949164 -0.2895014 2236.000000 3 0.426844 0.225493 0.347663
-0.9084002 0.3968822 0.08455825 2046.000000 3 0.005053 0.146936 0.848010
0.3690808 0.402469 0.8225581 1200.000000 3 0.233111 0.125848 0.641041
0.4143494 0.4449185 -0.780319 252.000000 3 0.288877 0.233271 0.477853
-0.02222762 0.8835384 -0.4482756 63.000000 3 0.171034 0.775134 0.053832
-0.2688775 0.9503381 0.09019217 2085.000000 3 0.101354 0.572097 0.326548
-0.6109455 0.006822316 -0.7809166 2512.000000 3 0.692221 0.104910 0.202869
-0.4773266 0.6438479 -0.583802 2556.000000 3 0.478243 0.228642 0.293115
-0.5665425 0.3445047 -0.7343297 2590.000000 3 0.360759 0.173846 0.465396
-0.9173731 0.1684341 0.3364995 1916.000000 3 0.128688 0.406412 0.464900
-0.3008842 -0.5056356 0.7947233 1513.000000 3 0.233105 0.329325 0.437570
-0.1748191 0.9029809 -0.3698903 2668.000000 3 0.418743 0.423165 0.158093
-0.4167396 0.8517374 0.2918535 1798.000000 3 0.395132 0.242179 0.362689
0.5505319 -0.4852657 0.665429 977.000000 3 0.036123 0.824563 0.139314
-0.5749637 -0.5662813 0.577181 1671.000000 3 0.074998 0.047191 0.877811
-0.08437086 0.18148 -0.970894 2812.000000 3 0.136630 0.700052 0.163318
-0.1574593 -0.9703026 0.1280902 1704.000000 3 0.204113 0.407456 0.388431
0.8118825 -0.4927635 -0.2858966 512.000000 3 0.335757 0.052912 0.611330
0.06858184 -0.9847924 -0.0582069 154.000000 3 0.491223 0.216263 0.292513
-0.5833746 -0.7849533 0.1436409 1985.000000 3 0.551188 0.415061 0.033751
-0.2648776 0.9366732 -0.1823024 2362.000000 3 0.148437 0.445135 0.406428
0.7353089 0.2462218 -0.6098685 426.000000 3 0.536175 0.103192 0.360633
0.1853332 0.8947377 0.3773179 1150.000000 3 0.135099 0.830092 0.034808
0.5161406 -0.192354 -0.8242313 2097.000000 3 0.577715 0.015363 0.406922
-0.3318103 -0.07149437 -0.9311918 2697.000000 3 0.764710 0.223130 0.012159
-0.8901975 0.07275738 0.4294317 1863.000000 3 0.762344 0.066341 0.171315
-0.1701521 0.953562 -0.2153046 2472.000000 3 0.037218 0.961424 0.001358
0.4424194 -0.6882865 -0.5604502 239.000000 3 0.151301 0.091449 0.757250
0.3268466 0.7324588 0.5790594 1025.000000 3 0.737437 0.187650 0.074913
0.5301356 0.5244852 0.6486876 1043.000000 3 0.858630 0.058349 0.083021
-0.07043754 -0.6114493 -0.7770575 2866.000000 3 0.067766 0.525169 0.407064
-0.2997617 -0.1627845 -0.9275854 2700.000000 3 0.332843 0.287920 0.379237
0.9116918 0.2255418 0.3175294 876.000000 3 0.333705 0.119247 0.547048
0.3348836 -0.04734093 -0.9295757 165.000000 3 0.018903 0.459096 0.522001
-0.126141 0.4194288 -0.8911045 2741.000000 3 0.170273 0.317715 0.512013
0.8557435 0.01153501 -0.4930561 444.000000 3 0.701231 0.203754 0.095014
0.7214778 -0.6788214 0.07798442 697.000000 3 0.099496 0.865692 0.034812
0.6181639 -0.7255579 0.2637778 857.000000 3 0.273190 0.369683 0.357127
-0.2425771 -0.9488994 -0.1455774 2287.000000 3 0.715584 0.072951 0.211465
0.7751883 0.2357834 0.5686016 918.000000 3 0.434725 0.097698 0.467577
-0.9807475 0.002289956 0.1497936 2064.000000 3 0.023476 0.433658 0.542866
-0.6053594 -0.5228754 0.5856455 1782.000000 3 0.245520 0.127504 0.626975
0.8534544 -0.1292052 -0.4830349 464.000000 3 0.491326 0.025949 0.482726
-0.4060577 -0.8078192 -0.4093373 2582.000000 3 0.115566 0.323875 0.560560
-0.2749467 -0.8947373 -0.3278841 2580.000000 3 0.188532 0.282773 0.528694
0.1675333 0.5686265 0.7891863 1192.000000 3 0.409020 0.091845 0.499135
0.2605611 0.9516204 -0.00334134 650.000000 3 0.592065 0.300218 0.107717
0.6445236 0.5563639 0.4984023 1309.000000 3 0.610983 0.175014 0.214003
0.02192035 0.970274 -0.1940876 170.000000 3 0.304623 0.339132 0.356244
0.3845556 -0.5764363 0.7023928 1169.000000 3 0.226287 0.675144 0.098569
0.4396917 0.0132077 -0.8879231 192.000000 3 0.136151 0.527461 0.336388
0.8366017 -0.06398681 -0.5289325 444.000000 3 0.216310 0.061408 0.722282
0.4911927 0.78231 -0.3588755 369.000000 3 0.461612 0.222783 0.315606
0.2957024 0.8324044 0.4389234 1102.000000 3 0.339835 0.275868 0.384297
-0.1810729 0.1538296 0.9584999 2925.000000 3 0.007211 0.716162 0.276627
-0.7025788 -0.5146132 0.4711979 1793.000000 3 0.162206 0.377261 0.460533
-0.236215 0.8937832 0.3593542 1502.000000 3 0.707105 0.009977 0.282917
0.2807138 -0.3514659 -0.8847798 175.000000 3 0.243215 0.049900 0.706885
0.07688754 0.3647731 0.9193506 1340.000000 3 0.198748 0.012321 0.788931
-0.8103179 0.3165485 -0.4676223 2399.000000 3 0.062162 0.261227 0.676611
-0.1398072 0.4972738 -0.8470063 2738.000000 3 0.679978 0.004322 0.315700
-0.9531341 0.03411266 0.2693452 1924.000000 3 0.453659 0.524568 0.021773
0.6802394 -0.05097692 -0.7163161 314.000000 3 0.304104 0.172665 0.523231
0.7480315 0.3704732 -0.5296666 424.000000 3 0.134258 0.690479 0.175264
-0.2499653 0.2558709 0.9244349 1415.000000 3 0.261528 0.518162 0.220311
0.5078786 -0.5187315 0.6725554 1152.000000 3 0.232563 0.218870 0.548566
-0.09810396 0.9234756 -0.3559328 2651.000000 3 0.199687 0.024121 0.776192
0.8620635 0.1333269 -0.4696751 447.000000 3 0.176956 0.164010 0.659034
-0.3093055 -0.7054887 -0.6246116 2554.000000 3 0.258217 0.136015 0.605768
0.8754384 0.3772496 -0.2560899 538.000000 3 0.157405 0.643910 0.198685
-0.1188748 0.2218158 -0.9594068 2803.000000 3 0.013533 0.658997 0.327470
0.008419309 0.955046 -0.2586193 3074.000000 3 0.065782 0.840131 0.094087
0.141075 -0.8981211 0.3909296 1326.000000 3 0.013853 0.536922 0.449225
-0.724433 -0.09904829 -0.6678478 2469.000000 3 0.046234 0.387982 0.565784
-0.03346711 0.8282304 0.5355315 1494.000000 3 0.331052 0.220209 0.448739
-0.2717416 -0.8934759 0.3297004 1693.000000 3 0.263102 0.173702 0.563196
-0.5230508 0.4610307 -0.6973106 2577.000000 3 0.289730 0.388408 0.321862
0.231882 0.8786418 -0.3964962 333.000000 3 0.248530 0.627191 0.124279
0.7882711 -0.4903729 0.3491622 828.000000 3 0.840404 0.006819 0.152777
-0.5285687 -0.1324489 0.8281748 1613.000000 3 0.347855 0.382792 0.269353
0.08600348 -0.5645355 0.8096763 1300.000000 3 0.119078 0.583820 0.297102
-0.9596333 0.2201349 -0.1156219 2110.000000 3 0.498550 0.406295 0.095154
-0.805463 0.5151647 -0.2433096 2261.000000 3 0.243432 0.431194 0.325374
-0.8714765 0.4089878 0.221021 1996.000000 3 0.728792 0.254225 0.016984
-0.9283167 0.3340982 0.1132539 2054.000000 3 0.079240 0.379426 0.541334
0.8670608 -0.4644033 0.03869703 2096.000000 3 0.247878 0.192291 0.559830
-0.07805412 0.9762026 -0.1629837 2477.000000 3 0.073363 0.160295 0.766342
0.2263536 0.8981272 0.3401986 1149.000000 3 0.196961 0.448600 0.354438
-0.4364654 0.69817 0.5394859 1679.000000 3 0.182715 0.757505 0.059780
-0.3546333 -0.1411364 -0.9136912 2694.000000 3 0.362065 0.190512 0.447423
0.4440695 0.6807319 -0.5683237 242.000000 3 0.287108 0.155346 0.557546
0.1255567 0.9420067 -0.2797012 168.000000 3 0.545968 0.046431 0.407601
0.4614089 0.6311554 -0.6082079 1064.000000 3 0.672537 0.055370 0.272093
-0.2892312 0.6373932 0.6998976 1557.000000 3 0.407317 0.360562 0.232121
-0.3500624 0.6318276 0.6755328 1556.000000 3 0.329448 0.538684 0.131869
0.7028325 0.6721894 -0.1690008 520.000000 3 0.492595 0.082692 0.424714
-0.0166964 -0.4756179 -0.8638482 2846.000000 3 0.653498 0.155717 0.190785
-0.4200368 -0.1168677 -0.8898247 2643.000000 3 0.594270 0.101417 0.304313
0.9615417 0.1736064 0.1460232 724.000000 3 0.222281 0.655843 0.121876
0.5839863 -0.578633 -0.5524442 274.000000 3 0.268078 0.404838 0.327084
-0.5770915 0.7982117 -0.0497283 2984.000000 3 0.044092 0.680799 0.275108
-0.3632996 -0.2078342 0.9004881 1486.000000 3 0.139092 0.006454 0.854454
0.7778456 0.6020575 -0.1115472 642.000000 3 0.750152 0.222097 0.027752
-0.7198533 0.1043884 -0.672011 2450.000000 3 0.586247 0.343310 0.070443
-0.2030447 -0.293047 0.923147 1482.000000 3 0.728540 0.229778 0.041682
-0.2459299 -0.2209525 0.9344893 1484.000000 3 0.341628 0.418532 0.239840
0.1479021 -0.559 0.8053693 1298.000000 3 0.749115 0.055833 0.195052
-0.7139868 -0.2964393 -0.6115286 2487.000000 3 0.529759 0.354462 0.115779
0.0410432 -0.134064 0.9812921 1271.000000 3 0.658842 0.168807 0.172351
-0.459457 0.8543032 0.2100618 1832.000000 3 0.291890 0.374250 0.333860
-0.7489874 0.5101925 0.4027986 1838.000000 3 0.311421 0.174708 0.513871
0.1470397 -0.1495223 -0.9672841 40.000000 3 0.155284 0.467596 0.377120
0.658651 0.714924 -0.182259 508.000000 3 0.636379 0.092219 0.271402
-0.2286263 0.4538141 0.8467859 1397.000000 3 0.179542 0.670067 0.150391
-0.6771149 -0.7079126 0.1591536 1978.000000 3 0.026133 0.123185 0.850682
0.7445543 0.1283513 -0.6362686 435.000000 3 0.792395 0.162159 0.045446
0.6151324 0.1440593 0.7617142 1072.000000 3 0.516182 0.429082 0.054737
-0.4328107 -0.4103553 -0.7828881 2681.000000 3 0.242451 0.629012 0.128537
-0.3811121 0.6876161 -0.6067296 2558.000000 3 0.089851 0.467045 0.443103
0.8991485 -0.19014 0.3784748 819.000000 3 0.040011 0.022933 0.937057
0.4542144 0.1549441 -0.86386 190.000000 3 0.414218 0.398520 0.187261
0.7889271 0.4751755 -0.3602722 529.000000 3 0.213579 0.327675 0.458746
0.8489032 -0.00119852 0.5136142 904.000000 3 0.012287 0.446265 0.541448
0.5926421 -0.6511914 -0.4494549 374.000000 3 0.028180 0.881867 0.089953
-0.1697864 0.9633498 0.1609841 1723.000000 3 0.249884 0.652552 0.097564
-0.4575838 -0.7827948 -0.409753 2380.000000 3 0.134937 0.048069 0.816995
0.8824733 -0.2380998 -0.3627289 466.000000 3 0.453402 0.078159 0.468438
0.966225 -0.1973818 -0.07484075 628.000000 3 0.068556 0.572900 0.358544
0.9583476 -0.1264817 -0.1959472 612.000000 3 0.100527 0.619099 0.280375
-0.7583009 0.09104314 0.6301393 1746.000000 3 0.933345 0.010680 0.055975
-0.674196 0.07458867 0.7225629 1721.000000 3 0.523923 0.415377 0.060700
-0.5899072 -0.0531616 -0.793326 2522.000000 3 0.026674 0.518322 0.455004
-0.9679691 -0.1752762 0.1162101 2076.000000 3 0.182165 0.633334 0.184501
-0.8560297 0.4979825 -0.0277189 2192.000000 3 0.075540 0.678460 0.246000
0.4265219 -0.8906379 -0.05908918 544.000000 3 0.086727 0.763070 0.150203
0.01602094 0.7407534 0.6548393 1312.000000 3 0.369330 0.129884 0.500785
-0.5654016 0.1907138 -0.7934514 2506.000000 3 0.039454 0.261503 0.699043
-0.01048173 -0.6179016 0.7760804 1353.000000 3 0.243991 0.659591 0.096418
0.8926685 -0.3534533 0.2539515 798.000000 3 0.323150 0.020851 0.655999
-0.3430927 0.02993133 0.9306873 1553.000000 3 0.362550 0.038315 0.599135
-0.8796147 0.3007172 -0.3400034 2282.000000 3 0.587388 0.273896 0.138716
0.504813 0.3924338 0.7550166 1048.000000 3 0.543506 0.168575 0.287919
-0.2263355 -0.7720155 -0.5816528 2778.000000 3 0.854073 0.013949 0.131978
-0.5816092 0.7335682 0.3183979 1950.000000 3 0.375705 0.110738 0.513557
0.5214299 0.7866474 -0.3092838 368.000000 3 0.472629 0.160920 0.366451
0.06749575 0.8344111 -0.5313498 66.000000 3 0.082443 0.577739 0.339819
0.5577025 0.215617 0.7900631 1066.000000 3 0.120737 0.397241 0.482022
0.2476054 -0.6950394 -0.664133 234.000000 3 0.141555 0.087422 0.771023
-0.2169289 0.3521782 -0.8974791 20.000000 3 0.539993 0.321092 0.138915
-0.8305819 -0.4658517 -0.2628867 2203.000000 3 0.159084 0.590765 0.250152
0.5645049 -0.3637102 0.731258 2093.000000 3 0.014269 0.280428 0.705303
-0.3618446 0.0969173 0.9159561 1590.000000 3 0.703318 0.158058 0.138624
0.2406546 0.4295804 -0.8550546 115.000000 3 0.076600 0.426175 0.497224
-0.471956 0.6060203 -0.6260375 2557.000000 3 0.051337 0.766937 0.181726
0.3622438 -0.1443423 0.9110373 1218.000000 3 0.363590 0.154698 0.481712
-0.05153621 0.7351511 -0.6662233 2860.000000 3 0.279350 0.694063 0.026587
0.6717441 -0.7229073 -0.073154 568.000000 3 0.217069 0.351516 0.431415
0.5997773 0.3681978 0.694394 1058.000000 3 0.336729 0.252618 0.410653
0.6795833 -0.3045863 -0.6528789 329.000000 3 0.374915 0.546463 0.078622
-0.8364213 0.513739 0.1247795 2048.000000 3 0.046307 0.897448 0.056245
-0.8986123 -0.3745783 -0.1956796 2322.000000 3 0.078293 0.037738 0.883969
0.7286616 -0.2264689 -0.632615 363.000000 3 0.679256 0.105454 0.215290
-0.01794226 -0.5294189 0.8386007 1452.000000 3 0.012265 0.282110 0.705624
0.445671 0.5214513 -0.7119244 1820.000000 3 0.013406 0.644863 0.341731
-0.8810546 0.3835118 -0.2440967 2262.000000 3 0.018864 0.703617 0.277519
0.1329062 0.7127581 -0.6740845 91.000000 3 0.380926 0.476640 0.142434
0.8691972 -0.1155308 0.4593357 906.000000 3 0.810396 0.143190 0.046413
-0.4357983 0.7313105 -0.5010452 2538.000000 3 0.001426 0.926299 0.072276
0.2971781 -0.9239275 0.1855604 870.000000 3 0.002113 0.894230 0.103657
-0.5216527 0.6698997 -0.5119685 2538.000000 3 0.172122 0.152084 0.675795
-0.2241712 0.6665324 -0.6966142 2722.000000 3 0.539253 0.143265 0.317482
-0.395053 -0.8794509 -0.2221904 2272.000000 3 0.034828 0.933261 0.031911
0.38585 0.8999922 0.1573629 668.000000 3 0.387335 0.340484 0.272181
-0.9332261 0.2206072 -0.2488112 2280.000000 3 0.276501 0.390143 0.333356
-0.6401762 0.5893748 -0.4771627 2434.000000 3 0.039033 0.872510 0.088457
0.486506 0.1522891 0.8466941 1106.000000 3 0.060639 0.617067 0.322294
0.5174304 -0.4220227 0.7320926 1154.000000 3 0.017572 0.668352 0.314077
0.4285829 -0.2445641 0.855504 3170.000000 3 0.886311 0.059942 0.053747
0.2318214 -0.7958339 0.5475056 1177.000000 3 0.326090 0.082112 0.591798
0.53811 0.8280498 -0.0541633 687.000000 3 0.034046 0.724090 0.241864
-0.5395745 0.827114 -0.02488217 2985.000000 3 0.377331 0.169215 0.453454
0.9560805 -0.08757403 -0.2358924 613.000000 3 0.188551 0.227210 0.584239
-0.5747476 0.4026978 -0.6947674 2578.000000 3 0.557695 0.344450 0.097854
-0.2736026 -0.6948448 0.6527594 1534.000000 3 0.589248 0.246404 0.164348
-0.8493812 0.3567051 0.3653399 1850.000000 3 0.191874 0.101204 0.706922
-0.9467646 -0.01083348 0.2943209 1928.000000 3 0.818245 0.166592 0.015163
0.1741388 -0.7372943 -0.6400626 10.000000 3 0.528634 0.027324 0.444042
0.4653549 0.05550925 -0.8718153 193.000000 3 0.025803 0.422583 0.551614
0.6313354 -0.05798351 -0.7558609 310.000000 3 0.577404 0.097734 0.324861
0.4467093 0.8512585 0.2581608 963.000000 3 0.751433 0.120054 0.128513
0.3432941 0.8851918 0.277944 3043.000000 3 0.392352 0.483181 0.124467
0.2989553 -0.9237751 -0.2102436 554.000000 3 0.111129 0.111531 0.777340
-0.1752708 0.9344407 0.2861848 1480.000000 3 0.100931 0.103608 0.795461
-0.5055369 -0.2654854 0.8117247 1635.000000 3 0.024878 0.876339 0.098783
0.476355 -0.8165091 0.2930212 862.000000 3 0.300925 0.368657 0.330418
-0.2253688 -0.6637381 0.6987722 1530.000000 3 0.577431 0.109839 0.312730
0.9707123 0.09637524 -0.1445076 606.000000 3 0.908363 0.044305 0.047332
0.5069727 -0.6021263 0.6010216 986.000000 3 0.411874 0.172821 0.415305
-0.1866639 0.7957764 -0.5647231 2714.000000 3 0.263821 0.271329 0.464850
0.594386 0.7853709 0.04074222 685.000000 3 0.061163 0.750002 0.188835
0.9488755 -0.05618521 -0.2852201 452.000000 3 0.670287 0.000771 0.328943
-0.2065673 0.5995179 -0.7607142 2729.000000 3 0.648677 0.140027 0.211297
-0.01444626 0.9767679 0.1674497 1478.000000 3 0.492682 0.055954 0.451364
-0.02658444 0.3000709 -0.9447289 396.000000 3 0.760815 0.121083 0.118102
-0.731086 -0.4793703 -0.4577696 2490.000000 3 0.347818 0.426673 0.225509
-0.7040973 -0.04942986 0.6969838 1755.000000 3 0.075153 0.456637 0.468210
0.7743398 -0.003557824 0.6195248 938.000000 3 0.836730 0.054710 0.108559
0.6358094 0.4672714 -0.5934919 402.000000 3 0.078902 0.660968 0.260130
-0.1082936 0.2988007 -0.9393883 2804.000000 3 0.293184 0.521980 0.184836
-0.9489506 0.2761682 0.08621172 2055.000000 3 0.321940 0.258111 0.419949
-0.07177164 0.941067 0.2893852 1481.000000 3 0.019540 0.363070 0.617390
-0.1423231 -0.4425241 -0.8724912 2843.000000 3 0.368591 0.234486 0.396923
-0.9691032 0.1852807 0.1057523 2063.000000 3 0.087801 0.873116 0.039083
0.8213502 -0.4113482 0.3675674 830.000000 3 0.576711 0.285216 0.138073
0.1803687 0.1732088 0.9569654 2976.000000 3 0.386269 0.504309 0.109422
-0.6700759 0.5427577 -0.4885107 2433.000000 3 0.478408 0.141225 0.380367
-0.2111355 0.9171602 0.3171722 1502.000000 3 0.237539 0.027293 0.735168
0.06369708 0.9874058 -0.02570772 147.000000 3 0.353816 0.258767 0.387417
0.9047914 0.1106322 0.3855012 580.000000 3 0.380144 0.327594 0.292262
0.6353253 -0.4976892 -0.5752391 347.000000 3 0.564211 0.356141 0.079648
-0.503004 0.5553077 -0.6434456 2572.000000 3 0.291644 0.689709 0.018647
-0.7926242 -0.5276307 -0.2660742 2208.000000 3 0.327235 0.488285 0.184480
-0.5469718 -0.7004801 -0.4324458 2419.000000 3 0.281188 0.482574 0.236238
0.4732805 0.2309955 -0.8370746 268.000000 3 0.358717 0.374743 0.266540
-0.9694345 0.150679 0.1432364 2060.000000 3 0.102876 0.643614 0.253510
0.404763 0.2016756 0.8794878 1186.000000 3 0.785987 0.068340 0.145674
0.2800092 -0.4530818 -0.8357936 213.000000 3 0.235330 0.578421 0.186250
0.9797567 -0.06531531 -0.08491667 2659.000000 3 0.230882 0.504592 0.264526
-0.437953 -0.6026744 0.65438 1664.000000 3 0.019415 0.893820 0.086764
0.2702032 0.7693673 -0.5585665 224.000000 3 0.448839 0.337871 0.213290
0.4582937 0.5466184 0.6850571 1042.000000 3 0.258421 0.376823 0.364756
0.1598368 -0.2929173 0.9338531 616.000000 3 0.085171 0.127696 0.787133
0.8698692 -0.2077716 -0.4084297 466.000000 3 0.342748 0.521628 0.135623
-0.6394137 -0.3549919 -0.6632406 2488.000000 3 0.049753 0.442845 0.507402
0.4944382 -0.3481503 0.7809523 2756.000000 3 0.416033 0.527678 0.056289
-0.7049656 -0.2285911 -0.6547635 2487.000000 3 0.058188 0.274868 0.666944
-0.5849111 0.4571293 0.6503922 1688.000000 3 0.631249 0.295786 0.072965
-0.1171555 0.9574916 -0.2283155 2648.000000 3 0.263175 0.515891 0.220934
-0.7259299 0.1349866 0.6613467 1743.000000 3 0.728857 0.122267 0.148877
0.171638 0.9680528 -0.1318012 172.000000 3 0.238268 0.136967 0.624765
0.2319465 -0.5207406 -0.8111831 83.000000 3 0.312492 0.317693 0.369815
-0.1495359 0.2608238 -0.9456489 2802.000000 3 0.835247 0.088607 0.076147
0.4650622 0.5892279 0.6476777 1030.000000 3 0.870453 0.070986 0.058561
-0.6001748 0.7885148 0.02860637 2018.000000 3 0.525338 0.083221 0.391441
-0.1239516 -0.1940245 0.9641505 1438.000000 3 0.637517 0.011014 0.351469
-0.8868531 0.3327421 -0.2879358 2278.000000 3 0.509008 0.293841 0.197151
-0.904943 -0.3839224 -0.1356193 2158.000000 3 0.026305 0.489656 0.484039
0.03007049 -0.6151516 -0.7794271 257.000000 3 0.766653 0.139019 0.094328
0.9558514 0.1376632 0.2145578 728.000000 3 0.170281 0.379959 0.449761
0.3675585 0.05618803 0.9189228 1115.000000 3 0.229140 0.528480 0.242380
0.3060247 -0.6294227 -0.6994786 229.000000 3 0.083431 0.644381 0.272188
0.5396097 -0.5978115 -0.5773534 275.000000 3 0.467305 0.309475 0.223220
0.5156149 0.8150834 -0.2301948 632.000000 3 0.105723 0.363950 0.530327
-0.4099921 0.9025161 -0.02037638 2002.000000 3 0.372357 0.145600 0.482043
0.1383887 0.9031651 -0.3803339 64.000000 3 0.465019 0.081959 0.453022
-0.6693825 0.4624555 0.5639244 1728.000000 3 0.097829 0.607016 0.295154
0.2601405 -0.9250722 0.2319752 887.000000 3 0.082250 0.667302 0.250448
-0.8743557 -0.227948 0.4059268 1816.000000 3 0.352278 0.137627 0.510095
0.4468734 0.8010666 0.3722258 1098.000000 3 0.230756 0.337811 0.431434
0.3078454 0.01016647 -0.9398037 142.000000 3 0.472115 0.102333 0.425552
-0.06545258 -0.135168 0.9784633 1434.000000 3 0.579509 0.082195 0.338297
-0.9167703 0.04594284 0.3761888 1914.000000 3 0.435407 0.035584 0.529009
0.6945901 0.6961022 -0.1202324 520.000000 3 0.174706 0.098019 0.727275
0.175362 0.9439504 0.2331929 1129.000000 3 0.110329 0.468766 0.420904
0.4128945 0.8970527 0.09471226 667.000000 3 0.465331 0.047522 0.487147
-0.6058569 -0.6158099 0.4844573 1803.000000 3 0.121184 0.675722 0.203093
0.5464033 -0.6021459 0.5620992 982.000000 3 0.589718 0.024890 0.385392
0.1819285 -0.06325062 -0.9698867 159.000000 3 0.075667 0.597470 0.326864
-0.5361121 0.7393591 0.3878948 1794.000000 3 0.136189 0.159514 0.704296
0.4178295 0.7821481 -0.4343815 349.000000 3 0.492251 0.472167 0.035582
-0.8454402 -0.3142176 -0.4139006 2364.000000 3 0.696940 0.032078 0.270982
0.4856446 0.8409834 0.2161898 960.000000 3 0.124444 0.381266 0.494291
-0.9293439 0.0980659 0.326795 1915.000000 3 0.016020 0.550501 0.433479
-0.4561676 -0.7862707 0.3965475 1681.000000 3 0.456202 0.166533 0.377264
0.4617263 0.8612385 -0.1741241 475.000000 3 0.088173 0.895551 0.016276
-0.6097007 0.7575315 0.1693466 1952.000000 3 0.464474 0.487821 0.047706
0.4859473 -0.1147744 0.8546703 1116.000000 3 0.086507 0.716794 0.196699
0.4360009 -0.5593508 0.6870161 1166.000000 3 0.575960 0.042850 0.381191
-0.2957498 -0.9288366 -0.1713853 2291.000000 3 0.258705 0.578511 0.162785
0.02404587 0.5649148 0.8091655 855.000000 3 0.596862 0.059593 0.343545
-0.0006360607 0.03621333 -0.987823 2818.000000 3 0.548760 0.371578 0.079662
0.6628156 0.6779972 -0.2809823 518.000000 3 0.182484 0.585513 0.232004
-0.1728077 0.8749954 0.4161826 1502.000000 3 0.345433 0.578057 0.076510
0.11785 0.9451512 0.264375 1133.000000 3 0.227304 0.424484 0.348213
-0.6045325 0.6407099 0.453189 1808.000000 3 0.054931 0.669687 0.275383
0.4992733 -0.03161364 0.8552544 1118.000000 3 0.262253 0.487193 0.250554
0.3757263 0.08125473 -0.9117008 186.000000 3 0.275457 0.413795 0.310749
-0.4860986 -0.7442852 -0.4396105 2422.000000 3 0.091534 0.339880 0.568586
-0.7842261 0.5577151 -0.2199877 2244.000000 3 0.005501 0.885148 0.109351
-0.7786245 0.3938659 -0.4670658 2386.000000 3 0.816949 0.109149 0.073902
-0.968679 0.0543517 0.2050167 1925.000000 3 0.183944 0.434567 0.381489
0.3154178 0.7936254 0.4929745 1018.000000 3 0.303013 0.231329 0.465659
0.3896046 0.9098454 -0.04117257 648.000000 3 0.194311 0.234153 0.571536
0.9215813 -0.3114919 0.1664258 2667.000000 3 0.426279 0.117903 0.455818
0.2882268 0.3421845 -0.8829335 129.000000 3 0.465540 0.166167 0.368293
0.4297156 -0.8232763 0.3538719 996.000000 3 0.115898 0.010532 0.873570
-0.5020037 0.7552468 -0.3934211 2408.000000 3 0.779467 0.056675 0.163858
-0.4963842 0.2827534 -0.8091562 2610.000000 3 0.524920 0.410059 0.065021
-0.3824588 -0.8465253 -0.3445955 2392.000000 3 0.846328 0.150580 0.003092
-0.4120867 -0.06315982 0.8990037 1605.000000 3 0.571434 0.271924 0.156642
0.2041481 0.3134097 -0.9172066 26.000000 3 0.577987 0.133244 0.288769
0.9381704 -0.0137089 -0.3191477 452.000000 3 0.120011 0.271136 0.608853
0.9637328 0.2251802 0.02943961 714.000000 3 0.371722 0.124303 0.503974
0.9671729 -0.2164751 -0.01945721 628.000000 3 0.343901 0.037130 0.618969
-0.4443496 -0.8084482 -0.3618097 2392.000000 3 0.221536 0.388509 0.389954
-0.2823651 0.8434533 -0.4394754 2664.000000 3 0.082471 0.237595 0.679934
0.7977844 -0.1004237 -0.5817444 358.000000 3 0.255062 0.203064 0.541875
-0.04805268 -0.7026079 0.7012081 1356.000000 3 0.032915 0.656209 0.310876
0.7259902 -0.5151373 -0.4370069 481.000000 3 0.116753 0.875648 0.007600
-0.03217093 0.9166132 -0.3760903 62.000000 3 0.303277 0.117298 0.579425
-0.9076951 -0.2510265 -0.3038715 2320.000000 3 0.596643 0.187720 0.215637
-0.3497518 -0.5385431 -0.7494582 2686.000000 3 0.619293 0.336628 0.044079
0.2603276 -0.3930256 0.8694759 1244.000000 3 0.640455 0.114360 0.245185
0.4930359 0.7102953 -0.4815199 366.000000 3 0.011825 0.603993 0.384182
-0.5016518 -0.03639852 -0.8541186 2636.000000 3 0.216138 0.559719 0.224143
0.7014393 0.1334393 -0.6860975 435.000000 3 0.046084 0.601655 0.352261
-0.3978201 0.5888916 -0.694778 2561.000000 3 0.222695 0.191105 0.586200
-0.08030924 -0.6595867 -0.7336721 2782.000000 3 0.029915 0.547035 0.423050
0.5087108 -0.4714324 0.7029115 1153.000000 3 0.017180 0.366247 0.616573
0.1110766 0.4013679 -0.8974854 16.000000 3 0.409326 0.180221 0.410453
-0.5484484 -0.5244262 0.6355751 1654.000000 3 0.169484 0.546980 0.283536
0.9215199 -0.3444019 -0.12376 496.000000 3 0.019042 0.413823 0.567136
0.1115274 -0.7056454 -0.6870106 11.000000 3 0.557311 0.352237 0.090453
0.7078617 -0.1445616 -0.6780064 354.000000 3 0.442358 0.298588 0.259055
0.9187896 -0.16153 0.3364696 790.000000 3 0.157708 0.456182 0.386109
-0.09159607 -0.05383968 0.984224 1433.000000 3 0.261726 0.360121 0.378153
-0.9746227 -0.1762337 -0.03728814 2136.000000 3 0.189515 0.211861 0.598624
-0.1242465 -0.1021794 0.9769452 1437.000000 3 0.142532 0.622156 0.235312
0.9417328 0.1231219 -0.27097 558.000000 3 0.185267 0.671961 0.142773
-0.7720577 0.4272535 0.4511034 1840.000000 3 0.240923 0.740105 0.018972
0.2537707 0.4964634 -0.8143531 117.000000 3 0.363800 0.563523 0.072677
0.8737341 -0.4110845 0.2070104 676.000000 3 0.260937 0.086604 0.652460
0.7103138 -0.6180584 -0.303771 486.000000 3 0.094845 0.676249 0.228905
0.09000849 -0.3408948 -0.9220465 54.000000 3 0.476809 0.352751 0.170440
0.09990554 0.9113419 0.3738813 1150.000000 3 0.020005 0.305705 0.674290
0.2425842 0.8624732 0.4156144 1146.000000 3 0.396915 0.226415 0.376671
0.004738736 0.1375623 -0.9806528 2816.000000 3 0.241311 0.260461 0.498228
-0.3229811 -0.8741768 -0.3367322 2580.000000 3 0.616605 0.099952 0.283444
-0.07167589 0.374398 0.9077927 1406.000000 3 0.753806 0.166206 0.079988
0.304765 -0.4998683 0.7972337 1163.000000 3 0.271126 0.487560 0.241313
0.3871212 0.4083768 -0.8150846 118.000000 3 0.213762 0.160716 0.625522
0.659679 -0.3610577 -0.6432818 328.000000 3 0.291745 0.337199 0.371056
0.06103496 0.9888424 0.06912111 146.000000 3 0.276605 0.121130 0.602265
0.5363418 0.5715061 -0.607027 384.000000 3 0.149325 0.039248 0.811428
-0.4263861 0.1809392 -0.8760468 2626.000000 3 0.140452 0.478852 0.380696
0.3888057 -0.2848306 0.8637775 1007.000000 3 0.701273 0.204696 0.094030
-0.3530807 -0.0324414 0.9252546 3192.000000 3 0.627392 0.321473 0.051135
0.7011918 0.5387601 -0.4428327 406.000000 3 0.214788 0.160797 0.624416
0.8667793 0.1064566 0.4646878 896.000000 3 0.011806 0.898262 0.089932
0.1286283 0.9542153 -0.2268191 169.000000 3 0.010085 0.502440 0.487475
-0.8656663 -0.1781597 -0.4491121 2352.000000 3 0.170634 0.639007 0.190359
0.5518547 0.4176683 0.7040552 1044.000000 3 0.363732 0.485961 0.150307
0.6917473 0.7089459 -0.01723332 690.000000 3 0.003699 0.389068 0.607233
0.4691505 -0.6710669 0.5595962 989.000000 3 0.305216 0.294987 0.399798
0.3714716 -0.8959169 -0.201576 540.000000 3 0.627907 0.171838 0.200254
-0.7826224 0.4897169 -0.3591397 2264.000000 3 0.502553 0.162211 0.335236
0.03567789 -0.8917779 -0.4320377 2796.000000 3 0.115036 0.512881 0.372083
-0.9179493 0.07386433 -0.3671372 2303.000000 3 0.182912 0.635292 0.181796
0.9723335 0.1285096 0.1128197 725.000000 3 0.517896 0.136675 0.345429
0.7375982 0.6464678 0.1387041 706.000000 3 0.832282 0.103314 0.064404
-0.2233334 0.9519272 -0.1517163 2472.000000 3 0.707203 0.224662 0.068135
-0.7011197 0.689846 0.113002 2016.000000 3 0.503026 0.214930 0.282044
0.9523972 -0.2361293 0.1120346 658.000000 3 0.431187 0.244282 0.324530
0.2361874 -0.9355786 -0.2253925 184.000000 3 0.123486 0.465485 0.411029
-0.5041412 -0.08782668 0.8471916 1610.000000 3 0.365948 0.537661 0.096392
-0.8421876 0.1730321 -0.492438 2338.000000 3 0.185705 0.432365 0.381930
0.3917909 -0.2524221 -0.8745581 178.000000 3 0.605664 0.102290 0.292045
-0.3731192 0.6492848 -0.6524124 2558.000000 3 0.791264 0.159816 0.048919
0.7930838 0.4051956 0.436744 1002.000000 3 0.047324 0.116172 0.836504
0.5717854 -0.7967113 -0.1227372 570.000000 3 0.589906 0.082130 0.327964
0.773935 -0.1582509 0.5966696 942.000000 3 0.374374 0.317709 0.307917
0.03168576 -0.9883826 0.0556485 775.000000 3 0.472564 0.258315 0.269120
-0.1412876 0.1641136 -0.9676563 2810.000000 3 0.279280 0.430515 0.290204
-0.1619476 -0.1361059 -0.9665079 2704.000000 3 0.265751 0.613915 0.120335
0.1734191 0.8470575 -0.4875241 71.000000 3 0.506081 0.052602 0.441318
0.09806259 0.2420086 0.9525956 1343.000000 3 0.081710 0.431893 0.486397
0.4823632 0.6181781 0.6046153 1026.000000 3 0.200275 0.484010 0.315716
0.4014697 0.4986908 -0.7511895 253.000000 3 0.046203 0.424535 0.529262
-0.6614195 -0.5097502 0.5310219 1788.000000 3 0.531397 0.313636 0.154967
-0.249776 0.6175861 0.7326949 1554.000000 3 0.910828 0.045068 0.044104
-0.8198824 -0.4179354 0.3651922 1828.000000 3 0.390608 0.609015 0.000376
0.5692978 0.05678175 0.8086264 1079.000000 3 0.419065 0.301930 0.279005
0.915691 -0.3540027 0.07382961 660.000000 3 0.322899 0.641217 0.035885
0.837115 -0.5243397 -0.02483212 3186.000000 3 0.254274 0.670312 0.075414
-0.006908387 0.9262933 0.3468058 1477.000000 3 0.128987 0.401595 0.469417
-0.8217087 0.005631868 -0.5588289 2448.000000 3 0.057736 0.026640 0.915624
0.68387 0.1948518 -0.6929134 292.000000 3 0.117606 0.001858 0.880536
0.6912264 0.3952425 -0.5854014 408.000000 3 0.141502 0.454248 0.404249
-0.6234843 -0.749145 0.1620508 1982.000000 3 0.325071 0.329943 0.344987
-0.6720867 -0.5663489 0.4585794 1804.000000 3 0.163633 0.754893 0.081474
-0.5812128 0.2674582 0.7573589 1698.000000 3 0.130775 0.471417 0.397808
-0.2327812 0.8688318 0.4118958 1505.000000 3 0.302858 0.649625 0.047518
-0.640103 -0.3979228 -0.633877 2909.000000 3 0.285817 0.345127 0.369056
0.2747989 -0.3986723 -0.8681598 213.000000 3 0.130914 0.044872 0.824215
0.3313594 -0.7666865 0.5339574 1178.000000 3 0.006393 0.914301 0.079306
-0.98014 0.1552691 -0.0009725327 2121.000000 3 0.051257 0.371711 0.577032
-0.6916953 -0.08836821 -0.704939 2517.000000 3 0.140100 0.812523 0.047377
-0.355669 0.2185386 0.897789 1592.000000 3 0.666644 0.011709 0.321647
0.1678624 -0.3707775 0.9029766 3024.000000 3 0.421396 0.267880 0.310725
-0.1294686 0.9800591 -0.05988993 2455.000000 3 0.126010 0.771366 0.102623
0.6260029 0.2106197 0.7371286 1239.000000 3 0.099890 0.342245 0.557865
0.5081618 -0.7908573 -0.3011777 3038.000000 3 0.804512 0.075978 0.119510
-0.3983119 0.7868463 0.4471643 1658.000000 3 0.732531 0.082657 0.184812
-0.1570255 -0.59057 -0.7803859 2864.000000 3 0.525611 0.233286 0.241104
-0.6675169 0.6648211 -0.3044903 2246.000000 3 0.097040 0.290789 0.612172
0.5491056 0.421167 -0.7075368 281.000000 3 0.361867 0.186736 0.451397
-0.2369331 -0.814553 -0.5155721 2566.000000 3 0.127327 0.236172 0.636501
0.1105263 -0.9282466 -0.3235518 182.000000 3 0.372302 0.168369 0.459329
0.4516802 0.698979 0.5270241 1014.000000 3 0.089637 0.596892 0.313471
-0.385217 -0.7046002 0.5791923 1668.000000 3 0.050670 0.244861 0.704469
0.1675276 -0.9194129 0.3372073 1332.000000 3 0.039234 0.163440 0.797326
0.1491804 -0.3597532 -0.9086169 58.000000 3 0.501803 0.433140 0.065058
0.8239261 -0.18278 -0.5095928 465.000000 3 0.525388 0.125466 0.349146
0.06222586 0.007571317 -0.9907691 2818.000000 3 0.216913 0.077872 0.705215
-0.9239578 -0.01377917 0.3636989 1928.000000 3 0.038979 0.211889 0.749132
0.9886869 0.0137204 0.0356527 1821.000000 3 0.549092 0.268004 0.182905
0.4978633 -0.8494405 0.1195912 867.000000 3 0.231779 0.336635 0.431586
0.8099861 -0.508952 0.2496541 806.000000 3 0.215127 0.736418 0.048455
0.6855905 -0.03315368 0.7163322 1083.000000 3 0.333698 0.117415 0.548886
-0.396162 -0.1158946 0.9006112 1602.000000 3 0.600738 0.210379 0.188883
0.9892803 -0.04649568 0.000600562 735.000000 3 0.082938 0.420561 0.496501
0.9368152 -0.06977713 0.3116727 784.000000 3 0.715570 0.008851 0.275580
-0.4514134 -0.03244384 0.8807018 1607.000000 3 0.528723 0.454519 0.016758
0.09216047 0.986775 0.02757091 146.000000 3 0.699322 0.092581 0.208098
0.9648749 -0.1590864 -0.1354642 618.000000 3 0.377782 0.601221 0.020996
-0.944382 -0.2490696 0.1643883 2091.000000 3 0.747158 0.099251 0.153591
0.456267 -0.3461091 -0.8082651 209.000000 3 0.550718 0.031980 0.417301
-0.2026974 -0.05730577 -0.9671875 2703.000000 3 0.434115 0.004875 0.561010
0.4541929 -0.7911508 0.387119 996.000000 3 0.372496 0.288483 0.339021
-0.303553 -0.9394985 0.08873583 1913.000000 3 0.595653 0.394840 0.009506
-0.1213072 0.005548632 0.9833073 1426.000000 3 0.771010 0.100937 0.128053
-0.3599709 0.340664 -0.858678 2618.000000 3 0.383515 0.061084 0.555401
0.03664563 -0.6688455 -0.7298834 8.000000 3 0.236016 0.253905 0.510079
0.48796 0.8220487 -0.2811083 506.000000 3 0.014273 0.120851 0.864876
-0.6547872 0.1515729 0.7270255 1714.000000 3 0.437901 0.045943 0.516157
0.9470949 0.2248846 -0.1778117 603.000000 3 0.454422 0.069748 0.475830
-0.03210048 -0.2480092 0.9581834 1442.000000 3 0.023000 0.850469 0.126530
0.1108275 0.1793385 -0.96618 32.000000 3 0.723822 0.163734 0.112444
-0.6444704 -0.746022 0.1087576 2043.000000 3 0.199436 0.488184 0.312380
0.8264571 -0.5243488 -0.1532857 502.000000 3 0.509236 0.167951 0.322814
-0.7810163 -0.0265136 -0.6095943 2462.000000 3 0.477572 0.407713 0.114714
0.5747375 0.5234857 -0.6117716 405.000000 3 0.342026 0.184637 0.473337
0.02360418 0.8638057 -0.4814719 60.000000 3 0.333626 0.353625 0.312749
-0.1890045 0.9642878 -0.1149064 2475.000000 3 0.299770 0.410437 0.289794
0.2382812 0.6556009 -0.7104633 3047.000000 3 0.800943 0.151019 0.048038
0.2151295 0.6299663 0.7320976 1190.000000 3 0.549830 0.433222 0.016948
0.9311413 -0.02202098 0.3395809 784.000000 3 0.226570 0.178581 0.594849
0.2269161 -0.03400074 0.9642136 1226.000000 3 0.013272 0.335813 0.650916
-0.4719958 -0.8506008 -0.1861265 2270.000000 3 0.382641 0.067815 0.549545
-0.1759527 -0.3285443 -0.9173393 2826.000000 3 0.597083 0.316637 0.086280
-0.4720588 0.1959298 0.8439163 1594.000000 3 0.563773 0.090566 0.345661
-0.3122444 -0.657281 -0.6731825 2598.000000 3 0.090005 0.444554 0.465442
0.8004727 -0.2454967 0.5305148 951.000000 3 0.012694 0.529214 0.458092
0.8391104 -0.1230988 0.5128489 911.000000 3 0.622964 0.322499 0.054537
-0.4292206 -0.7733574 0.4438193 1680.000000 3 0.328518 0.516745 0.154737
-0.2593367 -0.9524045 -0.04435822 2114.000000 3 0.532226 0.301071 0.166703
-0.716054 0.301302 -0.6164302 2438.000000 3 0.649200 0.203810 0.146990
-0.5958713 0.4362919 -0.6512063 3011.000000 3 0.124449 0.648321 0.227230
-0.1801767 -0.8675486 0.4450347 1581.000000 3 0.260247 0.673481 0.066271
-0.1331013 -0.465434 0.8633909 1460.000000 3 0.482405 0.472026 0.045569
-0.2311207 0.8664482 -0.4219627 2664.000000 3 0.057772 0.710132 0.232096
0.8352265 -0.5264388 -0.09829018 503.000000 3 0.295405 0.063879 0.640716
-0.4201635 0.3136711 0.8375429 1588.000000 3 0.187060 0.647406 0.165534
0.1510297 -0.4082287 -0.8857484 3075.000000 3 0.680069 0.259416 0.060515
-0.2068486 0.3943388 0.8817633 1396.000000 3 0.180872 0.194790 0.624338
-0.7857898 -0.07624152 0.5968298 1760.000000 3 0.159262 0.622341 0.218396
-0.5825174 -0.7290621 -0.3392259 2378.000000 3 0.124897 0.284048 0.591055
0.4441697 0.7934229 -0.3870681 352.000000 3 0.670233 0.143529 0.186238
-0.1188925 -0.5096608 0.8430718 1462.000000 3 0.076773 0.791436 0.131791
0.6308448 0.4476952 0.6132354 1013.000000 3 0.118516 0.454803 0.426681
-0.5694699 -0.2485218 0.7703745 3021.000000 3 0.168164 0.059442 0.772394
0.5045937 0.4399809 -0.7284153 277.000000 3 0.052873 0.393412 0.553714
0.3947249 0.7677816 -0.4791391 348.000000 3 0.051835 0.638804 0.309361
0.175641 -0.9522656 -0.1989438 181.000000 3 0.058660 0.468618 0.472723
-0.9683651 0.2168553 -0.007241422 2940.000000 3 0.766394 0.171085 0.062521
-0.6641245 -0.7381501 -0.02038726 2181.000000 3 0.693185 0.076928 0.229887
-0.632715 -0.5126086 -0.5538654 2497.000000 3 0.324603 0.361596 0.313800
-0.338928 -0.7636143 0.5283111 1562.000000 3 0.197074 0.494302 0.308624
0.7814373 0.6059555 0.0646642 702.000000 3 0.064442 0.443192 0.492366
-0.1966334 0.2287641 0.9423236 1414.000000 3 0.202574 0.553216 0.244210
-0.6457403 -0.6486273 -0.3779858 2412.000000 3 0.693106 0.111677 0.195216
0.7726651 -0.5756404 -0.2280499 513.000000 3 0.848538 0.054974 0.096487
-0.7324454 0.6630617 -0.08386192 2241.000000 3 0.129541 0.585645 0.284813
-0.7627114 0.5286975 0.3454883 1989.000000 3 0.543057 0.118660 0.338283
0.9733641 -0.09823006 0.1533603 741.000000 3 0.021069 0.399214 0.579717
0.5314274 -0.757005 -0.3356836 2908.000000 3 0.104821 0.786714 0.108465
-0.873414 -0.3550781 0.3084991 967.000000 3 0.483032 0.427292 0.089677
0.3902954 0.8508517 -0.3185494 334.000000 3 0.265460 0.381112 0.353428
-0.6422451 0.7417243 -0.1104 2215.000000 3 0.116506 0.338827 0.544667
-0.6181445 0.6332159 -0.4475109 2428.000000 3 0.467154 0.500419 0.032427
0.7763172 0.05502978 -0.6054107 438.000000 3 0.715415 0.232403 0.052182
-0.9026556 0.2723858 -0.3039997 2283.000000 3 0.529045 0.334366 0.136589
-0.3634288 -0.880294 -0.2658434 2388.000000 3 0.546239 0.234056 0.219704
0.9515357 0.2783587 0.02629565 599.000000 3 0.192323 0.744550 0.063127
0.8558512 -0.173811 -0.456466 464.000000 3 0.519805 0.357624 0.122571
-0.2057937 0.4079916 -0.8781852 2740.000000 3 0.466974 0.432649 0.100377
0.8121968 -0.5692291 -0.06173488 698.000000 3 0.021647 0.127590 0.850762
0.4033426 0.9049405 0.01956764 649.000000 3 0.078352 0.535556 0.386092
0.2461622 0.8049949 0.5256547 1022.000000 3 0.281239 0.043734 0.675027
-0.1571099 -0.8760813 -0.4310336 2745.000000 3 0.694609 0.005055 0.300337
0.07052857 0.3077661 0.9376943 1340.000000 3 0.534688 0.214441 0.250871
-0.371323 -0.916073 -0.06714619 2269.000000 3 0.264338 0.108527 0.627135
-0.9567127 -0.04979971 0.2493783 1930.000000 3 0.510531 0.091934 0.397536
-0.1701546 -0.1241044 0.9685234 1439.000000 3 0.342260 0.498901 0.158839
-0.9775015 0.05608056 -0.1546125 2129.000000 3 0.599805 0.175050 0.225145
0.4916818 -0.6118597 -0.6052563 273.000000 3 0.560294 0.348147 0.091560
0.4409357 0.8903313 -0.02395297 666.000000 3 0.149431 0.083704 0.766866
-0.1849637 0.9751314 -0.01161666 2474.000000 3 0.272285 0.067251 0.660464
0.7097411 -0.6810883 -0.1216082 640.000000 3 0.426262 0.568126 0.005612
-0.3071911 -0.4191337 -0.8398042 2684.000000 3 0.104575 0.285693 0.609732
0.6941278 0.4888555 0.5009077 1008.000000 3 0.876396 0.110530 0.013074
0.5659602 -0.6391318 -0.5003332 375.000000 3 0.299762 0.654719 0.045519
0.5229591 0.7590142 0.3776241 992.000000 3 0.125653 0.053153 0.821194
-0.6816084 0.07782998 -0.714498 2502.000000 3 0.553792 0.244096 0.202112
0.2232923 0.955691 0.112092 792.000000 3 0.460627 0.461978 0.077396
-0.4007338 0.03841671 0.9036846 1596.000000 3 0.260693 0.046734 0.692572
-0.2818418 0.1387932 -0.9384869 2770.000000 3 0.575394 0.421457 0.003149
-0.2398449 0.962458 0.04822744 2085.000000 3 0.213012 0.120649 0.666339
-0.5010598 0.855406 0.07171115 1998.000000 3 0.010371 0.456286 0.533343
0.369036 0.9058591 -0.1358234 460.000000 3 0.597566 0.062091 0.340343
-0.7411245 -0.660874 -0.01079816 2166.000000 3 0.465586 0.092932 0.441482
0.3787116 -0.3396278 -0.849476 205.000000 3 0.042283 0.510511 0.447206
-0.04576529 0.9065372 0.3853573 1496.000000 3 0.403160 0.425617 0.171223
0.2409761 0.4350967 0.849093 1201.000000 3 0.316067 0.324327 0.359606
-0.7599695 -0.02936845 0.6351085 1757.000000 3 0.277706 0.606356 0.115939
-0.4018494 -0.6382784 0.6408151 1662.000000 3 0.581845 0.356176 0.061978
-0.1906691 -0.9103581 -0.3360947 2742.000000 3 0.266056 0.442779 0.291165
0.02424394 -0.7821385 -0.6020093 2789.000000 3 0.256296 0.308409 0.435295
0.2109935 0.1064665 0.9625171 2882.000000 3 0.247796 0.057510 0.694693
-0.06484155 -0.9470742 0.2804923 1544.000000 3 0.215520 0.475712 0.308769
-0.503871 -0.4118177 -0.7413867 3182.000000 3 0.350001 0.163110 0.486888
-0.8748157 -0.4510489 0.1069216 2009.000000 3 0.234742 0.136636 0.628621
-0.9290358 0.1339769 -0.3132082 2296.000000 3 0.624835 0.064298 0.310867
-0.3723052 0.9164371 0.05114023 2086.000000 3 0.755469 0.132914 0.111618
0.4433019 -0.2332586 -0.8570559 206.000000 3 0.151132 0.268125 0.580743
-0.3958033 0.5183124 0.7369723 1570.000000 3 0.413719 0.452545 0.133736
-0.9450427 -0.1812517 -0.238906 2310.000000 3 0.136851 0.379134 0.484014
-0.9093627 0.3848628 -0.06953748 2194.000000 3 0.765830 0.031553 0.202616
0.08779293 -0.9739682 0.1811529 1345.000000 3 0.051724 0.025826 0.922450
0.6497422 0.2532178 0.7009147 2988.000000 3 0.355627 0.536822 0.107551
0.5324309 -0.8326302 0.03445619 592.000000 3 0.096438 0.535926 0.367636
-0.7287412 0.5679237 0.3623178 1969.000000 3 0.028872 0.358083 0.613044
0.003170342 -0.7514335 -0.6387789 2789.000000 3 0.341690 0.624660 0.033650
0.3359302 -0.5255811 0.765691 1162.000000 3 0.147802 0.555701 0.296497
0.02975068 -0.2904265 0.9474414 2914.000000 3 0.736759 0.227640 0.035601
-0.3094258 0.4438531 -0.8287236 2730.000000 3 0.221002 0.482221 0.296777
0.1670312 -0.9602467 0.172736 882.000000 3 0.103631 0.456425 0.439944
-0.7802062 -0.1263401 0.5983357 1761.000000 3 0.885594 0.078828 0.035578
0.1973575 -0.1183646 -0.9621192 156.000000 3 0.182983 0.452267 0.364750
-0.9178538 -0.1301899 0.3487996 1926.000000 3 0.380011 0.283957 0.336033
0.1883589 -0.183062 -0.9571137 156.000000 3 0.073389 0.035886 0.890725
-0.3060318 0.853601 0.4023772 1776.000000 3 0.286098 0.342190 0.371712
0.04390019 0.9066303 0.3989812 1497.000000 3 0.009238 0.207912 0.782851
0.1817046 -0.5207106 -0.8220642 81.000000 3 0.879308 0.021103 0.099589
0.9625617 -0.2307172 0.03022428 656.000000 3 0.102822 0.604860 0.292318
-0.4735413 0.6908817 -0.5258931 2544.000000 3 0.479568 0.138400 0.382032
0.2301221 -0.918933 -0.2866108 262.000000 3 0.633464 0.083103 0.283433
0.1597756 -0.6520795 0.727338 1296.000000 3 0.265816 0.454297 0.279887
-0.4679083 -0.8587512 0.1437658 1888.000000 3 0.566779 0.321681 0.111540
-0.1274005 0.05914816 0.9777585 2971.000000 3 0.201468 0.667882 0.130650
-0.8800119 -0.1012288 -0.4417813 2346.000000 3 0.230110 0.731970 0.037920
0.797701 0.3023893 -0.4982154 428.000000 3 0.405309 0.433121 0.161570
-0.451259 0.3839348 -0.7963772 2604.000000 3 0.044342 0.827427 0.128231
0.7454473 -0.1732663 -0.6316361 362.000000 3 0.696883 0.198758 0.104359
0.4410777 -0.4704263 0.7479728 1153.000000 3 0.028588 0.930379 0.041033
0.7649524 0.5581639 0.2801901 748.000000 3 0.014976 0.572150 0.412874
-0.6581974 -0.6727533 0.3009382 1318.000000 3 0.260961 0.519920 0.219119
0.6332045 -0.5740779 -0.506274 375.000000 3 0.123532 0.008151 0.868317
0.2767052 -0.223515 -0.9221231 176.000000 3 0.536771 0.294786 0.168444
-0.4921337 0.4383196 -0.7386222 2579.000000 3 0.188795 0.624973 0.186232
0.05693284 -0.01406634 0.9890324 1264.000000 3 0.144522 0.456130 0.399347
-0.7666147 -0.6031745 -0.1761012 2229.000000 3 0.199841 0.494995 0.305164
-0.3608332 -0.64959 -0.6536069 2598.000000 3 0.702389 0.122675 0.174936
-0.2561987 -0.58376 -0.758966 2602.000000 3 0.391410 0.129367 0.479223
0.8635389 -0.4597531 0.09382842 676.000000 3 0.784181 0.192199 0.023619
-0.9666634 -0.03714506 -0.2190667 2307.000000 3 0.403428 0.111847 0.484725
-0.1623899 0.6198025 0.7486169 3112.000000 3 0.549239 0.231666 0.219095
0.6527789 0.5121648 0.5302987 1366.000000 3 0.019804 0.783362 0.196834
0.002705713 -0.853378 0.5020384 1334.000000 3 0.293106 0.182274 0.524620
0.9292892 -0.1701947 -0.3042285 455.000000 3 0.238896 0.058457 0.702647
0.3617857 0.6536193 0.6507691 1028.000000 3 0.517764 0.452906 0.029330
-0.1879997 -0.7527177 0.6193497 1539.000000 3 0.566568 0.341892 0.091541
-0.4130814 -0.8538259 0.2968661 1887.000000 3 0.144731 0.321200 0.534069
0.8451124 0.3156943 0.4076407 879.000000 3 0.375362 0.247782 0.376856
-0.6144112 0.1508698 0.7604711 1714.000000 3 0.258469 0.605326 0.136205
0.336625 -0.8691498 0.3371521 1052.000000 3 0.006160 0.767894 0.225946
-0.9548974 0.2658 0.01887446 2941.000000 3 0.571334 0.173108 0.255559
-0.8581517 -0.3399521 0.3568436 967.000000 3 0.019349 0.957936 0.022715
0.2089611 0.3367461 0.9034866 1210.000000 3 0.516204 0.396809 0.086986
0.08826135 -0.9467942 -0.268293 134.000000 3 0.692094 0.052765 0.255140
0.3859353 0.3625157 -0.8377683 130.000000 3 0.269425 0.186382 0.544193
-0.413067 -0.1688972 0.8851568 1608.000000 3 0.265631 0.142809 0.591559
-0.2993425 0.9061543 -0.2765704 2534.000000 3 0.124310 0.256916 0.618774
-0.8292038 -0.5240377 0.1414503 3157.000000 3 0.641187 0.012693 0.346120
0.8776571 -0.04428035 0.4570193 905.000000 3 0.337451 0.433568 0.228980
0.1305902 0.8280879 0.5275918 1278.000000 3 0.222737 0.659653 0.117610
-0.08331306 -0.961386 0.221956 1545.000000 3 0.131210 0.218700 0.650090
-0.9544003 -0.0918342 -0.2471265 2305.000000 3 0.175636 0.459185 0.365179
0.9442824 0.2734999 -0.124611 594.000000 3 0.129108 0.463532 0.407360
-0.8966134 0.06653069 -0.4144928 2334.000000 3 0.266297 0.415754 0.317949
-0.5137934 0.7932441 0.2899269 1830.000000 3 0.619585 0.315577 0.064837
0.8887748 -0.2955639 0.325792 816.000000 3 0.757101 0.066408 0.176491
0.5386078 -0.6751218 -0.4775799 372.000000 3 0.448135 0.457424 0.094441
-0.1912435 0.2114017 -0.9506594 2759.000000 3 0.141758 0.176586 0.681655
-0.5557024 0.2310403 0.7876827 1712.000000 3 0.019508 0.413927 0.566566
-0.3144798 -0.796063 0.4952861 1565.000000 3 0.906602 0.027651 0.065747
-0.05651616 -0.1857859 0.9722406 1434.000000 3 0.053564 0.554897 0.391539
0.1172066 0.9579889 0.2160522 1131.000000 3 0.218086 0.351109 0.430805
-0.6697939 -0.6842036 0.2466354 1963.000000 3 0.460674 0.518218 0.021108
0.9587059 0.2019418 -0.1331159 602.000000 3 0.444086 0.494832 0.061082
-0.5701691 -0.6214972 -0.5090225 2416.000000 3 0.756734 0.077888 0.165378
-0.9822954 0.06674868 -0.105925 2125.000000 3 0.294563 0.217526 0.487911
0.8963259 0.3813652 -0.1510651 2958.000000 3 0.398379 0.336299 0.265322
-0.7582797 0.04088433 -0.6360779 2449.000000 3 0.336070 0.468844 0.195086
-0.2169488 -0.7015891 0.6669749 1530.000000 3 0.061179 0.640006 0.298816
-0.05547236 -0.09100472 -0.9849678 2821.000000 3 0.660210 0.195734 0.144057
0.2311904 -0.9516366 -0.1619829 180.000000 3 0.035061 0.920661 0.044278
-0.853142 0.4322206 -0.2475597 2262.000000 3 0.565336 0.180376 0.254287
-0.5247619 0.1070262 -0.8338016 2623.000000 3 0.291594 0.088633 0.619773
-0.5496712 -0.06609315 0.8225857 1610.000000 3 0.686273 0.001770 0.311957
-0.6023211 -0.4138065 -0.6639112 1134.000000 3 0.070712 0.582361 0.346927
-0.6203441 0.1796335 -0.7521181 2507.000000 3 0.055275 0.828428 0.116298
0.3331506 0.5670987 0.7385657 1188.000000 3 0.158568 0.400080 0.441352
0.3015816 -0.3115317 0.8886878 1230.000000 3 0.153781 0.605828 0.240391
0.2118526 0.7476245 0.614302 1290.000000 3 0.506307 0.358119 0.135574
0.9812331 -0.01459274 -0.102283 2981.000000 3 0.026384 0.420875 0.552741
-0.7857965 -0.5992786 0.09061255 2027.000000 3 0.615835 0.212850 0.171315
0.7501724 0.2784256 0.5818338 912.000000 3 0.044625 0.840797 0.114577
-0.5457838 0.5451529 -0.6159393 2570.000000 3 0.137760 0.765485 0.096755
0.2943166 -0.5809624 -0.7478924 230.000000 3 0.125039 0.503906 0.371055
0.7587728 0.3009341 -0.5550184 424.000000 3 0.886518 0.038204 0.075277
-0.1306969 0.9692964 -0.1561594 2477.000000 3 0.570606 0.033204 0.396190
-0.6313202 0.4607668 0.6079893 1728.000000 3 0.850917 0.071285 0.077798
-0.7254114 0.4827996 -0.473664 2384.000000 3 0.916952 0.014260 0.068788
-0.5807838 -0.7896713 -0.154201 2189.000000 3 0.053753 0.634288 0.311959
0.8742566 0.3265098 -0.3305501 551.000000 3 0.319968 0.673483 0.006549
0.118558 -0.9820793 -0.001127541 776.000000 3 0.494091 0.232976 0.272933
0.6502192 0.4989741 -0.5499668 407.000000 3 0.617625 0.114299 0.268077
0.585507 -0.2942564 -0.7403603 319.000000 3 0.144013 0.755147 0.100839
-0.0709651 0.002727609 0.9881848 1962.000000 3 0.315221 0.053000 0.631779
0.2471351 0.8341584 0.4752718 1102.000000 3 0.040314 0.168620 0.791066
-0.4532829 -0.6047142 -0.6379154 2552.000000 3 0.461236 0.039028 0.499736
0.3455692 -0.262035 0.8906103 1233.000000 3 0.388376 0.454046 0.157578
0.4553786 -0.6275924 0.6152789 1167.000000 3 0.252378 0.743559 0.004063
-0.6512594 0.02945696 0.7465213 1720.000000 3 0.389819 0.452975 0.157206
-0.9857209 -0.08733622 -0.04316891 2131.000000 3 0.313971 0.232529 0.453499
0.1117159 0.8885604 0.4237997 1280.000000 3 0.014939 0.699901 0.285160
-0.1872733 -0.8171012 -0.5322712 2778.000000 3 0.057174 0.087305 0.855520
-0.1354156 0.7160115 0.6662202 1062.000000 3 0.096305 0.283859 0.619837
-0.3606613 0.7612935 0.5156454 1659.000000 3 0.755151 0.198355 0.046493
-0.5612073 -0.8167732 -0.03484447 2184.000000 3 0.213723 0.565747 0.220529
-0.1780639 0.5664396 -0.7952849 2728.000000 3 0.015931 0.226673 0.757396
-0.3366965 -0.2505871 0.8965172 3089.000000 3 0.410037 0.285601 0.304362
-0.4288606 -0.7439176 0.4872848 1683.000000 3 0.030550 0.507467 0.461983
0.2371612 0.822117 -0.5014424 350.000000 3 0.154836 0.050658 0.794506
-0.08014137 -0.9817438 -0.1198297 153.000000 3 0.256249 0.161977 0.581774
-0.5025377 -0.8561361 -0.005950166 2199.000000 3 0.549623 0.168161 0.282216
-0.4491819 -0.269466 -0.835585 78.000000 3 0.484294 0.126771 0.388935
0.4844146 0.8637806 -0.001716509 686.000000 3 0.260918 0.229405 0.509677
0.6846963 0.4393638 -0.5585918 408.000000 3 0.641000 0.126052 0.232948
-0.1341165 0.8483727 -0.5001669 2832.000000 3 0.489897 0.194911 0.315192
-0.9533182 0.1722972 -0.2158387 2294.000000 3 0.042300 0.345183 0.612518
-0.7395942 0.324492 -0.5767695 2438.000000 3 0.097948 0.470357 0.431695
0.7864521 0.1514717 0.5839905 926.000000 3 0.081945 0.668726 0.249329
-0.7307174 0.2537443 -0.6226426 2441.000000 3 0.749727 0.114834 0.135439
-0.2534187 0.01781988 0.9586422 1548.000000 3 0.235318 0.594664 0.170018
-0.9903225 0.04340554 0.02693848 2069.000000 3 0.413434 0.169357 0.417209
0.2903377 -0.8643711 -0.3880053 260.000000 3 0.358264 0.244682 0.397054
-0.2590711 0.7240778 0.6285469 1519.000000 3 0.124659 0.152138 0.723203
-0.9109635 0.3261873 -0.2159265 2277.000000 3 0.585608 0.210499 0.203894
0.2687761 -0.7894068 -0.5346106 106.000000 3 0.071815 0.704921 0.223264
-0.8108482 0.5398033 -0.1655648 2258.000000 3 0.248781 0.325536 0.425683
0.4544993 0.7397079 0.4702699 1017.000000 3 0.755240 0.220339 0.024421
-0.6221293 -0.1741294 0.7511858 1627.000000 3 0.274486 0.695970 0.029544
0.2714806 0.9365885 -0.1662936 457.000000 3 0.843168 0.045004 0.111828
0.9544021 -0.04065216 0.2651424 782.000000 3 0.371822 0.625854 0.002324
0.03862152 -0.5340785 0.8357154 1289.000000 3 0.298971 0.049858 0.651171
-0.9729621 -0.03534448 0.1932923 2073.000000 3 0.001912 0.361065 0.637022
0.1864322 0.4220833 -0.8753918 108.000000 3 0.028192 0.274110 0.697698
-0.8125411 -0.3445958 0.4464282 1818.000000 3 0.406185 0.265867 0.327948
-0.4644791 0.114318 -0.8668418 2627.000000 3 0.011889 0.169072 0.819040
0.488138 -0.2957064 -0.8111433 209.000000 3 0.016955 0.928177 0.054868
-0.009825332 0.5400085 -0.8317225 2794.000000 3 0.180254 0.577395 0.242352
-0.06359448 0.9819698 0.109772 1724.000000 3 0.615024 0.244300 0.140675
-0.7780279 -0.612142 -0.06739767 2171.000000 3 0.480056 0.091191 0.428752
-0.3999046 0.8653844 -0.2778563 2370.000000 3 0.053266 0.667477 0.279257
0.900308 0.3915427 -0.0757461 2657.000000 3 0.161150 0.629616 0.209234
0.4130729 -0.8759753 0.1978446 869.000000 3 0.252928 0.002350 0.744723
-0.4800442 0.6696827 0.5387468 1679.000000 3 0.254483 0.351734 0.393782
-0.5431459 0.3198462 0.764207 1686.000000 3 0.192678 0.189470 0.617853
0.7689129 0.6234859 -0.04309547 645.000000 3 0.281600 0.240504 0.477895
-0.8289517 -0.3691354 0.3955029 1819.000000 3 0.008096 0.847358 0.144547
-0.3251608 -0.8704042 0.3416391 1694.000000 3 0.135640 0.621321 0.243039
-0.4523771 0.140128 0.8654624 1594.000000 3 0.975932 0.008527 0.015541
-0.1801695 -0.005266111 0.9768812 1426.000000 3 0.091524 0.046098 0.862378
-0.5698317 -0.1110396 0.8025348 1620.000000 3 0.568993 0.276947 0.154061
-0.6195737 -0.247557 0.7279286 888.000000 3 0.757080 0.017894 0.225026
0.5978606 -0.1852449 -0.7649672 316.000000 3 0.765437 0.161854 0.072709
0.9307303 -0.267492 0.2087842 662.000000 3 0.732242 0.019538 0.248221
-0.2680575 -0.6218559 0.7217107 1528.000000 3 0.855543 0.133649 0.010808
0.7059371 0.6889805 0.08093549 707.000000 3 0.227619 0.667685 0.104696
0.6842598 -0.71429 0.07941271 710.000000 3 0.267898 0.555925 0.176177
-0.6340593 0.09720303 0.7537028 1719.000000 3 0.190427 0.744056 0.065517
-0.4606256 -0.4426812 -0.7505809 3182.000000 3 0.013816 0.004965 0.981220
-0.02842609 -0.6679012 0.73261 1350.000000 3 0.119799 0.387104 0.493097
0.5039998 -0.1344612 -0.8433509 2973.000000 3 0.409771 0.228517 0.361712
-0.4692243 0.05427527 -0.8699033 2628.000000 3 0.556413 0.408713 0.034874
-0.6131231 -0.1622272 -0.7616028 2934.000000 3 0.483458 0.401539 0.115004
0.8497955 -0.4709995 0.1485 680.000000 3 0.183840 0.627506 0.188653
0.9624587 0.2113476 0.07911237 714.000000 3 0.195173 0.570041 0.234786
-0.9733263 -0.187691 0.03669437 2080.000000 3 0.277291 0.108626 0.614084
0.1833139 0.01043878 0.9758692 1254.000000 3 0.106132 0.042925 0.850943
-0.492581 0.8215397 0.2531503 1833.000000 3 0.671979 0.244592 0.083429
-0.7905383 0.0518888 -0.5936399 2448.000000 3 0.531947 0.034300 0.433753
-0.6362277 0.7271374 0.2063476 821.000000 3 0.931841 0.066883 0.001277
0.2497145 -0.852482 0.4409903 1054.000000 3 0.513978 0.388312 0.097710
0.3018372 0.4993636 -0.7953193 117.000000 3 0.297709 0.199411 0.502880
-0.6045153 0.0345963 0.7828397 1716.000000 3 0.318923 0.382064 0.299013
0.370037 0.2006618 -0.8958765 264.000000 3 0.049429 0.639688 0.310883
0.1090691 0.799464 0.576437 1294.000000 3 0.163753 0.802981 0.033266
0.8031049 -0.5658146 -0.1246017 514.000000 3 0.238086 0.237291 0.524623
-0.2207608 -0.8899227 -0.3736975 2742.000000 3 0.717798 0.133475 0.148726
-0.7917389 -0.4653577 0.3733644 1825.000000 3 0.597811 0.261165 0.141023
-0.3923841 -0.2763291 -0.8616714 2660.000000 3 0.027985 0.617053 0.354962
-0.9871616 0.02776484 -0.07435349 2124.000000 3 0.284636 0.483715 0.231649
0.3145519 -0.1363671 0.928255 1224.000000 3 0.600209 0.073583 0.326208
-0.8287719 0.1099167 -0.53196 2342.000000 3 0.682261 0.176499 0.141241
0.5443646 0.6758822 0.4792586 995.000000 3 0.151818 0.572814 0.275368
-0.5696311 0.2865399 -0.7572373 2595.000000 3 0.079426 0.463330 0.457245
0.8664523 0.2390866 -0.4146515 546.000000 3 0.376480 0.350382 0.273138
-0.9032695 -0.2166058 0.3514161 1941.000000 3 0.132915 0.139976 0.727109
0.392585 0.3270771 0.8486513 1184.000000 3 0.510260 0.066240 0.423500
0.9756725 -0.1465378 -0.05918046 623.000000 3 0.622511 0.055091 0.322397
0.1631543 -0.6905491 0.6936048 1302.000000 3 0.162644 0.177055 0.660301
0.1635053 0.3800369 -0.9017782 22.000000 3 0.054837 0.056215 0.888948
-0.02196451 -0.5386944 -0.8273443 2849.000000 3 0.323301 0.448060 0.228639
0.4536705 0.668042 0.5695792 1020.000000 3 0.165226 0.457001 0.377774
-0.2375463 -0.882418 0.3793475 1579.000000 3 0.379827 0.465226 0.154947
-0.2083204 0.04689241 0.9684758 1427.000000 3 0.109303 0.525683 0.365014
-0.7154712 -0.6335607 -0.258231 2226.000000 3 0.049097 0.942637 0.008266
0.06520332 -0.7159302 0.6825502 2921.000000 3 0.216169 0.305885 0.477946
-0.5654946 0.6774209 0.4500943 1809.000000 3 0.090476 0.362546 0.546978
-0.06033337 0.3940278 -0.9098202 12.000000 3 0.145118 0.173853 0.681030
0.3867611 -0.9054682 -0.09679869 545.000000 3 0.110288 0.349565 0.540147
0.7705706 -0.2946894 0.5460766 948.000000 3 0.645659 0.288713 0.065628
-0.2780924 0.946096 -0.1037896 2361.000000 3 0.841093 0.003927 0.154980
0.3018012 -0.8669057 0.3742382 1053.000000 3 0.342631 0.482810 0.174559
0.05319188 0.361342 -0.9194118 23.000000 3 0.011320 0.762941 0.225740
0.2819576 0.7969618 -0.5134014 350.000000 3 0.087914 0.492055 0.420031
0.01342684 -0.8367343 -0.5296075 2801.000000 3 0.340100 0.148101 0.511799
-0.755131 0.1040222 -0.6318057 2450.000000 3 0.039171 0.894156 0.066673
-0.3132218 -0.9383926 0.03320817 1912.000000 3 0.398105 0.302907 0.298987
0.3855915 0.6989836 0.5836541 1021.000000 3 0.247210 0.594844 0.157946
0.7607697 -0.1168385 -0.625095 358.000000 3 0.664298 0.321683 0.014019
-0.5295148 -0.1671931 -0.8227016 2634.000000 3 0.076313 0.128554 0.795133
0.4540261 -0.8488113 0.2247329 868.000000 3 0.362790 0.631227 0.005983
0.9235698 0.3182312 -0.1745836 2958.000000 3 0.087480 0.111643 0.800876
-0.9120833 0.09750079 0.3777079 1914.000000 3 0.995451 0.004096 0.000453
0.9262837 -0.236555 -0.2628516 494.000000 3 0.219681 0.098581 0.681739
-0.9605337 -0.2441503 -0.004904713 2145.000000 3 0.135792 0.432983 0.431225
-0.6301051 -0.6787182 0.3545696 2926.000000 3 0.065679 0.580104 0.354217
-0.4270013 0.1835678 0.8704545 1594.000000 3 0.532074 0.453278 0.014647
-0.1673599 0.4426898 -0.8706307 2741.000000 3 0.566218 0.306396 0.127386
0.9836002 -0.09804434 0.03601577 732.000000 3 0.580745 0.414800 0.004455
0.5651967 -0.2198552 -0.7812377 320.000000 3 0.531857 0.392836 0.075307
0.522173 -0.7347484 -0.3959836 2652.000000 3 0.603435 0.030751 0.365814
-0.07216464 0.3416363 -0.9304364 2896.000000 3 0.562825 0.014754 0.422422
0.9029971 -0.2376002 0.3344077 802.000000 3 0.564255 0.198372 0.237373
-0.2139477 -0.9475255 -0.1988159 2290.000000 3 0.550507 0.384712 0.064782
-0.6799256 0.6705704 -0.2502294 2242.000000 3 0.446349 0.141403 0.412248
0.542995 -0.3055099 -0.7681601 319.000000 3 0.549870 0.092281 0.357848
0.9494702 0.1688172 -0.2163043 603.000000 3 0.223564 0.680491 0.095945
-0.5811065 -0.2906893 0.7437097 2960.000000 3 0.680948 0.305005 0.014047
0.01490047 0.4975966 -0.8583677 2794.000000 3 0.687016 0.019700 0.293285
0.004463183 -0.917875 0.3657095 1336.000000 3 0.706124 0.133470 0.160406
-0.4514464 0.4948645 -0.7290592 2576.000000 3 0.526812 0.108153 0.365036
0.2081989 -0.7696647 0.5922547 1177.000000 3 0.025611 0.844856 0.129533
0.0540176 -0.6486275 0.7473041 1305.000000 3 0.655140 0.091532 0.253328
-0.09970026 0.9792479 -0.1067784 2458.000000 3 0.635206 0.068042 0.296752
0.3667225 0.106915 0.9123439 1112.000000 3 0.448585 0.382795 0.168620
0.6394448 0.7508016 0.003123593 684.000000 3 0.038413 0.553300 0.408287
-0.4107667 -0.371905 0.8245834 2891.000000 3 0.064932 0.205976 0.729091
0.6672987 -0.7211304 -0.1237825 568.000000 3 0.199138 0.779265 0.021598
-0.7289857 0.3888598 -0.5520315 2386.000000 3 0.198017 0.033084 0.768899
0.5631132 -0.7930744 -0.1840866 564.000000 3 0.408458 0.258419 0.333123
-0.5202194 0.7711691 0.3396083 1830.000000 3 0.549539 0.057095 0.393366
-0.4277381 -0.5127958 -0.7220799 2682.000000 3 0.550161 0.144599 0.305240
0.1139109 -0.3862579 0.9086918 1246.000000 3 0.059970 0.192902 0.747129
-0.2534272 -0.01292471 -0.9575718 2698.000000 3 0.131984 0.538741 0.329274
-0.8117461 0.4385798 -0.362798 2267.000000 3 0.091432 0.710647 0.197921
0.3362683 0.7862798 -0.492475 351.000000 3 0.031451 0.704427 0.264123
0.7603698 0.5839313 0.2358611 815.000000 3 0.085505 0.267973 0.646522
0.818624 -0.5192463 0.1783752 681.000000 3 0.234138 0.172090 0.593771
-0.07203477 0.9724007 0.1685833 1724.000000 3 0.221763 0.713740 0.064497
0.9101772 -0.02517718 0.3948997 903.000000 3 0.287713 0.066815 0.645472
-0.7366248 -0.6271383 -0.2093377 2227.000000 3 0.203917 0.339557 0.456526
0.1983173 -0.9003648 0.3722859 1326.000000 3 0.406212 0.024773 0.569015
-0.5390266 0.04769061 -0.8306861 2622.000000 3 0.348998 0.139911 0.511091
-0.9627479 -0.2278688 -0.06083591 2144.000000 3 0.287526 0.528245 0.184229
0.04049859 -0.7939715 0.5922934 1325.000000 3 0.574755 0.226457 0.198788
-0.04347033 -0.7734142 -0.6090326 2788.000000 3 0.078445 0.883793 0.037761
0.8513021 -0.2574029 -0.4144555 466.000000 3 0.711613 0.159011 0.129376
-0.8126509 0.5685791 -0.03762434 3107.000000 3 0.596052 0.048613 0.355336
0.693144 0.2437347 -0.6630107 420.000000 3 0.397323 0.119565 0.483112
0.271744 0.6184411 -0.7297475 254.000000 3 0.048200 0.153069 0.798731
0.2462667 -0.8893493 -0.3592868 260.000000 3 0.225749 0.726986 0.047265
-0.561375 -0.7531642 0.3158866 1977.000000 3 0.686140 0.246679 0.067180
-0.8374055 -0.5237076 -0.09250657 2161.000000 3 0.281486 0.548874 0.169640
0.3382252 0.3354848 0.8642664 1208.000000 3 0.303609 0.521125 0.175266
-0.698099 -0.5940974 -0.3777689 2234.000000 3 0.404613 0.074774 0.520613
-0.9827607 0.08558548 0.08841736 2065.000000 3 0.273743 0.031357 0.694899
0.1266578 0.9782593 0.1003427 796.000000 3 0.085696 0.487028 0.427276
-0.1073935 -0.9878776 0.004891226 150.000000 3 0.524577 0.002448 0.472975
0.4512852 0.8763739 0.1193107 670.000000 3 0.149565 0.757070 0.093366
-0.6430382 -0.2809607 0.6962819 2499.000000 3 0.567386 0.257177 0.175436
0.9590001 -0.1923592 0.1690664 742.000000 3 0.191197 0.037776 0.771026
-0.7381115 -0.2462927 -0.6075009 2482.000000 3 0.537250 0.280635 0.182115
0.4142275 -0.6651547 0.6026422 1164.000000 3 0.268845 0.311193 0.419962
-0.5665598 -0.4680721 -0.6579254 1636.000000 3 0.730040 0.170253 0.099708
0.9753017 0.1643052 0.02198289 723.000000 3 0.268430 0.106052 0.625518
0.2423109 -0.1833024 -0.9413902 162.000000 3 0.121430 0.291482 0.587088
-0.9807895 -0.05004819 0.134604 2072.000000 3 0.095404 0.769617 0.134979
0.03726723 -0.3430521 -0.926735 49.000000 3 0.015821 0.416369 0.567810
-0.760073 0.4436066 -0.4554147 2387.000000 3 0.563295 0.282310 0.154395
-0.2393544 -0.7296503 0.6277108 1541.000000 3 0.271371 0.552381 0.176248
-0.5246225 0.8105454 0.2160372 1835.000000 3 0.448257 0.198307 0.353436
0.0724889 -0.1853077 0.9720289 1270.000000 3 0.747201 0.127467 0.125332
-0.2800436 -0.8439713 0.4322659 1583.000000 3 0.169131 0.724649 0.106220
-0.3240225 -0.5866292 -0.7263033 2603.000000 3 0.098104 0.573352 0.328544
-0.3399151 0.1668486 0.9145812 1593.000000 3 0.474036 0.101551 0.424414
0.5572259 0.8150447 0.02126891 687.000000 3 0.938786 0.034956 0.026257
-0.747058 -0.4327259 0.4862122 1790.000000 3 0.423231 0.150314 0.426455
0.00574502 -0.2912549 -0.9455233 48.000000 3 0.245359 0.556108 0.198533
0.1238323 0.9808223 -0.07045354 149.000000 3 0.417765 0.056580 0.525655
0.2189672 0.9525687 -0.1568759 459.000000 3 0.354702 0.382972 0.262326
0.5561293 -0.8162436 -0.02054924 575.000000 3 0.159858 0.144346 0.695796
0.5834314 0.4723079 -0.6462173 278.000000 3 0.913591 0.056067 0.030341
0.2611083 -0.01109404 -0.9534929 160.000000 3 0.114996 0.770642 0.114362
0.6796473 0.5581629 0.4547565 1004.000000 3 0.459503 0.509201 0.031295
0.09687412 -0.8741647 -0.4550114 121.000000 3 0.057965 0.293039 0.648996
0.3585885 -0.9014677 0.1788315 870.000000 3 0.506419 0.329510 0.164070
0.2351929 0.9584521 0.04184354 794.000000 3 0.114424 0.869982 0.015593
0.6108458 -0.6142844 -0.4782724 375.000000 3 0.520927 0.014756 0.464318
0.470795 0.8177916 0.3100173 964.000000 3 0.289854 0.440471 0.269675
-0.9930711 -0.00188302 -0.02009769 2132.000000 3 0.187329 0.028956 0.783715
0.4625416 0.7017736 -0.5259883 380.000000 3 0.077897 0.188708 0.733395
-0.2158537 0.7541744 0.6073903 1518.000000 3 0.030119 0.656220 0.313661
0.5499619 0.8111691 0.1397165 688.000000 3 0.350738 0.043169 0.606093
0.4071631 -0.5225407 0.7306324 1158.000000 3 0.401389 0.578959 0.019652
-0.7543735 -0.6441791 0.03629325 2031.000000 3 0.508418 0.190478 0.301104
0.7158635 -0.6819888 -0.06561126 641.000000 3 0.521080 0.030777 0.448143
-0.9223447 -0.1822845 0.3151813 1932.000000 3 0.128049 0.460137 0.411813
0.3810619 -0.7774175 -0.480249 2894.000000 3 0.741994 0.087459 0.170547
0.7104462 -0.5887283 0.3670621 843.000000 3 0.383431 0.108060 0.508508
0.05787456 -0.2389336 0.96077 1276.000000 3 0.553915 0.433197 0.012888
-0.6793119 -0.2778584 -0.6608043 2486.000000 3 0.315698 0.413349 0.270953
-0.747819 -0.5411598 -0.3609544 2212.000000 3 0.165209 0.278642 0.556149
0.8620471 0.2007544 -0.4500828 546.000000 3 0.112768 0.122465 0.764766
-0.3645294 -0.9220845 0.0331143 1894.000000 3 0.418155 0.047090 0.534755
0.9706658 0.09495626 0.1556719 729.000000 3 0.000416 0.783662 0.215922
0.08190796 -0.07160698 -0.9856073 38.000000 3 0.029711 0.525232 0.445058
-0.3666209 -0.4968679 0.7748591 1517.000000 3 0.568717 0.328536 0.102747
0.6051503 -0.7671189 -0.152725 565.000000 3 0.272253 0.441093 0.286654
0.4070927 0.2568952 0.8650254 1187.000000 3 0.561072 0.264570 0.174359
-0.3733915 -0.8962902 0.1988474 1884.000000 3 0.016997 0.424596 0.558407
0.530128 -0.66337 0.5102317 985.000000 3 0.419357 0.266180 0.314464
0.2306525 -0.9566309 0.09143744 765.000000 3 0.154579 0.101490 0.743930
0.4269145 0.1117144 -0.885195 187.000000 3 0.515675 0.452871 0.031454
-0.7894617 0.120304 -0.5869139 2443.000000 3 0.699953 0.050360 0.249687
0.2740597 -0.1711214 0.9370924 1225.000000 3 0.285274 0.663441 0.051285
0.8994662 -0.3581345 0.1912154 2906.000000 3 0.364603 0.605118 0.030279
-0.118394 0.868959 0.4439223 1498.000000 3 0.935572 0.064358 0.000070
0.5612196 -0.5574306 0.5932729 982.000000 3 0.002761 0.415994 0.581245
-0.1007646 0.5706802 0.7967077 1372.000000 3 0.691894 0.253023 0.055083
0.2219522 -0.6515157 0.7136202 1175.000000 3 0.105672 0.672812 0.221516
0.1714758 -0.8458309 -0.4860606 125.000000 3 0.208434 0.638002 0.153564
-0.9535553 -0.2324048 -0.1329248 2146.000000 3 0.401380 0.203901 0.394719
-0.6710512 0.7289923 -0.02758478 2021.000000 3 0.239755 0.247665 0.512580
-0.856151 0.1129865 0.4852999 1855.000000 3 0.474905 0.436302 0.088794
0.7293634 -0.4494804 -0.5000352 482.000000 3 0.071999 0.725913 0.202088
0.4035372 0.6210839 0.6607728 1031.000000 3 0.772100 0.058502 0.169399
-0.5086174 -0.8315054 0.1653203 1984.000000 3 0.797828 0.010857 0.191315
0.222798 -0.964269 -0.06946462 553.000000 3 0.231903 0.276270 0.491827
-0.6532297 0.7226515 -0.1610612 2220.000000 3 0.218151 0.539126 0.242723
-0.1452292 -0.7129095 0.6779571 1382.000000 3 0.091544 0.023724 0.884733
-0.4819692 -0.6007937 0.619352 1666.000000 3 0.582477 0.382287 0.035236
-0.9168805 0.2806555 -0.2469654 2274.000000 3 0.214306 0.698429 0.087265
0.4236915 -0.2996872 -0.8434858 207.000000 3 0.285996 0.362380 0.351624
-0.3649366 0.8896294 -0.247725 2374.000000 3 0.475868 0.456928 0.067204
0.02683606 -0.9845864 -0.08662754 155.000000 3 0.035204 0.607378 0.357418
0.3622794 -0.6160034 0.6796328 1169.000000 3 0.179348 0.179422 0.641230
0.5191025 -0.7098224 -0.4466662 392.000000 3 0.715650 0.051638 0.232711
0.9819624 0.06098034 0.06460032 1143.000000 3 0.097385 0.113758 0.788857
0.2224342 -0.4607535 -0.8457446 45.000000 3 0.109718 0.476645 0.413637
0.848775 0.3009791 -0.4144894 549.000000 3 0.398485 0.453688 0.147827
-0.6991304 -0.7071944 0.00965381 2044.000000 3 0.126524 0.179308 0.694168
0.393348 -0.6553942 -0.628487 239.000000 3 0.767517 0.188637 0.043846
0.09303056 0.8029465 -0.5722693 89.000000 3 0.306520 0.450863 0.242617
0.3307594 -0.8996525 0.239547 875.000000 3 0.839286 0.018194 0.142520
0.2324407 0.8538962 -0.4446127 330.000000 3 0.567820 0.160620 0.271561
0.5950376 0.6408525 0.4677189 994.000000 3 0.131287 0.608993 0.259720
0.7223664 0.4935911 -0.4590187 410.000000 3 0.310423 0.432707 0.256870
-0.988548 0.05348679 -0.0311693 2118.000000 3 0.222868 0.325461 0.451670
-0.453349 -0.1510232 -0.867386 2641.000000 3 0.360713 0.429452 0.209835
-0.9208845 -0.03915924 -0.3656961 2312.000000 3 0.249071 0.152377 0.598552
0.06210041 0.9802135 -0.1330396 145.000000 3 0.002160 0.939142 0.058699
0.8463837 0.1517004 0.4888259 892.000000 3 0.444751 0.095206 0.460044
-0.0811538 0.834664 0.5136014 1494.000000 3 0.019900 0.596703 0.383397
-0.7687393 -0.2072048 -0.5895295 2480.000000 3 0.616113 0.219072 0.164815
-0.02967121 0.8579488 -0.4972712 2837.000000 3 0.188906 0.448680 0.362415
0.6862143 -0.3724417 0.6064571 955.000000 3 0.055310 0.866371 0.078319
-0.3590015 0.8235208 0.4167065 1796.000000 3 0.336950 0.317278 0.345772
-0.1674092 0.8633116 -0.4627391 2675.000000 3 0.620479 0.318897 0.060624
0.1503381 0.9782255 0.009030627 794.000000 3 0.714915 0.203611 0.081475
0.07621718 0.4707987 -0.8682612 15.000000 3 0.174483 0.258168 0.567349
0.07761632 0.9297597 -0.3287593 46.000000 3 0.614747 0.201093 0.184160
0.7112079 0.2942359 -0.6186013 421.000000 3 0.141376 0.371009 0.487615
0.4627784 -0.8596616 0.1684417 866.000000 3 0.008870 0.876846 0.114284
-0.1305177 0.9598254 0.2022022 1722.000000 3 0.583749 0.288999 0.127252
-0.100501 -0.9793466 0.1256289 1546.000000 3 0.111371 0.353449 0.535180
-0.9856352 0.09339681 0.03248987 2067.000000 3 0.127578 0.246811 0.625611
-0.4042524 0.3084904 -0.8489724 2618.000000 3 0.262246 0.527839 0.209915
-0.004771745 -0.7334861 0.6692777 1377.000000 3 0.182273 0.314695 0.503032
-0.2659529 0.9525145 -0.04963264 2360.000000 3 0.355565 0.543058 0.101377
-0.1846751 0.9701107 -0.0626599 2474.000000 3 0.395259 0.324804 0.279937
-0.9730253 0.1782277 -0.06600098 2120.000000 3 0.534855 0.252864 0.212280
0.06087314 0.5189137 -0.8442328 14.000000 3 0.208513 0.233466 0.558020
-0.1136281 0.9760055 0.1314734 1727.000000 3 0.818533 0.179111 0.002355
-0.6565291 0.6979815 0.2419175 821.000000 3 0.353433 0.080909 0.565658
-0.2936027 -0.653073 0.6859887 1533.000000 3 0.780002 0.137304 0.082694
0.1099352 0.9746636 0.1478657 1130.000000 3 0.078307 0.469052 0.452641
0.9780709 0.1122237 0.06396242 3166.000000 3 0.434264 0.241855 0.323881
-0.5236005 0.5068609 -0.6620569 2572.000000 3 0.707177 0.181712 0.111111
-0.002273234 -0.7701002 0.6260388 1374.000000 3 0.889519 0.101701 0.008779
0.770478 0.4605985 -0.422747 413.000000 3 0.050909 0.838934 0.110157
0.4045203 0.7239173 0.5316044 1020.000000 3 0.873207 0.035307 0.091487
0.7898177 -0.5968498 -0.02056009 698.000000 3 0.263387 0.348983 0.387630
0.1150736 0.9684476 -0.1749324 173.000000 3 0.678472 0.116619 0.204909
0.2392728 0.9237027 0.2601407 1148.000000 3 0.569368 0.011496 0.419136
0.8424091 0.4220016 -0.292245 535.000000 3 0.292153 0.216441 0.491406
-0.2717335 0.6915698 -0.6575173 2720.000000 3 0.544341 0.320953 0.134707
-0.06904807 0.2305293 0.9565666 1410.000000 3 0.369663 0.160959 0.469378
-0.9570906 -0.2385719 0.05809785 890.000000 3 0.011626 0.921493 0.066881
0.825444 -0.292645 -0.4434387 462.000000 3 0.014943 0.951305 0.033752
0.3660467 0.2893537 0.8736363 1184.000000 3 0.857371 0.123355 0.019274
0.8400935 -0.2280405 -0.4561204 467.000000 3 0.575121 0.191975 0.232905
-0.745723 0.01984803 0.6519398 1746.000000 3 0.203476 0.481160 0.315365
0.9641939 -0.138282 0.1852937 743.000000 3 0.107207 0.509830 0.382963
-0.6222832 0.4228792 0.6411932 1690.000000 3 0.343274 0.651249 0.005477
0.8430251 -0.4640873 0.218173 680.000000 3 0.441783 0.171152 0.387064
-0.1169706 -0.9480848 0.2620285 1544.000000 3 0.656170 0.001697 0.342134
-0.839337 0.4907964 0.1722315 1995.000000 3 0.333264 0.160941 0.505795
0.3492732 0.7542947 0.5283549 1022.000000 3 0.100361 0.728156 0.171482
-0.2281329 -0.860621 0.4322492 1581.000000 3 0.804929 0.050610 0.144461
0.4538863 -0.5096697 0.7125924 1158.000000 3 0.552804 0.134721 0.312476
-0.120648 -0.9668186 0.1796439 1704.000000 3 0.746440 0.052657 0.200903
0.8539751 0.4845052 0.1103499 747.000000 3 0.269020 0.619456 0.111524
0.4258815 0.864933 -0.2310239 475.000000 3 0.532900 0.133966 0.333134
0.3605163 0.5290721 -0.7517146 255.000000 3 0.141108 0.678375 0.180517
0.2400068 0.04201737 0.9619913 1217.000000 3 0.407997 0.153799 0.438204
-0.2016777 -0.9056617 0.3453 1692.000000 3 0.427245 0.148193 0.424562
0.176318 0.9569823 -0.190043 172.000000 3 0.751776 0.152239 0.095985
0.4855923 0.4025429 -0.7631261 276.000000 3 0.180310 0.429659 0.390031
0.796833 0.4712572 0.3392988 752.000000 3 0.285279 0.567779 0.146942
-0.6498582 0.3936497 -0.6329652 522.000000 3 0.408259 0.149212 0.442530
0.9907521 0.006718285 -0.01981223 610.000000 3 0.047572 0.103447 0.848981
0.001338339 -0.896874 0.4139068 1337.000000 3 0.312344 0.406817 0.280840
0.8625506 -0.3724931 -0.3052707 492.000000 3 0.717851 0.116039 0.166111
0.7885112 -0.4177104 0.4265481 833.000000 3 0.094295 0.513145 0.392560
-0.5196684 -0.8436402 -0.05748774 2201.000000 3 0.313879 0.623570 0.062551
0.5551999 0.1866808 -0.8012077 296.000000 3 0.145371 0.124322 0.730306
0.4746214 -0.09056105 -0.865442 198.000000 3 0.407375 0.576950 0.015675
0.5256265 -0.2851129 0.7883689 2903.000000 3 0.361505 0.091074 0.547420
0.7645312 0.6321118 0.0110033 702.000000 3 0.895032 0.060786 0.044182
0.1588844 0.9757245 0.06084427 797.000000 3 0.670924 0.257896 0.071180
-0.3049104 -0.290467 0.8953239 1493.000000 3 0.590119 0.376020 0.033861
-0.0129981 0.759258 -0.6392728 2861.000000 3 0.362590 0.596415 0.040995
0.0641131 -0.7299073 -0.6646538 9.000000 3 0.535402 0.437973 0.026625
-0.3523341 -0.9067272 -0.1750324 2273.000000 3 0.012083 0.353920 0.633997
0.0505033 -0.3676062 0.9212637 974.000000 3 0.671129 0.241478 0.087393
0.1471173 -0.9798461 -0.05780672 776.000000 3 0.150906 0.100693 0.748401
0.9596449 0.1278886 -0.1880929 600.000000 3 0.486550 0.504527 0.008923
-0.1119908 -0.8934879 -0.4081741 2747.000000 3 0.421324 0.440222 0.138454
-0.7451268 0.5987206 -0.2441413 2245.000000 3 0.485048 0.303530 0.211423
0.8132989 -0.560498 0.006915553 3186.000000 3 0.298730 0.257805 0.443466
-0.1185571 -0.4840192 -0.8529321 2845.000000 3 0.051453 0.038667 0.909880
0.7922052 -0.4388741 -0.3997157 472.000000 3 0.553696 0.025855 0.420449
-0.9558144 -0.2278534 0.1135447 2898.000000 3 0.531774 0.378637 0.089588
-0.837731 0.04629731 -0.5284463 2345.000000 3 0.399304 0.208422 0.392273
-0.6394396 -0.7191399 -0.2425196 2255.000000 3 0.139059 0.749727 0.111214
0.1821817 -0.962733 -0.1458429 180.000000 3 0.212084 0.380257 0.407659
0.1102126 -0.6903779 0.7024692 1302.000000 3 0.208148 0.695614 0.096239
-0.3132261 0.179344 -0.9229118 2768.000000 3 0.470126 0.237974 0.291900
0.2272662 -0.1519402 0.9532044 1229.000000 3 0.600604 0.040494 0.358902
0.1206088 0.5161541 -0.8383045 111.000000 3 0.319091 0.404008 0.276901
-0.8588595 0.4481538 0.1914576 1996.000000 3 0.106513 0.767917 0.125571
0.1973331 0.9078812 -0.3541673 68.000000 3 0.269861 0.048822 0.681317
-0.9676568 -0.1904519 -0.1057085 2140.000000 3 0.856637 0.062441 0.080922
-0.236928 0.03475556 -0.9617577 2776.000000 3 0.126061 0.534860 0.339079
0.9311835 0.2369204 0.2465942 756.000000 3 0.335894 0.088433 0.575673
-0.8482327 -0.2441345 0.4480229 1817.000000 3 0.016743 0.470022 0.513235
0.2383018 0.5431205 -0.7901727 116.000000 3 0.081235 0.663024 0.255742
-0.0299561 -0.6425353 -0.7564199 2782.000000 3 0.010947 0.225257 0.763796
-0.07494699 0.906061 -0.4016733 2834.000000 3 0.251047 0.034979 0.713974
0.9505725 0.005240391 0.2855974 772.000000 3 0.874695 0.077124 0.048181
0.4404238 0.7467977 -0.4757222 349.000000 3 0.096801 0.430255 0.472944
0.6486246 0.1079893 0.7405243 1069.000000 3 0.321214 0.464273 0.214514
0.8281859 0.4485007 0.2876571 751.000000 3 0.726238 0.036966 0.236796
-0.6810096 -0.7218044 0.05562678 2045.000000 3 0.201328 0.652395 0.146276
-0.492427 0.8440489 0.1685521 1835.000000 3 0.011593 0.807539 0.180868
-0.987965 -0.04062194 -0.0671637 2132.000000 3 0.272968 0.624665 0.102367
0.184652 0.4722637 0.8416673 1203.000000 3 0.014169 0.542448 0.443383
-0.05473535 -0.9763602 -0.1631024 132.000000 3 0.094558 0.319979 0.585463
0.5011591 -0.3392856 -0.7849983 318.000000 3 0.401407 0.047658 0.550935
-0.7995629 -0.3431904 -0.4749536 2478.000000 3 0.210437 0.165743 0.623820
-0.5888608 -0.4766939 0.6371046 1653.000000 3 0.239944 0.098612 0.661444
-0.1188942 -0.3938956 -0.8996207 2842.000000 3 0.109696 0.758138 0.132166
0.3875892 -0.6408833 0.6414638 1164.000000 3 0.275683 0.635133 0.089184
-0.4861459 -0.4110365 0.7589918 1646.000000 3 0.183094 0.484954 0.331952
0.3435277 -0.9264996 -0.05804316 556.000000 3 0.105630 0.656922 0.237448
-0.777245 0.3525642 -0.4980939 2398.000000 3 0.340272 0.370079 0.289649
-0.06321923 -0.3456166 0.9235979 1447.000000 3 0.191809 0.532697 0.275494
0.7420602 0.6510627 -0.08011111 644.000000 3 0.234898 0.456607 0.308495
0.2213717 -0.8167864 -0.5132229 106.000000 3 0.596216 0.242785 0.160999
0.756176 0.4121024 0.482969 1008.000000 3 0.207901 0.339671 0.452428
-0.415778 -0.219798 0.8741223 1616.000000 3 0.100798 0.391480 0.507722
0.4706564 -0.8647349 -0.09412119 590.000000 3 0.123776 0.668755 0.207469
-0.9287896 -0.2982431 0.1560819 3050.000000 3 0.335560 0.421838 0.242603
0.7216459 0.5126616 0.4413517 1003.000000 3 0.709160 0.018717 0.272123
0.9726664 -0.1075108 -0.1262893 2992.000000 3 0.655905 0.064224 0.279871
0.8627138 0.433999 0.1894739 750.000000 3 0.573571 0.040137 0.386292
0.5884989 0.4553234 0.6469889 1038.000000 3 0.325514 0.351251 0.323235
0.1150072 -0.8455753 -0.5030543 122.000000 3 0.080855 0.537944 0.381202
0.2914553 0.8960919 -0.3057847 332.000000 3 0.638206 0.002172 0.359622
0.475467 0.8698049 -0.05978685 634.000000 3 0.182569 0.068075 0.749356
-0.1719216 0.946957 0.235935 1722.000000 3 0.243454 0.255583 0.500963
-0.7593981 0.641322 0.01062419 2037.000000 3 0.817630 0.180028 0.002342
0.05581667 -0.12965 -0.9810448 37.000000 3 0.821150 0.047718 0.131132
-0.4122485 0.8764755 0.2336494 1833.000000 3 0.171123 0.027080 0.801796
0.2383893 -0.07858732 -0.9564824 157.000000 3 0.707384 0.251545 0.041071
0.06350399 0.9872461 0.1209 796.000000 3 0.097185 0.018591 0.884224
