28088  4  0
    1    3809  3800  3815  6540
    2    5084  5083  5087  7155
    3    3142  3135  3140  6409
    4    1502  1501  1500  7320
    5     717   715  6736  6757
    6    2743  2748  2745  7266
    7    4572  4803  4536  6445
    8    6545  2238  6678  6932
    9    1576  1575  6375  6688
   10    6465  3319  7032  7379
   11    6153  1250  6345  6755
   12    5192  5193  5187  6198
   13    6447  2891  6889  7438
   14    5852  3754  6237  6330
   15    3222  3216  3214  7505
   16    4244  6944  7106  7435
   17    5383  5389  5351  6873
   18    4564  4515  4563  6872
   19    2753  2648  2651  7376
   20    6124  5993  6158  6199
   21    5003  5357  6460  6655
   22    6536  4898  6999  7439
   23    5984  5960  6516  6541
   24    3336  3334  7379  7422
   25    4239  4580  4584  6640
   26    6412  5883  6670  6808
   27    4345  4344  6558  6632
   28    6203  3529  6566  7164
   29    3204  3200  3208  7394
   30    5882  6016  6134  6338
   31     301   303   310  7273
   32    1791  1795  1793  7237
   33    6442  5899  6510  7242
   34    1353  1343  1342  7052
   35    3677  6144  6909  7017
   36    6124  6070  6199  7292
   37    3788  3777  3787  6494
   38    6136  5838  6716  7141
   39    6136  5885  6149  6572
   40    4905  6536  7073  7439
   41      57    56   275  6556
   42    1155  1052  6469  7167
   43    6470  6729  6339  7282
   44    5706  5432  5438  7317
   45      85    88  7083  7306
   46    6757  6252  7120  7335
   47    6204  6274  6725  6925
   48    4359  4360  6410  7419
   49    5986  6159  6658  7154
   50    1491  1504  7487  7566
   51    3639  3632  3634  6526
   52    4868  4851  6693  7386
   53    1520  1522  1521  7566
   54    3872  3874  6330  6853
   55    5949  6310  7131  7462
   56    1450  6085  6610  6917
   57    5837  5826  5855  5868
   58    6522  5961  6687  7453
   59     665   663   125  7100
   60    2170  1889  6133  6435
   61    3346  3352  6980  7328
   62    6990  1774  7368  7513
   63    6105  6180  6450  6567
   64    5976  5898  5981  6429
   65    4106  4123  6257  6726
   66    4552  4786  5819  7391
   67     199   192    20  6922
   68     735  1013  6534  7258
   69    1292  1294  1293  6673
   70     608   621  6915  7637
   71    1763  1765  6953  7513
   72    5994    81  7083  7306
   73    5916  6405  6610  6663
   74    4782  4779  6733  7514
   75    5874  5846  6296  6832
   76    4334  4409  6340  6455
   77    5908  6142  6249  6491
   78    2186  2232  2239  6613
   79    2099  2094  2101  6849
   80    1608  1358  6665  7021
   81    5357  4837  4843  6655
   82    3754  3863  6237  6330
   83    2145  1859  6933  2141
   84    4325  6020  6632  7397
   85     623   618  7329  7655
   86    1161  6241  6492  7426
   87    1013  1008  6732  7258
   88    4847  4849  6858  7201
   89    5573  6046  6307  7393
   90     995  7049  1004  7179
   91    5012  5011  5008  7532
   92    6303  6747  7490  7610
   93    3349  7357  7367  7446
   94      92    90  6242  7287
   95    4767  4847  6858  7201
   96    3666  3671  3674  7434
   97    5756  5752  5755  7172
   98    6306  6323  7455  7535
   99     222    10   224  7033
  100    2927  6528  6700  7569
  101     757   756   754  7538
  102    3092  3100  3101  7316
  103      15   189  6307  6514
  104    6702  7243  7245  7650
  105    6457  6300  6644  7001
  106    5856  5968  6018  6050
  107    6050     4  6193  6623
  108     424   409   401  7060
  109    2900  2905  6896  7112
  110    5323  5321  5313  7213
  111    6354   579   571   570
  112     930   931   939  6880
  113    5548  5532  5542  7158
  114    3655  3661  3638  6221
  115    1477  1472  1474  7041
  116    4931  4942  4940  7405
  117    1714  1690  6516  7217
  118    2223  2222  2227  7091
  119    3226  3225  3234  7503
  120    6856  6596  7219  7293
  121    6691  5871  6791  7206
  122    3382  3380  3381  6303
  123    2405  2410  2409  7130
  124    1771  1739  5945  6476
  125    6447  6167  6822  7547
  126    6482  7028  7443  7644
  127    3121  3125  3123  7182
  128    5383  5385  6487  6873
  129    3243  3242  3238  6943
  130    2158  2140  2137  6471
  131    5422  5428  5414  6269
  132    3089  3094  3090  6205
  133    1078  1075  6377  6947
  134    2999  2996  6371  6837
  135    6865  6222  6888  7280
  136    4383  3806  6687  7580
  137    2681  2512  2511  6511
  138    3019  3023  3027  7540
  139    2221  2220  2211  6869
  140    5848  5941  5985  6005
  141    7633  5401  5395  6658
  142     727   658  6824  6991
  143    6139  6075  6215  6525
  144    5882  6001  6507  6697
  145    4444  4670  6871  7126
  146    2605  6746  2577  2606
  147    5980  5900  6035  6909
  148    5168  5177  5180  6027
  149    4670  5089  5071  7001
  150     210   242   248  7218
  151    7309  6591  7515  7628
  152    2125  2118  6782  7506
  153    5891  5949  6234  6264
  154    6390  6581  6596  7302
  155    2593  2629  2591  7030
  156    5880  6158  6190  6868
  157    1055  1065  1062  6829
  158    2980  3020  3021  6608
  159    4614  4613  4629  6380
  160    3718  3712  7038  7046
  161    6542   840  7149  7362
  162    1628  1629  1627  7562
  163     192   191   190  6498
  164    6160  6397  6799  7226
  165    5543  5398  7166  7633
  166    5407  5408  5393  6658
  167    6223  5974  7139  7514
  168    1972  1993  2002  6497
  169    3013  2927  3047  6700
  170    3714  6217  6771  7152
  171    1652  1648  1654  7289
  172    2111  1745  1746  7326
  173    4461  4453  4464  7454
  174    5178  5168  5180  7579
  175     388  7015  7189  7440
  176    2391  2377  6948  7436
  177    5574    14    15  7102
  178    4795  4801  4797  6445
  179    4819  4824  4445  7126
  180     837   840   838  7149
  181    2694  2693  2691  6313
  182    6615  6001  7066  7070
  183    6167  6447  6822  6830
  184    2668  2753  2651  7376
  185    5707  5706  6689  7317
  186     346   344  6717  6803
  187     807   806   802  6571
  188    5004  4905  7073  7439
  189    6354  5920  7088  7140
  190    3531  3256  3258  6238
  191    4138  4135  6502  7106
  192    1699  1979  2030  6569
  193    1215  1214  1220  7462
  194    6162  6342  6921  6941
  195    5883  6412  6646  6808
  196    5894  5917  6076  6802
  197    6802  6428  6952  7353
  198    4219  5951  6910  6944
  199    2624  2630  2622  7077
  200    1033  1031  1040  6642
  201    5567  5563  5562  6434
  202    6314  6672  7059  7171
  203    1233   907  6345  6360
  204    1883  2174  6431  7350
  205    4557  4226  4224  6910
  206    5825  5827  5828  6043
  207    6347  6132  7175  7270
  208    1944  1942  6799  7188
  209     230   222   221  7033
  210     979  1025   996  6520
  211    1599  1574  1572  7124
  212     760  5963  6259  7209
  213    6544   795  6592  7196
  214    2137  2129  2130  6823
  215    2717  2702  7006  7470
  216    4737  4747  6172  7607
  217    6255  2215  6869  7418
  218    1419  1143  1149  6317
  219    5885  5928  6051  6136
  220    2408  2405  2782  7130
  221    5292  5293  5399  6598
  222    5832  5852  5944  7628
  223    1953  1965  6397  7217
  224    5838  5883  5944  6236
  225    4998  4990  4989  6891
  226    5953  5890  6202  6513
  227     309   310  6773  7273
  228    5743  5720  6689  6727
  229    3013  3023  3019  6700
  230    2273  2270  2245  6852
  231    6637  2695  6477  7368
  232    4164  4159  4161  7246
  233    5641  5638  5637  7034
  234    5889  5857  6200  6912
  235    2927  3013  3011  6700
  236    2777  2778  2409  6892
  237    3472  3488  7089  7132
  238     507   550   556  7088
  239    5855  5974  6196  6652
  240    3122  3360  6627  7593
  241    1185  1174  1173  6287
  242    4673  6300  6774  6871
  243    2153  2147  2143  7313
  244    5258  5257  5262  6372
  245    6339  6260  6601  6729
  246    2437  2451  2439  7075
  247    5537  5541  5510  7448
  248    5474  5455  6467  7428
  249    6684  2497  6710  7111
  250    4875  4873  4888  6636
  251    2803  2678  6053  6508
  252     273   271  6194  7253
  253    6349  6413  6764  7138
  254     762   767  7148  7209
  255    5832  5962  6221  6590
  256    5916  6013  6723  6863
  257    2483  2478  2479  6705
  258    2650  2635  5812  6521
  259    5696  5736  5695  6955
  260    3529  3275  6203  6566
  261    5867  6130  6605  7346
  262    5575  5578  5573  6046
  263    4319  4314  7517  7601
  264    6362  6147  6665  7021
  265    6790  6485  6818  7228
  266    2266  1912  2279  6599
  267    3964  6466  6654  7344
  268    1008  1007  6732  7477
  269    5247  5243  5476  6838
  270    3368  3958  3953  6328
  271    2004  2009  6565  7447
  272    5347  5344  7012  7110
  273    7228  6790  7237  7624
  274    5090  5086  6327  7155
  275    5140  5132  5176  7597
  276    3102  3100  3201  7316
  277     351   353   345  6803
  278    6514  5841  6605  6922
  279    1389  1394  7269  7519
  280    5209  5109  5210  7238
  281    5655  5688  6379  7145
  282    5125  5441  5129  6573
  283    6300  6268  6495  6774
  284    1630  1695  1623  6664
  285    6247  6159  6598  6683
  286    6246  6010  6274  6607
  287     249    49    50  7103
  288    4530  4522  4521  7095
  289    1463  1475  1472  7043
  290     129    89  7083  7100
  291    5884  5901  6419  6831
  292     876   883   891  6252
  293    7177  6271  7228  7297
  294    4704  4707  4702  7003
  295    5938   755  6220  7381
  296    3804  3802  3803  7583
  297    2877  2938  3088  6266
  298    6754  1167  7113  7545
  299    1742  1748  1726  7326
  300    6012  6207  6436  7260
  301    6200  4050  7156  7331
  302    4305  4308  4307  6506
  303    6385  6282  6561  5594
  304    6260  6393  6622  6858
  305    6162  6342  6476  6921
  306    5927  5846  6414  6586
  307    5331  5351  7012  7476
  308    6927  5875  6970  7111
  309     106   107   104  7483
  310    6307  6498  6955  7664
  311    1875  1879  7074  7465
  312     385   584   591  6648
  313    7168  1937  7257  7591
  314    2854  2850  2851  7067
  315    6381  6330  6417  7321
  316    4444  4446  4445  7126
  317    3166  6481  3141  3139
  318    4186  4182  3892  7007
  319    3683  3685  6765  7017
  320     422   421  6006  7060
  321    2994  2304  2305  7062
  322    5991    40  7325  7463
  323    6794   740  7209  7258
  324    3785  3783  3784  6093
  325    5705  5432  5706  7317
  326     438   439  6898  7427
  327    3068  3121  3073  6759
  328    3456  3455  3454  6144
  329    2234  2237  2240  6932
  330    2641  2642  2638  7143
  331    3495  3494  3486  6825
  332    7420  6599  1912  7618
  333    5453  5451  6034  6493
  334    4161  4160  4192  7246
  335    4500  4379  4504  6339
  336    3213  3219  3220  6857
  337     687   674  6267  7657
  338    6020  6430  7080  7336
  339    1844  1848  1845  7624
  340    2557  2526  6705  6764
  341    4472  4474  6393  6698
  342    6146  6450  6616  7486
  343    1214  1441  1207  7462
  344    4982  6490  6926  7081
  345    3344  3348  3347  7328
  346    2249  2246  2278  6681
  347    4947  5299  5302  7212
  348    5791  5775  7268  7457
  349    2435  2429  2434  6704
  350    5566  5561  5568  6434
  351    5061  5064  5063  7136
  352    4295  4316  6595  6603
  353    1498  1502  7320  7441
  354    5919  6251  6477  6709
  355    6044  6009  6093  6390
  356    6237  6526  6590  7286
  357    6712  1440  6977  7268
  358    5608  5513  6206  7463
  359    5905  6098  6160  6289
  360    3200  2953  6262  7394
  361    3272  3271  3273  7097
  362     828   516  7478  7653
  363    3009  3008  6582  7162
  364     493   490  6089  6699
  365     598   589  6152  6634
  366    6151  6741  7539  7665
  367    5920  5856  6015  6049
  368    6302  7054  7300  7479
  369    2187  2233  6613  7395
  370    5321  6631  6812  6994
  371    2160  6255  6823  7200
  372    5735  5726  5729  6427
  373    4917  4908  6296  6407
  374    6306  6544  6592  7196
  375    3176  3188  3185  7171
  376    1816  1820  1821  6692
  377    3070  3056  2766  6359
  378    3756  3755  3758  7286
  379    2816  2687  2517  6888
  380     261   257  6049  6619
  381    4641  4697  6666  6861
  382    4571  4574  4572  6445
  383    5576  5573  6307  7393
  384     756   763  7209  7538
  385    6594  6727  7172  7640
  386    5907  6033  6242  6243
  387    5412  5411  5410  7203
  388    1042  1041  6113  6732
  389    5932  6635  6773  7273
  390    4281  4285  4282  6555
  391    6631  7010  7056  7154
  392    5342  5340  5337  7040
  393    6004  6980  7275  7406
  394    6355  6290  6518  6851
  395    1247  1318  1310  6778
  396    1703  1706  1704  7492
  397    3578  3579  6376  6513
  398    4106  4127  6726  7198
  399    1260  1262  1261  6276
  400    4713  4886  6908  4901
  401    7219  3127  7293  7593
  402    6750  6751  7019  7631
  403    6126  2526  6349  6764
  404    2339  2340  2341  6408
  405     760  6971   729   699
  406    1820  1818  1819  7128
  407    6053  5919  6251  6477
  408    2955  2263  7062  7169
  409    3268  3531  3258  6238
  410     660   139   438  7251
  411    7188  1940  7423  7591
  412    4446  4450  4819  7126
  413    4679  4807  6122  7495
  414    6148  7101  6501  7186
  415     928   929  6866  6880
  416    4527  4528  4529  7244
  417    2594  2588  2589  7030
  418     660   703   661  6898
  419    1840  2149  2147  6813
  420    1666  1665  1669  7581
  421     604   607   606  7008
  422    5226  5224  5227  6620
  423    1527  1529  6342  7332
  424    4009  3907  6916  7399
  425    6566  6203  6657  7339
  426    3136  3137  3133  6409
  427    3663  6212  7445  7622
  428     102    67   103  7330
  429    2190  2196  2189  7618
  430    5635  5627  6454  6735
  431    6737  6502  7106  7459
  432    6525  6425  6530  6841
  433     310   308   301  7273
  434     615   608  7215  7637
  435    1495  1172  6748  6754
  436     257   256  6049  6619
  437    6401  5904  6503  6740
  438    1553  1561  1551  6987
  439    1502  1498  7320  7559
  440    3516  3517  3512  6318
  441    1755  1780  6816  7122
  442    2358  6800  2363  2357
  443    2993  2994  6347  7062
  444    3856  3854  3853  7507
  445    6330  5852  6442  7321
  446    4858  6226  6575  7386
  447    5396  6077  6658  7633
  448    1632  6725  7409  7630
  449    6070  5855  6196  6652
  450    7032  6840  7084  7638
  451    6112  6127  6145  6316
  452    4509  4510  4378  7644
  453    1501  6165  7320  7441
  454    5313  5772  5362  6812
  455    6091  6370  6566  7195
  456    4733  4756  4759  6300
  457    3112  3109  3349  7357
  458    6288  6315  6668  6875
  459    5844  5854  6185  6239
  460    6408  6559  6777  6789
  461    2497  2575  6710  7111
  462    5509  5510  6090  7573
  463    6833  7449  7660  7664
  464    1778  1784  1780  6816
  465    1561  3077  5958  7147
  466    2460  2456  2454  7180
  467    6054  5967  6359  7489
  468    2525  2514  2524  7281
  469    6604  5278  6938  7283
  470    1859  2174  2173  6431
  471    3224  5995  6078  7503
  472    3522  3732  6236  7117
  473    6110  5927  6680  6897
  474    4971  5064  5913  6940
  475    5594  5498  5497  6561
  476      29    27    26  7248
  477     443  6259  6780  6939
  478    5113  5107  5111  7548
  479    5416  5409  6269  7203
  480    1958  1939  1938  7516
  481    6055  6000  6618  7447
  482    3057  3070  6298  6359
  483    2707  6761  7430  7615
  484    3463  5980  6144  7017
  485    5120  5122  6532  7224
  486    6189  5498  6561  7232
  487    1122  1117  1127  6625
  488    5611  5513  5608  7463
  489    1608  1358  1360  6665
  490    1977  2008  6662  7272
  491    6078  6275  6840  7625
  492    1857  6311  7297  7365
  493    3155  6508  2804  6856
  494    4069  4070  6624  6995
  495    1118  1119  6625  6864
  496    4720  4717  4723  6793
  497     111   105   104  7483
  498    5012  5015  5011  7532
  499    5861  5906  5833  6969
  500    2544  2540  2550  7564
  501    6871  4444  7126  7574
  502    4666  4758  4755  6495
  503    6603  6595  7080  7517
  504    4620  4618  4617  7627
  505    6114   195   194   162
  506    5895  5872  6156  6281
  507    6216  6779  7266  7652
  508    2809  2808  2671  6776
  509    2814  2815  2810  6776
  510    2169  2175  6435  7350
  511    5749  5721  5720  6623
  512    4347  4348  4350  7210
  513    2230  2227  7091  7541
  514    5990  3799  6959  7583
  515    6082  6161  6373  6568
  516    2505  2429  2509  6335
  517    1434  1445  1446  7300
  518    4039  6325  6387  7308
  519    1030   996  1029  7049
  520    5250  5240  6350  6760
  521    6441  5983  6673  7167
  522    3461  3454  6144  6967
  523    2905  2914  2923  6896
  524    5075  5335  4759  6457
  525    6345  5998  6360  6529
  526    2672  2665  2667  6930
  527    6045  5871  6090  6206
  528    4151  4149  6974  7323
  529    5903  6008  6038  6045
  530     565   566  6188  7554
  531    2063  2064  7216  7481
  532    2855  2856  2858  7642
  533    2147  2146  6813  7313
  534    2790  6222  6865  7280
  535    6119  6272  6351  6364
  536    1258  1256  1241  6755
  537    4299  4313  4318  6577
  538     658  6353  6824  6991
  539    5746  5747  6689  7364
  540    1630  1623  1625  6329
  541    1256  1258  1249  6755
  542    1374  1371  1364  6883
  543    3424  6996  7042  7484
  544    2933  2935  2934  6792
  545    3336  3330  3338  7422
  546    5889  6020  6037  6135
  547     355   354   273  7253
  548    4197  4198  6713  7512
  549    4689  4688  7208  7341
  550    1083  1088  1089  5979
  551    4321  4340  7020  7080
  552    4542  4583  6593  7444
  553    3705  3708  5990  7152
  554    5254  5259  7283  7511
  555    2472  2455  6126  6722
  556    1068  1061  1156  6469
  557    1383  1384  7245  7650
  558    5941  5985  6005  6626
  559    6804  6539  7116  7645
  560    4264  4163  7542  7563
  561    5042  5031  6032  7039
  562    5923  6136  6149  6426
  563    3019  3018  3021  7606
  564    6361  3343  6517  6967
  565    1550   310   303  7273
  566    2416  2423  6288  6315
  567    6515  5946  6531  7185
  568    5831  5858  5887  5904
  569    2750  2748  2743  7266
  570    1921  1927  6491  6509
  571    1520  1430  1516  7566
  572    2753  6272  7376  7611
  573    4168  7241  7528  7646
  574    6219  6016  6338  7211
  575    2373  2132  6811  7654
  576    1400  1423  1359  7492
  577    5849  5845  5933  6306
  578     577   563   562  6634
  579    1953  1952  1687  7217
  580    3799  3804  6959  7583
  581    5919  6119  6251  7611
  582    3928  3923  7351  7416
  583    2060  2379  6851  6948
  584    5966  6047  6777  7037
  585    3039  3004  2590  7270
  586    5883  5838  5944  6412
  587    1189  1206  1193  6264
  588    6156  6061  6281  7122
  589    7413  2756  2753  7488
  590    3923  3899  6916  7333
  591    1099  1100  6278  7635
  592     693   547  6763  6960
  593    4162  4185  4191  7594
  594    3554  6227  6837  7162
  595    3526  3523  6236  6318
  596    6766  6650  5968  7604
  597    2742  2731  2730  6701
  598    1252  1253  1245  6153
  599    2423  2686  2422  7375
  600     955  1267  6076  6276
  601    3506  3505  3508  6030
  602    6787  2391  6948  7436
  603    6093  5912  6494  6870
  604     774   777  6389  7148
  605    2964  6371  7142  7169
  606    5965  6069  6384  6675
  607    5877  5921  6103  6214
  608    5954  6277  6647  7391
  609    5669  5668  6195  7110
  610    5251  5250  6350  6760
  611    3238  3221  7234  7505
  612    3665  3662  3910  7222
  613    6288  5910  6437  7130
  614      10   220    11  7048
  615    5180  6027  6450  7579
  616    1796  1800  1798  7092
  617    6409  3131  6481  6715
  618    5844  5847  5876  5882
  619    4854  4852  4499  6261
  620    2752  2747  7446  7652
  621    3640  3643  6213  6526
  622    1793  6816  7202  7237
  623    5515  5518  7223  7573
  624    3240  3246  7234  7649
  625     809   770  6140  6389
  626    6892  2778  7109  7115
  627    6353  6392  6757  6859
  628    1525  1504  1521  7566
  629    3808  3993  6270  7580
  630    5196  5189  5191  7260
  631    1224  1226  1225  6529
  632     195  6114   194  6576
  633    5754  5756     7  6193
  634    7100  6383  7251  7432
  635    6051  3280  6474  6993
  636    6751  2074  6800  7118
  637    6010  5956  6246  6274
  638    6027  5926  6229  7232
  639    5387  5381  7424  7508
  640    6231   893  6529  6920
  641    4379  4402  7176  7220
  642    5375  5213  6557  7373
  643    6150  6008  6436  6838
  644    3830  3787  3828  6494
  645    5691  7145  7396  7398
  646    5962  5832  6187  6526
  647    6302  6382  6917  7054
  648    1009  1014  1010  6732
  649    2686  2423  2421  7375
  650    6157  6872  7469  7494
  651    6088  5897  6111  6645
  652     653   723   648  7407
  653    5927  5917  5934  6110
  654    5161  6207  6844  7090
  655    5898  5868  6012  6223
  656    4782  6733  7129  7139
  657    2419  2414  2418  6875
  658    1938  1942  7188  7516
  659    3251  3268  3259  6238
  660    3485  3481  3476  6670
  661    6496  6029  7425  7451
  662    2851  2869  7055  7252
  663    4024  4026  4028  7296
  664    1421  1422  1418  6317
  665    4419  4410  6546  6848
  666    4363  4373  4375  7028
  667    5883  5944  6236  6724
  668     937   989  6345  6719
  669    6013  6464  6707  6778
  670    6005  6390  6581  6596
  671    3825  6728  7199  7403
  672    6272  5906  6521  7611
  673    1521  1488  1430  7566
  674    1903  1933  1936  7591
  675    6369  4609  6472  7170
  676    4449  6424  7126  7574
  677    5950  2206  6806  6988
  678    6460  5863  6490  6706
  679    5816  6506  6555  7087
  680      69  5642  5651  7034
  681    5728  5735  6427  6557
  682    4275  6841  7354  7528
  683    3615  3616  3622  6905
  684     143   151   148  7449
  685    5729  5728  6427  7337
  686    4824  4822  4828  7159
  687    3469  3692  3401  6747
  688    3451  3447  3449  7057
  689    6911  6662  6956  7272
  690    1008   739  1034  7258
  691    5666  5667  5657  7287
  692    6146  5954  7391  7429
  693    4864  5142  4866  7129
  694    1725  1727  1732  7572
  695    4946  4945  7609  4943
  696    5345  5338  7040  5343
  697     811  6106  7186  7482
  698     873   862  6919  7467
  699    1620  1618  1500  7562
  700      80  5994  6675  7306
  701    4994  5360  4996  6819
  702    3482  3483  6670  7358
  703     408   404   407  6643
  704     737   729   730  7258
  705    4199  7022  7242  7512
  706      84   331   336  7083
  707    4543  4397  6593  7176
  708    6331  6214  6787  6948
  709    6583  6291  6612  7429
  710    2220  2219  6869  7456
  711      42    51  6650  7233
  712    4528  4775  4496  7025
  713    4147  4148  4154  7608
  714    2013  2010  2006  6662
  715    6059  6423  6489  7184
  716    2012  1983  6911  7551
  717    2596  2590  6402  7175
  718    5284  5281  5280  7205
  719    4546  4581  4586  6583
  720    5856  5840  5938  6259
  721    6070  6115  6270  7580
  722    3619  3975  3621  6028
  723    6745  5149  6929  7345
  724    3077  3078  5958  7334
  725    6364  6351  6508  7293
  726    5162  5233  5234  7260
  727    6404  1411  7474  7661
  728    5997  5881  6365  7263
  729    1413  1409  5789  7662
  730    1011  6076  6534  6906
  731    4388  4394  6284  7146
  732     788   832  7455  7653
  733    3253  3256  6716  6753
  734    5717   169  5718  7114
  735    6237  3758  6526  6839
  736    4655  4654  6401  7301
  737    6508  5985  6856  7293
  738    5173  4846  7201  7524
  739    3461  3454  3455  6144
  740    4840  4836  4831  6698
  741    3892  4185  4156  6442
  742    5894  6076  6276  6906
  743    1809  1813  1806  6785
  744    2337  2330  2331  6408
  745    5430  5378  5446  6034
  746    6633  5006  6938  7532
  747    1975  7272  7485  7598
  748    6572  7069  7097  7500
  749    6558  6037  6632  7419
  750    5036  5037  5043  6398
  751    3641  6213  6526  7068
  752    5644  5410  7206  7284
  753    3059  3325  3028  6465
  754    3738  3511  3739  6724
  755    6092  6316  6415  6704
  756    5346  5347  7012  7110
  757    1499  6748  7320  7562
  758    5987  5902  6021  6427
  759    6449  6040  6471  6782
  760    5839  5878  5939  6020
  761    6420  6739  6800  7143
  762    5728  5729  5727  7337
  763    2931  2970  6645  6695
  764    4637  4612  6535  6820
  765    5308  5301  5307  6675
  766    6299  6173  6361  6409
  767    4478  4077  6552  6554
  768     257   528   234  6049
  769    6830  6447  6889  7112
  770    3276  3271  3272  7164
  771    4139  4241  6630  7563
  772     858   857  7101  7472
  773    1466  6085  6310  7533
  774    5877  5924  6040  6288
  775    4060  4061  4059  7331
  776    5708  5710  5713  7317
  777    6268  6169  6300  6457
  778    1637  1642  1638  7409
  779    5986  5325  6994  7154
  780     768  6140   770  7148
  781    4245  4240  6602  7435
  782    4944  4951  4735  6901
  783    5964  5925  6471  6823
  784    2229  2227  2230  7541
  785     930   939  6801  6880
  786    5229  5197  5203  7555
  787    7128  1801  7412  7550
  788    5260  5538  7121  7461
  789     159   422  6095  7144
  790    5842  5827  5885  6129
  791    5905  5836  5966  6007
  792    3248  3252  7141  7649
  793    5875  5869  5881  6365
  794     145  5704  7660  7664
  795    3339  3330  3367  7422
  796    1274  1273  7018  7269
  797    6161  6337  6478  7316
  798    2803  2674  5985  6053
  799    5930  6002  6443  7055
  800    3685  3683  6909  7017
  801    6078  5995  6275  7625
  802    6017  6599  7053  7420
  803    4947  5302  5305  7212
  804    2155  2142  2145  7250
  805    6496  7074  7425  7465
  806    1970  1968  6789  7226
  807    2689  6511  6865  7375
  808    5597  5569  6661  6961
  809    5440  5432  5433  7424
  810    4737  4739  4740  6172
  811    4252  4597  4595  6048
  812    3675  3677  3676  6909
  813    4288  4286  4292  7247
  814    5054  5055  6986  7136
  815    5377  5376  6256  6649
  816    4201  4197  6713  7512
  817    4612  4703  6473  6820
  818    1854  1856  1857  7365
  819    4617  6399  6555  7627
  820    5993  6124  6158  7568
  821      92    90    94  7207
  822    3596  3316  6868  7622
  823    6562  6704  2446  6862
  824    4568  4595  7265  4557
  825    5013  5022  5201  7433
  826    5760  5593    29  7248
  827    5342  5345  7040  5333
  828    3085  3077  7147  7334
  829     893   892  6529  6920
  830    3215  3219  3214  6857
  831    6272  6054  6359  6459
  832    5914  6404  6456  6702
  833    6840  7084  7414  7625
  834    2922  2928  2925  7569
  835    3269  3278  7069  7616
  836    6477  6053  6973  7294
  837    1280  1136  6850  7018
  838    5887  5866  6531  6533
  839    4100  4104  6118  7079
  840    6430  6020  7080  7397
  841    1628  1624  1619  7562
  842    5921  5925  5969  6281
  843    2043  2039  7178  7481
  844    3524  3517  3525  6318
  845    4210  4212  4209  6687
  846    6223  6042  7129  7139
  847     877   887   852  7045
  848    5869  6007  6017  6599
  849    6039  5841  6498  6922
  850     433   681   682  7410
  851    1744  7326  1750  1741
  852    6202  6320  6718  7333
  853    4180  4186  3893  7254
  854    6617  3728  7038  7046
  855    6084  5891  6234  6264
  856    3398  3465  3469  6747
  857    6421  6263  6726  6874
  858    4993  4978  6706  7081
  859     812   821   816  7187
  860    1571  1485  1483  6405
  861    4582  4580  4588  6640
  862     769   765  7381  7538
  863    5054  4991  5320  6986
  864    3284  3293  3287  7659
  865    6045  6090  6175  6784
  866    3254  3253  6716  6753
  867    5926  5943  6067  6641
  868    2342  2344  6094  6363
  869    2853  2854  2870  7133
  870    5760  5592  5593  7248
  871     887   890   889  6319
  872    5114  5106  7082  7548
  873    4242  4246  4142  6630
  874    2517  2687  2511  6511
  875    3399  3395  3404  7610
  876    1856  1861  1862  7365
  877    2628  2629  7077  7175
  878    2276  5776  2274  7356
  879    6096  6185  6239  6312
  880    6093  3783  6870  6884
  881    6381  6075  6442  7321
  882    1136  1139  6850  7018
  883    1282  1281  1280  7018
  884    4873  4813  4889  6636
  885    2851  5800  7055  7067
  886    6902  6118  4103  6284
  887    6201  6226  6588  7278
  888     461   496  6130  7523
  889    4110  4209  3806  6687
  890    6075  6215  6525  7563
  891    2687  2819  6865  7280
  892    4472  4766  6601  6729
  893    6003  6019  5960  5836
  894     967   943  7061  7639
  895    3981  3989  6199  6265
  896    5863  5911  6151  7349
  897    5277  5294  6598  7584
  898    4443  4448  4441  6424
  899    5655  5659  5656  6379
  900    1645  1644  7581  7630
  901    2898  5786  2894  6695
  902    6615  6648  6767  7450
  903    5432  6374  7317  7424
  904    6151  6460  6490  7185
  905    6441  1154  6492  7167
  906    3167  2833  2834  6900
  907    4697  4638  6666  6861
  908    5417  5655  5656  6379
  909    5860  5877  5948  6173
  910    4285  4281  4617  6555
  911    6552  6124  6554  7292
  912    5812  2650  6521  7376
  913    3199  3198  3212  6262
  914     154   156   163  6498
  915    6105  6434  6661  7592
  916    4243  4245  4240  6602
  917    6107  5911  6729  6730
  918    5885  6051  6474  7625
  919    4690  4890  7341  7390
  920    3954  3960  3957  7344
  921    6086  7355  7445  7622
  922    2320  2318  2319  7327
  923      61    63    64  6556
  924    6591  6263  7309  7385
  925    1791  1790  1795  7237
  926     490   248  5893  6089
  927    3989  3981  3990  6265
  928    4745  4721  6322  6793
  929     732   705  6534  6963
  930    3838  3729  6591  7515
  931    5231  5234  5237  7555
  932    1340   999  1003  7179
  933    2689  2684  6511  7375
  934    6274  6607  7128  7412
  935     751   745   746  7527
  936    6405  6100  6610  7041
  937    2286  2283  7127  7372
  938     669   661   662  7404
  939    3126  3362  3360  6770
  940    2468  2276  7356  5776
  941    4988  4989  4990  6891
  942    5261  5264  6468  7511
  943     697   704   702  7204
  944    3825  3824  3826  7403
  945    1402  1407  7374  7661
  946    1639  1603  1637  7409
  947    4633  4632  4639  6666
  948    1551  5781  5811  6987
  949    5317  5392  5295  7154
  950    6249  6059  6489  6883
  951    4625  6380  7174  7475
  952    3327  3328  3329  7638
  953     422  6006  7144  7498
  954    5208  5372  5361  6386
  955    2822  2823  6865  7375
  956     499   495   491  6699
  957    4458  4463  4462  6893
  958    6178  7019  7036  7631
  959    5878  6451  6488  6537
  960    6320  6228  7310  7392
  961    5544  5545  7158  7166
  962    6193  6594  6623  6727
  963    5844  5824  5847  5859
  964    4972  4970  6940  7539
  965    4059  4092  6248  6654
  966    1252  1250  6153  6755
  967     489   496   497  6699
  968     161   163  6114  7549
  969    5370  5373  5371  6649
  970    2012  2086  1983  7551
  971    5997  6432  6545  6934
  972    5948  5982  6176  7175
  973    2348  2355  7027  7107
  974    6139  5858  6425  6555
  975    6831  6083  6946  7599
  976    6000  6662  6911  7551
  977     650   657   654  7407
  978     636   640   638  7086
  979    1817  1641  1818  7125
  980    1668  1669  6579  7581
  981    1113  1112  5945  6827
  982    6009  6093  6390  7525
  983    5248  5260  5249  7121
  984    1632  1645  6725  7630
  985    4838  4844  4840  6858
  986    6247  6598  7154  7584
  987    4391  4387  4214  7146
  988    6274  6725  6925  7409
  989    6447  6889  7112  7438
  990    4910  6407  6832  7057
  991    6187  5852  6366  6526
  992    7062  6586  7169  7452
  993     901   905  6801  6920
  994     529   528  7031  7554
  995    4249  4155  7563  4140
  996    5615  5629  5628  7623
  997     534   561  6191  7066
  998     316   366   362  6615
  999    4835  4833  4830  6698
 1000    6017  6599  7420  7618
 1001    6035  5900  6101  6909
 1002    4834  6698  6706  6914
 1003    2717  2718  7470  2719
 1004    1820  1821  6692  7128
 1005    6194  1108  6694  6964
 1006    3443  2962  2964  7142
 1007    7094  4520  7095  7244
 1008    2919  2915  7235  7569
 1009     696   693  6960  7319
 1010    6781  4541  7094  7244
 1011    5948  5982  6304  6518
 1012    4419  6546  6676  6848
 1013    5990  5959  6115  6765
 1014    1635  1634  1646  7409
 1015    6857  3220  7505  7595
 1016    3770  3760  3761  6587
 1017    6846  6647  7468  7486
 1018    6721  6361  6949  7357
 1019    3718  3712  3713  7038
 1020    6009  5912  6044  6093
 1021    4712  4699  6861  7239
 1022    1509  1511  6835  7559
 1023     771  1034   761  6794
 1024    4898  4906  6999  7439
 1025    5834  5988  6006  6219
 1026    4355  4510  4507  6470
 1027    6386  6021  7082  7238
 1028    1898  1892  1894  6197
 1029    6180  5139  6661  7137
 1030    6337  5897  6645  7316
 1031    1402  1287  6673  7374
 1032    5925  5931  6156  6790
 1033    5516  5517  5519  7223
 1034    6002  6266  6792  7596
 1035    3924  3928  7259  7416
 1036    2858  2846  6357  7642
 1037    4113  3806  3816  7571
 1038    6299  6568  6674  6962
 1039     221   216   215  7604
 1040    3735  3733  3737  7497
 1041    6022  6152  7078  7362
 1042     636   638   645  7086
 1043    5597  5600  6783  7137
 1044    1144  1149  6850  7285
 1045     184   186  6171  6614
 1046     352   406  6643  6803
 1047    2579  2910  2908  6989
 1048    3223  3224  3225  5995
 1049    3758  3755  3632  7286
 1050     620   621  7637  7655
 1051    5853  5839  5863  6260
 1052    3371  7151  7387  7490
 1053    5985  6005  6626  6690
 1054    3998  3996  4662  6387
 1055    3005  3040  3006  6406
 1056    6773  6342  6941  7332
 1057    6949  6004  6980  7275
 1058     378   377   376  7450
 1059    1261  1266  6125  6276
 1060     551   574  7140  7554
 1061    5891  5895  5916  6302
 1062     210   211   206  7218
 1063    3718  3719  3715  7046
 1064    6570   852  6660  7472
 1065    5843  6112  6127  6982
 1066     384   383   378  7450
 1067     955   956  1270  6076
 1068    3896  3653  3898  7351
 1069     206   205   242  7218
 1070    4517  4527  4529  7244
 1071    2071  2362  6363  6446
 1072    4011  3900  4008  6451
 1073    6202  6320  6912  7502
 1074    1905  1914  1908  7420
 1075    5879  5993  6325  6937
 1076    6410  6037  6558  7419
 1077    1104  6194  6342  6827
 1078     196   191   200  6922
 1079    1129  1128  1130  7499
 1080    7049   995  1004   994
 1081    6390  6044  6581  6877
 1082    4463  4422  4456  6455
 1083    3184  3173  6962  7387
 1084    5459  5740  5462  6116
 1085    5783  4788  6647  6846
 1086    1772  6953  7368  7513
 1087    4128  4129  4120  6502
 1088    2907  2579  6969  6989
 1089    1655  1647  7289  7501
 1090    3210  3187  6907  7059
 1091    5904  5858  6401  6503
 1092    6900  2831  7108  7261
 1093    6610  1458  6917  7054
 1094    5674  5679  5680  7123
 1095    2327  2324  2328  7322
 1096    3937  4049  4053  7156
 1097    1210  1204  1198  7370
 1098    5915  5988  6134  6763
 1099    1810  1805  1808  7550
 1100    5679   116  7123  7552
 1101    5889  5873  6202  6248
 1102    6229  6189  6561  7232
 1103    5896  5872  5905  5956
 1104     714   710   627  6915
 1105    3666  3674  7378  7434
 1106    2192  6894  7420  7618
 1107    6226  5868  6261  6693
 1108    3879  4152  3870  6417
 1109    3563  3561  3560  6227
 1110    6001  5844  6023  6239
 1111    6222  6539  6900  7116
 1112    3061  3058  3062  6958
 1113    1378  1676  6249  6569
 1114    5265  5274  5268  7561
 1115    1779  1787  6816  7202
 1116    3673  3670  3668  6904
 1117    1453  1438  7054  7479
 1118    2079  6055  6449  6849
 1119    5853  6232  6260  6277
 1120    5938  5920  6015  6068
 1121    6798  6697  7015  7211
 1122    5714  5707  5715  7114
 1123    5898  6008  6063  6436
 1124    1433  1449  6975  7298
 1125    1106  6694  6964  7315
 1126    4254  4247  4257  6602
 1127    6852  7127  7356  7372
 1128    4811  4816  4817  7388
 1129    6008  6062  6087  6207
 1130    1194  1206  6264  6923
 1131     208   204   211  7218
 1132    6228  6320  7344  7392
 1133    4294  4303  6530  7087
 1134    5631  6066  5620  5555
 1135    3838  3731  6591  7560
 1136    4533  4776  4869  6042
 1137    5751  5459  6116  6594
 1138    5698  5699  5702  7229
 1139    4703  4701  4687  6768
 1140    6438  6072  7326  7572
 1141    1830  6168  6985  7366
 1142    5208  5214  5372  7238
 1143     464   466  5978  7249
 1144    4662  6387  6890  7324
 1145    4926  4904  6536  6976
 1146    2292  2291  2295  6806
 1147    6147  5905  6181  6362
 1148    3769  3768  6074  6587
 1149    1134  1139  6669  7499
 1150    3335  3327  3334  7638
 1151    5222  5238  5235  6978
 1152    5736   188  5701  6955
 1153    5873  5848  5953  6009
 1154    5829  5961  6024  6052
 1155    5848  5862  5941  6162
 1156    4635  5975  6535  6666
 1157     617   622  7637  7655
 1158    6013  6064  6181  6464
 1159    4700  4698  4636  7003
 1160    2044  2564  2563  6208
 1161    4986  4983  4981  6926
 1162    1141  1128  7196  7499
 1163    4019  4010  4008  6537
 1164    4310  4315  4027  6603
 1165     926   924   931  6880
 1166    6332  2989  7471  7503
 1167    6315  2413  6668  6875
 1168    4791  4762  6846  7201
 1169    3416  3393  3386  7567
 1170    4505  4508  6730  7282
 1171    5886  5848  5941  6162
 1172    1135  1132  6669  7499
 1173    6513  3607  6950  7310
 1174    4332  4329  4322  7397
 1175    6590  6526  7068  7286
 1176    5974  5855  6693  7025
 1177    5837  5828  5846  5850
 1178    2739  2734  2735  6346
 1179    6019  5836  6104  6162
 1180    6229  5932  6612  6635
 1181    6381  3869  6421  6974
 1182    4764  4770  6601  7201
 1183    5921  5925  6281  6550
 1184    4303  5816  6555  7087
 1185    2714  3049  3047  6528
 1186     521   520  7009  7626
 1187    4769  4767  4770  7201
 1188    2272  2278  6852  7127
 1189    1618  5973  6748  7562
 1190    4061  4051  4059  7331
 1191     196   194   191  6922
 1192     293   296  6680  7267
 1193    6771  6591  7038  7046
 1194    5476  5504  5464  6150
 1195    3744  3731  6617  7515
 1196    5845  5849  5867  6297
 1197    4929  6322  6515  6756
 1198    6147  6273  6665  7021
 1199    4204  6128  6944  7453
 1200    5852  6187  6366  6442
 1201     300  6137  7147  7273
 1202     579  6354   571  7362
 1203    6440  6477  6637  6750
 1204    1478  6064  6405  7065
 1205    5899  6425  6510  7022
 1206    6860  3004  3035  7270
 1207    5173  4792  6616  7468
 1208    7051  2662  7376  7611
 1209    5831  5935  6048  6139
 1210    6121  6288  6560  7130
 1211    6691  6475  7206  7284
 1212    7018  1273  7085  7269
 1213    3128  2793  2802  7108
 1214    4724  4003  4755  6184
 1215    4520  4530  4516  7095
 1216    1318  1247  6153  6778
 1217    7092  1793  7202  7237
 1218    6241  6377  6469  7426
 1219    2574  2346  2602  6887
 1220    3579  3568  3578  6444
 1221    6572  3281  7097  7164
 1222     254   252   253  6650
 1223     391   388   393  7189
 1224    4530  4520  4529  7095
 1225    1108  1109  6194  6694
 1226     629  6016  6859  6876
 1227    6165  1501  7320  7562
 1228    6227  3554  6582  7162
 1229    4834  4993  4978  6706
 1230    5899  6075  6525  7241
 1231    4323  4329  5817  7336
 1232    2816  2819  6888  7280
 1233    5261  5265  5268  7561
 1234    3674  3997  7378  7434
 1235    4364  4365  4367  6972
 1236    4788  5783  4790  6846
 1237    2816  2821  2819  7280
 1238    5064  5061  5913  7136
 1239    5380  5382  6487  7508
 1240    6581  3416  6690  7567
 1241    1469  1238  1237  7533
 1242    3907  4009  3906  7399
 1243    1919  1334  1335  6423
 1244    1779  1806  6785  6836
 1245    5960  6160  6541  6553
 1246    6368  6286  6369  7240
 1247    2247  2252  2254  7303
 1248    2152  2155  2151  7313
 1249    6286  4614  6380  7557
 1250    2629  2596  6304  7175
 1251    6262  6111  6348  7471
 1252    3587  3575  3569  6444
 1253    5877  5948  6073  6437
 1254    1927  1925  6491  6509
 1255    2149  6014  6935  7313
 1256     910   909   339  6428
 1257    6327  5384  6487  7411
 1258    1448  1438  7300  7457
 1259    5839  5873  5889  5989
 1260    5661  5660  5414  6269
 1261    1245  6081  6153  6719
 1262    4072  4080  4078  6826
 1263    4479  4485  7383  7656
 1264    5825  5827  5885  5890
 1265    3017  2929  6480  7569
 1266    4532  4518  6872  7094
 1267    6738  6852  7058  7153
 1268     180   172   175  7104
 1269    3579  3582  6376  7165
 1270    1174  1178  1180  6287
 1271    6324  5087  7001  7155
 1272    5344  6653  7012  7110
 1273    1184  1185  6104  7285
 1274    4316  4315  4317  7517
 1275    6620  5222  6838  6978
 1276    2182  2197  2199  6133
 1277    5701   152   141  6833
 1278    1783  6816  7237  7647
 1279    2336  6408  2333  6789
 1280    4209  4386  6687  7146
 1281    6280  5652  6659  7284
 1282    5832  5996  6381  7628
 1283    6935  6823  7200  7312
 1284    3962  3781  3779  7525
 1285    2086  2087  1983  7551
 1286    1833  1846  7228  7237
 1287    1380  1673  1672  6720
 1288    1912  1907  7420  7618
 1289    3256  6238  6716  6753
 1290     134   660   661  6898
 1291    6162  6313  6953  7368
 1292    3223  2986  5995  7503
 1293    4792  6146  6616  7468
 1294    3934  3933  3932  7344
 1295    5254  5025  5024  7553
 1296    6152   603  6285  7467
 1297    2030  1978  2034  6166
 1298    5033  5041  5039  6398
 1299    4087  4095  4064  6995
 1300     943   941   938  7639
 1301    3833  3413  3831  6728
 1302    7016  1395  7295  7519
 1303    1465  1468  1467  7043
 1304    5288  5289  5065  7056
 1305    5283  5278  6398  6604
 1306    6154  4029  7020  7296
 1307    3517  3521  3512  6030
 1308    7047  4800  7388  7495
 1309    3389  3781  6390  6877
 1310    6425  5858  6506  6555
 1311    2568  2569  6176  7062
 1312    6511  6127  6865  7375
 1313     611   612   619  6968
 1314    2840  2839  6443  7613
 1315    1582  1606  1579  6584
 1316    4133  4140  4143  7459
 1317    4273  4262  7528  7542
 1318    5575  5580  5578  6046
 1319    1687  1714  1709  6899
 1320    5982  6290  6519  6954
 1321    4835  4836  5001  6706
 1322     447   461   451  6605
 1323    4466  4471  4473  7371
 1324     874   718   717  6757
 1325    1579  1578  6204  6274
 1326    1825  1829  2023  6168
 1327    4362  4368  7221  7632
 1328    4157  4160  4158  7246
 1329    3661  6213  6221  7029
 1330    5454  5473  6467  6696
 1331    3796  4395  6292  6884
 1332    6117  6356  6502  6726
 1333    3376  3375  3374  6179
 1334    5972  6062  6532  6573
 1335    5134  5136  6105  6180
 1336    6479  6694  7009  7626
 1337     186   176  6171  7431
 1338     229   227   228  6766
 1339    4305  4644  6401  6848
 1340     486   483  6220  6259
 1341    2408  2398  6560  7530
 1342    2748  2733  7266  7652
 1343    5216  5166  5215  6207
 1344    2487  2325  6927  2493
 1345    5925  5851  6174  6334
 1346    3453  3456  6035  6144
 1347    5414  5660  5413  6269
 1348    2415  2414  2413  6875
 1349     891   884  6319  7120
 1350    6772  5703  7229  7664
 1351    5922  5896  5942  6326
 1352    5487  5584  5486  7384
 1353    3372  3374  6179  7151
 1354     997  1347  6081  7179
 1355    6158  6212  7222  7622
 1356    5735  5726  6557  7442
 1357     969  6523  6574  7527
 1358     889   852   887  6319
 1359    5996  5944  6547  7515
 1360    4004  4007  7324  7378
 1361    5726  5725  6557  7442
 1362    6790  6550  6985  7647
 1363    2518  2841  6443  6982
 1364    4490  4477  7181  7656
 1365    5154  5117  6929  7342
 1366    2136  2129  2138  7000
 1367    5975  5858  6399  7627
 1368    3745  3742  3737  7497
 1369    6972  4372  7443  7632
 1370    2006  2016  2020  6618
 1371    6293  6631  6812  7010
 1372    5445  5444  7224  5441
 1373    1224  1213  6864  7510
 1374    5444  5441  5455  7224
 1375     931   930   932  6880
 1376    6343  7125  7501  7641
 1377    7144  6833  7449  7549
 1378    3435  3431  3436  7484
 1379    1300  1301  6680  7614
 1380    2757  2719  6580  7470
 1381    2282  2451  7075  2469
 1382    1662  1596  6181  7630
 1383     250    53   525  6842
 1384    5050  5275  5044  6011
 1385     561   535   534  6191
 1386    2991  3001  3000  7191
 1387    5440  5439  5438  7424
 1388    2695  2696  2697  7368
 1389     645   403  6643  7211
 1390    2959  2955  2954  6371
 1391    5734  5730  5731  6734
 1392    2149  1858  1857  7297
 1393     685   676   674  7657
 1394    5827  5824  5836  5848
 1395    2628  2734  2590  7175
 1396    5748  5754     4  6193
 1397    3385  3391  7302  7567
 1398    6028  5880  6158  6183
 1399    7259  3925  7351  7416
 1400    6113  6732  7477  7529
 1401     270  1554   273  6194
 1402    2931  6645  6792  7596
 1403    3931  3936  3935  7589
 1404    2124  6782  7537  7654
 1405    4485  4490  4484  7656
 1406    4056  4052  7156  7576
 1407    6652  6775  7095  7181
 1408    6129  6426  6907  7347
 1409    1555  1530  1556  7099
 1410    3051  3053  3048  6461
 1411    2131  2373  2372  7654
 1412    3544  3537  7195  7340
 1413    6740  4652  7301  7627
 1414    5960  6352  6516  7217
 1415    6031  6378  6487  6873
 1416    3704  3799  3805  6959
 1417    1760  1762  7163  7647
 1418    3235  3234  6149  7503
 1419    4164  4159  7246  7646
 1420    2999  2959  3001  6371
 1421    2162  6512  7200  7250
 1422    1829  1837  1838  7366
 1423    5525  4585  5526  7429
 1424    5915  5896  6486  6520
 1425    6046  5573  6307  7102
 1426    3242  3241  3429  6943
 1427    1337  1674  1916  6249
 1428    2528  2535  6562  6817
 1429      83  4953  6403  7011
 1430    5543  5397  6077  7157
 1431    6276  6125  6456  7529
 1432    5523  5522  5527  7290
 1433    2057  2060  6851  7216
 1434    1788  1779  6686  7202
 1435    1104  1103  6194  6827
 1436     579   842   838  7362
 1437    3476  3477  6670  7484
 1438     705   698   736  6971
 1439    2214  6811  6869  7590
 1440    5861  6209  6896  7235
 1441    2478  2483  2482  6705
 1442    2471  2473  2467  6942
 1443    4937  5058  5913  7071
 1444    6291  5937  6593  7444
 1445    3005  3002  3004  7270
 1446    7109  2782  7130  7530
 1447    5912  5853  5937  6291
 1448    1363  1376  1365  7377
 1449    1554  1104  6194  6342
 1450    6309  5918  6418  7427
 1451    6868  6980  7406  7328
 1452    1558  1554   270  6773
 1453    6357  7133  7613  7642
 1454    6325  6387  7308  7568
 1455    6455  6244  6893  7473
 1456    5833  5862  5919  6119
 1457    2690  3080  2699  6336
 1458    5942  5915  6824  6913
 1459    6828  6506  4307  7087
 1460    2636  2634  2363  7509
 1461    1241  1236  6755  6863
 1462    7145  6772  7398  7464
 1463    3762  4949  6296  7013
 1464    5116  5101  7278  7342
 1465    3845  3850  7198  7385
 1466    3612  3613  6950  7392
 1467    4459  4977  6244  7359
 1468    2050  2587  2053  6519
 1469     173   167  6847  7104
 1470    5987  5955  6123  7145
 1471    1167  1170  1488  7113
 1472    3708  6771  6814  7152
 1473    2720  2707  5813  7615
 1474    4190  4191  4181  7594
 1475    1380  1672  1378  6720
 1476    4095  4087  6918  6995
 1477    2911  2897  2896  6209
 1478     252   254   259  6619
 1479     175   165  5807  7104
 1480    1340  1003  1342  6983
 1481    4618  4620  7582  7627
 1482    3608  3579  6376  6950
 1483    2471  6126  6722  6942
 1484    3322  3323  3329  7638
 1485    2826  2797  6222  6900
 1486    2162  2177  6512  7250
 1487    3598  3553  3600  7355
 1488    6483  5942  6736  6866
 1489    5212  6256  6734  7396
 1490    2186  2171  2185  7395
 1491    3758  3754  6237  6526
 1492    1106   825   519  7315
 1493    5694  5730  5696  6734
 1494    2844  2827  6888  7613
 1495    6995  6200  7134  7331
 1496    1617  1658  1616  6553
 1497    2315  2321  6365  7327
 1498    4188  4192  4193  7242
 1499    1417  1702  1420  6317
 1500    1751  6061  7122  7163
 1501    4594  6368  6369  7620
 1502    5889  6135  6200  7020
 1503     510   509   504  6068
 1504    4609  4608  6120  6472
 1505    6340  6244  6546  6676
 1506    3680  3619  6028  7361
 1507    3937  3935  6912  7333
 1508     875   876   865  7045
 1509    6980  6868  7406  6004
 1510    6404  6673  7374  7661
 1511    6921  6162  6953  7513
 1512    5856  5844  5903  6023
 1513    4863  4783  4782  7139
 1514     476   481   477  6220
 1515    6271  5925  6449  6985
 1516     219   183   185  7161
 1517    4095  4087  4094  6918
 1518    3484  3464  3483  7358
 1519    1583  1802  6688  7412
 1520    6352  5984  6516  7492
 1521    4329  4333  4330  7336
 1522    6007  6017  6599  7053
 1523    3887  3890  6366  7254
 1524    5911  6020  6340  6455
 1525     972  1021  6520  7085
 1526    3956  3955  7310  7392
 1527     702   703  6898  7204
 1528    6561   269  6635  7290
 1529    3763  3759  3765  6587
 1530    5921  5914  5947  5969
 1531    3410  5985  6690  2673
 1532    5973  6165  6835  7441
 1533    7044  6331  7318  7382
 1534    4973  4974  4963  7522
 1535    2728  6359  6461  7489
 1536     177     5   176  6171
 1537    5299  6786  7212  7352
 1538    2070  2075  2067  7631
 1539    3821  3817  6257  7587
 1540    6820  6060  6861  7003
 1541    4395  3794  3793  7444
 1542    6049  6023  6619  7031
 1543    3661  3656  6606  7029
 1544    3834  3827  3826  7444
 1545    6065  6604  6938  7283
 1546    2510  2519  6145  7281
 1547    1313  1311  1254  7065
 1548    7241  6525  7528  7646
 1549    1239  1230  6788  7533
 1550    4739  4737  4747  6172
 1551    5548  5539  5541  7448
 1552      90  5665  6585  7287
 1553    4800  4811  4812  7388
 1554     210   497   211  6089
 1555    6697  6615  6767  7189
 1556    1002  1030  6463  7049
 1557    5997  5869  6394  6738
 1558    5644  5410  7203  7206
 1559    6243  5662  6538  7330
 1560    1062  1063  6831  6947
 1561      34    35    41  7325
 1562    5892  6219  6333  6697
 1563    3425  3421  3426  7042
 1564    6100  6610  7041  7043
 1565    3803  3802  6540  7583
 1566    5929  6983  7049  7179
 1567    2201  1928  6491  7227
 1568    1562  1567  1486  7437
 1569    4583  4234  6583  7444
 1570    7266  2733  7311  7652
 1571    4352  4455  4351  6558
 1572     394  6648  6968  7637
 1573    4170  4004  6184  7378
 1574    1548  1777  1775  6836
 1575    6122  5866  6211  6445
 1576    5857  5839  5878  5899
 1577    2229  2225  2227  7091
 1578    3423  6314  6672  7042
 1579    2869  2870  7055  7252
 1580    4224  4219  4225  6910
 1581    6057  5946  6065  6604
 1582     479   477  6939  7531
 1583    3462  3620  3460  6144
 1584    5069  5060  5062  7136
 1585       1  5762  5760  6744
 1586    5576  5570  5575  7393
 1587    6153  1247  6755  6778
 1588    3955  3604  3605  7310
 1589    1134  1131  1132  6669
 1590    1863  6485  6796  7365
 1591    5824  5851  5872  5921
 1592    5501  5502  7236  5506
 1593    2155  2156  2154  7250
 1594    4106  3849  3847  7198
 1595    4834  4833  6698  6914
 1596    5021  5019  6938  7073
 1597    2775  2768  2770  6351
 1598    5934  6110  6143  6452
 1599    1650  1640  1646  7641
 1600     864   870   867  7045
 1601    2322  6047  6408  7322
 1602    5836  5845  6104  6162
 1603    2335  2337  2331  6408
 1604    6202  6248  6654  6912
 1605    3000  2993  2995  7191
 1606     414   158   160  7144
 1607     361   359   360  7009
 1608     442   437   434  7161
 1609    5581  6046  5579  6961
 1610    6234  6278  5864  6377
 1611    4842  6622  6655  6858
 1612    6260  6567  6622  6655
 1613    4395  6494  6593  6884
 1614    6136  6943  7234  7595
 1615    5095  6588  7278  7518
 1616    1794  1789  1798  7202
 1617     562   535  6634  7031
 1618    2944  2945  6348  6979
 1619    6416  2546  6667  6822
 1620     659   721   658  6824
 1621     949   947  1270  6076
 1622    3835  3830  3828  6728
 1623    4596  4597  4598  7240
 1624    1601  1598  1604  6925
 1625    5098  5384  5099  6327
 1626    5320  4990  4996  6986
 1627     586   585   606  6854
 1628    6251  6477  6709  7294
 1629    4736  4738  6503  7607
 1630    1227  1230  6310  6788
 1631    6206  5513  7223  7463
 1632    4098  4099  4101  6924
 1633    6227  6074  7355  7445
 1634    2806  2669  6508  6776
 1635    4501  4502  4513  7282
 1636    1788  6686  6785  7202
 1637    6137  7147  7199  7403
 1638    2709  2716  2715  6528
 1639    5684  5683  5690  7398
 1640    5883  6030  6318  6716
 1641    1490  7320  7487  7559
 1642    1525  1511  1504  6835
 1643    6136  5838  6651  6716
 1644    3098  3091  3101  6478
 1645    6069  5934  6452  7083
 1646    6460  5863  6819  7185
 1647    6024  6250  6602  6944
 1648    1182  5979  6218  6544
 1649    6723  6153  6755  6778
 1650    3357  3356  6868  7328
 1651    2361  6446  2074  6992
 1652    2708  6746  7415  7430
 1653     412   452   418  7498
 1654    4467  4468  6914  7359
 1655     401   409  6643  7060
 1656    1541  1781  6061  7122
 1657    4403  4404  6295  7176
 1658    3581  3587  6444  7466
 1659    3415  3413  6581  7199
 1660    6056  6015  6766  7531
 1661    4144  4152  7321  7323
 1662    1166  6492  7113  7545
 1663    1227  1232  1230  7510
 1664    1189  1202  6597  7493
 1665    3390  3391  3389  7302
 1666    1714  1952  1690  7217
 1667    6001  6239  6611  7072
 1668    3241  3243  3246  7649
 1669     736   737  6534  7258
 1670    3210  3190  3188  7171
 1671     138   174  6418  7546
 1672    5956  6204  6274  6725
 1673    4417  4660  6503  7607
 1674     495   471  6699   499
 1675    1160  1163  6492  7545
 1676    2324  2321  2328  7322
 1677    5336  5342  5337  6644
 1678    6794   762  7148  7209
 1679    4233  4228  4236  6834
 1680    1722  1734  1745  7326
 1681    1865  1866  1821  6903
 1682    2774  2771  6364  7413
 1683    1772  1766  6953  7513
 1684    3872  3880  6417  6843
 1685    3667  6212  6904  7434
 1686    1662  1596  1328  7005
 1687    7108  2801  7116  7645
 1688    3228  3230  6141  7471
 1689    1362  6665  7016  7295
 1690    2471  2469  2470  6942
 1691    6433  5968  6650  7604
 1692     149   146    90  6242
 1693    6876  6507  6945  7655
 1694    4259  4258  7174  7586
 1695    5510  5541  5540  6090
 1696    4163  4261  7563  7646
 1697    1345  1348  6707  6778
 1698    2929  2927  6700  7569
 1699    4258  4255  7307  7586
 1700    5068  5060  5069  7136
 1701     280   281    62  6556
 1702     850   848   851  7101
 1703    1591  1589  6680  7277
 1704    6245  2462  6321  6927
 1705    3992  3987  3984  6270
 1706    6531  6548  6999  7390
 1707    4102  4097  5794  7079
 1708    2866  2851  7055  7252
 1709    4463  4458  4459  6244
 1710    5119  5101  6532  7411
 1711    1455  6344  1446  7300
 1712    3815  3798  6928  3800
 1713     140   136   130  7546
 1714    3997  3672  6387  7434
 1715    4900  4898  4906  6999
 1716     896   897   899  6920
 1717    3829  3832  3828  6728
 1718    4817  4811  7388  7514
 1719     192   200  6498  6922
 1720    5390  6195  5386  5355
 1721    5988  6524  6931  7098
 1722    1311  1478  1474  7041
 1723    2736  2628  2624  7077
 1724    6224   974  6527  6574
 1725    5316  5315  7213  7603
 1726    5275  5284  5044  6247
 1727    6072  6019  6162  6440
 1728    4079  4081  4080  6826
 1729    3159  3388  3157  6390
 1730    5652  5654    65  6659
 1731    5568  6961  7393  7592
 1732    6329  1412  6702  7245
 1733    5488  5485  6500  6795
 1734    4949  4729  6679  7013
 1735    6293  5056  6812  6986
 1736    6510  6253  7007  7291
 1737     119   120   121  7276
 1738    5956  5931  6010  6246
 1739    2278  6852  7127  7356
 1740    3717  3714  6771  7152
 1741    2985  3018  3261  6275
 1742    6329  5973  6404  7474
 1743    4155  4165  7563  7646
 1744    1592  1593  6897  7277
 1745    3724  3719  3728  7046
 1746    3732  3520  3526  6236
 1747    5251  5241  5240  6998
 1748    4993  4989  4978  7081
 1749     132   130   136  7546
 1750    6520  5929  7639  5896
 1751    6472  6122  6533  7341
 1752    6001  6615  6697  7072
 1753    6542  6106  7101  7186
 1754    4337  4065  6624  7096
 1755    6123  5955  6379  7145
 1756    5312  5316  7213  7603
 1757    5935  5961  6070  6522
 1758    3541  3522  5815  6254
 1759    3736  3734  7117  7497
 1760    6178  6094  6363  6422
 1761    2803  2673  2805  6856
 1762    4137  4142  4138  7106
 1763    5056  5313  6812  5772
 1764    6228  6202  6654  7502
 1765    6478  6161  6809  7063
 1766    1877  1864  6903  1865
 1767     828  7478  7626  7653
 1768    6714  2761  7413  7488
 1769    5600  5597  5598  7137
 1770    3968  3969  3965  6654
 1771    6543  7002  7360  7588
 1772    3066  3064  6465  6958
 1773    3748  3755  3756  7286
 1774     786   785   787  6543
 1775    6523  6224  6574  7527
 1776    4738  4660  4736  6503
 1777    7402  6835  7441  7559
 1778    2583  2576  6341  6710
 1779    2997  2999  2998  7162
 1780    6188  5920  7140  7554
 1781    2355  2366  5835  7107
 1782    6622  6393  6655  6858
 1783    7243  1364  7377  7380
 1784     591   381  6648  7066
 1785    6639  6691  6791  6957
 1786    5234  5230  6436  7555
 1787    6665  1358  7016  7021
 1788    3319  3321  6465  7032
 1789    3262  3264  6078  7500
 1790    2636  2632  6739  7509
 1791     547   689   687  6960
 1792    3863  3872  3874  6330
 1793    6261  6102  6821  7314
 1794    5943  6479  6694  7009
 1795    5897  6161  6907  7316
 1796    1663  1662  6147  7581
 1797    6203  3275  6657  7339
 1798      65    95    68  6659
 1799    6181  1325  6405  7124
 1800    5503  5476  5243  6886
 1801    6285  6022  7149  7362
 1802    1912  6599  7153  7618
 1803    6577  6530  7247  6425
 1804    5683  7192  7398  7464
 1805    4346  4339  6632  4341
 1806    3495  3497  3496  6646
 1807    3706  3705  6959  7152
 1808     174   131   168  6418
 1809    6071  6392  6797  6919
 1810    4591  4260  4259  7586
 1811    3598  3557  7355  7445
 1812    3365  3339  3366  6770
 1813     995   998   997  7179
 1814    1931  1933  1890  6098
 1815    2771  2773  2765  7413
 1816    3238  3243  6943  7234
 1817    3428  3480  6367  6996
 1818    5409  5414  5416  6269
 1819     300  1553  5811  6987
 1820    5663  5662  6243  7287
 1821    3504  3515  3512  6965
 1822    2134  2126  2118  6782
 1823    5257  5242  6350  6372
 1824    5357  5003  6460  7619
 1825    1743  1739  1771  6476
 1826    6070  6284  6522  6687
 1827    3721  3728  3723  6617
 1828    6042  5974  6223  6693
 1829    3892  3881  3891  7007
 1830    5387  6378  6873  7508
 1831    2463  2285  2465  6504
 1832    5840  5894  6534  6963
 1833    6293  5913  6940  7185
 1834    1919  2296  1334  6423
 1835     431   429  7098  7410
 1836    1269   955  1264  6276
 1837    6357  7133  6205  7067
 1838    6409  3133  6715  6721
 1839    5824  5826  5837  5844
 1840    6325  6400  6552  6554
 1841    1483  1478  6064  6405
 1842    6266  2860  2859  7133
 1843    7192  7145  7398  7464
 1844    6613  6681  6545  6394
 1845    2291  2206  6208  6806
 1846    1433  1428  1449  7298
 1847    1239  1238  7533  7636
 1848    6065  6350  7283  7433
 1849    4519  6872  6902  7494
 1850    3240  3246  3243  7234
 1851    5318  5317  7154  7603
 1852     807   805   806  7187
 1853    3847  3849  3850  7198
 1854    2863  2872  2867  6667
 1855    3968  3963  6466  6638
 1856    6322  4960  7522  7663
 1857    6504  5997  6738  7263
 1858    1821  1866  6692  6903
 1859    6679  4174  4173  7013
 1860    5487  5488  5485  6500
 1861    3442  3450  3448  7057
 1862    1565  1540  6663  7105
 1863    6338  6016  7086  7211
 1864    4495  4498  4497  7314
 1865    1310  1315  1308  7173
 1866    1636  1814  1801  7412
 1867    5146  4860  6929  7386
 1868    4569  4570  4576  6283
 1869    1868  6903  7425  7465
 1870    2089  2098  6331  7044
 1871    4974  6940  7522  7539
 1872    6408  6422  6559  6789
 1873    4480  4481  6775  7656
 1874    2791  2801  2800  7116
 1875    4449  4447  6424  7574
 1876    5891  5864  6084  6241
 1877    3984  3987  3990  6265
 1878    6461  6235  6958  7536
 1879    6183  6158  7197  7222
 1880    6177  6184  6387  7324
 1881      95    67    68  6659
 1882    1538  1456  6382  7255
 1883    4942  4933  4966  7405
 1884    4916  4912  4915  6407
 1885    5999  6167  6822  6830
 1886    5566  6434  6955  7337
 1887    3379  3343  3135  6409
 1888    1325  1571  6405  7124
 1889    2292  2302  6806  7600
 1890    6282  6189  6385  6561
 1891    6189  5594  6385  6561
 1892    5090  5385  5331  7476
 1893    6195  5355  7012  7110
 1894     682  6134  6338  6524
 1895    4106  4127  4124  6726
 1896    6052  4107  6128  6356
 1897    3879  3872  6417  6853
 1898     876   883  6252  7335
 1899    3653  3895  3898  7351
 1900    1909  2192  2180  6894
 1901     449   193   448  7035
 1902    6099  2100  7318  7654
 1903    3656  3660  6606  7029
 1904    5934  5965  6110  7011
 1905    5882  6016  6507  6876
 1906    5838  5883  6651  6716
 1907     466   473  5978   467
 1908    6316  2501  2435  6335
 1909    2684  2682  6511  7375
 1910    3988  4101  3989  6924
 1911    1325  1600  1571  7124
 1912    3758  3632  6526  7286
 1913     122   118  6384  7123
 1914    5678  5674  5671  7123
 1915    3812  4107  6052  6257
 1916    2123  2103  7318  7382
 1917     986   937   992  6719
 1918    6297  6306  6323  7455
 1919    6857  6426  7347  7394
 1920    1867  1871  1872  7465
 1921    6411  6409  6715  6721
 1922    2739  2732  2740  6346
 1923     171   138   174  6418
 1924    2138  2136  7000  7537
 1925    4768  4771  4764  6601
 1926    5899  5832  6187  6253
 1927    4647  4643  4650  7301
 1928    4281  4617  6555  7627
 1929    3287  6078  6275  7659
 1930    2039  7026  7178  7481
 1931    1892  1864  6197  6903
 1932    5954  5912  6232  6295
 1933    1571  1599  1572  7124
 1934    6793  4716  7239  7534
 1935    3586  3581  6578  7466
 1936    2845  2518  2839  6888
 1937    6479   356  7009  7253
 1938    4288  4294  6530  7087
 1939    5922  5896  5929  6707
 1940    4794  4792  7468  4787
 1941    6833   144  7449  7549
 1942    5891  5895  6302  6712
 1943    6436  5976  7260  7433
 1944    4089  4086  6918  7578
 1945    2855  2854  2853  7133
 1946    6210  6002  6667  7055
 1947    6874  7309  7385  7507
 1948    6308  5886  6342  6773
 1949    1924  2033  2202  6170
 1950    6079  6169  6653  7476
 1951    3867  3851  3873  6853
 1952    6818  7228  7365  7624
 1953    3030  6294  6840  7606
 1954     807   811   812  7187
 1955    4453  4454  6730  7454
 1956    2056  2382  2051  6290
 1957     929   927  6483  6880
 1958    2199  2273  6394  7153
 1959    6810  7019  7326  7421
 1960    3538  3539  3532  6657
 1961    6232  5912  6292  6295
 1962     924   923   931  6880
 1963    2173  2179  2156  7250
 1964    4043  4072  6554  7292
 1965    2022  2026  2025  6671
 1966    6027  5168  5170  7579
 1967    5865  5871  6185  6691
 1968    2477  2479  2557  6705
 1969     120   121  7276  7552
 1970    1020   793  1132  6669
 1971    5556  5139  5560  6661
 1972    2092  2125  6782  7506
 1973    2220  2219  2214  7590
 1974    4326  6340  6546  6848
 1975    6309  6069  7100  7276
 1976    3464  6412  6996  7358
 1977    5884  6083  7477  7529
 1978    3646  3649  3645  6213
 1979    2793  2802  7108  7645
 1980    1277  1274  7018  7269
 1981    5606  5605  5604  6783
 1982    5594  5596  5595  6783
 1983    1795  1787  1794  6816
 1984    6341  2577  6746  6887
 1985    4259  4255  4258  7586
 1986    1347  1340  6081  7179
 1987    3639  3887  6366  6526
 1988    6219  6333  6697  7015
 1989    5529   262   269  7290
 1990    6471  6040  6811  7318
 1991    2109  2106  2113  6703
 1992    6099  2103  7044  7318
 1993    2619  2388  2620  6518
 1994    2745  6701  7266  7311
 1995    3232  3263  6149  7500
 1996    5996  5944  7515  7628
 1997    1540  1546  6382  7105
 1998    5888  2910  6969  6989
 1999    5998  5949  6310  6864
 2000    2822  6865  2790  6892
 2001    5864  5908  5983  7529
 2002    1540  6382  6663  7105
 2003    6641  6089  7218  7523
 2004    6443  6357  7067  7613
 2005    5882  5876  6353  6736
 2006    6454  6185  6691  6957
 2007    3854  6874  7385  7507
 2008    2354  2345  2344  7107
 2009    6061  1434  6344  6975
 2010    2539  2527  2541  7138
 2011    6226  6201  6929  7278
 2012    5029  5024  5027  7553
 2013    2465  2287  6927  7263
 2014    6360  6529  6864  7510
 2015    2483  2479  2481  6705
 2016    1013  1014   731  6732
 2017    2371  2123  2372  7318
 2018    2841  5800  6443  6982
 2019    4101  6199  6924  7292
 2020     483   476   485  6220
 2021    1097   850   851  7101
 2022     262   264   269  6635
 2023    5707  5706  5438  6689
 2024    5292  5400  5286  6598
 2025    2073  2075  6751  7631
 2026    6237  3751  7515  7628
 2027    5773  2165  6545  6934
 2028    3567  3574  3571  7466
 2029    5344  5334  5347  7012
 2030    1844  1851  1847  7228
 2031    6336  3081  6626  7334
 2032    2144  2152  2143  7313
 2033     804   808   810  7482
 2034    2152  2153  2143  7313
 2035     277   276   275  6312
 2036    6799  6160  7188  7516
 2037     975   977   969  6574
 2038    3416  3384  3412  6690
 2039    5965  5994  7083  7306
 2040    3815  3800  6928  7583
 2041    3523  3539  3538  6657
 2042    6383   134  6898  7251
 2043    2346  2326  2338  6186
 2044    3587  3581  3584  7466
 2045      27    31    32  6433
 2046    5002  4837  5003  6891
 2047    2640  2647  2616  6521
 2048    2833  2797  6900  7108
 2049    4435  4042  6325  7308
 2050    6396  6952  7064  7614
 2051    1718  1720  6899  7421
 2052    2126  6099  6782  7654
 2053    4800  4798  7047  7575
 2054     894   885   886  6319
 2055    5988  5867  6039  6576
 2056    4134  4244  6944  7106
 2057    2433  2436  2427  6704
 2058     167   168  6418  7104
 2059     849   835   847  6285
 2060     803   808   801  7482
 2061    1688  1714  1690  6516
 2062    2123  5784  2131  7318
 2063      73    72    77  6659
 2064    6546  6340  6676  6848
 2065    6279  6152  6854  7602
 2066    4750  4751  6300  6871
 2067    6364  6272  7413  7611
 2068    3523  3522  3526  6236
 2069    3548  3547  3545  6091
 2070    6233  6866  7061  7363
 2071    4749  4718  6172  6322
 2072     830   831   832  6323
 2073    7092  1792  7237  7624
 2074    6879  6029  6607  6903
 2075    6399  6555  6841  7354
 2076     880   879   883  7120
 2077    6267  6769  6913  6960
 2078    6520  5929  5896  6463
 2079    3716  3715  3702  6825
 2080    1352  1330  6464  7005
 2081    3315  6582  6860  7275
 2082    6835  6281  6984  7402
 2083    3510  3509  3507  6965
 2084    3594  3595  7445  7622
 2085    4431  4042  4429  6325
 2086    1962  1963  1966  7226
 2087    2635  2649  5812  7376
 2088    2356  2074  2112  7118
 2089    5613  5614  5609  6885
 2090    6507  6697  6767  6798
 2091    6039  6505  6931  7498
 2092    1229  1222  6360  7510
 2093    2896  2891  6447  7438
 2094    6182  6231  6483  7120
 2095    3571  3574  3577  7466
 2096    6095  6006  6717  6867
 2097     143   141   144  6833
 2098    3278  3269  7500  7616
 2099    2602  2598  6887  7577
 2100    2669  2678  6053  7294
 2101     339   338   341  7267
 2102    3899  3898  7351  7399
 2103    5827  5843  5851  5877
 2104    2356  2112  2660  7118
 2105    5011  5015  6633  7532
 2106    7391  6146  7468  7486
 2107    6024  6075  6630  7563
 2108    3940  3621  3975  6028
 2109    6310  6788  6864  7510
 2110    5895  6302  6344  6382
 2111    1455  1456  6344  7300
 2112    1981  1978  1979  6951
 2113    6217  3715  6771  7046
 2114    5481  5738  5469  6795
 2115     194  6114  6498  6922
 2116    6039  5957  6114  6498
 2117    3239  3243  3238  7234
 2118    4312  4319  4317  7517
 2119    5166  5230  5215  6207
 2120     919  1303   914  7064
 2121    3538  3532  3536  6657
 2122    5006  5018  6938  7532
 2123    5598  5599  5600  6783
 2124    2983  2984  2974  6332
 2125    1164  1167  6754  7545
 2126    1490  1502  7320  7559
 2127    2827  2816  2517  6888
 2128    2142  2152  2144  7313
 2129    3048  3050  5967  6461
 2130    6762  4438  6774  6871
 2131    2695  2653  2106  6637
 2132    2960  2996  2964  6371
 2133     613   626  6876  7329
 2134    1684  6516  6541  6553
 2135    6539  6437  6804  7116
 2136    3556  3558  3566  6227
 2137    2577  2574  2604  6887
 2138    6430  6020  6595  7336
 2139    1805  6692  6785  7550
 2140    2275  2272  2277  7127
 2141    5825  5828  5900  6043
 2142    5192  5187  5188  6198
 2143     595   596   606  7602
 2144    6017  6029  6174  6496
 2145    6060  5975  6820  6861
 2146    3671  3667  3670  6904
 2147    5121  5124  5128  7342
 2148    6311  6818  7228  7365
 2149    6457  6169  6644  7476
 2150    6375  6584  6663  7105
 2151     236   505   503  6015
 2152     164   169  5723  6847
 2153    5954  6232  6277  6295
 2154    1089  1083  5979  6544
 2155     601   585  6388  7215
 2156    3820  3817  6257  7198
 2157     218    26   213  7033
 2158    5955  6109  6631  6994
 2159    6350  6163  6057  7461
 2160    2588  2594  2564  7030
 2161    2292  2301  2303  7600
 2162     679   639   635  6338
 2163    2252  2249  2253  7303
 2164    6162  6104  6438  6476
 2165     525   367   527  6358
 2166    5965  5994  6403  7011
 2167    2461  2472  6349  6722
 2168    4956  4954  4953  6403
 2169    6116  6467  6881  7428
 2170     458   450   460  7417
 2171    1516  1514  6061  6975
 2172    3193  3192  3185  6314
 2173    1925  1915  6491  6509
 2174    1350  1354  1356  7016
 2175    3665  3664  6212  6904
 2176    5869  5875  5881  5966
 2177     462   461  6130  6605
 2178    3033  3307  6860  7367
 2179    4799  6445  7047  7575
 2180    6058  6074  6371  7142
 2181    5062  5060  5061  7136
 2182    1484  1476  7041  7617
 2183    6533  6122  6636  7341
 2184    5904  5858  5975  6740
 2185    2123  2100  7318  2103
 2186    6299  6539  6715  7261
 2187    6246  5931  6607  6692
 2188    1070  1156  1061  6947
 2189    2230  2244  6415  7091
 2190    5430  5378  6034  7424
 2191    6072  1736  7421  7572
 2192    1572  1574  6584  7124
 2193    6050     4  6623  6847
 2194    2452  2453  2455  6722
 2195    5944  5852  6237  7628
 2196    2811  2671  2806  6776
 2197    5344  5333  5334  7012
 2198    3537  3538  3536  6657
 2199    4398  4396  4397  7176
 2200    4649  4654  4655  7301
 2201    6174  6485  6796  6879
 2202    3353  3351  6949  7367
 2203    3555  3566  3565  6227
 2204    2266  2189  6599  7153
 2205    5750  5748  6727  7640
 2206    5968  6258  6650  7233
 2207    1057   815  1056  6419
 2208    3573  6091  7195  7466
 2209    4800  4796  4807  7047
 2210    5385  5383  5331  7476
 2211    1371  1374  1373  6883
 2212    2681  2680  2506  6315
 2213    3344  6517  6905  7328
 2214     417   415  6505  7060
 2215    6818  1800  7092  7624
 2216    1230  1239  6788  7636
 2217    2801  2791  2797  7116
 2218    3315  3551  6582  7275
 2219    2838  2836  6900  7063
 2220    2884  5787  2911  6209
 2221    5289  6247  7056  7584
 2222    2241  2250  2242  7303
 2223     216   221  7033  7604
 2224    6550  6271  6790  6985
 2225    5592  5760  6744  7248
 2226    6738  6504  7263  7372
 2227    3932  3934  7344  7502
 2228    2517  2687  6511  6888
 2229    3063  3318  6298  6759
 2230     983   967  6233  6520
 2231     591   592  6279  6854
 2232    2720  2723  2707  6761
 2233    2411  2404  2422  6288
 2234    1065   818  6148  6419
 2235    1922  1923  6423  6509
 2236    1012  1018  1019  6125
 2237    1931  6098  6289  7516
 2238    2127  2128  2134  7000
 2239     629   630  6016  6876
 2240     653   648   655  7407
 2241    2153  2146  2147  7313
 2242    2443  2449  2440  7401
 2243    5839  5873  6107  6232
 2244    6567  5104  6622  7548
 2245    6191   534  7066  7070
 2246    4564  4558  4565  7469
 2247    6709  6930  7118  7271
 2248    5332  5333  5341  6644
 2249    1012  1018  6125  6906
 2250    5921  5925  6055  6449
 2251     776  1036  6389  6391
 2252     726   724   723  6353
 2253    6721  6411  7357  7605
 2254    6020  6430  6632  7397
 2255    1267   916  6076  6952
 2256    6653  6786  7040  7476
 2257    4635  4637  4634  6535
 2258    3042  3044  6359  6461
 2259    4781  4777  6042  7139
 2260    3052  3045  3061  6958
 2261    7073  4907  7439  7532
 2262    6300  6169  6937  7001
 2263    4487  4488  4442  7383
 2264    6314  3194  6672  7171
 2265    6084  5891  6264  6975
 2266     935  6866   923   933
 2267    7002   782  7360  7588
 2268    2836  3162  6674  7063
 2269    3168  3167  6674  7261
 2270    5261  6372  7511  7561
 2271    6267   674  7410  7657
 2272    5888  2910  6989  7235
 2273    4165  4163  7563  7646
 2274    3643  3641  6213  6526
 2275    1514  1434  6061  6975
 2276    2454  6722  2452  7180
 2277    6639  6454  6691  6957
 2278    2150  2155  7312  7313
 2279    2520  6145  6335  7281
 2280    6412  6101  6825  7089
 2281    3773  3771  3767  7014
 2282    5891  5916  5998  6788
 2283    1364  1371  1370  6883
 2284    2444  2437  7075  7303
 2285    2232  2187  6613  7395
 2286    6344  1541  7122  7255
 2287    1206  1193  6264  6923
 2288    2313  2281  7037  7263
 2289    3305  3578  3568  6444
 2290    6059  1299  6489  7380
 2291    1529  1528  1104  6342
 2292     781   488  7478  7588
 2293    2781  2789  2780  7115
 2294    6426  6943  7234  7505
 2295      98  5662  6243  7330
 2296    2601  2346  2338  6186
 2297    7042  3419  7387  7490
 2298    6257  3820  6928  7587
 2299    5195  5185  5007  6882
 2300    1941  1940  7188  7257
 2301    2349  2338  6230  7027
 2302    2307  7062  7452  7600
 2303    1494  1405  6673  6748
 2304    3999  6177  4171  7014
 2305    3171  3168  6674  7261
 2306     888   890   894  6319
 2307    2949  2935  6645  6792
 2308    4037  3916  4034  7292
 2309    6250  6024  6630  7307
 2310    6279   589  6634  7602
 2311    5169  5171  5178  7579
 2312    5993  6124  6325  6554
 2313    5110  6386  7082  7238
 2314     229   261  6049  6650
 2315    3172  3170  3165  6962
 2316    3829  3786  3774  6877
 2317    3734  3733  3740  7497
 2318    4660  4736  6503  7607
 2319    4819  4445  4446  7126
 2320    3740  3739  6724  7497
 2321    4839  4765  4768  6601
 2322    5874  5993  6086  6387
 2323    5323  5367  6994  7190
 2324     381   385   591  6648
 2325    1221   930   939  6801
 2326    6268  6169  6457  7352
 2327    6538  6280  6807  7262
 2328    4624  4278  4619  7582
 2329    1378  6883  7243  7245
 2330    5075  5077  5336  6644
 2331     954   950  6802  7353
 2332    2495  2500  2494  7111
 2333    3335  3334  6845  7638
 2334    6194   270  6635  7253
 2335    5438  5432  6374  7317
 2336    2976  2977  2971  6711
 2337    2674  3081  5985  6053
 2338    1752  1515  6061  6984
 2339    4305  5939  6506  6577
 2340    6777  6559  7168  7257
 2341    1406  1403  7474  7662
 2342    6235  6759  7379  6627
 2343    2275  2274  2278  7356
 2344    5997  6504  6681  7075
 2345    3808  6115  7571  7580
 2346     553   799   801  7482
 2347     374   537   527  7135
 2348    2762  2758  2759  7488
 2349    2828  2826  2821  7280
 2350    2495  2489  2499  7111
 2351     593  6279  6854  7602
 2352    2444  2437  2439  7075
 2353    4929  4932  6756  7405
 2354    3357  3348  3356  7328
 2355    3869  4152  4151  7323
 2356    5826  5844  5854  5865
 2357    6653  6169  6786  7476
 2358    4828  4826  5081  7159
 2359    6366  6187  6526  7254
 2360    1877  1868  6903  7425
 2361    4507  4508  4505  7282
 2362    2468  2283  6504  7356
 2363    4040  4048  4047  7308
 2364    3216  3242  7347  7505
 2365    5955  5986  6269  6855
 2366    1904  1930  7053  7150
 2367     594   607   603  7008
 2368    2871  2877  6266  7252
 2369    3891  3881  3894  6366
 2370    6694  6080  7315  7626
 2371    5053  5049  6011  6395
 2372    5182  5185  5184  6882
 2373    6037  6020  6632  7096
 2374    4873  4875  4817  6636
 2375    6663  1486  7124  7617
 2376    7349  6503  4417  6676
 2377    5107  5112  5111  7548
 2378    1849  1858  1839  7297
 2379    1941  1940  1942  7188
 2380    6364  2771  2765  7413
 2381    3350  3351  3353  7367
 2382    2111  6440  6703  7326
 2383    6248  3959  6654  7502
 2384    5982  5846  6176  6414
 2385    6152  6022  6285  7362
 2386    6094  2342  6363  6422
 2387    5801  2378  7436  7558
 2388    5058  4937  4941  7071
 2389    1814  1817  1818  7128
 2390    1888  1887  1885  7451
 2391    1883  2175  6435  7451
 2392    2921  2711  5888  6969
 2393     537   532   527  7135
 2394    5982  5877  6290  6518
 2395    2659  2657  2658  7271
 2396    6756  6749  6976  7093
 2397    3201  2946  3202  6907
 2398    4378  4370  4375  7443
 2399    5881  6112  6167  6413
 2400    5830  5827  5862  5890
 2401     971   970  6486  6520
 2402     374   534   537  7135
 2403    6109  6819  7190  7521
 2404    1860  1855  6485  6818
 2405    2171  2176  7305  7395
 2406    5969  5992  6084  6835
 2407    5073  6644  7001  7544
 2408     138  6418  7251  7546
 2409    5476  5222  5247  6838
 2410     204   205   206  7218
 2411    4156  6442  7242  7321
 2412    1172  1167  1492  7487
 2413    6190  6517  6868  6905
 2414    6228  3956  7310  7392
 2415    1264  1270  1265  6906
 2416    2391  2399  6787  7299
 2417    5983  6241  5864  6469
 2418    6112  6416  6817  7556
 2419    5857  5889  6202  6912
 2420    1000  6719  7049  7179
 2421    7104   180  7427  7431
 2422    6084  6241  6441  7113
 2423    2331  2330  6094  6408
 2424     953   954  6802  7353
 2425    2590  2990  2573  7270
 2426    1334  1335  6423  6489
 2427    6596  3158  7302  7567
 2428    3185  3195  3186  6314
 2429    6359  5967  6461  7489
 2430    3897  3896  3898  7351
 2431    2827  2847  2843  6357
 2432    6301  2085  6671  7551
 2433    5775  1447  1443  7268
 2434    6136  6203  6238  6651
 2435    6938  6065  7283  7553
 2436    5756  5757  6193  6744
 2437    2756  2763  2760  7488
 2438    3908  3596  3355  6868
 2439    2234  2242  2243  6678
 2440    3801  3802  3809  6540
 2441    3922  3588  6718  7165
 2442    3948  6183  7197  7222
 2443    5866  6120  6122  6472
 2444    1020  1131  1271  6669
 2445     800  6354   799   570
 2446     391   316  7072  7189
 2447    3184  3186  6314  6962
 2448    5999  6667  6695  6822
 2449    4041  4040  4039  7308
 2450    6162  5941  6308  6941
 2451    6351  3153  7182  7293
 2452    6401  6506  6555  7301
 2453    3328  3327  7338  7638
 2454    3966  3969  3967  6654
 2455    6547  5944  6724  7515
 2456    5000  6460  6819  7619
 2457    4949  4950  6403  6679
 2458    2581  2575  2576  6710
 2459    2382  2381  6290  6851
 2460    5965  5850  6403  7352
 2461    4265  4250  4241  7307
 2462    5434  5705  5709  7317
 2463    1019  1042  6125  6732
 2464    7341  6548  7390  7480
 2465    4938  6515  7071  7405
 2466    2079  2119  2121  6449
 2467    4133  4143  4141  7459
 2468    6366  3891  7007  7254
 2469    6263  6814  7198  7385
 2470     324   322   326  7440
 2471    2567  2568  2571  6402
 2472    2532  6335  6817  7281
 2473    2495  2494  6321  7111
 2474    4743  4740  4744  6172
 2475    4911   294  6407  7565
 2476    1043  1031  6391  6642
 2477    4727  4734  4735  6901
 2478    5845  5836  5862  6162
 2479    4900  4897  6999  7439
 2480    6120  6157  6283  7265
 2481    5849  6080  6297  6306
 2482    6082  6314  6962  7387
 2483    1955  6397  6799  7217
 2484    2687  6865  6888  7280
 2485    2374  2412  2413  6668
 2486    3727  3838  3840  7560
 2487    5386  5434  5709  6378
 2488    5931  5925  6174  6790
 2489    4383  4209  4386  6687
 2490    7276   132  7432  7546
 2491    2866  2869  2851  7252
 2492    2030  6166  6569  6951
 2493    5631  5648  6791  7206
 2494    6205  5930  6337  6478
 2495    5379  5382  5384  6487
 2496    3663  3664  3668  6212
 2497    1700  1697  1698  7485
 2498    3641  3642  6213  7068
 2499    1127  1095  6570  7635
 2500    3485  3482  3483  6670
 2501    5918  6309  7251  7427
 2502    2985  2980  3021  6608
 2503    5031  5058  5059  5913
 2504    2805  3149  3155  6856
 2505    4886  4713  6908  4694
 2506    3692  3453  6035  6909
 2507    6490  6926  7081  7349
 2508    5979  1113  5945  6827
 2509    2139  2369  2132  6811
 2510    6681  2437  2253  7303
 2511    6770  3339  7379  7422
 2512    6167  6088  6209  6896
 2513    3908  3596  6868  7622
 2514    2764  2724  2757  6580
 2515     415   416   420  7060
 2516     987   994  1000  7049
 2517    1636  1817  1814  7128
 2518    2217  2213  6255  7418
 2519    5824  5864  5872  5891
 2520    1268  1264  1265  6906
 2521    3278  3274  7097  7500
 2522    5328  5325  5324  6994
 2523    2765  6364  7413  2754
 2524    5089  4445  4824  7126
 2525    3052  3061  3060  6958
 2526    6054  6272  6359  6119
 2527    3649  3647  3645  6213
 2528    1051  1045  6831  7599
 2529    1044  1057  1060  6831
 2530    5287  5286  6077  6683
 2531    2085  2026  6671  7551
 2532    5978  5867  7249  7346
 2533    5904  4657  6503  6740
 2534    5772  5362  6812  7190
 2535    1404  1413  5789  7662
 2536    6241  1161  6492  7113
 2537    5252  5243  6838  7236
 2538    2405  2409  2782  7130
 2539    4162  4156  7242  7321
 2540    3557  6227  7355  7445
 2541      34  5614  5612  6885
 2542    2523  2521  6982  7281
 2543    1630  1623  6329  6664
 2544    5860  5870  5880  6004
 2545     255   251  6619  6842
 2546     165   171   168  7104
 2547    3856  3855  3857  6874
 2548     246  6752  7119  7369
 2549    2461  2460  2452  7180
 2550    6506  4300  6555  7301
 2551    1498  1501  1502  7441
 2552    6128  4125  4107  4108
 2553    6231  6345  6483  6801
 2554    3435  3424  3426  7484
 2555    4984  6926  4967  7607
 2556    3625  3623  3624  6905
 2557    6914  5911  7359  7371
 2558    6574   983   976  6527
 2559    2964  2960  6371  7169
 2560    6550  1507  7163  7402
 2561     614   612   611  7329
 2562    6397  5966  6422  6559
 2563    5060  5059  5061  7136
 2564    1211  1199  6864  7370
 2565    2316  2313  7037  7263
 2566    4424  4415  4425  6676
 2567     146   107   106  7483
 2568    2419  2420  2414  6875
 2569    5967  6054  6528  6761
 2570    4560  4567  4565  6240
 2571    5830  5967  6108  6235
 2572    3849  3811  3850  7198
 2573    5383  5385  5382  6487
 2574    5846  5877  5982  6176
 2575    4522  4530  4529  7095
 2576    3362  3126  3157  6656
 2577    4534  4541  4773  6781
 2578    5940  5957  6307  6955
 2579    2244  2222  2242  6678
 2580     534   536   537  7135
 2581    5994  5965  6675  7306
 2582    1199  1204  6864  7370
 2583    5441  5445  6573  7224
 2584    1241  1256  6723  6755
 2585    1353  1342  1003  6983
 2586    5887  6473  6768  6820
 2587    6162  6308  6342  6941
 2588    4281  4620  7627  4630
 2589    3985  3973  3687  6765
 2590    6290  6103  7178  7216
 2591    1461  1538  1456  6382
 2592    5831  5866  5887  6286
 2593    6361  5860  6517  6949
 2594    5472  5471  5470  6795
 2595    1234  1233  1251  6360
 2596     866   861   867  7467
 2597    4533  4534  4778  6781
 2598    6109  6812  6819  7185
 2599    3474  5785  3475  7132
 2600    3115  3353  6949  6980
 2601    1147  1146  1140  6850
 2602    2164  2163  2162  7312
 2603    2535  2528  2536  7304
 2604    1307  1305  7184  7614
 2605    5985  2803  6053  6508
 2606    5371  5365  5369  6649
 2607     465   457   469  7249
 2608    1851  1849  1850  7297
 2609    1221   907   905  6801
 2610    5935  5829  6024  6075
 2611    6136  6238  6943  7141
 2612    5139  5556  5140  6180
 2613    3483  3464  3480  6996
 2614    3126  3127  6656  7593
 2615    6038  6045  6150  6500
 2616    4578  4600  4608  6120
 2617    6878  3697  7152  7504
 2618    2176  2186  6613  7395
 2619    6256  5987  6734  7396
 2620    6761  2729  7489  7615
 2621    1972  1966  1965  6397
 2622    3192  3423  3191  6314
 2623    2199  6133  6394  7395
 2624    3710  3703  3707  7152
 2625    5037  5036  5040  6398
 2626    6285  6252  6919  7045
 2627    2856  2857  2858  7642
 2628    1841  1834  1839  7177
 2629    4479  4485  4487  7383
 2630    3171  3164  3169  7261
 2631    5870  6074  6227  6837
 2632    1604  1633  1603  7630
 2633     221  6766  7033  7604
 2634    1262  1269  1268  6276
 2635    1423  1400  7295  7492
 2636    3563  3554  6227  6837
 2637    4817  6636  6742  7514
 2638    4717  4745  6322  6793
 2639     286   362   363  7408
 2640    6390  6596  6656  7302
 2641    3405  3403  3398  6747
 2642    3801  3986  3984  6270
 2643    5040  5026  5021  6938
 2644    4756  4752  4753  6300
 2645    5703  6772  6955  7664
 2646    2874  2878  2876  7023
 2647    5184  5193  5192  6198
 2648    2187  2185  2184  7395
 2649    5851  5872  5931  6010
 2650    5548  5545  5547  7050
 2651     221   232  6766  7604
 2652    4080  4074  6826  7292
 2653    3451  3762  4949  6296
 2654    2865  2868  6667  7252
 2655    2110  2070  2108  6703
 2656    2679  2680  2421  6315
 2657    1485  1484  1483  6405
 2658    5983  6404  6673  7374
 2659     929  6736  6866  6880
 2660    1034  1006  1008  7477
 2661    5843  5828  6043  6173
 2662    3504  3253  6716  6965
 2663    3811  3820  6928  7198
 2664    4914  4913  4910  6407
 2665    6156  6816  7122  7647
 2666    5668  5355  6195  7110
 2667    5546  6066  6589  7050
 2668    3265  3266  3263  7616
 2669    4892  4895  4893  6548
 2670    3067  2768  2776  6351
 2671    3860  3871  3870  6417
 2672    1086  1176  1180  6287
 2673    5947  5921  6000  6103
 2674    5843  6127  6443  6982
 2675    4360  4356  4355  6410
 2676    3872  3870  3871  6853
 2677    6448  6586  7062  7452
 2678    3823  3822  3824  7403
 2679    6073  6222  6373  6805
 2680    6138  7246  7608  7646
 2681    4280  4617  4619  6399
 2682    3119  3125  7182  7593
 2683    5918  6097  6484  6847
 2684    6087  5454  6467  6696
 2685    5951  5935  6196  7494
 2686    2801  2802  2800  7645
 2687    1017  1259  6125  7374
 2688    2456  2457  2454  7180
 2689     114   102   113  6807
 2690    3763  3771  3773  7014
 2691    2130  2146  6823  7000
 2692    5927  5917  6110  6680
 2693    5953  5890  5971  6627
 2694    6137  5932  6308  7273
 2695    6245  6126  6705  6942
 2696     325   330   391  7440
 2697    6386  5000  6460  6819
 2698    3292  3289  6993  7414
 2699    5268  5272  5538  7461
 2700    7178  6301  7551  7629
 2701    7066   373  6615  7070
 2702    5871  6066  6639  6791
 2703    6163  6350  7121  7461
 2704    5444  5455  5456  7428
 2705    6119  6251  6272  6364
 2706    2380  2381  2626  6290
 2707    3385  3391  3390  7302
 2708    6463  1278  6983  7269
 2709    3700  3690  3689  7504
 2710    5945  1086  5979  6218
 2711    6358  6023  7031  7135
 2712    5240  5242  6350  6760
 2713    4990  4996  6986  7619
 2714    2813  3154  3153  7293
 2715    5873  5853  5912  6232
 2716     586   584   585  6854
 2717    7474  6673  7661  7662
 2718    1485  1484  6405  7617
 2719    6255  6934  7200  7418
 2720    2616  2611  7143  7288
 2721    2374  2420  6668  6875
 2722    6347  2993  6371  7191
 2723    5507  5512  7463  7648
 2724    6268  4733  6901  7352
 2725    5883  6030  6236  6318
 2726    6473  4703  6768  6820
 2727    5979  1115  6964  1081
 2728    5027  5036  5278  6938
 2729    6163  6589  7158  7448
 2730    5858  6139  6399  6555
 2731    6077  5400  6159  6683
 2732    3300  3298  6993  7338
 2733    5626  5618  5628  7623
 2734    1817  1636  6274  7128
 2735    6083  5884  6831  7529
 2736    6070  6118  6199  7292
 2737     305  4235   302  7231
 2738    1300   912   915  6428
 2739    4633  4620  4630  7627
 2740    2393  2392  2097  6331
 2741    6471  6449  6782  7000
 2742    5836  5896  5905  6362
 2743    5115  5110  5111  7548
 2744    3294  6840  7032  7638
 2745    5868  5826  5898  6008
 2746    2884  5787  6447  7458
 2747    5238  5222  5223  6620
 2748    4109  3812  6052  7571
 2749    5833  5835  5906  5919
 2750    5862  5836  5966  6750
 2751    4148  4146  4154  7608
 2752    4271  6215  6677  7475
 2753     670   667   669  7404
 2754    1964  6160  7226  6559
 2755    2226  2443  2440  6432
 2756    4876  4882  5977  7514
 2757    6565  6000  7402  7447
 2758    3503  6547  6646  6808
 2759    5621  5618  6791  7623
 2760    3125  3123  7182  7593
 2761    2119  2116  6449  7366
 2762    6437  7115  7266  7645
 2763    4733  4735  6901  7352
 2764    6601  6647  7201  7486
 2765    7055  2854  7067  7133
 2766    6847   164  7104  7431
 2767      28    22    23  6026
 2768    2245  2248  2235  6681
 2769    1197  1119  1199  6864
 2770    3264  3224  6078  7503
 2771    1613  1617  6147  6273
 2772    6375  6382  6836  7105
 2773    1117  1124  1127  6625
 2774    5950  6103  6815  7026
 2775    4400  4396  4406  7176
 2776    6641   203  7102  7218
 2777    5912  6292  6494  6870
 2778    1716  1723  7279  7421
 2779    5648  5633  7206  7284
 2780     705   736  6963  6971
 2781    6074  3768  6227  6587
 2782    4454  4359  6410  7454
 2783    2384  2388  2626  7558
 2784    1740  1725  6438  7572
 2785    4216  4215  6944  7453
 2786    5901  5884  6419  6629
 2787    6247  5952  7056  7154
 2788    5392  5296  5295  7154
 2789    6341  5906  6746  6969
 2790    1428  1433  1427  7298
 2791    6949  6721  7357  7605
 2792    3554  3563  3007  6837
 2793    6353  6736  6824  6991
 2794    3280  3281  3273  7097
 2795    4784  4863  6042  7139
 2796    2738  6192  6216  7446
 2797    4088  4089  6918  7578
 2798    5830  5833  5906  6119
 2799    1636  1578  1638  6274
 2800     239   237  6067  7369
 2801     341   332  6452  7160
 2802    6050     8  6614  7048
 2803    2321  2325  6365  7322
 2804    6968   612   616  7329
 2805    6548  6533  7341  7390
 2806    5911  5839  5939  6340
 2807    5721  5720  6623  6689
 2808    3840  3838  6591  7560
 2809    5097  5096  6327  7518
 2810    4802  4773  4536  6445
 2811      73    70    71  6280
 2812    1655  1647  1648  7289
 2813    5795  6253  7007  7254
 2814     862  6797  6919  7467
 2815    2224  2431  2218  7456
 2816       7  5754  6193  7048
 2817    3280  3572  6051  6474
 2818    3827  3825  3826  7403
 2819    2000  1999  6178  6446
 2820    6263  6257  6726  7198
 2821    6200  7333  5857  7643
 2822    5526  5521  5523  6612
 2823    4792  4785  6146  7468
 2824    6224  6527  6763  6913
 2825    4523  4526  6902  7095
 2826    4140  6138  6737  7459
 2827    6675  5306  6786  7212
 2828    5603  5605  6385  6783
 2829    5839  5858  5911  5939
 2830    4969  4967  6926  7665
 2831    6711  6332  6997  7400
 2832    3295  3282  3294  7084
 2833    4536  6445  6781  7094
 2834    5896  5922  6013  6362
 2835    5154  6062  7342  7345
 2836    2414  2374  2413  6875
 2837    4244  4243  6944  7435
 2838    6451  3900  6916  7399
 2839     148   151  6095  7449
 2840    5950  5947  6103  6290
 2841    2101  2100  2103  6099
 2842    6703  6440  6750  7019
 2843    2446  2433  2441  6704
 2844    2234  2241  6678  6743
 2845    6548  4895  7439  7480
 2846    6613  6334  7305  7395
 2847    5982  6176  6208  6806
 2848    6507  6798  6968  7329
 2849     706   716   707  6757
 2850    4793  4789  6846  5783
 2851    4354  4337  4348  7096
 2852    6288  2422  7130  7375
 2853     766   769   765  7381
 2854    1729  1715  1728  6072
 2855    4782  4864  4863  7129
 2856    1777  1776  6836  7122
 2857    6048  6286  6368  7240
 2858      95    65  6538  6659
 2859     876  6252  6319  7045
 2860    6566  3281  6572  7164
 2861    2794  3128  3134  6715
 2862    3503  3496  6646  7038
 2863     471   495  6699   494
 2864    4952  5304  5994  7212
 2865    5809   690  7274  7319
 2866    5911  6729  6730  7371
 2867    5925  6271  6449  6813
 2868    5960  5905  5984  6362
 2869    3689  3470  7132  7504
 2870     262  5520   304  6612
 2871    2233  2188  2245  6613
 2872    6113  1017  6125  7374
 2873     979  1024   983  6520
 2874    6083  6113  6642  7477
 2875    2425  2424  2426  6415
 2876    3250  3237  3217  7595
 2877    1308  1312  6778  7173
 2878    2857  6205  6357  7642
 2879    5621  5618  5631  6791
 2880    5853  6027  6146  6450
 2881    1344  1352  1345  6464
 2882    6582  5870  7275  7355
 2883    5970  5928  6091  6370
 2884     830  1085   831  6323
 2885    5851  5836  5872  5905
 2886    5455  5444  7224  7428
 2887    1014  1012  6906  1018
 2888    4910  4913   294  6407
 2889    5474  5454  5473  6467
 2890     830  1079  6323  7315
 2891    5009  5181  6429  6551
 2892     149    90   145  6242
 2893    5842  6108  6896  6997
 2894    5948  5877  6058  6176
 2895    5253  5279  5264  6468
 2896     378   376   397  7450
 2897    1679  2030  6491  6569
 2898    2277  2271  2267  7058
 2899    2062  2091  7216  7481
 2900    2214  2367  6811  7590
 2901    4561  4557  7265  7469
 2902    5228  5247  5235  6978
 2903    1893  1894  1864  6197
 2904    3836  3835  6728  7444
 2905     767  7148  7209  7538
 2906    5873  6232  6292  6731
 2907    5517  5607  5608  6206
 2908    5834  5849  5902  5940
 2909    6940  6741  7522  7539
 2910    4967  4984  7607  7665
 2911    3185  3193  6314  7171
 2912    1745  2111  2108  6703
 2913       8     6     5  6614
 2914     839   844  6542  7149
 2915    5583  5590  7248  7384
 2916    3872  3863  3862  6843
 2917     190   157   189  6498
 2918    6222  2828  6805  7280
 2919    5634  5653  5651  7034
 2920    4075  4478  6552  6554
 2921    1211  1199  1119  6864
 2922    6499  6563  6898  7204
 2923     650   654   655  7407
 2924    5672  5386  6378  6600
 2925     283   281  6556  7408
 2926    6176  5982  6208  6304
 2927    2695  2656  2653  6477
 2928    6009  5912  6093  6870
 2929    1428  1440  1449  7298
 2930    6545  6432  6678  6934
 2931    6695  6088  6830  7112
 2932    5971  6770  7379  7422
 2933    6033  6095  6242  7483
 2934    6368  4623  6380  7174
 2935    1119  1226  1211  6864
 2936    5720  5749  6623  6727
 2937    6505  5988  6931  7098
 2938    6138  6381  6974  7323
 2939    2227  2229  7091  7541
 2940    5061  5059  5913  7136
 2941    5143  4870  4866  7129
 2942    6805  2849  6900  7063
 2943    5260  5269  7461  5248
 2944    1113  1087  1081  5979
 2945    3974  3973  3990  6265
 2946    1236  6755  1234  1258
 2947    1333  1339  1336  6489
 2948    3816  3813  7571  7587
 2949    5848  5953  5985  6119
 2950    1595   292   293  7565
 2951    1222  1223  6360  7510
 2952     595   594  6152  7008
 2953    2108  1745  6703  7019
 2954    1242  1254  1462  6863
 2955    5840  5894  5917  7529
 2956    5879  5850  6268  6403
 2957    6206  5991  6454  7325
 2958    6527   959  6913  7363
 2959    3641  3643  3640  6526
 2960    6702  6456  7243  7380
 2961    6405  6610  6663  7617
 2962    6447  6822  6830  6889
 2963    6031  6079  6374  6378
 2964    5903  5968  6685  7233
 2965    6040  6331  6708  7382
 2966    5184  5192  5182  6198
 2967    4341  4338  4339  7096
 2968    1981  1982  6951  7485
 2969    3830  3789  3787  6494
 2970    5958  2690  6336  7334
 2971    1053  1068  1052  6946
 2972    5866  6122  6211  6636
 2973    4742  4743  4744  6172
 2974    7275  3314  7406  7658
 2975    6667  6002  7023  7252
 2976    6241  1161  6264  7493
 2977    3164  3165  6674  6962
 2978    3014  3016  3015  6480
 2979    3003  3009  7162  3010
 2980    5881  6167  6705  6764
 2981    3131  3140  3135  6409
 2982     109   349   347  6867
 2983    3145  3147  3146  6481
 2984    1179  1141  1128  7196
 2985    2811  2804  2807  6776
 2986    3334  7379  7422  7638
 2987    5559  5134  5136  7592
 2988     639   640  6338  7086
 2989    6724  6839  7497  7515
 2990    2896  2891  2884  6447
 2991    5905  5836  5960  5966
 2992    2701  2692  6336  6973
 2993    1680  5984  6516  6553
 2994     714   627   632  6915
 2995    2273  2245  2199  6852
 2996    4713  4715  7534  4706
 2997    2191  2269  2267  7058
 2998    4801  4799  6445  7047
 2999    6917  6712  6977  7268
 3000    6167  6447  7458  7547
 3001    6161  6129  6907  7059
 3002    3423  3192  3194  6314
 3003     555   557   554  7088
 3004    6478  3099  6809  7059
 3005    3217  3237  3221  7595
 3006    4337  4338  4065  7096
 3007    2302  2297  7227  7600
 3008    4576  4570  4602  7265
 3009    1462  1237  1244  6863
 3010    4103  6284  6118  4390
 3011    6392  6071  6915  7637
 3012    2484  2482  2498  7458
 3013    1565  1471  1479  6663
 3014    2066  2068  2069  7631
 3015    3636  3638  3637  7389
 3016    5932  6137  6291  7231
 3017     924   921   923  6866
 3018    6071  5998  6182  6252
 3019    4271  4268  6215  7475
 3020    5834  5826  5854  5907
 3021    6011  6247  6398  6604
 3022    4570  4576  6283  7265
 3023    6810  6019  6899  7421
 3024    5377  5376  5375  6256
 3025     331   336  7083  7160
 3026    2641  2634  6739  7143
 3027    3413  3829  3393  6581
 3028    5233  5232  5234  7555
 3029    4137  4138  6737  7106
 3030    1271  1022   971  7085
 3031    2115  6813  7000  7506
 3032    1711  1712  6899  7279
 3033    2382  2381  2380  6290
 3034    6272  6119  6351  6359
 3035    6601  6277  6647  7486
 3036    1213  1227  6310  7510
 3037    5724  5721  6623  7114
 3038    5168  6027  5170  5177
 3039    6569  1697  6664  6720
 3040    6548  4890  4896  7480
 3041    6029  6496  6894  7451
 3042    2281  6738  7037  7263
 3043    2167  2171  7305  7350
 3044    2342  2343  2344  6363
 3045     296   299  7267  7565
 3046    1336  1916  1922  6423
 3047    2176  2239  6545  6613
 3048    2270  6852  7058  7127
 3049    6173  6361  6409  6411
 3050    5486  5584  7183  7384
 3051    6164  6317  7492  7585
 3052    6057  6077  6468  7461
 3053    4004  4003  4170  7256
 3054    6536  5946  6976  7073
 3055    5831  5826  5839  7185
 3056    1212  1216  1213  7131
 3057    1224  1211  1226  6864
 3058    3495  3716  3494  6825
 3059    5965  5994  7011  7083
 3060    4618  4624  4619  7582
 3061    6850  1137  7196  7499
 3062    2558  2890  6822  6889
 3063     627   632  6915  6945
 3064    4384  4390  6118  6284
 3065    4632  4652  4640  6666
 3066    3934  3933  7344  7392
 3067    1929  1938  7423  7516
 3068    3738  3743  6547  6724
 3069    1934  1935  7423  7591
 3070    3965  3964  6654  7344
 3071    6003  6104  6131  6164
 3072    6859  6392  6915  6945
 3073    5212  5731  6256  7396
 3074    6523  6306  6543  6621
 3075    6097  6116  6493  6881
 3076    1426  1190  6923  7298
 3077    2752  2750  2749  7652
 3078    1036  6642  1031  1033
 3079    2686  2822  2422  7130
 3080    2284  2289  7263  7372
 3081    6768  6533  6908  7390
 3082    2545  2544  6416  7556
 3083    2707  7430  7491  7615
 3084    2994  2567  6347  6402
 3085    1528  1104  6342  6827
 3086     289    83   291  7011
 3087    4151  4149  7323  7608
 3088    4782  5142  4864  7129
 3089    6583  4234  6834  7444
 3090    3854  3856  6874  7507
 3091    5821  5172  6616  7524
 3092    4548  4788  4760  6647
 3093    5855  6070  6102  6652
 3094    4033  4031  7080  7230
 3095    1217  1212  1219  6310
 3096    4305  4318  5939  6577
 3097    5203  5201  7433  7543
 3098    5902  5826  5987  6021
 3099    2422  2411  6288  7130
 3100    5054  5320  5056  6986
 3101    6289  5905  6579  7516
 3102    5861  6528  6969  5888
 3103    6562  6432  6862  7075
 3104    1960  1684  6541  6553
 3105    5498  5490  5497  6561
 3106    4799  4798  7047  4801
 3107    1995  1993  1965  6497
 3108    6074  5874  6587  7142
 3109     152   188   157  6498
 3110    3290  3300  6993  7084
 3111    3096  2857  6205  7063
 3112    5838  5928  6236  6254
 3113    5577   203  6641  7218
 3114    1215  1220  1218  7462
 3115    3579  3589  6376  6950
 3116    1264   955  6076  6276
 3117    3539  3518  3532  6651
 3118    6585  5665  7192  7287
 3119    6388  6071  6507  7637
 3120    3826  3827  7403  7444
 3121    5594   237  5596  6385
 3122    3476  3481  3436  6996
 3123    6748  5973  7320  7562
 3124    3122  3120  3123  6627
 3125    5423  5429  5422  6855
 3126    3613  3920  7259  7392
 3127    6428  5917  6952  7064
 3128     893   888   894  6319
 3129      90    92  6242  7207
 3130    2709  2928  2920  5888
 3131    1599  1606  6584  6925
 3132     262  5520  6612  7290
 3133      76    72  6659  7262
 3134    6296  6155  6832  7057
 3135    3445  3443  3560  7142
 3136    6370  6376  6444  7165
 3137    5136  5134  6105  6661
 3138    4655  4661  4658  6503
 3139    2168  2167  2166  7350
 3140    7200  2162  7250  7312
 3141    6344  5895  6382  6836
 3142    5018  4904  7073  5004
 3143    6605  6576  6931  7035
 3144    6421  5996  7309  7628
 3145    4665  4664  4667  7264
 3146    4389  4387  4393  7146
 3147     320   312   311  7520
 3148    2965  2964  2962  7142
 3149    5834  5902  5907  5957
 3150    4587  4588  4585  6612
 3151     417   415   418  6505
 3152    2009  2010  2007  6662
 3153    4201  4295  6510  6713
 3154     327   348  7015  7440
 3155    5955  6379  7145  7612
 3156    5375  5212  6256  6557
 3157    5022  5014  7433  5013
 3158    5831  5858  5899  6425
 3159    3033  3034  3037  6860
 3160    2226  2440  2426  6415
 3161    3890  3888  6366  7254
 3162    5863  6260  6393  6655
 3163    4742  4712  4699  6861
 3164    5517  6090  6206  7223
 3165    5749  5748  6623  6727
 3166    1130  1138  1133  7499
 3167     818  1064  6148  6419
 3168    2412  2505  2506  6092
 3169    5894  5963  6534  6794
 3170    5923  5885  5995  6078
 3171    4026  4057  7020  7576
 3172    6245  2462  6927  6942
 3173    5291  5289  7056  7584
 3174    2888  2894  6695  6830
 3175    6790  6985  7228  7237
 3176    6247  5283  6683  7205
 3177    1401  1361  7016  7295
 3178    3280  3299  6474  6993
 3179    3918  6320  7259  7392
 3180    4850  5104  5105  6622
 3181    2872  2867  6667  7023
 3182    3583  3586  3592  6578
 3183    2909  2908  2910  6989
 3184    6113  1041  6642  7477
 3185    7211   630   649   643
 3186    3543  6254  6657  7340
 3187    6271  6014  6311  6813
 3188    2681  6145  2507  2512
 3189     113  6807  7207  7483
 3190    5840  5837  5908  5917
 3191     542   541   540  6936
 3192    3078  2690  3076  6941
 3193    5758  5750  7640  5823
 3194    4335  4331  6430  7397
 3195    1067  1065  6148  6829
 3196    6177  5874  6184  7013
 3197    5872  5836  5896  5905
 3198    6725  1646  7409  7501
 3199    6067  6641  6752  7119
 3200     710   706   712  6915
 3201    6256  5987  6557  6734
 3202    3741  3748  6839  7286
 3203    1926  1675  1679  6569
 3204     264   262   307  6635
 3205    4880  4881  4883  6742
 3206    6169  5909  6937  7001
 3207    1788  6785  1806  1807
 3208      94    91    92  7207
 3209    6203  5928  6566  6657
 3210    6016  6353  7214  7407
 3211    5875  5833  6186  6341
 3212    6098  7168  7188  7591
 3213     532   530   533  7135
 3214    2497  2913  6684  6710
 3215    6439  6129  6672  6943
 3216    5921  6040  6055  6103
 3217    1073  1062  6829  6947
 3218     260   526   258  6619
 3219    6222  2790  6865  6892
 3220     134   667   665  6383
 3221    4315  4316  6603  7517
 3222    6140  5884  6389  6794
 3223    5278  5253  7283  5279
 3224    6175  6063  6838  7121
 3225    4316  6595  6603  7517
 3226     809   810  6571  7482
 3227    5849  5845  5902  5926
 3228    2586  2045  2053  6208
 3229    1058   776  6389  6391
 3230     506   507  5938  6068
 3231    5892  6096  6758  7520
 3232    4677  4683  4681  7170
 3233     946   953  6802  7353
 3234    3418  3143  3191  7387
 3235    3069  3075  3057  6298
 3236    6894  6017  7150  7420
 3237    2215  2214  6811  6869
 3238    6774  4436  4438  4671
 3239    5928  5970  6091  6254
 3240    4379  4760  4504  6339
 3241    4819  4818  6549  7126
 3242    2620  2388  6355  6518
 3243    1958  1960  6541  6553
 3244    4968  4969  7539  7665
 3245    5429  5423  5426  6855
 3246    5376  5370  5371  6649
 3247    2938  2879  2933  6266
 3248    1156  1069  1152  7426
 3249    1244  6863  7533  7636
 3250    1027  6983  7269  7519
 3251    1943  1950  1941  7257
 3252    4933  4931  4930  7405
 3253    3006  3002  3005  6406
 3254    3408  6626  7147  7199
 3255     902   901  6801  6920
 3256    6080  5933  6218  6306
 3257    6568  3174  6962  7460
 3258    5790  4188  7022  7241
 3259    2426  2230  6415  7541
 3260    3465  3468  6747  7132
 3261    1978  1987  6166  6951
 3262     911   909   910  6428
 3263    6475  6280  6538  6659
 3264    1669  1644  1666  7581
 3265    5885  5970  6202  6376
 3266    6323   833  7315  7653
 3267     983   981   979  6520
 3268    5321  5312  7213  7603
 3269    2640  2650  2647  6521
 3270    6076  5917  6276  7380
 3271    6182  6483  6736  7120
 3272    2812  3153  6351  6364
 3273    1000  1001   993  6719
 3274     993  1001  6081  6719
 3275    7161   474  6939  7531
 3276    2146  1840  2147  6813
 3277    5713  6484  6600  6895
 3278    2812  2776  2774  6351
 3279    4212  4213  4214  6522
 3280    3867  3871  6417  6853
 3281    4273  4275  7354  7528
 3282     423   427   682  6524
 3283    1593  1587  2258  7277
 3284     276   275  6312  6556
 3285    4384  4383  7146  7580
 3286    1561  6981  6987  7147
 3287     744   974   973  6527
 3288    3047  2926  2715  6528
 3289    5850  5846  6110  6296
 3290     264   272   263  6635
 3291    5455  5454  5474  6467
 3292    1116   892  1226  6529
 3293    5022  5239  7433  5242
 3294    5950  5947  6166  6815
 3295    4251  4271  4268  6215
 3296    5954  6291  6583  7429
 3297    4705  4703  4612  6820
 3298    4283  4293  4294  6530
 3299    2215  2368  6255  6811
 3300    4915  4917  4916  6407
 3301    3250  3251  3249  7595
 3302    1204  1197  1199  6864
 3303    3471  3470  6101  7132
 3304    6432  6678  7075  7303
 3305    6316  5924  6415  6432
 3306    2597  2599  7343  7577
 3307    5966  5836  6178  6750
 3308    3471  3473  3689  7132
 3309    6893  4464  7371  7454
 3310    2807  2814  2811  6776
 3311    5322  5323  5367  6994
 3312    4182  4186  4184  7007
 3313     415  6505  7060  7498
 3314    3624  3615  3622  6905
 3315    5914  6883  5908  6142
 3316     344   109  6717  6803
 3317     291   334  7011  7160
 3318    6177  6074  7014  7434
 3319    3729  7309  7515  7628
 3320    5948  5860  6173  6779
 3321    5438  5706  6374  6689
 3322    6043  5838  6129  6439
 3323    6133  2195  2193  7618
 3324    3152  3148  2805  6856
 3325    4626  4622  4628  6535
 3326    5836  6019  6178  6750
 3327    2429  2505  2430  6704
 3328    6313  6162  6921  6941
 3329    1225  1226   900  6529
 3330    1998  1718  1720  6899
 3331    6029  6197  6894  7150
 3332    3682  3679  3683  7017
 3333    5912  5853  5954  6232
 3334    6006  6095  6717  7144
 3335    3141  3170  6962  7261
 3336    2675  2676  2667  7294
 3337    5832  5838  5944  6590
 3338    2241  2242  2234  6678
 3339    2531  2534  6817  7304
 3340    1876  1860  1855  6485
 3341    2067  1722  1745  7019
 3342    1405  6673  1291  1494
 3343    5229  5232  5197  7555
 3344    4410  4413  6546  6848
 3345    4063  4061  4060  7331
 3346    5881  5997  6504  7263
 3347    3482  3485  3479  6670
 3348    3121  6627  6759  7182
 3349    3343  6361  6517  6721
 3350    1682  1960  1684  6541
 3351    5201  5200  7433  7543
 3352    2686  2822  7130  7375
 3353    5988  6505  6524  7098
 3354    5864  5908  5969  5983
 3355    2137  2130  2151  6823
 3356    5505  5480  5504  7648
 3357    2378  2379  5801  7436
 3358    4698  4637  4636  7003
 3359    4792  5169  6616  7579
 3360    6158  6124  6199  7197
 3361    1883  6431  6435  7350
 3362    2595  2566  2564  6402
 3363    1037  1038  6113  7348
 3364    6323  6544  6964  7315
 3365    1157  1154  6469  7426
 3366    1085  1079  1084  6544
 3367    3153  3117  6351  7182
 3368    6057  6247  6604  6683
 3369    6521  6420  6739  7051
 3370    2005  2016  6618  7447
 3371    5278  5043  6398  5036
 3372    5088  5093  7001  7155
 3373    3332  3333  3340  7422
 3374    1199  1200  1198  7370
 3375    1512  2004  7402  7447
 3376    4942  4938  4941  7405
 3377    5900  6043  6367  6412
 3378      19    18  6514  7102
 3379    7291  6713  7512  7594
 3380    3189  3197  6672  7171
 3381    4014  4020  4194  6488
 3382    1550   300  6987  7273
 3383    5502  5501  7236  5499
 3384    2137  2150  2158  6823
 3385    2087  7178  7551  7629
 3386    4328  4326  6340  6546
 3387    2271  2270  7058  7127
 3388    4655  6401  6503  7301
 3389    4789  5783  4788  6647
 3390    1373  1371  6883  7380
 3391    4896  4895  4878  6548
 3392    4587  4588  6612  6640
 3393    4076  4478  6552  6775
 3394    4640  4641  6740  6861
 3395     958   959  6527  7363
 3396    6082  6129  6161  6672
 3397    5921  5969  6055  6550
 3398    5108  4846  5175  7524
 3399    1079   822  6964  7315
 3400    6034  5446  6493  7411
 3401    6996  6628  7042  7484
 3402    3476  6670  6996  7484
 3403    6142  5908  6249  6883
 3404     871   847   870  6285
 3405    4264  4266  4272  6677
 3406    5173  6616  7201  7486
 3407    1103  1114  1111  6827
 3408    6101  7089  7132  7504
 3409    5508  7236  7570  7573
 3410    4042  4046  4044  6554
 3411    5376  5372  6386  6649
 3412    7147  3823  7199  7403
 3413    4143  4137  4141  6737
 3414    2451  2469  2453  6722
 3415    3433  3440  3439  7484
 3416    3883  3884  4156  7321
 3417    1966  1963  1965  6397
 3418    6929  5117  7278  7342
 3419    2871  6266  7055  7252
 3420    4334  4328  6340  6546
 3421     348   327  6758  7440
 3422    6845  5971  7379  7422
 3423    3616  3615  3356  6905
 3424    5481  5738  6795  7183
 3425    6519  2051  7026  7225
 3426    6002  6210  6443  7055
 3427    3634  3637  3642  7068
 3428    5223  5222  5224  6620
 3429    2474  2471  2467  6942
 3430    1815  1816  1821  6692
 3431    4004  4007  4006  7324
 3432    3995  3993  3991  7580
 3433    4989  4988  6490  6891
 3434    5824  5826  5834  5845
 3435    5623  5539  5546  6589
 3436    5053  5045  5052  6395
 3437    4353  4352  4344  6558
 3438    4081  4476  4082  6826
 3439    6293  5067  7010  7213
 3440    1550   303   300  7273
 3441    4952  4947  7212  7609
 3442    6260  5863  6393  6914
 3443    6641  6089  6752  7119
 3444    1184  1730  6072  6438
 3445    5998  6252  6285  6501
 3446     981   980  6520  6574
 3447     245   246  6752  7119
 3448    2142  2144  6933  6935
 3449     281   280   283  6556
 3450    4527  4517  4535  7244
 3451    1975  1981  1979  7485
 3452    2475  2498  2482  6321
 3453    6660   854  7101  7472
 3454     783   785  6543  7588
 3455    5725  6105  6427  6557
 3456    5946  5952  6057  7185
 3457    6691  6791  7034  7284
 3458    6333   347  6803  6867
 3459    4311  4312  7517  7601
 3460    1759  1760  7163  7647
 3461    4328  4334  4411  6546
 3462    2617  2717  6459  7288
 3463    6464  1345  6707  6778
 3464    4383  4384  7079  7580
 3465    6669  1139  6850  7499
 3466    6674  6299  6962  7261
 3467    5350  5391  5390  6873
 3468    5962  5970  6221  7029
 3469    3416  3384  6690  7567
 3470    4520  4529  7095  7244
 3471    2957  2263  2955  7169
 3472    6007  6010  6098  6289
 3473    6055  6168  6618  6671
 3474    6378  5387  7424  7508
 3475    5231  5238  5230  6978
 3476    2367  2219  2375  7590
 3477    3187  3176  3201  7059
 3478    2307  2305  2304  7062
 3479    6662  2008  6956  7272
 3480    2922  2930  2924  7569
 3481    4865  4871  4868  7129
 3482    5073  5077  6644  7544
 3483    5662  5660  6243  6538
 3484    3834  3836  3827  7444
 3485    5596  5594  6385  6783
 3486    2028  1987  1988  6815
 3487     511  6067  6479  7369
 3488    6616  5173  7468  7486
 3489    2867  2871  2865  7252
 3490    3642  3647  3641  6213
 3491    5956  5931  6375  6382
 3492    4564  4565  6872  7469
 3493    1485  1481  1476  7617
 3494    4353  4451  4352  6558
 3495    2847  2844  2842  7613
 3496    2502  2503  2508  6335
 3497    6670  6439  6996  7141
 3498    6131  6850  7196  7499
 3499    3766  3769  6074  7014
 3500    5758  5751  7172  7364
 3501    5853  5848  5912  5937
 3502    6322  4929  6515  6741
 3503    5272  5274  7157  7561
 3504    6203  6136  6238  7595
 3505    5005  5018  5006  7532
 3506    5509  5515  5511  7573
 3507    6296  6110  6407  6832
 3508    6349  6562  6817  7180
 3509    6960   687  7274  7319
 3510     279   363  6611  7408
 3511    6615  6001  6697  6767
 3512    1910  1911  1904  7053
 3513     308   309  6773  7273
 3514    1122  1127  6570  6625
 3515    4738  6172  6503  7607
 3516    1923  2203  6423  6509
 3517    4858  4823  6575  7159
 3518    6645  6002  6792  7596
 3519     933   920   934  6824
 3520    5183  5181  5976  6742
 3521    4234  6583  4232  4583
 3522    4395  4543  4397  6593
 3523     225  6433  6650  7604
 3524    2097  2089  2098  6331
 3525    6210  2866  7055  7252
 3526    5622  5619  5625  7623
 3527    5044  5283  5047  6011
 3528    4595  4597  4596  6048
 3529    4895  4897  7439  7480
 3530    5922  5916  6723  6863
 3531    1712  1721  1709  6899
 3532    4682  4684  6472  7170
 3533    1010  1013  1007  6732
 3534    3858  3855  3861  7507
 3535     277   278   276  6096
 3536    2546  2887  2872  6822
 3537    6333  6643  6803  7015
 3538    3918  3934  6320  7392
 3539    3654  3584  3583  6578
 3540    4278  4625  4621  7475
 3541    4228  4236  6834  7403
 3542     383   384   385  7450
 3543    5911  6730  6893  7371
 3544    6001  6507  6697  6767
 3545    2669  2677  2678  7294
 3546    5859  6022  6106  6285
 3547    5483  5488  5482  6795
 3548    6292  4395  6593  6884
 3549    5393  5394  5298  6658
 3550     982   980   981  6574
 3551    5320  5772  6819  7190
 3552    4433  4434  6762  6890
 3553    3269  3263  7500  7616
 3554    4607  4605  4613  7557
 3555    4370  4372  5818  7443
 3556    6093  6494  6877  6884
 3557     119   121   127  7276
 3558    1854  1845  1843  6818
 3559    6023  6358  6619  7135
 3560    6010  6029  6343  6607
 3561    6112  5843  6443  6982
 3562    5916  6382  6610  6917
 3563    3171  3168  3167  6674
 3564    5006  5015  5005  7532
 3565    3820  3819  6928  7587
 3566    7079  4384  7146  7580
 3567    2340  2334  2341  6408
 3568    4940  7071  4931  7405
 3569    3503  3502  3499  6808
 3570    6142  5914  6702  6720
 3571    2287  2290  2288  7263
 3572    5555  5553  5550  7050
 3573    3340  3336  3338  7422
 3574    2772  6364  2765  2808
 3575    1699  1678  1700  6569
 3576     664   950  6428  6802
 3577    1004   994  1030  7049
 3578    5855  5829  5993  6070
 3579    4395  4542  6593  7444
 3580    5810  1200  7131  7370
 3581    2158  2150  2160  6823
 3582    4438  4671  6762  6774
 3583    5988  6267  6931  7410
 3584    6226  6261  6575  7386
 3585    3754  3758  6237  6839
 3586    4234  4583  3834  7444
 3587    5479  5480  5478  6500
 3588    4470  4473  7359  7371
 3589    6271  6311  6790  7228
 3590    7246  4145  7323  7608
 3591    4422  4427  4425  7473
 3592    2297  2303  6448  7600
 3593    6413  2562  7138  7564
 3594    5903  5968  6023  6650
 3595    3874  3873  3865  6853
 3596    2307  2304  2263  7062
 3597    6324  5089  6549  7126
 3598    6741  6322  7663  7665
 3599    6308  6981  6987  7273
 3600    1124  1126  1127  6625
 3601    3573  3570  3577  7466
 3602    5542  5397  7157  5273
 3603    6940  6293  6986  7136
 3604    7300  1460  1453  1455
 3605    6507  6697  6798  7211
 3606     315   314   318  7520
 3607     561   593   589  6279
 3608    6596  5985  6656  7293
 3609    1450  1465  1467  7043
 3610     342   338   334  7160
 3611     807   811  7187  7482
 3612    5512  5797  5484  7463
 3613     241   513  6479  6752
 3614    4977  4467  6914  7359
 3615    4558  4560  6240  7469
 3616    2039  2040  6815  7225
 3617     254   255  6619  6650
 3618    2762  2719  6459  6580
 3619    6193  6594  6727  7172
 3620    3117  3067  6351  7182
 3621    4076  4480  6775  7656
 3622    1475  1462  1254  6100
 3623    6138  6117  6381  6075
 3624    2441  2449  6862  7401
 3625     980   982   975  6574
 3626    4856  4823  4855  6575
 3627     870   867  7045  7467
 3628     929  6483  6736  6880
 3629    3800  3815  6540  7583
 3630    4909   294  1595  6897
 3631    6987  6981  7099  7273
 3632    3836  3834  3793  7444
 3633    1195  1191  1193  6923
 3634    5996  6591  7309  7628
 3635    1498  1505  7441  7559
 3636    1268  1266  6276  6906
 3637    5955  6021  6109  6256
 3638    2457  2458  2450  6862
 3639    3523  6254  6318  6657
 3640    5764  5174  5821  7579
 3641    6583  6834  7403  7444
 3642    5861  5888  6969  6989
 3643    2008  1977  1974  7272
 3644    1617  6273  6553  6579
 3645    3337  3341  3339  7422
 3646    4766  4761  4765  6601
 3647    2281  2313  2289  7263
 3648    4668  4662  6890  7324
 3649    1006  1042  1007  6732
 3650    4660  4661  4417  6503
 3651    4694  4695  7208  7390
 3652    2688  2511  2687  6511
 3653    3696  3691  3693  6878
 3654    3578  6376  6444  6845
 3655    4457  4470  4469  7359
 3656    3038  2741  2738  7270
 3657    6094  6047  6408  6422
 3658    2293  2563  6176  6806
 3659    6411  6539  6804  7108
 3660    2465  2290  2287  7263
 3661    1208  1206  1189  6597
 3662    6518  5948  6701  7175
 3663    6098  6007  7053  7150
 3664    5877  5851  5924  5843
 3665     887   876   891  6319
 3666     203   209  7102  7218
 3667     994   996  1030  7049
 3668    6810  6497  7036  7217
 3669    2461  2452  6722  7180
 3670    5742  5745  7364  7640
 3671    3654  5970  6091  6578
 3672    5985  3410  6690  6626
 3673    1949  1948  6559  6789
 3674    5956  6181  6405  7124
 3675    1550  1558   309  6773
 3676     625   628  6876  6945
 3677    6387  6086  7434  7568
 3678    4093  4363  7221  7578
 3679    5826  5865  5952  7185
 3680     346   351   345  6803
 3681    6229  6561  6635  7290
 3682     317   322   319  7520
 3683    3419  3418  7387  7490
 3684    4003  4004  6184  7256
 3685     959   690   694  6913
 3686    4733  4734  6268  6901
 3687    7019  1722  7326  7421
 3688    4897  4887  6999  7480
 3689    4251  4265  6215  7307
 3690     719   922   722  6991
 3691    6110  6452  7011  7267
 3692    2148  2141  6933  7365
 3693    3534  3535  3536  7339
 3694    4068  4056  7156  7576
 3695    6879  6496  6903  7425
 3696    6065  6057  6683  7283
 3697    2653  2656  2654  6930
 3698    4055  4057  4056  7576
 3699    4793  4790  5783  6846
 3700    5983  5973  6084  6441
 3701    2914  2905  2904  7438
 3702     933   719  6824  6866
 3703    1324  1325  1322  6064
 3704     952   953   946  7353
 3705    4964  4963  6741  7522
 3706    1606  1574  1599  6584
 3707    3752  3741  3753  6839
 3708    3641  3887  3634  6526
 3709     263   268  6282  7253
 3710    5134  6105  6661  7592
 3711    2850  2854  2858  7133
 3712    2937  2940  2942  7634
 3713    5937  5912  6291  6593
 3714    1119  1197  1124  6625
 3715    1592  1595  1590  6897
 3716     819   820   816  7187
 3717    4704  4698  4707  7003
 3718    5946  6604  6976  7073
 3719    6012  5868  6062  6929
 3720    5913  6515  6940  7185
 3721    1321  1324  6064  7005
 3722    2636  2635  2633  6739
 3723    6298  6235  6465  6958
 3724    5675  5673  6384  7123
 3725    1798  1789  7092  7202
 3726    5172  5169  5764  7579
 3727    6189  5494  7137  5599
 3728    6666  5975  6740  6861
 3729    3690  3470  3689  7504
 3730    6010  6098  6343  7150
 3731    4364  4367  4372  6972
 3732    4260  4599  4253  7586
 3733    4107  3821  4123  6257
 3734    6128  5961  6944  7453
 3735    6268  5879  6495  6774
 3736    3708  3798  5990  6814
 3737    2404  2423  6288  6875
 3738    4327  4320  5817  7601
 3739    6588  6226  6929  7278
 3740     548   547   545  6936
 3741    2263  2954  2955  7062
 3742    3035  3039  2741  7270
 3743     672   670   669  7404
 3744    5462  5456  6881  5457
 3745    5876  5882  6824  7214
 3746    5713  5710  6484  6895
 3747    5965  6675  6786  7212
 3748    3175  3099  3176  7059
 3749    2576  6341  6710  6970
 3750      70   277    69  6096
 3751    5456  5460  5461  7428
 3752    5833  5830  5862  6119
 3753    1549  1544  1542  7255
 3754    2926  2928  2715  6528
 3755    5564  5565  5566  7337
 3756    1013   731   735  6534
 3757    2831  3166  7108  7261
 3758    2079  2027  6055  6849
 3759     151   143  7144  7449
 3760    5962  5832  6526  6590
 3761    4542  3793  3834  7444
 3762    5424  5392  5986  6855
 3763    5050  5065  5289  7056
 3764    3248  3438  3247  7649
 3765    6543   748  7360  7527
 3766    2197  2199  6133  7153
 3767    3263  3264  3269  7500
 3768    3606  3955  3605  7310
 3769    2289  2313  2288  7263
 3770    2412  6092  6315  6668
 3771     794   792   791  6592
 3772    2571  2568  2565  6402
 3773    2714  3047  2715  6528
 3774    2868  2866  2864  6667
 3775    6106  6571  7186  7482
 3776    6138  6974  7459  7608
 3777    3293  3284  7414  7659
 3778    6096  5854  6185  6280
 3779    4254  4257  4253  6602
 3780     376   377   365  7450
 3781    5941  6005  6137  7147
 3782    6084  5992  6975  7566
 3783    3999  4007  4170  7378
 3784    3187  3188  3176  7059
 3785    2593  2630  2629  7077
 3786     792   793  6621  7499
 3787    6485  6311  6933  7365
 3788    5963  6499  6534  6971
 3789    3728  3718  3711  7038
 3790     740   762  6794  7209
 3791    5695  5694  6772  7464
 3792    3206  3210  6907  7059
 3793    2108  2105  2110  6703
 3794    3175  3177  6809  7059
 3795    4070  4065  4069  6624
 3796    3002  2990  3004  7270
 3797    6672  3206  6907  7059
 3798    6604  6551  6938  7532
 3799    1784  1778  1777  6816
 3800    5929  6453  6463  6983
 3801    1640  1650  7125  7641
 3802    1477  1484  1476  7041
 3803    5853  5926  5932  6291
 3804    3494  3700  3689  7504
 3805    3538  3543  5815  6254
 3806    1722  1989  6810  7019
 3807    2173  2172  6512  7350
 3808    3233  3228  3230  6141
 3809    3446  2961  2962  7057
 3810     566   529  7031  7554
 3811    5243  5502  6886  7236
 3812    4804  4806  4798  7575
 3813    1437  5791  1439  7268
 3814    3422  3417  3426  7042
 3815    5980  5959  6909  7017
 3816    2528  2530  2536  7304
 3817     677   679   635  6338
 3818    6167  6209  6684  7458
 3819    5972  5909  6031  6201
 3820    1567  1563  1565  7437
 3821    6126  5881  6705  6764
 3822    4056  4057  4058  7576
 3823    3931  3926  3921  7589
 3824    5352    80  6675  7306
 3825    3158  3152  3387  6596
 3826    3048  3049  6461  6528
 3827    6729  5911  6914  7371
 3828    4793  4787  4794  6846
 3829    2245  2188  6394  6613
 3830    2339  2326  2340  7322
 3831    5905  6007  6098  6289
 3832    5112  5115  5111  7548
 3833    4591  4599  7174  7620
 3834    1638  1636  6274  7641
 3835    6289  6098  7188  7516
 3836    1451  1437  1450  6917
 3837     636   635   639  6338
 3838    2502  2508  2509  6335
 3839    6259  7209  7381  7538
 3840    6033  5892  6333  6867
 3841    1445  1434  6977  7300
 3842    5292  5286  5277  6598
 3843    2422  2822  2410  7130
 3844     767  6140  7148  7538
 3845    4637  4705  4612  6820
 3846    2154  2155  7250  7312
 3847    4879  4883  5183  6742
 3848    1252  1245  1246  6153
 3849    1310  1318  1345  6778
 3850    4075  6400  6552  6775
 3851    5490  5497  6561  7290
 3852    3654  3547  3584  6578
 3853    3474  3471  3465  7132
 3854    5928  6091  6370  6566
 3855    6147  6181  6725  7630
 3856    4845  4848  6622  6858
 3857    2921  2910  5888  7235
 3858    5240  5241  6760  6998
 3859    6531  6515  6749  6976
 3860     850   844   848  7101
 3861    3857  4117  4127  6726
 3862    5934  5850  5965  6079
 3863    3207  3212  6857  7394
 3864    5172  5821  6616  7579
 3865    5915  5845  6224  6306
 3866    5888  2919  7235  7569
 3867    2903  2891  2896  7438
 3868    4023  4054  4058  7576
 3869     250    54  6842  7103
 3870    1275  1273  1131  6669
 3871    3966  3967  6466  6654
 3872    6291  6137  6834  7231
 3873    6032  6515  6976  7071
 3874    5009  5012  5008  7532
 3875    6528  2710  6761  7430
 3876    1550  6987  7099  7273
 3877    2231  2241  2234  6932
 3878    5425  5329  5419  6855
 3879     238  5601  5603  6385
 3880    6598  6247  6683  7205
 3881    4610  4608  6120  4609
 3882    6240  6157  6283  6445
 3883     546   539  6763  6936
 3884    5769  5780  6085  6917
 3885    4038  3916  6124  7308
 3886    4156  4185  7242  7594
 3887    2435  2432  6316  6704
 3888     870   866   867  7467
 3889    3218  3217  3220  6857
 3890    5837  5824  5864  5908
 3891    4253  6602  6048  4254
 3892     809   773  6389  6571
 3893    3943  3946  6183  6190
 3894    6559  5966  6777  7168
 3895    1785  1755  1780  6816
 3896     444   479   477  6939
 3897    3028  3059  6465  7536
 3898    1785  1783  6816  7237
 3899    6288  6437  6892  7130
 3900    1220  1219  1218  6310
 3901    5032  4935  5035  7039
 3902    1883  2175  2168  7350
 3903    6557  5728  5212  6734
 3904    3935  6912  7333  7589
 3905    6586  6448  7184  7277
 3906    5541  5539  6589  7448
 3907    5992  5895  6061  6281
 3908    6145  2845  6888  6982
 3909    5161  5216  6207  7090
 3910    5862  5941  6162  6477
 3911    5831  5839  5858  6151
 3912    5754     5     4  6050
 3913    3959  3961  3965  6654
 3914     511   241   247  7369
 3915    5618  5626  5625  7623
 3916    5180  5168  6027  7579
 3917    3498  3493  3500  6808
 3918    2813  3153  2815  7293
 3919    6324  6549  6937  7126
 3920    3587  3576  3575  7466
 3921    2221  6869  7091  7541
 3922    1323  1325  6181  6925
 3923    2860  6266  2859  3088
 3924    3923  7333  7351  7416
 3925    6075  5829  6117  6381
 3926    6041  5936  6217  7152
 3927    2737  2746  7446  7652
 3928    2012  1984  1986  7272
 3929     902  1223  6529  6801
 3930    4086  4089  4085  7578
 3931    6076  6802  6952  7353
 3932    5845  5849  6297  6306
 3933     437  5798   434  7024
 3934     506   509   510  6068
 3935    5521  4579  5523  6612
 3936    4245  4244  4246  7435
 3937    6661  6434  6961  7592
 3938    5849  5926  5940  6641
 3939    6304  5948  6518  7175
 3940    5521  4580  4579  6612
 3941    2537  2538  6416  7556
 3942    3221  7234  7505  7595
 3943     123  6384  7276  7306
 3944    4151  4153  4150  7323
 3945    5830  5890  6119  6235
 3946    1669  1664  1644  7581
 3947    1335  1333  1338  6489
 3948    2084  2088  7629  2081
 3949    1776  1777  1778  6816
 3950    1710  1711  6899  7585
 3951       6    11   184  6614
 3952    5745  6727  7364  7640
 3953    6722  2454  2452  2453
 3954    6075  6138  6737  7563
 3955    4936  4930  7071  7093
 3956    5920  5859  5938  6015
 3957    5475  5474  6467  7428
 3958     277    69  6096  6312
 3959    1379  1374  1366  7243
 3960     516   829   827  7478
 3961    6043  6082  6299  7387
 3962    1515  1432  1752  6061
 3963    5969  6000  6055  6550
 3964     797   796   798  6323
 3965    1151  1069  1074  6377
 3966    6444  6376  6474  6845
 3967    2210  2165  6934  7200
 3968    4147  4149  4148  7608
 3969    1364  1366  7243  7377
 3970       8     2     6  7048
 3971       2    12     6  7048
 3972    1234  1240  6360  7636
 3973    6309  5934  6383  7100
 3974    6131  6669  6850  7499
 3975    3268  3251  6203  6238
 3976    2428  2424  6704  7456
 3977     479   509   478  6220
 3978    5572  5574  6307  7393
 3979     790   787   789  7535
 3980     230   220   222  7033
 3981    5079  5074  5093  7544
 3982      28    29  5590  7248
 3983    3131  3140  6409  6481
 3984    5607  5609  5608  6206
 3985    3357  3352  3348  7328
 3986    6733  6223  6745  7129
 3987    4996  4994  6819  7619
 3988    6116  6038  6467  6795
 3989    4229  4231  6834  7403
 3990    5269  5268  5538  7461
 3991     329   386   388  7015
 3992    1667  1929  7423  7516
 3993    6035  6043  6361  7151
 3994    6345  6231  6529  6801
 3995    6020  6037  6135  7096
 3996     773   809   806  6571
 3997    3348  3344  3356  7328
 3998    6303  3400  6747  7610
 3999    4195  4291  4290  7247
 4000    1313  1314  7065  7173
 4001    5244  5241  5251  6998
 4002    1893  1650  7125  5767
 4003    1543  1544  1545  7255
 4004    5505  5501  5507  7648
 4005     890   888   889  6319
 4006    5449  5448  6493  7224
 4007    4978  4989  4982  7081
 4008    5358  5366  5360  7521
 4009    3531  3275  3533  6651
 4010    5902  6105  6427  6661
 4011    1567  1479  1486  7437
 4012    6417  6421  6853  7628
 4013    3286  3293  7414  7659
 4014    6703  6750  6751  7019
 4015    5983  6673  7167  7374
 4016    1353  6983  7016  7052
 4017     599   605  7008  7215
 4018    5263  5269  5248  7461
 4019    1207  1205  1206  7462
 4020    4991  4970  6490  6940
 4021    6059  5917  6396  7380
 4022    2940  2936  2942  7634
 4023    5108  4850  4846  6622
 4024    6053  2675  6973  7294
 4025    6082  6314  6809  7460
 4026    6233  6224  6527  6574
 4027    6078  3292  6993  7414
 4028    2978  2979  2968  6997
 4029    5544  5545  5548  7158
 4030    1793  1795  6816  7237
 4031      31    28    23  6026
 4032    5169  5172  6616  7579
 4033    4376  4378  7443  7644
 4034    1913  1911  1912  7420
 4035    2313  2311  2320  7037
 4036    3353  3350  6980  7658
 4037    2568  2994  6347  6402
 4038    3731  3838  6591  7515
 4039    2542  6349  6764  7138
 4040    5959  6028  6199  6265
 4041    1399  1391  1393  7295
 4042    5908  6249  6423  6491
 4043    2449  2447  6862  7401
 4044    1788  1794  1787  7202
 4045    6102  6775  6821  7314
 4046    1617  1613  1612  6273
 4047    3115  3116  6721  6949
 4048    6209  2911  6989  7458
 4049    4051  4050  4049  6200
 4050    1501  1498  1691  7441
 4051    2786  2744  2787  7266
 4052    4521  4526  6902  7181
 4053    2457  2535  6562  7180
 4054    5329  5656  5420  7612
 4055    5872  5925  5931  6156
 4056    6939  6780  7024  7161
 4057    4260  4256  4255  7586
 4058    4444  4438  4440  7574
 4059    4642  4308  6401  6506
 4060     160  6114  7498  7549
 4061    3190  3189  3188  7171
 4062    2247  2254  2251  7303
 4063    4563  4221  6910  7494
 4064    3890  3886  3888  7254
 4065    6162  5941  6313  6477
 4066    1019  1016  1042  6732
 4067    2000  2072  6446  7631
 4068    5431  5439  5435  7424
 4069    5563  5729  6427  6434
 4070    1618  1499  1500  7562
 4071    5486  5488  6500  6795
 4072     376   366  6615  7450
 4073    1490  1502  1493  7320
 4074    5886  5849  5933  6694
 4075    4008  3900  4009  6451
 4076    3889  3890  3887  7254
 4077    5842  5861  6209  6896
 4078    5385  5090  5099  6327
 4079     954   950   664  6802
 4080     996  6520  7049  7639
 4081    1053  1050  6946  7599
 4082    4117  3857  3855  6874
 4083    3491  3490  6670  6808
 4084    6033  6807  6867  7207
 4085    6637  2114  6751  7118
 4086    1521  1491  1488  7566
 4087    6448  2298  7452  7600
 4088    6583  4582  4587  6640
 4089    2162  2165  2164  7312
 4090     638   645  7086  7211
 4091    4740  4739  4744  6172
 4092    1120  1118  1117  6625
 4093    1047  1039  7348  7374
 4094    2446  2441  2448  6862
 4095     272   268   263  7253
 4096    3900  4009  6451  6916
 4097    6174  6311  6485  6790
 4098    2588  2586  2589  7030
 4099     217    10  6682  7033
 4100    1250  1251  6345  6755
 4101     555   553   801  6609
 4102    6029  6197  6343  6903
 4103       2     9     3  7048
 4104    5601  5577  6641  7119
 4105    5069  5056  6293  7136
 4106    5263  5248  6350  7461
 4107    1554  1104  1102  6194
 4108    2134  6782  7000  7537
 4109    2661  2658  7118  7271
 4110    2276  2280  2286  7127
 4111    5362  5320  7190  5772
 4112    6935  7200  7250  7312
 4113    6360  5998  6788  6864
 4114    4303  4304  4300  7087
 4115    2353  6363  6992  7107
 4116    3017  3014  2923  6480
 4117    5911  6244  6676  7349
 4118    6520  7049  5929  6463
 4119    6810  1722  7019  7421
 4120    5831  5829  5935  6139
 4121     672   953   664  6802
 4122    2337  6094  6408  6422
 4123    5106  5104  5130  6567
 4124    4854  4857  4852  6575
 4125    2975  2972  2966  7400
 4126    4426  4421  4427  7473
 4127    4818  6549  7126  7496
 4128    6478  3201  3102  3099
 4129     953   671   946  6802
 4130    6851  6787  6948  7436
 4131     442   180   182  7427
 4132    4040  4041  4036  7308
 4133     314   315   313  7520
 4134     697   702   440  7204
 4135    3320  3321  3326  7032
 4136     953   672   671  6802
 4137    4661  4412  6503  6848
 4138    4412  4416  4417  6848
 4139    1022  1023  1026  7085
 4140    5313  5056  6812  5311
 4141    5336  5335  5075  6457
 4142    4361  4086  4083  7578
 4143    2920  2922  2919  5888
 4144    5947  5908  5950  6142
 4145    2393  2392  6331  7382
 4146    4990  4988  6891  6986
 4147    1593  2259  4909  6586
 4148    4059  3939  6248  7331
 4149    1937  1910  1930  7053
 4150    5656  5417  6379  7612
 4151    6392  6507  6915  6945
 4152    6003  6019  6104  6164
 4153    6296  5965  6403  7011
 4154    1776  1777  6816  7122
 4155       8  5754     7  7048
 4156    2316  2313  2320  7037
 4157      37    24  5991  7325
 4158    6131  6218  7196  7285
 4159    4845  4842  4844  6858
 4160    3326  3059  3320  6465
 4161    2255  2296  6448  7184
 4162    6179  6035  6361  7151
 4163    6419  5901  6629  7187
 4164    3692  3469  6101  6747
 4165    3973  3985  6265  6765
 4166     115   344   110  6867
 4167    4359  4451  6410  7454
 4168    2720  2722  7615  2721
 4169    5016  5017  5010  6633
 4170    6532  6493  7224  7411
 4171    6152   595  7008  7602
 4172    2586  2588  6208  7030
 4173    2432  2535  2531  6817
 4174    6961  6434  7393  7592
 4175     334   297   288  7267
 4176    5851  5872  5925  5931
 4177    6797  6388  7008  7215
 4178     327   328   326  7440
 4179    6042  5974  6211  7139
 4180    5218  5468  5454  6696
 4181    5945  6162  6342  6476
 4182    5974  6042  6223  7139
 4183    5959  6028  6765  7017
 4184     239   247   243  7369
 4185    2887  2875  2872  6822
 4186    2887  2547  2558  6822
 4187    6692  1804  7128  7550
 4188    1734  7326  7421  7572
 4189    4806  4803  4805  7575
 4190    2832  2834  2829  6900
 4191    2744  2786  2743  7266
 4192    6029  6879  6607  6174
 4193    2786  2749  2743  7266
 4194    6432  5997  6743  7303
 4195    1517  1516  6984  7566
 4196    5052  5042  6032  6395
 4197    3408  3407  6626  7193
 4198    5574    15   189  6307
 4199    6633  5025  5006  5014
 4200    2191  2266  2269  7153
 4201    2665  2666  6930  7271
 4202    2172  2179  6512  7305
 4203    1207  1441  1205  7462
 4204    1061  6469  6831  6947
 4205    3996  4041  6387  7568
 4206    5023  5014  5025  6633
 4207    1946  1950  1948  7257
 4208    5986  5329  6855  7612
 4209     973   960   958  6527
 4210    1665  1666  6579  7581
 4211    4253  4252  6048  7586
 4212    6233   983  6520  6527
 4213     264   265   272  6635
 4214    6873  6031  7012  7476
 4215    5242  6350  6760  7433
 4216    2956  2263  2957  7169
 4217    5868  6008  6012  6062
 4218    2750  2748  7266  7652
 4219    1635  1642  7409  7641
 4220    6326  5942  6866  7061
 4221    6432  5997  6678  6743
 4222    2425  2424  6415  6704
 4223    6165  6000  6565  6956
 4224    5149  5156  6929  7345
 4225    5145  5143  6733  6745
 4226    5710  5719  5718  7114
 4227    3940  3942  3944  6183
 4228    2958  2957  2955  7169
 4229    3757  3748  3756  6839
 4230    3972  4084  6731  6870
 4231      36    45  6258  7233
 4232    4300  4304  6506  7087
 4233    1815  1869  1811  6692
 4234    3252  3245  3254  6753
 4235    4055  4068  4067  7576
 4236    6051  5928  6370  6566
 4237    1728  1715  1702  6072
 4238      31    30    32  6433
 4239     141   152   144  6833
 4240    4329  4323  7397  7601
 4241    3338  3332  7422  3341
 4242    3505  3506  3509  6965
 4243    5983  6441  6469  7167
 4244    5053  5065  5050  6011
 4245    3477  3437  6670  7141
 4246    1564  1567  1562  7437
 4247    6043  6173  6361  7151
 4248    2960  2964  2965  7169
 4249    5894  6534  6732  7477
 4250    3877  3862  6330  6843
 4251    3994  3991  4096  7079
 4252    6216  2741  6346  7270
 4253    4903  4900  4906  7439
 4254    3720  3511  6547  3503
 4255    1104  1526  1527  6342
 4256     182   181   187  6171
 4257    6189  5926  6385  6641
 4258    6167  6705  6764  7458
 4259    1921  1928  1923  6509
 4260    4447  4446  4441  7574
 4261    5930  5897  6002  6337
 4262    3087  3084  3406  7334
 4263      67    95   103  7330
 4264    4598  4597  4592  7240
 4265    2897  2904  2896  7438
 4266    4369  4375  5818  7443
 4267    2158  2368  2139  6255
 4268    5908  5914  5969  5983
 4269    4361  4363  4093  7578
 4270    5903  5991  6258  7325
 4271     198    18    16  6514
 4272    4312  4319  7517  7601
 4273    4798  4806  4805  7575
 4274    5196  5162  5189  7260
 4275    2162  2163  7250  7312
 4276    3742  3743  6724  7515
 4277    2593  2629  7030  7077
 4278    3356  3618  6868  6905
 4279    3922  3895  3653  7351
 4280    3392  3385  7302  7567
 4281    3711  3503  6547  7038
 4282    6412  5936  6547  6825
 4283    5014  5022  7433  5023
 4284    6615   365  7066  7450
 4285    5998  6231  6570  6625
 4286    7162  2999  6837  2997
 4287    5568  5569  6961  7592
 4288    1439  1218  5949  1215
 4289    6082  6043  6129  6439
 4290      42    44  6258  7233
 4291    5322  5327  5328  6994
 4292    5939  4305  6506  6848
 4293    5508  5774  5533  7570
 4294    2600  2598  2602  7577
 4295     730   740   738  7258
 4296    6173  6073  6437  6539
 4297    3440  3244  3437  7141
 4298    6430  4325  6558  6632
 4299    2567  2573  6347  6402
 4300    3168  3166  2831  7261
 4301     636   410  6338  6643
 4302    2288  2313  2316  7263
 4303    4304  4646  6506  7087
 4304    3889  3887  3640  7254
 4305    4055  4056  4068  7576
 4306    1350  1353  1354  7016
 4307    5754     8  6050  6193
 4308    5015  5006  6633  7532
 4309    2779  2787  7115  7645
 4310    2317  2288  2316  7263
 4311     645   636  6338  6643
 4312    5341  5332  6644  7544
 4313     151   159  6095  7144
 4314    3546  3654  3636  6221
 4315    6200  7134  7156  7576
 4316     884   886   885  6319
 4317    1034   738  6794  7258
 4318    5633  5640  5632  7034
 4319    1516  6975  6984  7566
 4320    3229  3230  7471  7503
 4321    4042  4429  6325  6400
 4322    2943  2949  2932  6645
 4323    4449  4450  4447  7574
 4324    1154  1157  1158  7426
 4325    3573  3547  3548  6091
 4326    5896  5922  5929  7639
 4327    3028  3325  3294  7032
 4328    3179  3097  3183  6809
 4329     265   274   272  7253
 4330    6551  5017  6882  7433
 4331    5077  5076  6644  7544
 4332    6784  6175  7236  7570
 4333    1802  1584  1583  6688
 4334    6043  5897  6082  6129
 4335    4340  4032  6154  7080
 4336     434   437  7024  7161
 4337     953   954   664  6802
 4338    4273  4187  7528  4167
 4339     144   153  7144  7549
 4340    5740  5739  5741  7364
 4341    4842  4840  4844  6858
 4342    5847  6022  6152  6634
 4343    4760  4763  6339  6647
 4344    5836  5845  6003  6104
 4345    5248  5260  7121  7461
 4346    6576  5867  6605  6931
 4347    3165  3164  6674  7261
 4348    5989  5889  6135  6995
 4349    2078  2074  6446  6751
 4350    3845  3811  6814  7385
 4351    2633  2641  6739  7143
 4352    1485  1571  1487  7124
 4353    5957  6033  6095  6242
 4354    2179  2173  2172  6512
 4355    3178  3179  3162  7063
 4356    6782  2134  7000  7506
 4357    5385  6487  6873  7476
 4358    5034  6976  7039  7073
 4359    2155  6935  7312  7313
 4360    4565  4558  4560  6240
 4361    2791  2799  2797  7116
 4362    3690  3691  6878  7504
 4363    2062  2064  2061  7481
 4364    3220  3221  7505  7595
 4365     167  6418  6847  7104
 4366    2403  2411  6560  6708
 4367    6350  6057  6468  7461
 4368    5373  5374  6305  6649
 4369    5937  6005  6044  7199
 4370    5359  5363  5366  7190
 4371    3829  3828  6044  6728
 4372    5830  5881  5999  6167
 4373    4924  4901  6908  7093
 4374    6812  6109  6819  7190
 4375    4724  6184  6495  7256
 4376    3098  3095  3091  6478
 4377    5198  5194  6882  7543
 4378    5827  5828  5843  5877
 4379     940   935   945  7061
 4380    3607  3342  3606  7310
 4381    3201  2939  2946  7316
 4382    7305  6435  7350  7395
 4383     767   769  6140  7538
 4384    3133  3108  3105  7605
 4385    2035  2029  2032  6462
 4386    1474  1475  1311  7041
 4387    5144  6745  6966  7345
 4388    2119  2121  6449  7506
 4389    5514  5501  7236  7648
 4390    1796  1789  1799  7202
 4391    5104  4850  5108  6622
 4392    6264  5891  6712  6975
 4393    3451  3449  6155  7057
 4394    5113  5111  5110  6655
 4395    4413  4414  4410  6546
 4396    4455  4460  6893  7454
 4397    5834  5957  6006  6039
 4398    4948  4949  4950  6403
 4399    6133  2181  6435  7395
 4400    4338  4337  4339  7096
 4401    2477  2526  6126  6705
 4402    3839  3726  3840  6591
 4403    1796  1798  1789  7092
 4404    4773  4536  6445  6781
 4405    5648  5633  6791  7206
 4406    3523  3538  6254  6657
 4407    3121  3123  3120  6627
 4408    4671  4664  4663  7264
 4409    4442  4443  4430  6400
 4410    6582  6406  6837  7162
 4411    4361  6731  7028  7578
 4412    4191  4193  7242  7594
 4413    6435  2181  7350  7395
 4414    5278  5036  6398  6604
 4415    4155  4140  4154  6138
 4416     800   807   802  7482
 4417    5407  5393  5423  6658
 4418    5385  6327  6487  7476
 4419    5941  5958  6313  6336
 4420    5661  6243  6379  7287
 4421    2058  2059  2043  7481
 4422    6993  6078  7414  7625
 4423    4181  4185  4182  7594
 4424    3431  3435  3432  6628
 4425    1118  1116  1119  6864
 4426    4321  4343  4346  7096
 4427    1242  1243  1236  6863
 4428    3201  6478  3102  7316
 4429      67   101    74  6659
 4430    1018  1019  6125  6732
 4431    5966  6007  6599  6777
 4432    1293  1159  6441  7167
 4433    4841  4844  4838  6858
 4434    2389  2123  2402  7382
 4435    1658  1657  1660  6553
 4436    5895  5872  5969  6084
 4437    5758  5742  7364  7640
 4438     306   264   307  6635
 4439    5484  5797  5582  7463
 4440     856   854   855  6660
 4441    6280  5854  6475  6538
 4442     939   936  6326  6880
 4443    2522  2537  7556  2521
 4444    6292  5912  6494  6593
 4445    1205  1425  1194  7462
 4446    5699  5695  7464  5694
 4447    2062  2089  6331  7629
 4448    6403  6268  6679  7352
 4449    2928  2926  2925  7569
 4450     497  6089  6699  7523
 4451     101    76  6659  7262
 4452    6054  6746  6969  7430
 4453    2682  2680  6511  7375
 4454    6281  6061  6984  7163
 4455    3417  3432  6628  6672
 4456    2505  2509  6092  6335
 4457     759   760  6259  7209
 4458    5998  5864  6278  6501
 4459    2095  2092  6099  6849
 4460    4856  4853  4862  6575
 4461    2539  2544  2537  6416
 4462    1744  1742  6990  7326
 4463    6203  3275  6651  6657
 4464     915   909   913  7064
 4465    2805  2673  3152  6856
 4466    1040  1041  1035  6642
 4467    5683  5689  5690  7192
 4468     628   613   626  6876
 4469    1471  1565  6382  6663
 4470    6084  6234  6241  6264
 4471     420   415  7060  7498
 4472    3027  3018  3019  7606
 4473      93    94   113  7207
 4474    4262  4261  7528  7542
 4475    1458  1473  1459  6610
 4476    6285  6106  6501  6660
 4477    3817  4106  6257  7198
 4478    3954  3957  3953  6638
 4479    6250  6602  7307  7435
 4480    3574  3567  3575  6444
 4481       4  5749  5748  6623
 4482    5413  6269  6475  7203
 4483    5387  5391  5380  7508
 4484    3324  3334  7032  7379
 4485    5854  5892  6096  6239
 4486    2803  2805  2804  6856
 4487    5407  5423  5422  6855
 4488    4254  4595  6048  4252
 4489    4050  4049  6200  7156
 4490    6114   413   412   161
 4491    1218  1439  5949  5780
 4492    4538  4540  4537  7094
 4493    6032  5051  6293  7136
 4494    5424  5425  5426  6855
 4495    2374  2375  2219  6668
 4496    1508  1509  7402  7559
 4497     255   251   259  6619
 4498    1796  1852  1800  7092
 4499    5400  6159  6598  6658
 4500      39    38  6258  7325
 4501    4593  4598  4592  7240
 4502    5120  6532  6573  7224
 4503     332   333  6452  7160
 4504    2863  2862  2546  6667
 4505    1198  1208  1210  7370
 4506    6087  6062  6467  6573
 4507    6087  6150  6207  6620
 4508    1610  1615  6273  6553
 4509    5868  5972  6008  6062
 4510    3474  3475  3473  7132
 4511    2796  2795  7116  7645
 4512    2182  2181  2194  6133
 4513    6192  6949  7357  7367
 4514    5555  5620  5554  6066
 4515    1557  1560  1555  7099
 4516    6016  6134  6338  7214
 4517    3939  3959  6248  7502
 4518    2942  2936  2941  7634
 4519     306   270   271  6635
 4520    4794  4790  4793  6846
 4521    6436  6760  7433  7555
 4522    1134  1132  1133  6669
 4523     409   424  6524  7060
 4524    4595  4254  6048  4225
 4525     541   673  6931  7410
 4526    6055  2022  6168  6671
 4527    6082  6161  6568  6809
 4528    1463  1470  1237  7043
 4529    6495  6184  7013  7256
 4530    2339  2340  6230  7322
 4531     368   282   279  6611
 4532    6306  6297  6523  6543
 4533    2526  2472  6126  6349
 4534    4399  3790  6870  7028
 4535    4520  6872  4518  7094
 4536    6238  6716  6753  7141
 4537     145  6242  6585  7660
 4538    5857  5962  6253  6451
 4539    7156  6200  7576  7643
 4540    2350  2348  2349  7107
 4541    1422  1418  6317  7004
 4542    5560  5558  6661  7592
 4543    2407  2411  2410  6560
 4544    2333  2335  2334  6408
 4545    1011   947  6076  6906
 4546    4035  3917  6124  7568
 4547    3088  2859  2877  6266
 4548    1165  1164  6754  7545
 4549    5748  5749  5750  6727
 4550    2059  2058  2056  7481
 4551      59    64    62  6556
 4552    2571  2570  2572  6402
 4553     937   939  6326  6345
 4554      47    33  6735  7233
 4555    3428  3425  7042  7490
 4556    2040  2038  2029  6462
 4557    1324  1322  1326  6064
 4558     534   375  7066  7070
 4559    6773  1530  6981  7099
 4560    1494  1291  1293  6673
 4561    3538  3543  6254  6657
 4562    3362  3157  6390  6656
 4563    3164  2836  3162  6674
 4564    6401  5858  7301  7627
 4565    6034  5451  6374  6881
 4566    4621  4269  7475  4268
 4567    2671  2668  2663  6251
 4568    4425  4421  6676  7473
 4569    2192  1907  2196  7618
 4570    3619  3620  6144  6190
 4571    5877  5910  6121  6214
 4572    1609  1610  1612  6273
 4573    6772  5987  7145  7396
 4574     634   633   723  6859
 4575    6393  6260  6622  6655
 4576    5386  5672  5668  6195
 4577    4263  4271  4270  6677
 4578    6059  5927  6414  7184
 4579    6046  5940  6661  6783
 4580      23  6026  6258  6433
 4581    6058  6132  6347  7191
 4582    3522  3523  5815  6236
 4583    6064  6464  6778  7173
 4584    6628  6439  6672  6943
 4585    4743  4657  5904  6740
 4586    4730  4732  4951  6679
 4587    6501  6570  6660  7472
 4588    2716  2710  2704  6761
 4589     766   804   810  6609
 4590    4287  6510  7022  7512
 4591    4077  6552  6554  6826
 4592     844   845  6542  7101
 4593    3943  3617  6190  6868
 4594    4838  4839  4841  6858
 4595    4072  4077  6554  6826
 4596    5890  6235  6627  7182
 4597    2249  2274  2253  6681
 4598    4685  4612  6473  4674
 4599     895   899   897  6483
 4600    5984  5960  6164  7492
 4601     269   263  6282  6635
 4602    2381  2384  2626  7558
 4603    3154  3119  7293  7593
 4604    4430  4075  4442  6400
 4605    6058  6371  6837  7191
 4606    6510  6713  7291  7594
 4607    6322  4929  6741  7522
 4608    1144  1143  1145  6850
 4609     574   572   558  7140
 4610    3720  3711  3503  6547
 4611    6503  5904  6676  7349
 4612    2497  2913  2496  6684
 4613    4087  4063  4060  7331
 4614    4287  6510  6577  6828
 4615    4784  4869  4776  6042
 4616    1607  1360  5984  6273
 4617    3262  3224  5782  6078
 4618    5138  5141  5136  6180
 4619    5413  5416  6269  7203
 4620    7333  6912  7416  7589
 4621    4463  4427  4422  7473
 4622     126   125  7100  7432
 4623    6949  3351  7357  7367
 4624    6904  3672  7434  7568
 4625    2446  2458  6562  6862
 4626    1841  1840  7177  7297
 4627    5298  5296  5392  6598
 4628    6267  5915  6763  6913
 4629    6531  6536  6976  7093
 4630    5937  5941  6005  6137
 4631     667   666  6383  7404
 4632    4486  4489  4484  6821
 4633    3080  3081  6336  7334
 4634    1175  1176  5945  6104
 4635    5914  6883  6142  6702
 4636    5437  5707  5438  6689
 4637    1962  1970  6789  7226
 4638    3709  3717  6771  7152
 4639    6328  6513  7310  7422
 4640    2769  2770  6714  7413
 4641     348  6333  7015  7440
 4642    5940  5926  6661  7137
 4643    3496  3495  6825  7038
 4644     568   564   562  6188
 4645     253   226  6650  7604
 4646    3814  3813  3815  7587
 4647    6594  6689  6881  6097
 4648    5882  6001  6071  6507
 4649     662   703  7204  7404
 4650    5439  5438  6374  6689
 4651    4075  6400  6775  7383
 4652     634   723   724  6859
 4653    1647  1645  1648  7289
 4654    6221  6091  6254  7389
 4655    3384  2673  3410  6690
 4656    4051  6200  6912  7331
 4657    4249  4163  4264  7563
 4658    1598  1604  6925  7630
 4659    2995  2994  2567  6347
 4660    2584  2907  6710  6969
 4661    1101  1099  1100  6278
 4662    7246  4145  7321  7323
 4663    1804  1812  1805  6692
 4664    5282  5270  6683  7205
 4665    1836  2116  1835  7366
 4666    6196  6070  6652  6902
 4667    4130  3869  6974  4118
 4668    3764  3450  3759  6155
 4669    2488  2329  2327  6186
 4670    4837  5003  6460  6655
 4671    5035  4937  7039  7071
 4672    5845  5849  5886  5926
 4673    3518  3531  3533  6651
 4674    4499  4854  6261  6693
 4675    5217  5221  5220  6207
 4676    1102  1103  1111  6194
 4677     360  1109  1106  6694
 4678     463   473   468  7346
 4679    6005  6690  7193  7199
 4680    2435  6316  6335  6704
 4681    3968  3964  6466  6654
 4682    2507  2504  2512  6335
 4683    2690  5958  6313  6941
 4684    4697  4709  4699  6861
 4685    6266  2937  6337  6792
 4686    6202  5890  6376  6513
 4687    6260  5853  6450  6567
 4688    6736   717  6757  7120
 4689    6607  1865  1864  1819
 4690    2377  2060  2096  6948
 4691    5552  5553  5545  7050
 4692    4994  5000  5358  7521
 4693    5473  5468  5466  6696
 4694    5980  6035  6144  6909
 4695     569   564   566  7031
 4696    5231  5230  5234  7555
 4697    7178  2091  7481  7629
 4698    5955  5987  6305  7145
 4699    6193  5756  6744  7172
 4700    1323  1324  1329  6181
 4701    6753  3245  7234  7649
 4702    2780  2730  2394  6701
 4703    6563  5918  6898  7427
 4704      13  5578   203  7102
 4705    1629  1628  1619  7562
 4706     492   491   493  6699
 4707    4820  4822  6549  7159
 4708    1538  1543  1456  7255
 4709    6775  6552  6826  7181
 4710    4033  4032  4031  7230
 4711    5857  5885  5970  6202
 4712    5537  5533  7448  7570
 4713    2765  6364  2754  2808
 4714    5421  5429  5418  6855
 4715    1817  1640  7125  7641
 4716    5346  5356  5347  7110
 4717    6305  5365  6649  7612
 4718    4361  7028  7221  7578
 4719     944   940   945  7061
 4720    6839  3741  7286  7497
 4721    5598  5493  5492  7137
 4722    6503  5904  7349  7607
 4723    5943  5849  6067  6641
 4724     172   438   138  7427
 4725     266  5594  6067  6385
 4726    6292  6295  6593  7176
 4727    3798  3815  6928  3797
 4728     142  5704   141  7660
 4729    1349  1662  1328  7021
 4730    4676  4677  4675  7170
 4731     405   408   400  6643
 4732    5899  5878  6253  6510
 4733    5080  5079  5076  7544
 4734     433   682   427  7410
 4735    5510  5511  7570  7573
 4736    5444  5456  6881  7428
 4737    5420  5418  5419  6855
 4738     251   260   259  6619
 4739    2186  2185  2187  7395
 4740    5240  5242  5250  6350
 4741    5594   266   237  6385
 4742    6025  5998  6501  6570
 4743    3839  6591  7309  7385
 4744     307   306  6635  7231
 4745     681   677   682  7410
 4746    3156  2813  3155  7293
 4747    5836  5905  6003  6362
 4748     806   802  6571  7482
 4749    5239  5229  5203  7555
 4750    3777  3783  6093  6884
 4751    2435  2436  2446  6704
 4752    6080  6323  7315  7653
 4753    2440  2425  6415  6704
 4754     336   337   291  7160
 4755    5660    95    65  6538
 4756    6165  5969  6835  7441
 4757    1827  6550  7163  7647
 4758    2874  2880  2881  7596
 4759    2087  2086  2083  7551
 4760    5051  5042  5059  6032
 4761     433   429   673  7410
 4762    3721  3722  3727  7560
 4763    3557  3564  6227  7445
 4764    1326  6064  6464  7005
 4765    2203  2296  6423  7227
 4766    5665  5697    90  6585
 4767    5267  6468  5271  7561
 4768    1755  1751  1781  7122
 4769    4968  4973  4959  7663
 4770    1362  1361  1400  7295
 4771    4182  3892  7007  7594
 4772    4804  4800  7388  7575
 4773    1890  1931  6098  7289
 4774    3461  3460  6144  3459
 4775    3763  3773  4172  7014
 4776    2580  2581  2583  6710
 4777     433   675   681  7410
 4778    6943  6426  7234  7595
 4779    6271  6281  6550  6790
 4780    4551  4548  6295  7076
 4781    6034  6031  6487  7411
 4782     677   680   686  7657
 4783    2327  2326  6186  7322
 4784    3024  3287  6275  7659
 4785     566   529   569  7031
 4786    5436  5433  5381  7424
 4787     829   827  7478  7653
 4788    4247  4254  4225  6602
 4789    3654  3546  3545  6091
 4790    6362  6453  6983  7519
 4791    5865  5955  5986  6269
 4792    4290  4187  4195  7022
 4793    2484  2555  2482  6705
 4794    6386  6021  6655  7082
 4795    6002  5930  6266  7055
 4796    1936  1935  1934  7591
 4797    4778  4772  6042  6781
 4798    3388  3362  6390  7525
 4799    6189  6027  7137  7232
 4800    1461  1540  1538  6382
 4801    1347  1348  6081  6707
 4802    2127  2117  6813  2115
 4803    5261  5269  6372  7561
 4804    3512  3517  6030  6318
 4805    2930  2927  2929  7569
 4806    6500  5487  7183  7384
 4807    3560  6227  6587  6837
 4808    6474  6993  7338  7625
 4809    1182  1177  1089  6544
 4810    2386  2620  6355  7530
 4811    1664  1645  1644  7581
 4812    5963   729  6971  7258
 4813    4709  4742  4699  6861
 4814    1434  1449  1445  6977
 4815    3772  3761  6587  7014
 4816     671   669  6963  7404
 4817    2672  2663  2665  6709
 4818    2580  2583  2584  6710
 4819    3724  3843  6771  3726
 4820     723   629   648  6353
 4821    3396  3405  3400  7610
 4822    6322  6151  6515  7185
 4823    2972  2975  2971  6711
 4824    4060  4090  4088  6918
 4825    2894  2898  6695  6830
 4826    1791  1846  7237  7624
 4827      77    75    70  7262
 4828    2729  2723  6761  7489
 4829    6036  5924  6092  6668
 4830    2510  2845  2517  6145
 4831    3814  3818  3813  7587
 4832    6051  6078  6993  7625
 4833    6046  5581  5579  5580
 4834    5880  5959  6028  6199
 4835    3529  3276  6566  7164
 4836    6415  2226  6432  6678
 4837    2458  2535  2432  6562
 4838    2432  6316  6562  6817
 4839    6109  6631  6812  7185
 4840    4963  6515  6741  6940
 4841    2087  2055  7178  7629
 4842    6592  6621  6669  7499
 4843     789   797   791  7535
 4844    6580  6459  7006  7470
 4845    1645  1648  7289  7581
 4846    1439  5791  1443  7268
 4847    1066  1101  6148  6278
 4848    3255  3249  3259  6238
 4849    5076  5771  5080  7544
 4850     454   456   455  7417
 4851    5119  5121  5122  7411
 4852    4188  4187  4168  7241
 4853     177     4  6050  6847
 4854    4614  4612  6380  6535
 4855    4989  4993  6706  7081
 4856    3056  2724  6580  7489
 4857    4543  4550  4404  6295
 4858    2231  2232  6613  6932
 4859    4510  4355  6410  6470
 4860    3081  2673  2674  5985
 4861    5868  5909  5972  6201
 4862    4763  4761  6339  6601
 4863    5212  6256  6557  6734
 4864    6437  6804  7116  7645
 4865    2863  2865  2864  6667
 4866    1859  1863  1873  6796
 4867    5087  5089  6324  7001
 4868    2266  2268  2269  7153
 4869    6569  1979  6951  7485
 4870    6707  6362  6983  7016
 4871     697   700   704  6971
 4872    4617  4619  6399  7582
 4873    1425  1205  6712  7462
 4874    2713  2712  2705  7430
 4875    4658  4660  4659  6503
 4876    5553  5554  5547  7050
 4877    6220  6259  6939  7531
 4878    5014  5013  5016  6633
 4879    4430  4439  4429  6400
 4880    5433  5436  5435  7424
 4881     357   271   273  7253
 4882    5200  5195  5017  6882
 4883    4746  4749  6172  6322
 4884     274   271   357  7253
 4885    5930  6161  6337  6478
 4886    5139  5598  5597  7137
 4887    1659  1665  6579  7581
 4888    5864  5983  6469  7529
 4889    4295  4021  6603  6713
 4890    4266  4270  4272  6677
 4891     881   874   717  7335
 4892      29    28    27  7248
 4893     534   374  7070  7135
 4894    5470  6467  6696  6795
 4895    1819  1864  6607  7125
 4896    6112  5881  6349  6413
 4897    6414  5908  6423  6491
 4898    4278  4269  4277  7475
 4899    1252  1249  1250  6755
 4900    5492  5494  5598  7137
 4901      96    97    99  7330
 4902    5787  2911  6209  7458
 4903    3654  3655  3636  6221
 4904    3854  3848  7309  7385
 4905    2953  2952  6348  6979
 4906    2366  2639  5835  6800
 4907    1624  1626  1619  7562
 4908     298   299   290  7565
 4909    1230  1231  6310  6788
 4910    1616  1663  6147  6579
 4911    5228  6760  6998  7555
 4912    1557  5781  6987  7099
 4913    6411  3132  6715  6804
 4914    1052  6946  7167  7348
 4915    2795  2779  7115  7645
 4916     185   187  6614  7161
 4917    2177  2179  6512  7250
 4918    2739  3039  2734  6346
 4919    3417  3196  3432  6672
 4920    1261  1012  1259  6125
 4921    4887  4885  7390  7480
 4922    3219  3218  3220  6857
 4923     360  1109  6694  7009
 4924    3043  3049  2728  6461
 4925    5947  5914  6142  6664
 4926    2067  2066  1992  7019
 4927    6333  5892  6697  6758
 4928    6337  6645  6792  7634
 4929    5433  5432  5434  7424
 4930    1564  1573  1570  7105
 4931    5391  5387  5390  6873
 4932    6194  5943  7009  7253
 4933    1412  1384  6702  7245
 4934     466   465   467  7249
 4935    4325  4332  4322  7397
 4936    6299  6373  6539  6674
 4937    6079  6069  6309  7552
 4938    5932  5926  6229  6291
 4939    2741  2740  2738  6346
 4940    1734  1737  1738  7421
 4941    1491  1167  1488  7566
 4942    5174  5179  5821  7524
 4943    5716  5676  6484  7552
 4944    5623  5517  6090  6206
 4945    6999  4887  7390  7480
 4946    4785  5169  4792  7579
 4947    1552  1556  1550  7099
 4948    3772  3770  3761  7014
 4949    1615  1617  6273  6553
 4950    3583  3655  3654  6221
 4951    5863  6151  6460  6490
 4952    4987  4980  7081  7349
 4953    3268  3251  3267  6203
 4954    1525  1509  6835  6984
 4955    6406  3040  6582  6860
 4956     389   387   390  7189
 4957    4966  6741  4964  6515
 4958    2548  2550  2549  7564
 4959    7374  1408  7377  7661
 4960    4759  6268  6300  6457
 4961    4019  7230  4022  6488
 4962    1753  1751  7122  7163
 4963    5191  5196  6198  7543
 4964    5456  5462  6881  5461
 4965    3040  3041  6582  6860
 4966     942   967   945  7061
 4967    5859  5901  6106  6571
 4968    5165  5164  5163  7090
 4969    7377  5983  6456  7529
 4970     880   881  7120  7335
 4971    1700  1697  6569  6720
 4972    4241  4265  7307  7563
 4973    6264  6975  7298  7566
 4974     602   582  6152  7362
 4975    1928  1921  6491  6509
 4976    1471  1540  1461  6382
 4977    2367  2376  6811  7590
 4978    1336  1337  6249  6489
 4979    1893  1895  6197  7526
 4980    5935  5829  5961  6024
 4981    1200  1216  5810  7131
 4982    3515  3516  6318  6651
 4983    1443  5791  5775  7268
 4984    5615  6454  6885  7623
 4985    5412  5410  5402  7203
 4986    6414  6176  6448  6586
 4987    5439  5440  5435  7424
 4988    6818  1845  1800  7624
 4989    3533  3535  3534  7339
 4990    3135  3137  6409  6721
 4991    4855  4494  6575  7496
 4992    4713  4925  6749  7534
 4993    6771  3846  6814  7385
 4994    4187  5790  7022  7241
 4995    4787  5803  4786  7468
 4996    5228  5241  5245  6978
 4997     521   360  6694  7009
 4998    4361  3790  4373  7028
 4999    6493  6573  6881  7428
 5000    1260  6276  7377  7380
 5001    6510  4295  6603  6713
 5002    1464  1472  6610  7043
 5003    5478  5484  5485  6500
 5004    6176  6304  6347  7175
 5005    1692  1695  1630  7598
 5006    2598  2604  6887  7577
 5007    2650  2755  2647  6521
 5008    6424  6400  7126  7574
 5009    2594  2591  2595  7030
 5010     260   525  6619  6842
 5011    5023  5257  7283  7511
 5012    5162  5166  5163  6207
 5013     863   603   607  7008
 5014    3738  3739  3742  6724
 5015    4851  4854  6693  7386
 5016    5430  5381  5378  7424
 5017    3887  3639  3634  6526
 5018    6450  6146  6616  7579
 5019    5526  4585  6612  7429
 5020    2700  3080  3081  6336
 5021    4091  4092  3969  6654
 5022    5306  6675  6786  7040
 5023    3739  3511  3740  6724
 5024       2     8     9  7048
 5025    6329  6702  6720  7245
 5026    4276  4277  6677  7354
 5027    3574  3567  6444  7466
 5028    3571  3570  6566  7466
 5029    6123  5907  6243  6379
 5030    4380  4377  4376  7028
 5031    2664  2663  2662  6709
 5032    5520  5529  5522  7290
 5033    3063  3318  3064  6465
 5034    3358  3353  6980  7658
 5035    5196  5199  5233  7260
 5036    5638  5636  5637  7034
 5037    3579  3578  6376  6444
 5038    4118  3855  6421  6726
 5039    1315  1320  7065  7173
 5040    4112  4108  4115  6128
 5041    3597  3594  3595  7445
 5042    3756  3758  6839  7286
 5043    7138  2539  7304  7564
 5044    5252  6175  6838  7121
 5045     386   388  7015  7189
 5046     329   350   386  7015
 5047    5104  5108  5130  6567
 5048    3364  3363  3361  6770
 5049    6573  6493  6881  7224
 5050     298   290  7267  7565
 5051    1604  1605  1602  6925
 5052    6149  6203  7069  7595
 5053    1057  6391  6829  6831
 5054    5869  6017  6174  6334
 5055    5916  5922  5998  6345
 5056    5840  5837  5934  6499
 5057    5993  6070  6124  6552
 5058    6108  6225  6480  6997
 5059    4514  4472  4471  6729
 5060    1466  1465  6085  7533
 5061    4359  4453  4454  6730
 5062    5913  5059  6032  7136
 5063    5934  6069  6452  7100
 5064    5163  6207  7090  7260
 5065    6420  6739  7051  7509
 5066     979  1024  6520  7639
 5067    1801  1814  7128  7412
 5068     564   562  6188  7031
 5069    1913  1912  1907  7420
 5070    5919  6477  6750  7118
 5071     983   981  6520  6574
 5072    4667  4673  6774  6871
 5073    3709  3717  3843  6771
 5074    6314  6082  6809  7059
 5075    4433  4663  6890  7264
 5076    5090  5091  7155  7476
 5077    4160  4162  4192  7246
 5078    3291  3293  3284  7414
 5079    3912  3911  7222  3914
 5080    6196  5974  6445  6781
 5081    6014  6512  6933  7250
 5082     179   180   442  7427
 5083    1775  1548  6836  7255
 5084    5334  5331  7012  7476
 5085    5993  6325  6400  6552
 5086    6160  6007  7168  7188
 5087    5922  5942  5998  6345
 5088    6612   304  6635  7231
 5089    5985  5953  6005  6596
 5090    4813  4815  4808  7495
 5091    2135  2136  2133  7537
 5092    5778  2268  6738  7037
 5093    5900  5829  5936  5959
 5094    5945  5933  6104  6218
 5095     929   922  6866  6991
 5096     739   730   738  7258
 5097    4005  4666  6495  7264
 5098    5853  5954  6027  6229
 5099     713   873  6919  7335
 5100    3736  3733  3734  7497
 5101    6244  4423  6676  7349
 5102    2268  2281  6738  7037
 5103    3104  2794  3132  6804
 5104     350   352   407  7015
 5105    1861  1856  1860  6818
 5106    4646  4643  4300  6506
 5107    5432  5434  6378  7317
 5108     956   949  1270  6076
 5109    2749  3104  6779  6804
 5110    5489  5496  6027  7232
 5111    5886  6194  6635  7253
 5112    3863  3872  6330  6843
 5113    4041  3669  3913  7568
 5114    6431  6174  6485  6796
 5115    1037  1049  1039  7348
 5116     193   195   194  6576
 5117    2985  3021  6275  6608
 5118     347   321   108  6333
 5119     137   135   136  7432
 5120    2257  2262  6586  7452
 5121    6463  6453  6486  6669
 5122    6835  1525  6984  7566
 5123    5401  7633  5395  5403
 5124    2824  2799  2790  6222
 5125     134   135  7251  7432
 5126    6484   170  6847  6895
 5127    3119  3117  3154  7293
 5128    6417  6381  6421  7628
 5129    5535  7157  7158  7461
 5130    1411  6329  6404  7474
 5131    6248  3939  6912  7331
 5132    1390  1391  1396  7295
 5133    2146  5792  1840  6813
 5134    1779  1788  1787  7202
 5135    4803  4799  4805  7575
 5136    3892  4185  6442  7594
 5137    4741  4746  4747  7665
 5138     683   685   691  7274
 5139    1620  1629  1619  7562
 5140    4287  4286  4196  7247
 5141     923   924  6866  6880
 5142    1055  1056  6419  6829
 5143    1908  1914  1913  7420
 5144    4146  4145  4158  7246
 5145    5601   238   240  7369
 5146    5261  5268  5269  7561
 5147     903   902  6529  6920
 5148      70   315  6096  7262
 5149    2657  2356  7118  7509
 5150    6000  6165  6565  7441
 5151    6354  5859  6609  7088
 5152     142   149   145  7660
 5153    2213  2368  6255  7418
 5154    2642  2643  2611  7143
 5155    3650  3657  3592  7029
 5156    4532  4517  4518  7094
 5157    6257  5990  6540  6928
 5158    1697  1700  1670  6720
 5159     182  6171  7161  7427
 5160     889  1122  1091  6570
 5161    5871  6066  6791  7206
 5162    1020  1271  6486  6669
 5163    5786  6088  6695  7112
 5164    6082  6314  6672  7059
 5165    4249  4264  4265  7563
 5166    1385  1380  1386  7245
 5167    2051  2059  2056  7026
 5168    1267   955  1367  6276
 5169    3872  3871  3874  6853
 5170    4729  4949  3762  7013
 5171     386   390   388  7189
 5172    6883  6702  7243  7245
 5173    1928  1924  2202  6491
 5174    2117  1841  6813  7177
 5175    6031  6079  6378  6873
 5176    1624  1628  1625  7562
 5177    4379  4403  6277  6295
 5178    6450  6622  6260  6567
 5179    4090  6248  6918  7331
 5180    1736  1737  1723  7421
 5181    3685  3679  3684  6909
 5182    6253  5795  7007  7291
 5183     869   852  6660  7045
 5184    5350  5351  6873  7012
 5185    5242  5250  6350  6372
 5186    4522  4491  4521  7095
 5187     675   673   674  7410
 5188     988   985   986  6719
 5189    4563  6910  7469  7494
 5190    4360  4359  4358  7419
 5191    7013  6155  7014  7256
 5192    6093  3971  6466  6870
 5193    2060  2096  6948  7216
 5194    3308  3313  7275  7658
 5195     674   541   542  7410
 5196    4632  4641  4631  6666
 5197    6150  6038  6500  6795
 5198     784   783   785  6543
 5199    2450  2448  2447  6862
 5200    6330  6381  6417  7628
 5201    5987  5940  6427  6955
 5202    1327  1329  1321  7005
 5203     265   272  6635  7253
 5204    3368  3337  6328  7310
 5205    3401  3380  3376  6303
 5206    1398  1389  1387  7519
 5207    3291  3290  3289  7414
 5208    5488  5483  5485  6795
 5209    3481  3424  3436  6996
 5210    6097  6050  6594  6623
 5211    2033  2032  2031  6170
 5212    4714  4717  6756  6793
 5213    1084  1080  6544  6964
 5214    1067  1075  1071  6947
 5215    6245  2465  6504  6942
 5216     675   433   673  7410
 5217    6075  6138  6525  7241
 5218    6872  4519  6902  7095
 5219    5439  5437  5438  6689
 5220    3540  3544  3537  7195
 5221    3513  3512  3519  6030
 5222     964   961   959  7363
 5223    6428   917  7064  7353
 5224     211   208  7218  7523
 5225    5846  6371  6586  6832
 5226    2485  2575  2499  6970
 5227    1202  1201  1123  7493
 5228    4320  4327  6595  7336
 5229    2839  2844  6888  7613
 5230    6112  5924  6316  6432
 5231    6559  6160  7168  7188
 5232    4999  5003  5000  7619
 5233    2012  2014  2011  7551
 5234    2785  2793  6804  7645
 5235    2073  2078  6446  6751
 5236    6563  6056  7161  7531
 5237    5673  5675  5670  7123
 5238    1606  1579  6204  6925
 5239    3444  3447  3448  7057
 5240    3619  3680  6028  7017
 5241     923   940  6326  7061
 5242    3154  3117  3153  7293
 5243    5986  5955  6379  6855
 5244    1423  1393  7004  7295
 5245    5188  5976  6198  6742
 5246    2978  6332  6480  6608
 5247     529   566   565  7554
 5248    6269  6458  6658  6855
 5249    1282  1387  1283  7018
 5250     848   855   851  7101
 5251    5089  5081  6324  6549
 5252     432   430   431  7098
 5253    2975  2974  2976  6711
 5254     663   665   666  6383
 5255    5835  5906  6521  7143
 5256    5902  5907  5957  5987
 5257     529   528   256  7031
 5258    6006  5957  6095  7144
 5259    6246  6686  6785  6836
 5260    6383  6143  6499  6802
 5261    2460  2454  2452  7180
 5262    3767  3769  3766  7014
 5263    2518  2840  2839  6443
 5264    3954  3952  3951  6638
 5265    6525  6841  7528  7542
 5266    6527   744  6763  6913
 5267    5953  6009  6044  6390
 5268    6099  6214  6331  6849
 5269    5361  5359  5358  7521
 5270    6097  6079  6484  6600
 5271    5271  5287  6077  6468
 5272    3341  3606  6513  7310
 5273    1091  1122  1095  7635
 5274    3056  2767  2766  6714
 5275    1682  1689  1960  6541
 5276     585   617  6388  6648
 5277    6302  5949  6712  6917
 5278    5998  6182  6231  6345
 5279    5879  6325  6774  6937
 5280     957   954   952  7353
 5281    4896  4895  6548  7480
 5282    5221  6087  6207  6620
 5283     674   676   675  7657
 5284    4393  4394  6284  7494
 5285    6063  6057  6065  6350
 5286    5697  6585  7192  7229
 5287    1245  1318  1246  6153
 5288    6279  6388  6648  6854
 5289    5242  5258  5250  6372
 5290    5440  5433  5435  7424
 5291    2087  2055  1983  7178
 5292    6410  4451  6558  7454
 5293    4828  5081  4824  7159
 5294    5031  4937  5913  6032
 5295    2782  6892  7109  7130
 5296    5925  6271  6281  6550
 5297    6167  6413  6822  7547
 5298    7134  6200  7156  7331
 5299    5546  5554  6066  7050
 5300       1  5760  5759  6744
 5301     438   139   138  7251
 5302     574   551   565  7554
 5303    5834  5915  5988  6134
 5304    5320  4996  6819  6986
 5305    2908  2912  2913  6989
 5306    3156  3149  3151  7219
 5307    6772  5987  6955  7664
 5308    7049  6520  5929  7639
 5309    3753  3864  6237  6839
 5310    2228  2424  2224  7541
 5311    6437  6892  7115  7116
 5312    2745  2742  2780  6701
 5313     579   840  6354  7362
 5314    1459  1458  6610  7054
 5315    6102  5855  6652  7025
 5316    4675  4609  6369  7170
 5317    1586  6680  7184  7277
 5318    7449  6242  7660  7664
 5319    6511  2687  6865  6888
 5320     289   291   288  7011
 5321    2341  2335  2331  6408
 5322    3996  4662  6387  6890
 5323    6399  4280  7354  7475
 5324    1502  1490  1498  7559
 5325    3469  3401  3400  6747
 5326    5885  5827  6043  6129
 5327    5252  5243  5245  6838
 5328    4603  4605  4594  7557
 5329    5952  6011  6057  6247
 5330    4331  4325  4345  6632
 5331     856   848  6660  7101
 5332    7234  6426  7505  7595
 5333    4962  4746  4957  7663
 5334    4491  6775  7314  7656
 5335    6071  6388  6797  7637
 5336    2670  2671  2663  6251
 5337    1888  1880  1900  6894
 5338    7157  6163  7158  7461
 5339    4700  4697  4699  6861
 5340    5272  5535  5538  7461
 5341     520   513   512  6479
 5342    3650  3659  3657  7029
 5343    2223  2236  2222  7091
 5344    6205  5930  7067  7133
 5345    4718  4721  4719  7239
 5346    1387  1280  7004  7018
 5347    4849  4850  6622  7201
 5348    5269  5268  7461  7561
 5349     652   639  6338  7086
 5350    4627  4635  4634  6535
 5351    2680  2421  6315  7375
 5352     927   878   925  6736
 5353    6226  5868  6693  7386
 5354    4362  4369  4371  7632
 5355    4046  4045  6554  7308
 5356    6200  6135  6995  7134
 5357    5249  5500  6998  7121
 5358    2316  6365  7037  7327
 5359    2259  4909  6586  6832
 5360    5704   141  7660  7664
 5361    5661  5663  5662  6243
 5362    3971  3972  3970  6466
 5363    1207  5810  7131  7370
 5364     142   145  5704  7660
 5365    3256  3258  6238  6753
 5366    5236  5228  6978  7555
 5367    4962  4957  4959  7663
 5368     513   511   512  6067
 5369    6116  5740  6881  7364
 5370    5833  5827  5836  5862
 5371    5938   555  6609  7088
 5372     718   715   717  6757
 5373     674   673   541  7410
 5374    5715  5707  6689  7114
 5375    3233  3235  6141  7503
 5376    1038  1017  1042  6113
 5377    1917  1920  1921  6509
 5378    1251  1234  6360  6755
 5379    2718  2719  2721  7470
 5380    6380  4622  6535  7582
 5381    6100  1254  6723  6863
 5382    5837  5824  5859  5864
 5383    4968  4967  4969  7665
 5384    4728  4755  4725  6495
 5385    4705  4704  4702  7003
 5386    3559  3761  3760  6587
 5387    1853  1876  6485  7074
 5388    6007  6098  7053  7168
 5389    4714  4919  6749  6756
 5390     529   565   528  7554
 5391    2685  2686  2421  7375
 5392    3288  5796  3284  7659
 5393     712   707   711  6757
 5394    1822  1823  1761  6985
 5395    2758  2762  6459  7488
 5396    2282  6504  6722  7075
 5397    6331  2392  7299  7382
 5398    2287  2317  6927  7263
 5399    1749  2111  6440  6637
 5400    5449  5443  5442  7224
 5401    6037  6410  6558  7454
 5402    5979  1083  6964  6544
 5403     321   100  6333  6758
 5404     382  6648  6767  6968
 5405    3071  3069  3070  6759
 5406    4555  4556  7076  7391
 5407    1197  1126  1124  6625
 5408    3270  3269  7069  7616
 5409    6567  6622  6655  7548
 5410    4578  4600  6120  6283
 5411    1767  1743  6476  7513
 5412    4921  4928  4923  7093
 5413    2564  2595  6304  7030
 5414    1384  1377  1375  7650
 5415    1176  1175  1173  6104
 5416    2055  2091  7178  7629
 5417    4897  4895  4884  7480
 5418     175   176  7431  5807
 5419    1888  1880  6894  7451
 5420    1393  1388  1418  7004
 5421    6010  6029  6197  6343
 5422    3305  3578  6444  7338
 5423    7016  6707  7021  7052
 5424    5983  6404  7374  7377
 5425    1014   731  6732  6906
 5426    6052  6257  6356  6726
 5427    2875  2888  6695  6830
 5428    3368  3953  6228  6328
 5429    2402  2417  6708  7382
 5430    6436  6207  6620  6978
 5431    6117  6075  6138  6737
 5432     377   383  7066  7450
 5433    6070  6102  6652  6775
 5434    4045  4044  4046  6554
 5435    6636  4817  7388  7514
 5436    2271  2272  2270  7127
 5437    1435  1516  1430  6975
 5438    6201  6532  7278  7518
 5439      81    86  5994  7083
 5440    5955  5907  6123  6379
 5441    5902  6105  6450  6567
 5442    1786  1569  1568  6375
 5443    5694  5730  6734  7396
 5444    2762  2764  2757  6580
 5445    2097  2096  2089  6331
 5446    2848  2858  6357  7613
 5447     815   814  6419  6629
 5448    6330  5852  6381  7628
 5449    2903  2901  2898  7112
 5450    5826  5828  5837  5855
 5451    5922  5929  6081  6707
 5452    6273  6147  6553  6579
 5453    4394  4524  6902  7494
 5454    3686  3973  3979  6765
 5455     405   404   408  6643
 5456    2926  2928  5888  7569
 5457    1728  6164  6317  7285
 5458    5865  6057  6077  6458
 5459    6014  6174  6311  6431
 5460    4982  4980  4978  7081
 5461    5360  5364  6819  7190
 5462    6429  7073  7439  7532
 5463    5602  5604  6385  6783
 5464    6175  6838  6886  7236
 5465    5591  5583  7248  7384
 5466    1598  1323  1596  6181
 5467    4701  4696  4687  6768
 5468    5939  6340  6430  7336
 5469    4426  4427  4459  7473
 5470    4827  4826  6588  7159
 5471    3936  4051  4049  7589
 5472    3929  3928  3924  7416
 5473    6214  6331  6849  7044
 5474    5904  6060  6172  6861
 5475    2922  2919  5888  7569
 5476    2206  2208  6170  6806
 5477     778   781  7478  7588
 5478    6120  4601  6369  7240
 5479    1350  1356  1349  7021
 5480    6510  6577  6828  7247
 5481    2725  3056  3042  6359
 5482    3925  3928  7351  7416
 5483    4585  5521  5526  6612
 5484     786   790   750  6621
 5485    4308  4642  4646  6506
 5486    6667  6002  6695  7023
 5487    4712  4742  4718  7239
 5488     379  6615  6767  7450
 5489    6016  6338  7086  7214
 5490    6261  6549  6575  7496
 5491    2295  2291  2563  6208
 5492    6388   585  6854  7215
 5493    2401  2400  6787  7436
 5494    5653  6280  7034  7284
 5495    1927  1679  1924  6491
 5496    5853  5848  5886  5926
 5497    6242  6585  7660  7664
 5498    1441  1215  7268  7462
 5499    1503  1490  1504  7559
 5500    5982  6208  6304  6954
 5501    3369  3370  6328  6770
 5502    3843  3726  3846  6771
 5503    6931   431  7098  7410
 5504    1349  1328  1351  7021
 5505    4882  4879  5183  6742
 5506    5920  5847  6191  6634
 5507    5676  5679  6484  7552
 5508    1383  1385  1386  7245
 5509    1406  1413  1403  7662
 5510    5431  5435  5436  7424
 5511    6065  5946  6429  6604
 5512    3972  3966  6466  6731
 5513    6271  6449  6813  7177
 5514    5623  5540  5539  6090
 5515    4601  4593  6369  7240
 5516     927   929  6483  6736
 5517    5749     4  5724  6623
 5518    1049  1048  7348  7599
 5519    6637  6703  6750  6751
 5520    2870  2869  2871  7252
 5521    3298  3303  6993  7338
 5522      59    58    64  6556
 5523    1525  1522  6984  7566
 5524       8  6050  6193  7048
 5525     542   541  6936  7410
 5526    2213  2216  2215  7418
 5527    4357  4360  4358  7419
 5528     907   901   905  6801
 5529     847   870  6285  7467
 5530    5274  5267  5271  7561
 5531    7174  4599  7586  7620
 5532    3654  3583  6221  6578
 5533    4919  4924  6749  7093
 5534    3963  3964  3951  6638
 5535    5795  3644  6253  7254
 5536    6797  6388  7215  7637
 5537     605   609   860  6797
 5538    1307  1297  1302  7614
 5539    5499  5252  5500  7236
 5540    3991  4096  7079  7580
 5541    6060  5887  6768  6820
 5542    4349  4360  4357  7419
 5543    1943  1944  1949  6559
 5544    4353  4354  4347  7419
 5545    5955  5987  6021  6256
 5546    1551  1561  6981  6987
 5547    5859  5840  5884  6140
 5548    6468  5267  5271  5266
 5549    1281  1139  1136  7018
 5550     225  6258  6433    44
 5551    2671  2670  2806  6776
 5552    7355  3594  7445  7622
 5553    6239  6358  6611  6842
 5554    1458  1451  6917  7054
 5555     380   375   365  7066
 5556    6512  6613  2176  6545
 5557    6484  5679  6600  7552
 5558    3482  3484  3483  7358
 5559    1740  1742  1726  6438
 5560    5530   269  6561  7290
 5561    5972  6116  6467  6493
 5562     458   457  6931  7249
 5563    7239  4723  4720  4722
 5564    6631  5986  6994  7154
 5565     855   856  6660  7101
 5566     907   902   901  6801
 5567    1023  1029  7085  1028
 5568    6591  3726  6771  7385
 5569    6496  6879  7074  7465
 5570    4635  4627  4639  6535
 5571     439   441   446  6780
 5572    4527  4535  4533  6781
 5573    5070  5078  6300  7001
 5574     713   712   711  6757
 5575    1730  1728  1184  6072
 5576    5826  5825  5831  5839
 5577    6325  5993  6400  6937
 5578    5602  5571  5606  6783
 5579    1204  1210  1203  6597
 5580     736  6534  6963  6971
 5581     302   305  7231  7273
 5582    6832  2961  7057  7169
 5583    5996  5936  6263  6591
 5584    1611  1357  1608  7021
 5585    5627    33  5617  6454
 5586     215   214  6433  7604
 5587    6100  6085  7043  7533
 5588    5566  5572  6955  7393
 5589    6301  6040  6449  6849
 5590    6053  6313  6477  6973
 5591    4286  4287  6828  7247
 5592    1577  1573  6584  6688
 5593     203   202   209  7218
 5594     872   875   865  7335
 5595     547   548  6763  6936
 5596    6394  2273  6852  7153
 5597     772  6794  7148  7477
 5598    5796  3285  7084  7659
 5599    2399  2400  2391  6787
 5600    3096  3090  3091  6205
 5601    4996  6819  6986  7619
 5602    1090  1087  1086  5979
 5603    4481  4479  7383  7656
 5604    1868  1879  1875  7465
 5605    5974  5866  6196  6445
 5606    2337  2336  6422  6789
 5607    5881  6349  6413  6764
 5608    6013  6064  6464  6778
 5609    2329  2324  2327  7322
 5610    5833  6186  6887  7027
 5611    6921  1537  7332  7513
 5612    3058  3045  6461  6958
 5613    5256  5261  5255  7511
 5614    4195  4187  5790  7022
 5615    6752  6067  7119  7369
 5616    6135  5889  6154  7020
 5617    4452  4451  4454  7454
 5618    6345  5922  6723  6863
 5619    5098  5384  6327  7411
 5620    5867  5978  6763  7002
 5621    1964  1962  1949  6789
 5622    4758  4673  6300  6774
 5623    1440  1442  1449  6977
 5624    1326  1321  6064  7005
 5625    1678  1700  6569  6720
 5626    5826  5837  5903  6008
 5627     759   480   482  6259
 5628    3244  3440  3433  6628
 5629    3642  3638  6213  6221
 5630     262  6612  6635  7290
 5631    4988  6490  6891  6986
 5632    6098  1931  6289  7289
 5633    1764  1537  6921  7513
 5634    1912  1911  7053  7420
 5635    1736  1738  7421  7572
 5636    1123  1125  6025  7493
 5637    5444  6881  7224  7428
 5638    4056  4052  4053  7156
 5639    6410  6455  6730  7454
 5640    3276  6566  3281  3530
 5641    3371  7151  7490  7610
 5642    5851  5877  5924  5921
 5643    5885  5995  6078  7625
 5644    6228  6466  6638  7344
 5645    5827  5842  5843  6129
 5646    1774  1772  7368  7513
 5647    1203  6234  6597  7493
 5648    5864  5884  5894  7529
 5649    6381  5996  6421  7628
 5650    6154  5878  6603  7230
 5651    4508  4506  4505  6730
 5652    6027  5525  6229  7429
 5653    3120  3318  6627  7379
 5654    3595  3593  7445  7622
 5655    1577  1573  1574  6584
 5656    2781  2394  2783  7109
 5657    2161  5773  2165  6545
 5658    5967  5830  6119  6235
 5659    4789  4793  6846  5803
 5660    1894  1892  1864  6197
 5661    1846  1833  1790  7237
 5662    6356  4124  6502  6726
 5663    6115  3808  6270  7580
 5664    3505  3512  6030  6965
 5665    2617  2618  2610  7415
 5666    2802  2793  2800  7645
 5667    6114  6039  6498  6922
 5668    6534  1013  6732  7258
 5669    5176  5139  6180  7137
 5670    2333  1951  1948  6559
 5671    1453  1438  1451  7054
 5672    6594  6097  6623  6727
 5673    3893  3888  3886  7254
 5674    3985  3983  3803  6765
 5675    1389  1394  1276  7269
 5676    2524  2523  6982  7281
 5677    6689  6594  6881  7364
 5678    4986  4992  4967  6926
 5679    2850  2848  2840  7067
 5680    5942  6326  6866  6880
 5681    3166  3138  7108  7261
 5682     456   452  6576  7035
 5683    5824  5834  5844  5876
 5684    5958  5941  6626  7334
 5685    4308  4305  4644  6401
 5686    1513  7402  7441  7559
 5687    6128  5961  6356  7106
 5688    2296  6414  6448  7184
 5689    3217  3231  3266  6149
 5690    6181  5956  6204  7124
 5691    6454  6639  6885  7623
 5692    3452  3454  3383  6035
 5693    5354  5675  6384  6653
 5694    4622  4625  4628  7582
 5695    5706  6374  6689  7317
 5696    3501  3500  3514  6808
 5697    6694   521  7009  7626
 5698    5926  6229  6561  6635
 5699    3928  3925  3924  7259
 5700    5381  5380  5379  6487
 5701    1416  1422  1421  6317
 5702    5471  5477  5469  6795
 5703    6661  5597  6783  7137
 5704    6012  6745  6929  7345
 5705    1349  1356  1357  7021
 5706    5925  5964  6014  6823
 5707    1892  1881  6903  7425
 5708    2915  2924  3017  7569
 5709    5901  5859  6140  6571
 5710    5925  6174  6271  6311
 5711    2045  2564  2044  6208
 5712     939  6345  6801  6880
 5713    7374  1402  7661  7662
 5714    3885  4180  3893  7254
 5715    1177  1182  1181  6218
 5716    1151  1150  6241  6377
 5717    2019  2017  2018  6671
 5718    6027  5902  6105  6450
 5719     390   386   610  6798
 5720    3360  3366  6627  6770
 5721    6058  5860  6132  6192
 5722    5922  6719  7049  7639
 5723    3356  3344  6905  7328
 5724    3398  3465  6747  7132
 5725    3308  7275  7367  7658
 5726    1370  1368  1372  7380
 5727    5922  6153  6345  6755
 5728    3551  3600  6582  7275
 5729    2639  2634  6739  6800
 5730    5907  5826  5955  5987
 5731    1610  1609  1680  6273
 5732    5861  5830  5906  6054
 5733    1204  6597  6864  7370
 5734    6427  6734  6955  7337
 5735    6284  6522  7146  7494
 5736     930   898   932  6801
 5737    5900  5936  6825  7504
 5738     948  1011  6076  6802
 5739    1977  2014  2012  6911
 5740    5726  5725  5563  6427
 5741    3294  3295  7084  7638
 5742    3877  3862  3875  6330
 5743    6136  6149  6426  7595
 5744    6490  6151  6926  7349
 5745    4599  4252  4253  7586
 5746    5870  6004  6192  7275
 5747    4912  4913  4914  6407
 5748    6531  6429  6536  6548
 5749    6052  5829  6257  6726
 5750    2747  6779  7446  7652
 5751    5137  5133  5132  7597
 5752    3468  6101  6747  7132
 5753    5910  2620  6355  6518
 5754    4688  4686  4689  7208
 5755     402   398  6717  6803
 5756    6407  6110  7011  7565
 5757    1299  1298  6396  6489
 5758    3697  3700  3701  7152
 5759    4741  4984  4968  7665
 5760    5105  5113  6655  7548
 5761    3105  6411  6779  6804
 5762     852   854  6660  7472
 5763     771   772  7148  7477
 5764    4734  4733  4735  6901
 5765     917  6952  7064  7353
 5766    6307  5841  6641  7102
 5767    5955  5987  6256  6305
 5768    7336  7397  7517  7601
 5769    6183  3943  6190  6868
 5770    1568  1576  6375  6688
 5771    1939  1944  1942  6799
 5772    6101  5900  6412  6825
 5773      15    20   189  6514
 5774    6175  6063  6436  6838
 5775    6155  5874  6832  7142
 5776    3500  3493  3514  6808
 5777    6152  6071  6797  6919
 5778    2726  2722  7489  7615
 5779    6699  5893   493  7194
 5780    1874  1870  1875  7074
 5781    2826  2828  2833  6900
 5782     689   688   687  7319
 5783    6056  6050  6171  6614
 5784    4310  4033  7080  7230
 5785     339   341  6452  7267
 5786    5861  5842  6108  6896
 5787     478   477   479  6220
 5788    1486  6663  7124  7437
 5789    4635  4637  6535  6820
 5790     383   385   377  7066
 5791    5237  5232  5236  7555
 5792    1346  1344  1348  7052
 5793    1823  1828  6550  6985
 5794    6923  1190  7113  7298
 5795    2039  2040  2041  6815
 5796     719  6824  6866  6991
 5797    7216  6301  7629  6214
 5798    2283  6504  7356  7372
 5799     676   683  6769  7274
 5800    3528  3572  6566  3530
 5801    1128  1138  1130  7499
 5802    6072  6019  6104  6162
 5803    4155  4154  4158  7608
 5804    2915  2914  2916  7235
 5805    6248  6200  6995  7331
 5806    5512  5611  5797  7463
 5807    3949  3916  3915  7292
 5808    6046  5940  6307  7393
 5809    6886  6784  7236  7648
 5810    7241  4192  7242  7246
 5811    3619  3681  3680  7017
 5812      15    21    20  6514
 5813    1621  6329  7474  7562
 5814    5922  6081  6153  6778
 5815    6895  5719  5707  7317
 5816    5619  5622  6639  7623
 5817    1282  1274  1281  7018
 5818    6977  1445  7300  7457
 5819     488   781  7194  7588
 5820    2998  3002  6406  7191
 5821    2249  2246  6681  6743
 5822    5695  6772  7229  7464
 5823    1590   293  1589  6680
 5824    3732  3736  3734  7117
 5825    2690  3080  6336  7334
 5826    4772  4802  6042  6781
 5827    4441  4440  6424  7574
 5828    5433  5434  6378  7424
 5829    6380  5975  6399  6535
 5830    1830  1823  1822  6985
 5831    6394  5997  6504  6681
 5832    1279  1276  1278  7269
 5833    4917  4948  4918  6296
 5834    6059  6249  6456  6883
 5835     908   663  6143  6452
 5836    6564  6482  6918  7221
 5837    6812  6293  7010  7213
 5838    6384  5354  6653  6675
 5839    6179  6361  6409  7151
 5840    3462  3459  3457  6144
 5841    5030  4937  6032  7039
 5842    6371  6176  6586  7062
 5843    1272  1278  1028  7269
 5844    1091  1092  7472  7635
 5845    3996  4433  4662  6890
 5846    4072  4073  6826  7292
 5847    6085  1450  6610  7043
 5848    3221  3239  3238  7234
 5849    4888  6548  6636  7341
 5850    6642  1036  1031  6391
 5851     702   704   701  7204
 5852     852   854   869  6660
 5853    5889  6200  6248  6912
 5854    6164  6317  6850  7004
 5855    4423  4426  6244  7473
 5856     895   927   926  6483
 5857    1777  1548  1779  6836
 5858    6626  6005  7147  7199
 5859    6155  4172  7013  7014
 5860    6103  6911  7178  7551
 5861      22    24  6026  7384
 5862    6114  6039  6576  7498
 5863    6946  6113  7599  6083
 5864    1246  1252  6153  6755
 5865    2454  2450  2453  6722
 5866    5309    78  5304  5994
 5867    2498  2497  6684  7111
 5868    3762  4174  4729  7013
 5869    5925  6014  6271  6813
 5870    2648  2650  5812  7376
 5871    1749  2111  6637  6703
 5872    2890  2887  2558  6822
 5873    6314  6082  6568  7460
 5874    6325  6762  6774  6937
 5875    6306  6224  6486  6523
 5876    3377  3343  6179  6967
 5877    1541  1782  1781  7122
 5878    6256  5955  6305  6649
 5879    4155  4249  7563  4163
 5880    1371  1370  6883  7380
 5881    6931  6605  7035  7417
 5882    5283  6011  6247  6398
 5883     884   885   891  6319
 5884    2022  2079  2027  6055
 5885     110   109   108  6867
 5886    5826  5955  5987  6021
 5887    3054  3050  7536  7540
 5888    3962  3785  6093  6877
 5889    5041  5034  5039  7039
 5890    6748  5973  6835  7320
 5891     817   815   805  6629
 5892    3153  3117  2776  6351
 5893    4078  4081  4082  6826
 5894    5955  6649  7612  6305
 5895    6108  5890  6235  6294
 5896    1003  1005  6983  7179
 5897     186   187  6171  6614
 5898    6701  7077  7175  7311
 5899    6008  6012  6062  6844
 5900    6138  6075  6381  7321
 5901    2106  1749  6637  6703
 5902    3405  3399  3404  7610
 5903    1814  1804  1801  7128
 5904    6150  6045  6175  6886
 5905    1266  6125  6276  6906
 5906    5748  5756  6193  7640
 5907    5987  6256  6305  7396
 5908    4287  4298  4286  6828
 5909    5179  5133  7524  7597
 5910    3108  3106  3105  7605
 5911    6568  6082  6809  7460
 5912    6027  6105  6180  6450
 5913    1460  1456  7300  7479
 5914    5951  5935  6048  6120
 5915    5946  6531  6536  6976
 5916     120   118   121  7552
 5917      38    36  6258  7325
 5918    2627  2631  6954  7077
 5919    5860  5880  6361  6517
 5920    3243  3239  3240  7234
 5921    4918  4917  6296  6407
 5922     844   849   848  6660
 5923    2192  1909  1908  6894
 5924    5866  5855  5898  5974
 5925    2377  2379  6948  7436
 5926    2388  2384  2387  7558
 5927    5964  6040  6255  6471
 5928     203  5578  6641  7102
 5929    5390  6195  5355  6873
 5930    1083  5979  6964  1088
 5931    5699  5702  7229  7464
 5932    6501  6660  7101  7472
 5933    6156  6790  6816  7237
 5934    3389  3775  6877  3774
 5935    6241  6084  6264  7113
 5936    6036  5964  6040  6811
 5937    6338  6134  6769  7214
 5938    4076  4480  4478  6775
 5939    1045  6083  6391  6831
 5940    2862  2545  6210  6667
 5941    6272  5906  6459  6521
 5942    4768  4764  4770  6601
 5943    5477  5483  5482  6795
 5944    2350  2355  2348  7107
 5945    6648   382  6767  7450
 5946    4172  4169  7013  7014
 5947    6487  5383  6873  7508
 5948    2880  2931  2881  7596
 5949    5866  5855  5974  6196
 5950    6451  4010  6488  6537
 5951    6338   645  6643  7086
 5952       1  5757  5762  6744
 5953     665   667   666  6383
 5954     507   555   764  7088
 5955    6443  5930  7055  7067
 5956    5924  6288  6315  6668
 5957    6014  2149  6935  6311
 5958    5933  5845  6218  6306
 5959    2525  2518  2519  6982
 5960    2541  2542  2562  7138
 5961    3762  4172  4174  7013
 5962    6351  6119  6508  7293
 5963    5392  5986  6658  7154
 5964    3866  3863  3874  6853
 5965    3110  2747  3106  7605
 5966    3501  3499  3500  6808
 5967    2527  2530  2459  7138
 5968    4347  4357  4358  7419
 5969    5261  5263  5255  6372
 5970    6315  6127  6511  7375
 5971    6070  6115  6199  6270
 5972    6622  5105  6655  7548
 5973    5342  5337  6786  7040
 5974    3355  3357  3618  6868
 5975    6309  7276  7546  7552
 5976    5659  5427  5656  6379
 5977    5141  5140  6180  7597
 5978     383   385  7066  7450
 5979    1092  1094  7472  7635
 5980     229   228  6650  6766
 5981    4017  4027  4315  6603
 5982    3076  1559  1560  6941
 5983    4230  4235  4237  6834
 5984     476   478   485  6220
 5985    6760  6436  6838  6978
 5986    6294  3030  7540  7606
 5987    6373  6357  6805  7063
 5988    5176  5179  6450  7597
 5989    4472  4765  4839  6601
 5990      71    66    73  6659
 5991      18    16  6514  7102
 5992    3824  3822  4231  7403
 5993    3412  3416  6690  7193
 5994    6643  6338  7086  7211
 5995    2241  6678  6743  7303
 5996    4728  4731  6679  6901
 5997     129   128  7276  7306
 5998    1580  1582  1579  6584
 5999    6356  6117  6502  7106
 6000    6020  4321  7080  7397
 6001    3740  3511  6030  6724
 6002    3903  6451  6606  7399
 6003    5959  6070  6115  6199
 6004     830   833   826  7315
 6005    6236  3523  6254  6318
 6006    3097  3103  6478  7063
 6007    5144  6844  6966  7090
 6008    5215  5238  5223  6620
 6009    2751  3105  3106  7605
 6010    1572  1562  1487  7124
 6011    1781  1780  1755  7122
 6012    4538  4566  6872  7094
 6013    4175  4172  4169  7013
 6014    2953  2946  6979  7394
 6015    5879  6296  6679  7013
 6016    3948  3909  6183  7222
 6017    1753  1760  1759  7647
 6018    4462  4461  4458  6893
 6019    5336  6457  6644  6786
 6020    5424  5325  5330  5986
 6021    3494  3689  3472  7089
 6022    1853  1855  1843  6818
 6023    6119  6298  6351  6359
 6024     426   424   417  7060
 6025    2351  2339  2332  6230
 6026    2014  1977  6662  6911
 6027    5332  5079  7476  7544
 6028    3701  3710  3707  7152
 6029    5181  5007  5185  6882
 6030    3938  3931  7502  7589
 6031    3092  2941  7316  7634
 6032    3996  4039  6387  7308
 6033    2667  6930  6973  7294
 6034    6420  6709  7118  7271
 6035    6033  6242  7207  7483
 6036     698   701   704  6971
 6037     488   493  5893  7194
 6038    3084  3087  3085  7334
 6039    5806  7449   147  7660
 6040    5706  5438  6374  7317
 6041    1375  1376  6702  7650
 6042    5967  5830  6054  6119
 6043    6548  4888  6636  6742
 6044    5845  5886  6104  6162
 6045    6455  5911  6730  6893
 6046    6628  6670  6996  7141
 6047    2777  2409  2822  6892
 6048    6503  4417  6676  6848
 6049    3197  3429  3196  6672
 6050    1600  1599  1571  7124
 6051    1691  1631  6165  6956
 6052    6449  2116  6813  7366
 6053    6494  3795  3794  3789
 6054    3092  3101  6337  6478
 6055    3664  3663  3593  6212
 6056    5332  5079  5091  7476
 6057    3111  3110  3107  7605
 6058    6809  6314  7059  7460
 6059    3081  3410  5985  6626
 6060    5294  5292  5277  6598
 6061    5973  5969  5983  6084
 6062    3864  3754  6237  6839
 6063    6309  6418  7251  7427
 6064    2406  2411  2407  6560
 6065    1207  1208  5810  7370
 6066    1306  1296  6396  7614
 6067    4392  4519  6902  7494
 6068    3715  3719  3714  6771
 6069    3451  3764  3762  6155
 6070    6079  5918  6097  6484
 6071    5941  5886  6162  6308
 6072    5386  5390  5387  6378
 6073    4283  4274  6530  6841
 6074    6768  6908  7208  7390
 6075     251   525   260  6842
 6076    2245  2248  6394  6852
 6077    6925  1603  7409  7630
 6078    2326  2328  2340  7322
 6079    5961  6024  6356  7106
 6080    4173  4724  7013  7256
 6081    1918  1916  6249  6509
 6082    5877  5921  5947  6103
 6083     738   740  6794  7258
 6084    3558  3554  3552  6227
 6085    2236  2161  2238  6545
 6086    3792  4401  6870  6884
 6087    6112  5999  6167  6413
 6088     251   260  6619  6842
 6089    4433  4039  4434  6890
 6090    6441  1293  6673  6754
 6091    1186  1161  1150  7493
 6092    6534  5894  6732  6906
 6093    6202  6513  6950  7310
 6094      26   218  6682  7033
 6095    6034  6031  6097  6374
 6096    6333  6758  7015  7440
 6097    1988  1984  6911  6951
 6098    2860  3088  6205  6266
 6099     164  5723   177  6847
 6100    7184  2258  1588  7277
 6101    4596  4595  6048  7265
 6102    2736  2731  2732  7311
 6103    4064  4066  7134  4062
 6104    5288  5065  7010  7056
 6105    6334  6512  6613  7305
 6106    3518  3539  3516  6651
 6107    3323  3321  7032  7638
 6108    2963  2957  2965  7169
 6109    6168  2019  6618  6671
 6110    1190  1169  1192  6923
 6111    5917  5934  6110  6143
 6112    2555  2556  6764  7458
 6113    4242  4257  4240  7435
 6114    5662    95  5660  6538
 6115     119   127   128  7276
 6116    5899  6442  7241  7242
 6117    2897  6209  7235  7438
 6118    6655  6386  7082  7548
 6119    6186  2326  6230  7322
 6120    5911  5839  6107  6260
 6121     275  5642    69  6312
 6122     561   589   577  6634
 6123    6401  5939  6506  6848
 6124    5940  5926  6189  6641
 6125    6874  6421  7309  7507
 6126    5045  5053  5048  6395
 6127    3725  3727  3840  7560
 6128    2085  2027  6301  6671
 6129    5843  5827  5881  5999
 6130    2956  2265  2263  7452
 6131    1329  1324  1321  7005
 6132    5675  6384  7110  7123
 6133    5374  6256  6305  6649
 6134    6703  6440  7019  7326
 6135    1635  1637  1634  7409
 6136    4087  4060  6918  7331
 6137    3066  3320  3060  6465
 6138    6090  5871  6589  6639
 6139    6055  2027  6301  6849
 6140    6123  5907  6242  6243
 6141    5170  5525  5489  6027
 6142    1565  1540  6382  6663
 6143     744   747  6224  6763
 6144    3856  3859  3861  7507
 6145    6769  6913  6960  7274
 6146    5857  5962  6451  6916
 6147    6048  6120  7240  7265
 6148    5874  6155  6587  7142
 6149    5883  6318  6651  6716
 6150     949   951   948  7353
 6151    6291  6583  6834  7403
 6152    6258   225  6650  7233
 6153     576   575   573  7078
 6154    3724  3725  6771  7046
 6155    6571  5901  7186  7187
 6156    2379  2057  2060  6851
 6157    6005  5937  6137  7199
 6158    2273  2199  6394  6852
 6159    3873  3868  3865  6853
 6160    5840  5864  5894  7529
 6161    6036  6415  6869  7456
 6162    2082  2094  2099  6849
 6163    6591  6617  7038  7046
 6164    1518  1524  1522  6984
 6165    2140  2133  2138  7537
 6166    5136  5134  5138  6180
 6167     101   102  6807  7330
 6168     500   550   508  6068
 6169    5956  5905  6181  6289
 6170    1733  1731  1184  6438
 6171    3046  3043  6461  3051
 6172    5936  6263  6771  6814
 6173    5948  6176  6347  7175
 6174    6145  6127  6443  6888
 6175    2134  2136  2135  7537
 6176    1440  1442  6977  7268
 6177    3752  3729  7515  3751
 6178    2856  2855  2861  7642
 6179    3881  3884  6843  7321
 6180     663   664  6143  6383
 6181     596   590   587  6854
 6182    4596  4597  7240  7265
 6183    1031  1043  1032  6642
 6184    5895  5891  6084  6975
 6185    5618  5621  5628  7623
 6186     749   752   750  7527
 6187    5851  5925  5964  6334
 6188    4290  4293  6530  7247
 6189    2970  5786  6088  6695
 6190    6467  5972  6493  6573
 6191     745   753   974  7527
 6192    3798  5990  6814  7583
 6193     520   356   361  7009
 6194    3010  3003  6406  7162
 6195    1123  1125  1126  6025
 6196    2169  2167  2168  7350
 6197    4628  4626  6535  7582
 6198    4805  4799  7047  7575
 6199    3067  3072  2768  6351
 6200    2376  2370  2372  7590
 6201    2194  2192  2195  6133
 6202    3235  3218  6141  6149
 6203    2067  2108  6703  7019
 6204    1648  1664  1654  7289
 6205    1652  1654  1890  7289
 6206    6835  1504  7487  7559
 6207    5841  6130  6089  7523
 6208    6129  5897  6161  6907
 6209    1544  1541  6344  7255
 6210     557   555   507  7088
 6211    2560  2885  6447  7458
 6212    6483  5942  6866  6880
 6213    6047  6408  6422  6559
 6214    6560  6121  6787  7299
 6215    5950  6462  6988  7026
 6216    2218  2219  2220  7456
 6217    6202  6228  6320  7502
 6218    5975  6535  6666  7582
 6219    1714  1710  1709  6899
 6220    2621  2619  6518  7077
 6221    2367  2370  2376  7590
 6222    6132  6058  6192  6582
 6223    6458  6159  6658  6855
 6224    2080  2083  2085  6301
 6225    5273  5542  5532  7157
 6226    6329  5973  7474  7562
 6227    6804  2793  7108  7645
 6228    1197  1123  1126  6625
 6229     426   423   424  6524
 6230    2563  2566  6176  6208
 6231    5557  5567  5562  6434
 6232     714   709   706  6859
 6233    3236  3219  3215  6857
 6234    4938  4963  5913  6515
 6235       6   184     5  6614
 6236    2995  2993  6347  7191
 6237    4379  6232  6339  7220
 6238     499   471  6699  7194
 6239    3786  3778  3775  6877
 6240    1108  1111  1115  6827
 6241    5881  6245  6927  7263
 6242    2010  2009  6618  6662
 6243    4922  4927  4926  7093
 6244    4842  4845  5105  6622
 6245      40  6885  7325  7463
 6246    1761  1823  1827  6550
 6247    4143  4139  4137  6737
 6248    1485  6405  7124  7617
 6249    5651  5653    71  6280
 6250    5985  6596  6856  7293
 6251    6082  6161  6809  7059
 6252     520   361   521  7009
 6253    5907  6269  6379  6855
 6254    5257  6372  7283  7511
 6255    1793  1792  1791  7237
 6256    3552  3009  6582  7162
 6257    3884  3878  3882  6843
 6258    5921  5877  5924  6040
 6259    1312  6723  6755  6778
 6260    5359  6109  7190  7521
 6261    2283  2285  2463  6504
 6262    5829  5990  6115  6263
 6263    4310  4315  6603  7517
 6264    6647  6846  7201  7486
 6265    4767  4839  6601  6858
 6266    4013  4024  4012  7296
 6267    1540  1546  1538  6382
 6268     714   706  6392  6859
 6269    5104  5107  5105  7548
 6270    3036  3041  3005  6860
 6271    3729  3752  7515  3744
 6272    1409  1414  1408  7661
 6273     300  3083  1553  6987
 6274    6048  6250  7586  7620
 6275    3496  3502  3503  6646
 6276    1326  1330  1321  7005
 6277    2700  2701  2699  6336
 6278    4198  4202  7512  4197
 6279    4730  4731  4732  6679
 6280    6467  6038  6696  6795
 6281    6790  7092  7237  7624
 6282     520  6479  7009  7626
 6283    2208  2302  2207  6806
 6284    6343  6274  7125  7641
 6285    5861  6528  5888  5967
 6286    3142  3379  3135  6409
 6287    5826  5845  5853  5926
 6288    4657  4743  5904  6503
 6289    2867  2877  7252  7596
 6290     147   142  5806  7660
 6291    2134  2118  7000  7506
 6292     691   684  6769  6913
 6293    6983  1395  7016  7519
 6294    5834  5892  6006  6033
 6295    6322  6151  7607  7665
 6296    4424  4415  6676  7349
 6297    6266  6002  7055  7252
 6298    1234  6360  6755  6863
 6299    2461  2526  2459  6349
 6300    1077  1101  1100  6278
 6301     149   147   148  7660
 6302    2161  2236  5773  6545
 6303    4186  4180  7007  7254
 6304    6952  6428  7064  7353
 6305    3740  6030  6236  6724
 6306    6538    95  6659  7330
 6307    4731  4724  6495  6679
 6308    6813  6311  2149  6014
 6309    5275  5284  6247  7205
 6310     147   149   142  7660
 6311    1776  1775  6836  7255
 6312    2098  2393  2097  6331
 6313    6231  6319  6570  6625
 6314    5355  5348  5390  7012
 6315    4802  4772  4773  6781
 6316     152  5701  6498  6833
 6317    4617  4618  4619  7582
 6318     651   650   656  7407
 6319    1073  1070  1061  6947
 6320    5535  6163  7158  7448
 6321    2905  2914  6896  7438
 6322    3687  3688  3683  7017
 6323    3383  3377  6179  6967
 6324     117   130  7546  7552
 6325    5858  6401  6506  6555
 6326    3689  3473  7089  7132
 6327    3992  3984  3986  6270
 6328    6243  6538  7207  7330
 6329    4004  4005  4003  6184
 6330    5258  5263  5250  6372
 6331    5841  6307  6498  6514
 6332     225    44    42  7233
 6333    1376  1375  7377  7661
 6334    5184  5191  5193  6198
 6335     904   906   903  6920
 6336    3217  3218  6149  7595
 6337    4213  4391  4214  6522
 6338     144   143  6833  7449
 6339    5829  6024  6075  6117
 6340     451   448  6605  7417
 6341    3142  3146  3372  6409
 6342    4474  4829  4468  6698
 6343    6158  6183  6190  6868
 6344    1793  1798  1792  7237
 6345    5847  5856  5920  6049
 6346    1131  1020  1132  6669
 6347    6278  6234  5864  6025
 6348    1588  1591  7184  7277
 6349    2818  2817  2687  6865
 6350    4401  4396  4400  6292
 6351    5252  5246  5500  6998
 6352     617   601   585  6388
 6353      37    40  5991  7384
 6354    4627  4633  4639  6666
 6355    5945  1175  6104  6438
 6356    3683  3679  6909  7017
 6357    1505  1510  1513  7559
 6358    6080  6323  6544  6964
 6359     671   946  6802  6963
 6360    3588  3611  6718  6950
 6361    4312  4323  5817  7601
 6362    3691  3697  3699  6878
 6363    6161  6568  6809  7063
 6364    6373  6805  6900  7063
 6365    1751  1755  1753  7122
 6366    2237  2238  2240  6932
 6367    5849  5867  5893  6641
 6368    5835  6094  6230  6363
 6369    6865  2823  2790  2825
 6370    6695  2898  7112  6830
 6371    5873  6009  6202  6248
 6372    5110  5209  5208  6386
 6373    5034  5032  5039  7039
 6374      53  6239  6611  6842
 6375     393   389   392  7189
 6376    6570  6501  6660  7045
 6377    5548  5545  7050  7158
 6378    6437  5948  6539  6779
 6379    1866  1815  1821  6692
 6380    4330  4327  5817  7336
 6381    1348  1345  6707  7052
 6382    4829  4830  4832  6698
 6383    5878  5899  6425  6510
 6384    5140  5131  5132  7597
 6385    2818  2825  6865  7280
 6386    6007  5905  6098  6160
 6387    1742  6438  6476  6990
 6388    4050  4068  4056  7156
 6389    6344  1455  1446  1545
 6390    2124  2126  2134  7537
 6391    2848  2847  2842  7613
 6392    1494  1163  1495  6754
 6393    4329  4324  7336  7397
 6394    4514  4506  6729  7371
 6395    5707  5437  5743  6689
 6396    4478  4481  4075  6775
 6397    1684  1686  6516  6553
 6398     205   201   242  7218
 6399     893  1116  6319  6529
 6400    5995  3287  6078  6275
 6401    5954  6229  6291  7429
 6402    5164  5165  6966  7090
 6403    5464  5472  5465  6696
 6404    6425  6525  6530  7022
 6405    2276  2286  2283  7127
 6406    1247  1312  6755  6778
 6407    6717  6333  6803  6867
 6408    5989  6482  6564  6972
 6409    6236  5883  6318  6651
 6410    5036  5026  5040  6938
 6411    2278  2274  6681  7356
 6412     249   250  6842  7103
 6413    2785  2786  2787  6804
 6414     304  4235   305  7231
 6415    2682  2681  2511  6511
 6416     435   441   434  7024
 6417    1084  1083  1082  6544
 6418    5912  5873  6232  6292
 6419    4935  5034  4904  6976
 6420    3848  3850  3845  7385
 6421    4705  4637  4698  7003
 6422      48    52    51  7233
 6423    5919  5862  5941  6251
 6424    6435  6431  6512  7305
 6425    5679   116  5680  7123
 6426    5872  5921  5925  5969
 6427    1367  1267  6276  7380
 6428    5357  5110  6386  6655
 6429    4757  4758  6300  6495
 6430    2779  2789  2788  7115
 6431    1182  1089  5979  6544
 6432     989   990  6345  6719
 6433     898   899  6483  6920
 6434     481  6220  6259  6939
 6435    4751  5070  6300  6871
 6436    6428  6396  7064  7614
 6437    5237  5236  6978  7555
 6438    1821  1819  6607  7128
 6439    1271  6486  6669  7085
 6440    2706  2718  5813  7491
 6441    6247  6398  6604  6683
 6442     813   841   846  6542
 6443    5976  6551  6882  7433
 6444    2801  2800  7116  7645
 6445    5720  5744  5750  6727
 6446    1240  1235  6360  7636
 6447     406   352   351  6803
 6448     646   652   656  7407
 6449    4125  4129  6356  6502
 6450    6725  1645  7289  7581
 6451    6018  5991  6038  7183
 6452    2454  2450  6722  7180
 6453    4637  4705  6820  7003
 6454    4554  4555  7076  7429
 6455    6448  2258  7184  7277
 6456    5613  5616  5612  6885
 6457    5851  5872  5921  5925
 6458    2990  6132  6347  7270
 6459     893   886   896  6920
 6460    6015  5920  6049  7554
 6461     150   107   151  6095
 6462    6216  7266  7311  7652
 6463    1938  1939  1942  7516
 6464     311   313  7262  7520
 6465    1006  1041  6732  7477
 6466     459   430  6931  7098
 6467    5897  6266  6337  6792
 6468    2866  2851  2522  6210
 6469    6129  6082  6439  6672
 6470    1801  1803  7412  7550
 6471     512  6067  6282  6479
 6472    4813  4808  4814  7495
 6473    4656  4655  4654  6401
 6474    2282  5776  6504  7356
 6475    1669  1659  1661  6579
 6476    6260  6277  6339  6601
 6477    3728  3718  7038  7046
 6478    4397  4396  6292  7176
 6479    5897  5843  5930  5999
 6480    5927  6059  6396  7184
 6481    2731  2624  6701  7311
 6482    6315  6127  6335  6511
 6483    3158  3392  3159  7302
 6484    3748  3746  3755  7286
 6485    5843  6073  6173  6373
 6486    3148  3149  6856  7219
 6487    6181  6204  6725  6925
 6488    5834  5844  5876  6219
 6489    2432  2446  6316  6704
 6490    1662  1611  6147  7021
 6491    5890  5953  5971  6513
 6492    6097  6623  6689  6895
 6493    1074  1076  1077  6377
 6494     269   264   263  6635
 6495    4601  4602  4598  7240
 6496      27  6026  6433  7248
 6497    6030  5883  6547  6808
 6498    6003  5984  6164  7492
 6499     277   315   318  6096
 6500    4829  4838  4831  6698
 6501    3119  3118  3124  7593
 6502    6124  5993  6325  7568
 6503    2933  2938  6266  6792
 6504     724  6353  6757  6859
 6505    5131  5140  5141  7597
 6506    1364  1374  6883  7243
 6507    1747  1734  1748  7326
 6508    1846  7228  7237  7624
 6509    7186  6571  7187  7482
 6510    1220  1217  6310  7131
 6511    3162  6568  6674  7063
 6512    2780  2742  2730  6701
 6513    3148  3150  3151  7219
 6514    3618  3357  3356  6868
 6515    6064  6013  6405  7065
 6516    4884  4885  4887  7480
 6517    3492  3502  6646  6808
 6518    1450  1467  6610  7043
 6519    3304  3305  6444  6474
 6520     860   862  6797  6919
 6521    3320  3059  3060  6465
 6522    6133  6334  6394  6613
 6523    5691  5373  5374  6305
 6524     432   429   428  6524
 6525    1636  6274  7128  7412
 6526    6563  6780  6898  7204
 6527    5927  6396  6680  7184
 6528    2959  2960  2955  6371
 6529    5872  5824  5891  5916
 6530    2435  2501  2503  6335
 6531    2831  2801  2797  7108
 6532    6047  2322  6408  7327
 6533    1900  1880  1882  6894
 6534    5477  5478  5483  6795
 6535    6597  1208  7131  7370
 6536    4667  4672  4673  6871
 6537    1039  1017  1038  6113
 6538    5391  5350  5389  6873
 6539    3255  3249  6753  7234
 6540    1167  6748  6754  7566
 6541    5957  5940  5987  6955
 6542    5954  5853  6027  6146
 6543    7246  4158  7608  7646
 6544    5857  5962  6916  7351
 6545    4336  4095  4368  6564
 6546    1294  1284  1159  7167
 6547    6156  5895  6344  6836
 6548    1973  2330  1968  6422
 6549    2014  2013  2006  6662
 6550    1149  1415  6317  7285
 6551    6017  6431  6435  6496
 6552    3029  3052  3028  7536
 6553    3366  6627  6770  7379
 6554    3746  3749  7117  7286
 6555    3491  6030  6716  6965
 6556    5909  5868  6102  6226
 6557    4257  4247  4240  6602
 6558    5601  5602  6385  6641
 6559    4183  5795  4014  6253
 6560    4753  4754  4759  6300
 6561    6328  6009  6228  5953
 6562    6102  6261  7025  7314
 6563    5831  6048  6120  6286
 6564    5854  6033  6243  6538
 6565    1428  1426  1425  7298
 6566    5303    86   336  5994
 6567    1741  1747  1748  7326
 6568    6553  1660  6579  7516
 6569    2418  2415  2416  6875
 6570    5615  5628  6957  7623
 6571    2054  2043  7178  7481
 6572    5151  5144  5161  7090
 6573    2398  6355  6560  7530
 6574    1231  6310  6788  7533
 6575    4531  4537  4539  7094
 6576    4502  4503  6470  7282
 6577    3201  2946  6907  7316
 6578    1238  1469  1239  7533
 6579    7238  5206  7373  7442
 6580    4279  4280  4276  7354
 6581    7147  3408  3823  3084
 6582    3866  3751  6237  6853
 6583    6184  6774  6890  7264
 6584     211   210  6089  7218
 6585    2928  2709  2715  6528
 6586     855   858   851  7101
 6587    3611  3614  3613  6950
 6588    1721  6899  7279  7421
 6589    5413  5644  5416  7203
 6590    2122  2120  2121  7506
 6591    5884  6389  6391  6629
 6592     815   814  1056  6419
 6593    6343  6197  7150  7526
 6594    5970  3654  6221  6578
 6595     754   759   482  7538
 6596    6214  6290  6851  6948
 6597    5837  5868  5909  5972
 6598    1448  5791  1438  7457
 6599    5901  5859  6106  6501
 6600    2764  2762  2759  6714
 6601    1311  1475  1254  6100
 6602    2130  2151  6823  7313
 6603    3747  3750  3746  6590
 6604     632  6859  6915  6945
 6605    6011  5049  6293  6395
 6606    5608  5517  6206  7223
 6607    5899  5832  6381  6442
 6608    5846  5850  5874  6296
 6609     863   605  6797  7008
 6610    3052  3055  6958  7536
 6611    2109  2113  2110  6703
 6612    5969  5921  6281  6550
 6613    2769  2754  2765  7413
 6614     570   579   840  6354
 6615     768   767   769  6140
 6616    5599  5594  5595  6783
 6617    2051  2059  7026  7225
 6618    3389  3780  3781  6877
 6619     688  5766  5809  7319
 6620    5277  5286  5285  7205
 6621    4575  4569  6240  6283
 6622    1098  6148  7472  7635
 6623    6098  7188  7423  7591
 6624    6496  6017  6894  7451
 6625    6943  3238  7234  7505
 6626    1842  1832  7177  7366
 6627    2990  6132  6406  7191
 6628    4174  6679  4173  4730
 6629    6311  6014  6431  6933
 6630    4172  3773  4169  7014
 6631    5534  5538  6163  7121
 6632    5839  5863  5911  6151
 6633    2828  2835  2833  6900
 6634    6475  5865  6691  7206
 6635    5373  5365  5371  6649
 6636    6624  5989  6972  7210
 6637    6899  6019  7279  7421
 6638     587   591   586  6854
 6639    5220  5161  6207  6844
 6640    5253  5264  5261  7511
 6641    5186  5193  5160  6198
 6642    5997  5964  6432  6934
 6643    2160  2210  2217  7200
 6644     924   926   928  6880
 6645    5910  2620  6518  7530
 6646    4242  4246  6630  7435
 6647    3831  3413  3415  7199
 6648    5606  5595  5605  6783
 6649    2238  2161  2239  6545
 6650     852  6319  7045   887
 6651     464   541   457  7249
 6652    6556    59  6735  7103
 6653    6355  2401  7436  7558
 6654    4922  6536  6908  7093
 6655    3443  3442  2962  7142
 6656    3761  3768  3772  6587
 6657     331    89  6452  7083
 6658    1154  6469  6492  7167
 6659    6173  6411  6539  6779
 6660    6477  2653  6637  6930
 6661    2113  2653  2107  6637
 6662    6132  6406  6582  6860
 6663    1142  1179  1181  6287
 6664    5898  6012  6436  7260
 6665    6079  6195  6873  7012
 6666    3823  3825  3831  7199
 6667    1190  1192  1426  6923
 6668    4399  4400  6292  6870
 6669    7027  6887  7343  7577
 6670    5008  5010  6551  7532
 6671    1444  1440  6712  7268
 6672    1869  1815  1866  6692
 6673    6243  5660  6269  6475
 6674    2583  2584  6710  6969
 6675    2215  2211  6869  7418
 6676     923   936   939  6880
 6677    5954  6583  7076  7429
 6678    1182  1090  1086  5979
 6679    1516  1514  1517  6984
 6680    5920  6023  6049  7031
 6681    2419  2371  6875  7382
 6682    4897  4884  4887  7480
 6683    3541  3522  6254  6590
 6684    4194  6253  6713  7291
 6685    3317  3594  7355  7622
 6686    5716   116  5676  7552
 6687    5916  5949  6085  6788
 6688    3815  3797  3810  6928
 6689    1252  1248  1249  6755
 6690    5453  5448  5452  6493
 6691    6072  1702  6164  7585
 6692    6183  3908  6868  7622
 6693    3752  3745  6839  7515
 6694    6756  6976  7071  7093
 6695    3470  3695  3467  6101
 6696    3043  3046  6461  3044
 6697     776  1043  1031  6391
 6698    5182  5184  6198  6882
 6699    7183  5591  7248  7384
 6700    4509  4500  6470  7220
 6701    1374  1379  1337  6883
 6702    3117  3068  6759  7182
 6703    3628  3631  3541  7389
 6704    4395  3791  3794  6884
 6705     281   283   282  7408
 6706    5728  6557  5212  5735
 6707    5871  5865  6066  7206
 6708    4886  4887  4694  7390
 6709    2596  2591  6304  7030
 6710    3565  3564  3769  6074
 6711    2160  2159  2210  7200
 6712     306   308  6635  7231
 6713    5624  5607  6206  6885
 6714    3819  3814  6928  7587
 6715    2983  2981  2984  6332
 6716    3848  3845  3841  7385
 6717    6972  6482  7221  7632
 6718    5247  5245  5243  6838
 6719    1965  1972  6397  6497
 6720    2108  2070  2067  6703
 6721    5984  5960  6541  6553
 6722    5836  5862  6162  6750
 6723    5960  5905  6160  6553
 6724    5877  5843  5924  6073
 6725    3965  4092  4059  6654
 6726    4180  5795  4183  7007
 6727     197   193   196  6922
 6728    2691  2690  2694  6313
 6729    2751  2752  2749  6779
 6730    3332  3338  7422  3340
 6731    4350  4349  4347  7210
 6732    6291  6583  7403  7444
 6733    5476  5503  5504  6886
 6734    6399  6380  6535  7582
 6735    1305  6396  7184  7614
 6736    2034  2033  6166  6170
 6737    2039  2059  7026  7481
 6738    5902  6027  5853  6450
 6739    2891  2885  6447  6889
 6740    5922  6326  6345  6719
 6741    5377  5681  5374  6305
 6742    2479  2555  2557  6705
 6743    6325  4039  6387  6890
 6744     343   344   115  6717
 6745    5402  5551  7166  7206
 6746    6521  2616  7143  7288
 6747    1664  1668  7289  7581
 6748    3785  3779  3776  6877
 6749    6232  6107  6470  6482
 6750    1476  1477  7041  7617
 6751    4952  5994  6403  7609
 6752    3927  3921  3926  7589
 6753    5185  5182  5976  6882
 6754    5356  5355  5668  7110
 6755    4695  4891  4689  7390
 6756    5551  6066  7166  7206
 6757    2666  2655  6930  7271
 6758    6470  4370  6482  6972
 6759    6456  6702  7377  7380
 6760    3872  6330  6843  6853
 6761    4593  6369  7240  7620
 6762    3279  5770  3268  6203
 6763    3054  3022  3023  7540
 6764    2528  2457  2456  7180
 6765    6517  6868  6905  7328
 6766     765   769   767  7538
 6767    1233  1222   907  6360
 6768    1755  1783  1753  7647
 6769    2244  2222  6678  7091
 6770    2078  2073  2076  6751
 6771     881   717  7120  7335
 6772    1751  1752  6061  6984
 6773    1766  1772  6953  7368
 6774    2369  2367  2373  6811
 6775    6052  5829  6115  6257
 6776    5999  6447  6830  6896
 6777    5837  5846  5917  5934
 6778    2923  2914  6480  6896
 6779    1260  1367  6276  7380
 6780      61    58  5635  6735
 6781    6088  5999  6695  6830
 6782    3632  3750  7068  7286
 6783    3114  3107  3108  6721
 6784    4261  4165  4166  7646
 6785    6217  5990  6771  7152
 6786    6152   598  6634  7078
 6787    5234  5232  5237  7555
 6788    3720  3711  6547  7038
 6789    1557  1552  5781  7099
 6790    1382  1377  7243  1379
 6791    3104  3105  6779  6804
 6792    5104  5106  5112  7548
 6793    6359  3056  6580  7489
 6794     764   555  5938  7088
 6795     344   115  6717  6867
 6796    2042  2052  2046  7225
 6797    2946  2939  2948  7316
 6798    3042  6298  3057  3058
 6799    5937  6291  7403  7444
 6800    6016   648  6353  7407
 6801    3020  3012  3021  6608
 6802    3999  6177  7014  7434
 6803    2545  2866  6210  6667
 6804    4454  4453  4461  7454
 6805    4037  4043  4038  6554
 6806     510   501   508  6068
 6807    4205  4111  4116  6128
 6808    1976  1631  1691  6956
 6809    3709  3705  3703  7152
 6810    2921  2920  2919  5888
 6811    3042  3045  3046  6461
 6812    5913  5946  6032  6515
 6813    6342  6476  6921  7332
 6814    5868  6102  6226  6261
 6815    6353   724  6757  6991
 6816    2100  5784  7318  7654
 6817    5761  5760  5762  6744
 6818    5675  6384  6653  7110
 6819     225   226   212  7604
 6820    3623  3946  3943  6190
 6821    5863  6460  6655  6706
 6822    3808  3993  3986  6270
 6823    5877  5910  5948  6437
 6824    2436  2434  2427  6704
 6825    4455  4456  6455  6893
 6826    6224   974  6574  7527
 6827    6040  6668  6811  7318
 6828    5928  6566  6657  7195
 6829     281    54  6239  6842
 6830    2091  2062  7216  7629
 6831    1797  6686  7092  7202
 6832    3985  3984  6265  6765
 6833    4648  4642  4654  6401
 6834    5907  6123  6585  6772
 6835    3803  6540  6765  7583
 6836    6147  5905  6553  6579
 6837    6731  6292  6870  7028
 6838    6633  5025  7283  7553
 6839     572   574  6188  7140
 6840    2997  2996  2999  6837
 6841    5841  5940  6307  6641
 6842    5862  5835  5919  6750
 6843    5468  5467  5466  6696
 6844    1967  1971  6422  7226
 6845    1901  1898  6197  6894
 6846    6150  6175  6838  6886
 6847    2723  6528  2728  3049
 6848    5672  5712  5677  6600
 6849    6440  6637  6703  6750
 6850    1739  1175  1086  5945
 6851    6010  6007  6098  7150
 6852     880   883   882  7335
 6853    4876  4882  5188  5977
 6854     690   694  6913  6960
 6855    5324  6631  6994  7154
 6856    4169  7013  7014  7256
 6857    3611  3925  6718  7259
 6858    2390  2402  7299  7382
 6859    3839  3841  3846  7385
 6860    6555  6401  7301  7627
 6861    1392  1388  1391  7004
 6862    1781  1752  1432  6061
 6863    3012  3016  6700  3015
 6864    2507  2506  2509  6335
 6865    4961  4960  6322  7663
 6866    4189  7291  7512  7594
 6867    3445  3760  3765  6587
 6868    4031  4032  7080  7230
 6869     341   910   339  6452
 6870    5738  6038  6116  6795
 6871    6400  6102  6552  6775
 6872    4405  4403  4402  7176
 6873    3074  3071  3067  6759
 6874    6562  6349  6722  7180
 6875    2030  1679  1699  6569
 6876    6313  6440  6477  7368
 6877    2200  2202  2031  6170
 6878    4613  4605  4623  6380
 6879    4243  4245  6602  7435
 6880     694   696   695  6960
 6881    5618  5625  5619  7623
 6882    3651  6578  6718  7351
 6883    2790  2777  6892  7115
 6884    5669  5671  5670  6195
 6885    3722  3721  3730  6617
 6886    2578  2581  2580  6710
 6887    4064  4071  4062  6995
 6888    5999  6088  6167  6896
 6889    3305  3568  3569  6444
 6890    5859  5884  5901  6140
 6891    6085  6100  6863  7533
 6892    3262  5782  3286  6078
 6893    1468  1464  1467  7043
 6894    5905  5956  6010  6289
 6895    6335  6817  7556  6316
 6896    4926  4934  6976  7093
 6897    5917  5927  6059  6396
 6898    2293  2294  6806  7062
 6899    5992  6084  6835  7566
 6900    1642  1638  7409  7641
 6901    5899  6253  6442  6510
 6902    6598  6247  7205  7584
 6903    6131  5845  6486  6306
 6904    1036   774  6389  7148
 6905    5221  5218  5220  6087
 6906    5408  5395  6658  7633
 6907    2147  2149  6014  6813
 6908    1832  1831  7177  7366
 6909    5517  5624  5607  6206
 6910    6124  4038  6554  7292
 6911    2700  2674  6053  6336
 6912    3105  2751  6779  7605
 6913    4651  4649  6740  7301
 6914    4644  4642  4308  6401
 6915    2688  2682  2511  6511
 6916    5873  5989  6107  6482
 6917    4139  6630  6737  7563
 6918    5940  5902  5987  6427
 6919    5908  6059  6414  6423
 6920    6599  6133  7153  7618
 6921    5739  5758  5742  7364
 6922    1946  1948  6777  7257
 6923    5826  5955  6021  7185
 6924    6126  5881  6245  6705
 6925     702   703   439  6898
 6926    4001  3998  4006  7324
 6927    2367  2369  2214  6811
 6928    2228  2230  2426  7541
 6929    6468  5279  6683  7283
 6930    5341  5333  5342  6644
 6931    1305  1298  1334  6396
 6932    4390  4079  4104  6118
 6933    6184  6495  6774  7264
 6934    6785  1788  1779  6686
 6935     627   710   621  6915
 6936    5195  5194  5190  6882
 6937    6386  6256  6557  7373
 6938    2396  2402  2403  7299
 6939    3041  3315  6582  6860
 6940    6462  6988  7026  7225
 6941    4152  6417  7321  7323
 6942    3720  6547  6617  7038
 6943    3833  3825  6728  7199
 6944    2894  5786  2970  6695
 6945    5968  6682  6766  7604
 6946    3281  3276  3272  7164
 6947    2582  2605  2612  6969
 6948    1503  1498  1490  7559
 6949     481   477  6220  6939
 6950    2457  6562  6862  7180
 6951    2611  2608  7143  7288
 6952    1108  6194  6827  6964
 6953    4693  4713  4694  6768
 6954    3460  3458  6144  6905
 6955    6323   797  7455  7535
 6956    4713  6749  6768  7534
 6957    5091  5090  5331  7476
 6958    3764  4172  3762  6155
 6959    5922  6013  6707  6778
 6960    2831  3167  6674  6900
 6961    6176  6058  6347  6371
 6962    3968  3963  3970  6466
 6963    5151  5125  5152  6062
 6964    4546  4553  4547  7076
 6965    2821  2824  2820  7280
 6966    3820  3849  3817  7198
 6967    6415  6092  6704  7456
 6968    4394  4388  6284  6902
 6969    3337  3369  6328  6770
 6970    4984  4415  7349  7607
 6971    1845  1848  1792  7624
 6972    3731  3722  6617  7560
 6973    5915  5942  6233  6913
 6974    4726  4728  4727  6901
 6975    5286  6598  6683  7205
 6976    5024  5025  5020  7553
 6977     834  6285  7149  7362
 6978    5897  5843  6082  6161
 6979    5881  6167  6684  6705
 6980    2825  2790  6865  7280
 6981    7084  6845  7338  7621
 6982    4749  4721  4718  6322
 6983    4814  4808  7341  7495
 6984    1405  1618  5973  6748
 6985    4341  4339  6632  7096
 6986    1156  1152  1157  7426
 6987    4961  4749  4746  6322
 6988    6045  6150  6500  6886
 6989    2626  2388  6355  7558
 6990    3670  3667  3668  6904
 6991    4009  4008  6451  6537
 6992    6748  1167  7487  7566
 6993    6768  6060  6820  7534
 6994    5836  6003  6019  6104
 6995    6433   213  7033  7604
 6996    6779  2749  6804  7266
 6997    6736  6483  6866  6880
 6998    3342  3332  3341  6513
 6999    3768  3565  6074  6227
 7000    5997  5924  6112  6432
 7001    1879  1881  1878  7425
 7002    2902  2898  7112  5786
 7003    4623  4605  6368  6380
 7004    4550  4551  6295  7076
 7005    3620  3460  6144  6905
 7006    4768  4767  6601  7201
 7007    5523  5526  6229  7290
 7008    5002  4993  5001  6706
 7009    1235  1230  7510  7636
 7010    3247  3241  3246  7649
 7011    6081  1340  6983  7179
 7012    5847  5859  6071  6285
 7013    6069  5965  7083  7306
 7014     902   907  1222  6801
 7015    2724  2722  2757  6580
 7016    4762  4794  4791  6846
 7017      52    48  7103  7233
 7018    4614  4612  6286  6380
 7019    6352  6164  7492  7585
 7020    3494  3689  7089  7504
 7021    2999  7162  6837  7191
 7022    4726  4732  4731  6679
 7023    6823  2150  7200  7312
 7024    4422  4418  6546  7473
 7025    4365  4366  4367  6972
 7026    6076  1264  6276  6906
 7027    6615  6001  6648  7066
 7028    6813  2116  7177  7366
 7029    1788  6785  1807  7202
 7030    6252  6757  6919  7335
 7031      27   214    26  6433
 7032    4932  4930  6756  7405
 7033    5450  5444  6881  7224
 7034    5629  5626  5628  7623
 7035    1509  1508  1511  7559
 7036    6741  4963  6940  7522
 7037    5917  6396  6428  6680
 7038    5255  5262  5259  7511
 7039    5712  5709  5711  7317
 7040    6471  2133  7537  7654
 7041    5700   145  6585  7229
 7042    5973  5914  6165  6329
 7043    3640  3887  6526  7254
 7044    6533  4689  7208  7341
 7045    5971  6390  6656  6770
 7046     219   220  6056  6614
 7047    5125  5220  5218  6087
 7048    6139  6368  6380  7174
 7049    1425  6712  6923  7462
 7050    5869  5966  6007  6599
 7051    3020  2980  2978  6608
 7052    6040  5921  6055  6449
 7053    6898  6499  7204  7404
 7054    2911  2496  6989  7458
 7055    3948  3950  3949  7197
 7056    5914  6142  6664  6720
 7057    3198  6141  6262  7471
 7058    6362  6003  6665  7492
 7059    6104  6072  6162  6438
 7060    1931  1667  7423  7516
 7061    6217  6041  7152  7504
 7062    1786  1569  6375  6836
 7063     791  6592  6621  7535
 7064    4493  4495  4497  6821
 7065    6504  2469  6722  6942
 7066    2761  2756  7413  7488
 7067    5270  5266  6468  6683
 7068    3221  3239  7234  7595
 7069    4591  4603  6368  7174
 7070    3351  3116  6949  7357
 7071    6277  5954  6295  7076
 7072    5850  5828  5874  5993
 7073    5918  6383  6898  7251
 7074    3072  3071  3070  6759
 7075    5875  5881  6927  7263
 7076     146   107  6095  6242
 7077     466   464  5978  6936
 7078    2989  2981  6332  7471
 7079    2873  2878  2867  7023
 7080     584   384   394  6648
 7081    5824  5845  5876  5896
 7082    6113  6946  7599  7348
 7083    4509  4382  7220  7644
 7084    3453  3678  3676  6909
 7085    2626  2380  6290  6519
 7086    4720  4721  6793  7239
 7087    7054  1438  7457  7479
 7088    6591  5936  6771  7038
 7089    4878  4895  4892  6548
 7090    4648  4642  6401  7301
 7091    5640  5634  5651  7034
 7092    1041  1040  1032  6113
 7093    4077  4478  6552  6826
 7094    1065  1073  1062  6829
 7095    2842  2844  2839  7613
 7096    2064  2062  7216  7481
 7097    4398  4406  4396  7176
 7098    4269  4621  7475  4278
 7099    1953  1963  1955  6397
 7100    2459  2530  6349  7138
 7101     481   486   482  6259
 7102    2680  2685  2421  7375
 7103     494   496   495  6699
 7104    3059  3052  3060  6465
 7105    1702  1417  1415  6317
 7106    2945  2977  6348  6645
 7107    2472  2452  2455  6722
 7108    6135  5889  6200  6995
 7109     550   507  6068  7088
 7110    6745  6844  6966  7345
 7111    4216  4220  4218  6910
 7112    6790  6156  6816  7092
 7113    4431  4434  6325  6762
 7114    4370  6470  6482  7644
 7115    6024  6075  6117  6737
 7116    4492  4496  7025  7314
 7117    3425  3419  7042  7490
 7118    3089  3088  3093  6337
 7119    5851  5869  6010  6174
 7120    3002  2990  6132  6406
 7121    6535  4627  6666  7582
 7122    1586  1591  6680  7277
 7123    2236  2212  6934  7091
 7124    4471  4475  4473  7371
 7125    6734  5987  6772  7396
 7126    6267  5988  6931  7249
 7127    4893  6429  6548  7439
 7128    1849  1844  1854  7228
 7129     762   758   763  7209
 7130    1045  1037  6642  7599
 7131    5055  4971  4975  6940
 7132    1997  6497  1996  7036
 7133    1766  1772  1769  7513
 7134    4960  4958  7522  7663
 7135    4187  4168  7241  7528
 7136    2929  2927  3011  6700
 7137     969  1020  6486  6621
 7138    1777  1776  1775  6836
 7139    1722  2067  1992  7019
 7140    6000  6055  6671  7551
 7141    6342  6308  6773  6941
 7142    1591  1589  1301  6680
 7143    6160  5966  6559  7168
 7144    5861  6167  6209  6684
 7145    1603  1639  1605  6925
 7146    2769  2761  2754  7413
 7147    6821  6775  7383  7656
 7148     797   789  7455  7535
 7149    4400  4401  6292  6870
 7150    6678  5997  6681  6743
 7151    5923  5995  7471  7503
 7152    7275  6980  7367  7658
 7153    6723  6013  6778  7173
 7154    1657  1667  6579  7516
 7155    3723  3728  3720  6617
 7156    1557  1551  6981  6987
 7157    1296  1299  1306  6396
 7158    2349  2348  7027  7107
 7159    5569  5560  6661  6961
 7160    2111  6440  6637  6703
 7161    6201  5972  6532  7411
 7162    6090  6163  6175  7121
 7163     304   262  6612  6635
 7164     472   470   539  7002
 7165    6081  1340  6707  6983
 7166    2865  2869  2868  7252
 7167    2483  2475  2482  6705
 7168    3027  3019  7540  7606
 7169    6912  3939  7502  7589
 7170    6715  6539  7108  7261
 7171    1048  1053  7348  7599
 7172    4953  4918  6403  7011
 7173    3881  3892  6442  7007
 7174    3985  3803  3984  6765
 7175    2749  2786  6804  7266
 7176    7010  7056  7154  7603
 7177     352   353   351  6803
 7178    5895  6061  6156  7122
 7179     582   597  6152  7078
 7180    6510  6425  6577  7247
 7181    5488  5486  5482  6795
 7182    2403  2402  6708  7299
 7183    6038  5991  6045  6500
 7184    5159  5144  6966  7090
 7185    6017  6029  6496  6894
 7186     210   206   242  7218
 7187    3392  3158  3387  7567
 7188    2623  2621  2622  7077
 7189    1543  1538  1539  7255
 7190     859   710   712  6915
 7191    7168  1943  7188  7257
 7192    2666  2655  2661  6930
 7193    2528  2459  6349  7180
 7194    4136  4244  6630  7435
 7195    1091   852  6570  7472
 7196    3645  3661  6213  6221
 7197    1479  1486  6663  7617
 7198    5333  5342  6644  7040
 7199    2504  2520  6145  6335
 7200    2949  2947  2948  6979
 7201     780   782   498  7002
 7202    3531  3256  6238  6651
 7203    1218  5949  6085  6917
 7204    5105  4842  6622  6655
 7205    5885  6078  6149  6572
 7206    6211  7139  7388  7575
 7207    5516  5519  5518  7223
 7208    3862  3863  6330  6843
 7209    2194  2181  2170  6133
 7210    7072   391  7189  7440
 7211    3737  3741  6839  7497
 7212    3806  4110  6687  7571
 7213    5263  6350  6372  7461
 7214    2476  2491  2494  6321
 7215    6548  6536  6999  7439
 7216    3269  3265  3263  7616
 7217    5993  5855  6102  6937
 7218    6626  3079  3081  3410
 7219    1758  1509  7163  7402
 7220    7194  6297  7478  7588
 7221    1444  1440  1205  6712
 7222    3866  3868  3751  6853
 7223    5780  1218  6085  6917
 7224    2232  2231  2240  6932
 7225    2096  2062  6331  6948
 7226    2578  2913  2497  6710
 7227    2092  2125  6099  6782
 7228    6161  6478  6809  7059
 7229    5308  5994  7212  6675
 7230    6839  3745  7497  7515
 7231    4321  6020  7020  7096
 7232    5125  6087  6467  6573
 7233    6274  6343  7501  7641
 7234    5835  6178  6363  6750
 7235    6697  7072  7189  7440
 7236    5892  5834  6006  6219
 7237    6639  5629  6885  7623
 7238    2382  2057  2378  6851
 7239    3315  3551  3040  6582
 7240    6392  6252  6757  6919
 7241    4070  4336  6624  6995
 7242    3487  3479  6670  7358
 7243    5138  5141  6180  7597
 7244    5837  5846  5908  5917
 7245    5914  6329  6702  6720
 7246     227   231   232  6766
 7247    5829  5855  5935  6070
 7248    6204  1639  6274  6925
 7249    6213  3661  6606  7029
 7250    3717  3719  3724  6771
 7251    5859  6071  6285  6501
 7252    2104  2393  2098  6331
 7253    2003  1991  1992  7036
 7254    3868  3866  3865  6853
 7255     902   903   901  6920
 7256    1365  1260  7377  7380
 7257     502   230   233  6766
 7258    1672  1671  1676  6569
 7259    3116  3107  3114  6721
 7260    2325  2317  2321  6365
 7261    1326  1322  1320  6064
 7262    5125  5129  6062  6573
 7263    4754  4753  4751  6300
 7264    6530  6525  6841  7528
 7265    2827  2844  2847  7613
 7266    5909  6201  6324  6327
 7267    3961  3965  6654  7344
 7268    1863  6796  6933  7365
 7269    2391  6787  6948  7299
 7270    1515  1518  1517  6984
 7271    1237  6100  7043  7533
 7272    3685  3983  6765  6959
 7273    6070  5993  6124  6199
 7274    5867  6605  6931  7249
 7275    5828  5850  5855  5993
 7276     450   458   454  7417
 7277      87   663  6452  7100
 7278     143  5806  6833  7449
 7279    5110  5109  5209  7238
 7280     966   958  6527  7363
 7281     192  6498    20  6922
 7282    5031  5030  6032  7039
 7283    5920  6015  6068  7554
 7284    5744  5750  6727  7640
 7285    6720  6702  6883  7245
 7286    6874  6263  7198  7385
 7287    3490  3437  6670  3477
 7288    5829  6115  6257  6263
 7289    1831  1837  1822  6985
 7290    1555  1556  1552  7099
 7291    2953  2946  2948  6979
 7292    4485  4484  7383  7656
 7293    2280  2286  7127  7372
 7294     719   921   922  6991
 7295    2445  2444  7075  7303
 7296     631   625  6876  6945
 7297    1499  1618  1497  6748
 7298     199   197   196  6922
 7299    1998  1720  6810  6899
 7300    3931  3921  7502  7589
 7301    2985  2987  2980  6332
 7302    3047  2927  6528  6700
 7303    6112  6349  6562  6817
 7304    1776  6836  7122  7255
 7305     459   541  6931  7249
 7306    4101  3988  3994  6924
 7307    6678  6432  6743  7303
 7308    6936  6931  6267  7410
 7309    3318  3063  6298  6465
 7310    3013  3012  3011  6700
 7311    3715  6217  7038  7046
 7312    6056  6050  6614  6682
 7313    7006  2706  7430  7491
 7314    5906  5833  6341  6887
 7315    6189  5940  6783  7137
 7316    4570  4575  4568  6283
 7317    1225  1224  6529  7510
 7318    1201  1150  7493  1186
 7319    2206  5950  6462  6988
 7320    2827  2847  6357  7613
 7321    6627  3318  6759  7379
 7322    2265  2298  2307  7452
 7323    6985  6449  7177  7366
 7324    5709  5712  6600  7317
 7325    5869  5875  5966  6365
 7326    6926  4984  7349  7607
 7327    6677  6841  7354  7475
 7328    6688  6375  7412  7550
 7329    6085  5916  6788  6863
 7330    2053  2586  6208  6519
 7331    1057   815  6419  6629
 7332    1295  1267  1299  6396
 7333    4507  4505  6730  7282
 7334    2385  5801  7436  7558
 7335     443   440  6780  6971
 7336     363   362   370  6611
 7337    3237  3249  7234  7595
 7338     490   489   497  6699
 7339    3089  3094  6205  6337
 7340    6526  3632  7068  7286
 7341    6425  5899  6525  7022
 7342    2401  2397  6355  6787
 7343    1312  6723  6778  7173
 7344    1255  1241  1256  6723
 7345    4239  6612  6640  6834
 7346    3941  3940  3944  6183
 7347    1626  1624  1622  6329
 7348    5101  7278  7342  7518
 7349    4969  6926  7539  7665
 7350    6417  6330  6843  7321
 7351    6121  2397  6355  6560
 7352    6583  4232  6640  6834
 7353    2629  6304  7077  7175
 7354    1668  1931  6289  6579
 7355    5601  5577  5602  6641
 7356    6247  5276  7205  7584
 7357    6001  6023  6191  6358
 7358    6014  6933  6935  7250
 7359    4762  4791  4770  7201
 7360    5056  5067  5069  6293
 7361    2573  2572  2596  6402
 7362    6295  4545  4543  4550
 7363    6235  6351  6759  7182
 7364    6038  5972  6116  6467
 7365    1489  1499  1497  6748
 7366     686   680  6769  7657
 7367    4799  4572  4797  6445
 7368    5263  5258  5255  6372
 7369    5857  5839  5873  5889
 7370    5641  5640  5651  7034
 7371    5093  5071  5087  7001
 7372    1185  1178  6287  7285
 7373    4255  4256  7307  7586
 7374    5886  6162  6308  6342
 7375    1191  1192  1187  6923
 7376    5868  6012  6223  6929
 7377    2875  2887  2890  6822
 7378    1880  1885  7425  7451
 7379    5170  5525  6027  7429
 7380    2019  2018  6618  6671
 7381    3394  3385  3386  7567
 7382    5179  5175  5821  7524
 7383    6278  6025  6570  7635
 7384    4218  4221  6522  6910
 7385    3180  3174  3162  7460
 7386    1669  1659  6579  7581
 7387    5957  6114  6833  7144
 7388    4591  4603  4590  6368
 7389    3926  3931  3935  7589
 7390    2926  2930  2925  7569
 7391     556   551   552  7140
 7392    1112  1113  1528  6827
 7393     315   318  6096  7520
 7394    1182  1089  1090  5979
 7395    6062  6008  6087  6467
 7396    5902  5834  5940  5957
 7397    2696  1773  2698  6973
 7398    4125  6128  4107  6356
 7399    1121  1120  6570  6625
 7400    5592  5753  5586  6744
 7401    4654  4649  4651  7301
 7402    2065  2056  2058  7481
 7403    4539  4531  7094  7244
 7404    3844  3845  6814  7385
 7405     181   186   187  6171
 7406    1649  1652  1653  7289
 7407    6126  2474  6705  6942
 7408    1618  1494  1497  6748
 7409    5292  5294  5293  6598
 7410    6134   679  6338  6769
 7411    3620  3621  3625  6190
 7412    4196  4287  7022  7512
 7413    2132  2133  6471  7654
 7414    3024  3261  3018  6275
 7415     439   441  6780  7427
 7416    2141  2145  2142  6933
 7417    6729  6470  6339  6107
 7418    6159  5286  6598  6683
 7419    7320  1498  7441  7559
 7420    1038  1041  1032  6113
 7421    2862  2544  2550  6416
 7422     992   937  6326  6719
 7423    5369  5365  5368  6649
 7424    5335  4733  4759  6457
 7425    5964  6036  6255  6811
 7426    3560  3563  6227  6837
 7427    5844  5892  6001  6697
 7428    2430  2434  2429  6704
 7429    5900  5959  6041  6909
 7430    5081  5084  5089  6324
 7431    5953  5873  6009  6202
 7432    6530  4290  7022  7528
 7433    4649  4743  4709  6740
 7434    4960  4929  4745  6322
 7435    6400  6102  6424  6937
 7436    5145  5150  5143  6745
 7437    5421  5420  6379  6855
 7438     245   241   515  6752
 7439    6225  6088  6711  6997
 7440    2644  2648  5812  7376
 7441    2238  2239  2240  6932
 7442    6081  5922  6707  6778
 7443    4421  4423  6676  7473
 7444    5228  5241  6978  6998
 7445    2276  2275  7127  7356
 7446    5396  5543  6077  7633
 7447     318   319  7072  7520
 7448    5942  6182  6483  6736
 7449    6536  6531  6908  7093
 7450    5844  5837  5856  5903
 7451    6021  5955  6109  7185
 7452    3993  3992  3986  6270
 7453    5117  5118  7278  7342
 7454    6121  6708  6787  7299
 7455    6431  1859  6796  6933
 7456      17    19    14  7102
 7457    5964  5997  6545  6934
 7458    5222  5235  5247  6978
 7459    4882  5183  5182  6742
 7460    5989  6564  6624  6972
 7461    4488  4483  6424  6821
 7462    5756  5748  5823  7640
 7463    5078  5075  6457  6644
 7464    2057  2065  2060  7216
 7465    3077  5958  7147  7334
 7466      37    39  6258  7325
 7467    2562  2547  6413  7547
 7468    4830  4833  4832  6698
 7469    2042  2039  2059  7225
 7470    4266  4267  4270  7542
 7471    5527  5529  5530  7290
 7472    3346  3352  3354  6980
 7473    7115  6437  7116  7645
 7474    2014  2020  2011  6662
 7475    6134  5988  6267  6763
 7476    5951  5935  6024  6250
 7477    2469  2282  2470  6504
 7478     576   577  6634  7078
 7479    6423  6491  6509  7227
 7480    6139  6215  7174  7475
 7481    2945  2951  2944  6348
 7482     958   695   973  6527
 7483    5998  5942  6182  6345
 7484     604   599  7008  7215
 7485     356   512   267  6282
 7486    3208  3207  7347  7394
 7487    6366  6330  6442  7321
 7488    6762  6400  6774  6937
 7489    6654  3961  7344  7502
 7490    4124  4123  6356  6502
 7491    2769  2773  2775  7413
 7492    5326  5327  5322  6994
 7493    2721  2757  6580  7470
 7494    3886  3890  3889  7254
 7495    3379  3142  3372  6179
 7496    1179  1141  7196  7285
 7497    1006  1041  1042  6732
 7498    4472  4838  4474  6698
 7499    6226  6324  6549  6937
 7500    2277  2271  7058  7127
 7501    4506  6729  6730  7282
 7502    1587  1588  2258  7277
 7503    6943  6628  7141  7649
 7504     191   156   157  6498
 7505    2395  2397  2400  6787
 7506     754   482   486  7538
 7507     131   167  6418  6484
 7508    4145  4157  7246  7321
 7509    6400  4438  6762  6871
 7510    4545  6295  6593  7076
 7511    5270  5266  5264  6468
 7512    5856  5968  6050  6682
 7513    1841  1842  1834  7177
 7514    5697  5700  6585  7229
 7515    5026  5027  5028  6938
 7516     766   765   764  7381
 7517    3159  3157  3161  7302
 7518     398   406   351  6803
 7519    3603  3602  3597  7445
 7520    5135  6180  7082  7597
 7521    3776  3780  3775  6877
 7522     706   707   712  6757
 7523    4997  5820  6891  7619
 7524    6283  4568  7265  7469
 7525    2189  1912  6599  7153
 7526    6266  2859  7055  7133
 7527    3491  3508  6030  6965
 7528    1959  1939  6541  6799
 7529     273  1554  1102  6194
 7530    2322  2334  2340  6408
 7531     725   722   728  6991
 7532    4867  4868  4872  7386
 7533    4605  6368  6380  7557
 7534    1381  5788  1377  7650
 7535    4497  4493  6821  7314
 7536    6872  6652  7094  7095
 7537    1066  1067  1065  6148
 7538    6154  6537  7230  7296
 7539     118   116   121  7552
 7540    5843  5897  5930  6161
 7541    1094   857  1092  7472
 7542     134   667  6383  7404
 7543     905   898  6801  6920
 7544    1603  1634  1637  7409
 7545    6075  6024  6630  6737
 7546    4436  4444  4670  6871
 7547    6517  3344  6905  6967
 7548    2242  2250  2244  6678
 7549    6350  6063  6760  7433
 7550    1487  1485  7124  7617
 7551    7326  1744  1750  6990
 7552    5932  6137  7231  7273
 7553    1972  1971  1969  7226
 7554    4610  6120  4601  6369
 7555     173   168   167  7104
 7556    5077  5075  5078  6644
 7557     845   846  6542  7186
 7558      60    56    63  6556
 7559    1332  1298  1331  6489
 7560    2706  2703  2702  7491
 7561    2279  5778  2266  6599
 7562     436   444  5808  6939
 7563    5887  5831  6060  6531
 7564      87   124   663  7100
 7565    1128  1141  1137  7499
 7566    2826  2799  6222  7116
 7567     275    56  5642  6312
 7568    3388  3159  3781  7302
 7569    4562  4532  4518  6872
 7570    4560  4558  4559  7469
 7571    6341  2574  6887  6970
 7572     129   124    89  7100
 7573     708   725   728  6991
 7574    3389  3781  3390  7302
 7575    4750  4672  4436  6871
 7576    5015  5006  5016  6633
 7577    6729  6470  6730  7282
 7578    5661  6243  6269  6379
 7579    2846  2847  2848  6357
 7580    6536  4926  6976  7093
 7581    6432  6704  6862  7401
 7582    5829  6117  6381  6726
 7583    2575  2485  2576  6970
 7584    4329  4332  4324  7397
 7585    6188   571  6354  7362
 7586    1859  1863  6796  6933
 7587    3715  3714  6217  6771
 7588    5842  5830  5999  6167
 7589    3627  3633  3628  7389
 7590    3745  3737  6839  7497
 7591    1854  1843  1855  6818
 7592    4867  4860  4859  7386
 7593    2583  2605  2584  6969
 7594    5964  5924  5997  6432
 7595    5880  6158  6868  7622
 7596    2136  2134  7000  7537
 7597    6113  6125  6732  7529
 7598    3945  3944  3942  7197
 7599    3050  3054  3023  7540
 7600    2725  3056  6359  7489
 7601    5858  5939  6425  6506
 7602     751   746  7360  7527
 7603    6138  4140  6737  7563
 7604     583   581   582  7078
 7605    4826  4858  6588  7159
 7606    1491  1493  1492  7487
 7607    1998  1717  6810  7036
 7608    1711  1704  7585  1710
 7609    4198  4203  4197  6713
 7610    1559  3076  2690  6941
 7611     983   968   965  6527
 7612     798   831   795  6592
 7613     933   923   921  6866
 7614    2601  2600  6887  7027
 7615    3956  3953  3957  7344
 7616     180   182  7427  7431
 7617    2466  2467  2473  6942
 7618    2321  2322  6365  7327
 7619    4758  6300  6495  6774
 7620    5286  5400  6077  6683
 7621    5148  4860  4870  7386
 7622     929   921   924  6866
 7623    1478  1316  6064  7065
 7624    2691  1559  2690  6313
 7625    4301  4292  6828  7087
 7626    4298  4297  4292  6828
 7627    4076  6775  7181  7656
 7628    3501  3513  3519  6030
 7629    6009  6202  6248  6654
 7630    6223  6012  6733  6745
 7631    2707  2720  6761  7615
 7632    1612  1608  1609  6273
 7633    1254  1311  6100  7065
 7634    3329  3323  3327  7638
 7635    2117  2127  6813  5792
 7636    2175  1889  6435  7451
 7637    5725  5135  5134  6105
 7638    5155  5151  6062  7345
 7639    5070  5078  4751  6300
 7640     219   475   474  7531
 7641    6604  6065  6683  7283
 7642    2693  1773  6313  6973
 7643     267   356  6282  7253
 7644    4604  4607  4615  7557
 7645    2940  2937  6792  7634
 7646    1107  1108  1081  6964
 7647     388   330  7015  7440
 7648    3350  3309  7367  7658
 7649     653   658   727  6353
 7650    3731  3722  3730  6617
 7651    6956  6664  7485  7598
 7652    5038  6395  6398  7039
 7653    5643  6312  6957  7034
 7654    1212  1231  1219  6310
 7655    5848  5845  5862  5886
 7656    3905  3907  6916  7333
 7657    1840  1841  1839  7297
 7658    6474  6444  6845  7338
 7659    1407  1290  1287  7374
 7660    6587  3560  6837  7142
 7661    3981  3982  3976  7197
 7662    2070  2067  6703  7631
 7663    6823  6014  6935  7200
 7664    4408  4380  4374  7220
 7665    6315  2681  6335  2506
 7666    6021  5902  6105  6427
 7667    5499  5500  7121  7236
 7668    6104  5845  6131  6218
 7669    5007  5181  6551  6882
 7670    5384  5385  5099  6327
 7671    6090  5510  7448  7570
 7672     977   749   969  7527
 7673     469   460  6605  7249
 7674    3698  3685  3699  6959
 7675    5248  5249  6998  7121
 7676    2380  2625  2050  6954
 7677    3982  3950  3942  7197
 7678    4244  4217  4134  6944
 7679    2907  2582  2921  6969
 7680    2921  2910  2907  6969
 7681     806   773  6571  6629
 7682     621   628   627  6945
 7683    2134  2126  6782  7537
 7684    1390  1392  1391  7004
 7685    5975  5887  6060  6820
 7686    1050  1051  6831  6946
 7687    6481  3141  6962  7261
 7688    4020  4194  6488  6713
 7689    6106  5859  6571  6609
 7690    2730  2621  6701  7077
 7691    5962  5857  5970  6718
 7692    2515  2538  2521  7556
 7693      69    70  6096  6280
 7694    5990  3708  6814  7152
 7695    5440  5438  6374  7424
 7696    6515  6756  7071  7405
 7697    2425  2433  2428  6704
 7698    5394  5395  5401  6658
 7699    6219  6333  6643  6803
 7700     219   230   502  7531
 7701     677   679  6134  7657
 7702    5584  5583  5591  7384
 7703    5844  5854  5903  6185
 7704    4010  4018  4016  6488
 7705    4315  4310  4317  7517
 7706    2712  2582  2708  6969
 7707    6829  1062  6831  6947
 7708    3983  3804  3803  6959
 7709    5829  5880  5993  6070
 7710    6014  6813  6823  6935
 7711    2489  2495  2492  7111
 7712    5835  5862  6178  6750
 7713    3383  3452  6035  6303
 7714    3113  3108  3137  6721
 7715    6323  1079  6544  7315
 7716    6580  6054  7489  7615
 7717    3565  3769  3768  6074
 7718    1996  6810  7036  7217
 7719    7078   580   571  7362
 7720    3489  7089  3488  7358
 7721    5981  6548  6636  6742
 7722    2523  2522  6982  7556
 7723    4392  4518  4519  6872
 7724    4001  4006  4007  7324
 7725    6019  6003  5960  6164
 7726    1324  1325  6064  6181
 7727    6070  6284  6687  7580
 7728    6177  6074  6587  7014
 7729    4434  4039  6325  6890
 7730     270  6194  6635  6773
 7731    6019  6072  6104  6164
 7732    3609  3607  3605  6950
 7733    3796  4401  3792  6884
 7734    5363  5359  5368  6109
 7735    5112  5114  5115  7548
 7736    2752  2749  6779  7652
 7737    6166  6815  6911  6951
 7738    5948  6216  7175  7270
 7739    1894  1897  6197  7526
 7740    5571  5602  6046  6783
 7741    6648  6507  6767  6968
 7742    6057  5946  6063  6065
 7743      94   106   113  7207
 7744     306   270  6635  6773
 7745    6155  3759  6587  7142
 7746    1075  1077  1076  6278
 7747    1647  1649  7501  1655
 7748    3328  3295  7084  7338
 7749     779   780   498  7194
 7750    5008  5011  5010  7532
 7751    6079  6031  6169  7476
 7752    5159  5167  5161  7090
 7753    3136  3138  3131  6715
 7754    4982  4986  4981  6926
 7755    4621  4603  7174  4623
 7756    6048  6250  6602  7586
 7757    2049  2039  2042  7225
 7758    2681  2682  2680  6511
 7759     956   916   957  6952
 7760     246   247  6752  7369
 7761    5882  6392  6859  6945
 7762    2992  2991  2995  7191
 7763    5020  5006  6938  7553
 7764    6413  6349  6416  7138
 7765    4526  4103  6902  7181
 7766     960   966  6527  7363
 7767     632   633  6859  6945
 7768    5630  5555  5550  6066
 7769    3361  3363  3365  6770
 7770    4944  5335  5299  7352
 7771    6392   706  6757  6859
 7772    2366  2355  5835  7343
 7773    1255  1313  1254  6723
 7774    3587  3582  3581  6444
 7775    2852  2855  7133  7642
 7776    4527  4535  6781  7244
 7777    4386  4387  4385  7146
 7778    2487  2490  6927  6970
 7779     835   844   839  7149
 7780    5622  5624  6639  7623
 7781    3556  3563  3554  6227
 7782     131  5716   167  6484
 7783    2285  2465  6504  7263
 7784      27    32   214  6433
 7785    1971  1967  1969  7226
 7786    1107  1106  1109  6964
 7787     870   871  6285  7045
 7788    4546  4547  6583  7076
 7789    6570  6025  6625  7635
 7790    2582  2712  2711  6969
 7791    3245  3255  3254  6753
 7792    5908  5846  5950  6414
 7793    6426  6262  6907  7394
 7794    1618  1405  5973  7562
 7795    6581  3413  6728  7199
 7796    4935  5034  6976  7039
 7797    3641  3647  3643  6213
 7798       5   184   176  6171
 7799    5564  5566  5572  6955
 7800    1956  1954  1952  7217
 7801    3904  4013  4009  7643
 7802     377   381   380  7066
 7803     781   779   488  7194
 7804    2832  2829  2838  6900
 7805    2156  2157  2154  7250
 7806    4512  4766  4514  6729
 7807    5970  5962  6718  7029
 7808    6048  5831  6139  6286
 7809    3192  3193  3194  6314
 7810     676   685  7274  7657
 7811    6471  2129  7000  7537
 7812    2738  2740  2737  7446
 7813     755   486  6220  7381
 7814    3185  3177  7171  7460
 7815    4333  4324  6430  7336
 7816    6142  6249  6569  6720
 7817    3942  3975  3982  7197
 7818    5837  5824  5844  5859
 7819    1758  1519  1754  7163
 7820    3190  3210  3206  7171
 7821    4231  4230  7231  7273
 7822    4627  4634  4629  6535
 7823    4263  4273  7354  7542
 7824    5898  5974  6223  7514
 7825    6381  3869  6974  7323
 7826    6185  6312  6691  6957
 7827    7077  2736  7175  7311
 7828     968   983   967  6233
 7829    2816  2830  6805  6888
 7830    5977  5898  6012  6733
 7831    1848  1847  1846  7624
 7832    5989  5873  6248  6918
 7833    3686  3687  6765  7017
 7834    5477  5482  5469  6795
 7835    4287  6510  6828  7247
 7836    4023  4026  7296  7643
 7837    5150  5145  5153  6745
 7838    4552  4785  7391  7429
 7839    2236  5773  6545  6934
 7840    5971  6328  6770  7422
 7841    6232  6295  7176  7220
 7842    2784  2782  2778  7109
 7843    2088  6301  6849  7629
 7844    2676  2675  6053  7294
 7845    4599  6048  7586  7620
 7846    7028  6731  7221  7578
 7847    3572  6051  6474  6566
 7848    1211  1200  1199  7370
 7849    3086  3077  3085  7334
 7850    1142  1148  7285  1183
 7851    2442  2443  2438  7401
 7852    5970  6376  6578  6718
 7853    4045  4048  4036  7308
 7854    1864  1893  6197  6343
 7855    6800  2358  2363  7509
 7856    3909  6158  6183  7222
 7857    6051  3280  6993  7097
 7858     293  6680  6897  7565
 7859    3547  3584  6370  7466
 7860    6192  6860  7275  7367
 7861     561   535  6191  6634
 7862    2389  2393  6331  7382
 7863     138   140   174  7546
 7864    2763  2761  6714  7488
 7865     824   833   823  7653
 7866    5937  5853  6137  6291
 7867    5893  6699   493  6089
 7868    3929  3924  7259  7416
 7869    6101  6035  6303  6747
 7870     483   481   476  6220
 7871    4420  4419  6546  6676
 7872    3061  3066  3060  6958
 7873    5160  5158  5977  6966
 7874    3573  3540  3570  7195
 7875    3827  3837  3833  6728
 7876    2538  2534  7304  7556
 7877    6467  5473  5470  6696
 7878     614   611  6798  7329
 7879    1437  5769  1450  6917
 7880    1468  1465  1470  7043
 7881    2397  6121  6355  6787
 7882    2010  2013  2007  6662
 7883      10   217  6682  7048
 7884    6571   807  7187  7482
 7885    1812  1805  6692  6785
 7886    2392  2393  2390  7382
 7887    7276   117  7546  7552
 7888    2312  7037  2279  7651
 7889    5194  5202  5199  7543
 7890     507  5938  6068  7088
 7891    5632  5639  5621  6957
 7892    1162  1163  1166  7545
 7893      36    39    38  6258
 7894    4464  4465  7371  7454
 7895    5847  5882  6001  6071
 7896    2824  2826  6222  7280
 7897    6017  6435  6894  7451
 7898    5073  5771  5077  7544
 7899    1889  2180  2170  6133
 7900    5158  6733  6966  5157
 7901    3901  3907  3906  7399
 7902    2548  2547  6413  7564
 7903    3704  3705  5990  6959
 7904    3427  3395  3397  7490
 7905    6051  6370  6474  6566
 7906    4689  4891  4690  7390
 7907    2703  2705  2708  7430
 7908     234  6049  6068  6766
 7909    4261  7528  7542  7563
 7910    5571  5581  5569  6961
 7911    6426  6857  7347  7505
 7912    2980  2979  2978  6332
 7913    5291  5314  5297  7584
 7914    1683  1685  1684  6516
 7915    4071  4070  4069  6995
 7916     795  1128  1129  7196
 7917    6239  6312  6556  7408
 7918    3630  6254  7340  7389
 7919    4128  4121  4130  7459
 7920    6416  2538  7304  7556
 7921    1509  6835  6984  7402
 7922    4214  4212  6522  7146
 7923    6418   131  6484  7552
 7924    4095  4336  4071  6995
 7925    1153  1166  6492  7426
 7926    6627  5971  6656  6770
 7927    2135  2133  2132  7654
 7928    2564  2566  6208  6402
 7929    5408  5406  5402  7203
 7930    5830  5906  6054  6119
 7931    6345  6326  6483  6880
 7932    6392  6071  6797  6915
 7933    3210  3188  7059  7171
 7934    3919  3925  3611  7259
 7935    2302  2207  6806  7227
 7936    1229  1222  1233  6360
 7937    6280  5652    71  6659
 7938    5391  5389  5388  7508
 7939    1143  1149  6317  6850
 7940    1797  6692  6879  7092
 7941    1396  1397  1398  7519
 7942     667   670   666  7404
 7943    6532  6062  6929  7342
 7944    5144  5145  5157  6966
 7945    5166  5162  5230  6207
 7946    3313  3309  3310  7658
 7947    6207  5238  6620  6978
 7948    5281  5282  5280  7205
 7949    1926  1679  6491  6569
 7950     422   343  6095  6717
 7951      66    72    73  6659
 7952    5572  5568  5576  7393
 7953    6083  5884  6391  6831
 7954     481   483   486  6259
 7955    1154  1158  1153  6492
 7956    4130  4131  4128  7459
 7957    5188  5182  5192  6198
 7958    2044  2206  2037  6208
 7959    1109  1106  6694  6964
 7960    5966  5960  6160  6397
 7961    1435  1433  6975  7298
 7962    2382  2057  6290  7216
 7963    5047  5044  6011  6395
 7964    5175  5172  5821  7524
 7965    4595  4224  4225  6048
 7966    5913  4938  6515  7071
 7967    4846  4849  4769  7201
 7968    4302  4304  4301  7087
 7969    5917  5894  6076  6276
 7970    1079  1084  6544  6964
 7971    4990  5320  4991  6986
 7972    1335  1338  6423  6489
 7973    2772  2809  2810  6776
 7974    4324  4335  6430  7397
 7975    3505  3509  3504  6965
 7976    7261  6900  6539  7108
 7977    3462  3677  3463  6144
 7978    6165  1691  6565  7441
 7979    4836  4835  4831  6698
 7980    3458  3461  6144  6967
 7981     946   671   668  6963
 7982    6095   422  6717  7144
 7983    5962  5857  6718  7351
 7984    1033  1036  6642  7477
 7985    5619  5546  5554  6066
 7986    3897  3903  3896  7399
 7987    2582  2907  2584  6969
 7988    5127  6062  6532  7342
 7989    5826  5853  5902  5926
 7990    6207  5238  5215  6620
 7991    3281  6051  6566  6572
 7992    5987  6021  6256  6557
 7993    5618  5620  5631  6791
 7994     113    93  7207  7330
 7995     102   113  6807  7330
 7996    5188  5187  5977  6198
 7997    5134  5562  6427  6434
 7998    6149  6136  6572  7069
 7999      94    90  6242  7207
 8000    5998  5916  6345  6788
 8001    6297  6224  6306  6523
 8002     687  6267  6960  7657
 8003    5708  5705  5706  7317
 8004    4988  4982  4989  6490
 8005    5185  5195  5190  6882
 8006    6003  5896  6453  6486
 8007    6383  6802  6963  7404
 8008    6203  3531  6238  6651
 8009    6244  5911  6455  6893
 8010    2634  2636  2633  6739
 8011    6253  6187  6442  7007
 8012    6804  6437  7266  7645
 8013    5772  6812  6819  7190
 8014    2058  2054  2061  7481
 8015    4875  4874  4817  6742
 8016    4094  4368  4095  6564
 8017    3753  3752  6839  7515
 8018    5188  4882  5182  6742
 8019    4794  5173  4791  7201
 8020    5228  5245  5247  6978
 8021     866   847  6285  7467
 8022    1718  1709  1721  6899
 8023    6547  3743  6617  7515
 8024    6772  5694  7396  7464
 8025    5181  4892  4893  6429
 8026    1495  1172  1496  6748
 8027    3468  3470  3467  6101
 8028    3750  3746  6590  7286
 8029    6166  6142  6170  6491
 8030    4035  3913  3917  7568
 8031     749   753   752  7527
 8032    5528   269   263  6282
 8033    4140  4249  4143  6737
 8034     232   228   227  6766
 8035    4644  4656  4654  6401
 8036    4731  4724  4728  6495
 8037    6074  5874  6177  6587
 8038    2474  2480  6705  6942
 8039    6784  5514  7236  7648
 8040    5523  5520  5522  7290
 8041    6753  6238  7141  7234
 8042    2045  2588  2564  6208
 8043    1860  1876  1873  6485
 8044    6854  6152  7008  7602
 8045    6062  5220  6207  6844
 8046    2576  2485  2574  6970
 8047     699   729   736  6971
 8048    1607  1680  5984  6516
 8049    5135  5138  6105  6180
 8050    2343  2353  6363  6992
 8051    6282  5943  6635  7253
 8052    6002  5999  6210  6667
 8053    6343  7150  7289  7526
 8054    3951  3952  3359  7525
 8055     294  4909  6832  6897
 8056    4280  4285  6555  7354
 8057    6697  6758  7072  7440
 8058    5454  5468  5473  6696
 8059    3730  3721  3723  6617
 8060    5977  5898  6223  7514
 8061    7150  6894  7420  7526
 8062    5137  5130  5133  7597
 8063    5893  5867  6089  6641
 8064    6982  6210  6112  7556
 8065    3020  3014  3015  6480
 8066    4796  4680  4807  6122
 8067     694   690  5809  7319
 8068    4159  4164  4166  7646
 8069    6610  1472  7041  7043
 8070    5307  5354  6675  7040
 8071    5058  5064  5061  5913
 8072     575   581   583  7078
 8073    7134  4068  7156  7576
 8074    1301  1586  6680  7614
 8075    6038  6150  6467  6696
 8076    4970  4992  4991  6490
 8077    5320  5362  7190  5364
 8078    5231  5237  6978  7555
 8079    3908  3943  3909  6183
 8080    4683  4676  4686  7170
 8081    4636  6820  6861  7003
 8082    4816  4815  4813  7495
 8083    5644  5410  5411  7203
 8084    2029  2038  2032  6462
 8085    5130  5137  5135  7597
 8086    1027  1395  6983  7519
 8087    1896  7150  7420  7526
 8088    4861  4867  4859  7386
 8089    3951  3359  3388  7525
 8090    1327  1330  1328  7005
 8091    3504  3256  3515  6716
 8092      76    72    74  6659
 8093     643   630  6876  7211
 8094    4129  4126  4120  6502
 8095    6127  6145  6335  6511
 8096    2701  2698  2692  6973
 8097    1731  1730  6438  7572
 8098     164   177  5807  7431
 8099    5895  6061  6302  6975
 8100    5411  5416  5644  7203
 8101    3570  3540  3528  7195
 8102    5846  6058  6176  6371
 8103    3225  3227  2982  7503
 8104    2244  2226  2230  6415
 8105    5585    22  5590  7384
 8106    4125  4129  4114  6356
 8107     986   984  6719  7639
 8108    1508  1509  1507  7402
 8109     106   113  7207  7483
 8110    2522  2841  2523  6982
 8111    3203  3205  7347  7394
 8112    2558  2547  2559  7547
 8113    6019  6810  7019  7326
 8114    6631  6293  6812  7185
 8115    5856  5859  5920  6015
 8116    5396  5404  5543  7633
 8117      82  5352  6384  7306
 8118    1229  1232  1228  7510
 8119     273   271   270  6194
 8120     876  6252  7045  7335
 8121    3468  3465  3471  7132
 8122    3221  3222  3220  7505
 8123    5903  5871  6206  6454
 8124     717   715   878  6736
 8125    4353  6558  6632  7419
 8126    5312  5310  5311  7213
 8127    1823  1828  1827  6550
 8128    1670  1622  1623  6720
 8129    6912  6320  7333  7416
 8130    3981  3974  3990  6265
 8131     548   741   747  6763
 8132    3666  3999  3766  7434
 8133     421   399  6717  7060
 8134    2282  2468  2470  6504
 8135    4129  4114  6356  7106
 8136    3392  3387  3386  7567
 8137    6046  5579  6961  7393
 8138    6115  6052  6257  7571
 8139    2490  6927  6970  7111
 8140    7061   934   942  7363
 8141    2498  2500  2497  7111
 8142    6096  5892  6758  7072
 8143    5854  5826  5865  5907
 8144    4881  4880  4874  6742
 8145    4642  4643  6401  7301
 8146    5924  5881  5997  6112
 8147    1394  1395  1027  7519
 8148     231   236   233  6766
 8149    5974  5898  5981  7514
 8150    5051  5049  5052  6395
 8151    3609  3610  3607  6950
 8152    4299  4318  4307  6577
 8153     602   834   582  7362
 8154    1812  1797  6686  6692
 8155    3575  3576  3577  7466
 8156    1348  1318  6081  6778
 8157    5925  6055  6168  6550
 8158    1574  1599  6584  7124
 8159    6162  6476  6990  7513
 8160    3307  3349  3350  7367
 8161     240   239   243  7369
 8162    2616  2615  2611  7288
 8163    6142  5947  6664  7485
 8164    4506  4466  4465  7371
 8165    7101  1097  6148  7472
 8166    4125  4114  4108  6128
 8167     313   315  6096  7520
 8168    6146  5853  6450  7486
 8169    6701  2624  7077  7311
 8170    1243  1236  6863  7636
 8171    6821  6261  7314  7496
 8172    1971  2002  6422  6497
 8173    1970  1968  2336  6789
 8174    4380  4377  7028  7220
 8175    4608  4795  6120  6122
 8176    2815  2807  6508  6776
 8177    5187  4876  5188  5977
 8178    6846  4794  7201  7486
 8179    6366  6442  6843  7321
 8180    1884  1859  6796  1883
 8181    5975  4636  6820  6861
 8182    5235  5231  5236  6978
 8183    6211  6636  7388  7514
 8184     128   127   126  7276
 8185    2261  2257  2264  7452
 8186     589   598  6152  7602
 8187    1532  1771  6476  7332
 8188       5   184  6171  6614
 8189    1610  1615  1614  6273
 8190    3409  3415  7193  7199
 8191    1864  1877  6903  1892
 8192    2978  2980  6332  6608
 8193    4050  4056  4053  7156
 8194    5336  5339  6457  6786
 8195    2547  2562  6413  7564
 8196    5024  5020  5028  7553
 8197    1411  7474  7661  7662
 8198    3843  3724  6771  3717
 8199    5918  6499  6563  6898
 8200    4587  4554  6583  7429
 8201    1398  1390  1396  7519
 8202    5710  5719  6895  7317
 8203    6828  6530  7087  7247
 8204     610   614   611  6798
 8205    6138  7246  7321  7323
 8206    1656  1653  6343  7501
 8207    1395  1396  7295  7519
 8208    6983  1005  7049  7179
 8209    4225  4254  6048  6602
 8210    5999  6413  6416  6822
 8211    6298  6235  6351  6759
 8212     421   399   343  6717
 8213    4008  4013  4019  6537
 8214    5837  5840  5918  6499
 8215    6243  5660  6475  6538
 8216    2171  7305  7350  7395
 8217    1095  1122  6570  7635
 8218     338   912   298  7267
 8219    5957  6307  6955  7664
 8220    2818  2819  2820  7280
 8221    2730  2620  2394  6701
 8222    4577  4574  6283  6445
 8223    5439  6034  6374  7424
 8224     571   570   558  6354
 8225     609   608  6797  7215
 8226    3026  3018  3027  7606
 8227    2950  2977  2976  6711
 8228    6812  5772  6819  6986
 8229    5930  6266  7055  7133
 8230    6405  6663  7124  7617
 8231    6437  5948  6779  7266
 8232    5858  5831  5975  6399
 8233     715   718   716  6757
 8234    6343  6289  6725  7289
 8235    6524  5988  6931  7410
 8236    4458  4457  4459  7359
 8237     234   500  6068  7554
 8238    4668  4005  6184  7264
 8239    2853  2860  2852  7133
 8240    6110  6407  6897  7565
 8241    5875  2487  6927  6970
 8242    5638  5635  5636  6957
 8243    1216  1212  1217  7131
 8244    3351  3349  7357  7367
 8245    1255  1312  1309  7173
 8246    1554  1526  1104  6342
 8247    2423  2418  2416  6875
 8248    6929  6588  7278  7386
 8249     624  6798  6876  7329
 8250    3300  3295  3302  7084
 8251     777  1058   776  6389
 8252    3911  3912  7222  3910
 8253    1692  1631  6956  7598
 8254    6668  6036  6869  7456
 8255    2362  2343  6363  6992
 8256    6213  6221  6526  7068
 8257    4762  6647  6846  7201
 8258    1560  1533  1555  6981
 8259    3138  6715  7108  7261
 8260    2518  6443  6888  6982
 8261    1843  1852  6485  1800
 8262    3327  3335  6845  7638
 8263    1878  1879  7425  7451
 8264    6057  5865  6159  6458
 8265    1353  1003  1027  6983
 8266    6907  6348  7316  7394
 8267    5058  4938  5913  7071
 8268    5502  5503  5243  6886
 8269    4401  3796  6870  6884
 8270     539   472  5978  6936
 8271    1186  1201  1202  7493
 8272    5364  5320  6819  7190
 8273    1801  1578  1636  7412
 8274    1519  1524  1752  6984
 8275    2054  2055  2091  7178
 8276    5836  5905  5960  6003
 8277     196   193   194  6922
 8278    1190  7113  7298  7566
 8279     375   373   365  7066
 8280    1054  1289  1047  7348
 8281    4988  4990  4991  6986
 8282      57   280    62  6556
 8283    1384  1414  1412  6702
 8284    6086  5870  7355  7622
 8285    6313  1773  6953  7368
 8286    2348  2352  2347  7027
 8287    4126  4119  4120  6502
 8288    4905  4904  5004  7073
 8289      16   208   207  7523
 8290    2695  6637  6477  2653
 8291    3068  3121  6759  7182
 8292     502   230  6766  7531
 8293    6518  6701  7077  7175
 8294    1273  1274  1279  7269
 8295    6244  4463  6893  7473
 8296    6419  6829  6831  6947
 8297    3699  3684  3693  6878
 8298    1356  1350  7016  7021
 8299    1320  1310  1319  7173
 8300    6712  6264  6975  7298
 8301    6454  5871  6639  6691
 8302    4810  4811  4817  7514
 8303    4710  7003  7239  7534
 8304    2462  2480  2467  6942
 8305    4170  6184  7256  7378
 8306    2924  2915  2919  7569
 8307    6173  6299  6539  6715
 8308    4338  4341  4343  7096
 8309    5860  5948  6058  7175
 8310     934  7061   942   935
 8311    6534  6499  6963  6971
 8312     979   996  1024  7639
 8313    6114   194  6576  6922
 8314    1253   990   991  6719
 8315    5971  5890  6513  6845
 8316    6019  6810  7326  7421
 8317    5982  6208  6519  6988
 8318    4621  4625  4623  7174
 8319    3353  3351  3115  6949
 8320    6340  6244  6455  6546
 8321    2100  2126  2124  7654
 8322    4476  4081  4079  7181
 8323    5995  5923  6149  7503
 8324    2118  2122  7506  2120
 8325    2146  6813  6823  7000
 8326    1457  1471  6382  7054
 8327    6281  6156  7122  7647
 8328    5331  5383  5351  6873
 8329    3608  3607  3610  6950
 8330    2393  2104  2389  6331
 8331    7125  1650  7501  7641
 8332    2730  2731  2624  6701
 8333    6084  6264  7113  7566
 8334     794   797   798  7535
 8335    2579  2908  2913  6989
 8336    5735  5726  6427  6557
 8337    3514  3491  6030  6808
 8338    5710   170  5716  6484
 8339     382   378   397  7450
 8340    5220  5221  6087  6207
 8341     640   636  6338  7086
 8342    6404  5973  6673  7474
 8343    1768  1744  1742  6990
 8344    2918  2921  2919  7235
 8345    6378  5390  6195  5386
 8346    5129  5127  6062  6573
 8347    3606  3342  6513  7310
 8348    3360  3361  3366  6770
 8349    3985  3687  3983  6765
 8350    2139  2140  2158  6471
 8351    1952  1954  6541  7217
 8352    4018  4014  4016  6488
 8353     722   922   728  6991
 8354     589   561  6279  6634
 8355    7324  4002  4001  3998
 8356    6027  6146  6450  7579
 8357    4125  4114  6128  6356
 8358    4752  4757  4673  6300
 8359      76    75    77  7262
 8360    6275  6294  6608  7606
 8361    4295  4287  4201  6510
 8362    2361  2360  2364  6992
 8363    6709  2665  6930  7271
 8364    6224  5915  6233  6913
 8365     591  6279  6648  6854
 8366    6085  5916  6100  6610
 8367     578   842   580  7362
 8368    6199  3981  6265  7197
 8369    3961  3932  7344  7502
 8370    2721  5813  7470  7615
 8371    6475  5644  7206  7284
 8372    1619  1626  1621  7562
 8373    6669  6463  7018  7085
 8374    2481  2475  2483  6321
 8375     613   621   620  7655
 8376     300  4231  3822  6137
 8377    5322  5324  5323  6994
 8378    6692  6686  6879  7092
 8379    1065  1055  6419  6829
 8380    1560  1557  6981  7099
 8381    6087  6008  6150  6696
 8382    3430  3438  6628  7649
 8383    6067   237  6385  7369
 8384     126  7100  7276  7432
 8385    1467  1464  1473  6610
 8386    5155  5151  5152  6062
 8387    1979  1981  6951  7485
 8388    6788  1239  7533  7636
 8389    2620  2394  6701  7530
 8390    2839  2848  7613  2840
 8391    4737  4740  4738  6172
 8392    1858  1840  7297  2149
 8393    5835  5833  5906  6887
 8394    4890  6548  4896  4888
 8395    5139  5140  5176  6180
 8396    2049  2040  2039  7225
 8397    6945  6507  7637  7655
 8398    5745  5741  5742  7364
 8399    3819  3814  3820  6928
 8400    6566  6657  7195  7339
 8401    6000  5947  6103  6911
 8402     464  5978  6936  7249
 8403    6209  5861  6684  6989
 8404    1480  1479  6610  7617
 8405    1475  1463  1462  6100
 8406    6065  6063  6350  7433
 8407    5829  5961  6052  6115
 8408    3143  3418  3371  7387
 8409    3558  3557  3566  6227
 8410     313  6096  7262  7520
 8411    3614  3589  3610  6950
 8412    3112  2747  7357  7446
 8413    5508  5500  7570  5499
 8414    6482  7028  7221  7443
 8415     533   530   531  7135
 8416    3424  3480  3428  6996
 8417    5121  5119  5101  6532
 8418    4612  6380  6535  6820
 8419     506   507   764  5938
 8420    3511  3738  6547  6724
 8421    2669  6053  6508  7294
 8422    5870  6074  6086  7355
 8423    2876  2873  2888  7023
 8424     188  5572  5574  6955
 8425    6225  6332  6608  6997
 8426    6291  6229  6612  7429
 8427    4483  6424  6821  7496
 8428     381   592   380  7066
 8429    2923  2978  2968  6997
 8430    6443  2839  6888  7613
 8431    1653  1890  6098  7289
 8432     978   976  6527  6574
 8433    6211  5974  6636  7514
 8434     626   624  6876  7329
 8435    1161  6241  6264  7113
 8436    2560  2883  6822  6889
 8437    5093  5088  5092  7155
 8438    5885  5825  5890  6202
 8439    4404  4543  6295  7176
 8440    5267  5265  5266  6468
 8441    6390  3362  6770  7525
 8442    4485  4477  4490  7656
 8443    4008  4011  6451  6537
 8444    2381  2626  6851  7558
 8445    4488  4489  6821  7383
 8446    1311  1475  6100  7041
 8447    6616  5173  7201  7524
 8448    2205  2207  2297  7227
 8449    6775  6821  7314  7656
 8450     761   762   767  7148
 8451    6239  6685  6842  7103
 8452    3281  3272  7097  7164
 8453    6652  6781  7094  7244
 8454     259   260   252  6619
 8455    3297  3571  3572  6474
 8456     525  6619  6842  7135
 8457    1273  1272  7085  7269
 8458     323   326  6758  7440
 8459    6073  6288  6437  6892
 8460     319   322  7072  7520
 8461    5924  6092  6316  6415
 8462    5694  5696  5695  6772
 8463    3856  3853  3859  7507
 8464     397   392  6767  7189
 8465    1143  1388  1280  7004
 8466    2737  2748  2746  7652
 8467    1157  1154  1155  6469
 8468    3358  3316  3311  7406
 8469    1139  1137  6850  7499
 8470    5853  5954  6229  6291
 8471    4012  4027  4017  7230
 8472    4499  4775  6693  7025
 8473    6674  2831  6900  7261
 8474    5873  5857  5889  6202
 8475      17    13   209  7102
 8476    2597  2609  2603  7577
 8477    6452  6069  7083  7100
 8478    1030  1029  6463  7049
 8479    1200  1211  1213  7370
 8480    1300   912  6428  6680
 8481    4886  4897  4887  6999
 8482    1854  1858  1849  7365
 8483    4666  4755  4005  6495
 8484    5916  5891  5949  6788
 8485    2218  2224  7456  7541
 8486    6203  6572  7069  7164
 8487    1210  1208  1209  7370
 8488    2480  2476  6245  6942
 8489    5097  5094  5102  7518
 8490    6371  6074  6837  7142
 8491    4274  6530  6841  7528
 8492     698   699   736  6971
 8493    1024   941   943  7639
 8494    4838  4472  6393  6698
 8495    5125  5127  5152  6062
 8496    6628  6670  7141  7484
 8497    5968  5903  6258  7233
 8498     322   320  6758  7520
 8499    6712  1425  6923  7298
 8500    5511  5515  5514  7573
 8501    3881  3884  3876  6843
 8502    4011  4008  4010  6537
 8503    5390  5350  6873  7012
 8504     375   373  7066  7070
 8505    6712  1444  7268  7462
 8506    1486  1479  6663  7437
 8507    3721  3728  6617  7560
 8508    1802  1803  1810  7550
 8509    2469  2282  6504  6722
 8510    5994  5965  6403  7212
 8511    2711  5888  6969  7430
 8512    5509  5511  5510  7573
 8513    3402  3400  3401  6303
 8514    5208  5372  6386  7238
 8515    6860  3308  7275  7367
 8516     951   949  6952  7353
 8517    5548  5531  7158  7448
 8518    5730  5732  5696  6734
 8519    2977  2969  2971  6711
 8520    2610  2613  7288  7415
 8521    1630  1625  1627  6165
 8522    1663  1644  1662  7581
 8523    5882  6353  6824  7214
 8524    2969  2970  2973  6711
 8525    2561  2553  2554  7547
 8526    1575  6375  6688  7550
 8527    2155  2152  6935  7313
 8528    2667  2672  6930  7294
 8529    5206  5211  5210  7238
 8530    2882  2551  2552  7547
 8531    6037  6430  6455  6558
 8532    5520   262  5529  7290
 8533    5102  5096  5097  7518
 8534    1667  1668  1661  6579
 8535    1957  1954  1956  6799
 8536    5824  5872  5908  5921
 8537    1754  1759  1756  7163
 8538    2542  2553  2561  7547
 8539    1270  1264  6076  6906
 8540    4725  4734  4727  6901
 8541    4407  4400  4406  7176
 8542     964   959   958  7363
 8543    4475  4474  6914  7371
 8544    6698  6393  6706  6914
 8545    1586  1591  1301  6680
 8546    3074  3069  3071  6759
 8547    5985  5862  5848  6119
 8548    3362  3364  6770  7525
 8549    3033  3038  2738  6860
 8550    5745  5744  5747  7364
 8551    1437  5780  5769  6917
 8552    5990  6257  6263  6814
 8553    5311  5067  6812  7213
 8554    6355  2401  6787  7436
 8555    4762  4760  4788  6647
 8556    5869  6599  6738  7037
 8557    2659  2664  2646  7271
 8558    5034  4935  5032  7039
 8559    3685  3983  3687  6765
 8560    2033  2030  6166  6170
 8561     343   115   150  6717
 8562    3075  3063  3062  6298
 8563    1804  1803  1801  7550
 8564    4298  6577  4297  6828
 8565    2071  2072  2073  6446
 8566    4506  4465  4505  6730
 8567    4533  4869  4775  6042
 8568    3249  6238  6753  7234
 8569    3364  6328  6770  7525
 8570    1384  6702  7245  7650
 8571    6251  6053  6477  7294
 8572    6382  1457  7054  7479
 8573    2664  2663  6709  7271
 8574    4609  4677  4678  7170
 8575    2573  2990  6347  7270
 8576     266  5528   267  6282
 8577    1515  1514  6061  6984
 8578    6085  5949  6310  6788
 8579    6028  6265  6765  7361
 8580    5891  5998  6234  6864
 8581    6378  5709  6600  7317
 8582     782   470   498  7002
 8583    1112  1528  5945  6827
 8584    3773  4171  4169  7014
 8585    4788  4790  6647  6846
 8586    2000  6446  6497  7631
 8587    2256  2255  2299  6448
 8588    1960  1958  1686  6553
 8589    1244  1238  1243  7636
 8590    2665  2664  2666  7271
 8591    1091  1096  1092  7635
 8592    6368  6048  7240  7620
 8593     110   115  6867  7483
 8594    2666  2664  2659  7271
 8595    5970  5857  6202  6718
 8596    6071  6001  6279  6388
 8597    6025  5998  6278  6501
 8598    1764  1763  1769  7513
 8599    2956  2263  7169  7452
 8600    3266  3270  7595  7616
 8601    6456  6489  6883  7380
 8602    3328  3295  3294  7638
 8603    4484  6821  7383  7656
 8604    5881  5997  6126  6245
 8605     752   746   743  7360
 8606    1862  2148  1857  7365
 8607    3023  3019  6700  7540
 8608    7309  3854  7385  7507
 8609    5751  5758  5739  7364
 8610    1836  1832  1842  7366
 8611    5752  5756  5823  7172
 8612    6725  6925  7409  7630
 8613    6177  4171  7256  7378
 8614     102    93   113  7330
 8615    6246  6686  6692  6785
 8616    3292  3274  6078  7097
 8617    2274  2282  2253  7356
 8618     484   445  5808  6939
 8619    1770  1774  1768  7513
 8620      50    55   249  7103
 8621    3777  3788  3782  6884
 8622    3030  3031  3022  7540
 8623    2562  2542  2561  7547
 8624     680   677   681  7657
 8625    2454  2457  2450  7180
 8626    6032  6011  6395  6398
 8627    2813  2815  6508  7293
 8628     784   783  6543  7588
 8629     987  1024   996  7639
 8630    4966  4929  4965  7522
 8631    1050  1061  1068  6946
 8632    1903  1930  6098  7591
 8633     608  6797  7215  7637
 8634    6301  6214  7044  7629
 8635    3019  6608  6700  7540
 8636    4028  4032  4030  7296
 8637    4555  4554  7391  7429
 8638    6155  5874  6587  7014
 8639    2553  2556  2554  7547
 8640     129   128   126  7276
 8641     497   211  6089  7523
 8642    4609  4678  6472  7170
 8643     702   662   703  7204
 8644     449   448  5804  7035
 8645    3579  3589  3582  7165
 8646    1983  2043  2041  7178
 8647    2615  2617  2610  7288
 8648    6531  5887  6533  6768
 8649    6697  6767  6798  7189
 8650    7397  4309  7517  7601
 8651    5176  5493  5139  7137
 8652    2705  2712  2708  7430
 8653    6391  6083  6642  7477
 8654    5328  5327  5330  6994
 8655    4557  6157  6910  7265
 8656    6259  6563  6939  7531
 8657    1444  1443  1447  7268
 8658    2897  6209  6989  7235
 8659    6643   407  7015  7211
 8660    3352  3346  3348  7328
 8661    5874  6371  6832  7142
 8662     601   615  7215  7637
 8663    6797   608  6915  7637
 8664     943  6326  7061  7639
 8665    3326  3322  3325  7638
 8666    5490  5526  5527  7290
 8667    5520  4579   304  6612
 8668    3026  3283  6275  7606
 8669    3003  2998  6406  7162
 8670    2858  7067  7133  7613
 8671    6289  6147  6725  7581
 8672    4510  4509  6470  7644
 8673    5362  5323  6812  7190
 8674    3675  3679  3682  6909
 8675    4836  6393  6655  6706
 8676    1243  1242  1244  7636
 8677    5807   175  7104  7431
 8678    6993  3290  7084  7414
 8679    6403  7212  7352  7609
 8680    4269  4263  4277  6677
 8681    4556  4789  4788  6647
 8682    5396  5401  5403  7633
 8683    4734  4757  6268  6495
 8684    1311  1478  7041  7065
 8685     938   992  6326  7639
 8686    2556  2553  6764  7547
 8687    4439  4429  6400  6762
 8688    3213  3214  6857  7505
 8689     483   481  6220  6259
 8690    6207  5162  6436  7260
 8691    2722  2721  7470  7615
 8692    1172  1165  1164  6754
 8693    1774  1772  2696  7368
 8694      95    97   103  7330
 8695    3251  3270  7069  7595
 8696    2577  2576  2574  6341
 8697    6072  6164  7279  7585
 8698    6259   759  7209  7538
 8699    6046  5602  6385  6783
 8700    5095  5094  5086  7518
 8701    1665  1666  1616  6579
 8702      37    39    24  6258
 8703    3364  3359  6328  7525
 8704    4998  4989  6706  6891
 8705    1674  1337  1379  6883
 8706    4242  4142  4139  6630
 8707    2960  2958  2955  7169
 8708    5404  5396  5403  7633
 8709    4528  4529  7244  7314
 8710    4738  4657  4659  6503
 8711    1537  1764  1767  7513
 8712    6607  1819  7125  7128
 8713     202   208   209  7523
 8714    6231  5998  6529  6864
 8715    4414  4420  6546  4411
 8716    4110  4111  6128  6687
 8717    5854  6096  6185  6239
 8718    5036  5040  6604  6938
 8719    4180  4183  4184  7007
 8720    3817  3820  6257  7587
 8721    6306  6543  6621  7535
 8722    5639  5621  6957  7623
 8723    4075  4430  4429  6400
 8724    1206  1194  6264  7462
 8725    6372  6350  6468  7461
 8726    3056  3057  3042  6359
 8727    3978  3680  3979  7361
 8728    1076  1072  1078  6377
 8729    3075  3069  3073  6759
 8730    6529  1116  6625  6864
 8731    1331  1299  1369  6489
 8732     361   356   354  7009
 8733    1001   995   997  7179
 8734    5895  5872  5931  6156
 8735    7078   571  6188  7362
 8736    1099  1093  1096  7635
 8737    4627  4639  6535  6666
 8738    6304  2596  6402  7175
 8739    5535  5534  6163  7448
 8740    5827  5828  5877  5921
 8741    1177  1182  6218  6544
 8742    5619  5620  5618  6791
 8743     800  6106  6354   813
 8744    5857  6202  6916  7333
 8745    1096  1100  1099  7635
 8746    2943  2945  2947  6645
 8747    2830  2827  2843  6805
 8748    6131  6306  6486  6669
 8749     402  6643  6717  7060
 8750    1931  6289  6579  7516
 8751    5342  5337  6644  6786
 8752    4605  4603  4623  6368
 8753     561  6191  6279  6634
 8754    5463  5459  5462  6116
 8755    5833  6186  6341  6887
 8756    6453  6131  6669  7018
 8757    5372  5361  6386  7521
 8758    3547  3654  3545  6091
 8759    4810  4874  4877  7514
 8760    6357  5930  6805  6888
 8761    4486  4482  4483  7496
 8762    3375  3376  3382  6179
 8763    2120  2125  2121  7506
 8764    3979  3680  3686  7361
 8765    6176  6448  6586  7062
 8766    3226  3233  3230  7503
 8767    5898  5976  6436  7433
 8768    6930  2661  7118  7271
 8769    1223  1222  1228  7510
 8770    4394  4393  6284  7146
 8771     396   389   390  7189
 8772    6234  5949  6597  7462
 8773    7069  3278  7097  7500
 8774    5903  6258  7233  7325
 8775     742   743   538  7360
 8776    2124  2126  6782  7654
 8777    4265  4251  6215  6677
 8778    5686  5687  5685  7145
 8779    6118  4079  6826  7181
 8780    3403  3398  6747  7132
 8781    1095  1125  1100  7635
 8782    6542  6501  6660  7101
 8783    3218  3219  3236  6857
 8784    7168  6777  7257  7651
 8785    2083  2087  6301  7629
 8786     797   796  6323  7455
 8787    2894  2888  6695  7023
 8788    6780   445  6939  7024
 8789    1499  1502  1500  7320
 8790    1029  1028  6463  7085
 8791    1360  1607  5984  7492
 8792    6215  6024  6630  7563
 8793    1771  1767  6476  7513
 8794    6300  6268  6774  6937
 8795    6259  5840  6499  6563
 8796    4584  4582  6583  6640
 8797    3665  6904  7222  7568
 8798    5927  6586  7184  7277
 8799    3013  3047  3050  6700
 8800    3804  3799  3807  7583
 8801    6586  5927  6897  7277
 8802    4069  4062  6995  7134
 8803    6214  6103  6290  7216
 8804    6042  5974  6693  7025
 8805    1330  1326  6464  7005
 8806    3121  3318  3063  6759
 8807    1851  1844  1849  7228
 8808    6231   897  6483  7120
 8809     356   520  6479  7009
 8810    5098  5097  5096  6327
 8811    3908  3662  3593  7622
 8812    1058   805   815  6629
 8813    3233  3226  3234  7503
 8814    5607  5609  6206  6885
 8815    5896  5836  6003  6362
 8816    6151  6926  7607  7665
 8817    5404  5395  5405  7633
 8818    1332  1339  1333  6489
 8819    4813  4814  7341  7495
 8820    2181  2171  7350  7395
 8821    5065  5066  5315  7010
 8822    6539  6779  6804  7266
 8823    1277  1282  1283  7269
 8824    6330  3875  3639  3862
 8825    6479   514  6752  7626
 8826    2135  2124  7537  7654
 8827    5967  2728  6461  7489
 8828    5935  5866  6120  6157
 8829    5907  5957  5987  7664
 8830    5196  5199  7260  7543
 8831    5825  5826  5831  5855
 8832    2494  2498  6321  7111
 8833    2662  2663  6251  6709
 8834    5413  5646  5650  6475
 8835    3908  3909  3662  7622
 8836    5149  5777  5148  6929
 8837    5117  5777  5149  6929
 8838    6592  6669  7196  7499
 8839    4597  4589  4592  7620
 8840    6062  5151  6844  7345
 8841    6408  2323  6777  7327
 8842    1845  6818  1800  1843
 8843    6206  6454  6885  7325
 8844     484   482   480  6259
 8845    6386  5000  6819  7521
 8846    5969  6281  6835  7402
 8847    2149  6935  6311  2144
 8848     428   432  6524  7098
 8849    1077  1075  1101  6278
 8850     799   558   570  6354
 8851    1295   919  6952  7064
 8852    3691  3700  3697  7504
 8853    2855  2858  7133  7642
 8854    1988  6815  6911  7178
 8855    3310  3314  3313  7658
 8856    2985  6275  6332  6608
 8857    6595  4320  7336  7601
 8858    2411  6288  6560  6708
 8859    4804  4780  4774  7139
 8860    3425  3427  3419  7490
 8861    3284  5796  3291  7414
 8862    4428  4979  4980  7349
 8863    3708  3705  3709  7152
 8864    1885  1878  7425  7451
 8865    2420  6668  6875  7590
 8866    2701  2675  2697  6973
 8867    1886  1883  6796  7451
 8868    4222  4219  4224  6910
 8869    5863  6490  6706  7349
 8870    6362  6665  7016  7021
 8871    6246  6204  6375  7412
 8872    2159  2164  2210  7200
 8873    2639  6992  2363  6800
 8874    4394  4389  4393  7146
 8875    5842  5827  5843  5999
 8876    5327  5417  5329  7612
 8877    3001  2999  6371  7191
 8878    4837  4836  4843  6655
 8879    6099  6040  6471  7318
 8880    2074  2359  6800  7509
 8881    3878  6417  6843  7321
 8882    5938  5920  6068  7088
 8883     514   513   523  7626
 8884    1255  1312  6723  6755
 8885    5956  6013  6181  6464
 8886    4142  4137  6737  7106
 8887    6369  4616  6473  7557
 8888    1054  1048  1053  7348
 8889    5278  5036  6604  6938
 8890    6069  7083  7100  7306
 8891    5290  5296  6598  7584
 8892    2031  2206  6170  6462
 8893    3411  3412  6690  7193
 8894    6533  4689  7341  7390
 8895      97    98    99  7330
 8896    5917  6076  6802  6952
 8897    1360  6273  6665  7492
 8898    4944  5299  4943  7352
 8899     729  6534  6971  7258
 8900    5831  5858  6139  6399
 8901    6727  6594  7364  7640
 8902    2726  3056  2725  7489
 8903    6325  5879  6774  6890
 8904    6774  6762  6890  7264
 8905    6361  3343  6409  6721
 8906    5146  5777  5117  6929
 8907    4436  4672  6774  6871
 8908     555   553  6609  7088
 8909    4243  6602  6944  7435
 8910     256   533   529  7031
 8911     879   884   891  7120
 8912    5365  5326  5368  7612
 8913    4446  4444  4441  7574
 8914    1947  1941  1945  7257
 8915    5417  6305  7145  7612
 8916    6224  6523  7360  7527
 8917    2093  2092  2094  6849
 8918    5344  5354  5343  7040
 8919    3603  3599  3602  7445
 8920     118   122  5673  7123
 8921    6280  6475  6691  7284
 8922    6550  1761  6985  7647
 8923    2755  2647  6521  7488
 8924    3580  3590  3581  7165
 8925    2985  3223  5995  6275
 8926      93    96    91  7330
 8927     571  7078  6188   573
 8928    5392  5298  6159  6658
 8929    6746  5906  7288  7415
 8930    3266  3217  6149  7595
 8931    1123  1204  1203  6597
 8932    5284  5283  5044  6247
 8933    2652  2645  2646  7051
 8934    6616  5821  7524  7579
 8935    5903  5968  5991  6038
 8936    6068   550  7088  7554
 8937      91    96    99  7330
 8938    6296  4949  6679  7013
 8939    2726  2729  2727  7489
 8940    1486  1487  7124  7617
 8941    1537  1767  7332  7513
 8942    4548  4556  6647  7076
 8943    3963  3962  3784  6093
 8944    1239  1231  1230  7533
 8945    3772  3769  3767  7014
 8946    6499  6259  6563  6780
 8947      69  6280  6691  7034
 8948    4702  4701  4703  6768
 8949    1548  1786  1779  6836
 8950     909   915   339  6428
 8951     538  6763  7002  7360
 8952    2724  3056  2726  7489
 8953    1287  1290  1288  7167
 8954    3317  3594  3598  7355
 8955    4835  4834  6698  6706
 8956    5359  5369  5368  6109
 8957    4438  4444  6871  7574
 8958    1925  1921  1920  6509
 8959    2043  1983  2055  7178
 8960    5859  5938  6609  7088
 8961    5967  6108  6235  6294
 8962    3588  3589  6950  7165
 8963    4976  4970  4991  6940
 8964    5969  6000  7402  7441
 8965    3844  3810  3797  6814
 8966    6054  6761  7489  7615
 8967    1782  1780  1781  7122
 8968    2455  2471  6126  6722
 8969    5254  5029  7283  7553
 8970     422   343   159  6095
 8971    1740  1743  1742  6476
 8972    6735  6685  7103  7233
 8973    4282  4283  6841  7354
 8974    3774  3829  6044  6581
 8975    4724  4755  4728  6495
 8976      53  6611   367  6842
 8977    4183  4194  4189  7291
 8978    3141  3173  6481  6962
 8979    6264  1189  6597  7493
 8980    6312  6185  6735  6957
 8981    4251  4268  4258  6215
 8982    5052  5045  5046  6395
 8983    6429  6536  6548  7439
 8984    5919  6251  6709  7611
 8985    4279  4285  4280  7354
 8986    3276  3530  3529  6566
 8987    2077  2066  2075  7631
 8988    6892  6288  7130  7375
 8989    3822  3823  7147  7403
 8990    4804  4812  4780  7139
 8991    6293  6812  6819  6986
 8992    2077  2072  2068  7631
 8993    1531  1535  1534  7332
 8994    6063  6008  6175  6436
 8995    6116  6097  6594  6881
 8996    6173  6299  6361  7151
 8997    5918  6309  6383  7251
 8998    6087  6150  6620  6696
 8999    6281  6550  7163  7402
 9000    1123  6025  6234  7493
 9001    2914  2915  6480  7235
 9002    6018  5991  7183  7248
 9003    4483  4449  6424  7496
 9004    5936  5996  6547  7038
 9005    2848  2840  7067  7613
 9006    7178  7026  7216  7481
 9007    5570  5568  6961  7393
 9008    6053  2675  6336  6973
 9009    3203  3210  6907  7347
 9010    5997  6126  6504  6722
 9011    5059  5051  6032  7136
 9012    6426  6672  6943  7347
 9013    6731  6482  7028  7221
 9014    6079  6653  7012  7476
 9015    5496  5492  5493  7137
 9016    3212  3228  3215  6262
 9017    5749  5720  5750  6727
 9018    4994  5360  6819  7521
 9019    1132   793  1135  6669
 9020    6239  6556  6685  7103
 9021    6599  6777  7168  7651
 9022    5865  5871  6163  6175
 9023    3484  3482  3479  7358
 9024    5189  5163  6966  7260
 9025    4663  4668  6890  7264
 9026    3685  5959  6765  7017
 9027    2838  2837  6805  6900
 9028    5948  6192  6216  7270
 9029    2054  2058  2043  7481
 9030    5962  6187  6451  6606
 9031    1001  1000   995  7179
 9032    2656  2695  2697  6477
 9033    6750  6019  6810  7019
 9034    6199  6070  6270  7580
 9035    2040  6462  6815  7225
 9036     513   514   241  6479
 9037    5516  5509  5540  7573
 9038    1042  1017  1019  6125
 9039    4029  4026  4057  7020
 9040    1355  1356  7016  7021
 9041    4305  4413  4653  6848
 9042    4348  4337  6624  7096
 9043    3713  3496  3711  7038
 9044    2315  2319  2323  7327
 9045    3296  3303  3304  6474
 9046    5875  5833  6047  6230
 9047    1772  1770  1769  7513
 9048    2233  2245  2235  6681
 9049    6216  6346  7175  7270
 9050    6216  5860  6779  7357
 9051    1811  1852  6692  1869
 9052     800   813   811  6106
 9053     854   858  7101  7472
 9054     781   779  7194  7588
 9055    6000  6565  6618  7447
 9056    3175  3177  7059  7171
 9057    5926  6027  6105  7137
 9058    5851  5869  6174  6334
 9059     102   103    93  7330
 9060    5952  5946  6293  7185
 9061    6375  6246  6785  6836
 9062     382   384   378  7450
 9063     453   452   454  6931
 9064    4120  4128  6502  7459
 9065    1366  6702  7243  7377
 9066    5953  5848  5985  6005
 9067    5014  5013  6633  7433
 9068    1603  1634  7409  7630
 9069     470   472  5978  7002
 9070    4185  4162  4156  7242
 9071    3607  3605  6950  7310
 9072    5677  5678  5671  6600
 9073    4032  4029  6154  7296
 9074    4321  4346  6632  7096
 9075    4335  4331  4351  6430
 9076    4796  5802  6122  7047
 9077     934   935  6866  7061
 9078     992   986  6719  7639
 9079    1364  1370  1372  7380
 9080     101   102   114  6807
 9081    1832  1837  6985  7366
 9082    5514  6784  7223  7648
 9083    3614  3612  3613  6950
 9084    5351  6873  7012  7476
 9085    6095  6033  6867  7483
 9086    2053  2047  2048  6519
 9087    1920  1917  1918  6509
 9088    6378  5432  7317  7424
 9089    2096  2064  2062  7216
 9090    6581  6596  7302  7567
 9091    5841  5957  6039  6498
 9092     329   327  7015  7440
 9093    3447  3444  3449  7057
 9094    4643  4300  6506  7301
 9095    7010  5288  7056  7603
 9096    6563  6780  7161  7427
 9097    5928  5838  6236  6657
 9098    6151  6490  6940  7185
 9099    1449  1434  6975  6977
 9100      58    61    64  6556
 9101    5870  6004  7275  7355
 9102    5865  5826  5952  5955
 9103    2873  2872  2875  7023
 9104    2477  2474  2480  6705
 9105    5841  5940  5957  6307
 9106     434  5798   435  7024
 9107    6232  6260  6277  6339
 9108    6583  4547  6593  7076
 9109    4756  4733  6268  6300
 9110    4326  5939  6340  6848
 9111     775   774   772  7148
 9112    6188  6634  7078  7362
 9113    3939  4051  6912  7331
 9114     752   753   751  7527
 9115    3418  3191  3420  7387
 9116    7145  5689  7192  7398
 9117    6761  2729  2720  2723
 9118    1222  1229  1228  7510
 9119    1863  1859  2141  6933
 9120    3601  3666  3766  7434
 9121    2586  2053  2587  6519
 9122    6045  6008  6150  6175
 9123    4492  4852  6261  7025
 9124    5915  5876  5942  6824
 9125    3698  3706  3805  6959
 9126    5638  5643  5635  6957
 9127    2333  1951  6559  6777
 9128    3655  3661  6221  7029
 9129    6125  7374  7377  7529
 9130    1378  1676  1674  6249
 9131    7058  2280  7127  7372
 9132    5378  5446  6034  7411
 9133    5564  5572   188  6955
 9134    3652  3653  3660  7351
 9135    6411  6539  6779  6804
 9136    5103  5379  5384  6487
 9137    2472  2461  2452  6722
 9138    1293  6441  6673  7167
 9139    6712  6975  6977  7298
 9140    5102  5119  5100  7518
 9141    2832  2838  2836  6900
 9142    3743  3742  3745  7515
 9143    5838  5928  6136  6651
 9144    4457  4977  4459  7359
 9145     542   687  6267  6936
 9146    4204  4205  6128  7453
 9147    3137  3108  3133  6721
 9148    3804  3983  3805  6959
 9149    1717  1687  6899  7217
 9150    2722  2726  2727  7615
 9151    3173  3141  3172  6962
 9152    5707  5743  5715  6689
 9153    3726  3725  6591  6771
 9154    3975  3976  3982  7361
 9155    6137  5937  6291  7403
 9156    1216  1200  1213  7370
 9157    6985  1790  7237  7647
 9158     447   461  6605  7523
 9159     101   100   311  7262
 9160    4076  4476  4477  7181
 9161    2696  1773  6973  7368
 9162    3801  3808  3986  6270
 9163    5330  5986  6994  7612
 9164    3798  3799  5990  7583
 9165    6298  6351  6359  6759
 9166    4780  4779  7139  7514
 9167     447   451   197  6605
 9168    3145  3146  6409  6481
 9169    6097  6484  6847  6895
 9170    6594  6689  6727  7364
 9171    7148  6140  7209  7538
 9172    6485  6790  6818  7092
 9173     209  7102  7218  7523
 9174    1556  1530  6773  7099
 9175    5351  5331  6873  7476
 9176     589   576  6634  7078
 9177    6328  5953  6390  7525
 9178    5221  5219  6087  6620
 9179    6138  7241  7246  7646
 9180    1521  1430  1520  7566
 9181    5181  4892  6429  6742
 9182    6816  1783  1755  7647
 9183    6433  5968  6682  7248
 9184    2645  2657  7051  7509
 9185    4273  4262  4167  7528
 9186    1750  1774  1749  7368
 9187     207   208   211  7523
 9188    5864  6241  6377  6469
 9189    4257  4253  6602  7586
 9190    1541  1432  1545  6344
 9191    1753  1759  1754  7163
 9192    3063  3075  3073  6759
 9193     316  6615  7072  7189
 9194    6665  7016  7295  7519
 9195    6074  6058  6371  6837
 9196    3923  3927  3905  7333
 9197    3545  3548  6091  7340
 9198    2626  2380  6519  6954
 9199    6148  5901  6419  7186
 9200    4938  4966  6515  7405
 9201     236   505  6015  6068
 9202     100   101  6807  7262
 9203    5209  5210  5211  7238
 9204     173   165   168  7104
 9205     719   920   933  6824
 9206    1755  1753  7122  7647
 9207     589  6152  6634  7602
 9208    2175  1889  2169  6435
 9209    5799   436  5808  7024
 9210    4735  4944  6901  7352
 9211    1389  1283  7018  7269
 9212    6204  5956  6246  6375
 9213    5484  5485  6500  7463
 9214    6362  6665  7004  7295
 9215    4002  3997  7324  7378
 9216    2681  6335  2506  2507
 9217    3553  3558  3552  6227
 9218    1646  1635  7409  7641
 9219     467   473  5978  7346
 9220    4935  4934  4936  6976
 9221    3100  3102  3101  6478
 9222     812   811  7186  7187
 9223    3212  3207  3200  7394
 9224    5171  4785  5170  6146
 9225    6427  5728  6557  6734
 9226    6523   786  6543  7527
 9227    6760  6436  6978  7555
 9228    3790  6731  6870  7028
 9229    3653  3896  3660  7351
 9230    1873  1863  6485  6796
 9231    4884  4895  4896  7480
 9232     703   438   439  6898
 9233    5344  5333  7012  7040
 9234    3324  3318  3367  7379
 9235    1454  1459  1457  7054
 9236    3905  3904  3907  7333
 9237    1066  1101  1067  6148
 9238    4215  4206  4204  6944
 9239    3592  3657  3583  7029
 9240    1689  1954  1959  6541
 9241    5658  5427  5659  6379
 9242    2110  2070  6703  6751
 9243    6019  6810  6899  7217
 9244     237   511   239  6067
 9245    4977  6914  7081  7349
 9246    3722  3721  6617  7560
 9247    5931  6174  6686  6790
 9248    5695  5703  6772  6955
 9249    3413  3831  6728  7199
 9250    2775  6351  6714  7413
 9251    2276  2468  7356  2283
 9252    6213  5962  6221  7029
 9253    2687  2817  6511  6865
 9254     771  1033  1035  7477
 9255     617   394  6968  7637
 9256    5976  5977  6198  6742
 9257    6938  5018  7073  7532
 9258    6349  6817  7138  7304
 9259     131  5716  6484  7552
 9260    1192  1196  1426  6923
 9261    5597  5571  5569  6961
 9262    6353  5882  6392  6859
 9263    5975  6139  6380  6399
 9264    6115  6270  6540  6765
 9265    6131  1139  6669  7018
 9266    2857  2856  6205  7642
 9267    6659  6538  6807  7262
 9268    2526  2461  2472  6349
 9269    2369  2368  2214  6811
 9270    5155  5144  5151  7345
 9271    4589  4593  4592  7620
 9272    2255  2256  2258  6448
 9273    1139  6131  6669  6850
 9274    3961  3960  3954  7344
 9275    6081  5922  6153  6719
 9276    4107  4109  6052  6128
 9277    5389  5383  5388  7508
 9278    6075  6024  6215  7563
 9279     745   974  6224  7527
 9280    5224  5226  5225  6620
 9281    6368  4594  6369  7557
 9282     919   918   917  7064
 9283    3988  3995  3994  6924
 9284    2587  2592  2589  7030
 9285    6234  6025  6597  6864
 9286    6679  6268  6901  7352
 9287    5710  5718  6895  7114
 9288    6090  6045  6206  6784
 9289    1193  1191  1188  6923
 9290    3223  2982  2986  7503
 9291    4599  4591  4590  7620
 9292    6908  6531  6999  7390
 9293    6321  2498  6684  7111
 9294     535   536  6191  7031
 9295     583   578   575  7078
 9296    4519  4392  6872  7494
 9297    2890  2875  6822  6830
 9298    5945  1739  6438  6476
 9299    1466  1239  7533  1231
 9300    3859  3858  3861  7507
 9301    5973  6165  7320  7562
 9302    4603  4590  6368  7620
 9303     541   673   431  6931
 9304    4855  4818  4482  7496
 9305    3069  3057  3070  6759
 9306    4252  4599  4589  7620
 9307    6449  5925  6813  6823
 9308    6037  6107  6410  6455
 9309    1285  1290  1286  7374
 9310    5751  6594  7172  7364
 9311    5909  6169  6324  7001
 9312    4593  4589  4590  7620
 9313    3305  3306  3578  7338
 9314    4985  4428  4987  7349
 9315    1103  1102  1104  6194
 9316    4351  4334  6340  6455
 9317     840   579   838  7149
 9318    4987  4428  4980  7349
 9319    1206  6264  6597  7462
 9320    1193  1194  1195  6923
 9321    5922  6345  6788  6863
 9322    3544  3549  3550  7340
 9323    6090  5539  5541  5540
 9324    2356  2358  2359  7509
 9325     425   452   453  6931
 9326    2084  2090  2091  7629
 9327     760   759   758  7209
 9328    1225  1223  1228  7510
 9329     835   849   844  7149
 9330    6334  6435  6512  7305
 9331    1482  1480  1472  7617
 9332    6274  6343  6725  7501
 9333    6147  6273  6362  6665
 9334    5949  5916  6085  6917
 9335    1861  1863  1862  7365
 9336    4483  4482  4449  7496
 9337    1234  1235  1233  6360
 9338    3550  3546  3630  7340
 9339    6125  6276  6456  7377
 9340     385   384  6648  7450
 9341     987   994  7049  7639
 9342    3084  3085  7147  7334
 9343    2231  2234  2240  6932
 9344    2931  2880  6695  7596
 9345    1325  1571  1322  6064
 9346    1722  1724  1737  7421
 9347    1333  1336  1338  6489
 9348    1346  1341  1342  7052
 9349     977   969  6574  7527
 9350    6037  5989  6135  6624
 9351     724   708  6757  6991
 9352    2571  2565  2570  6402
 9353    6411  3133  3105  7605
 9354     426   428  6524  7098
 9355    6312  6691  6957  7034
 9356    1424  1707  1423  7492
 9357    6137  6291  6834  7403
 9358    2309  2312  2310  6777
 9359    2587  2586  6954  7030
 9360    4755  4003  4005  6184
 9361    1419  1417  1416  6317
 9362     425  6931  7098  7498
 9363    5155  5154  5156  7345
 9364    4260  4255  4259  7586
 9365    1579  1606  1605  6925
 9366    1656  1651  1649  7501
 9367    5626  5629  5624  7623
 9368     594   603  6152  7008
 9369    2071  6363  1999  6446
 9370    5770  3268  6203  6238
 9371     881   875  7335   882
 9372    2179  2178  2177  6512
 9373    3334  3336  3335  6845
 9374     414   413   415  7498
 9375    5899  6075  6139  6525
 9376     751   753   745  7527
 9377    1216  1207  7131  1214
 9378    5838  5883  6236  6651
 9379    2359  2358  6800  7509
 9380    1906  1896  1902  7150
 9381    6343  1653  7289  7501
 9382    3349  3112  7357  7446
 9383    1989  1722  6810  7421
 9384    4688  4684  4686  7341
 9385    4690  4688  4689  7341
 9386    5126  5124  5123  7342
 9387    1058  1043  6391  1044
 9388    5986  5952  6159  7154
 9389    4993  4998  4989  6706
 9390    2465  2287  2462  6927
 9391    1991  1998  1989  7036
 9392    3330  3334  3324  7379
 9393    4101  4102  4098  6924
 9394    6381  6117  6421  6726
 9395    6391  6419  6829  6831
 9396    1121  1122   889  6570
 9397    5946  6515  6531  6976
 9398    1122  1091  6570  7635
 9399    1905  1896  1906  7150
 9400    4686  7170  7208  7341
 9401    2476  2462  6245  6942
 9402    3939  3959  4059  6248
 9403    1209  1208  6597  7370
 9404     483   755   486  6220
 9405    4206  4215  4208  7453
 9406    6134  5988  6524  7410
 9407    5384  5385  6327  6487
 9408    1579  1605  1639  6925
 9409    5761  5592  5760  6744
 9410    3146  3373  3372  7151
 9411    5930  6357  6443  6888
 9412    5579  5570  5581  6961
 9413    6251  6272  6364  7611
 9414    6180  5176  6450  7597
 9415    2487  2329  6186  7322
 9416    6497  2003  2069  7036
 9417    1297  1296  1302  7614
 9418    2744  7115  6701  2789
 9419    5844  5882  6219  6697
 9420    3733  3736  3737  7497
 9421    1989  6810  7019  7036
 9422    2749  2750  7266  7652
 9423    5930  6205  6266  7133
 9424     602  7149   834  6285
 9425     919   916  1295  6952
 9426    2829  2837  2838  6900
 9427    3435  3417  6628  7042
 9428    5897  5842  6088  6111
 9429    2894  2970  2880  6695
 9430    5113  4842  5105  6655
 9431    6098  6160  6289  7188
 9432     731  1263  1011  6906
 9433    3644  6187  6253  7254
 9434    4941  4938  7071  7405
 9435    4111  4113  4109  7571
 9436     929   924   928  6866
 9437    5210  5206  7238  7442
 9438    5996  6591  6617  7038
 9439    2474  2472  2455  6126
 9440    3920  3919  3613  7259
 9441    5023  6633  7283  7433
 9442    3417  3435  3426  7042
 9443    6328  5971  6513  7422
 9444    5525  5170  5524  7429
 9445    6078  5995  6149  7503
 9446    4419  4413  4410  6848
 9447    5163  5162  6207  7260
 9448    6569  6142  6664  7485
 9449    5947  6664  6911  6956
 9450    4326  4414  4413  6546
 9451     333   908   332  6452
 9452    6372  5257  7283  7433
 9453    4340  6154  7020  7080
 9454    2221  2223  2225  7091
 9455    4167  4168  7528  7646
 9456    6135  4067  7134  7576
 9457    4308  4302  4307  6506
 9458    4804  4798  4800  7575
 9459    4400  4399  6292  7176
 9460    4857  4494  4852  6575
 9461    1731  1730  1184  6438
 9462    5034  5041  5019  7039
 9463     689   687  6960  7319
 9464    2618  2614  2613  7415
 9465    6212  6086  7445  7622
 9466    4732  4727  4735  6901
 9467    1310  1345  6464  6778
 9468    6656  7219  7293  7593
 9469    1516  1517  1520  7566
 9470     284   278   319  7072
 9471    5407  5422  6269  6855
 9472    4607  4606  4605  7557
 9473    1442  1445  6977  7457
 9474    6172  4709  6740  6861
 9475    4902  4893  4897  7439
 9476    5703  5701  7229  7664
 9477    6612  4587  6640  7429
 9478    4683  4686  4684  7170
 9479    6291  6583  6612  6640
 9480    3854  3847  3850  6874
 9481    1653  6098  7150  7289
 9482    4196  4200  4202  7512
 9483       9     7     3  7048
 9484    4733  6268  6457  7352
 9485       8     7     9  7048
 9486    1151  1069  6377  7426
 9487    6305  5955  7145  7612
 9488    2133  2135  7537  7654
 9489    7455   778  7478  7588
 9490    2273  2270  6852  7058
 9491     146   149   148  6242
 9492     328   327   329  7440
 9493    4052  4056  4058  7576
 9494    2802  2801  7108  7645
 9495     364   369   370  7070
 9496    5338  5306  6786  7040
 9497    5072  5074  5080  7544
 9498    4862  4823  4856  6575
 9499    6375  1568  6688  7105
 9500    4552  5524  4785  7429
 9501    4922  4926  6536  7093
 9502    1478  1484  1474  7041
 9503    1851  1850  7228  7297
 9504    5556  5136  6180  6661
 9505    4113  3813  3812  7571
 9506    5848  5873  5912  6009
 9507    6054  5967  6119  6359
 9508    5525  5526  6229  7429
 9509    6656  6119  7182  7293
 9510    3894  3875  3888  6366
 9511    4587  4585  5524  7429
 9512    6439  6628  6672  7042
 9513    3929  3918  3921  7259
 9514    4489  4483  6821  7496
 9515    6042  4533  6781  7025
 9516     100   108  6333  6867
 9517    5687  5691  5685  7145
 9518     430   453   459  6931
 9519    2883  2558  2560  6822
 9520    1525  1509  1511  6835
 9521     136   133   137  7432
 9522     739   735   734  7258
 9523    5533  5511  5508  7570
 9524    2704  2705  2706  7430
 9525    3038  2738  6192  7270
 9526    4902  5009  4893  7439
 9527    1027  1278  1394  7269
 9528    1465  1469  1470  7043
 9529    6328  6009  5953  7525
 9530    6551  6065  6633  7433
 9531    2882  2552  7458  7547
 9532    5306  5343  5307  7040
 9533    4111  4110  4113  7571
 9534    2099  2082  6849  7044
 9535    3806  3808  3816  7571
 9536    2756  7413  2753  2754
 9537    5013  5017  6633  7433
 9538    1322  1320  6064  7065
 9539    1395  1353  1027  6983
 9540    5984  1607  6516  7492
 9541    1491  1504  1490  7487
 9542    5903  5972  6018  6038
 9543    5249  5244  5251  6998
 9544     296   299   298  7267
 9545    6118  6199  6924  7580
 9546     585   584   394  6648
 9547    5417  5687  5686  7145
 9548    4782  4783  4780  7139
 9549    1584  1576  1577  6688
 9550    5480  5479  5504  6886
 9551    4123  4107  6052  6356
 9552    6202  5857  6912  7333
 9553    5203  5239  6760  7433
 9554    6521  7051  7376  7611
 9555    5840  5837  5859  5864
 9556    4216  4219  6910  6944
 9557    1182  1180  1181  6287
 9558      48    47  7103  7233
 9559    4029  4055  4340  7020
 9560    5842  5885  5923  6129
 9561    2394  2780  6701  7109
 9562    6706  6490  6891  7081
 9563    1529  1527  1534  7332
 9564    5829  5832  5900  5996
 9565    6319  6252  6570  7045
 9566    3274  3292  3273  7097
 9567    6011  5952  7010  7056
 9568    6252  6501  6570  7045
 9569    6345  1251  6360  6755
 9570    5915  5867  5988  6763
 9571    4051  3939  4059  7331
 9572    5410  5649  7206  7284
 9573    3822  3823  3084  7147
 9574    6296  4949  6403  6679
 9575    5181  5185  5183  5976
 9576     442   182   183  7161
 9577    5906  6420  6521  7611
 9578    2673  2803  5985  6856
 9579      11   220  6614  7048
 9580    6178  6446  7019  7631
 9581    3404  3395  3428  7490
 9582    2961  3446  6832  7057
 9583    6428  5917  6802  6952
 9584    6297  6543  7002  7360
 9585    3536  3527  3537  7339
 9586    2555  2479  2478  6705
 9587    7028  4376  7443  7644
 9588    3564  3601  3766  7445
 9589    4440  4438  6400  7574
 9590    4856  4855  4494  6575
 9591     916   919   917  6952
 9592    5222  5476  5227  6620
 9593     967  6233  6520  7639
 9594    4143  4249  4139  6737
 9595    2886  2891  6830  6889
 9596    5456  5461  6881  7428
 9597    5836  5824  5872  5896
 9598    6233  6824  6866  7363
 9599    5911  5863  6706  7349
 9600    3788  3777  6494  6884
 9601    1064  7101  6148  7186
 9602    2050  2587  6519  6954
 9603    4257  6602  7307  7586
 9604    4318  5939  6577  6595
 9605    3451  4912  4914  6407
 9606    2190  2198  2193  7618
 9607    6596  2673  3152  3384
 9608    3664  3593  3662  7622
 9609    2069  6497  7036  7631
 9610    1146  1147  1145  6850
 9611    5898  6063  6065  7433
 9612    3227  3226  3230  7503
 9613     522   521   519  6694
 9614    1296  1295  6396  7614
 9615    3393  3415  6581  7193
 9616    3301  3306  3302  7338
 9617    3224  3232  3234  7503
 9618    4333  4328  4330  7336
 9619     469   463   468  7346
 9620    6551  6633  6938  7532
 9621    2462  2465  6927  6942
 9622    3321  3322  7032  7638
 9623     333   340   335  7160
 9624    5689  5690  7192  7398
 9625    1481  1485  1487  7617
 9626      35    34  5617  7325
 9627    4725  4728  6495  6901
 9628    2145  2156  2155  7250
 9629    6946  6469  7167  7529
 9630    5963  6534  6794  7258
 9631    3252  3244  3248  7141
 9632    2619  2631  7077  2623
 9633    4807  4809  4800  7495
 9634     876   875   883  7335
 9635    2596  2570  2595  6402
 9636    1592  1590  1594  7277
 9637    4372  4367  5818  7632
 9638     422   159   158  7144
 9639    4494  4493  4852  7496
 9640     463   494   471  7346
 9641    6894  6017  7420  7618
 9642    6376  6474  6845  7621
 9643    6513  6376  6845  7621
 9644    4212  4214  6687  7146
 9645    3639  3758  3632  6526
 9646    4390  4384  4385  7146
 9647    4649  4640  4651  6740
 9648    1857  2148  6311  7365
 9649    4756  4753  4759  6300
 9650    4686  4684  7170  7341
 9651     398   346  6717  6803
 9652    6048  4557  6910  7265
 9653    3491  3507  6716  7141
 9654    4982  4981  4980  7081
 9655    2084  2087  2081  7629
 9656     334  7011   288   291
 9657    6412  6439  6670  7141
 9658    4147  4140  7459  7608
 9659    2160  2217  6255  7200
 9660     159   144   158  7144
 9661     517   518   524  7626
 9662     468   465  7249  7346
 9663    1150  1201  7493  1074
 9664    6571  6106  6609  7482
 9665    6251  6119  6272  7611
 9666    2753  2755  7376  7488
 9667     873   859   713  6919
 9668    2526  2459  6349  7138
 9669    3488  3484  3489  7358
 9670    3223  3261  3224  5995
 9671     646  6016  7086  7407
 9672    1156  6377  6469  6947
 9673    4335  4333  4324  6430
 9674    6252   883  7120  7335
 9675    3298  3300  3302  7338
 9676    5850  6169  6268  7352
 9677    1360  1359  1607  7492
 9678    5942  5876  6182  6736
 9679    5417  5686  5655  7145
 9680    3745  3742  6724  7515
 9681    6137  4231  7231  7273
 9682    2889  2893  2886  6889
 9683    5127  5129  5128  6532
 9684    4183  4014  4194  6253
 9685    6320  6202  6912  7333
 9686    4798  4799  7047  4805
 9687    6118  6070  6902  7181
 9688    1950  1943  1948  7257
 9689    4143  4140  6737  7459
 9690    1359  1707  1703  7492
 9691    4098  5794  4100  7079
 9692     647   637   646  7086
 9693    2192  2196  2195  7618
 9694    1803  1802  7412  7550
 9695      40    37  5991  7325
 9696    6018  6193  6682  7048
 9697    5180  5177  5493  6027
 9698    5849  5841  5867  6641
 9699    4577  4795  4797  6445
 9700    5881  5833  6341  6684
 9701    2967  2899  6997  7400
 9702    3437  3491  6670  7141
 9703    2348  2347  2349  7027
 9704    6193  5756  7172  7640
 9705    4296  4314  4313  6595
 9706    5941  6162  6313  6941
 9707    4311  4323  4312  7601
 9708    5947  6142  6951  7485
 9709    5895  5916  6302  6382
 9710    5306  5338  5343  7040
 9711    2877  2879  6266  7596
 9712     855   854   858  7101
 9713    2910  2918  2909  6989
 9714    1589  1591  1590  7277
 9715    4355  4507  4505  6730
 9716    5834  5826  5844  5854
 9717    6645  6348  6979  7316
 9718    5277  5289  5291  7584
 9719    4413  4326  6546  6848
 9720    4131  4132  4128  7459
 9721    2747  2752  6779  7652
 9722    5834  5876  5915  6134
 9723    2431  2428  2430  7456
 9724    3413  3829  6044  6728
 9725    6226  4858  6575  7159
 9726    2922  2925  2930  7569
 9727    4552  4554  5524  7429
 9728    6459  6054  6580  7006
 9729    5848  5953  6044  6390
 9730    5269  5263  5261  6372
 9731    2662  2646  6709  7051
 9732    3416  6581  6690  7193
 9733    6446  2073  6751  7631
 9734    1552  1550  5811  7099
 9735    2112  2074  6751  7118
 9736    5742  5744  7640  5750
 9737    4119  4126  4124  6502
 9738    6011  5946  6057  6604
 9739    1282  1277  7018  7269
 9740    3002  3005  6406  7270
 9741     611   612  6968  7329
 9742    6983  6707  7016  7052
 9743    1354  1353  6983  7016
 9744    5679  5678  6600  7123
 9745    3062  3064  3065  6958
 9746    1590  1591  1594  7277
 9747    5751  5738  5586  6594
 9748    3155  2813  6856  7293
 9749    2721  2720  5813  7615
 9750    3179  3096  3095  7063
 9751    1023  1272  1028  7085
 9752    5956  5896  6013  6362
 9753    4137  4138  4132  6737
 9754    3362  3126  6656  6770
 9755    6002  6645  6695  7596
 9756    4930  4932  4933  7405
 9757    5160  5189  5164  6198
 9758    2059  2056  7026  7481
 9759    5952  5865  5955  5986
 9760     543   466   472  6936
 9761    1067  1073  1065  6829
 9762    5836  5960  5966  6178
 9763    2875  2889  2888  6830
 9764    6004  6868  7406  7622
 9765    5920  6188  6191  7031
 9766     258   256   257  6619
 9767    3908  3355  3618  6868
 9768    2951  2952  2944  6979
 9769    6420  6709  5919  7118
 9770    6409  6299  6481  7151
 9771    3891  4186  3892  7007
 9772    3308  3315  3041  6860
 9773    5897  6348  6645  7316
 9774    6253  5878  6451  6488
 9775    6268  5879  6774  6937
 9776    6526  6221  6590  7068
 9777    1413  1404  1403  7662
 9778    6288  6121  6560  6708
 9779    2112  2070  2110  6751
 9780    5950  2206  6170  6806
 9781    3642  3638  6221  7068
 9782    4021  4020  6488  6713
 9783    3275  3279  6203  5770
 9784     840   579  7149  7362
 9785    1057  1056  1059  6829
 9786    2974  2984  2976  6711
 9787    4695  4689  7208  7390
 9788    5924  6092  6127  6316
 9789    4920  4930  4921  6756
 9790    5753  5751  5586  6594
 9791    6453  6362  7295  7519
 9792    5849  5886  5943  6694
 9793    1376  1375  6702  7377
 9794    3887  6366  6526  7254
 9795    3830  3835  3836  7444
 9796    5847  5859  5998  6071
 9797    5871  6066  6458  7166
 9798    4045  4038  6554  7308
 9799    4474  6393  6698  6914
 9800     268   267  6282  7253
 9801    4857  4854  4853  6575
 9802    6460  4837  6655  6706
 9803     864   865  7045  7467
 9804    2185  2181  2183  7395
 9805    2962  3448  3446  7057
 9806    4620  6666  7582  7627
 9807    6619  6023  6650  6685
 9808    2615  2616  2617  7288
 9809    5865  5952  6057  6159
 9810    2514  2513  2524  7281
 9811    6111  6088  6645  6711
 9812    2849  2838  6900  7063
 9813    6404  6456  6702  7377
 9814     874   872   713  7335
 9815    6275  6294  6840  7621
 9816    2519  2514  2525  7281
 9817    3941  3944  3945  6183
 9818    5280  5279  6683  7205
 9819     115  6095  6867  7483
 9820    5378  5379  5103  6487
 9821     156   194   162  6114
 9822    3786  3829  3828  6044
 9823     873   862   860  6919
 9824      34    37    40  7325
 9825    1707  1706  1703  7492
 9826    3510  3252  3254  7141
 9827    5953  5971  6328  6390
 9828     322   324   319  7072
 9829    5067  5310  7010  7213
 9830     230   233  6766  7033
 9831    5876  5896  5915  5942
 9832    2203  6423  6509  7227
 9833    3216  3207  3214  7505
 9834    3921  3929  7259  7416
 9835    6235  5890  6627  7379
 9836     712   706  6392  6915
 9837    5265  5261  6468  7561
 9838    5297  5294  5291  7584
 9839     742   748   743  7360
 9840    3162  3179  3182  7063
 9841    4701  4708  4706  6768
 9842    5917  5894  6125  7529
 9843    1449  1442  1445  6977
 9844    5648  5633  5631  6791
 9845    6773  1530  6941  6981
 9846    4612  6286  6380  6820
 9847     913   909  6428  7064
 9848    6058  6347  6371  7191
 9849    2516  2514  2520  7281
 9850    6160  5966  6397  6559
 9851    6099  6471  6782  7654
 9852      70   315   277  6096
 9853    4213  4212  4208  7453
 9854    4453  6730  7371  7454
 9855     366   365  6615  7450
 9856    4338  4343  4342  7096
 9857    5671  5678  6195  6600
 9858    5050  5289  5275  7056
 9859    2738  3033  6192  7446
 9860    5906  7006  7288  7415
 9861     924   928  6866  6880
 9862    3396  3395  3399  7610
 9863    6035  5900  6043  6367
 9864    2220  2214  6869  7590
 9865    1826  6168  6550  6985
 9866    4784  4776  4777  6042
 9867    4743  4738  6172  6503
 9868    2440  6415  6432  6704
 9869    1317  1311  1313  7065
 9870    3899  3923  3905  7333
 9871    3991  3808  3806  7580
 9872    3717  3709  3710  7152
 9873    5425  5424  5986  6855
 9874    3694  3695  6101  6878
 9875    2082  2088  2080  6849
 9876    1930  1903  6098  7150
 9877    1374  1379  6883  7243
 9878     258   257   261  6619
 9879    1317  1313  1314  7065
 9880    3327  6845  7338  7638
 9881    3397  3395  3396  7610
 9882    4266  4270  6677  7542
 9883    6320  7259  7416  7502
 9884    5966  5905  6007  6160
 9885    4968  7539  7663  7665
 9886    5276  5275  5277  7584
 9887     772   771  6794  7477
 9888    3451  6296  6407  7057
 9889    3502  3497  3498  6646
 9890    2047  2049  2046  6988
 9891    4418  4425  4415  6676
 9892    1501  1691  6165  7441
 9893    5577  5578  5602  6046
 9894    2181  2170  6133  6435
 9895    5958  5941  6005  6626
 9896    2280  2269  2268  7058
 9897    2262  2258  2257  6586
 9898    1695  1693  6664  7598
 9899    5781  1552  5811  7099
 9900     897   895  6483  7120
 9901    5850  5879  6296  6403
 9902    4840  4842  6655  6858
 9903    1284  1289  1052  7167
 9904    4331  4351  6430  6558
 9905    6421  7309  7507  7628
 9906    1853  1870  1876  7074
 9907    6754  6084  7113  7566
 9908      41    35    38  7325
 9909     767   762   763  7209
 9910    5892  6001  6697  7072
 9911     838   842  7149  7362
 9912    2379  2378  6851  7436
 9913    3025  3032  6840  7606
 9914    2458  2446  2448  6862
 9915    5986  6159  6269  6855
 9916    6066  6589  7050  7166
 9917    2643  2616  2611  7143
 9918    6435  6431  7305  7350
 9919    3834  4583  4542  7444
 9920    5562  5557  6434  7592
 9921    6718  6320  7259  7416
 9922    4948  4918  6296  6403
 9923    1856  1854  6818  7365
 9924    3626  3633  7068  7389
 9925    1892  1881  1877  6903
 9926     616   612   618  7329
 9927     421   419   399  7060
 9928    2826  6222  6805  6900
 9929    3600  3317  7355  7406
 9930    6595  7336  7517  7601
 9931     940   944   938  7061
 9932    6347  6176  6371  7062
 9933    2879  2867  2878  7596
 9934    6162  6438  6440  6990
 9935     153   158  7144  7549
 9936    3182  3179  6809  7063
 9937    4503  4502  4501  7282
 9938    5696  5695  6772  6955
 9939    6687  3806  7571  7580
 9940    6188  5920  6354  7140
 9941    4320  4327  4318  6595
 9942    1904  1905  1906  7150
 9943    5211  5214  7238  7373
 9944    5917  6396  6952  7064
 9945    1313  1254  6723  7065
 9946    1896  1902  7150  7526
 9947    3307  3034  3033  6860
 9948    3466  3488  3475  7132
 9949    5847  5920  6023  6049
 9950    6020  5939  6595  6603
 9951    5889  5878  6020  6154
 9952    3813  4113  3816  7571
 9953    6031  6327  6487  7411
 9954    6474  6051  6993  7625
 9955    3971  3970  3784  6466
 9956    5160  5977  6198  6966
 9957     380   561   534  7066
 9958    4282  4294  5816  6555
 9959    2614  2708  6746  7415
 9960    5372  5376  5371  6649
 9961    1272  1028  7085  7269
 9962     946  1011  6802  6963
 9963    3283  3288  3024  6840
 9964    6025  1123  6234  6597
 9965    1886  1879  1878  7451
 9966    5996  5936  6591  7038
 9967    1034  1008  7258  7477
 9968    4186  4180  4184  7007
 9969    5254  5029  5256  7283
 9970    3333  6513  6845  7422
 9971    2016  1512  1507  7447
 9972    5971  5953  6328  6513
 9973    3654  3546  6091  6221
 9974    6148  5864  6377  6947
 9975    1295  1303  7064  7614
 9976     593   589  6279  7602
 9977    1210  1209  1203  6597
 9978    4952    83  4953  6403
 9979     539   546   544  6936
 9980    6387  6177  7324  7434
 9981    1824  1825  2015  6168
 9982     228  6650  6766  7604
 9983    6381  6138  7321  7323
 9984    1585  1586  1305  7184
 9985    6122  5866  6533  6636
 9986    2902  2899  6088  7112
 9987    2959  2996  2960  6371
 9988    1785  1784  1787  6816
 9989     456   449   455  7035
 9990    6270  3995  6924  7580
 9991    2870  2871  7055  7252
 9992    5996  6263  6421  7309
 9993    1979  1699  1698  7485
 9994    1535  1537  1771  7332
 9995     936   938   992  6326
 9996    3904  4009  3907  7333
 9997    6159  5986  6658  6855
 9998    5207  7082  7238  5204
 9999    1869  1852  6692  6879
10000    3634  3632  3635  7068
10001    3759  3445  6587  7142
10002    2013  1977  2008  6662
10003    3095  3096  3091  7063
10004    6113  7348  7374  7529
10005    3795  3788  6494  6884
10006    6772  7145  7192  7464
10007    3940  3975  7197  7361
10008    3095  3103  3097  7063
10009    1681  1683  1680  6516
10010    6156  6790  7237  7647
10011    6477  5919  6709  7118
10012     726   724  6353  6991
10013    4625  4624  4628  7582
10014    6733  6223  7129  7139
10015    6088  2899  6997  7112
10016    2067  2066  7019  7631
10017    3728  3720  6617  7038
10018    6432  2440  6704  7401
10019    6071  5998  6285  6501
10020    1062  1060  1059  6829
10021    5019  5041  5040  6604
10022    5264  5270  6468  6683
10023    3489  3486  7089  7358
10024    6376  6370  6578  7165
10025    3575  3567  3569  6444
10026     598   581   576  7078
10027    6363  5835  6992  7107
10028    4671  6762  6774  7264
10029    1415  1148  1183  7285
10030    1991  1990  1998  7036
10031    4219  4222  4220  6910
10032    3077  3086  3078  7334
10033    6898  5918  7251  7427
10034    6267  6134  6913  7214
10035    7117  6839  7286  7497
10036    1713  6352  6516  7492
10037    6646  6412  6825  7089
10038    5638  5643  6957  7034
10039     517   516  7478  7626
10040    6255  6036  6934  7418
10041    5400  5292  5399  6598
10042    5349  5347  5334  7012
10043    2600  2602  6887  7577
10044    5936  5900  5944  5996
10045      33    58    47  6735
10046    3542  3544  3550  7340
10047     814   817   820  7187
10048    6599  6007  7053  7168
10049     637   639   646  7086
10050    2094  2095  2101  6849
10051    6482  6232  7028  7220
10052    5908  5914  5921  5969
10053    5277  5291  5294  7584
10054    3081  2674  2700  6336
10055    1664  1669  1668  7581
10056    4973  4969  7539  7663
10057    3533  3532  6657  7339
10058    2946  3204  3202  7394
10059    6260  5853  6277  7486
10060    6440  6162  6990  7368
10061    2094  2082  2093  6849
10062    5843  6043  6082  6173
10063    6349  6112  6416  6817
10064    4041  3996  6387  7308
10065    2907  2579  6710  6969
10066    6539  6411  6715  7108
10067    2978  2923  6480  6997
10068     536   530   537  7135
10069    5534  5535  5536  7448
10070    2004  2005  2009  7447
10071    5917  5846  5927  5934
10072    5942  6233  6326  7639
10073    1312  1255  1256  6755
10074    2515  2513  2516  7281
10075    1606  1602  1605  6925
10076    5118  5101  5116  7342
10077    4764  4763  4762  6647
10078    2262  1593  2258  7277
10079    5789  1409  7661  7662
10080    6139  6215  6250  7174
10081    5847  5920  6022  6634
10082    5862  5830  5890  6119
10083    7151  6303  7490  7610
10084    1141  1179  1142  7285
10085    4035  6124  7308  7568
10086    5870  6192  6582  7275
10087    1678  1672  1673  6569
10088    1808  1805  6785  7550
10089    3123  6627  7182  7593
10090    5740  5746  6881  7364
10091    5826  5952  5955  7185
10092    1087  1113  1112  5945
10093    3627  3628  3630  7389
10094     938   943  6326  7061
10095    5828  5880  5900  6043
10096    6358  6001  6611  7070
10097    5926  5853  6027  6229
10098     959   961  6913  7363
10099    4248  4225  5951  6602
10100    2693  1773  2691  6313
10101    1318  1347  1348  6081
10102    5520  5523  6612  7290
10103    6112  6126  6432  6562
10104    1316  1317  1315  7065
10105    6388  6507  6648  7637
10106    6370  6444  6474  7466
10107    2131  2372  7318  7654
10108    5618  5619  6791  7623
10109     872   873   713  7335
10110    3147  3146  6481  7151
10111    6988  6519  7026  7225
10112     682   635   423  6524
10113    3295  3302  7084  7338
10114    3082  3087  3079  7334
10115    5576  5575  5573  7393
10116    4929  4966  6741  7522
10117     796   788   832  7455
10118    6389  5884  6391  7477
10119    2993  2994  2995  6347
10120     835   602  7149   834
10121    6518  2626  6851  6954
10122    5842  6108  6275  7621
10123    7200  2161  2162  2165
10124     448   197  6605  7035
10125    6039  6114  6576  6922
10126      25    44    23  6258
10127    4465  4464  4453  7454
10128    2638  2608  2637  7343
10129    4101  3994  4102  6924
10130    5563  5565  5729  6434
10131    5913  5946  6515  7185
10132    4912  3451  4908  6407
10133    2758  2719  2717  6459
10134    3295  3328  3302  7338
10135    1134  1275  1131  6669
10136    4096  3991  4383  7580
10137    1708  1707  1420  7585
10138    5119  5101  7411  7518
10139     369   372   371  7070
10140    3759  3763  6155  6587
10141    6039  6006  6505  7498
10142     922   925   728  6991
10143     895   926   932  6483
10144    1106   519  6694  7315
10145    6060  5904  6172  6322
10146    7275  3600  7355  7406
10147    5733  5734  5728  7337
10148    6787  6331  6948  7299
10149    6091  5970  6370  6578
10150    4948  4917  4949  6296
10151    6604  5019  7039  7073
10152    5902  5849  5926  5940
10153    2336  1968  6422  6789
10154    3629  3633  3635  7068
10155    5759    26   218  6682
10156    2032  2033  2034  6462
10157    1740  1175  1739  6438
10158    5878  5939  6020  6603
10159    2476  2481  2480  6321
10160    6767  6507  6798  6968
10161    2236  6545  6678  6934
10162    1305  1306  6396  7614
10163    2789  2781  2788  7115
10164    5892  5854  6280  6538
10165    5863  5826  5902  6021
10166    1543  1539  1542  7255
10167    1434  6302  6344  6975
10168    4785  5170  6146  7429
10169    6806  6448  7062  7600
10170    2158  2160  6255  6823
10171    4215  4216  4218  7453
10172    4213  4208  6522  7453
10173    1739  1740  6438  6476
10174    3601  6086  7434  7445
10175      35    36    38  7325
10176    6373  6222  6539  6900
10177    5728  5735  5729  6427
10178    5860  5870  6004  6192
10179    6410  6037  6455  7454
10180    1507  1757  6550  7163
10181    3661  3646  3645  6213
10182    3383  6035  6179  6303
10183    4321  4322  4309  7080
10184    6654  6202  6912  7502
10185     778   785   781  7588
10186    5826  5853  5863  5902
10187    6471  6099  7318  7654
10188    6195  6079  6378  6600
10189    7022  6510  7242  7512
10190    2568  2293  2569  7062
10191    2596  2591  2629  6304
10192    6432  6316  6562  6704
10193    6349  2528  6817  7304
10194    4230  4235  6834  7231
10195    4970  6490  6940  7539
10196    6119  5985  6251  6508
10197     444   436   474  6939
10198    3022  3031  3027  7540
10199    4030  4032  7230  7296
10200     577   573  6634  7078
10201    1870  1867  1875  7074
10202    4927  4928  4921  7093
10203    1607  1680  1609  6273
10204    2649  2644  5812  7376
10205    3283  3024  6275  6840
10206    4766  4511  4761  6601
10207    1507  1512  7402  7447
10208    6035  6179  6361  6967
10209    4977  4834  4978  7081
10210    5410  5644  5649  7284
10211    1185  1184  1183  7285
10212    2282  2437  6681  7075
10213     461   496   494  6699
10214    3303  3300  3298  6993
10215    4205  4110  6128  6687
10216    5558  5560  5561  7592
10217     213    26  6433  7033
10218    1583  1801  1803  7412
10219     935   942   945  7061
10220    5230  5162  5234  6436
10221    3949  3948  7197  7222
10222    2950  6111  6711  7471
10223    4571  4536  6240  6445
10224    1268  1266  1262  6276
10225    3217  3221  3220  7595
10226     886   884  6231  6319
10227    4054  3937  7156  7643
10228    4117  4118  4121  6726
10229    1813  1812  1807  6785
10230    6094  6230  6363  7107
10231    6992  2639  2363  2365
10232    4007  4004  4170  7378
10233    4900  4899  4898  6999
10234    6310  5949  6597  6864
10235     773  6389  6571  6629
10236    5832  5928  5885  5838
10237    2619  2621  2623  7077
10238    6824   684  6913  7214
10239    2092  2079  2121  6449
10240    6515  4929  6756  7405
10241    6136  5928  6203  6657
10242    1169  1190  1488  7113
10243    5956  6010  6289  6725
10244    2182  2199  2183  6133
10245     624   643  6876  7211
10246     241   514   515  6752
10247    2613  2609  7288  7415
10248     403   404  6643  7211
10249    5690  5686  5685  7398
10250    6293  6940  6986  7185
10251     789   787   788  7455
10252    2378  5801  2383  7558
10253    4055  4342  4340  7020
10254    1141  6850  7196  7285
10255    1075  1078  1071  6947
10256    5710  5718  6484  6895
10257    3088  6205  6266  6337
10258    6432  6862  7075  7401
10259    6528  5888  6700  7569
10260    6108  5842  6225  6997
10261    6118  6070  6199  7580
10262    4761  4511  4763  6339
10263    1927  1921  1925  6509
10264    5991  5903  6038  6045
10265    5688  5666  5659  7287
10266     786   790  6621  7535
10267    3578  3301  3335  6845
10268    3215  3207  3212  6857
10269    4554  4555  4546  7076
10270    5272  5532  5535  7157
10271    6085  5916  6610  6917
10272    4448  4483  4449  6424
10273    2998  2991  2992  7191
10274    5853  5954  6232  6277
10275    3778  3777  6093  6877
10276    1369  1373  6489  7380
10277    3275  3533  6657  7339
10278    5947  5877  6103  6290
10279    6607  6246  7128  7412
10280    2347  7027  7343  7577
10281    4700  4710  4707  7003
10282    4965  4959  4964  7522
10283    5877  5910  6290  6518
10284    4548  4556  4788  6647
10285    3334  7032  7379  7638
10286    3440  3433  6628  7484
10287    4504  4760  4763  6339
10288    6491  1928  6509  7227
10289    2189  1912  7153  7618
10290    3522  6236  6254  6590
10291     728   925  6736  6991
10292    4107  4123  6052  6257
10293    7344  3934  7392  7502
10294    1238  1239  1240  7636
10295    6627  3360  6656  7593
10296    1425  1196  1194  6923
10297    5697  5700   145  6585
10298    5836  5851  5966  6007
10299    3201  3099  6161  7059
10300    1212  1213  1227  6310
10301    5849  5933  6080  6306
10302    5930  5843  6161  6373
10303    3486  6646  6825  7089
10304    6118  6826  6924  7292
10305    1258  1234  1251  6755
10306    6107  5839  6232  6260
10307    6757   713  6919  7335
10308    5869  6394  6738  7153
10309    5878  5857  5899  6253
10310    4258  6215  7174  7307
10311     625   633   632  6945
10312    2940  2937  2934  6792
10313     393   379   391  7189
10314    6261  6102  7126  7496
10315    4496  4775  4499  7025
10316    4216  4248  4219  6944
10317    5969  5864  5983  6084
10318     469   468  7249  7346
10319    6019  5836  6162  6750
10320    5122  5120  5443  7224
10321    4554  4552  4555  7391
10322    5204  5114  5135  7082
10323    4379  4403  6295  7176
10324    4212  4210  4207  7453
10325     225   212  6433  7604
10326     862   863  6797  7467
10327     575   578   580  7078
10328    2798  3138  6715  7108
10329    2537  2538  2539  6416
10330    5858  5831  5887  5975
10331    1968  1967  6422  7226
10332    3827  6728  7403  7444
10333    2115  2116  6813  7506
10334     101  6659  6807  7262
10335     355  6194  7009  7253
10336    3204  3205  3202  7394
10337    6091  5970  6221  6254
10338    3343  3347  3345  6517
10339     311    76   101  7262
10340    4065  4067  4069  6135
10341    4583  6583  6593  7444
10342    4096  4102  3994  7079
10343    6002  5897  6645  6792
10344    2815  2812  6508  7293
10345    5828  5846  5860  5877
10346    1691  6165  6565  6956
10347    4868  4863  4865  6693
10348    5377  5681  6305  7396
10349      18   198    21  6514
10350     662   705   668  6963
10351    6113  6946  7348  7529
10352    5398  5405  7166  7633
10353    3143  3371  3373  7151
10354    4800  4809  4811  7388
10355    4817  4816  6636  7388
10356    3881  6366  6442  6843
10357    1148  1149  1144  7285
10358    1569  1568  6375  7105
10359    5091  5093  5092  7155
10360    5114  5130  5135  7082
10361    4433  4671  4663  7264
10362     788   778  7455  7588
10363    3658  3646  3661  6606
10364    4206  4205  4204  7453
10365    6375  1575  6785  7550
10366    6807   113  7207  7330
10367    4604  4615  4616  7557
10368    3935  4049  6912  7589
10369    5914  6329  6404  6702
10370     528   234  6049  7554
10371     222   216   221  7033
10372    5932  6291  6612  7231
10373    4510  4370  4378  7644
10374    5276  5282  5281  7205
10375    4553  4545  4547  7076
10376    5868  5909  6201  6226
10377    3172  3141  3170  6962
10378    1647  1646  6725  7501
10379    4569  4574  6240  6283
10380     467   465   468  7346
10381    4855  4820  4818  6549
10382    3692  6035  6101  6909
10383     658   653   655  7407
10384     395   392   396  7189
10385     698   705   701  6963
10386    5854  5865  5903  6185
10387    3666  4000  3999  7378
10388     731  1014  1263  6906
10389    1375  1377  1366  7650
10390    5100  5447  5103  7411
10391     321   348   323  6758
10392    4023  4024  4013  7643
10393    1420  1707  7492  7585
10394    6100  6085  6610  7043
10395    5993  6325  6552  6554
10396    3102  3099  3103  6478
10397    4594  4593  4590  7620
10398    6507  6968  7637  7655
10399    2405  2408  6560  7130
10400    6040  6055  6301  6449
10401    5948  6216  6779  7266
10402     176   184   186  6171
10403     498   499   779  7194
10404    3574  3575  3577  7466
10405    1639  6274  6925  7409
10406    1833  1822  1790  6985
10407    4003  4179  4178  7256
10408    5982  5950  6519  7026
10409    3014  3017  3016  6480
10410    6431  6512  7305  7350
10411    2616  2647  6459  6521
10412    4121  4120  6502  7459
10413    6684  6341  6710  6969
10414    4252  4597  6048  7620
10415    6505  6219  6524  7060
10416    1657  1661  1660  6579
10417    5925  6449  6471  6823
10418     988   991  6719   993
10419    5924  6040  6288  6668
10420    5136  5134  6661  7592
10421    4271  4269  4268  7475
10422    2392  2390  7299  7382
10423    6331  6214  7216  7629
10424    3206  3429  6943  7347
10425    5126  5127  5124  7342
10426    2410  2405  6560  7130
10427    2597  2599  2352  7343
10428    1976  1696  1692  7598
10429      88   129    89  7083
10430     948   946  6802  7353
10431    1663  6147  6579  7581
10432    5826  5834  5845  5902
10433    1554  1526  6342  6773
10434    5381  5380  6487  7508
10435    3592  3583  6578  7029
10436    1171  1164  1162  7545
10437    2994  2568  6347  7062
10438    6528  6054  6969  7430
10439    6217  6771  7038  7046
10440    3282  3295  3290  7084
10441      23    44    30  6258
10442    4249  4241  7563  4265
10443    2637  2608  2597  7343
10444    4106  4124  4123  6726
10445    1938  1940  1934  7423
10446    4718  4742  6172  7239
10447    2417  2403  6708  6875
10448    6794  1034  7258  7477
10449     320   323   322  6758
10450    3146  3372  6409  7151
10451    5177  5170  5489  6027
10452    6024  5935  6139  6250
10453    6037  5989  6624  7210
10454    4117  3855  4118  6726
10455    3809  3808  6540  7571
10456    6448  6176  6806  7062
10457    4528  4527  7025  7244
10458    2039  2041  2043  6815
10459    2519  2845  2510  6145
10460    4361  4083  6731  7578
10461    5835  5833  6887  7027
10462     642   403   645  7211
10463    2381  2383  2384  7558
10464    6507  5882  6859  6945
10465    4827  4826  4858  6588
10466    1700  1678  1673  6720
10467    6157  6196  6872  7494
10468    6030  3491  6716  6808
10469    3754  3757  3758  6839
10470    1459  1471  1457  7054
10471    5874  6086  6177  6387
10472    1852  1843  6485  1853
10473    6228  6202  6320  7310
10474    3754  3639  5852  6526
10475    6443  6145  6888  6982
10476    6325  4042  6400  6554
10477    1972  6397  6497  7226
10478    6427  5728  6734  7337
10479    2629  6304  7030  7077
10480    6049  5920  7031  7554
10481    6709  6420  5919  7611
10482    4086  4093  4094  6918
10483    3320  3326  6465  7032
10484    6431  6435  6496  7451
10485    1882  6029  6894  7425
10486    1693  1623  6664  6720
10487    4067  4068  4066  7134
10488    2529  2533  2536  7304
10489    3757  3754  3864  6839
10490    6644  6169  7001  7476
10491    1888  1889  1887  7451
10492     358  1110  1109  6194
10493    2236  2243  2222  6678
10494    6320  7344  7392  7502
10495    6701  6437  7109  7115
10496    6589  5539  7050  7448
10497    4417  4416  6676  6848
10498     550   556  7088  7554
10499    5840  5934  6143  6499
10500    6020  6135  6154  7020
10501    1142  1178  1183  7285
10502    4207  4210  4211  7453
10503    4644  4656  6401  6848
10504    7015  6697  7189  7440
10505    6159  5392  6658  7154
10506    2226  6432  6678  7075
10507    4176  4173  4174  7013
10508    3005  3004  6860  7270
10509     961   963   920  7363
10510    3586  3585  6578  7165
10511    6236  3740  6724  7497
10512     740   760   758  7209
10513    6028  3686  6765  7017
10514    5304  5305  5300  7212
10515    3815  3816  3809  7587
10516     782   784  7360  7588
10517    4134  4204  6128  6944
10518    5603  5601  5604  6385
10519    1178  1185  1183  7285
10520    6841  6399  7354  7475
10521    1196  1192  1191  6923
10522    2445  2226  6678  7075
10523    5903  5856  6018  6050
10524    7001  6324  7155  7476
10525    3638  6221  7068  7389
10526    6031  5972  6034  6097
10527    4277  6677  7354  7475
10528    5966  6047  6559  6777
10529    4302  4301  4306  7087
10530    6195  6079  6653  7012
10531     507   764  5938  7088
10532    5312  5321  5318  7603
10533    2770  2775  6351  6714
10534     694   695  6913  6960
10535     560   553   554  7140
10536    4978  4979  4977  7081
10537    2170  2169  6435  7350
10538    2870  2854  7055  7133
10539    4280  4619  4277  7475
10540    4049  3937  6200  7156
10541    6179  3343  6361  6967
10542    5737  5564  6955  7337
10543    2227  2225  2223  7091
10544    6170  6414  6806  7227
10545    6150  5479  6500  6886
10546    4709  4743  6172  6740
10547    1462  1254  6100  6863
10548    6477  6637  6750  7118
10549    6652  5974  6781  7025
10550    5196  5194  5199  7543
10551    4205  4206  4211  7453
10552    4818  4855  6549  7496
10553    2825  2818  2820  7280
10554    6124  3949  6199  7197
10555    6413  2547  6822  7547
10556     916  6076   956   955
10557    1217  1212  6310  7131
10558    3869  6381  6417  7323
10559    3275  3277  3529  7164
10560    4508  4512  4506  7282
10561     224   218   223  7033
10562    2232  2186  2187  7395
10563    1197  1123  6025  6597
10564    5635  5643  6312  6957
10565    6806  2302  7227  7600
10566    3187  3201  3202  6907
10567    5666  5657  5658  7287
10568    2445  2443  7075  7401
10569     526   525   527  7135
10570    6171  6056  6614  7161
10571    2945  2943  2977  6645
10572    3138  6481  6715  7261
10573    6632  6037  7210  7419
10574    5718   169  6847  7114
10575    3985  3984  3990  6265
10576    1137  1141  7196  7499
10577    4489  4488  4487  7383
10578    2172  2167  7305  7350
10579    3441  3431  3439  7484
10580    1478  6405  7041  7065
10581    2167  2171  2178  7305
10582    3290  3299  3289  6993
10583     379   393   392  7189
10584    2651  2668  7376  7611
10585    5962  6606  6916  7351
10586    6249  1378  6569  6883
10587    4162  7242  7246  7321
10588    4286  4288  4291  7247
10589    1884  6796  7074  7451
10590    1744  1748  1742  7326
10591    5982  5950  6414  6806
10592    2165  2212  6934  5773
10593    1325  6064  6181  6405
10594    1705  1706  1708  7585
10595    1312  1247  1308  6778
10596    7357  6192  7367  7446
10597    1730  6072  6438  7572
10598    6034  6031  6374  6378
10599    5314  5319  5318  7603
10600    2097  2096  6331  6948
10601    1172  1492  1496  7487
10602    6513  5971  6845  7422
10603    1944  1943  6160  6559
10604    3824  4228  3826  7403
10605     526   532   256  7135
10606    4956  4955  4954  7609
10607    4004  4668  6184  7324
10608    1489  1496  1492  7487
10609    6821  4491  7314  7656
10610    1744  1741  1748  7326
10611    3911  3665  7222  7568
10612    2109  2105  2106  6703
10613    5510  5541  6090  7448
10614    3741  3745  3737  6839
10615    5372  6386  6649  7521
10616    3522  6236  6590  7117
10617    5959  3685  6909  7017
10618    1548  1549  1547  7255
10619    6340  4326  6430  7336
10620    2188  2199  6394  7395
10621     367   374   527  7135
10622    1524  1519  1523  6984
10623    5930  6002  6266  6337
10624    6113  1037  7348  7599
10625    1412  1411  6329  6404
10626    1051  1044  1060  6831
10627    2441  2433  2425  6704
10628    3664  3662  6212  7622
10629    5227  5219  6620  6696
10630     226   253   228  7604
10631    4460  4461  6893  7454
10632    5896  5915  5942  6520
10633    5672  5671  6195  6600
10634     759   760   480  6259
10635    6013  5956  6064  6405
10636    5298  5392  6159  6598
10637    4701  4706  4696  6768
10638    2530  2528  2459  7304
10639    4963  5913  6515  6940
10640    6482  6731  6918  7221
10641    1456  1545  1455  6344
10642    3757  3756  3758  6839
10643     380   592   561  7066
10644    3074  3068  3073  6759
10645    6109  5368  6994  7612
10646    5740  5746  5457  6881
10647    1163  1494  1293  6754
10648    2944  2952  2947  6979
10649    4756  4734  4757  6268
10650    1687  1714  6899  7217
10651    4859  4858  6575  7386
10652    6424  6102  6821  7496
10653     170  5718  6847  6895
10654    4935  4936  5035  6976
10655     593   590   588  7602
10656    5452  5444  5458  6881
10657    6515  6151  6741  6940
10658    4785  6146  7391  7429
10659    2074  2359  2361  6992
10660    4951  4950  6679  7609
10661    3587  3575  6444  7466
10662    2639  2366  2365  6992
10663     252   261   253  6650
10664    5283  5280  6683  7205
10665    4555  4549  4553  7076
10666    5373  5365  6305  7612
10667    6534  5894  6802  6963
10668     821   811   846  7186
10669     613   620   623  7655
10670    5898  5868  6008  6012
10671    2577  6341  6746  6969
10672    4047  4048  4046  7308
10673    2871  2869  2865  7252
10674    2763  2756  2761  7488
10675    6485  1852  6879  7092
10676    5910  6518  6701  7530
10677    4930  4927  4921  7093
10678    6367  6101  6412  7089
10679     281  6239  6556  7408
10680    6708  6331  7299  7382
10681    7011   334   288  7267
10682    6255  5964  6471  6823
10683    5516  5540  6090  7573
10684    2756  2760  2755  7488
10685    4491  4490  7181  7656
10686    6138  6075  6525  7563
10687    2036  2035  6462  6815
10688    5852  5832  5944  6590
10689    6171  6563  7161  7427
10690    3856  3857  3854  6874
10691    2062  2061  2091  7481
10692    4500  4509  4382  7220
10693    6107  5989  6410  6482
10694    4792  5172  5173  6616
10695    5709  5705  5711  7317
10696    6354   840  6542  7362
10697    3450  3442  3759  7142
10698    2745  2748  2733  7311
10699    2895  2905  2900  7112
10700    3953  6228  6638  7344
10701    2330  2342  6094  6422
10702    1293  1494  6673  6754
10703    6326  6233  7061  7639
10704    2831  2797  2833  7108
10705    6036  6869  7091  7418
10706     287   286   279  7408
10707    6002  6695  7023  7596
10708    6662  2014  6911  7551
10709    2760  2758  2647  7488
10710    3358  6980  7328  7406
10711    5060  5051  5059  7136
10712    6020  6135  7020  7096
10713    2234  2243  2237  6678
10714    5853  5848  5873  5912
10715     473   466  5978   472
10716      93    91  7207  7330
10717    6795  5475  5738  5469
10718    1343  1346  1342  7052
10719    5757     7  6193  6744
10720    5097  5098  5099  6327
10721    1569  1547  1539  7255
10722    3995  3987  3992  6270
10723    5458  5437  5451  6881
10724    2891  2898  2892  7112
10725    5287  6077  6468  6683
10726    5007  5008  5010  6551
10727    2747  2751  3106  7605
10728    2781  2784  2788  7115
10729    2364  2353  2343  6992
10730    6187  6366  6442  7007
10731    6328  3953  6638  7525
10732    5296  5392  6598  7154
10733     477   479  6220  7531
10734    5830  5842  5885  5890
10735    6093  3962  6877  7525
10736    4042  4047  4046  7308
10737    3189  3197  3194  6672
10738     201  5577  6641  7218
10739    4516  4526  4523  7095
10740    5865  5871  5903  6185
10741     612  6968   616   619
10742    5493  5180  6027  7137
10743    5855  5850  5909  6937
10744    2357  2363  2365  6992
10745    7661  1402  1410  7662
10746     840   837  6542  7149
10747    6469  6441  6492  7167
10748     940   938  6326  7061
10749    1395  1354  6983  7016
10750    4183  5795  6253  7291
10751    2728  5967  6461  6528
10752    4966  4933  4929  7405
10753    3054  3029  3022  7540
10754    1650  1893  7125  1651
10755     506   509  6068  6220
10756    6221  6526  6590  5962
10757     624   643   626  6876
10758     701   704  6971  7204
10759      66  5652    68  6659
10760    6141  3228  6262  6857
10761    5923  5995  6225  7471
10762    6360  6345  6529  6801
10763    4251  4250  4265  7307
10764    1291  1405  1403  7474
10765    5610  5609  5607  6885
10766     669   662  6963  7404
10767    2801  2831  2798  7108
10768    2903  2900  7112  2895
10769    1814  1818  1816  7128
10770    1405  1406  1403  7474
10771    5881  5843  5999  6112
10772    2902  2970  6088  6711
10773    2872  2875  6695  6822
10774    5937  5912  6593  7444
10775    6010  5931  6174  6607
10776    6239  6096  6312  7408
10777    2827  6357  6888  7613
10778    4670  5071  5070  7001
10779    6531  6749  6908  7093
10780    6148  7101  7472  6501
10781    3089  2860  6205  7642
10782    4679  4807  4680  6122
10783    6224  6233  6527  6913
10784    3668  3667  6212  6904
10785    4408  4399  4407  7176
10786     649   642  7086  7211
10787    4132  4138  4128  7106
10788    1052  1068  6469  6946
10789    5576  5574  5572  7393
10790    1830  1825  1826  6168
10791     203  5578  5577  6641
10792    1376  1375  1366  7650
10793     474  7161  6939   437
10794    5531  5536  7158  7448
10795    3083  1561  6987  7147
10796    1115  6964  1108  6827
10797    2246  2235  2248  6681
10798    2274  2249  2278  6681
10799    1358  1362  6665  7016
10800     409   400   401  6643
10801    3903  3897  3902  7399
10802    6575  6261  6693  7386
10803    6209  2884  2896  2911
10804     197   451   448  6605
10805    4262  4263  4270  7542
10806    2914  2897  7235  7438
10807    2292  2295  2300  7600
10808    2027  6055  6301  6671
10809    3374  3376  6179  6303
10810    1242  1243  6863  7636
10811     129    82   128  7306
10812    1649  1652  7289  7501
10813      81    79    85  7306
10814    6000  6055  6618  6671
10815    4351  4331  4344  6558
10816    4776  4533  4778  6042
10817     538   546   539  6763
10818    2807  2804  6508  6776
10819     411   636   645  6643
10820    5869  6017  6133  6599
10821    2178  2176  2177  7305
10822    3400  3405  6747  7610
10823    2587  2586  6519  6954
10824    6722  6562  6862  7075
10825     788   827   832  7653
10826    6606  5962  7029  7351
10827    5304  5300  5309  7212
10828    6539  6804  7108  7645
10829    2215  2211  2220  6869
10830    5844  5834  5854  5892
10831    4551  4403  4404  6295
10832    6073  6173  6373  6539
10833      85    79    88  7306
10834    4331  4335  4332  7397
10835    5998  6025  6234  6864
10836    2342  2351  2332  6094
10837    4592  4593  7240  7620
10838     284   278  7072  7408
10839     244   243  7119  7369
10840    5816  4300  6506  7087
10841    5975  6399  6535  7582
10842    3657  3655  6221  7029
10843    6916  3923  7333  7351
10844    3228  3198  6141  6262
10845     859   873  6797  6919
10846     404   403   407  7211
10847     431   459  6931  7098
10848     165   166   164  7104
10849     850   845   844  7101
10850    3949  3950  3980  7197
10851    5936  5900  6041  7504
10852    1138  1134  1133  7499
10853    3695  3696  3693  6878
10854    4684  4682  6472  7341
10855    6397  6160  6559  7226
10856    2784  2783  2782  7109
10857      50    52    55  7103
10858    1424  1416  1420  6317
10859    3259  3255  6238  6753
10860    1912  6599  7053  7651
10861    5916  5922  6345  6788
10862    2247  2246  2249  6743
10863    6211  4802  7139  7575
10864    4515  4564  4562  6872
10865    6019  6072  6352  7279
10866     998   999   997  7179
10867    5925  5921  6055  6550
10868    2676  2677  2672  7294
10869    4105  4384  6118  7079
10870     795  1129  6592  7196
10871    4051  4050  6200  7331
10872    6393  4840  6655  6858
10873     280   283  6556  7408
10874    5811  1550  6987  7099
10875    2733  2732  2731  7311
10876    6055  6301  6449  6849
10877    5880  6035  6043  6361
10878    4840  6393  6698  6858
10879    5091  5093  7155  7476
10880    5175  5179  5133  7524
10881    2950  2976  2984  7471
10882    1048  1046  1053  7599
10883    2440  2449  2441  7401
10884    3200  3207  3208  7394
10885    3698  3706  6959  7152
10886    6160  1964  7226  6799
10887    4140  6138  7459  7608
10888    4558  4564  4559  7469
10889    6410  6107  6470  6730
10890     527   525  6358  7135
10891    4266  4264  4267  7542
10892    5567  5561  5566  6434
10893    5161  5220  5151  6844
10894    4331  4332  4325  7397
10895     278   276  6096  7408
10896    5829  5899  6075  6139
10897    1079  1080  1084  6964
10898    3690  3691  3696  6878
10899    5933  5886  6194  6342
10900    5934  6143  6383  7100
10901    6329  1412  6404  6702
10902    6832  7057  7142  7169
10903    2308  2309  6777  7327
10904    3263  6149  7500  7616
10905    1011   732  6534  6963
10906    1568  1569  1570  7105
10907    5832  5852  6526  6590
10908     515   514   517  6752
10909    1167  1170  7113  7545
10910     546   538   741  6763
10911    2319  2318  2308  7327
10912    5834  5841  5849  5940
10913    3639  3887  3875  6366
10914    4929  4932  4745  6756
10915    2338  6186  6230  7027
10916    1438  5791  1437  7054
10917    6257  4106  6726  7198
10918    2187  2184  2188  7395
10919    5495  5496  5489  7232
10920    2953  3204  2946  7394
10921    3274  3262  6078  7500
10922    4664  4669  4663  7264
10923    6071  6252  6392  6919
10924    4332  4335  4324  7397
10925    2798  2802  2801  7108
10926    2981  2989  2982  7471
10927    6123  6585  7192  7287
10928    6140  5963  7209  7381
10929    5838  5825  5900  6043
10930    6041  6878  7152  7504
10931    2449  2443  2442  7401
10932    3363  3364  3370  6770
10933    6246  6375  6785  7412
10934     493   490  5893  6089
10935    6062  5972  6467  6573
10936    4149  3869  4151  6974
10937    5849  5886  5926  5943
10938    5871  5865  5903  6045
10939    2241  2247  2251  7303
10940     970   971   972  6520
10941    4453  4355  4505  6730
10942    2451  2469  6722  7075
10943    3205  3204  3208  7394
10944     841   813   840  6542
10945    4326  5939  6595  7336
10946     969  6486  6523  6621
10947     829   823   833  7653
10948    1652  1890  1653  7289
10949    6196  4538  6872  7094
10950    1205  1444  6712  7462
10951    4677  4609  4675  7170
10952    6879  1871  7074  7465
10953    3253  3260  3256  6753
10954      44   225   212  6433
10955    6599  5778  6738  7037
10956    5872  5891  5895  5916
10957    2670  2672  2677  7294
10958    2911  2496  2913  6989
10959     642   643   403  7211
10960      73    70  6280  7262
10961    6652  6196  6872  7094
10962    6350  5251  6760  6998
10963    4969  4968  7539  7663
10964    2416  2413  6315  6875
10965    2635  6521  6739  7051
10966    6211  6636  7047  7388
10967    5078  5073  6644  7001
10968    1710  1714  6352  6899
10969    5197  5233  5199  7543
10970    5472  5470  6696  6795
10971    1412  6329  6720  7245
10972    5917  6125  6276  7529
10973    6369  6368  7240  7620
10974    1966  1967  1970  7226
10975     547   548   693  6763
10976    1823  1830  1826  6985
10977    1653  1649  7289  7501
10978    5894  5884  7477  7529
10979    4437  4432  4434  6762
10980    2063  2064  2065  7216
10981    3097  3099  3175  6809
10982     578   580  7078  7362
10983    1107  1081  1088  6964
10984    2150  2159  7200  7312
10985     488   492   493  7194
10986     479   474   475  7531
10987     798   797  6323  7535
10988    2979  2974  2968  7400
10989    4097  4105  4104  7079
10990    3900  4015  3902  7399
10991    2057  2382  2056  7216
10992    4431  4437  4434  6762
10993     409   423   635  6524
10994    1783  1760  1753  7647
10995    4196  4195  7022  7247
10996    6226  5909  6324  6937
10997    3898  3897  7351  7399
10998    4608  4795  4578  6120
10999    1868  1866  6903  7465
11000     886   893  6231  6920
11001    5071  5089  5087  7001
11002    5850  5855  5993  6937
11003     636   411   410  6643
11004    6003  5896  6362  6453
11005    6256  5375  6557  7373
11006    3648  3640  3649  6213
11007    2332  2331  6094  6408
11008    6833  5957  7449  7664
11009    5056  5057  5054  6986
11010     811  7186  7187  7482
11011    4894  4884  4896  7480
11012    2843  2827  6357  6805
11013    4117  3855  6726  6874
11014    5736  5737  6955  7337
11015     827  7455  7478  7653
11016    2966  2972  2973  7400
11017    5968  6650  6685  7233
11018    5074  5072  7001  7544
11019    2988  2987  2986  6332
11020    4054  3937  4053  7156
11021     310  1550   309  6773
11022    6131  6104  6218  7285
11023    5878  6154  6537  7230
11024    5830  5827  5833  5862
11025     167  6418  6484  6847
11026    3806  3808  7571  7580
11027    1817  1636  1643  7641
11028    6470  6107  6729  6730
11029    6503  7349  4417  7607
11030     709   708   716  6757
11031    6024  6630  6944  7435
11032    6703  2067  7019  7631
11033    6244  6546  6676  7473
11034     435   446  6780  7024
11035    3321  3320  6465  7032
11036     708   709   724  6757
11037    2828  2826  6805  6900
11038    2675  2674  2676  6053
11039    3605  6950  7310  7392
11040    5973  6835  7320  7441
11041     508   501   500  6068
11042     225   253   226  6650
11043      21    19  6514  7102
11044    3075  3063  6298  6759
11045    6096   276  6312  7408
11046    1161  1166  6492  7113
11047    2050  2048  2052  6519
11048    1987  1988  6815  6951
11049    6327  6201  6588  7518
11050    3185  3177  3175  7171
11051    6067  5943  6189  6282
11052    4619  4278  7475  7582
11053    1639  1638  6274  7409
11054     858   854   853  7472
11055    5662    97  6538  7330
11056    6316  6112  6562  6817
11057    2612  2605  6746  6969
11058    6485  6796  6879  7074
11059    1571  1572  1487  7124
11060    5792  2127  6813  7000
11061    3770  3765  6587  7014
11062     649   644   637  7086
11063    5134  5559  5562  7592
11064    2721  2719  2757  7470
11065    4403  4551  4548  6295
11066    6155  6832  7057  7142
11067    3980  3989  6199  7197
11068    5714  5717  5718  7114
11069    1129   794   798  6592
11070    6127  5924  6288  6315
11071    5955  5986  6379  7612
11072    5909  6031  6327  7476
11073    4074  6118  6826  6924
11074    3997  3669  3996  6387
11075    4045  4043  4044  6554
11076    7539  6741  7663  7665
11077    2933  2931  6792  7596
11078    1053  6946  7348  7599
11079    7084  6840  7621  7625
11080    6549  6226  6575  7159
11081    5954  6146  7391  7486
11082     790   793  1020  6621
11083    2979  2987  2983  6332
11084    4834  4833  4835  6698
11085    4321  4325  6020  6632
11086    5536  5535  7158  7448
11087    6226  6588  6929  7386
11088    6200  3937  6912  7333
11089     172   171   175  7104
11090    6201  6532  6929  7278
11091     180   172  7104  7427
11092    3264  3263  3232  7500
11093    2731  2736  2624  7311
11094    3915  3916  6124  7292
11095    6019  5960  6397  7217
11096     897   896   884  6231
11097    4871  4864  4866  7129
11098    1666  1644  1663  7581
11099     883   875   882  7335
11100    6057  6350  6468  7283
11101    1263  1265   947  6906
11102    3164  3171  6674  7261
11103    4340  4309  7080  4321
11104    4092  4090  4059  6248
11105    4028  4026  4029  7296
11106    3807  3799  3800  7583
11107    2295  2563  2294  6806
11108    1015  1259  7374  7377
11109    6051  5885  6136  6572
11110     715  6736  6757  6991
11111    5930  6161  6478  7063
11112    5354  6653  6675  7040
11113    6469  1154  6492  7426
11114    5006  5021  5020  6938
11115    1011  6534  6802  6963
11116    6631  5321  6812  7213
11117     484   444   477  6939
11118    2639  2366  5835  7343
11119    3150  3148  6596  7219
11120    6725  6181  6925  7630
11121    6306  6592  6669  7196
11122    2620  5910  6355  7530
11123    4616  4615  6473  7557
11124    1850  7177  7228  7297
11125    4961  4721  4749  6322
11126    3374  6303  7151  7610
11127    4348  4336  4365  6624
11128    6118  7079  7146  7580
11129     856   871   869  6660
11130     961   691   690  6913
11131     436   437  6939  7024
11132    5853  5848  5937  6137
11133    5430  5453  5431  6034
11134    2492  2495  6321  7111
11135    4365  4350  4348  6624
11136    4515  4518  4392  6872
11137    5880  5993  6070  6199
11138    3144  3141  3173  6481
11139    6145  6112  6316  6982
11140    2408  2406  2407  6560
11141    5127  5129  6532  6573
11142    3233  3235  3236  6141
11143    6133  6017  6894  7618
11144    5498  5490  6561  7232
11145    2913  6684  6710  6989
11146    4798  4805  7047  7575
11147    6005  5953  6390  6596
11148    3933  3955  3956  7392
11149    3142  3372  6179  6409
11150    3669  3996  6387  7568
11151    2596  2590  2573  6402
11152    2703  2708  7415  7430
11153     750   969   749  6523
11154    4252  4599  6048  7586
11155    5226  5221  5217  6620
11156    5652    65    68  6659
11157    3326  3325  7032  7638
11158    3852  3854  7309  7507
11159    4039  3996  6387  6890
11160    6260  6277  6601  7486
11161    5596  5605  5595  6783
11162    5195  5007  5017  6882
11163    2816  2819  2687  6888
11164    5617    34  6885  7325
11165    1984  6911  6951  7272
11166    5260  5500  5249  7121
11167    2653  2107  6637  6930
11168    2763  2764  2759  6714
11169    7084  3328  7338  7638
11170    4824  5081  6549  7159
11171    5184  5185  5190  6882
11172    5938  5856  6563  7531
11173    5428  5421  6379  6855
11174    5858  5975  6740  7627
11175    5847  5876  5882  6071
11176    4320  4314  4312  7601
11177     616   617  7637  7655
11178    3581  6444  6578  7466
11179    2294  6806  7062  7600
11180    4824  5081  5089  6549
11181    6762  4433  6890  7264
11182    1921  1927  1924  6491
11183    5722  5717  5714  7114
11184    1323  1329  1327  7005
11185    5116  5095  5146  7278
11186    2033  2030  6170  6491
11187     187   182  6171  7161
11188    2866  2522  2545  6210
11189     166   173  6847  7104
11190    5644  5413  5650  6475
11191     995  1000  7049  7179
11192    3158  3150  6596  7219
11193    5754  5748  5756  6193
11194    5553  5555  6066  7050
11195    5203  5197  7543  7555
11196    4461  4452  7454  4460
11197    1807  1799  1788  7202
11198    6618  2020  6662  6671
11199    1743  1771  1767  6476
11200    5138  5134  5135  6105
11201    1739  1743  1740  6476
11202    3369  3337  3365  6770
11203     488   778   781  7478
11204    4528  4522  4529  7314
11205    6378  6034  6487  7424
11206    6918  6248  6995  7331
11207    5397  5542  7157  5543
11208     516   515   517  7478
11209    6560  6121  7130  7530
11210    2107  2661  2660  7118
11211    3275  3529  6203  7164
11212    7300  7054  7457  7479
11213    1566  1546  1540  7105
11214    4450  4446  4447  7574
11215     280    57   275  6556
11216    5842  5843  5897  5999
11217     406   402  6643  6803
11218    6134   679  6769  7657
11219    6354   800   799  7482
11220    5434  5432  5705  7317
11221    2193  2197  6133  7618
11222    2148  2141  2142  6933
11223     799   553  6354  7482
11224    4738  4737  6172  7607
11225    6331  6099  7044  7318
11226    2777  2778  6892  7115
11227    6453  6463  6983  7269
11228    2376  6811  2372  2373
11229    6851  2060  6948  7216
11230    5569  5568  5560  7592
11231    5084  5081  5082  6588
11232     889   852  6319  6570
11233    1261  1262  1266  6276
11234    3501  3514  6030  6808
11235    4888  4890  6548  7341
11236    3156  3154  2813  7293
11237    6225  5995  6275  6332
11238    2057  2379  2378  6851
11239    5936  6217  6825  7504
11240    4458  6244  6893  7359
11241    3127  3126  3118  7593
11242    6288  6127  6315  7375
11243    4073  4043  4037  7292
11244    2882  2884  2885  7458
11245    2781  2780  2394  7109
11246    5515  5513  5514  7223
11247    5538  5535  6163  7461
11248    3156  3155  3149  7293
11249    3127  3118  3154  7593
11250    4189  4190  7291  7594
11251    5106  5104  6567  7548
11252    6457  6644  6786  7476
11253    2153  2152  2151  7313
11254    5671  5668  5672  6195
11255    5308  5301  6675  7212
11256    6498  5841  6514  6922
11257    3154  3118  3119  7593
11258    1859  1883  6431  6796
11259    5869  5851  5881  5997
11260    1854  6818  7365  7624
11261    2977  6111  6348  6645
11262    2012  1977  6911  7272
11263    5033  5038  6398  7039
11264    7027  5835  7107  7343
11265    4089  4086  4094  6918
11266    3867  3851  6853  7507
11267     685   688  7274  7319
11268    6249  1916  6423  6509
11269    3838  3840  6591  7309
11270    5946  5952  6011  6057
11271    6017  6010  6029  7150
11272    2296  1585  1334  7184
11273    1782  1541  1775  7122
11274    2192  2195  6133  7618
11275    3891  3881  6366  7007
11276    4462  4455  4460  6893
11277    1942  1938  7188  7423
11278    1553  3083  1561  6987
11279    4615  4614  4612  6286
11280    2600  2601  2347  7027
11281    5138  5131  5141  7597
11282     796   832  6323  7455
11283    4462  4463  4456  6893
11284    5961  6128  6944  7106
11285     171   174   168  6418
11286    5354  5353  6653  7110
11287    4129  6356  6502  7106
11288     452   456   454  7035
11289    4135  4129  6502  7106
11290     714   632  6859  6915
11291    2778  2782  2409  6892
11292    4455  4462  4456  6893
11293     713   712  6392  6915
11294    1487  1562  1486  7124
11295    5707  5719  5706  7317
11296    4166  4167  7528  7646
11297    1854  1845  6818  7624
11298    2353  2354  2344  7107
11299    5134  5725  6105  6427
11300    4802  4772  6042  7139
11301    2831  2833  6900  7108
11302    2819  2818  6865  7280
11303    2657  2659  2646  7271
11304    1623  1695  1693  6664
11305    4461  4462  4460  6893
11306    3869  4118  3858  6421
11307    1712  1721  6899  7279
11308    6636  6122  7047  7495
11309    1042  6113  6125  6732
11310    1309  1308  1315  7173
11311    3432  3430  6628  6672
11312    2020  2011  6662  6671
11313    3734  3740  6236  7497
11314    3138  3130  2798  6715
11315    2475  2476  2494  6321
11316    2792  2795  7115  7116
11317    6548  6533  6636  7341
11318    1118  1119  1124  6625
11319    2937  3093  6337  7634
11320    6249  6059  6423  6489
11321    3996  3998  3997  6387
11322    3686  3680  3681  7017
11323    1017  1042  6113  6125
11324    6576  6039  6931  7498
11325    2845  2844  2517  6888
11326    3543  3542  6254  7340
11327    5079  5093  5091  7476
11328    2130  2153  2151  7313
11329    3677  3457  3453  6144
11330    2660  2661  2658  7118
11331    4474  4472  6393  6729
11332    4491  4495  4484  7314
11333    5260  5774  5500  7121
11334      71  5652    66  6659
11335    6146  4792  6616  7579
11336    4162  4191  7242  7594
11337    4498  4491  4522  7314
11338    2816  2827  2830  6888
11339    6360  1223  6529  7510
11340    4433  3996  4039  6890
11341    5652  6280    71  5653
11342    2574  2602  2604  6887
11343    6310  1227  6788  7510
11344    4492  4493  4497  7314
11345    6852  2273  7058  7153
11346    4591  6368  7620  7174
11347    1741  1746  1747  7326
11348     226   228   232  7604
11349    5383  5385  6873  7476
11350    2356  2660  2658  7118
11351    2602  2346  2601  6887
11352    4498  4496  4497  7314
11353    5331  5383  6873  7476
11354    2155  2150  2151  7313
11355     358   355  1110  6194
11356    6818  6790  7228  7624
11357    5874  6177  6587  7014
11358    4529  6652  7244  7314
11359    5886  5932  5943  6635
11360     621   627  6915  6945
11361     407   352  6643  7015
11362    1122  1120  1117  6625
11363    3344  3347  6517  7328
11364    6163  6063  6175  7121
11365    6040  6099  6449  6849
11366    5298  5394  5399  6658
11367    5354  5344  5353  7110
11368    2098  2102  2104  7044
11369    4669  4666  4005  7264
11370     756   759   754  7538
11371    6507  6876  6968  7655
11372    4433  4432  4671  6762
11373    6825  3494  7089  7504
11374    6868  6517  6980  7328
11375    5517  5608  5519  7223
11376    5615  5616  5610  6885
11377    5557  5559  5558  7592
11378     818  1064  1065  6148
11379    1223  1225  6529  7510
11380    1631  1630  6165  6956
11381    3673  3672  5793  6904
11382    6024  5829  6052  6117
11383     368   363   371  6611
11384       7  5756  5757  6193
11385    2001  1994  2003  6497
11386    2345  2349  2338  6230
11387    6496  6029  6879  6903
11388    2474  2477  6126  6705
11389    6456  6125  7377  7529
11390    2514  2510  2520  6145
11391    3509  3253  3504  6965
11392    5448  5450  5452  6881
11393     474   479  6939  7531
11394    1471  1459  6610  7054
11395    6115  5959  6199  6270
11396    5175  5133  5108  7524
11397    5731  5212  6734  7396
11398     595   594   597  6152
11399    2114  2660  2112  7118
11400    3877  3875  3894  6843
11401    2294  2295  6806  7600
11402    4528  4498  4522  7314
11403    1051  1050  1046  7599
11404    5334  5332  5331  7476
11405     214   215   213  7604
11406    3783  3782  6870  6884
11407     215   216   213  7604
11408    6168  6449  6985  7366
11409    1319  1310  6464  7173
11410    5874  5870  6058  6074
11411    6348  6979  7316  7394
11412      48    47    46  7103
11413     436   435  7024  5799
11414    4950  4956  6403  7609
11415    4560  4559  4561  7469
11416    2306  2294  7062  7600
11417    6470  6232  6482  7220
11418    5834  5841  5940  5957
11419    2915  3017  6480  7569
11420    5875  5881  6684  7111
11421    4557  4568  4561  7265
11422    1187  1168  1161  7113
11423    5897  5842  5999  6088
11424    5844  5847  5856  5859
11425    4261  7528  7563  7646
11426    2147  2144  2143  7313
11427    5973  5914  6329  6404
11428    5718   170  6484  6895
11429    2570  2566  2595  6402
11430    4336  4348  4070  6624
11431      40  5614    34  6885
11432    6138  4155  7563  7646
11433    5616  5613  5610  6885
11434    2799  2826  2797  7116
11435    5613  5609  5610  6885
11436    3812  4107  4109  6052
11437    5905  5956  6181  6362
11438    6541  6397  5960  7217
11439    1232  1225  1228  7510
11440    5675  5353  5669  7110
11441    5957  5907  6585  7664
11442    5051  5052  6032  6395
11443    5850  5837  5909  5972
11444    5935  5951  6048  6250
11445    5607  5629  5610  6885
11446    5629  5607  5624  6885
11447    5629  5615  5610  6885
11448    4102  4098  6924  7079
11449    2146  2153  2130  7313
11450    1171  1168  7113  7545
11451    2657  2646  7051  7118
11452    1974  1976  6956  7272
11453    6505   426  7060  7098
11454     168   131   167  6418
11455    1545  1544  6344  7255
11456    6393  4474  6729  6914
11457    5953  6627  6656  7182
11458    1847  1844  7228  7624
11459    3662  3909  7222  7622
11460    5616  5617  5612  6885
11461      14    19    21  7102
11462    3229  2984  2981  7471
11463    4655  4656  4661  6503
11464    1733  1175  1725  6438
11465    2149  2144  2147  7313
11466    1980  1984  6951  7272
11467      50    49    51  7103
11468    1924  2033  6170  6491
11469    6147  1611  6273  7021
11470    4563  4227  4559  7469
11471    1046  1050  1053  7599
11472    2939  3100  2941  7316
11473    2531  2535  2536  7304
11474    4559  4227  4561  7469
11475    2243  2236  2238  6678
11476    1871  1852  1869  6879
11477    5485  5487  6500  7463
11478    5731  5377  6256  7396
11479    1466  1450  5769  6085
11480    6425  6506  6530  6555
11481    3876  3877  3894  6843
11482    1582  1577  1574  6584
11483    3255  3249  6238  6753
11484    5887  6286  6472  6473
11485    2114  2110  6703  6751
11486    1927  1925  1926  6491
11487     603   602  6152  6285
11488    2891  2892  6830  7112
11489    5688  6123  7192  7287
11490    2543  2548  2549  7564
11491    3564  3557  3603  7445
11492     563   568   562  6188
11493    5965  6069  6079  6384
11494    5898  5866  5974  6636
11495    2745  2733  2742  7311
11496    6049   261  6619  6650
11497    6173  5860  6411  6779
11498    2626  6355  6518  6851
11499    4161  4192  7241  7246
11500     215   226   221  7604
11501     621   613  6945  7655
11502    5467  5219  5465  6696
11503    2244  2250  2226  6678
11504    3619  3975  6028  7361
11505    5411  5412  5415  7203
11506    1833  1851  1850  7228
11507     808   803   802  7482
11508    5206  5207  5205  7442
11509    2780  6701  7109  7115
11510    4435  4047  4042  7308
11511     616   618   622  7655
11512    2427  2434  2430  6704
11513     800   811   807  7482
11514    4145  4144  3883  7321
11515     139   138  7251  7546
11516    5368  6109  6649  7612
11517    2447  2450  6862  7401
11518    1345  6464  6707  7052
11519    3165  3174  3172  6962
11520    1940  7188  7257  7591
11521     806   810   802  7482
11522    3039  2739  2741  6346
11523    5721  5715  6689  7114
11524    1641  1864  1819  7125
11525    1230  1232  1229  7510
11526    6668  6708  6875  7318
11527    3828  3787  6044  6494
11528    2034  2033  6170  6462
11529    4741  4737  4736  7607
11530    4741  4736  4984  7607
11531    6401  4656  6503  6848
11532    2129  2137  6471  6823
11533    2490  2492  6927  7111
11534    5898  6198  6966  7260
11535    1227  1230  6788  7510
11536    3511  3503  3499  6547
11537    6306  6080  6323  6544
11538    5368  5326  6994  7612
11539    6026  5991  7248  7384
11540    5980  3619  6144  6190
11541    2500  2495  2499  7111
11542    5460  5455  5474  7428
11543    4995  4990  5820  7619
11544     553   801  6609  7482
11545     803   800   802  7482
11546    5695  5699  7464  5702
11547    3772  3768  3769  6587
11548    2614  2618  2703  7415
11549    2706  2704  7430  7491
11550    5368  5367  6109  6994
11551    5694  6734  6772  7396
11552    6334  6512  6545  6613
11553    6278  6148  6377  6947
11554    6010  5869  6017  6174
11555    6357  5930  6443  7067
11556    2669  6251  6508  6776
11557    1630  6664  6956  7598
11558    2269  2280  2277  7058
11559    5395  5393  5408  6658
11560    3799  3798  3800  7583
11561    4443  4488  6424  7383
11562    6926  4984  4967  4983
11563    2575  2500  2499  7111
11564    6354   553  6609  7482
11565    3045  3055  3046  6461
11566    2300  2295  2294  7600
11567    5095  5082  6588  7518
11568    6741  6322  7522  7663
11569    3693  3678  3695  6878
11570    2796  2792  2791  7116
11571    2500  2498  2494  7111
11572    4035  4038  4036  7308
11573    2490  2486  2489  7111
11574    2489  2486  2499  7111
11575    4039  4040  4435  7308
11576    4038  4045  4036  7308
11577    3696  3694  3690  6878
11578    4220  4226  4223  6910
11579     384   584   385  6648
11580    2101  2095  6099  6849
11581    6541  1939  7516  6799
11582    1236  1243  1240  7636
11583    2379  6851  6948  7436
11584    1955  1953  6397  7217
11585    6205  5930  6357  7067
11586     579   838  7149  7362
11587    4226  4220  4222  6910
11588    5955  5907  6379  6855
11589    5861  6341  6684  6969
11590    5635    58  5627  6735
11591    2500  2575  2497  7111
11592     137   139  7251  7546
11593    3441  3440  3477  7484
11594    4738  4736  4737  7607
11595    2915  6480  7235  7569
11596    6494  3777  6877  6884
11597    2952  3199  2953  6348
11598    4449  4818  4450  7126
11599    3155  2813  6508  6856
11600    4837  5002  6706  6891
11601    5241  5228  6760  6998
11602    5488  5487  5486  6500
11603    6797  6152  6919  7467
11604     360   359   358  7009
11605    4375  4369  4363  7443
11606    4378  4375  4376  7443
11607    3688  3682  3683  7017
11608     104   107  6095  7483
11609    1820  1816  1818  7128
11610    2905  2906  2900  6896
11611    2905  2923  2906  6896
11612    4819  6549  4824  7126
11613    7242  6442  7246  7321
11614    4157  4162  7246  7321
11615     104   115   111  7483
11616    5205  5207  5726  7442
11617     666   664  6383  7404
11618    6771  6591  7046  7560
11619    1211  1224  1213  6864
11620    6006  6039  7144  7498
11621    5020  5026  5028  6938
11622    1641  1818  7125  7128
11623    3725  3840  6591  7560
11624     808   804   801  7482
11625     803   801   799  7482
11626    3004  6860  3035  3036
11627    6968   616  7637  7655
11628    6272  2753  7376  7488
11629    5420  6379  6855  7612
11630     111   110   112  7483
11631    5206  5768  7373  7442
11632    4818  4819  4450  7126
11633    4445  4670  4444  7126
11634    6525  6677  7542  7563
11635    3387  3152  3384  6596
11636    6725  6274  7501  7641
11637     111   115   110  7483
11638    4737  4741  4747  7607
11639    1499  1489  1493  7320
11640    3279  3277  6203  7164
11641    6480  2923  6896  6997
11642    6608  6294  6700  7540
11643    3454  3383  6035  6967
11644    3729  3838  6591  7309
11645    6077  6057  6468  6683
11646    2822  2409  2410  7130
11647    6068  6015  6220  7531
11648    6063  6760  6838  7121
11649    5875  6365  6927  7322
11650    6029  6343  6607  6903
11651    1710  1712  1709  6899
11652    1718  1998  1717  6899
11653    4193  4192  4191  7242
11654    4953  4954  4952  6403
11655    5744  5743  5747  6727
11656    3183  3097  3175  6809
11657     424   419   417  7060
11658    1975  1976  7272  7598
11659    3470  3471  3689  7132
11660    1935  1933  7423  7591
11661    3820  3814  3810  6928
11662    5553  5555  5554  6066
11663    6662  6000  6671  7551
11664    5582  5487  5484  7463
11665    5866  5831  5887  6531
11666    4973  4974  7522  7539
11667    4157  4156  4162  7321
11668    2374  2219  2412  6668
11669    3890  3875  3887  6366
11670    6146  6616  7468  7486
11671    5922  6345  6723  6755
11672    2634  2639  6739  7143
11673     218   217  6682  7033
11674    6169  5850  6268  6937
11675    6188   562  6634  7031
11676    3675  3677  6909  7017
11677    1697  6569  6664  7485
11678    4503  4510  4509  6470
11679    5827  5848  5862  5890
11680    6834  4234  7403  7444
11681     421   422   420  7060
11682     460   451  6605  7417
11683    5989  5889  6037  6135
11684    4230   302  7231  7273
11685    4795  6120  6122  6283
11686    1430  1429  6975  7566
11687    5579  5580  5575  6046
11688    5171  5168  5178  7579
11689    1505  1513  2004  7441
11690    1691  1498  1506  7441
11691    4956  4950  4946  7609
11692    2662  2651  7376  7611
11693    2093  2080  6301  6849
11694    4011  4010  6451  6537
11695    1607  1681  1680  6516
11696    1208  1207  7131  7370
11697    6104  5945  6218  6287
11698     967   968  6233  7363
11699    6722  6862  7180  7401
11700    2423  2422  6288  7375
11701    6100  1311  7041  7065
11702     884   879   897  7120
11703    2411  2404  6288  6708
11704    3998  3997  6387  7324
11705    1820  1819  1821  7128
11706    6316  6112  6432  6562
11707    5949  6264  6712  7462
11708    6006   421  6717  7060
11709     858   857   851  7101
11710    6339  6232  6470  7220
11711    4885  4894  4890  7480
11712    6264  6084  6975  7566
11713    2702  2617  2717  7006
11714    5862  5966  6178  6750
11715    6341  2583  6969  2577
11716    3590  3580  3591  7165
11717    5670  5680  5673  7123
11718    1342  6707  6983  7052
11719    5965  5994  6675  7212
11720     175   180  7104  7431
11721    3679  3682  6909  7017
11722    2436  2435  2434  6704
11723     402   399   401  7060
11724    6748  6084  6754  7566
11725    3665  3669  6904  7568
11726    4525  4526  4103  6902
11727    1818  1641  1819  7128
11728    1169  1187  6923  7113
11729    4700  4699  4710  7003
11730    1270   947  1265  6906
11731    4582  4584  4580  6640
11732    3032  3030  6840  7606
11733    6401  5858  6740  7301
11734     532   526   527  7135
11735    4416  4419  4420  6676
11736    5645  5646  5654  7284
11737    6008  6087  6467  6696
11738    3878  4144  3879  7321
11739    4940  4941  7071  7405
11740    5455  5460  5456  7428
11741     336  7011  7083  7160
11742    6089  5893  6641  6752
11743    2895  2903  2904  7438
11744    2643  2642  2633  7143
11745    6370  5970  6376  6578
11746     399   398   343  6717
11747    6043  6299  7151  7387
11748    1717  1709  1718  6899
11749    3187  3202  3203  6907
11750    3883  4156  4157  7321
11751    1700  1698  6569  7485
11752    3884  3881  4156  7321
11753    6775  6400  6821  7383
11754    6097  6034  6374  6493
11755    6556  6312  6685  6735
11756     203  5577   201  7218
11757    6506  6828  4307  6577
11758    4395  3794  6494  6884
11759     154   163  6114  6498
11760    1746  1741  1750  7326
11761    4041  4035  7308  7568
11762    1748  1734  1726  7326
11763     530   536   531  7135
11764    2668  2753  7376  7611
11765    1050  1051  6946  7599
11766    3669  3665  3913  7568
11767    1721  1719  6899  7421
11768    6089   248  6752  7119
11769    4930  4931  7071  7405
11770    1793  1798  7092  7202
11771    4732  4951  6679  6901
11772    2061  2054  2091  7481
11773    6816  1755  7122  7647
11774     234   235  6049  6766
11775    7071  6756  7093  7405
11776    5619  5546  6066  6639
11777    6065  6429  6551  6604
11778    3883  3878  3884  7321
11779    5006  5018  5021  6938
11780    6117  6381  6421  6974
11781    5194  5198  5202  7543
11782    2540  2539  2541  7564
11783    1993  1995  1994  6497
11784     430   453  6931  7098
11785    4747  6172  7607  7665
11786    5392  5424  5986  7154
11787    1641  1817  1640  7125
11788    2530  2459  6349  7304
11789    2424  6415  7456  7541
11790    6174  6431  6496  6796
11791    5973  6084  6748  6835
11792    2563  2291  2044  6208
11793    3902  3901  3906  7399
11794    2882  2496  5787  7458
11795    4037  4038  3916  7292
11796    2484  2496  2882  7458
11797    4099  4037  4034  7292
11798    6157  6120  6283  6445
11799    6235  6119  6298  6351
11800    6549  6226  6937  7126
11801    3384  6596  6690  7567
11802    1489  1493  7320  7487
11803    4073  4037  4099  7292
11804    2498  2496  2484  7458
11805    3949  3915  6124  7292
11806    5950  6166  6170  6462
11807    2048  2052  6519  7225
11808    3642  3638  3645  6213
11809    3125  3119  3124  7593
11810    3043  3051  3048  6461
11811    6099  2101  6849  7044
11812    2867  2872  2873  7023
11813    1819  1641  7125  7128
11814    3731  6591  6617  7515
11815    6130   496  6699  7523
11816    3053  3050  6461  7536
11817    3547  3654  6091  6578
11818    6165  1630  6664  6956
11819    3629  3750  6590  7068
11820    2532  2501  6335  7281
11821    2591  2629  6304  7030
11822    2285  2284  7263  7372
11823    3907  3899  6916  7399
11824    6041  6101  6878  7504
11825    6417  3872  6843  6853
11826     324   391  7072  7440
11827     460   469   457  7249
11828    6020  6037  6430  6455
11829    5973  5969  6084  6835
11830    3750  6590  7068  7286
11831    1147  1144  1145  6850
11832    5304  5309  5994  7212
11833    5335  4944  4733  7352
11834    6284  6118  7146  7580
11835    4579  5520  5523  6612
11836    4929  4745  6322  6756
11837    6839  6237  7117  7286
11838    4977  6244  6914  7349
11839    2176  2186  2239  6613
11840    3697  3701  3707  7152
11841    5043  5278  6398  5283
11842    1407  1015  1286  7374
11843    5492  5496  5495  7232
11844    5920  5859  6022  6354
11845    4697  4641  4709  6861
11846    1201  1077  1125  6278
11847    6192  3033  6860  7367
11848    5952  6293  6631  7185
11849    6088  5897  6645  6695
11850    3028  6465  7032  7536
11851    7071  4940  4931  4939
11852    5918  6309  6418  6484
11853    2203  2296  1919  6423
11854    6084  6748  6835  7566
11855    6178  5835  5966  5833
11856    6260  6601  7201  7486
11857    1804  1816  6692  7128
11858    4431  4434  4435  6325
11859    5614  6206  6885  7463
11860    2362  2343  2071  6363
11861    2024  2079  6168  7366
11862     556   552   559  7140
11863    2453  2469  2455  6722
11864     122   120   123  6384
11865    3093  2937  2942  7634
11866    4163  4261  7542  7563
11867     236   234   500  6068
11868    3697  3698  6959  7152
11869    6687  6284  7146  7580
11870    4420  4414  6546  4410
11871    1424  1422  6317  7004
11872    2485  2488  2346  6970
11873    1586  1307  7184  7614
11874    4338  4342  4065  7096
11875    5506  5503  7236  7648
11876    6109  6256  6386  6649
11877     893  1121   888  6319
11878    1893  7125  1864  5767
11879    5853  5954  6277  7486
11880    5732  5737  5696  7337
11881    1611  1662  1349  7021
11882    6341  6710  6970  7111
11883    2771  2772  2774  6364
11884    5374  5377  6256  6649
11885    5915  6224  6763  6913
11886    4014  6253  6451  6488
11887    7251  6309  7432  7546
11888    3638  3636  6221  7389
11889    2411  2422  2410  7130
11890    4757  4758  4673  6300
11891    3453  3677  6144  6909
11892    6549  4819  4824  4822
11893    4434  4039  4435  6325
11894    7006  2703  7415  7430
11895    4758  4667  4673  6774
11896    6310  6085  6788  7533
11897    2371  2123  7318  7382
11898    5951  4225  6048  6602
11899     521   361   360  7009
11900    5601   244   201  7119
11901    5825  5829  5831  5899
11902    6507  6859  6876  6945
11903    1172  1167  6748  6754
11904    1214  1216  1217  7131
11905    2885  2884  6447  7458
11906    3464  3403  6367  7132
11907     610  5805   624  6798
11908    5015  5012  5005  7532
11909    5892  6033  6807  6867
11910    3365  3366  3361  6770
11911    3018  3026  6275  7606
11912    3132  3105  6411  6715
11913    5392  5423  6658  6855
11914    5875  6341  6970  7111
11915    3303  3305  6474  7338
11916    6422  6559  6789  7226
11917    6241  1151  6377  7426
11918    2238  2236  6545  6678
11919    1067  1075  6148  6278
11920    5838  5883  6716  7141
11921    4073  4080  6826  7292
11922     155   163   161  7549
11923    5106  5114  5112  7548
11924    7333  6200  5857  6912
11925    5559  5557  5562  7592
11926    6852  6738  7058  7372
11927    4034  4101  4099  7292
11928     553   555   554  7088
11929    4073  4074  4080  7292
11930    2854  2850  7067  7133
11931    4074  4073  4099  7292
11932    2882  2552  2484  7458
11933    3118  3122  3124  7593
11934    2484  2552  2555  7458
11935    4043  4073  4072  7292
11936    2911  5787  2496  7458
11937    3949  4034  3916  7292
11938    2370  2371  2372  7590
11939    4672  4667  6774  6871
11940     364   362   366  6615
11941    4034  3949  6199  7292
11942    6386  5110  7082  7548
11943    3123  3125  3124  7593
11944    2556  2555  2552  7458
11945    3122  3123  3124  7593
11946    3126  3360  3122  7593
11947    4536  4538  6240  6445
11948    5352   122    82  6384
11949    2245  2270  2248  6852
11950    1442  1447  1448  7457
11951    5877  6040  6214  6708
11952    5614  5613  5612  6885
11953    4634  4612  6535  4637
11954    3384  2673  5985  6596
11955    1431  1429  1427  7298
11956    5582  5797  5611  7463
11957    5952  6057  6159  6247
11958    1208  1198  5810  7370
11959    6345  6723  6755  6863
11960    1299  6059  6396  7380
11961     757   486  7381  7538
11962      61  5635  6312  6735
11963    5417  5655  6379  7145
11964     215   214   212  6433
11965    6357  6443  6888  7613
11966    4993  4834  5001  6706
11967    4100  6118  6924  7079
11968    6798   386  7015  7189
11969    5542  5543  5544  7157
11970     898   906   904  6920
11971    4463  4458  6244  6893
11972    6218  6287  7196  7285
11973     472   471   470  5978
11974     530   532   537  7135
11975     399   419   401  7060
11976    5908  5917  5927  6059
11977    6512  6935  7200  7250
11978    5069  5062  5057  7136
11979    5928  6051  6136  6572
11980    5140  5556  5141  6180
11981    5471  5472  5464  6696
11982    2390  2395  2399  7299
11983    6311  7228  7297  7365
11984    3582  3589  3580  7165
11985    2569  2568  6176  6402
11986    3277  3275  6203  7164
11987    3271  3278  7097  7164
11988    5598  5599  6783  7137
11989    5748  5750  5823  7640
11990    5229  5228  5236  7555
11991    6407   294  6897  7565
11992    5931  6607  6692  6879
11993    3474  3465  5785  7132
11994    5306  5339  6786  7212
11995    2218  2220  6869  7456
11996    5689  5688  7145  7192
11997    1139  1137  1136  6850
11998     186   185   187  6614
11999    4052  4054  7156  7576
12000    5947  6166  6815  6911
12001     551   574   552  7140
12002    6435  1889  6894  7451
12003    6213  3642  6221  7068
12004    3619  5980  6028  6190
12005    4612  4634  6535  4614
12006    6076  1011  6534  6802
12007    1400  1399  1423  7295
12008    2762  2719  2758  6459
12009    4022  4017  6488  7230
12010     846   841   845  6542
12011     535   561   577  6634
12012    3782  3792  6870  6884
12013     250   255   249  6842
12014    3883  4157  4145  7321
12015    6400  4442  6424  7383
12016    1442  6977  7268  7457
12017    3639  3754  3758  6526
12018    6318  6236  6651  6657
12019    6459  2717  7006  7470
12020     557   507   556  7088
12021    1431  1435  1429  7298
12022    1685  1688  1690  6516
12023    2219  2367  2214  7590
12024    5883  6412  6670  7141
12025    3949  6124  6199  7292
12026    3434  3430  3438  6628
12027    1137  1146  1136  6850
12028    1377  5788  7243  7650
12029     605  6797  7008  7215
12030    2617  2616  2717  7288
12031    2093  2027  2079  6849
12032    6480  6225  6608  6997
12033    6058  5874  6074  7142
12034    6820  6060  7003  7534
12035    2897  2917  2916  7235
12036    1821  6607  6692  7128
12037    6129  6161  6672  7059
12038    3785  3778  6093  6877
12039    4881  4892  4883  6742
12040    5910  5877  6121  6288
12041    1241  1242  1236  6863
12042    1370  1364  6883  7380
12043    4863  4864  4865  7129
12044    2103  2101  6099  7044
12045    5998  6360  6529  6864
12046    6486  6306  6621  6669
12047     353   347   345  6803
12048    5778  6599  6738  7153
12049    5865  6057  6063  6163
12050    6107  5911  6260  6729
12051    2520  2514  6145  7281
12052    2608  2642  2611  7143
12053    6145  2519  6982  7281
12054    3430  3434  3432  6628
12055    6598  5296  7154  7584
12056     425   453   430  7098
12057    5865  5854  5907  6269
12058    1189  1206  6264  6597
12059    3520  3526  6236  6318
12060    5526  5523  6229  6612
12061    3217  3220  6857  7595
12062    6564  6972  7221  7632
12063    5957  6039  6114  7144
12064    4144  4152  3879  7321
12065    1206  1205  1194  7462
12066    1208  1207  1206  7462
12067    3562  3555  3565  6227
12068     269  5528  5530  6561
12069    2263  7062  7169  7452
12070    5369  5359  5361  7521
12071    4135  4128  4138  6502
12072    2098  2099  2102  7044
12073     495   489   491  6699
12074    6017  6029  6894  7150
12075    1516  1430  6975  7566
12076    1129  6592  7196  7499
12077      82   122   123  6384
12078    6953  6162  6990  7513
12079     344   109   110  6867
12080    7143  5906  7288  7343
12081    4956  4954  6403  7609
12082    5357  5361  5000  6386
12083      25    39    45  6258
12084    2202  2033  2031  6170
12085    2015  1507  1757  6550
12086    4662  3998  6387  7324
12087    6569  1378  6720  6883
12088     750   786  6523  7527
12089    2902  2899  2966  7400
12090    4904  5034  5019  7073
12091    5946  5913  6293  7185
12092    2459  2528  6349  7304
12093    5931  5895  6156  6836
12094    4146  4145  7246  7608
12095    6489  1373  6883  7380
12096    6036  6668  6869  7590
12097    2212  2165  6934  2209
12098    6074  3769  6587  7014
12099    7195  3537  7339  7340
12100    3414  3408  3409  7193
12101    6032  6976  7039  7071
12102     974   977   978  6574
12103    6579  6289  7289  7581
12104    4885  4690  7390  7480
12105    4225  4224  5951  6048
12106    3417  3432  3435  6628
12107    5473  6467  5470  5474
12108    1593  6586  6897  7277
12109    2738  3038  6192  6860
12110    2259  2262  2260  6586
12111    1651  6343  7125  7501
12112    1790  1833  6985  7237
12113    6210  5800  6443  7055
12114    3278  3279  7069  7164
12115    3677  3463  6144  7017
12116    5937  6044  6728  7199
12117    6249  6423  6491  6509
12118    2612  2614  2708  6746
12119    1881  1880  1878  7425
12120    5691  5687  6305  7145
12121    1226  1119  1116  6864
12122    2634  2641  2638  7143
12123    4217  4243  4248  6944
12124    1464  1470  1463  7043
12125    6372  6468  7283  7511
12126    6290  2057  6851  7216
12127     730   739   734  7258
12128    6046  5571  6783  6961
12129    1649  1647  7501  1651
12130    2030  6166  6170  6491
12131    5713  5676  5677  6600
12132    6204  6181  6725  5956
12133    2345  2351  2344  7107
12134    6382  6344  7255  7300
12135    3902  3897  3901  7399
12136     814   815   817  6629
12137    4337  4354  4339  7096
12138    2392  2390  2399  7299
12139      40  5582  5611  7463
12140    3249  3251  3259  7595
12141    3270  3250  3266  7595
12142      40  5611  5614  7463
12143    2392  2399  2391  7299
12144    5507  5512  5484  7463
12145    3251  3250  3270  7595
12146    5484  5487  5485  7463
12147    1446  1438  1455  7300
12148     425   426   418  7098
12149    1455  1438  1453  7300
12150    1110  1102  1111  6194
12151    5025  5254  7283  7553
12152    6431  6334  6435  6512
12153    2233  2235  2231  6932
12154    6229  5932  6291  6612
12155    3539  3525  3516  6651
12156    6500  5486  6795  7183
12157    3236  3228  6141  6857
12158    4134  4215  4204  6944
12159    3122  3360  3120  6627
12160    3153  6351  6364  7293
12161     629  6016  6353  6859
12162    3120  3318  3121  6627
12163    6118  6552  7181  6826
12164    6981  6308  6987  7147
12165    5000  5357  6386  6460
12166    1860  1856  1855  6818
12167    5849  6080  6479  7478
12168    4449  4818  7126  7496
12169    4904  4934  6976  4926
12170    1213  1211  6864  7370
12171    3960  3961  3932  7344
12172     883   880  7120  7335
12173    1899  1901  1898  6197
12174    3077  3078  1561  5958
12175    6446  6363  6800  6992
12176    2429  2435  6335  6704
12177     507   506   510  6068
12178    2149  1857  6311  7297
12179     299   292   295  7565
12180    2834  2835  2829  6900
12181    3150  3158  3161  7219
12182    3199  2951  3198  6348
12183    4114  4134  6128  7106
12184    1036   772   774  7148
12185    6739  6420  6800  7509
12186    4295  4296  6577  6595
12187    5775  1447  7268  7457
12188     963   961   964  7363
12189    4707  4708  4702  7003
12190     661   134  6898  7404
12191    5286  5397  6077  5400
12192    3307  3309  3308  7367
12193     426  6524  7060  7098
12194    4315  4295  4017  6603
12195     230   221   233  7033
12196    6018  6594  6744  7183
12197    4918  6296  6403  7011
12198    1526  1527  6342  7332
12199     281    53    54  6842
12200    6747  6101  7089  7132
12201    1712  1715  1716  7279
12202    6158  3909  6183  7622
12203    7094  4773  4541  6781
12204    2535  2528  6562  7180
12205    1852  1853  6485  6879
12206    3064  3318  3319  6465
12207    5940  6307  6641  7102
12208    6331  6214  6948  7216
12209    5151  5220  6062  6844
12210    2140  2129  6471  7537
12211    2539  2538  2529  7304
12212    5900  5880  6035  6043
12213    6075  6024  6139  6215
12214    5913  6293  6940  7136
12215    4293  4274  4290  6530
12216    5422  5428  6269  6855
12217      36    43    45  7233
12218    1033  1040  1035  6642
12219     811   846  6106  6542
12220    1984  1988  1980  6951
12221    6656  3127  7219  7593
12222    4299  4301  4297  6828
12223    6049  6015  6068  6766
12224    5571  5597  6783  6961
12225    1352  1351  6464  7052
12226    1737  1724  1723  7421
12227    5144  5153  6745  7345
12228    4666  4667  6774  7264
12229    6174  6311  6431  6485
12230    1492  1491  7487  7566
12231    5218  5221  5219  6087
12232    1797  1852  1796  7092
12233    6025  1125  6278  7493
12234    5859  5998  6071  6501
12235    4438  4439  4440  6400
12236    6024  5961  6944  7106
12237     979   972  1025  6520
12238    6163  5535  7158  7461
12239    4050  7134  7156  7331
12240    4396  4400  6292  7176
12241    6218  1177  6544  7196
12242    1703  1681  1607  6516
12243    1546  1566  1570  7105
12244    2350  2349  2345  7107
12245    2369  2139  6255  6811
12246    5882  6182  6071  5876
12247    4026  4023  4058  7576
12248    2284  2289  2290  7263
12249    4449  4482  4818  7496
12250    4804  4812  7139  7388
12251     624   614  6798  7329
12252    6745  6223  6929  7386
12253    1068  1157  1155  6469
12254    1000   994   995  7049
12255    6365  2325  6927  7322
12256    5429  5421  5428  6855
12257    4236  4229  6834  7403
12258    5170  4785  5524  7429
12259    5968  6433  6682  7604
12260    7084  6993  7414  7625
12261    3943  3908  3617  6868
12262    5513  5611  5512  7463
12263     492   499  6699  7194
12264    6112  5924  6127  6316
12265    6110  6296  6407  7011
12266    4343  4341  4346  7096
12267    1429  1190  1427  7298
12268    3280  3292  3289  7097
12269    5881  5997  6245  6504
12270    3239  3221  3237  7595
12271    1431  1433  1435  7298
12272     189   157   188  6498
12273    3708  3709  6771  7152
12274    3250  3249  3237  7595
12275    4976  5055  4975  6986
12276    2173  2156  6933  7250
12277    2864  2866  2545  6667
12278    2191  2197  2198  7153
12279    6264  6234  6597  7462
12280    4242  6630  7307  7435
12281    4098  4100  6924  7079
12282    3565  3564  6074  6227
12283    6066  5871  6589  7166
12284    5859  5864  5876  5998
12285     353   348   321  6333
12286     563   577   573  6634
12287    5523  6229  6612  7290
12288    1154  1160  6441  6492
12289    6899  1711  7279  7585
12290    5082  5084  6588  7155
12291    3273  3281  3272  7097
12292    2161  6512  6545  7200
12293    3994  4102  6924  7079
12294    5039  5033  6398  7039
12295     429   432   431  7098
12296    1446  1445  1438  7300
12297    6344  1456  7255  7300
12298    5507  5484  5480  7463
12299    1456  6382  7255  7300
12300    3292  3280  3273  7097
12301    6782  6471  7537  7654
12302     431   430   459  7098
12303     347   108   109  6867
12304    4995  4996  4990  7619
12305    6817  6416  7304  7556
12306    1879  1884  7074  7451
12307    5692  5697  5693  7192
12308    6449  6813  7177  7366
12309    6882  6198  7260  7543
12310    2465  6245  6504  7263
12311    1066  1099  1101  6278
12312    7127  2276  7356  7372
12313    4666  4758  6495  6774
12314     322  6758  7072  7520
12315    2411  2410  6560  7130
12316    6594  5586  6744  7183
12317    4384  4386  4385  7146
12318     648   656   655  7407
12319     739  1008   735  7258
12320    5855  5866  5898  6531
12321    1546  1538  6382  7255
12322    4326  4328  4414  6546
12323    2232  2239  6613  6932
12324    4074  4099  6924  7292
12325    4560  4575  6240  7469
12326    5586  5753  6594  7172
12327    6071  6001  6388  6507
12328    6504  6738  6852  7372
12329    5709  5672  6378  6600
12330    2378  2381  6851  7558
12331    3552  3551  3553  6582
12332    6883  1364  7243  7380
12333    5837  5856  5903  5972
12334    3358  3311  3350  7658
12335    6463  5929  6983  7049
12336    5869  6133  6394  7153
12337    3625  3624  3622  6905
12338    2306  2305  2307  7062
12339    2755  6521  7376  7488
12340    6819  6293  6986  7185
12341    1984  1980  1985  7272
12342    4868  4871  4872  7129
12343    4762  6601  6647  7201
12344    2285  2290  2465  7263
12345    5972  6050  6018  6097
12346    2679  2416  2413  6315
12347    2117  1841  1840  6813
12348    1988  2041  6815  7178
12349     885   890   887  6319
12350    5504  5479  6150  6886
12351     217     1  5759  7048
12352    5170  5168  5171  7579
12353     545   544   546  6936
12354     578   583   582  7078
12355     545   546   548  6936
12356    6643   402  6717  6803
12357    2326  2339  2338  6230
12358    6810  1717  6899  7217
12359    6184  6177  7256  7378
12360    6259  5938  6563  7531
12361    5511  5508  7570  7573
12362    6190  5880  6905  6967
12363    1286  1047  7348  7374
12364    4339  4354  6632  7096
12365    5291  5289  5288  7056
12366    5269  5260  7461  5538
12367    4052  4054  4053  7156
12368    1725  1731  6438  7572
12369    3778  3776  3775  6877
12370     179   442  7161  7427
12371    6689  6374  6895  7317
12372    6437  5910  7109  7130
12373    5975  5831  6139  6399
12374    4721  4718  6322  7239
12375    6486   971  6520  7085
12376    6277  4548  6647  7076
12377    7101  1064  6148  1097
12378    6062  5220  6087  6207
12379    1058  1057  6391  6629
12380     699   480  6259  6971
12381    6517  3115  6949  6980
12382    6687  4212  7146  7453
12383    2579  6710  6969  6989
12384    1344  1351  1352  7052
12385    5885  5838  5928  6136
12386    1177  1082  1089  6544
12387    3466  3464  3488  7132
12388    2215  2220  2214  6869
12389    1320  1316  1315  7065
12390     301   302   303  7273
12391    4089  4090  4085  7578
12392    3032  3285  3283  6840
12393    3731  3838  3727  7560
12394    5277  5275  5289  7584
12395    6165  5973  6329  7562
12396    3344  3616  3356  6905
12397    4061  4063  4066  7134
12398    4069  4067  4066  7134
12399    5173  4794  7468  7486
12400    4621  4625  7174  7475
12401    1034   738   761  6794
12402    2181  2182  2183  6133
12403    6214  6040  6301  6849
12404    6072  6164  6352  7279
12405    4632  4652  6666  7627
12406    3618  3615  3617  6905
12407    6840  7032  7084  7621
12408    6154  5878  6537  7643
12409    1578  6204  6274  7412
12410    6911  1983  7178  7551
12411    2175  1883  6435  7350
12412    2511  2512  6145  6511
12413    6400  4438  6871  7574
12414    5045  5048  5046  6395
12415    1432  1541  6061  6344
12416    5535  5531  5536  7158
12417     916   955  1267  6076
12418    3099  3201  3176  7059
12419    5202  5198  5201  7543
12420    5337  5338  6786  7040
12421    3460  3620  3622  6905
12422    1746  1745  1747  7326
12423    1363  1260  1261  7377
12424    4062  4069  4066  7134
12425    1041  1035  6642  7477
12426    2604  2603  6746  7577
12427    7577  2607  7343  2597
12428      43    36    33  7325
12429    3615  3618  3356  6905
12430    4423  4425  4421  6676
12431    4556  4789  6647  7391
12432    6512  2172  7305  7350
12433    3080  2700  2699  6336
12434    2782  2408  7130  7530
12435    3620  3625  3622  6905
12436    4418  4416  4420  6676
12437    4826  4827  5081  7159
12438    5902  5926  6105  6661
12439    6896  6447  7112  7438
12440     532   533   256  7135
12441    4061  4066  4068  7134
12442      87   331  6452  7160
12443    5307  5352    80  6675
12444    5875  5881  6341  6684
12445    1150  1151  6241  7426
12446    4271  4251  4272  6677
12447    2858  2854  2855  7133
12448    3617  3615  3624  6905
12449    6684  6209  6989  7458
12450     937  1221   939  6345
12451    5997  5869  6738  7263
12452    6080  6297  6306  6323
12453     488  7194  7478  7588
12454    6089   248  7119  7218
12455    5843  5930  6073  6373
12456    5963  6259  7209  7381
12457    6246  5931  6686  6836
12458    5405  5551  7166  7633
12459    6147  6289  6579  7581
12460    1061  1050  6831  6946
12461    6016  5882  6353  6859
12462     158   160  7144  7549
12463    6985  1833  7177  7228
12464    6563  6780  6939  7161
12465    5907  5987  6123  6772
12466    4819  4818  4822  6549
12467    4423  4424  4425  6676
12468    3451  6155  6296  7057
12469    3573  3576  3547  7466
12470    2385  2379  7436  5801
12471    6047  6408  6559  6777
12472    1814  1636  7128  7412
12473    3003  3007  2997  7162
12474    5879  5874  6177  6387
12475    1444  1447  1442  7268
12476    3354  3346  6980  7328
12477    3623  3617  3624  6905
12478    4272  4251  4265  6677
12479    5905  6147  6289  6579
12480    6223  6745  7129  7386
12481     545   547   542  6936
12482    4264  4272  4265  6677
12483    5972  6062  6201  6532
12484    4239  6612  6834  7231
12485    6597  6310  6864  7131
12486    5481  5469  5482  6795
12487    5925  5851  5931  6174
12488     375   374   372  7070
12489    6364  2812  6508  6776
12490    5109  5110  7082  7238
12491    3102  3103  3098  6478
12492     236   234  6068  6766
12493    2026  2021  6671  7551
12494    6458  6077  7166  7633
12495     659   657   684  6824
12496    4205  4211  6687  7453
12497    2993  2954  2304  7062
12498    6594  6193  6744  7172
12499    5879  6184  6774  6890
12500    2600  2347  2599  7577
12501    3866  6237  6330  6853
12502    3875  3877  6330  6843
12503    6563  6499  6780  7204
12504       6    11  6614  7048
12505    6673  6404  7474  7661
12506    3791  3796  3792  6884
12507    3651  3588  3922  7165
12508    2927  2926  6528  7569
12509     777   774   775  7148
12510    5674  5680  5670  7123
12511    2595  2596  6304  7030
12512    3582  3581  6444  7165
12513    1204  1199  1198  7370
12514    3325  3028  6465  7032
12515    1717  1998  6810  6899
12516    3188  3176  7059  7171
12517    2404  2423  2422  6288
12518    6050  5972  6018  5903
12519    5977  5158  6733  6966
12520    4021  6488  6603  6713
12521    4107  4123  4125  6356
12522    1378  1672  1676  6569
12523    3443  2996  3560  7142
12524    3963  3962  6093  6466
12525    4302  4307  6506  7087
12526    6523  6543  7360  7527
12527    1271   971  1020  6486
12528    2290  2289  2288  7263
12529     217    10     3  7048
12530    6086  5993  6158  7568
12531    6445  6211  7047  7575
12532    6407  6296  6832  7057
12533    5817  4323  7336  7601
12534     439   702  6898  7204
12535    3318  3319  6465  7379
12536    5904  6060  6151  6322
12537    1045  1043  1044  6391
12538    2642  2608  2638  7143
12539    5756  5823  7172  7640
12540    6307  5940  6955  7393
12541    3186  3174  3180  7460
12542    6796  6496  6879  7074
12543    3232  3264  6149  7503
12544    5497  5528   266  6561
12545    5609  5611  5608  6206
12546     757   755   765  7381
12547    2670  2671  6251  6776
12548    5953  5971  6390  6656
12549     752   751  7360  7527
12550    6674  6373  6900  7063
12551    1408  1015  7374  7377
12552    4126  4129  4125  6502
12553    3483  3481  6670  6996
12554    4173  4724  6679  7013
12555    1626  1621  6329  7474
12556     794   798  6592  7535
12557    2954  2993  6371  7062
12558    1805  1804  6692  7550
12559    5826  5824  5834  5844
12560    6176  2568  6347  6402
12561    1824  1757  1828  6550
12562    3450  6155  7057  7142
12563    2307  2263  2265  7062
12564    6267  6134  6769  7657
12565    6300  5078  6644  7001
12566    3583  3584  3586  6578
12567      11    12    10  7048
12568    6352  5960  6899  7217
12569     543   464   466  6936
12570    6702  6404  7377  7661
12571    6871  6300  6937  7001
12572    1259  1015  1363  7377
12573    4980  4979  7081  7349
12574    1707  1424  6317  7492
12575    5872  5896  5916  5956
12576    2574  2346  6887  6970
12577    5838  5885  6129  6136
12578    5480  6500  6886  7648
12579    6114  7144  7498  7549
12580    5027  5028  6938  7553
12581    6225  6332  6711  7471
12582    3860  3858  3859  7507
12583    3851  6853  7507  7628
12584    1504  1491  1521  7566
12585    4346  4341  6632  7096
12586    1161  6264  6923  7113
12587    1711  1712  1710  6899
12588    6332  6225  6711  6997
12589    4468  4475  6914  7359
12590    6292  6232  7176  7220
12591    1932  1934  1935  7423
12592    6534  5963  6971  7258
12593    6297  5893  7194  7478
12594    1460  7300  1453  7479
12595    4525  4524  4523  6902
12596    3466  5785  3465  7132
12597    6113  6083  6642  7599
12598    3998  4002  3997  7324
12599    6845  5890  7032  7379
12600    6415  2244  6678  7091
12601    4946  4950  4951  7609
12602    4660  4417  4736  7607
12603    4943  4947  4945  7609
12604    1697  1700  6569  7485
12605    5617    33    35  7325
12606      35    33    36  7325
12607    4794  5173  7201  7486
12608    3440  3441  3439  7484
12609    2634  6739  6800  7509
12610    4144  3878  3883  7321
12611    4954  4945  4952  7609
12612    1037  6113  6642  7599
12613    5835  6420  6800  7143
12614    2718  2721  5813  7470
12615    6562  6722  6862  7180
12616    6933  2142  6935  7250
12617    6246  6692  7128  7412
12618    4265  4264  6677  7563
12619    6872  6196  6902  7494
12620    7089  3689  7132  7504
12621    4746  4957  7663  7665
12622    6050  5918  6056  6171
12623    1872  1871  1869  7465
12624    6013  6723  7065  7173
12625    6490  4991  6940  6986
12626    2116  2117  2115  6813
12627      11     6    12  7048
12628    6274  6607  7125  7128
12629     138   438  7251  7427
12630    1977  2012  1986  7272
12631    2886  2893  2883  6889
12632    5402  6458  7166  7633
12633    6424  6400  6937  7126
12634    1132  1133  6669  7499
12635    5496  5492  7137  7232
12636    2903  2896  2904  7438
12637    4372  4370  6972  7443
12638    4057  4026  4058  7576
12639    2284  2290  2285  7263
12640    5444  5445  7224  5450
12641    2905  2895  2904  7438
12642     413   160  6114  7498
12643    2645  2657  2646  7051
12644    6187  3648  6213  7254
12645    4384  4383  4386  7146
12646    5174  5764  5178  7579
12647    2892  2886  2891  6830
12648    6695  2872  6822  7023
12649    2515  2516  2532  7281
12650    5981  5977  6742  7514
12651    5725  5207  7082  7442
12652    3435  3426  7042  7484
12653     305   308  7231  7273
12654    5942  5922  6326  6345
12655    2965  2962  2963  7169
12656    1452  1454  1457  7479
12657    4384  4390  4104  6118
12658    5017  5007  5010  6551
12659    1034   771  1035  7477
12660    5895  5931  6382  6836
12661    5848  5912  5937  6044
12662    2027  2080  2085  6301
12663    6497  1996  7036  7217
12664    2997  3560  2996  6837
12665    1080  1079   822  6964
12666    6012  6008  6207  6844
12667    5944  6237  7515  7628
12668    2675  2701  6336  6973
12669     758   756   763  7209
12670     158   153   160  7549
12671    4800  4812  4804  7388
12672    6427  6434  6955  7393
12673     647   648   629  6016
12674    1681  1688  1683  6516
12675    6444  3578  6845  7338
12676    6015  6049  6068  7554
12677    5899  6139  6425  6525
12678    6539  6299  6674  7261
12679    4748  4747  4749  6172
12680    6141  6262  6426  6857
12681    6124  3917  7222  7568
12682    2114  2113  2107  6637
12683    6182  6071  6252  6392
12684    5863  5839  5911  6260
12685    5966  6094  6178  6422
12686    6924  3994  7079  7580
12687    3176  3175  7059  7171
12688    5692  5699  5700  7229
12689    4318  4327  4305  6595
12690    2521  2523  2513  7281
12691    1674  1378  6249  6883
12692    1863  1860  6485  7365
12693    1662  6147  7581  7630
12694    6583  4234  4232  6834
12695    5757  5755  6744  7172
12696    2304  2954  2263  7062
12697    6548  6999  7390  7480
12698    3265  3270  3266  7616
12699    5831  5899  6139  6425
12700     472   466  5978  6936
12701    2322  2323  2334  6408
12702     679   686   678  6769
12703     927   926  6483  6880
12704    3953  3956  6228  7344
12705    5755  5761  6744  7172
12706    3394  3393  3829  6581
12707    1646  7409  7501  7641
12708    5728  5727  5733  7337
12709    4908  3451  6296  6407
12710     852  6570  6660  7045
12711    5943  5886  6635  7253
12712    5900  6035  6101  6367
12713    4077  4043  4072  6554
12714    3830  3836  3793  7444
12715    1985  1982  1986  7272
12716    6064  1320  6464  7173
12717    5083  5085  5092  7155
12718    6455  4455  6893  7454
12719      65  6475  6538  6659
12720    3685  5959  6909  6959
12721    6670  3477  7141  7484
12722    6981  6773  7099  7273
12723    6308  6773  6981  7273
12724    5596   237   238  6385
12725    5961  6024  6052  6356
12726    5377  5370  5376  6649
12727    5172  5764  5821  7579
12728    6197  6010  6343  7150
12729    1849  1858  7297  7365
12730    4785  5171  5169  7579
12731    4326  4305  4327  6595
12732    5829  5832  5996  6381
12733    5864  5901  6831  6947
12734    3620  3462  3463  6144
12735    2354  2350  2345  7107
12736    2867  6667  7023  7252
12737    4245  4246  4240  7435
12738    4283  4275  6841  7354
12739    2826  2824  2821  7280
12740    6015  5938  6220  7531
12741    1303  1297  1304  7614
12742    6139  6380  6399  7174
12743    1257  1312  1256  6755
12744     241   245   247  6752
12745     320   322   317  7520
12746    6549  6261  7126  7496
12747    3705  5990  6959  7152
12748    3728  3725  7046  7560
12749    2777  2779  2778  7115
12750    6192  2738  6216  7270
12751    2745  2744  2743  7266
12752    2590  3004  2990  7270
12753    2266  5778  2268  7153
12754    6086  6158  6212  7568
12755    1112  1528  1532  5945
12756    6160  6397  6541  6799
12757    4375  4370  5818  7443
12758    3039  3035  3004  7270
12759    2441  2449  2448  6862
12760    2173  2174  2172  7350
12761    6093  6009  6638  7525
12762    2107  2653  2654  6930
12763    2417  2403  2402  6708
12764    5845  5915  6297  7002
12765    2963  2961  2259  7169
12766    5057  5054  6986  7136
12767    2664  2665  2663  7271
12768    1986  1982  1974  7272
12769    3858  3860  6421  7507
12770    3444  3450  3449  7057
12771    4367  4372  6972  7632
12772     999  1005  1003  7179
12773    6224  5915  6306  6486
12774    6466  6228  6654  7344
12775    7115  2744  6701  7266
12776    5957  6114  6498  6833
12777    4556  4549  4555  7076
12778    2744  6701  2745  2780
12779    2718  2702  7470  7491
12780    3518  3516  3515  6651
12781    6413  6167  6764  7547
12782     154   152  6498  6833
12783    2262  2259  1593  6586
12784    2330  2337  1968  6422
12785    1323  1325  1324  6181
12786     990  1253  1250  6153
12787    4685  4676  6473  7170
12788    2776  3117  3067  6351
12789    4451  4359  4454  7454
12790    6632  6037  7096  7210
12791    4376  4375  7028  7443
12792    4766  6601  6729  7282
12793    5746  5740  5741  7364
12794    4543  4404  4397  7176
12795    1051  1045  1044  6831
12796    2116  2117  6813  7177
12797    6143   664  6428  6802
12798     241   513  6752  7369
12799    3584  3547  6370  6578
12800    1005  1004  1002  7049
12801    6840  3028  7032  7536
12802    6584  1572  7124  7437
12803    1004  1030  1002  7049
12804    1976  1975  1696  7598
12805    6499  6259  6780  6971
12806    3937  4049  6200  6912
12807    4991  4976  6940  6986
12808    2897  2914  2904  7438
12809    2155  6935  7250  7312
12810      77    73  6659  7262
12811    4454  6410  6730  7454
12812    6595  6020  6603  7080
12813    2971  2969  2973  6711
12814    5573  5574  6307  7102
12815    5075  4754  5078  6300
12816    2470  2466  2473  6942
12817    3400  3401  6303  6747
12818    3827  3836  6728  7444
12819    4581  4232  4584  6583
12820    1255  1313  6723  7173
12821    2673  6596  3152  6856
12822    6285  6542  6660  7149
12823    3040  3041  3315  6582
12824    3812  3813  3818  7587
12825    5911  5863  6260  6914
12826    4906  4898  4905  7439
12827    1567  1565  1479  7437
12828    2165  2162  7200  7312
12829    2645  2649  2635  7051
12830     234   549   500  7554
12831    5673   122  6384  7123
12832    5619  6639  6791  7623
12833    6195  6484  6600  7552
12834     998  1004  1005  7179
12835    2173  1859  6431  6933
12836    5911  6893  7359  7371
12837    2911  2897  6209  6989
12838    6562  2528  6817  7180
12839    2459  2461  6349  7180
12840    2317  2287  2288  7263
12841    6464  6362  6707  7021
12842    6048  6368  7174  7620
12843    6118  4103  4390  4079
12844    6008  6038  6045  6150
12845    4999  4995  5820  7619
12846    5303  4952  5304  5994
12847    2428  2433  2427  6704
12848    5382  5383  6487  7508
12849    5420  5421  5418  6855
12850    2227  2244  2230  7091
12851    5429  5428  5422  6855
12852     422   421   343  6717
12853    3295  3328  7084  7638
12854    6507  6798  6876  7211
12855    5890  6119  6351  7182
12856    4190  4189  4193  7594
12857     482   759  6259  7538
12858    1522  1525  1521  7566
12859     817   814  6629  7187
12860    2519  2525  6982  7281
12861    2542  2562  7138  7547
12862    5945  1528  6342  6827
12863    2837  2849  2838  6805
12864    5988  6267  6763  7249
12865    2091  7216  7481  7629
12866    5997  6112  6126  6432
12867    6142  6569  6664  6720
12868    6350  5248  7121  7461
12869    2815  3153  2812  7293
12870    4193  4191  4190  7594
12871    4185  4181  4191  7594
12872    5209  5208  6386  7238
12873    1400  1401  1399  7295
12874    6531  6749  6768  6908
12875    2235  6681  6743  6932
12876    4803  4806  4802  7575
12877    6534  5894  6794  7477
12878      69  5651  6280  7034
12879     159   150   151  6095
12880    6110  6428  6452  7267
12881    6349  2461  6722  7180
12882    4543  4547  4545  6593
12883     187  6171  6614  7161
12884    2448  2449  2447  6862
12885    4171  4178  4169  7256
12886      72    77  6659  7262
12887    4568  4570  6283  7265
12888    4178  4177  4169  7256
12889    1573  1562  1572  7437
12890     125   665  7100  7432
12891    2311  5778  2279  7037
12892    2843  2849  2837  6805
12893    2601  2338  2349  7027
12894     217     3     1  7048
12895    4977  4426  4459  6244
12896    3156  3149  7219  7293
12897    5146  4827  6588  7278
12898    5744  5742  7640  5745
12899    2512  2510  2511  6145
12900    3493  3487  3490  6808
12901    1575  1809  1786  6785
12902    5089  6324  7001  7126
12903    1650  1646  7501  7641
12904    1564  1562  1573  7437
12905    4802  4806  4774  7575
12906    6145  2517  6511  6888
12907    6201  5909  6324  6588
12908    3179  3097  6809  7063
12909    5863  5902  6260  6567
12910    1807  1812  6686  6785
12911    5863  6021  6109  7185
12912    5602  5577  6046  6641
12913    1915  1918  6249  6509
12914    1393  1391  7004  7295
12915    4232  4581  4583  6583
12916    2349  2347  2601  7027
12917    5863  6151  6490  7349
12918       7     1     3  7048
12919    4988  4991  6490  6986
12920    4620  4281  7627  4617
12921    6387  4041  7308  7568
12922    3152  3150  3148  6596
12923     812   817   805  7187
12924    4246  4242  4240  7435
12925    2117  1840  5792  6813
12926    4919  6749  6756  7093
12927    4489  4485  4484  7383
12928    3884  3878  6843  7321
12929    6571   805  6629  7187
12930     171   172   138  7427
12931    6367  3428  6996  7490
12932    3166  3168  3170  7261
12933     439   438   179  7427
12934     179   441   439  7427
12935     179   438   172  7427
12936     519   828  7315  7653
12937    4892  4893  6429  6548
12938    6277  4760  6339  6647
12939    3716  3495  3713  7038
12940    6182  6231  6345  6483
12941    3207  6857  7347  7394
12942    5976  5898  6436  7260
12943    6794  6389  7148  7477
12944    3167  3168  2831  7261
12945    5901  6419  7186  7187
12946      10    12     3  7048
12947    1907  2192  1908  7420
12948    4613  4605  6380  7557
12949    1663  1662  1611  6147
12950    5963  6794  7209  7258
12951    2429  2502  2509  6335
12952    1966  1963  6397  7226
12953    6727  6193  7172  7640
12954    2899  6088  6997  7400
12955    6237  5852  6330  7628
12956     864   862   865  7467
12957    2592  2587  6954  7030
12958    5888  5861  5967  6108
12959    6419   820  7186  7187
12960    6000  6550  7402  7447
12961      22    25    23  6026
12962    5186  5160  5977  6198
12963    4629  4614  6380  6535
12964    4293  4288  4294  6530
12965     549   551   550  7554
12966    4959  4973  7522  7663
12967     859   609   608  6797
12968    1340  1347   997  7179
12969    4176  4179  4173  7256
12970    4177  4175  4169  7256
12971    5499  5502  5252  7236
12972    6313  2691  6941  6953
12973     180   179   172  7427
12974    4885  4884  4894  7480
12975    3917  3911  7222  3913
12976    6327  6031  6487  7476
12977    4289  4290  4291  7247
12978    4120  4119  4122  6502
12979    5605  5603  5604  6783
12980    5448  5450  6881  7224
12981     386   350   641  7015
12982     848   844  6660  7101
12983      47    59    46  7103
12984    1166  1150  1161  7426
12985    4186  3891  3893  7254
12986    1141  1140  6850  7285
12987     135   137  7251  7432
12988    2556  6764  7458  7547
12989    1544  1775  1541  7255
12990    4806  4804  4774  7575
12991    4534  4533  4535  6781
12992    1564  1563  1567  7437
12993    5189  5162  5163  7260
12994    1190  1429  1488  7566
12995    1411  1414  1409  7661
12996    6268  6495  6679  6901
12997    2311  2281  2268  7037
12998    4175  4177  4176  7256
12999    4667  4664  6774  7264
13000    2835  2828  2830  6805
13001    5432  5440  6374  7424
13002    3428  3425  6996  7042
13003    5960  6019  6164  6352
13004    5858  5939  6401  6848
13005    5129  5120  6532  6573
13006    6000  6565  7402  7441
13007    2318  2320  2314  7037
13008    5925  5872  5969  6281
13009     412   195   456  6576
13010    2177  2161  6512  6545
13011    3325  6465  3326  7032
13012    6365  6777  7037  7327
13013     946  1011   948  6802
13014    4463  4422  6455  7473
13015    4285  4282  6555  7354
13016     996   979  6520  7639
13017    6449  6471  6823  7000
13018    1299  1369  6489  7380
13019     268   274   267  7253
13020    5978   470  7002  7194
13021    5961  6128  6687  7453
13022    1186  1188  6923  7493
13023     274   268   272  7253
13024    3573  3547  6091  7466
13025    3644  6187  6213  6451
13026    5304    78  5303  5994
13027    4924  4928  4901  7093
13028    3092  3101  6478  7316
13029    6567  6450  7524  7597
13030    1079  1085   830  6323
13031    1197  1204  1123  6597
13032    6098  1930  7053  7591
13033    4412  4419  4416  6848
13034    6194  5933  6827  6964
13035    1088  1081  5979  6964
13036      69  6280  6312  6691
13037    5315  5288  7010  7603
13038    6014  6512  6935  7200
13039    1930  1910  1904  7053
13040    3823  3824  3825  7403
13041    6293  5056  6986  7136
13042    1607  1609  1360  6273
13043    1297  1303  1295  7614
13044    1205  1441  1444  7462
13045    2019  6168  6618  7447
13046    6080  7315  7626  7653
13047    5574  5576  5573  6307
13048    1214  1215  1441  7462
13049    4092  4091  4085  7578
13050     323   327   326  7440
13051     391   330   388  7440
13052    4083  4085  4091  7578
13053    4086  4085  4083  7578
13054    2749  2750  2743  7266
13055     324   325   391  7440
13056     823   519  7315  7653
13057    4895  4897  4893  7439
13058    4090  4092  4085  7578
13059    2507  2509  2508  6335
13060    1853  1871  1870  7074
13061    2950  2945  2977  6348
13062    5846  6110  6832  6897
13063    1433  1431  1427  7298
13064    5513  5512  7223  7463
13065    5115  5109  5110  7082
13066    4185  4156  6442  7594
13067    6430  4351  6455  6558
13068    2507  2512  6145  6335
13069    5366  5364  5360  7190
13070    6707  6464  7021  7052
13071    1156  1157  6469  7426
13072    3250  3217  3266  7595
13073    6003  6131  6453  7004
13074    4549  4544  4553  7076
13075     358   355  6194  7009
13076    2950  2977  6111  6348
13077    5884  5840  5963  6140
13078    6731  6918  7221  7578
13079    5839  5853  6232  6260
13080    3261  5782  3224  5995
13081    4843  4840  4842  6655
13082    1039  6113  7348  7374
13083    2617  6459  7006  7288
13084     914  1300   915  7064
13085     887   876  6319  7045
13086    5051  5068  5049  6293
13087    6835  6748  7320  7487
13088    3086  3087  3082  7334
13089     672   671  6802  6963
13090    4049  4050  4053  7156
13091    5697   145    90  6585
13092    6365  5869  6738  7037
13093    6525  6138  7563  7646
13094    4752  4750  4751  6300
13095    4772  4781  6042  7139
13096    6369  6472  6473  7170
13097    4212  6522  7146  7453
13098    6389  6140  6794  7148
13099    6718  7259  7351  7416
13100    1723  1721  7279  7421
13101    4996  5360  5364  6819
13102     379   376  6615  7450
13103     182   181  6171  7431
13104     129   126  7100  7276
13105    6584  6375  6688  7105
13106    5900  5880  5959  5980
13107    4057  4055  4029  7020
13108    5719  5710  6895  7114
13109    6047  6365  6777  7037
13110    6607  1821  6692  6903
13111    1176  1174  1180  6287
13112    6043  6082  6173  6299
13113    5751  5459  5738  6116
13114    5075  4759  6300  6457
13115    1058  1057  1044  6391
13116    5602  6046  6385  6641
13117    5933  6194  6694  6964
13118     663   665  6383  7100
13119    4232  4239  6640  6834
13120    6644  5332  7476  7544
13121    6371  2999  6837  7191
13122    6488  5878  6537  7230
13123    6061  5895  6344  7122
13124    6288  6073  6865  6892
13125     641  5805  6798  7211
13126     517   515  6752  7478
13127    6156  5925  6271  6281
13128    4211  4210  6687  7453
13129    6036  5964  6255  6934
13130    6070  6552  6775  6902
13131    4907  4903  5004  7439
13132    2258  7184  1588  2255
13133    3688  3681  3682  7017
13134    1535  1532  1534  7332
13135     833   824  7315  7653
13136    1720  1989  6810  7421
13137    6138  6525  7241  7646
13138    2962  2961  2963  7169
13139    2956  2957  2963  7169
13140    2704  2706  2707  7491
13141    3957  3953  6638  7344
13142    2992  2995  6347  7191
13143    1753  1759  7163  7647
13144    3178  3162  2836  7063
13145    5064  5055  5913  6940
13146     631   629  6859  6876
13147    5892  6096  6239  7072
13148    2178  2177  6512  7305
13149     270  1554  6194  6773
13150    3192  3195  3185  6314
13151    1123  1203  6234  6597
13152    4104  4105  6118  7079
13153    5714  5719  5707  7114
13154    4731  4726  6679  6901
13155    1160  6441  6492  6754
13156    2694  2690  2699  6336
13157    2733  2737  6346  7652
13158    3546  3545  6091  7340
13159    4857  4856  4494  6575
13160    5688  6123  7145  7192
13161    4616  4615  4674  6473
13162    2712  2710  2711  7430
13163    4705  4702  4703  6820
13164    6248  5989  6918  6995
13165    6522  4218  6910  7453
13166    6619  6358  6842  7135
13167    4996  5364  5320  6819
13168    3407  5814  6690  7193
13169    2062  6331  7216  7629
13170    6205  2857  6357  7063
13171    5953  6202  6228  6328
13172    6207  6012  6844  7260
13173    6428  7614  1300  6680
13174    2702  7006  7470  7491
13175    2787  2785  6804  7645
13176    6207  6150  6436  6620
13177     585   394   617  6648
13178    6125  1261  6276  7377
13179    6333  6219  6717  6803
13180    1465  1469  7043  7533
13181    6351  6272  6714  7413
13182    6716  3254  6753  7141
13183    5093  5074  7001  7544
13184    1734  1722  1737  7421
13185    2265  2260  2264  7452
13186     354   357   273  7253
13187    6228  3368  6328  7310
13188    6350  6372  7283  7433
13189    4799  4803  6445  7575
13190    5079  5332  5076  7544
13191    4803  4802  6445  7575
13192    5017  6551  6633  7433
13193    5022  5203  5201  7433
13194    5017  5200  6882  7433
13195    5509  5516  5518  7573
13196    4900  4903  4902  7439
13197    4054  4052  4058  7576
13198    3201  3100  2939  7316
13199    3495  3486  6646  6825
13200    6775  4481  7383  7656
13201     672   669   671  7404
13202    6331  2089  7044  7629
13203     526   256   258  6619
13204    1995  1965  6397  6497
13205    3652  3659  3650  7029
13206    5867  5841  6576  6605
13207    6456  6883  7243  7380
13208    3988  3989  6199  6924
13209    2079  6055  6168  6449
13210    6264  6923  7113  7298
13211    2972  2971  2973  6711
13212    5678  5676  5679  6600
13213    3620  3619  3621  6190
13214    4603  4621  7174  4591
13215    6269  6159  6458  6855
13216    5034  4904  6976  7073
13217    2575  2581  2497  6710
13218    6118  6924  7079  7580
13219    5835  5966  5833  6094
13220    1150  1151  1074  6377
13221     186   184   185  6614
13222    6136  6129  6439  7141
13223    5517  5516  6090  7223
13224    1143  1280  1136  6850
13225     233   221  6766  7033
13226    6672  3206  7059  7171
13227    5985  3384  6596  6690
13228    1143  1136  1145  6850
13229    1454  1453  7054  7479
13230    6238  6136  6716  7141
13231    6050  6614  6682  7048
13232    5393  5392  5423  6658
13233    6044  3828  6494  6728
13234    1886  1883  1884  6796
13235    1654  1664  1668  7289
13236    1668  1931  1654  7289
13237    6684  6321  6705  7458
13238    3967  3969  3968  6654
13239    1973  1971  1999  6422
13240    3937  6200  7156  7643
13241     189   188  5574  6307
13242    7045   865  7335  7467
13243    6007  5905  6010  6289
13244    2493  2287  2317  6927
13245    3525  3539  6318  6651
13246    1181  6218  6287  7196
13247    6724  6839  7117  7497
13248    3844  5779  3843  6814
13249    6097  6594  6689  6727
13250    3263  3231  3232  6149
13251    6816  1777  6836  7122
13252    6284  6522  6687  7146
13253    5949  5998  6310  6788
13254    5550  6066  7050  7166
13255    1696  1975  7485  7598
13256    3529  3530  3527  6566
13257    5569  5560  6961  7592
13258    3120  3360  3366  6627
13259    6167  5881  6413  6764
13260    4305  6401  6506  6848
13261    6057  6159  6247  6683
13262    5893  5849  6479  7478
13263    4942  4966  4938  7405
13264    5446  5378  5447  7411
13265    5829  5828  5855  5993
13266    2388  2387  6355  7558
13267     820   817   816  7187
13268    5538  6163  7121  7461
13269    4223  4226  4227  6910
13270    1193  6264  6923  7493
13271    5450  5448  5442  7224
13272     100  5892  6758  7520
13273    6005  5985  6596  6690
13274    4472  4839  4838  6858
13275    2740  2732  2733  6346
13276     582   578  7078  7362
13277    3817  3849  4106  7198
13278    4807  4679  4808  7495
13279    3958  3953  6328  7525
13280    4451  4452  6558  7454
13281    6021  6386  6557  7238
13282    6342  5945  6476  7332
13283    1103  1111  6194  6827
13284    2588  2045  2586  6208
13285    2222  2236  6678  7091
13286     252   260   258  6619
13287    5961  5829  6070  6115
13288    1437  1439  6917  7268
13289    6219  6006  6333  6717
13290    3303  3305  3304  6474
13291    1339  1337  1336  6489
13292    6214  6121  6708  6787
13293    2174  2173  6431  7350
13294    5933  5945  6342  6827
13295    6412  6646  6670  7358
13296    2876  2878  2873  7023
13297    2854  2851  2870  7055
13298    6581  6005  7193  7199
13299    3026  3283  3024  6275
13300    4292  4286  4298  6828
13301    5154  5152  6062  7345
13302    4950  4949  4729  6679
13303    1279  1277  1276  7269
13304    5151  5161  6844  7090
13305    5423  5392  5424  6855
13306    6310  1220  7131  7462
13307    3424  3435  3436  7484
13308    5846  5877  5921  5947
13309    2867  2877  2871  7252
13310     403   404   645  6643
13311    5875  5833  5881  5966
13312     193   197  6576  6922
13313    5850  5965  6169  7352
13314    2446  2432  6316  6562
13315     774   776  1036  6389
13316    4353  4451  6558  7419
13317    2221  2218  2220  6869
13318    6107  6260  6339  6729
13319    6178  1999  6363  6446
13320    5855  5935  6070  6196
13321    5065  5315  5288  7010
13322    1882  1892  6029  7425
13323    6395  6032  6398  7039
13324    3369  3363  3370  6770
13325    1018  1014  6732  6906
13326    4090  4059  6248  7331
13327    5858  5911  6340  6848
13328    2472  6126  6349  6722
13329    5871  6045  6090  6175
13330     453   425  6931  7098
13331    5962  6718  7029  7351
13332    1948  6559  6777  7257
13333     260   525   526  6619
13334    4032  6154  7080  7230
13335    6466  3972  6731  6870
13336    2862  2545  2544  6416
13337    1644  1632  1662  7630
13338    3245  3255  6753  7234
13339    4595  4568  7265  4596
13340    1077  1201  1074  6377
13341    5421  5420  5656  6379
13342    1287  1292  6673  7167
13343    6328  3337  6770  7422
13344     261   252  6619  6650
13345    4925  4714  6749  7534
13346    4873  4813  6636  7495
13347    1109  6194  6694  7009
13348     470   782   742  7002
13349    5595  5600  5599  6783
13350    1418  1143  6317  7004
13351    5964  6255  6934  7200
13352    3939  6248  6912  7502
13353    4041  3913  4035  7568
13354    5911  6244  6914  7359
13355    6974  4147  7459  7608
13356    6578  3651  7029  7351
13357    1493  1490  7320  7487
13358    2148  2142  2144  6933
13359    4595  4557  6048  7265
13360    1140  1147  6850  7285
13361    5871  6639  6691  6791
13362    5085  5090  5092  7155
13363    1696  1694  1695  7598
13364    6082  6173  6299  6373
13365    4550  4551  4404  6295
13366    6756  4930  7093  7405
13367    5928  6203  6566  6572
13368    6172  5904  6503  7607
13369    4189  4198  6713  7291
13370    2069  2000  2001  6497
13371    6637  6477  6930  7118
13372    4235  4239  6834  7231
13373    5329  5420  5419  6855
13374    3539  3523  6318  6651
13375    2368  2215  6255  7418
13376    1807  1797  1799  7202
13377     314   313   312  7520
13378    2222  2244  2227  7091
13379     252   258   261  6619
13380    1798  1800  1792  7092
13381    2804  2805  3155  6856
13382    6018  6038  6594  7183
13383     591   584   586  6854
13384    2236  2223  2212  7091
13385    4305  4326  5939  6595
13386    6180  6567  7082  7597
13387    6170  2201  6491  7227
13388    2342  2330  1973  6422
13389     134   137   660  7251
13390    5506  5505  5503  7648
13391    2661  2654  2666  6930
13392    5865  5826  5946  7185
13393    2468  2466  2470  6942
13394    4566  4538  4537  7094
13395    4697  4700  4636  6861
13396    4709  4641  4640  6861
13397    4767  4841  4839  6858
13398    6471  2129  6823  7000
13399    2074  2078  2076  6751
13400    5858  5904  6676  6848
13401    5379  5378  5381  6487
13402    1149  1143  1144  6850
13403     824   826   833  7315
13404    5200  6882  7433  7543
13405     634   714   632  6859
13406    1177   795  6544  7196
13407     470   498  7002  7194
13408    6995  4063  4087  7331
13409    1385  1622  6720  7245
13410    1896  1909  1901  6894
13411    3407  5814  6626  6690
13412    1401  1400  1361  7295
13413    4540  4538  4536  7094
13414    3682  3681  3675  7017
13415    4520  4518  4517  7094
13416     318   317   319  7520
13417    4540  4536  4773  7094
13418     312   320   317  7520
13419    1207  1208  6597  7462
13420    4184  4182  7007  7291
13421    2716  2714  2715  6528
13422    6055  6000  6103  7551
13423    2830  2816  6805  7280
13424    1226   892   900  6529
13425    6679  6403  7352  7609
13426    3901  3897  3899  7399
13427    3762  3451  6155  6296
13428     219   185   220  6614
13429    6252  6231  7120  6319
13430    5893  6479  6752  7478
13431    2353  2364  2365  6992
13432    1194  1196  1195  6923
13433    4812  4780  7139  7514
13434    6128  6052  6687  7571
13435    5679  5676  6484  6600
13436    3701  6217  7152  7504
13437     892   896   904  6920
13438     990  1250  1251  6345
13439    5887  5831  5904  6060
13440    6166  2036  6462  6815
13441    3379  3142  6179  6409
13442    7080  6595  7336  7517
13443    5644  5413  6475  7203
13444    2176  6613  7305  7395
13445     557   554  7088  7140
13446    2239  2232  2240  6932
13447    5101  5094  7278  7518
13448     466   464   465  7249
13449    1309  1312  1308  7173
13450    1116  1121  6319  6625
13451     490   493   489  6699
13452    5251  5240  5250  6760
13453     814   820  6419  7187
13454    6791  5632  6957  7034
13455    2745  2742  6701  7311
13456    4241  4249  7563  4139
13457    3467  3678  3692  6101
13458    5907  5955  6269  6855
13459    4930  7071  7093  7405
13460    4531  4532  4537  7094
13461    1393  1423  1399  7295
13462    4517  4532  4531  7094
13463    5932  5886  6308  6773
13464    1399  1401  1396  7295
13465    1405  1621  7474  7562
13466    1627  1501  6165  7562
13467    6526  6237  6590  5852
13468    6426  6857  7505  7595
13469    5276  5281  5284  7205
13470    6389  5884  6571  6629
13471    5905  5984  6147  6553
13472    6321  2498  6705  7458
13473    2374  2420  2375  7590
13474    3218  3217  6857  7595
13475    4182  4185  3892  7594
13476    1654  1931  1890  7289
13477    2498  6321  6684  7458
13478    6439  6628  6996  7141
13479    1146  1145  1136  6850
13480    5279  5264  6468  6683
13481    1141  1146  1137  6850
13482    6066  6458  7166  7206
13483    4307  4302  4306  7087
13484    5838  6136  6439  7141
13485    4947  5299  7212  7609
13486    2769  2770  2761  6714
13487    3946  3621  6183  6190
13488    2052  2051  2380  6519
13489    6187  3644  6253  6451
13490    5611  5608  6206  7463
13491    1395  1396  1401  7295
13492    5939  5858  6340  6848
13493     547   693   689  6960
13494    5735  5213  5205  7442
13495     634   709   714  6859
13496    5219  6087  6620  6696
13497    1523  6281  6984  7163
13498     978   982   976  6574
13499    6297  5893  7002  7194
13500     724   709   634  6859
13501    4258  4256  4250  7307
13502    5766   694  5809  7319
13503    1036   771  7148  7477
13504    5864  5872  5891  6084
13505     461   494  6130  6699
13506    5926  5853  6229  6291
13507    2546  2862  6416  6667
13508    6130  5893  6699  7194
13509    4289  4291  4288  7247
13510     723   633   629  6859
13511    1501  1500  7320  7562
13512    1350  1353  7016  7052
13513    3464  3484  3488  7358
13514     609   859   860  6797
13515     633   631   629  6859
13516    6054  6359  6580  7489
13517    1193  1189  6264  7493
13518    4924  4919  4923  7093
13519    4930  4936  4934  7093
13520    2049  2046  6988  7225
13521    4939  4937  5035  7071
13522    5890  6235  7032  7379
13523     505   504   503  6068
13524    2144  6311  6933  6935
13525    5894  6125  6732  6906
13526    6889  2891  7112  7438
13527    2975  2974  6711  7400
13528    1831  1832  6985  7366
13529    5989  6564  6918  6995
13530    6373  6073  6805  6888
13531    3870  3869  6417  4152
13532    6118  6552  6826  7292
13533    5878  6451  6537  6916
13534    3970  3963  3784  6466
13535    4003  4178  4170  7256
13536    6033  6538  6807  7207
13537    5827  5824  5828  5921
13538    1897  1898  1894  6197
13539    6580  2722  7470  7615
13540    6926  6151  7539  7665
13541    4147  4140  4133  7459
13542    4210  4209  4110  6687
13543     647   646  6016  7086
13544    6673  1405  1291  7474
13545    2662  2652  2646  7051
13546    5886  5848  5932  5941
13547     512   513  6067  6479
13548    1575  1568  1576  6375
13549    5655  5688  5659  6379
13550    5836  5833  5862  5966
13551    2018  2020  6618  6671
13552    1384  1412  1383  7245
13553    4288  4292  4294  7087
13554     237   266  6067  6385
13555     120   119   123  7276
13556     296   912  1301  6680
13557    2514  2510  6145  7281
13558    2139  2132  6471  6811
13559    3478  3487  3479  6670
13560    5227  5476  6150  6620
13561    5424  5426  5423  6855
13562    5419  5426  5425  6855
13563     959   694   695  6913
13564    5859  5847  5920  6022
13565    6044  3774  6581  6877
13566    2668  2808  6364  6776
13567    6931  6936  6267  7249
13568    5400  5396  6077  6658
13569    6177  6155  7013  7256
13570     825   824   823  7315
13571    1108  1110  1111  6194
13572    5856  6015  6049  6766
13573      94   146   106  7207
13574    1854  1849  7228  7365
13575    1175  1733  6104  6438
13576    3138  3136  3130  6715
13577    6047  2322  6365  7322
13578    1184  6072  6104  6438
13579    4696  4692  4687  7208
13580     912  6428  6680  7267
13581    5437  5746  5747  6689
13582    3802  3807  3800  7583
13583    5828  5824  5846  5921
13584    2009  2006  2010  6618
13585    5964  5925  6040  6471
13586    1548  1569  1786  6836
13587    1203  1123  6234  7493
13588    3891  4186  7007  7254
13589    5784  2131  7318  7654
13590     647   646   648  7407
13591    4538  4566  6240  6872
13592    5948  6173  6437  6539
13593    2363  2634  6800  7509
13594    5908  5864  5917  7529
13595     802   807  6571  7482
13596    1316  1322  6064  7065
13597    6144  6190  6905  6967
13598    4588  4580  5521  6612
13599    4246  4136  4142  6630
13600    1947  2279  7651  2312
13601    2103  7044  7318  7382
13602    4685  4703  4687  6473
13603    5867  5893  6130  7194
13604    5500  5508  7570  5774
13605    1972  1966  6397  7226
13606    4506  4512  6729  7282
13607     269  6282  6561  6635
13608    1424  1393  1422  7004
13609    6124  6325  6554  7308
13610    6204  5956  6375  6663
13611    6807  6867  7207  7483
13612    6017  7053  7150  7420
13613    4533  4775  4527  7025
13614     968   942   962  7363
13615    1259  1261  6125  7377
13616    2051  2056  6290  7026
13617    6037  6624  7096  7210
13618     116   118  7123  7552
13619    1045  6083  6831  7599
13620     642   638  7086  7211
13621    2051  6290  6519  7026
13622    6211  4802  6445  6781
13623     732   737   733  6534
13624    3277  3276  3529  7164
13625    1957  1959  1954  6799
13626    5840  5894  5963  6534
13627    4355  4359  6410  6730
13628    5301  5300  5305  7212
13629    5991    24  6258  7325
13630    1783  1795  1790  7237
13631    4511  6339  6601  7282
13632    5310  5067  5311  7213
13633    6646  3487  6670  7358
13634    3431  3435  6628  7484
13635    4916  4911  4913  6407
13636    5860  5948  6192  6216
13637    2704  2707  2714  6761
13638     810   809  6609  7482
13639    3078  2690  5958  7334
13640    6205  5930  6266  6337
13641    4970  4992  6490  7539
13642    2083  2086  2085  7551
13643    5503  5504  6886  7648
13644    4605  4606  4594  7557
13645    4968  4959  4957  7663
13646    4969  4973  4968  7663
13647    6592  6306  6621  7535
13648    4918  4911  6407  7011
13649    5313  5311  6812  7213
13650    3880  3876  3882  6843
13651    4808  4815  4809  7495
13652    5891  5895  6712  6975
13653     429   433   427  7410
13654    5882  5876  6134  7214
13655    5339  5335  6457  6786
13656      16   447  6514  7523
13657     601   604   606  7215
13658    6599  7420  1912  7053
13659    4539  4540  4541  7094
13660    1375  6702  7377  7661
13661    6980  3350  7367  7658
13662     782   742  7002  7360
13663    3333  3335  3336  7422
13664    5856  6056  6563  7531
13665    5228  5229  5239  7555
13666    5197  5232  5233  7555
13667    4958  4962  4959  7663
13668    4960  4961  4962  7663
13669     673   429   431  7410
13670    2521  2522  2523  7556
13671    4958  4960  4962  7663
13672    4962  4961  4746  7663
13673    5100  5103  5098  7411
13674    2545  2537  2544  7556
13675     330   329   388  7015
13676    1131  1273  1271  6669
13677    6322  6515  6531  7185
13678    5514  6784  7236  7573
13679    3852  3729  7309  3838
13680    2068  2066  2077  7631
13681    6001  6191  6279  7066
13682    6497  6178  6810  7036
13683    6202  6916  7333  7351
13684    5939  5878  6510  6577
13685    6058  5948  6347  7175
13686    6497  6178  7036  7631
13687    4311  4310  7080  7517
13688     753   977   974  7527
13689    1795  1783  1785  7237
13690    6060  6322  6531  7185
13691    6896  6088  6997  7112
13692    5072  5073  7001  7544
13693    6371  6832  7142  7169
13694    3802  3800  6540  7583
13695    4928  4922  4901  7093
13696    5863  6109  6386  6819
13697    6673  1287  7167  7374
13698    1035  1033  6642  7477
13699    5956  6013  6064  6181
13700    2658  2657  7118  7271
13701    6246  6692  7412  7550
13702    1685  1683  1688  6516
13703    5486  5481  6795  7183
13704    6866   934  7061  7363
13705     495   496   489  6699
13706    3869  4151  6974  7323
13707    1942  6799  7188  7516
13708    1690  1952  6541  7217
13709    1571  1483  6064  6405
13710     486   482  6259  7538
13711    6140   809  6389  6571
13712      53   281  6239  6842
13713    3774  3389  6581  6877
13714    1402  7661  1410  1407
13715    6567  6450  6622  7524
13716    4789  5783  6647  6846
13717    7230  4019  4022  4012
13718    5839  5911  6020  6340
13719    1361  1362  7016  7295
13720    3228  3215  6262  6857
13721    1092   857   853  7472
13722    6826  4074  6924  7292
13723    5498  5594  6189  6561
13724    5042  6032  6395  7039
13725    5650  5649  5644  7284
13726     765   763   757  7538
13727    4832  4467  4468  6914
13728    2670  2669  2806  6776
13729    6030  6318  6716  6965
13730    5323  5313  6812  7213
13731    1556  1558  1550  6773
13732    1279  1274  1277  7269
13733    2671  2668  6251  6776
13734    1358  1355  1362  7016
13735    4043  4045  4038  6554
13736    2811  2806  2804  6776
13737    2917  2918  2916  7235
13738    2016  2019  6618  7447
13739    5335  5339  5299  6786
13740    3464  3488  7089  7358
13741    5627  5639  5635  6957
13742    4277  4269  6677  7475
13743    6621   793  6669  7499
13744     685   688  5809  7274
13745     811   813   846  6542
13746    5929  5922  6081  7049
13747    1030  1029  1028  6463
13748    1736  1716  6072  7421
13749    5970  5832  6221  6254
13750     232   228  6766  7604
13751    6853  3751  7628  3868
13752    5055  5064  5913  7136
13753    5934  5918  6309  6383
13754     283   287   282  7408
13755    5162  5230  6207  6436
13756    5395  5404  5403  7633
13757    5000  5357  6460  7619
13758    2247  2241  6743  7303
13759    6702  7243  7377  7380
13760    3439  3431  6628  7484
13761    4937  5058  5031  5913
13762    3281  6051  6572  7097
13763    6302  1434  6344  7300
13764    1598  1633  1604  7630
13765    3648  3640  6213  7254
13766    5259  5023  7283  7511
13767    5916  5956  6405  6663
13768     359   361   354  7009
13769    4907  5004  5005  7073
13770     920   691   961  6913
13771    4500  4379  6339  7220
13772    4792  4794  7468  5173
13773    6718  7333  7416  7351
13774    5869  5966  6599  7037
13775    5994    83  7011  7083
13776    3513  3514  3508  6030
13777    6524  6505  7060  7098
13778    1371  1369  1368  7380
13779    1215  5949  7268  7462
13780    4368  6564  7221  7632
13781     525   251   250  6842
13782    1213  6310  6864  7510
13783     562   569   535  7031
13784     267   274   357  7253
13785    1879  1868  1877  7425
13786    3028  3294  6840  7032
13787    4538  6196  6445  7094
13788     531   536   569  7031
13789     272   263  6635  7253
13790     355   273  6194  7253
13791    5056  5069  5057  7136
13792     246   244   243  7119
13793    3296  3303  6474  6993
13794    6396  6059  6489  7184
13795    3336  3335  6845  7422
13796    2724  2726  6580  7489
13797    3335  3333  6845  7422
13798     852   869   877  7045
13799    4342  4343  4340  7020
13800    6810  6178  7019  7036
13801     569   562   564  7031
13802    5592  5588  5593  7248
13803    6102  6424  7126  7496
13804    5063  5055  5057  7136
13805    4369  4362  4363  7221
13806     465   469   468  7249
13807    5888  6480  6700  7569
13808     914   915   913  7064
13809     869   871   868  7045
13810    3167  2831  2833  6900
13811    6966  5163  7090  7260
13812     877   876   887  7045
13813    4486  4489  6821  7496
13814    4798  4801  4796  7047
13815    3490  3487  3478  6670
13816    6844  6966  7090  7260
13817    5023  5014  6633  7433
13818    3735  3742  6724  7497
13819    4090  4060  4059  7331
13820    1475  6100  7041  7043
13821    6207  6844  7090  7260
13822      97  5662    98  7330
13823    5682  5684  5681  7396
13824     529   533   531  7031
13825    6069  6384  7276  7552
13826    5863  6109  6819  7185
13827     624   614   610  6798
13828    5880  6043  6173  6361
13829    1280  6850  7004  7018
13830     541   459   457  7249
13831    5831  5858  5904  6151
13832    3339  3341  3338  7422
13833    3206  6672  6907  7347
13834     382   394  6648  6968
13835    5963  5884  6140  6794
13836    1559  1765  6941  6953
13837    4475  6914  7359  7371
13838    2659  2658  2655  7271
13839    1952  1689  1690  6541
13840    6420  6709  7051  7611
13841    1916  1915  1918  6249
13842    6306  6592  6621  6669
13843    1862  1863  2141  7365
13844    7053  6599  7168  7651
13845    5832  5838  5900  5996
13846     679  6338  6769  7214
13847    3322  3321  3323  7638
13848    4964  4973  4963  7522
13849    6702  1366  7243  7650
13850    3137  3133  6409  6721
13851    4549  4556  4548  7076
13852    2480  2474  2467  6942
13853    3136  3131  6409  6715
13854    6098  7053  7168  7591
13855    3009  3003  7162  3007
13856     297   290   295  7565
13857    3523  3526  3525  6318
13858    3911  3665  3910  7222
13859    1724  1720  1719  7421
13860    5588  5583  5593  7248
13861    5880  6035  6361  6967
13862    4146  4148  4150  7608
13863    6542   844  7101  7149
13864    1628  1627  1625  7562
13865    4617  4618  7582  7627
13866     899   897  6483  6920
13867    3917  3915  6124  7222
13868    4368  6564  6918  7221
13869    5922  5916  6013  6723
13870    5505  5507  5480  7648
13871     957   951  6952  7353
13872    4205  4116  4204  6128
13873    6623  6689  6895  7114
13874    1716  1736  1723  7421
13875     137   134   135  7251
13876    6285   835   602  7149
13877    6212  3665  6904  7222
13878    2609  2607  7288  7577
13879    6653  6079  6675  6786
13880     641   350   407  7015
13881    4399  4408  4374  7028
13882    6081  5922  6719  7049
13883    6718  6578  7029  7351
13884    3790  4399  4373  7028
13885      29  5759  5760  7248
13886    1721  1723  1719  7421
13887    2634  2636  6739  7509
13888    6633  6065  7283  7433
13889    4320  4312  5817  7601
13890    5502  5506  5503  7236
13891    5512  5507  5514  7223
13892     281    53  6239  6611
13893    4809  4816  7388  7495
13894    5970  3654  6091  6221
13895     442   182  7161  7427
13896    7082  5207  7238  7442
13897     257   256   528  7031
13898    5252  5502  5243  7236
13899    2309  2314  2312  7327
13900     300  4231  6137  7273
13901    3521  3520  6236  6318
13902    5367  6109  6994  7190
13903    3835  3830  6728  7444
13904    4234  3834  3826  7403
13905    5931  6375  6382  6836
13906    6195  6600  7123  7552
13907    2586  6208  6954  7030
13908    3205  3208  7347  7394
13909     660   438   703  6898
13910     214    32   212  6433
13911    5905  5960  5984  6553
13912    3811  3845  7198  7385
13913    4374  4375  4373  7028
13914    4399  4374  4373  7028
13915     897  6231  6483  6920
13916     904   903   892  6920
13917    4374  4380  4376  7028
13918    6630  4241  7307  7563
13919    1736  1738  1737  7421
13920    1720  1718  1719  7421
13921    5591  5583  5588  7248
13922    1724  1722  1989  7421
13923      29    26  5759  7248
13924    4375  4374  4376  7028
13925    5909  5850  6169  6937
13926    6648  6507  6968  7637
13927    4101  4034  6199  7292
13928    2829  2835  2837  6805
13929    6400  6871  7126  7574
13930    6274  6246  6607  7412
13931     806   809   810  6571
13932      31    27  6026  6433
13933     115   104  6095  7483
13934     356   357   354  7253
13935    2320  2311  2314  7037
13936    5944  6236  6724  7117
13937    1830  1829  6168  7366
13938    7221  6482  7443  7632
13939    1717  1998  1990  7036
13940     769   766  6140  7381
13941    3891  3888  3893  7254
13942    7355  6004  7406  7622
13943    1190  1488  7113  7566
13944    6418  6171  7104  7427
13945    4180  3648  3644  7254
13946    3309  3313  3308  7658
13947    1880  1881  1882  7425
13948    3251  3267  6203  7069
13949    2547  2558  6822  7547
13950     356   267   357  7253
13951    2358  2357  2359  6800
13952    6327  5086  6588  7155
13953    7195  3527  3537  3528
13954    6930  2672  6709  7294
13955     569   536   535  7031
13956    6486  6463  6669  7085
13957    6181  1598  6925  7630
13958     153   144  6833  7549
13959    6004  5880  6517  6868
13960     195   412  6114  6576
13961    6090  5541  6589  7448
13962    1632  1645  1646  7409
13963    5445  5120  6573  7224
13964    4440  6400  6424  7574
13965    4180  3885  3648  7254
13966    3644  5795  4180  7254
13967    1491  1492  1167  7566
13968     171  6418  7104  7427
13969    5514  5501  5508  7236
13970    3771  3765  3770  7014
13971     329   327   350  7015
13972     234   528   549  7554
13973    1060  1057  6829  6831
13974    1629  1501  1627  7562
13975    6586  2259  6832  7169
13976    4224  4225  5951  6910
13977    6974  6138  7323  7608
13978    5483  5478  5485  6795
13979    1562  1486  7124  7437
13980     573  6188  6634  7078
13981    6615   379  6767  7189
13982    7006  7470  7491  7615
13983    4532  4566  4537  7094
13984    5512  7223  7463  7648
13985     831   798  6323  6592
13986    6399  4619  7475  7582
13987     768   772   761  7148
13988    4638  4697  4636  6861
13989    4287  4196  7022  7247
13990    6126  5997  6432  6722
13991    5165  5159  6966  7090
13992    5639  5615  5628  6957
13993    4104  4079  4074  6826
13994    6335  7556  6982  6316
13995    1075  1076  1078  6377
13996    3216  3222  3238  7505
13997    6171  5918  6418  6847
13998    2311  2313  2281  7037
13999    5988  6006  6219  6505
14000    6469  1061  6831  6946
14001    1405  1618  1620  7562
14002    6224  6297  7002  7360
14003    4299  4297  4313  6577
14004    3754  3863  3864  6237
14005    1735  1729  1730  7572
14006    1730  1731  1732  7572
14007    6532  6493  6573  7224
14008    2952  2951  6348  6979
14009    1668  6579  7289  7581
14010    6723  1241  6755  6863
14011    3697  3698  6878  6959
14012    3980  3982  3981  7197
14013    6094  2344  2351  7107
14014     881   880   882  7335
14015    2314  2311  2279  7037
14016    4363  4361  4373  7028
14017    1429  1430  1488  7566
14018    3104  3132  3105  6804
14019    2593  2591  2592  7030
14020     254   255   259  6619
14021    2835  2830  2837  6805
14022     146   106  7207  7483
14023    4773  7094  4541  4540
14024     220   230  6056  7033
14025    2268  5778  2311  7037
14026    2830  2843  2837  6805
14027    2049  2042  2046  7225
14028     817   812   816  7187
14029    4309  7080  7397  7517
14030    3773  3767  4171  7014
14031    5872  5905  5956  6010
14032    6001  6279  6388  6648
14033    3451  3449  3764  6155
14034    3462  3457  3677  6144
14035    6567  6655  7082  7548
14036     657   651  7214  7407
14037    1689  1952  1954  6541
14038    1261  1266  1012  6125
14039    1456  1543  1545  7255
14040    5000  5003  5357  7619
14041    1964  1962  6789  7226
14042    3430  3432  3429  6672
14043    6146  4785  7391  7468
14044    4625  4622  4623  6380
14045     860   859   873  6797
14046    1340   997   999  7179
14047     644   640   637  7086
14048    7003  6060  7239  7534
14049    1001  1245   993  6081
14050    5111  5110  6655  7548
14051    2050  2052  2380  6519
14052    5754     8  6193  7048
14053    4238  4229  4231  6834
14054    2209  2212  2211  7418
14055     896   899   904  6920
14056    1319  1310  1345  6464
14057    6141  5923  6149  6426
14058    6281  7122  7163  7647
14059    4363  4362  4093  7221
14060    4999  5000  4994  7619
14061    5950  5982  6519  6988
14062     793  1020  6621  6669
14063    4520  6872  7094  7095
14064    1963  1955  6397  7226
14065     295   290   299  7565
14066    3259  3251  6238  7595
14067    5988  5834  6006  6039
14068    1620  1619  1621  7562
14069    4702  4708  6820  7003
14070    5326  5327  6994  7612
14071    4409  4420  4411  6546
14072    4325  4331  6558  6632
14073    4007  4001  7324  7378
14074    5075  5336  6457  6644
14075    6813  6449  7000  7506
14076     999   998  1005  7179
14077     295   288   297  7565
14078     862   863   860  6797
14079    1139  1134  1138  7499
14080    1904  1914  1905  7420
14081    1405  1620  1621  7562
14082    1911  1913  1914  7420
14083    5463  5462  5461  7428
14084     926   932  6483  6880
14085    6586  2956  7169  7452
14086    6227  6582  6837  7162
14087    5974  6042  6211  6781
14088    5044  5283  6011  6247
14089    1640  1817  1643  7641
14090    3794  3791  3795  6884
14091    5620  5619  5554  6066
14092     863   605   860  6797
14093    3093  3088  6266  6337
14094    6422  1971  6497  7226
14095    4145  4157  4158  7246
14096    6040  6255  6471  6811
14097    5884  5901  6571  6629
14098    6779  2749  7266  7652
14099    6017  5869  6133  6334
14100    6042  4802  6211  6781
14101    6120  5866  6286  6472
14102    4393  6284  7146  7494
14103    4533  4778  6042  6781
14104     950   911   908  6428
14105    1904  1911  1914  7420
14106    1629  1620  1500  7562
14107    1912  2279  6599  7651
14108    1385  1383  1622  7245
14109    1913  1907  1908  7420
14110    1909  1896  1905  7420
14111    1501  1629  1500  7562
14112    4289  4293  4290  7247
14113    5960  6516  6541  7217
14114    4162  4160  4157  7246
14115    5590    29  5593  7248
14116    4288  4293  4289  7247
14117    5583  5590  5593  7248
14118    1905  1908  1909  7420
14119    2096  2062  6948  7216
14120    3793  3794  6494  7444
14121    5759    26  6682  7248
14122    4234  3834  7403  7444
14123    4195  4196  4291  7247
14124    5929  6081  6983  7179
14125    6019  6397  6810  7217
14126    6447  2560  7458  7547
14127    1408  1414  1375  7661
14128    1694  1696  7485  7598
14129    6103  5947  6815  6911
14130    6073  5948  6173  6437
14131    5918  5856  6050  6056
14132    1905  1896  7150  7420
14133    1633  1662  1632  7630
14134    2129  2130  6823  7000
14135    6760  6978  6998  7555
14136     295  4911   288  7565
14137     551   549   565  7554
14138    3331  3333  6513  6845
14139    4163  4155  4165  7563
14140    2546  2872  2863  6667
14141    2729  2727  7489  7615
14142    3082  3080  3078  7334
14143    6521  6272  7376  7488
14144    4869  4868  4851  6693
14145    3521  3740  3519  6030
14146      20    21   198  6514
14147    5407  5408  6658  7203
14148    3738  3743  3723  6547
14149    6222  6805  6888  7280
14150    1602  1601  1604  6925
14151    3662  3665  3664  6212
14152    3150  3161  3160  7219
14153     703  6898  7204  7404
14154    6244  4977  6914  7359
14155    6192  6132  6860  7270
14156    4361  4083  4084  6731
14157    5858  5831  6139  6425
14158    3300  6993  7084  7338
14159    6119  6251  6364  6508
14160    3403  3404  6367  6747
14161     255  6619  6650  6842
14162    6143  5840  6499  6802
14163    5419  5418  5426  6855
14164    4087  4060  4088  6918
14165     513  6479  6752  7369
14166    4951  4732  4735  6901
14167    6015   236  6068  6766
14168    3195  3184  6314  7387
14169    6498  5701  6955  7664
14170    2079  2024  1838  7366
14171    5761  5753  6744  7172
14172    2278  6681  6852  7356
14173    6865  6288  6892  7375
14174    5827  5836  5851  5966
14175    3325  3322  3329  7638
14176     461  6130  6605  7523
14177    1366  1377  7243  7650
14178    4656  4655  6401  6503
14179     445   446  5799  7024
14180    6346  2737  7446  7652
14181    4729  4174  6679  7013
14182    2437  2444  2254  7303
14183    4227  4563  6910  7469
14184    2129  2138  7000  7537
14185    1677  1675  1671  6569
14186    1185  1733  1184  6104
14187    4450  4449  7126  7574
14188    1029   996  6463  7049
14189    2592  2594  2589  7030
14190    2551  2882  2560  7547
14191    5870  6227  6582  6837
14192    1841  1840  6813  7177
14193    5147  5149  6745  7345
14194    2977  2950  6111  6711
14195    1803  1804  1805  7550
14196    1590   293  6680  6897
14197    2208  2200  6170  7227
14198    1058   773   805  6629
14199    2086  2012  2011  7551
14200     613   623  7329  7655
14201    2794  3128  6715  6804
14202    3148  3152  6596  6856
14203    6591  3731  6617  7560
14204    6180  6027  6450  7137
14205    2728  2725  6359  7489
14206    3294  3325  3329  7638
14207    6433    26  6682  7033
14208    3008  3010  6406  7162
14209    1727  1735  1732  7572
14210    1520  1517  6984  7566
14211    5431  5436  5430  7424
14212    5430  5436  5381  7424
14213    1522  1520  6984  7566
14214     550   551   556  7554
14215    5486  5481  5482  6795
14216    5600  5606  5571  6783
14217    6165  1630  6329  6664
14218    5257  5262  6372  7511
14219    2086  2021  2085  7551
14220    3781  3389  6390  7302
14221    2649  2635  7051  7376
14222    3940  3942  6183  7197
14223    1511  1503  1504  7559
14224    1429  1190  7298  7566
14225    6975  1429  7298  7566
14226    1285  1284  1294  7167
14227     229   257   235  6049
14228    2987  2985  2986  6332
14229    5885  6474  7621  7625
14230    4281  4300  4647  6555
14231    6084  6441  6754  7113
14232    3433  3439  6628  7484
14233    6011  5952  6032  6293
14234    1472  1475  1474  7041
14235    3904  6916  7333  7643
14236    6738  2268  7058  7372
14237    1976  1692  6956  7598
14238    5400  6077  6159  6658
14239    6027  5954  6146  7429
14240    3892  4156  3881  6442
14241    3929  3927  3928  7416
14242    3201  6161  6478  7316
14243    3039  2734  6346  7175
14244    5912  5937  6494  7444
14245     437  6939  7024  7161
14246    4615  4614  6286  7557
14247    5976  6882  7260  7433
14248    1408  1375  1376  7661
14249    1411  1409  1406  7662
14250    5704  5701   141  7664
14251    4070  4337  4065  6624
14252    5351  5350  5349  7012
14253    6021  5987  6427  6557
14254    7449  5806   147   143
14255    2021  2086  2011  7551
14256    1778  1776  6816  7122
14257    3287  3293  3286  7659
14258    1412  1414  1411  7661
14259    2603  2606  2604  6746
14260    5400  5396  5397  6077
14261    2013  2008  2007  6662
14262    1853  6485  6879  7074
14263    5274  5273  7157  7561
14264    6075  5899  6138  7241
14265    4280  4285  4617  6555
14266    5991  7183  7248  7384
14267    6611    53   367   368
14268    3424  3436  6996  7484
14269    4984  4741  7607  7665
14270    3879  4152  6417  7321
14271    5704   145  6585  7664
14272    3923  3928  3927  7416
14273    3515  6318  3512  6965
14274    4531  4535  4517  7244
14275    4090  4088  6918  7578
14276    6793  4716  4714  4723
14277    2573  2990  2992  6347
14278    2107  2660  6637  7118
14279    3101  3094  6337  6478
14280    3559  3445  3560  6587
14281    2020  2014  2006  6662
14282    6646  6412  7089  7358
14283    4280  4617  6399  6555
14284    6187  5899  6253  6442
14285    2477  2481  2479  6705
14286    3786  6044  6494  6877
14287     574   565  6188  7554
14288    2374  2375  6668  7590
14289    2939  2949  6979  7634
14290    7470  5813  7491  7615
14291    5845  6131  6486  6003
14292     676   680   675  7657
14293    4161  4188  4168  7241
14294    1706  1704  7492  7585
14295    1675  1926  1915  6569
14296    1612  1610  1614  6273
14297    6316  2532  6335  6817
14298    6585   145  7660  7664
14299    1382  1380  1378  7245
14300    5265  5267  5274  7561
14301    4718  6172  6322  7239
14302    4114  4204  4115  6128
14303     844  6660  7101  7149
14304    1386  5788  1381  7245
14305    1383  1412  1622  7245
14306     674   687   685  7657
14307    4121  6117  6974  7459
14308    2021  2026  2085  7551
14309    3024  3288  3287  7659
14310    6811  2372  7318  7590
14311    6454  5903  6735  7325
14312    5829  6052  6117  6726
14313    2520  2510  2512  6145
14314    5890  5971  6627  7379
14315    6151  6741  6940  7539
14316    3285  5796  3288  7659
14317    2083  2085  6301  7551
14318     528   565   549  7554
14319     679   677   686  7657
14320    4321  4322  7080  7397
14321    4453  4359  4355  6730
14322    5048  5044  5047  6395
14323    5698  5703  5701  7229
14324    4027  4310  6603  7230
14325    6453  5896  6463  6486
14326    1955  1961  1957  6799
14327    4248  4243  4247  6602
14328    6351  3067  6759  7182
14329    6257  5829  6263  6726
14330    5180  6180  6450  7137
14331    4785  4786  7391  7468
14332    1020  6486  6621  6669
14333    2776  2775  2774  7413
14334    2205  2297  2203  7227
14335    3350  3353  3358  7658
14336    2326  2327  2328  7322
14337      25    22    24  6026
14338    6307  5957  6498  7664
14339    3308  3315  6860  7275
14340    6816  7092  7202  7237
14341    4566  4532  6872  7094
14342    6132  6058  6347  7175
14343    1559  2690  6313  6941
14344    2590  2573  7175  7270
14345    1387  1282  1280  7018
14346    6158  6086  6212  7622
14347    4711  4722  4723  7239
14348    2797  2826  2833  6900
14349    2614  2703  2708  7415
14350    6485  6174  6790  7092
14351    6210  5999  6416  6822
14352    4484  4490  4491  7656
14353    4027  4025  4033  7230
14354    1037  1049  7348  7599
14355    3316  3317  3312  7406
14356    5843  6082  6161  6373
14357    1237  1462  6100  6863
14358     276   280   275  6556
14359    2351  2332  6094  6230
14360    3252  6753  7141  7649
14361    6060  6172  6861  7239
14362    5925  6014  6174  6311
14363    2105  1749  2106  6703
14364    5081  4827  6588  7159
14365    6311  6271  6813  7297
14366    6108  6275  6294  6608
14367    2283  2285  6504  7372
14368    4968  4984  4967  7665
14369    3742  3739  3735  6724
14370    6185  5903  6685  6735
14371    3167  2831  6674  7261
14372    1564  1573  7105  7437
14373    5935  5951  6522  7494
14374    1510  1508  1513  7559
14375     711   716   718  6757
14376    3241  3242  3243  6943
14377    5739  5459  5751  7364
14378    4032  4029  4340  7020
14379    4923  4919  6756  7093
14380    2862  6210  6416  6667
14381    1064   843   850  7186
14382    3955  3604  7310  7392
14383    6313  6053  6336  6973
14384    6214  6331  7044  7629
14385    5904  6151  7349  7607
14386    4928  4924  4923  7093
14387     145  5704  6585  7229
14388    6143  5934  6383  6499
14389    2670  6251  6709  7294
14390     539  5978  6763  6936
14391    5890  5885  6376  7621
14392    6440  1750  6990  7326
14393    5930  5843  6073  6888
14394    6468  5261  7511  7561
14395    5633  5634  7034  7284
14396    5561  5560  5568  7592
14397    2607  7577  7343  7288
14398    5489  5525  5490  7232
14399    3245  3239  3237  7234
14400    3872  3862  3877  6843
14401    3821  4107  3812  6257
14402    3695  6101  6878  6909
14403    7116  2800  2796  7645
14404    3929  3921  3927  7416
14405    6161  3201  6907  7316
14406    1504  1525  6835  7566
14407    5713  5711  5708  7317
14408    4721  4720  4719  7239
14409    6685  6650  7103  7233
14410    5870  5880  6868  7622
14411    5959  3685  6765  6959
14412    5721  5715  5720  6689
14413    2169  1889  2170  6435
14414     533   531  7031  7135
14415    3003  3006  3010  6406
14416     339   910  6428  6452
14417     873   860  6797  6919
14418    6029  1892  6903  7425
14419    4593  4594  6369  7620
14420    4340  4343  4321  7020
14421    6547  5996  6617  7038
14422    5858  5904  6151  7349
14423    2612  2609  2614  7415
14424     141  6833  7660  7664
14425     777  1058  6389  6629
14426    2555  2556  2557  6764
14427    2614  2609  2613  7415
14428    2766  2770  6351  6714
14429    1810  1808  1809  7550
14430    2221  2211  7091  7418
14431    3312  3317  3600  7406
14432    6117  4121  6502  7459
14433    6131  6218  6306  7196
14434    5920  5847  6023  6191
14435    5840  5963  6499  6534
14436    2011  2014  6662  7551
14437    3677  3675  3463  7017
14438    2878  2867  7023  7596
14439    5098  5103  5384  7411
14440     568   566   564  6188
14441    6201  5868  6226  6929
14442    1508  1510  1511  7559
14443    6868  3356  6905  7328
14444     496   207  6699  7523
14445    2918  2909  6989  7235
14446     141  5701  6833  7664
14447     839   841   837  6542
14448    3003  3002  3006  6406
14449    5464  5479  5471  6795
14450    5941  5862  5985  6251
14451    1533  1560  6941  6981
14452    4032  4033  4030  7230
14453    1850  1849  1839  7297
14454    2205  2203  1928  7227
14455    2200  2208  2207  7227
14456     761   772  6794  7148
14457    6125  6113  7374  7529
14458    5222  5476  6620  6838
14459    1281  1136  1280  7018
14460    5126  5154  5152  7342
14461    5144  6844  7090  7345
14462    4716  4711  4723  7239
14463    5860  6132  6192  7270
14464    1498  1503  1505  7559
14465    2355  7027  7107  7343
14466    4711  4712  4719  7239
14467    1341  1348  6707  7052
14468    5906  6341  6746  6887
14469    1582  1581  1577  6584
14470    6023  6619  7031  7135
14471     149   148  6242  7660
14472    4712  4710  4699  7239
14473    4956  4948  4950  6403
14474    5990  5959  6765  6959
14475    2917  2909  2918  7235
14476    6151  6322  6515  6741
14477    1528  5945  6342  7332
14478    2751  3104  3105  6779
14479    2310  2308  2309  6777
14480    2771  6364  2765  2772
14481    4719  4720  4722  7239
14482    3659  3652  3660  7029
14483    5406  5412  5402  7203
14484    2697  2667  6930  6973
14485    6313  6162  6440  7368
14486    5965  5934  6069  7083
14487    6131  6003  6453  6486
14488    5049  5065  6011  7010
14489    4712  4711  4710  7239
14490    5988  5867  6576  6931
14491    4869  4775  6042  6693
14492    2849  2838  6805  6900
14493    2059  2039  2043  7481
14494    3928  3925  7259  7416
14495    4712  4718  4719  7239
14496    4711  4719  4722  7239
14497    2990  3002  6132  7270
14498    1387  1389  1283  7018
14499    6025  5998  6570  6625
14500     160   155   161  7549
14501    4138  4132  6737  7106
14502    1158  1152  1153  7426
14503    2347  2600  7027  7577
14504    5938   506  6068  6220
14505    2803  2804  6508  6856
14506    4547  4581  6583  6593
14507    5842  5923  5995  6225
14508    6056  6171  6563  7161
14509    3245  3240  7234  7649
14510    3049  3043  3048  6461
14511    4136  4142  6630  7106
14512    1798  1793  7092  7237
14513    2450  2457  6862  7180
14514     820   819  7186  7187
14515    6210  6416  6667  6822
14516    3685  3684  3699  6878
14517     599   600   609  7215
14518    5825  5857  5873  6202
14519    4364  4350  6972  7210
14520    5213  6557  7373  7442
14521    5375  5213  5212  6557
14522    5109  5204  5210  7238
14523    3666  3674  4000  7378
14524    4362  4371  4366  7632
14525     683   684   678  6769
14526    6172  4742  6861  7239
14527    6204  1580  6584  6688
14528    5998  6252  6501  6570
14529    2148  2149  1857  6311
14530     308   307   305  7231
14531    6117  6138  6381  6974
14532    2969  2977  6645  6711
14533    5667  5666  5665  7287
14534    1065  1055   818  6419
14535    4399  4408  7028  7176
14536    5906  5833  5919  6119
14537    6845  7084  7338  7638
14538    6281  5992  6835  6984
14539    2567  2992  2995  6347
14540    4785  4792  6146  7579
14541    2648  2755  2650  7376
14542    2317  2316  6365  7263
14543    3502  3498  3492  6646
14544     188  5574  6307  6955
14545    2944  2947  6645  6979
14546    1559  1765  1533  6941
14547    6212  6158  7222  7568
14548    6755  1236  1234  6863
14549    4328  4334  6340  6430
14550    5719  5710  5708  7317
14551    6118  6902  4103  7181
14552    2111  1750  6440  7326
14553    5397  5396  5543  6077
14554    6900  7261  6539  6674
14555    3274  3262  3286  6078
14556      34    40  6885  7325
14557    5842  5830  5861  6108
14558    4661  4660  4658  6503
14559    5703  5695  6772  7229
14560    3446  4910  2961  6832
14561    6108  5888  6480  6700
14562    5974  6211  6445  6781
14563    3252  3437  7141  3510
14564    2965  2964  7142  7169
14565    3580  3589  3588  7165
14566    5966  5875  6047  6365
14567    4948  4953  4918  6403
14568    1125  1201  6278  7493
14569    2960  2965  2958  7169
14570    6746  2708  6969  7430
14571    1608  1357  1358  7021
14572    6777  2312  7037  7327
14573     377   380   365  7066
14574    4602  4601  6120  7240
14575    6823  2150  7312  7313
14576    1357  1611  1349  7021
14577    3310  3311  7406  7658
14578    6442  7241  7242  7246
14579    2212  2209  6934  7418
14580    4161  4159  4160  7246
14581    4188  4193  4199  7242
14582    6372  5269  7461  7561
14583    2216  2213  2217  7418
14584    4188  5790  4187  7241
14585    4159  4158  4160  7246
14586    5760  5759  6744  7248
14587    4721  4745  4720  6793
14588    4538  4566  4567  6240
14589    5395  5394  5393  6658
14590    5992  5895  6084  6975
14591    2368  2213  2215  7418
14592    5909  5850  5972  6031
14593     558  6188  6354  7140
14594     113   114  6807  7483
14595    1526  1530  6342  6773
14596    4407  4398  4405  7176
14597      19    18    21  6514
14598    1358  1357  1356  7021
14599    1220  1214  7131  7462
14600    1381  1383  1386  7245
14601    6752   517  7478  7626
14602    1353  1395  1354  6983
14603    2898  2902  7112  2901
14604    1585  1588  1586  7184
14605    6428  6110  6680  7267
14606    4541  4535  4531  7244
14607    1350  1349  1351  7021
14608    1367  1262  1260  6276
14609    3543  3542  3541  6254
14610    1483  1322  1571  6064
14611    5128  5127  6532  7342
14612    6048  6139  6250  7174
14613    1480  1473  1472  6610
14614    4426  4459  6244  7473
14615     160   161   413  6114
14616    6308  5932  6773  7273
14617    6112  5999  6413  6416
14618    1054  1049  1048  7348
14619    4350  4348  6624  7210
14620    5239  5242  5240  6760
14621    4371  4369  5763  7632
14622    5967  3048  6461  6528
14623    4391  4393  7146  7494
14624    6263  6874  7309  7385
14625    3286  3293  6078  7414
14626    2586  2587  2589  7030
14627    5388  5382  5380  7508
14628    6384  6069  7276  7306
14629    4151  4152  4153  7323
14630    1031  1032  1040  6642
14631    4584  4582  4586  6583
14632    6275  6108  6294  7621
14633    5273  5274  5271  7561
14634    6176  5982  6414  6806
14635    6135  4342  7020  7096
14636    1908  2192  6894  7420
14637    6048  6120  6286  7240
14638    5947  6000  6165  6956
14639    6668  6811  7318  7590
14640    2271  2270  2267  7058
14641    6304  6954  7030  7077
14642      33  6735  7233  7325
14643    1382  5788  1386  7245
14644    4359  4451  4358  7419
14645    5274  5272  5268  7561
14646    5938  6140  6609  7381
14647     942   967  7061  7363
14648    1242  1462  1244  6863
14649    3197  3206  6672  7171
14650    6953  6990  7368  7513
14651    3092  3093  2942  7634
14652     833   830  6323  7315
14653    4499  4852  4492  7025
14654    6993  7084  7338  7625
14655     450   454   455  7417
14656    1438  1453  7300  7479
14657     738   740   762  6794
14658     343   398   344  6717
14659    6325  4042  6554  7308
14660    2029  2040  6462  6815
14661    1826  1824  1828  6550
14662    4976  4975  6940  6986
14663    5059  5031  5913  6032
14664    6448  6414  7227  7600
14665    3634  3641  6526  7068
14666    4326  4328  6340  6430
14667    4757  4756  6268  6300
14668    5665  5697  6585  7192
14669    6479  6067  6752  7369
14670    5881  5875  6365  7263
14671    2755  2648  2753  7376
14672    6158  6028  6183  6199
14673    1002  6463  6983  7049
14674    4836  4840  4843  6655
14675    5844  5847  5882  6001
14676     926   931   932  6880
14677    5573  5575  6046  7393
14678    4022  4021  4020  6488
14679    1196  1191  1195  6923
14680    6537  4012  7230  7296
14681    6413  6764  7138  7547
14682    5676  5713  6484  6600
14683     201   244   246  7119
14684    3822   300  6137  7147
14685    6518  2620  6701  7530
14686    3452  3692  3453  6035
14687    5338  5345  7040  5340
14688    5991  6045  6500  7463
14689    4777  4784  6042  7139
14690    6103  7216  6301  7178
14691     146    94  6242  7207
14692    5959  5900  5980  6909
14693    1214  1207  7131  7462
14694    5115  5114  7082  7548
14695    4696  4687  6768  7208
14696    2935  6645  2931  2932
14697    5989  6037  6107  6410
14698    2074  2076  2112  6751
14699    6324  6226  6549  6588
14700    3437  3490  6670  3491
14701    5355  5356  5346  7110
14702    6004  6517  6949  6980
14703     597   598  6152  7078
14704    1327  1328  1596  7005
14705     561   592  6279  7066
14706    1944  1964  1949  6559
14707    4335  4351  4334  6430
14708    4541  4539  7094  7244
14709    3173  3184  3143  7387
14710    6102  6400  6424  6821
14711    3519  3511  6030  3740
14712    1766  1769  6953  7513
14713    4094  4093  4368  6918
14714    6487  6031  6873  7476
14715    5901  6419  6831  6947
14716    5864  5859  5884  5901
14717    4689  4690  7341  7390
14718    3511  3720  6547  3738
14719    6476  6162  6921  7513
14720    5843  5999  6112  6210
14721    3708  3704  3705  5990
14722    3029  3054  7536  7540
14723    3587  3568  3582  6444
14724    1176  1086  1175  5945
14725     484   481  6259  6939
14726    6263  6771  7385  6591
14727    3749  3747  3746  7117
14728    1856  1854  1855  6818
14729    6476  1743  6990  7513
14730    6281  6550  6790  7647
14731    2211  2215  2216  7418
14732    4192  4162  7242  7246
14733    1440  1428  1425  7298
14734    6320  6950  7259  7392
14735    5944  5936  5996  6547
14736    1220  1214  1217  7131
14737    4708  6820  7003  7534
14738    1226  1116  6529  6864
14739    6780   179  7161  7427
14740    1378  6720  6883  7245
14741    5952  5946  6032  6293
14742      52    46    55  7103
14743     373   366   365  6615
14744     777   770  6389  7148
14745    6414  6170  6806  5950
14746    2032  2031  6170  6462
14747    6532  5101  7342  7518
14748    3507  3491  6716  6965
14749    6014  5964  6512  7200
14750    5182  5188  5976  6198
14751    2355  2354  2366  7107
14752    6813  6271  7177  7297
14753    5193  5191  5160  6198
14754    3015  3012  6608  6700
14755    6257  4123  6356  6726
14756    2471  2474  2455  6126
14757    6148  6278  7472  7635
14758    6174  6271  6311  6790
14759    1661  1668  1669  6579
14760     849  6285  6660  7149
14761     821   843   819  7186
14762    4199  5790  4188  7022
14763    5983  7377  6456  6404
14764    4528  4527  4775  7025
14765    7374  5983  7377  7529
14766    5081  4827  5082  6588
14767    6777  6599  7037  7651
14768    6230  2340  6408  7322
14769    4188  4199  7022  7242
14770    1378  1380  6720  7245
14771     771   761   772  6794
14772      26    27  6433  7248
14773    5890  6376  6513  7621
14774    4292  6828  7087  7247
14775    2212  6934  7091  7418
14776    1419  1416  1421  6317
14777    1825  1824  1826  6550
14778    4520  4519  6872  7095
14779    3300  3290  3295  7084
14780    6049   229  6650  6766
14781    2037  2049  2047  6988
14782    5404  5398  5543  7633
14783    3962  3785  3784  6093
14784    3639  3754  5852  6330
14785    6204  6375  6584  6663
14786    1373  1337  6489  6883
14787     746   745   747  6224
14788    6706  6490  7081  7349
14789    6127  6288  6865  7375
14790    4413  4419  4653  6848
14791    1029   996  1025  6463
14792    4309  4311  7080  7517
14793    5591  5588  7183  7248
14794     777   775   770  7148
14795    4194  6253  6488  6713
14796    1091  1092   853  7472
14797    5851  5964  5997  6334
14798    3481  3485  3483  6670
14799    1231  1219  6310  7533
14800    3522  3749  7117  3747
14801    6636  7047  7388  7495
14802    2203  1923  1928  6509
14803    6737  4141  4132  4137
14804    3457  3459  3455  6144
14805    6080  6323  6964  7315
14806    4442  4443  6400  6424
14807    4743  5904  6172  6740
14808    3766  3999  7014  7434
14809     759   756  7209  7538
14810    6594  6116  6881  7364
14811    1922  1916  1917  6509
14812    1630  1625  6165  6329
14813    6332  2968  6997  7400
14814    3851  3867  3853  7507
14815    5525  6027  6229  7232
14816    2056  2065  7216  7481
14817    6056   185  6614  7161
14818    5369  5361  5372  7521
14819    3686  6028  6765  7361
14820    1160  1293  6441  6754
14821    2259  2956  2963  7169
14822    6934  6036  7091  7418
14823    1726  1740  6438  7572
14824    6238  6136  6943  7234
14825    4369  7221  7443  7632
14826    5471  5464  6150  6696
14827    2013  2014  1977  6662
14828    5833  5875  5881  6341
14829    4241  4242  6630  7307
14830    4587  4582  4588  6640
14831    5700  5698  5704  7229
14832    6200  3937  7333  7643
14833    1571  1485  6405  7124
14834    6014  6813  6935  7313
14835    6240  4575  6283  7469
14836    2663  2670  6251  6709
14837     381   591   592  7066
14838    4419  4412  4653  6848
14839     369   364   373  7070
14840    6393  5863  6706  6914
14841    1330  1319  1352  6464
14842    4313  4320  4318  6577
14843    2428  2424  2425  6704
14844    6760  5203  7433  7555
14845    3288  3284  3287  7659
14846    1064   850  7101  7186
14847    5846  5874  6058  6371
14848    6522  4391  7146  7494
14849    1699  1679  1677  6569
14850    2547  2887  6413  6822
14851     399   402  6717  7060
14852    1355  1358  1356  7021
14853    6500  5480  7463  7648
14854    2822  6892  7130  7375
14855    6016  5882  6219  6338
14856    2748  2750  2746  7652
14857    4188  4161  4192  7241
14858    2371  2420  6875  7590
14859    7004  6453  7295  7519
14860    6132  5860  7175  7270
14861    6474  7338  7621  7625
14862    2573  6347  7175  7270
14863    4195  4200  4196  7022
14864    6286  6120  6369  7240
14865    6510  4287  7022  7247
14866    2211  2212  7091  7418
14867    6425  6510  7022  7247
14868    2954  3001  2959  6371
14869    1851  1833  1846  7228
14870    4281  4282  5816  6555
14871    5842  5890  6108  7621
14872    5588  5592  7183  7248
14873    4720  4745  4717  6793
14874    6926  4967  7607  7665
14875    6279   591  6648  7066
14876    6008  5898  6012  6436
14877     100   101   114  6807
14878    4623  4625  6380  7174
14879     336    83  5994  7083
14880    1176  1086  5945  6287
14881    6495  4728  6679  6901
14882    6764  2542  7138  7547
14883     271   274   265  7253
14884    3322  3326  3321  7032
14885    5345  5344  5343  7040
14886      84    88    89  7083
14887    3012  3019  3021  6608
14888    3515  3531  6651  3256
14889    3903  4015  6451  7399
14890    1698  1699  6569  7485
14891     831  1085   795  6592
14892    6235  5967  6294  7536
14893    5903  5837  5972  6008
14894    5871  6090  6163  6175
14895    3079  3406  6626  7334
14896    1880  1885  1878  7425
14897    3686  3687  3973  6765
14898    3511  3519  6030  3501
14899    6764  6167  7458  7547
14900    4300  4281  5816  6555
14901     212   215  6433  7604
14902    5897  5930  6161  6337
14903    1380  1382  1386  7245
14904    6208  5982  6519  6954
14905    4342  4067  6135  7020
14906    1461  1456  1460  7479
14907      24    39    25  6258
14908    2534  2515  2532  6817
14909    5883  5838  6439  7141
14910    3515  3504  6716  6965
14911    2174  2168  2166  7350
14912    3432  3434  3431  6628
14913    3697  3700  7152  7504
14914    6064  6181  6464  7005
14915    4297  4296  4313  6577
14916    2157  2163  2154  7250
14917    1072  1070  1071  6947
14918    1471  1459  1480  6610
14919    5925  6156  6271  6790
14920    3523  5815  6236  6254
14921    6519  5950  6988  7026
14922     727   726  6353  6991
14923    1037  1038  1032  6113
14924    6090  6175  6784  7570
14925    3856  3861  3855  6874
14926    2947  2949  6645  6979
14927     271   265  6635  7253
14928    4703  4702  6768  6820
14929    1174  1185  1178  6287
14930    5990  6540  6928  7583
14931    6025  1197  6597  6864
14932    3797  3798  6814  6928
14933    6024  5935  6075  6139
14934    1186  1191  1187  6923
14935    5904  6151  6172  6322
14936    2258  2255  6448  7184
14937    2093  2080  2027  6301
14938    1585  2296  2255  7184
14939    6950  6320  7310  7392
14940    4483  4488  4489  6821
14941    1614  1615  1617  6273
14942    5846  5824  5908  5921
14943    3268  3267  3279  6203
14944    3848  3842  7309  7385
14945     748   752   743  7360
14946    3152  3158  3150  6596
14947    5065  5050  6011  7056
14948    1209  1208  1189  6597
14949     560   558  6354  7140
14950    5835  2355  7107  7343
14951    3187  3201  6907  7059
14952    4370  4356  4372  6972
14953    4214  4386  4209  7146
14954     717   874  7120  7335
14955    2439  2438  7075  7401
14956    6157  5951  6196  7494
14957    5857  5832  5962  5970
14958    2235  2233  6613  6932
14959    6219   409  6524  7060
14960     270   271  6635  7253
14961    3050  3047  6528  6700
14962    3452  3380  3401  6303
14963    6054  7006  7430  7615
14964    3410  2673  3081  5985
14965    3899  3905  3907  6916
14966    5622  5626  5624  7623
14967    4024  4028  4025  7296
14968    2817  2818  2825  6865
14969    2065  2058  2063  7481
14970    6014  2147  6813  7313
14971    3640  3885  3889  7254
14972    3783  3971  6093  6870
14973    7053  1904  7150  7420
14974    6290  5982  6519  7026
14975    2700  2674  2675  6053
14976    5919  5835  6363  6750
14977    5434  5709  6378  7317
14978    6732  6534  7258  7477
14979    1437  6917  7054  7268
14980    3535  3275  3529  7339
14981    2857  2849  6357  7063
14982    7170  4687  6473  4685
14983    6267  6763  6936  6960
14984    1116   893   892  6529
14985    2134  2135  2124  7537
14986    2389  2402  2390  7382
14987     630  7211   649  6016
14988    2480  6245  6705  6942
14989     859   712   713  6915
14990    3782  3783  3777  6884
14991    1542  1544  1543  7255
14992    3299  3572  6474  3297
14993    1836  1842  7177  7366
14994    5885  5928  5970  6370
14995    5884  5840  5894  5963
14996    4837  4836  6655  6706
14997    3700  3701  7152  7504
14998     965   960   973  6527
14999    2127  2115  6813  7000
15000    6875  2371  7318  7382
15001    6088  5999  6830  6896
15002    4363  4369  7221  7443
15003    3948  3909  3945  6183
15004    6430  6037  6632  6558
15005    1393  1391  1388  7004
15006    4179  4724  4173  7256
15007    4881  4878  4892  6742
15008    4029  4026  7020  7296
15009    5046  5047  5038  6398
15010    5136  5558  5559  7592
15011    5548  5542  5544  7158
15012    1853  1876  1855  6485
15013    6163  5534  7121  7570
15014    3532  3533  3534  7339
15015    4331  4325  6430  7397
15016    2532  2501  6316  6335
15017    3089  2860  3088  6205
15018    3825  3833  3831  7199
15019    2673  3384  5985  6690
15020    4620  4633  6666  7627
15021    2545  2862  6210  6416
15022    6018  5759  6682  7248
15023    3177  6809  7059  7460
15024    6438  6072  6440  7326
15025     471   494  6699  7346
15026    6033  6006  6095  6867
15027    5882  6507  6859  6876
15028    1408  1407  1410  7661
15029    3593  3663  7445  7622
15030    3589  3579  6376  7165
15031     687  6960  7274  7657
15032    6892  6437  7109  7130
15033    2386  2385  2401  7558
15034    5447  5122  5449  7411
15035    4537  4540  4539  7094
15036    3316  3355  6868  7406
15037    5204  5109  7082  7238
15038    6868  3355  7328  7406
15039    1802  6688  7412  7550
15040    6216  5948  7175  7311
15041    5473  5466  5472  6696
15042    3734  6236  7117  7497
15043    5214  5213  5375  7373
15044    3669  3672  6904  7568
15045    1115  1111  1114  6827
15046    5975  6399  6666  7627
15047    5952  5946  6011  6032
15048    4433  4663  4662  6890
15049    5927  6680  6897  7277
15050    2141  1863  6933  7365
15051    5908  5917  6059  6456
15052    3542  3630  6254  7340
15053    5989  6410  6972  7210
15054    1294  1288  1285  7167
15055    6115  5959  6270  6765
15056    4180  5795  7007  7254
15057    5692  5699  7229  7464
15058    6374  6097  6689  6895
15059     202   204   208  7218
15060    5846  5908  5917  5927
15061    4779  4876  5977  7514
15062    2996  2959  2999  6371
15063    2772  2812  6364  6776
15064    5084  6324  6588  7155
15065    3561  3563  3556  6227
15066     566   564  6188  7031
15067    1982  1975  7272  7485
15068     577   562   535  6634
15069    6483   898  6801   932
15070    5910  5948  6437  6701
15071    6697  6333  6758  7015
15072    2996  6371  6837  7142
15073     730   729   740  7258
15074    2004  6565  7402  7447
15075     200   199   196  6922
15076    3791  4395  3796  6884
15077    5933  5945  5979  6218
15078    5636  5639  5632  6957
15079    6156  6281  6790  7647
15080    3411  3410  5814  6690
15081    2902  2973  6711  7400
15082     372   374  6358  7070
15083    5902  5826  5907  5987
15084    3170  3165  6962  7261
15085    5650  5644  6475  7284
15086    1867  1875  7074  7465
15087    6439  6367  6996  7042
15088    3572  3528  6566  3570
15089    2684  2683  2685  7375
15090    5228  5235  5236  6978
15091    6272  6714  7413  7488
15092     105   114   113  7483
15093     130   174  7546  7552
15094    5031  5038  5030  7039
15095    5446  5448  5453  6493
15096    5832  5857  6187  6253
15097    5835  6178  5966  6363
15098     336   291    83  7011
15099    5453  5452  5451  6493
15100     847   602   866  6285
15101     493   491   489  6699
15102    6224  6486  6523  6574
15103    2323  1951  2333  6777
15104    4118  4130  4121  6974
15105    2323  2333  2334  6777
15106    1946  1948  1951  6777
15107    1439  5949  6917  7268
15108    5883  5838  6412  6439
15109    6486  5915  6520  6574
15110     921   929   922  6866
15111     322   323   326  6758
15112    5874  6058  6371  7142
15113    6440  6750  7019  7326
15114    1722  1745  7019  7326
15115    4953   289  4918  7011
15116    6499  6963  7204  7404
15117    4239  4235   304  7231
15118    5911  6244  6340  6676
15119    3058  3042  6298  6461
15120    6062  6201  6532  6929
15121    3423  3194  3196  6672
15122     598   595  6152  7602
15123     660   438  6898  7251
15124    3955  3918  7392  3933
15125    4728  4731  6495  6679
15126     304  6635   307   262
15127    5019  5034  7039  7073
15128    6458  5865  6475  7206
15129    5893  5867  6297  7002
15130    2059  2039  7026  7225
15131    3408  7147  3823  7199
15132    6701  2744  2745  7266
15133    1865  1868  1866  6903
15134    6879  6496  7425  7465
15135    5246  5241  5244  6998
15136    3517  3521  6030  6318
15137    1070  1072  6377  6947
15138    5055  6940  6986  7136
15139    1011   732   733  6534
15140     995  1004   998  7179
15141    3919  3929  3924  7259
15142    6132  2990  6347  7191
15143    2724  2767  3056  6714
15144    3934  3918  6320  7259
15145    2675  2667  6973  7294
15146    3090  3089  6205  7642
15147    6035  3383  6179  6967
15148    1409  1408  1410  7661
15149    5825  5832  5857  5970
15150    2056  2382  6290  7216
15151    6112  5881  6126  6349
15152    1244  1242  6863  7636
15153    5857  6202  6718  7351
15154    6110  5917  6143  6428
15155    5865  5854  6269  6475
15156    6198  5189  6966  7260
15157      72    76    77  7262
15158    3310  3309  3311  7658
15159    2210  2164  2165  7200
15160     722   727   721  6991
15161    6047  5966  6365  7037
15162    4409  4456  4422  6455
15163    6281  5969  6550  7402
15164    4507  4355  6470  6730
15165    1052  1053  6946  7348
15166    3182  3183  3181  7460
15167    6495  5879  6679  7013
15168    6434  5568  7393  7592
15169    6458  6269  7203  7206
15170    1063  1061  6831  6947
15171      14    13    17  7102
15172    6186  5875  6341  6970
15173    3450  3444  3448  7057
15174     445   443   440  6780
15175    6389  1036  7148  7477
15176    1472  6610  7041  7617
15177    3141  3144  3139  6481
15178    6186  6341  6887  6970
15179    5938  5856  6259  6563
15180    4646  4302  6506  7087
15181    5800  2522  6443  6982
15182    4050  4061  7134  7331
15183    5066  5067  5310  7010
15184     657   659   654  7407
15185     654   659   658  7407
15186    6309   174  6418  7552
15187    6448  2303  2298  7600
15188     220   185    11  6614
15189     675   681  7410  7657
15190    4243  4244  4245  7435
15191    2948  2939  6979  7316
15192     307   304   305  7231
15193     168   171  6418  7104
15194    4235  4230   302  7231
15195     306   308   309  6773
15196    3480  3424  3481  6996
15197    6791  6691  7206  7284
15198    6134  5915  6913  7214
15199    5067  5066  5068  7010
15200    4480  4481  4478  6775
15201    4412  4656  4653  6848
15202    6255  2215  6811  6869
15203    6367  6412  6439  6996
15204     710   714   706  6915
15205    6749  4713  6768  6908
15206     494  6130  6699  7346
15207    5556  5558  5136  6661
15208    3715  3719  6771  7046
15209    4459  4463  6244  7473
15210    6310  1213  6864  7131
15211    1776  1782  1775  7122
15212    5260  5534  5533  7121
15213    2777  2822  2790  6892
15214      54  6239  6842  7103
15215    6153  5922  6723  6755
15216    1928  2202  2201  6491
15217    6244  6455  6546  7473
15218    6645  6088  6695  6711
15219    3855  6421  6726  6874
15220    4997  5002  5003  6891
15221    3581  3586  3584  7466
15222    1046  1049  1045  7599
15223    4652  4645  4651  7301
15224    4109  6052  6128  7571
15225    6811  6471  7318  7654
15226    5534  5260  5538  7121
15227    1541  1545  1544  6344
15228    2859  2870  7055  7133
15229    6163  6090  6589  7570
15230    1680  1683  1686  6516
15231     130   131   174  7552
15232    1632  1646  1634  7409
15233    6376  3582  6444  7165
15234    6169  6457  6786  7476
15235    2596  2595  6304  6402
15236     910   908  6428  6452
15237    6101  6367  6747  7089
15238    6326   937  6345  6719
15239    3410  3406  5814  6626
15240    6191   534  7070  7135
15241    7022  5899  7241  7242
15242    6448  5927  6586  7184
15243    6510  4201  6713  7512
15244    5454  5125  6467  6573
15245    2882  2885  2560  7458
15246    2335  2336  2337  6408
15247    3126  3122  3118  7593
15248    4094  4087  4088  6918
15249    5898  5866  5981  6531
15250    4081  4078  4080  6826
15251    4527  6781  7025  7244
15252    5363  5359  6109  7190
15253    3111  3107  3116  7605
15254     212   226   215  7604
15255     226   232   221  7604
15256    5900  5880  5980  6035
15257    4496  4492  4497  7314
15258    5434  5432  6378  7424
15259     553   799  6354  7140
15260    2778  2782  6892  7109
15261     349   109   344  6803
15262    3408  3409  7193  7199
15263    3196  3429  3432  6672
15264    5678  5671  6195  7123
15265    6788  6360  6864  7510
15266    3154  3156  3160  7293
15267    2884  2882  5787  7458
15268    6510  7242  7512  7594
15269    6741  4966  4964  7522
15270    3879  3870  3872  6853
15271     856   849   871  6660
15272    6374  6378  6600  7317
15273    4356  4349  6972  7210
15274    6048  4597  7240  7620
15275    6205  2860  6266  7133
15276    4067  4069  6135  7134
15277    6194  5943  6694  7009
15278    6393  4836  4840  6698
15279    4473  4475  7359  7371
15280    3638  3661  3645  6221
15281    6602  6024  6944  7435
15282    3486  3472  3489  7089
15283    3871  3867  3873  6853
15284    6631  7010  7154  7603
15285    4409  4334  6340  6546
15286    1408  1376  7377  7661
15287    1937  7168  7257  7651
15288      83  4952  5994  6403
15289    6006  6219  6505  7060
15290     315   313  6096  7262
15291     116   117   121  7552
15292    5654    65  6475  7284
15293    6168  2015  6550  7447
15294     596   586   606  6854
15295    1693  1697  6664  7598
15296    1865  1877  1868  6903
15297    2485  2486  2488  6970
15298     429   427  6524  7410
15299    3055  3053  6461  7536
15300    5826  5831  5946  7185
15301    3702  3494  6825  7504
15302    1095  1127  6025  7635
15303    5745  5747  5741  7364
15304    2851  5800  2522  6210
15305    3880  3879  3872  6417
15306     687  6267  6936  6960
15307    6323  6306  6592  7535
15308    5682  5684  7396  7398
15309     541   464  6936  7249
15310    3293  3292  3286  6078
15311    6822  2890  6830  6889
15312    4164  4161  4168  7246
15313    4174  4172  4175  7013
15314    2747  3110  7357  7605
15315    6001  6615  6648  6767
15316    4672  4671  4436  6774
15317    5238  6207  5215  5230
15318    4758  4666  4667  6774
15319     355   359   354  7009
15320    4530  4526  4516  7095
15321    5662    97    95  6538
15322     116  5716   117  7552
15323    1399  1396  1391  7295
15324     359   355   358  7009
15325    6149  3218  6857  7595
15326    5951  6048  6910  7265
15327    2045  2044  2037  6208
15328    4557  4227  6910  7469
15329    3285  3291  7084  3282
15330    6462  2040  6988  7225
15331    2160  2213  2158  6255
15332    2790  2792  7115  7116
15333    2688  2817  2689  6511
15334     486  6259  7381  7538
15335     360   358  1109  7009
15336    2828  2826  6222  6805
15337     293   296  7267  7565
15338    1380  1385  6720  7245
15339     350   348   352  7015
15340    5446  5447  5449  7411
15341    6572  6149  7069  7500
15342    2671  2811  2809  6776
15343     174   131  6418  7552
15344    6251  6364  6508  6776
15345    3761  3770  6587  7014
15346     142   141  5806  7660
15347    2451  2439  7075  7401
15348    5679  5676   116  7552
15349    2385  2386  2387  7558
15350    6537  5878  6916  7643
15351     174  6309  7546  7552
15352     515   487  5893  7478
15353    2875  2872  6695  7023
15354    6652  6070  6775  6902
15355    3347  3354  6517  7328
15356    5338  5339  5337  6786
15357     363   279   286  7408
15358    4475  4470  4473  7359
15359    1842  1841  1836  7177
15360    4257  4242  7307  7435
15361    2772  2810  2812  6776
15362    3358  6980  7406  7658
15363    5029  5254  5024  7553
15364    6268  5879  6403  6679
15365    2727  2726  7489  7615
15366    1617  6147  6273  6579
15367    6439  6412  6670  6996
15368     280   276   283  7408
15369    2880  2874  7023  7596
15370    6907  3203  7347  7394
15371    2502  2429  2503  6335
15372    2860  2861  2852  7642
15373    4187  4273  7528  4274
15374    3867  3860  3859  7507
15375    3089  2861  2860  7642
15376     765   755   764  7381
15377    6701  6437  7115  7266
15378    6500  6045  6886  7463
15379    5329  5425  5986  6855
15380    6032  5913  6515  7071
15381    3455  3459  3461  6144
15382    5919  5906  6272  7611
15383    4534  4772  4778  6781
15384    4730  4729  4174  6679
15385    6121  2397  6560  6787
15386    5884  5901  6140  6571
15387    2114  2110  2113  6703
15388    1016  1009  1007  6732
15389    4472  4766  4765  6601
15390    2847  2848  6357  7613
15391    4699  4700  6861  7003
15392    5279  5270  5264  6683
15393    4331  4345  6558  6632
15394     197  6576  6605  7035
15395    5879  6268  6495  6679
15396    2526  2557  2542  6764
15397    6311  6014  6933  6935
15398    5879  6296  6403  6679
15399    5881  5875  6321  7111
15400    3487  3489  3479  7358
15401    3240  3239  3245  7234
15402    5825  5848  5953  6202
15403     298   290   297  7267
15404     242   201  7119  7218
15405      52    48    46  7103
15406    1636  1638  1643  7641
15407    1440  1444  1442  7268
15408    4798  4796  4800  7047
15409    5832  6221  6254  6590
15410    3607  3608  6513  6950
15411    2176  2177  6512  6545
15412    5379  5380  5382  6487
15413    3640  3648  3885  7254
15414    1028  6463  7085  7269
15415    1458  1450  6610  6917
15416    2515  2521  7281  7556
15417    4044  4075  4042  6554
15418    3763  3764  3759  6155
15419     501   505   500  6068
15420    6697  6798  7015  7189
15421    2752  2751  2747  6779
15422    2176  2161  6545  2239
15423    3772  3771  3770  7014
15424    2849  2843  6357  6805
15425     248   242  7119  7218
15426    5725  5134  5562  6427
15427    3256  6238  6651  6716
15428    3404  3428  3480  6367
15429    4526  4521  6902  7095
15430    6045  6784  6886  7463
15431    4772  4534  4773  6781
15432    5463  5475  6116  7428
15433    1439  1443  1215  7268
15434      43    33    47  7233
15435    3877  3876  3880  6843
15436    5743  5437  5747  6689
15437    5874  5850  5879  6296
15438    7455  6080  7478  7653
15439    4476  4076  4082  6826
15440    6050  6193  6594  6623
15441    6736  5942  6824  6866
15442    5642    69  6312  7034
15443    3013  3050  3023  6700
15444     617  6388  6648  7637
15445    5256  5254  7283  7511
15446    3039  2590  7175  7270
15447    2244  2226  6415  6678
15448    5256  5255  5259  7511
15449    5264  5253  6468  7511
15450    1274  1282  1277  7018
15451     211   204   206  7218
15452    6275  3283  6840  7606
15453    6707  6362  7016  7021
15454    6446  6363  6750  6800
15455    3393  3415  3413  6581
15456    2658  2661  2655  7271
15457    6228  6009  6466  6654
15458    1916  1336  6249  6423
15459    5003  4837  6460  6891
15460     440  6780  6971  7204
15461    6514  6641  7102  7523
15462    6631  6812  7010  7213
15463    1575  1786  1568  6375
15464    5883  6670  6808  7141
15465    1362  1355  1361  7016
15466    2099  2098  2089  7044
15467    3929  3919  3920  7259
15468    5312  5313  5321  7213
15469    5925  6014  6813  6823
15470    6460  5003  6891  7619
15471    1116  1118  6625  6864
15472    3038  6192  6860  7270
15473    5315  5310  5316  7213
15474    3686  3688  3687  7017
15475    2333  6408  6777  6789
15476    5824  5836  5845  5896
15477    5998  6310  6788  6864
15478     525   367  6358  6842
15479    5743  5744  5720  6727
15480    5068  5069  6293  7136
15481    6017  6174  6334  6431
15482     610   396   390  6798
15483    4803  4802  4536  6445
15484    1958  1657  1658  6553
15485    6486   969  6523  6574
15486    5742  5741  5739  7364
15487    5494  6189  7137  7232
15488    6088  5842  6209  6896
15489    5308    80  5994  6675
15490    2139  2140  6471  7537
15491    6124  6325  7308  7568
15492     440   439   446  6780
15493     423   409   424  6524
15494     106   105   113  7483
15495    5534  6163  7448  7570
15496    6030  3521  6236  6318
15497    5494  5498  6189  7232
15498    4910   294  4909  6832
15499    2045  2037  2047  6208
15500    2126  2124  6782  7537
15501     560   552   558  7140
15502    5294  5290  6598  7584
15503    5831  5855  5898  6531
15504    6376  3578  6513  6845
15505    5978  5867  6130  7194
15506     477  6220  6939  7531
15507    5336  5337  5339  6786
15508    4566  4565  6240  6872
15509    6091  3547  6370  7466
15510    6399  4617  7582  7627
15511    1889  1888  2180  6894
15512     737   732   736  6534
15513    4706  4713  6768  7534
15514    3892  6442  7007  7594
15515    6380  6399  7475  7582
15516    3551  3008  3040  6582
15517    1781  1752  6061  7122
15518    6202  5857  6916  7351
15519    2693  2698  1773  6973
15520    3757  3753  3748  6839
15521    2368  2369  6255  6811
15522    1977  6662  6911  7272
15523    6308   300  7147  7273
15524    6652  4522  7095  7314
15525     837   839  6542  7149
15526     275    56  6312  6556
15527    6260  5863  6567  6655
15528    4578  4573  4576  6283
15529    5878  6020  6154  6603
15530    7011  6452  7160  7267
15531    3148  3151  3149  7219
15532    4606  4616  6369  7557
15533    6292  6009  6731  6870
15534     731  1011   733  6534
15535    4092  3965  3969  6654
15536    2241  2235  6743  6932
15537    6394  6133  6613  7395
15538    7157  5543  7166  7633
15539    4728  4725  4727  6901
15540    5616  5615  6454  6885
15541    4614  4613  6380  7557
15542    2964  2996  3443  7142
15543    5700  5699  5698  7229
15544    5862  5919  6477  6750
15545    1687  1709  1717  6899
15546    4982  4989  6490  7081
15547    6779  6216  7446  7652
15548    4294  4303  5816  6555
15549    5694  5699  5822  7464
15550     285   278   284  7408
15551    4155  4140  6138  7563
15552    6134  6267  6769  7214
15553       4  5748  6193  6623
15554     657   650   651  7407
15555    4911   289   288  7011
15556     276   285   283  7408
15557     652   651   656  7407
15558    2879  2878  2881  7596
15559      48    43    47  7233
15560    6980  7275  7406  7658
15561     764  5938  6609  7381
15562     308   306   307  7231
15563    3104  2751  2749  6779
15564    5545  5549  5552  7050
15565    4303  4294  6530  6555
15566    5992  6835  6984  7566
15567     289  4911  4918  7011
15568    6551  6604  7073  7532
15569    2792  2799  2791  7116
15570    7183  5584  5591  7384
15571    2962  3442  3448  7142
15572     446   441   435  6780
15573    1749  2695  6637  7368
15574    2836  6674  6900  7063
15575    2082  6849  7044  7629
15576    6119  6235  6298  6359
15577     408   406   402  6643
15578    3249  3255  3245  7234
15579    1791  1846  1790  7237
15580    5257  5023  5259  7511
15581    1275  1139  1281  7018
15582    6024  6215  6630  7307
15583    3450  3759  6155  7142
15584    6273  5984  6362  6665
15585    4652  4632  4633  7627
15586    6470  4507  6730  7282
15587    5897  6002  6266  6792
15588    5716  5676  5710  6484
15589    6981  1557  6987  7099
15590    5402  6458  7203  7206
15591    5962  6213  6221  6526
15592    4529  6652  7095  7244
15593    6510  7007  7242  7594
15594    5570  5576  5568  7393
15595    2602  2598  2604  6887
15596    6321  5875  6927  7111
15597    3959  3961  6654  7502
15598    5738  6038  6795  7183
15599    2505  2429  6335  6704
15600    1588  1587  1591  7277
15601      65  5654  6475  6659
15602    3583  3657  6221  7029
15603    4648  4654  4651  7301
15604    1591  1586  7184  7277
15605    4300  4643  4647  7301
15606     873   865   862  7467
15607    1999  6178  6363  6422
15608    5827  5830  5881  5999
15609    2955  2954  6371  7062
15610    5984  5960  6003  6164
15611    5138  5134  6105  6180
15612    2635  5812  6521  7376
15613    5933  6080  6544  6964
15614    2231  2232  2233  6613
15615    4140  4147  4154  7608
15616    6453  7018  7269  7519
15617    5837  5840  5856  5918
15618    1833  1850  7177  7228
15619    3956  3368  6228  7310
15620    5546  5623  6090  6639
15621    5698  5701  5704  7229
15622    3330  3336  7379  7422
15623    4375  4363  7028  7443
15624    1497  1489  6748  7487
15625    2583  6341  6969  6710
15626    3797  5779  3844  6814
15627    7614  6428  1300  7064
15628    3458  3343  3377  6967
15629    6541  1958  6553  7516
15630    3812  3821  6257  7587
15631    2989  2982  7471  7503
15632    5839  5873  5989  6107
15633    6326  5942  6483  6880
15634    5871  6206  6454  6639
15635    2428  2427  2430  6704
15636    5910  6121  6355  7530
15637    1187  1169  1168  7113
15638    5934  5850  6110  6296
15639    2828  2821  2816  7280
15640    3008  6406  6582  7162
15641    5837  5828  5850  5855
15642    5943  5926  6189  6561
15643    3168  3171  3169  7261
15644     633   631  6859  6945
15645    4922  4926  4898  6536
15646    1159  1154  6441  7167
15647     574   565   567  6188
15648    6024  6630  6737  7106
15649    1331  1373  1339  6489
15650    2230  2226  2426  6415
15651     917   957  6952  7353
15652     121   117  7276  7552
15653    5330  5425  5424  5986
15654    6887  5835  7027  7343
15655    1555  1560  6981  7099
15656    5716   170   167  6484
15657    4227  4557  4561  7469
15658    2790  2824  6222  7280
15659    6215  4268  7174  7475
15660     375   380   534  7066
15661    1391  1390  7004  7295
15662    4282  4283  6530  6841
15663    6549  6324  6588  7159
15664    6705  2555  6764  7458
15665    4848  4849  6622  6858
15666    2004  1513  7402  7441
15667    6410  4360  7210  7419
15668     445  5799  5808  7024
15669    7053  1937  7168  7591
15670    5904  5975  6060  6861
15671    6479  6080  6694  7626
15672    5188  5182  5976  6742
15673    6566  3276  3281  7164
15674    3191  3195  6314  7387
15675    3672  3673  3669  6904
15676    3186  3184  3174  6962
15677     456   412  6576  7498
15678    5905  5896  5956  6362
15679    5885  5842  5923  7621
15680    3783  3782  3971  6870
15681    6039  5988  6576  6931
15682     124   129   126  7100
15683    4396  4401  3796  6870
15684    1814  1816  1804  7128
15685    1597  1323  1598  6181
15686     927   929   928  6880
15687     419   424   401  7060
15688    3055  3045  3052  6958
15689    3028  3032  3030  7536
15690     365   377  7066  7450
15691    6141  5923  6262  7471
15692    1621  1626  6329  7562
15693    6180  6450  6567  7597
15694    3988  3989  3990  6265
15695    5255  5261  6372  7511
15696     466   467  5978  7249
15697    2377  2379  2060  6948
15698    4285  4279  4284  7354
15699    3730  3743  3744  6617
15700    1740  1742  6438  6476
15701    6292  6232  6295  7176
15702     374   367  6358  7135
15703    2522  6210  6443  6982
15704    6040  6103  6214  6301
15705    4742  4748  4718  6172
15706    6206  6090  6784  7223
15707    6045  5865  6063  6175
15708    5931  6156  6686  6836
15709    3242  6426  7347  7505
15710    5908  5950  6142  6491
15711    5689  5683  5693  7192
15712    4436  4670  4750  6871
15713    2471  2470  2473  6942
15714    3726  3724  3725  6771
15715    3409  3831  3415  7199
15716    3059  3052  6465  7536
15717    4924  4713  4925  6749
15718    3546  3627  3630  7389
15719    2938  2937  3088  6266
15720    6164  1702  6317  7585
15721    1930  1903  1936  7591
15722    6346  3039  7175  7270
15723    5980  3619  6028  7017
15724    6286  6369  6472  6473
15725    5924  6415  6432  6934
15726    2704  2714  2716  6761
15727    1720  1724  1989  7421
15728    5701   188   152  6498
15729    4909  1593  6586  6897
15730    5517  5623  5624  6639
15731    7212  5299  7352  7609
15732    5211  5213  7373  5768
15733    1902  1653  7150  7526
15734    5747  5746  5741  7364
15735    5897  5843  6043  6082
15736    3068  3074  3117  6759
15737    6610  1479  6663  7617
15738    2417  2418  2404  6875
15739    6196  6652  6781  7094
15740    1678  1699  1677  6569
15741    4519  4520  4516  7095
15742    5884  5864  5901  6831
15743    2375  2219  6668  7590
15744    3242  3238  6943  7505
15745    4508  4501  4513  7282
15746    6458  5402  7166  7206
15747    3403  3404  3480  6367
15748    6164  6317  7004  7492
15749    6252  6182  6392  6757
15750    3954  3953  3952  6638
15751    5835  2366  6992  7107
15752    1595  1593  4909  6897
15753    2219  2412  6668  7456
15754    6213  3640  6526  7254
15755     707   716   711  6757
15756    2252  2247  6743  7303
15757    4474  4838  4829  6698
15758    4292  4303  4294  7087
15759    6171   177  6847  7431
15760    4604  4606  4607  7557
15761    5950  5947  6142  6166
15762    5503  5505  5504  7648
15763    2841  2525  2523  6982
15764    4891  4885  4690  7390
15765    6483   878  6736  7120
15766    5285  5276  5277  7205
15767    1266  1012  6125  6906
15768    4153  4144  4145  7323
15769    2593  2627  2631  6954
15770    5271  6077  7157  7561
15771    5999  5897  6088  6695
15772    5911  5858  6676  6848
15773    4837  5002  5001  6706
15774    4548  4760  6277  6647
15775     310  1550  6773  7273
15776     787  6543  7455  7535
15777    4503  4507  6470  7282
15778    6353  6392  6736  6757
15779    6467  5455  6573  7428
15780    3044  2728  6359  6461
15781    5651    71    69  6280
15782    6140  5963  6794  7209
15783    5930  6205  6357  6373
15784    1541  6061  6344  7122
15785    2889  2886  6830  6889
15786    5910  6073  6288  6437
15787    1699  1700  1698  6569
15788    5998  5864  6025  6278
15789    3631  3628  3626  7389
15790    2518  2845  2519  6982
15791    5788  1382  7243  7245
15792    2856  3090  6205  7642
15793    6294  6235  7536  7621
15794    5279  5278  6683  7283
15795    7228  1854  7365  7624
15796    3972  3971  4084  6870
15797    6063  6436  6760  7433
15798    1792  1791  7237  7624
15799    7074  6496  7425  7451
15800    1019  1017  1259  6125
15801    2938  2937  6266  6792
15802    4399  4401  4400  6870
15803    6790  6818  7092  7624
15804    1800  1792  7092  7624
15805    3782  3792  4401  6870
15806    5634  5648  5647  7284
15807    5012  4907  5005  7532
15808    2719  2762  2757  6580
15809    1365  1260  1363  7377
15810    1278  1002  6463  6983
15811    5448  5446  5449  6493
15812    4249  4139  6737  7563
15813    2167  2172  2166  7350
15814    6071  6797  6915  7637
15815    4904  4905  6536  7073
15816    3628  3633  3626  7389
15817    1415  1728  6317  7285
15818    5865  5871  6691  7206
15819    3628  3541  3630  7389
15820    3028  3052  3059  7536
15821    3050  3053  3054  7536
15822    4314  4319  4312  7601
15823    4229  4238  4236  6834
15824    5929  6362  6453  6983
15825    6449  6271  6985  7177
15826    1680  1610  6273  6553
15827    1125  1095  6025  7635
15828    4889  4888  4873  6636
15829    4547  4583  4581  6593
15830    6232  5873  6482  7028
15831    2498  2475  2494  6321
15832    5827  5843  6043  6129
15833    5408  5407  5406  7203
15834    1000  1001  6719  7179
15835    4670  5070  4750  6871
15836     805   773   806  6629
15837    4347  4354  7210  7419
15838    6805  2816  6888  7280
15839    5866  5974  6211  6445
15840    1115  6964  1081  1108
15841    3596  3316  3355  6868
15842    1008  6732  7258  7477
15843    6287  1179  7196  7285
15844    1611  1608  6273  7021
15845    4826  4825  4823  7159
15846    2206  5950  6170  6462
15847    3445  3765  3759  6587
15848    4755  4758  4725  6495
15849    6288  6668  6708  6875
15850    6269  6458  6475  7206
15851    6769   691  6913  7274
15852    3781  3388  6390  7525
15853    3156  3151  3160  7219
15854    1495  1496  1497  6748
15855    6476  6921  7332  7513
15856    6456  6059  6489  7380
15857    6181  5956  6289  6725
15858    5919  5835  6420  6800
15859    4981  4983  4987  6926
15860     276   278   285  7408
15861    4710  4715  4708  7534
15862    1387  1389  7018  7519
15863    2542  2526  6349  7138
15864    5304  4952  4947  7212
15865     814  6419  6629  7187
15866     375   372   373  7070
15867      40    24  5582  7384
15868    6813  6823  6935  7313
15869    5497  5530  5528  6561
15870     929   927   925  6736
15871    2396  2395  2402  7299
15872    6224  5915  6486  6574
15873    4685  4686  4676  7170
15874    6780   439  6898  7204
15875    5171  4785  6146  7579
15876    4318  4305  4307  6577
15877    6298  3318  6465  7379
15878    2289  2281  7263  7372
15879    6339  4502  6470  7282
15880    3023  3022  3027  7540
15881    5665  5693  7192  7287
15882    3182  3181  3180  7460
15883    6781  6652  7025  7244
15884    3180  3181  3177  7460
15885    3181  3183  6809  7460
15886    3409  3408  3831  7199
15887    4147  4131  4149  6974
15888      40    37    24  7384
15889    2160  2150  2159  7200
15890    3841  3845  3846  7385
15891    4323  4309  7397  7601
15892    5649  5648  5410  7206
15893    1943  6160  6559  7188
15894    4664  4672  4667  6774
15895    5009  6429  7439  7532
15896    4717  6322  6756  6793
15897    5277  6598  7205  7584
15898    6123  6585  6772  7192
15899    5630  5410  5648  7206
15900    1412  1411  6404  7661
15901    3160  3156  7219  7293
15902    2522  5800  2841  6982
15903    1761  1783  1790  7647
15904    3438  3430  3247  7649
15905    1410  5789  1409  7661
15906     131   130   117  7552
15907     131   117  5716  7552
15908    4715  4716  4925  7534
15909    2224  2424  7456  7541
15910    4148  4151  4150  7608
15911     897   896  6231  6920
15912    6272  6351  6364  7413
15913    5880  6190  6517  6868
15914    5545  7050  7158  7166
15915    1916  1336  1337  6249
15916    5906  5861  6054  6969
15917    5658  5661  6379  7287
15918    5926  6067  6385  6641
15919    6257  6263  6814  7198
15920    6154  6020  7020  7080
15921    3321  3319  3324  7032
15922    4885  4891  4887  7390
15923    2573  6347  6402  7175
15924    6244  5911  6340  6455
15925    1634  1633  1632  7630
15926    2759  2763  6714  7488
15927    3589  6376  6950  7165
15928    2092  2125  2095  6099
15929    4366  4367  6972  7632
15930    5951  6048  6250  6602
15931    3608  3331  3342  6513
15932    3391  6581  7302  7567
15933    6076  5894  6534  6906
15934    1509  1525  1523  6984
15935    6530  6577  7247  6828
15936    4149  4131  4130  6974
15937    4807  4800  7047  7495
15938    6816  6156  7237  7647
15939    5551  5630  6066  7206
15940    1520  1517  1522  6984
15941    1514  1515  1517  6984
15942    5517  5624  6206  6639
15943    5858  5887  5904  5975
15944    5282  5279  5280  7205
15945    2525  2841  2518  6982
15946    5283  5284  5280  7205
15947    2552  2556  7458  7547
15948     553  6354  6609  7088
15949    1231  1466  1219  7533
15950    6219  6006  6717  7060
15951    4986  4982  6490  6926
15952     107   146  6095  7483
15953    5882  5844  6001  6697
15954    1212  1213  6310  7131
15955    5307    80  5308  6675
15956    6686  1779  6816  7202
15957    3785  3776  3778  6877
15958    1700  1673  1670  6720
15959    3028  3282  6840  3294
15960    6105  5134  6427  6434
15961    1847  7228  1846  7624
15962    4626  4627  4629  6535
15963    5859  5847  6022  6285
15964    6179  3374  6303  7151
15965    5921  5877  6040  6214
15966    1112  1739  1087  5945
15967    4104  4074  4100  6118
15968    1040  1032  6113  6642
15969    5892   100  7262  7520
15970     892   903  6529  6920
15971    1274  1275  1281  7018
15972    6678  2234  6743  6932
15973    5933  5845  6104  6218
15974    6432  5997  6545  6678
15975    3601  3663  3668  6212
15976    6143  6110  6428  6452
15977    6251  2662  6709  7611
15978     248   245  6752  7119
15979    2615  2607  2611  7288
15980    6725  6343  7289  7501
15981    5897  5923  6111  6262
15982    1231  1212  1227  6310
15983    4664  4671  6774  7264
15984    4654  4648  6401  7301
15985    2989  2988  2986  6332
15986    3786  3829  6044  6877
15987    5825  5829  5832  5838
15988    5566  5565  6434  7337
15989    3331  3608  3579  6513
15990    1197  1204  6597  6864
15991    6177  4171  7014  7256
15992    6361  6299  6409  7151
15993    5865  5826  5898  5946
15994     349   346   345  6803
15995    3389  3391  6581  7302
15996    2582  2612  2708  6969
15997    4723  7239  4720  6793
15998    5941  6336  6626  7334
15999    5390  5387  6378  6873
16000    2585  2580  2584  6710
16001    5939  5878  6425  6510
16002    6278  1077  6377  7493
16003    6758  6697  7015  7440
16004    6275  6225  6332  6608
16005    1804  1801  7128  7550
16006    2899  2967  2966  7400
16007    6386  5863  6460  6655
16008    6334  6133  6435  7395
16009    5859  5864  5998  6501
16010     868   871   870  7045
16011    3866  3751  3864  6237
16012    1341  1342  6707  6983
16013    2039  6815  7026  7225
16014     299   298  7267  7565
16015    6163  6077  7157  7166
16016    4766  4511  6601  7282
16017    6289  1668  6579  7289
16018    6314  3184  6962  7387
16019    6504  2282  6681  7075
16020     282   281  6239  6611
16021    2486  2490  6970  7111
16022    5529   269  5530  7290
16023    4184  4190  4182  7291
16024     763   756   757  7538
16025    3839  3842  3848  7385
16026    4122  4119  4124  6502
16027    3193  3194  6314  7171
16028    6554  4072  6826  7292
16029    4331  4345  4344  6558
16030    5653  5634  5647  7284
16031    4716  4714  4925  7534
16032    5497  5530  6561  7290
16033    5407  5409  5406  7203
16034    4512  4508  4513  7282
16035    2713  2704  6761  7430
16036     748   752  7360  7527
16037    4511  4512  4513  7282
16038    4716  4715  4710  7534
16039    6382  1471  6610  7054
16040    4261  4163  4165  7646
16041    7259  3921  7416  7502
16042    1672  1673  6569  6720
16043    1592  1593  1595  6897
16044    6950  6320  7259  6718
16045    1069  1156  6377  7426
16046    4690  4890  7390  7480
16047    1503  1510  1505  7559
16048     169  5723  6847  7114
16049    3157  6390  6656  7302
16050    4831  4838  4840  6698
16051    4854  4851  4861  7386
16052    1081  1087  1090  5979
16053    4318  4305  5939  6595
16054    5839  5863  6151  7185
16055    5839  5831  5858  5899
16056     903   900   892  6529
16057    5910  5877  5948  6518
16058    3110  3109  7357  7605
16059     417   416   415  7060
16060    2722  2720  7615  2727
16061    4226  4557  4227  6910
16062    3127  3160  7219  7293
16063    1433  1434  1436  6975
16064      98  6243  7287  7330
16065    3388  3781  6390  7302
16066    5949  5891  6234  6864
16067    5800  6443  7055  7067
16068    6008  6062  6207  6844
16069    2180  1900  1909  6894
16070    5397  5271  6077  7157
16071    3149  3155  6856  7293
16072    1203  1209  1202  6597
16073    6512  6014  6935  7250
16074    2621  2619  2620  6518
16075    1188  1202  1189  7493
16076    1492  1493  1489  7487
16077    1516  1436  1514  6975
16078    1221   939  6345  6801
16079    3871  3870  6417  6853
16080     893   896   892  6920
16081    4689  4692  4695  7208
16082    4214  4209  4212  6687
16083    5995  6332  7471  7503
16084    5946  6429  6604  7073
16085    6274  6725  7409  7641
16086    2262  2261  2260  7452
16087    3712  3715  7038  7046
16088    2062  6331  6948  7216
16089    3643  3647  3649  6213
16090    5838  5832  5944  5996
16091    1202  1203  6597  7493
16092    2000  2002  2001  6497
16093    2898  2894  2892  6830
16094    2026  2018  2025  6671
16095    6878  3685  6909  6959
16096    3343  3379  3377  6179
16097    6677  6215  6841  7475
16098    5217  5216  5215  6207
16099    4223  4563  4221  6910
16100    5987  6305  7145  7396
16101    6392   714  6859  6915
16102    4609  6120  6369  6472
16103      73    77    70  7262
16104    5945  6104  6162  6476
16105    6030  3511  6547  6724
16106    6008  5972  6038  6467
16107    1101  1075  1067  6278
16108    2100  2103  6099  7318
16109    5863  5826  6021  7185
16110    2900  2903  7112  2901
16111    6069  7100  7276  7306
16112    6204  1599  6584  6925
16113    6852  7058  7127  7372
16114    5445  5120  5129  6573
16115    2361  2362  6446  6992
16116    1072  1078  6377  6947
16117    6040  5925  6449  6471
16118    2946  6907  7316  7394
16119    2015  1507  6550  7447
16120    1188  1189  1193  7493
16121    1568  1570  1573  7105
16122    1424  1423  1393  7004
16123    2008  6565  6662  6956
16124     686   676   683  6769
16125    6012  5898  6223  6733
16126    1839  1841  7177  7297
16127    6187  6213  6526  7254
16128    1387  1280  1388  7004
16129    2116  1836  7177  7366
16130    3314  3312  3600  7406
16131     968   983  6233  6527
16132    3312  3314  3310  7406
16133    5695  5703  5702  7229
16134    1840  2149  6813  7297
16135    5827  5825  5885  6043
16136    2346  2488  2327  6186
16137     596   595   588  7602
16138    2543  2541  2562  7564
16139    1435  1430  1429  6975
16140    3401  3692  6303  6747
16141    5949  6712  7268  7462
16142     452   454  6931  7035
16143    7102  6641  7218  7523
16144    4587  4554  4586  6583
16145    5851  5836  5905  6007
16146    3854  3850  3848  7385
16147    6603  4310  7080  7230
16148    3024  6275  6840  7659
16149     145  5700  5704  7229
16150    3552  3009  3008  6582
16151    3736  3741  3737  7497
16152    1557  5781  1551  6987
16153    1440  1425  6712  7298
16154    4682  4679  6472  7341
16155    6530  6425  6555  6841
16156    5901  6148  6501  7186
16157    6602  6250  7307  7586
16158    6515  6322  6531  6749
16159    5758  5751  5753  7172
16160    4693  4706  4713  6768
16161    5885  5923  6136  6149
16162    2302  2297  2207  7227
16163    3481  3476  6670  6996
16164    2395  2396  6787  7299
16165    4655  4657  4649  6740
16166    4110  4111  6687  7571
16167    1802  1575  6688  7550
16168    6011  6057  6247  6604
16169    1509  1758  1507  7402
16170    4075  4442  6400  7383
16171    3870  3879  6417  6853
16172    1435  1433  1436  6975
16173    6129  6672  6907  7059
16174    4669  4665  4666  7264
16175    1580  1583  6688  7412
16176    2394  2398  2783  7530
16177    1516  1435  1436  6975
16178    4762  4764  6601  7201
16179    6016  5882  6134  7214
16180    6134  6267  7410  7657
16181     691   684   683  6769
16182    6161  3099  6478  7059
16183    6977  7054  7268  7457
16184    3316  3312  3311  7406
16185    1803  1805  1810  7550
16186    3312  3310  3311  7406
16187    4708  4715  4706  7534
16188    2228  2224  2225  7541
16189    4159  4165  4158  7646
16190    2779  2795  2787  7645
16191    6263  6381  6421  6726
16192    6790  6985  7237  7647
16193    5455  5454  6467  6573
16194    3786  3828  3787  6044
16195    4158  4155  7608  7646
16196    4165  4159  4166  7646
16197    2877  6266  7252  7596
16198    2633  2642  2641  7143
16199     256  6049  6619  7031
16200     822  1107  1080  6964
16201     844   849  6660  7149
16202    2097  2391  2096  6948
16203     320   100  6758  7520
16204    4770  4768  6601  7201
16205    3841  3839  3848  7385
16206    6264  6712  6923  7298
16207    6164  6352  7279  7585
16208    4575  4571  4567  6240
16209     585   606  6854  7215
16210    5894  5840  5917  6802
16211    6427  5940  6434  7393
16212    5130  5106  6567  7082
16213     680   676   686  6769
16214      63    57    64  6556
16215    6441  6754  7113  7545
16216    2813  6508  6856  7293
16217    5848  5937  6005  6044
16218     664  6143  6383  6802
16219    6392   713  6797  6919
16220    6096  5892  7262  7520
16221    4610  4609  6120  6369
16222    6115  6257  6540  7571
16223    6088  5842  6167  6209
16224    6222  6073  6539  7116
16225    5900  5936  5944  6412
16226    6421  4118  6726  6974
16227    5830  5842  5890  6108
16228     770   769   809  6140
16229    5834  5876  6134  6219
16230    3401  3376  3402  6303
16231    6285   870  7045  7467
16232    6503  6401  6740  7301
16233    1224  1226  6529  6864
16234     641  6798  7015  7211
16235    6650    51  7103  7233
16236    1185  1173  6104  6287
16237    4325  4321  6020  7397
16238     443   484  6259  6939
16239    4830  4829  4831  6698
16240     201  5577  5601  7119
16241    4398  4397  4404  7176
16242    2728  6528  6761  7489
16243    2014  2012  6911  7551
16244    3161  6656  7219  7302
16245    3860  3867  6421  7507
16246    6539  6437  6779  7266
16247     372   374   367  6358
16248     807   806  6571  7187
16249    6088  2970  6695  6711
16250      56    57    63  6556
16251    1917  1923  1922  6509
16252    6023  6239  6685  6842
16253    6148  1065  6419  6829
16254    3311  3358  7406  7658
16255    5135  5138  6180  7597
16256    2355  2352  2348  7027
16257    5464  5465  6150  6696
16258    4597  4596  6048  7265
16259    6019  6352  6899  7279
16260    1106   519   521  6694
16261    5053  5050  5048  6011
16262    5086  6327  6588  7518
16263    1682  1684  6516  6541
16264    6009  5873  6292  6731
16265    4290  6530  7022  7247
16266    2505  2509  2506  6092
16267     690  6960  7274  7319
16268    5691  5687  5373  6305
16269    4014  4194  6253  6488
16270    3984  3803  6270  6765
16271    5894  6076  6534  6802
16272     372   369   373  7070
16273    5933  5849  6080  6694
16274    2030  6166  6491  6569
16275      61  6312  6556  6735
16276    5872  5908  5921  5969
16277    2249  2252  6743  7303
16278    3495  3716  6825  7038
16279    6148  6278  6501  7472
16280    5787  6209  6447  7458
16281    4808  4679  7341  7495
16282    3429  3430  6672  6943
16283    6066  5631  5620  6791
16284    5972  5903  6008  6038
16285    4639  4635  6535  6666
16286    2851  2869  2870  7055
16287     891   876  6252  6319
16288     226   225  6650  7604
16289    6202  6009  6228  6654
16290    7076  4555  7391  7429
16291    2535  2531  6817  7304
16292     715   925   878  6736
16293    5878  5839  5889  6020
16294    4949  4948  6296  6403
16295    2262  2260  6586  7452
16296    5830  5833  5881  6684
16297    2015  1824  6168  6550
16298    6001  5892  6239  7072
16299    6895  5707  6689  7317
16300    6063  6350  6760  7121
16301    2839  2518  6443  6888
16302    2810  2811  2814  6776
16303    3056  2766  6359  6714
16304    5912  6044  6093  6494
16305    1411  1626  6329  7474
16306    4457  4464  4470  7359
16307    4625  4622  6380  7582
16308     419   421   416  7060
16309    1316  1322  1483  6064
16310    4899  4886  4901  6908
16311    4738  4740  4743  6172
16312    4296  4313  6577  6595
16313    1450  5769  6085  6917
16314    5326  5367  5368  6994
16315     748   784  6543  7360
16316    2424  2228  2426  7541
16317    6502  6117  6737  7106
16318    6135  4069  6624  6995
16319    1849  1851  7228  7297
16320    6059  1299  6396  6489
16321     761   738   762  6794
16322    6297  6543  7455  7588
16323     606   607   594  7008
16324    6014  5964  6334  6512
16325    6900  6539  7108  7116
16326    6101  6041  6878  6909
16327    3799  3704  5990  6959
16328    3510  3507  6716  6965
16329    2932  2970  6645  2931
16330    4734  4725  6495  6901
16331    6065  6604  6633  6938
16332    4198  4194  6713  7291
16333    1253  1245  6153  6719
16334    5377  5731  5681  7396
16335    6192  6004  6949  7275
16336     349   344   346  6803
16337    5654  5646    65  7284
16338    6921  1530  6941  7332
16339    5915  5845  6306  6486
16340    6388  6152  6797  7008
16341    1085   831  6323  6592
16342    4351  4455  4456  6455
16343    5648  5649  5647  7284
16344    4787  4794  6846  7468
16345    6686  1812  6692  6785
16346    5857  5825  5885  6202
16347    6222  2790  6892  7116
16348    2794  3104  2793  6804
16349    5956  5916  6382  6663
16350    5682  5681  5731  7396
16351    3649  3646  3648  6213
16352    2080  2088  6301  6849
16353    1292  1294  6673  7167
16354    6290  6851  6948  7216
16355    6437  6892  7109  7115
16356    6382  6836  7105  7255
16357    3133  6411  3105  6715
16358    5103  5378  6487  7411
16359    5854  5865  6185  6691
16360    5935  5866  6157  6196
16361    3128  3130  3134  6715
16362     338   334  7160  7267
16363    4168  4161  7241  7246
16364     202   205   204  7218
16365    2185  2183  2184  7395
16366    6849  6301  7044  7629
16367    5982  5948  6304  7175
16368    4221  4391  6522  7494
16369    2337  2330  6094  6422
16370    6147  1662  6181  7630
16371    2274  5776  2282  7356
16372    1397  1395  1394  7519
16373    5858  5839  5911  6151
16374    4638  4636  6666  6861
16375    4484  4491  6821  7656
16376     966   964   958  7363
16377    4252  4254  4253  6048
16378    5758  5752  5823  7172
16379    6231  6529  6801  6920
16380    1387  1392  1398  7519
16381     503  6015  6068  7531
16382    5378  6034  6487  7411
16383    4364  4356  4349  6972
16384     777   776   774  6389
16385    6105  5135  6180  7082
16386    3268  3258  3259  6238
16387    2323  2334  6408  6777
16388    5124  5121  5123  7342
16389    5884  6391  6419  6629
16390    6411  3105  6779  7605
16391    1414  1384  1375  6702
16392    3110  3112  2747  7357
16393     857  1097  7101  7472
16394    2041  1988  1983  7178
16395    2379  2385  7436  2401
16396    4695  4692  4691  7208
16397    6607  6246  6692  7128
16398    5233  5234  7260  7555
16399    6367  6996  7042  7490
16400     778   827  7455  7478
16401    2088  2083  6301  7629
16402    3442  3445  3759  7142
16403     798  6323  6592  7535
16404    6112  5843  6210  6443
16405    5121  5119  6532  7411
16406    6736   929  6866  6991
16407     200   191  6498  6922
16408    3275  3531  6203  6651
16409    6102  5993  6400  6552
16410    6384  5352  6675  7306
16411    3021  3018  6275  6608
16412    2786  2787  6804  7266
16413    1735  1736  1729  7572
16414    3860  3867  3871  6417
16415    1547  1569  1548  6836
16416    1208  1207  6597  7131
16417    5137  5138  5135  7597
16418      60    61  6312  6556
16419    3667  3671  3666  7434
16420    5110  6386  6655  7548
16421    4251  4258  4250  7307
16422    5976  6065  6429  6551
16423    4042  4046  6554  7308
16424     157   156   154  6498
16425    1625  1627  6165  6329
16426     276   280  6556  7408
16427    2206  2031  2038  6462
16428    6530  6506  6577  6828
16429    2388  2626  6518  6954
16430    2397  2396  6560  6787
16431    3671  3667  6904  7434
16432    5843  5842  5897  6129
16433    4845  4850  5105  6622
16434     356   354  7009  7253
16435    3064  3063  6465  6958
16436    1457  1454  7054  7479
16437    6122  4807  7047  7495
16438    5908  5914  5983  6404
16439    2840  6443  7067  7613
16440    6506  6425  6530  6577
16441    2626  6355  6851  7558
16442    5856  6015  6056  7531
16443    6800  6420  7118  7509
16444    3672  3671  5793  6904
16445    2137  2158  6471  6823
16446    6361  5860  6949  7357
16447    5860  5828  5870  6058
16448     366   379   376  6615
16449    4547  4545  6593  7076
16450    3404  3395  7490  7610
16451     900   902  1223  6529
16452    5921  5851  5925  6040
16453    6147  6181  6289  6725
16454    4339  4346  6632  4345
16455     824   823  7315  7653
16456    5861  6108  6480  6896
16457    3567  3571  3297  6474
16458    4845  4849  4850  6622
16459    1682  1690  1689  6541
16460    2717  2616  6459  7288
16461    6057  5865  6077  6163
16462    3662  3909  3910  7222
16463    5964  5924  6036  6040
16464    5964  6334  6512  6545
16465    4096  4383  7079  7580
16466    3824  4231  4229  7403
16467     500   505   236  6068
16468    6023  6001  6239  6358
16469    4910  4914  6407  7057
16470    6596  6581  6690  7567
16471    6501  6106  6542  6660
16472    2174  1883  2168  7350
16473     237   239   238  7369
16474    6122  6636  7341  7495
16475    1115  1113  5979  6827
16476     385  6648  7066  7450
16477    4898  4899  6908  6999
16478    3287  3261  5995  6078
16479    2968  2979  6332  6997
16480    5627    33  6454  6735
16481    5968  5991  6026  6258
16482    3547  6091  6370  6578
16483    3115  3345  6517  6721
16484    3558  3556  3554  6227
16485    3571  3572  6474  6566
16486    3982  3976  7197  7361
16487    3304  3567  3297  6474
16488    6365  5875  6927  7263
16489    5997  6394  6545  6681
16490    3140  3144  3145  6481
16491    1309  1315  1314  7173
16492    7216  6103  6301  6214
16493    4825  4828  4821  7159
16494    2671  2808  2668  6776
16495    3499  3511  6547  6808
16496    5589  5587  5481  7183
16497    5428  5661  5414  6269
16498    2163  2164  2154  7312
16499    1750  1749  6440  7368
16500    6052  6024  6117  6356
16501    3614  3611  3588  6950
16502    2423  2416  6288  6875
16503    6374  6034  6378  7424
16504    1428  1427  1426  7298
16505    2541  2539  7138  7564
16506    1657  1660  6553  7516
16507    4522  4529  6652  7095
16508    6841  7354  7528  7542
16509    2329  2488  2487  6186
16510    6425  5939  6510  6577
16511     784   785   786  6543
16512    6388   585  6648  6854
16513    6080  6479  7478  7626
16514    5875  2487  6186  7322
16515    4680  5802  4608  6472
16516    2539  2540  2544  7564
16517    3693  3678  6878  6909
16518    6436  6063  6760  6838
16519    6446  6750  6751  6800
16520    5839  5826  5848  5853
16521    5892  5854  6096  6280
16522    5122  6532  7224  7411
16523    7278  6532  7342  7518
16524    3440  6628  7141  7484
16525    5490  5530  5497  7290
16526    2420  2374  2414  6875
16527    5829  5832  5838  5900
16528     854   855  6660  7101
16529    1118  1124  1117  6625
16530    5908  5846  5947  5950
16531     156   191   194  6498
16532    6446  2361  2074  2078
16533    5526  5525  6229  7290
16534    4022  4012  4017  7230
16535    4301  4292  4297  6828
16536    4652  4640  6666  6740
16537    6182  5882  6071  6392
16538    1895  1656  1891  7526
16539    5873  6482  6731  6918
16540    6824  6233  6913  7363
16541    3116  3107  6721  7605
16542     587   590   593  6854
16543    6718  6202  6950  7310
16544      53   250    54  6842
16545    4670  4445  5089  7001
16546     874   713  6757  7335
16547    6373  6299  6568  6674
16548    2603  2609  6746  7577
16549    6227  6074  6587  6837
16550    4263  4276  6677  7354
16551    6429  6551  7073  7532
16552    6012  5898  6966  7260
16553    1507  1758  7163  7402
16554    6437  5910  6701  7109
16555    4903  4907  4902  7439
16556    1560  3076  6941  6981
16557    5836  5845  5896  6003
16558    3751  6853  7628  6237
16559    5557  5561  5567  6434
16560    3851  3853  7309  7507
16561    5594  5599  6189  6783
16562    3116  6721  6949  7605
16563    5979  5933  6544  6964
16564    1530  1555  6941  6981
16565    5912  6009  6292  6870
16566    5943  6282  6479  7253
16567    6159  5952  6247  7154
16568    1438  7300  7457  7479
16569    4426  4979  4423  6244
16570    6050  6018  6097  6594
16571    2285  2286  7372  2283
16572    6690  6626  7193  7199
16573    2907  2585  2584  6710
16574    4145  4146  7323  7608
16575    2395  2400  2399  6787
16576    4466  4506  4514  7371
16577    5828  5846  5850  5874
16578    6657  7195  7339  7340
16579    6482  5873  6731  7028
16580    3589  3608  3610  6950
16581    4903  4906  4905  7439
16582    2736  2732  2735  7311
16583    4763  4764  6339  6647
16584    5864  5901  6148  6501
16585    1303  1300  7064  7614
16586    4466  4470  4465  7371
16587    2677  2669  2670  7294
16588    2672  2670  6709  7294
16589    4019  4013  4012  6537
16590    1163  1293  1160  6754
16591    5966  6047  6094  6422
16592    1213  6864  7131  7370
16593    2159  2150  2155  7312
16594    4128  4132  7106  7459
16595    7272  6956  7485  7598
16596    6070  6124  6552  7292
16597    1931  1668  6289  7289
16598    2151  2150  6823  7313
16599    1426  1196  1425  6923
16600     603  6152  6797  7467
16601    2332  2341  2331  6408
16602    5826  5825  5828  5855
16603    6562  6432  6704  6862
16604    1418  1388  1143  7004
16605    6606  6451  6916  7399
16606    6331  2392  6948  7299
16607    4484  4495  6821  7314
16608    6011  5275  6247  7056
16609     724   723  6353  6859
16610    6609   555   766   804
16611    3552  3553  6227  6582
16612    6791  5633  7034  7284
16613    6277  5954  7076  7391
16614    5076  5341  6644  7544
16615    5915  6224  6233  6574
16616    3014  3020  2978  6480
16617    4897  4900  4902  7439
16618    2598  2603  2604  7577
16619    5826  5865  5898  6008
16620    2262  2258  6586  7277
16621    6256  6386  6649  7373
16622     762   761  6794  7148
16623    3537  6657  7339  7340
16624    6412  6547  6646  6825
16625    6529  1224  6864  7510
16626    4898  4926  4905  6536
16627    2239  2238  6545  6932
16628    3159  3392  3390  7302
16629     458   460   457  7249
16630    3975  3940  6028  7361
16631     811   821   812  7186
16632    5479  5464  6150  6795
16633    2232  2187  2233  6613
16634     230   219   220  6056
16635    5430  5446  5453  6034
16636    3355  3316  7328  7406
16637    4870  7129  4872  4866
16638     100  5892  6333  6758
16639    5916  6085  6100  6863
16640    2027  2022  6055  6671
16641    4711  4716  4710  7534
16642    3342  3607  3608  6513
16643     692   688   689  7319
16644    1773  2691  6313  6953
16645    6126  6432  6562  6722
16646    5968  5856  6023  6049
16647    2321  2317  2315  6365
16648    4087  6918  6995  7331
16649    6029  1892  6197  6903
16650    5967  6235  6359  6461
16651    3048  3050  3047  6528
16652    1967  1968  1970  7226
16653    2558  2559  2560  7547
16654     163   156  6114  6498
16655     519   825   823  7315
16656     231   233   232  6766
16657    6028  6199  6265  7361
16658    1962  1964  1963  7226
16659    1970  1962  1966  7226
16660    6774  6400  6871  6937
16661    1963  1964  1955  7226
16662    4310  4027  4033  7230
16663    3787  3786  6044  6494
16664    1512  1513  1508  7402
16665    3317  3316  3596  7406
16666    1064  6148  6419  7186
16667    2100  2124  5784  7654
16668    4477  4485  4479  7656
16669     675   680   681  7657
16670    1575  1810  1809  7550
16671    6960  6267  7274  7657
16672     744   693   747  6763
16673     789   791   790  7535
16674    2750  2752  2746  7652
16675      87   908   333  6452
16676    2979  2968  6332  7400
16677    3283  3025  6840  7606
16678    6630  4244  7106  7435
16679    2595  2564  6304  6402
16680     201   246   242  7119
16681    1143  1280  6850  7004
16682    6588  6201  7278  7518
16683    4878  4888  6548  6742
16684    4636  5975  6666  6861
16685    4574  4571  6240  6445
16686    1652  1655  1648  7289
16687    3726  3839  3846  7385
16688    5916  5956  6013  6405
16689    4702  4708  6768  6820
16690     909   911   913  6428
16691    4841  4848  4844  6858
16692    5898  5977  6012  6966
16693    2114  2113  6637  6703
16694    3322  3326  7032  7638
16695     697   443  6971  7204
16696    4111  4109  6128  7571
16697    3100  3102  6478  7316
16698    1765  6921  6941  6953
16699    2645  2635  6739  7051
16700    6078  6840  7414  7625
16701    1937  1930  1936  7591
16702     850   845  7101  7186
16703    4992  4969  6926  7539
16704    5952  5865  6057  7185
16705    5690  5689  7145  7398
16706    5893  5849  6641  6752
16707    5646  5650  6475  7284
16708    5857  5832  5899  6253
16709    6550  1507  7402  7447
16710    2783  2784  2781  7109
16711    1041  1038  1042  6113
16712    3036  3034  3041  6860
16713    5574  5572  6307  6955
16714    1874  1879  1884  7074
16715    2689  2823  2683  7375
16716    4010  4019  6488  6537
16717    1575  1786  6375  6785
16718    6626  3407  6690  7193
16719    1871  1867  7074  7465
16720    6091  5928  6657  7195
16721    1393  1418  1422  7004
16722    6335  7556  7281  6982
16723    1738  1736  1735  7572
16724     621  6945  7637  7655
16725    6083  6113  7477  7529
16726    2828  2816  2830  7280
16727    6021  6557  7082  7238
16728    5700  5697  5692  7229
16729    2336  2337  6408  6789
16730    1275  1273  6669  7018
16731    6054  6580  7006  7615
16732    6751  6446  6800  6992
16733    2631  2593  6954  7077
16734    5892  6697  6758  7072
16735    3454  6035  6144  6967
16736    4971  4972  4975  6940
16737    2709  2920  2711  5888
16738    5938  5963  6140  7381
16739    6059  6456  6489  6883
16740    3780  3779  3781  6877
16741    4858  4860  5146  7386
16742    6294  6461  6700  7536
16743    6034  6031  6378  6487
16744    3665  3673  3664  6904
16745    1532  1535  1771  7332
16746    4851  4868  4867  7386
16747    6033  6243  6538  7207
16748    4356  4364  4372  6972
16749    6218  6080  6306  6544
16750    2926  5888  6528  7569
16751    4510  4370  6470  6972
16752    3382  3381  6179  6303
16753    3775  3389  6877  3780
16754      24  5991  6026  7384
16755    1471  1480  1479  6610
16756    1298  1334  6396  6489
16757    4081  4476  6826  7181
16758    5903  5871  6045  6206
16759    6540  5990  6765  7583
16760    3390  3781  3159  7302
16761    4614  4629  4634  6535
16762    5150  5147  5149  6745
16763    2110  2114  2112  6751
16764    6155  5874  6177  7013
16765    4625  6380  7475  7582
16766    6525  6139  6555  6841
16767    4888  4875  6636  6742
16768    4855  6549  6575  7159
16769    5841  5867  6130  6605
16770    3592  3651  6578  7165
16771    6073  6437  6865  6892
16772    2774  2812  6351  6364
16773    5042  5031  5059  6032
16774    7011  6452  7083  7160
16775     470   538   539  7002
16776    4706  4693  4696  6768
16777    6543  6306  7455  7535
16778    5487  5486  7183  7384
16779    2486  2490  2487  6970
16780    1593  2262  6586  7277
16781    5926  6189  6229  7232
16782    6734  5696  6772  6955
16783    2613  2609  2607  7288
16784    6840  6275  7621  7625
16785    5668  5671  5669  6195
16786    1667  1929  1932  7423
16787     563   567   568  6188
16788    2691  1559  6941  6953
16789    6975  6302  6977  7300
16790    5147  5150  5153  6745
16791    4248  4243  6602  6944
16792    6104  5945  6438  6476
16793    3972  4084  3966  6731
16794    3584  3586  6578  7466
16795    4365  4336  6564  6624
16796    3368  3369  3958  6328
16797    5957  5907  6033  6242
16798    6092  2509  6315  6335
16799    3771  3772  3767  7014
16800    3490  3487  6670  6808
16801    5321  5324  6631  6994
16802    1173  1733  1185  6104
16803    3342  3341  3606  6513
16804     166   173   167  6847
16805    7004  1387  7018  7519
16806    4351  4409  4334  6455
16807     247   246   243  7369
16808    1584  1802  1576  6688
16809    6212  3662  7222  7622
16810    5186  4779  4876  5977
16811    6236  5838  6651  6657
16812    3387  3158  6596  7567
16813    3685  3684  6878  6909
16814    1528  1113  1105  6827
16815    2405  2407  2410  6560
16816    5299  5339  5302  7212
16817    5914  5969  5973  6165
16818    6250  6024  6602  7435
16819    1469  1237  7043  7533
16820     861   603   863  7467
16821    6252   891  6319  7120
16822    6615  6697  7072  7189
16823    5835  5906  5919  6420
16824    6840  3294  7084  7638
16825    5634  5633  5648  7284
16826    5959  6041  6909  6959
16827    1859  1884  6796  1873
16828    4219  4220  4216  6910
16829    1085  1082   795  6544
16830    5858  6401  6555  7627
16831    6306  6218  6544  7196
16832    3463  3619  5980  7017
16833      44    30  6258  6433
16834    5833  5966  6047  6094
16835    1166  1151  1150  7426
16836    3748  3756  6839  7286
16837    6099  2092  6782  7506
16838    4868  6693  7129  7386
16839    3289  3292  6993  7097
16840    1581  1584  1577  6688
16841    5895  5969  5992  6084
16842    7004  1423  7295  7492
16843    6143   663  6383  7100
16844    6100  1237  6863  7533
16845    4323  4329  7336  7601
16846    5042  5052  5046  6395
16847    4512  4766  6729  7282
16848     835  6285   602   847
16849    6775  6652  7095  7314
16850    6709  2662  7051  7611
16851    5928  6236  6254  6657
16852    4314  6595  7517  7601
16853    5476  6150  6838  6886
16854     424   426  6524  7060
16855    3558  3553  3557  6227
16856    4504  4502  6339  7282
16857    3078  3076  5958  6941
16858    2574  2485  2346  6970
16859    4366  4365  6564  6972
16860    4866  4872  4871  7129
16861     348   321  6333  6758
16862    5974  5981  6636  7514
16863    3405  3398  3400  6747
16864    4356  4355  6410  6972
16865    1051  1046  1045  7599
16866    6566  3570  7195  7466
16867    4878  4875  4888  6742
16868    5118  5116  7278  7342
16869    4829  4832  4468  6698
16870    6050  6018  6193  6682
16871    6840  6078  7414  7659
16872    2656  2665  2666  6930
16873    5148  5150  5149  6745
16874     658   659  6824  7407
16875    6501  6570  7472  7635
16876    6723  1313  7065  7173
16877    6115  6070  6687  7580
16878    1022  1026  1021  7085
16879    3285  3288  6840  7659
16880    5989  6410  6482  6972
16881    2553  2542  2557  6764
16882    5622  5546  5619  6639
16883    4887  4891  4694  7390
16884    6150  5227  6620  6696
16885    4813  4889  6636  7341
16886    7054  6977  7300  7457
16887    5148  5143  6745  7386
16888    2793  3104  2785  6804
16889    4881  4875  4878  6742
16890     210   248  6089  7218
16891    2131  5784  2124  7654
16892    6483  6231  6801  6920
16893    6265  3973  6765  7361
16894     236   502   233  6766
16895    4833  4832  6698  6914
16896    6130  5841  6605  7523
16897    2107  2654  2661  6930
16898    1325  1571  6064  6405
16899    6407   294  6832  6897
16900    2388  2627  2626  6954
16901    4076  4478  4077  6826
16902    4770  4791  4769  7201
16903     941   984   992  7639
16904     604   605   607  7008
16905    3917  3915  3916  6124
16906    3364  3362  3388  7525
16907    5830  5861  5967  6054
16908    6450  6260  7201  7486
16909    4716  6793  4714  7534
16910    6232  4379  6295  7220
16911    2396  2403  6560  7299
16912    1434  1433  1449  6975
16913    5701  6498  6833  7664
16914    4879  4882  4877  6742
16915    5852  6237  6590  7117
16916    5475  5470  5469  6795
16917    1137  1141  6850  7196
16918    4769  4791  4846  7201
16919    5143  4870  7129  7386
16920    3845  3844  3846  7385
16921    7336  4329  7397  7601
16922    1490  1493  1491  7487
16923    6265  6199  7197  7361
16924    3394  3393  6581  7567
16925    3157  3159  6390  7302
16926    6325  5993  6387  7568
16927    1013  1008  1007  6732
16928    4649  4657  4743  6740
16929    5998  5876  6071  6182
16930    1940  1934  7423  7591
16931     618   616  7329  7655
16932    3927  3926  7416  7589
16933    1751  1752  1781  7122
16934    1739  1175  5945  6438
16935     599   605   604  7008
16936    5948  6437  6701  7266
16937     694   692   696  7319
16938    4649  4709  4640  6740
16939    6857  3207  7347  7505
16940    2456  2460  2461  7180
16941    1514  1436  1434  6975
16942    6708  6331  6787  7299
16943    1405  1494  1618  6748
16944    2441  2446  6704  6862
16945    4076  6775  6826  7181
16946    6079  5965  6384  6675
16947    1489  1499  6748  7320
16948    6152  6071  6388  6797
16949    6038  5738  6116  7183
16950    4775  4533  6042  7025
16951    5043  5038  5047  6398
16952    3829  3774  6044  6877
16953    5892  6006  6033  6333
16954    6601  6339  6729  7282
16955    3878  3879  6417  7321
16956    6308  6773  6941  6981
16957    2718  2717  7470  2702
16958    1267  6076  6276  7380
16959    6645  2949  6792  7634
16960    3546  6091  6221  7389
16961    5835  5919  6363  6800
16962    2785  3104  2786  6804
16963    6901  6679  7352  7609
16964    3964  3968  6466  6638
16965    6042  4863  7129  7139
16966    5895  6156  6344  7122
16967    2988  2989  2981  6332
16968    6277  6339  6601  6647
16969    6845  3334  7422  7638
16970    2819  2818  2687  6865
16971     133   137  7432  7546
16972    6191  5847  6279  6634
16973    7023  2867  7252  7596
16974     281    54    62  6556
16975    3795  3788  3789  6494
16976    1815  1811  1804  6692
16977    5973  6441  6673  6748
16978    3316  3596  7406  7622
16979    6008  6150  6175  6838
16980    3604  3605  7310  7392
16981    4976  4991  5054  6986
16982    1762  1827  7163  7647
16983    6020  4321  6632  7096
16984     883   879   891  7120
16985    1783  6816  1755  1785
16986     957   916   917  6952
16987    5571  5597  5600  6783
16988    6086  6074  6177  7434
16989    5317  5324  7154  7603
16990    4994  4995  4999  7619
16991    6093  6044  6390  6877
16992     374  6358  7070  7135
16993    3511  3501  6030  6547
16994    4395  4397  6292  6593
16995    5870  6004  7355  7622
16996    4118  4121  6726  6974
16997    5351  5349  5334  7012
16998    3194  3197  3196  6672
16999     165   164  5807  7104
17000    4676  4674  4685  6473
17001    5614  5611  5609  6206
17002    6071  5847  6152  6279
17003     101    76    74  6659
17004    3159  3388  6390  7302
17005    5946  5865  6057  6063
17006    5990  6115  6257  6540
17007     242   245   248  7119
17008    6249  5908  6456  6883
17009    6418  5918  6484  6847
17010     907  1221  6345  6801
17011    6018  5592  6744  7248
17012    2970  2931  2880  6695
17013    4754  5075  4759  6300
17014    3995  3988  6270  6924
17015    6035  3692  6101  6303
17016    5949  1218  6085  6310
17017    6299  6082  6373  6568
17018    5636  5635  5639  6957
17019    1242  1241  6723  6863
17020    5623  5622  5624  6639
17021     683   676   685  7274
17022    3777  3787  6494  6877
17023    4847  4767  4769  7201
17024    1037  1045  1049  7599
17025    4786  4785  4792  7468
17026    3354  3353  3115  6980
17027    6442  6138  7246  7321
17028    4770  4767  4768  7201
17029    2523  2525  2524  6982
17030    2011  2020  2021  6671
17031    5998  6231  6252  6319
17032    5546  5622  5623  6639
17033    5848  5853  5932  6137
17034    6106  6354  6609  7482
17035    5248  5251  6350  6998
17036    2486  2485  2499  6970
17037    6552  6775  6902  7181
17038    5965  5850  6296  6403
17039    5994  4952  7212  7609
17040    1585  2255  1588  7184
17041    6183  3940  7197  7361
17042    1077  1076  6278  6377
17043    6498  5957  6833  7664
17044    4672  4750  4673  6871
17045    5845  5862  5886  6162
17046    4891  4695  4694  7390
17047     754   486   757  7538
17048    6635   308  6773  7273
17049    3430  3241  3247  7649
17050    3633  3627  3637  7389
17051    5701  5703  6955  7664
17052    5635  6312  6735  6957
17053    2408  2782  2783  7530
17054    5285  5270  5282  7205
17055    1142  1179  6287  7285
17056    3055  3029  3054  7536
17057    2221  2218  6869  7541
17058    1760  1761  1827  7647
17059    1530  1526  6342  7332
17060    1067  1073  6829  6947
17061    1456  1455  1460  7300
17062    3420  3191  7042  7387
17063    5630  5555  6066  7206
17064    3629  3631  3626  7389
17065    5555  5631  6066  7206
17066     663  6143  6452  7100
17067    4957  4968  7663  7665
17068    4750  5070  4751  6871
17069    6501  6285  6660  7045
17070    4436  6774  4438  6871
17071      89   124    87  7100
17072     346   398   351  6803
17073    4677  4676  4683  7170
17074    3976  3974  3981  7361
17075    4495  4497  6821  7314
17076     980   972   981  6520
17077    6208  2047  6519  6988
17078    4310  6603  7080  7517
17079    5157  5145  5142  6733
17080    5856  5903  5968  6023
17081    1245   993  6081  6719
17082    1866  1869  6879  7465
17083    5701   188  6498  6955
17084    3194  3423  6314  6672
17085    3521  3740  6030  6236
17086    5969  6000  6550  7402
17087    6008  6175  6436  6838
17088    4746  4961  6322  7663
17089    5845  5848  5853  5926
17090     163   162   161  6114
17091     178   181   182  7431
17092    5969  5895  5992  6281
17093     598   595   597  6152
17094    6124  3915  6158  7222
17095    5692  5683  5822  7464
17096    5019  5041  6604  7039
17097    3509  3510  6716  6965
17098    2936  2940  2934  6792
17099    4328  4333  6430  7336
17100    4013  4012  6537  7296
17101    6645  2935  2931  6792
17102    6258    36  7233  7325
17103    3627  3636  3637  7389
17104     884   897  6231  7120
17105    6458  5402  7203  7633
17106    4838  4840  6698  6858
17107    5987  6123  6772  7145
17108    1778  1780  1782  7122
17109    1569  1546  1570  7105
17110    6023  6049  6619  6650
17111    1252  1246  1248  6755
17112    5908  5846  5921  5947
17113    5843  5930  5999  6443
17114    6510  5899  7022  7242
17115    4282  6530  6555  6841
17116    5947  6166  6911  6951
17117    6229  5526  6612  7429
17118    5071  5093  5074  7001
17119    1745  2111  6703  7326
17120    3343  3344  6517  6967
17121    1600  1325  6925  7124
17122    3127  3161  6656  7219
17123    4065  6135  6624  7096
17124    6036  6255  6869  7418
17125    6027  5180  6450  7137
17126    7430  7006  7491  7615
17127    6406  6837  7191  6132
17128    2306  2301  2300  7600
17129    2018  2026  2021  6671
17130    4402  4408  7176  7220
17131    6206  6454  6639  6885
17132    5961  5935  6024  6944
17133    6156  5931  6686  6790
17134    2846  2857  6357  7642
17135    5957  5834  6006  6033
17136    5994  5308  7212  5309
17137    2736  2735  6346  7311
17138    3663  3593  6212  7622
17139     256   257  6049  7031
17140    5892  5844  6001  6239
17141    4073  4080  4072  6826
17142    5942  5876  5998  6182
17143    5738  5586  6594  7183
17144    5896  5845  5915  6486
17145    2323  2319  2308  7327
17146    5522  5529  5527  7290
17147    4575  4560  4561  7469
17148    3786  3777  3778  6877
17149    6353   658  6824  7407
17150    5853  5863  5902  6260
17151    1930  6098  7053  7150
17152     727   726   653  6353
17153    6630  6024  6944  7106
17154    6749  4924  6908  7093
17155    2676  2678  2677  7294
17156    1792  1798  7092  7237
17157    6415  6316  6432  6704
17158    6836  6344  7122  7255
17159    2254  2252  2253  7303
17160    1513  1508  7402  7559
17161    1541  1775  7122  7255
17162    6071  5998  6252  6285
17163    1610  1680  1686  6553
17164    5129  5441  5445  6573
17165    4934  4936  6976  7071
17166     409  6219  6643  7060
17167    1590  1592  6897  7277
17168    4575  4568  6283  7469
17169    2251  2444  2445  7303
17170    6157  6283  7265  7469
17171    4359  4360  4355  6410
17172    1049  1046  1048  7599
17173    5832  5852  6381  6442
17174    5853  5912  5954  6291
17175    3158  3159  3161  7302
17176    5803  4789  5819  7468
17177    3032  3028  6840  7536
17178    7129  4870  4872  7386
17179    3334  3323  7032  7638
17180    2133  2136  2138  7537
17181    6205  6357  6373  7063
17182      51    52  7103  7233
17183    6784  5514  7223  7573
17184    3951  3962  3963  6638
17185    5554  5546  5547  7050
17186    5042  5046  5038  6395
17187    7409  6725  7501  7641
17188    4164  4168  4166  7646
17189    2424  2426  6415  7541
17190     867   864  7045  7467
17191    4870  5143  5148  7386
17192    3053  3055  3054  7536
17193    1760  1827  1762  7647
17194    3030  3029  3028  7536
17195     535  6191  6634  7031
17196    4600  4602  6120  6283
17197    4734  4756  4733  6268
17198     476   477   478  6220
17199    6006  5892  6219  6333
17200    3667  3601  3668  6212
17201    5321  5323  6812  7213
17202    5876  5882  6353  6824
17203    1181  1179  1177  7196
17204    6452   341  7160  7267
17205    6438  6162  6476  6990
17206    1248  1257  1249  6755
17207      26   214   213  6433
17208    7172  5758  7364  7640
17209     395   611   619  6968
17210    6122  4795  6445  7047
17211     480   443  6259  6971
17212    6749  6060  6768  7534
17213    3845  3811  3844  6814
17214    4262  4261  4167  7528
17215    5122  5121  5120  6532
17216    5513  5515  5519  7223
17217    6040  6099  6214  6331
17218    6241  6234  6377  7493
17219    6568  3162  6674  6962
17220     988   984  1000  7639
17221     203   205   202  7218
17222    6198  5196  7260  7543
17223    5859  6106  6354  6609
17224    6540  6257  6928  7587
17225    5594  6282  6561   266
17226     984   986   992  7639
17227    6202  5889  6248  6912
17228    3376  3382  6179  6303
17229    6121  6214  6355  6787
17230    2953  3199  3200  6262
17231    3764  3763  4172  6155
17232    3446  4910  6832  7057
17233     745   744   747  6224
17234    2562  6413  7138  7547
17235    3017  2924  2929  7569
17236    6118  6070  6552  7292
17237    2605  2583  2577  6969
17238    5915  5867  6224  7002
17239    3560  2996  6837  7142
17240    3269  3264  3278  7500
17241      95    67  6659  7330
17242    6194  5886  6635  6773
17243    3975  3942  3940  7197
17244    5944  6724  6839  7117
17245    1126  1125  1095  6025
17246    6659    67  6807  7330
17247    7084  6845  7621  7638
17248    2511  2510  2517  6145
17249    1258  1251  1249  6755
17250    6243  7207  7287  7330
17251     188  5736  5564  6955
17252    4630  4647  7301  7627
17253    1980  1982  1985  6951
17254    6110  5917  6428  6680
17255    5894  5884  5963  6794
17256    4084  4091  3966  6731
17257    4668  6184  6890  7264
17258    1599  6204  6584  7124
17259    6647  4789  6846  7468
17260     183   219   474  7531
17261    5858  5839  5899  5939
17262    6295  4543  6593  7176
17263    6079  6195  6384  7552
17264    3404  3428  6367  7490
17265    2425  2426  2440  6415
17266    5104  5105  6622  7548
17267    5487  5585  5584  7384
17268    4576  4602  6283  7265
17269    1262  1367  1269  6276
17270    6486  6306  6523  6621
17271    3849  3820  3811  7198
17272    2967  2899  2906  6997
17273    5946  5898  6065  6429
17274    1330  1327  1321  7005
17275    5888  2922  2928  2920
17276    1598  1597  6181  6925
17277     267   512   266  6282
17278    1843  1800  6485  6818
17279    6479  6752  7478  7626
17280    5451  6034  6493  6881
17281    6120  4610  4601  4600
17282    5918  5934  6069  6079
17283    5926  5932  6229  6635
17284    3115  3116  3114  6721
17285    7150  1653  7289  7526
17286    2734  2736  6346  7175
17287    5886  5933  5945  6342
17288    1461  1457  6382  7479
17289    6769  6267  6913  7214
17290    2704  2707  6761  7430
17291    6191   561  6279  7066
17292    6455  6037  6558  7454
17293    5583  5585  5590  7384
17294    4275  4274  6841  7528
17295    5427  5658  5661  6379
17296    2884  2891  2885  6447
17297    3792  3788  3791  6884
17298    2024  2079  6055  6168
17299    1818  1817  7125  7128
17300    1869  1871  6879  7465
17301    5953  5848  6005  6390
17302    2191  2269  7058  7153
17303    1943  1944  6160  7188
17304    3114  3113  3345  6721
17305    6712  6302  6917  6977
17306    5094  5095  5116  7278
17307     318   278  6096  7072
17308    7528  6525  7542  7563
17309    1453  1452  1460  7479
17310    3578  3301  6845  7338
17311    1933  1935  1936  7591
17312    3588  3611  3922  6718
17313    5736  5701  5703  6955
17314    1417  1419  1149  6317
17315    5563  5729  5726  6427
17316    2346  6186  6887  6970
17317    2295  2292  6806  7600
17318    1103  1105  1114  6827
17319    5736  5703  5695  6955
17320    2137  2151  2150  6823
17321    5667    92  5664  7287
17322    4061  4050  4051  7331
17323    3925  3922  3611  6718
17324    5689  5693  5688  7192
17325    4972  4970  4976  6940
17326    5564  5736  5737  6955
17327    3405  3404  6747  7610
17328    7019  1992  7036  7631
17329    5720  6623  6689  6727
17330      42    44    45  6258
17331    5072  5080  5073  7544
17332    3983  3685  3698  6959
17333    6904  6212  7222  7568
17334    4292  4286  6828  7247
17335    5299  5335  6786  7352
17336    5756  5757  6744  7172
17337    1530  6773  6941  7332
17338    3648  3644  6187  6213
17339    1809  1808  6785  7550
17340    5182  5183  5976  6742
17341     936   940   938  6326
17342    3704  3805  3706  6959
17343    1291  1404  1402  7662
17344     843   846   845  7186
17345     747   741  6224  6763
17346    1042  1016  1007  6732
17347    5845  5836  5848  5862
17348    2970  5786  2902  6088
17349    1178  1142  1181  6287
17350    3279  6203  7069  7164
17351    1159  1154  1160  6441
17352    3675  3681  3463  7017
17353    6494  6292  6593  6884
17354    4009  3904  6916  7333
17355    7089  3489  3488  3472
17356    6060  6151  6322  7185
17357    5864  5891  6234  6241
17358     548   546  6763  6936
17359     818   819  1064  7186
17360    2184  2183  2188  7395
17361    6035  3453  6144  6909
17362    1937  7053  7168  7651
17363    5769  5780  1218  6085
17364    3087  3086  3085  7334
17365    5687  5417  6305  7145
17366    6127  6145  6443  6982
17367    1872  1869  1866  7465
17368    4344  4353  6558  6632
17369     469   460   462  6605
17370    6267  6769  7274  7657
17371    4687  4686  7170  7208
17372    5088  5087  5083  7155
17373    3875  3890  3888  6366
17374     602   594  6152   597
17375    6748  1489  7320  7487
17376    6061  6281  7122  7163
17377    6370  6566  7195  7466
17378     813  6106  6354  6542
17379    6850  6131  7004  7018
17380    2740  2733  2737  6346
17381    4594  4610  4601  6369
17382    5832  5962  5970  6221
17383    3014  2978  2923  6480
17384    2690  3078  5958  6941
17385    1980  1981  1982  6951
17386     153   154   163  7549
17387    5732  5730  5734  6734
17388    3583  6221  6578  7029
17389    4349  4364  6972  7210
17390    2323  2308  1951  6777
17391    6420  6521  6739  7143
17392    3590  3591  3585  7165
17393    2448  2450  2458  6862
17394    6400  6102  6775  6821
17395    1340  1347  6081  6707
17396    3593  3664  6212  7622
17397    3716  3712  3715  7038
17398    5314  5291  7056  7584
17399     990   989   991  6719
17400    2649  2645  2652  7051
17401    6106  5901  6501  7186
17402    3904  3937  4054  7643
17403    2618  2613  2610  7415
17404    6222  6073  6865  6888
17405    4854  6575  6693  7386
17406     475   503   509  7531
17407    7056  5314  7154  7603
17408    4023  3904  4054  7643
17409    5086  5090  5085  7155
17410    1021  1025  6520  7085
17411    3980  3981  3989  7197
17412    4707  4708  7003  7534
17413    5944  5883  6547  6724
17414    5924  5877  6073  6288
17415    2189  2266  2198  7153
17416    1872  1868  1875  7465
17417    3787  3786  6494  6877
17418    4014  5795  3644  6451
17419    5841  6514  6641  7102
17420    2257  6586  7277  7452
17421     250   251   255  6842
17422    5727  5732  5733  7337
17423    1893  6197  6343  7526
17424    1699  1979  6569  7485
17425    4657  4738  4743  6503
17426    1069  1072  1074  6377
17427    4014  3644  4015  6451
17428     545   542   540  6936
17429     814  1055  1056  6419
17430    1272  1023  1022  7085
17431    6040  6288  6668  6708
17432    6772  7192  7229  7464
17433    3903  4015  3644  6451
17434    6666  6399  7582  7627
17435    2612  2614  6746  7415
17436    4015  4016  4014  6451
17437    2813  2815  2807  6508
17438    6177  3999  4171  7378
17439    3586  3590  3585  7165
17440    5833  5875  6186  6230
17441     761   767   768  7148
17442    5998  6345  6360  6788
17443    4128  4138  6502  7106
17444    4936  5035  6976  7071
17445    3279  3275  6203  3277
17446    1410  5789  7661  7662
17447    6072  1716  7279  7421
17448    5487  5582  5585  7384
17449    1239  1466  7533  1469
17450    6701  2394  7109  7530
17451      23    31  6026  6433
17452    5196  5191  6198  7260
17453    6428   339  6452  7267
17454    6485  1860  6818  7365
17455    6322  6749  6756  6793
17456    1250   990  6153  6345
17457     958   959   695  6527
17458    1286  1039  1047  7374
17459    4710  4707  7003  7534
17460    2275  2276  2274  7356
17461    1254  1242  1241  6723
17462    6188   566  7031  7554
17463    5025  5006  5020  7553
17464    6468  5253  7283  7511
17465    3172  3184  3173  6962
17466     658   727  6353  6991
17467    6144  5980  6909  7017
17468    3646  3644  6213  6606
17469    3302  3300  7084  7338
17470    6140  6794  7148  7209
17471    5880  5870  6158  7622
17472    6318  6651  6716  6965
17473    2910  2921  2918  7235
17474    1837  1831  1832  6985
17475    1149  6317  6850  7285
17476    4314  4320  4313  6595
17477    1942  1944  1943  7188
17478    5263  5248  5250  6350
17479    6070  6552  6902  7181
17480    1466  5769  1218  6085
17481    2921  2582  2711  6969
17482    6680  5927  7184  7277
17483    1138  1128  1137  7499
17484    6106  6354  6542  7362
17485    6565  6000  6662  6956
17486    3948  3945  3950  7197
17487    3739  3733  3735  7497
17488    5084  5085  5083  7155
17489     463   462   494  7346
17490     463   471   473  7346
17491    1518  1522  1517  6984
17492    4716  4711  7239  7534
17493    5392  6159  6598  7154
17494    5633  6791  7206  7284
17495     177  6050  6171  6847
17496    5904  6503  6676  6848
17497    5831  5898  5826  5946
17498    6390  3362  6656  6770
17499    5191  5189  6198  7260
17500    5615  5639  5627  6957
17501    6205  5930  6478  7063
17502    1111  1108  6194  6827
17503    6034  5378  6487  7424
17504    1273  1279  1272  7269
17505    3916  4038  6124  7292
17506    6012  5977  6733  6966
17507    1604  1603  1605  6925
17508    1197  6025  6625  6864
17509    3172  3174  3184  6962
17510    5584  7183  5591  5589
17511     475   509   479  7531
17512    5583  5584  5585  7384
17513    2550  2540  2549  7564
17514     987   996   994  7639
17515    2709  2928  5888  6528
17516    6154  6537  7296  7643
17517    6098  1931  7423  7516
17518    4158  4165  4155  7646
17519    2038  2206  6462  6988
17520    3030  3032  6840  7536
17521    5641  5651  5642  7034
17522    5759  6018  6682  6744
17523    6487  6378  7424  7508
17524    6010  6274  6343  6725
17525    7223  6784  7463  7648
17526    3498  3500  3492  6808
17527    5266  5270  5287  6683
17528    2742  2733  2731  7311
17529    6024  6250  6630  7435
17530    6912  6320  7416  7502
17531    3949  3980  4034  7197
17532    1879  1874  1875  7074
17533    3544  3548  3549  7195
17534    4049  4051  6912  7589
17535    6054  5861  6528  6969
17536    1802  1575  1576  6688
17537    6217  5936  6825  7038
17538    2146  5792  6813  7000
17539    5923  5897  6129  6262
17540    3535  3529  3527  7339
17541    2462  2491  6321  6927
17542    2048  6519  6988  7225
17543    3667  3601  6212  7434
17544    2317  2325  2493  6927
17545    5546  6090  6589  6639
17546    5157  5158  5144  6966
17547    4116  4112  4115  6128
17548    1964  1961  1955  6799
17549     543   472   539  6936
17550    2605  2582  2584  6969
17551    6123  5688  6379  7287
17552    1364  1372  1365  7380
17553    4481  4479  4487  7383
17554    3833  3825  3827  6728
17555    2875  6695  6822  6830
17556     409   635  6338  6524
17557    5880  6517  6905  6967
17558    5900  5838  6043  6412
17559    6482  6564  6972  7221
17560    1087  1739  1086  5945
17561    3901  3899  3907  7399
17562    5865  5871  6066  6458
17563    5947  5950  6103  6815
17564    3949  6124  6158  7197
17565    3832  3829  3413  6728
17566    2197  2198  7153  7618
17567    5854  6185  6280  6691
17568    1795  1785  1787  6816
17569    1953  1687  1995  7217
17570    4336  4070  4071  6995
17571    6078  6149  7500  7503
17572    2613  2615  2610  7288
17573    2312  1945  2310  7651
17574    3640  3643  3649  6213
17575    6681  6545  6743  6932
17576    1760  1783  1761  7647
17577    3029  3055  3052  7536
17578    5158  5160  5164  6966
17579    1728  1184  6104  7285
17580    5917  1267  6396  7380
17581    5858  5904  6401  6740
17582    5158  5159  5144  6966
17583    3835  3837  3836  6728
17584     885   887   891  6319
17585    5854  6243  6475  6538
17586    5908  5914  6404  6456
17587    2759  2758  2760  7488
17588    6728  5937  7199  7403
17589    3299  3280  3289  6993
17590    3251  3270  3267  7069
17591    3832  3833  3837  6728
17592    3833  3832  3413  6728
17593    7144   160  7498  7549
17594    6733  5145  6745  6966
17595     330   325   328  7440
17596    5158  5977  6733  5186
17597    3540  3573  3548  7195
17598     471   470  5978  7194
17599    5158  5164  5159  6966
17600    3246  3243  7234  7649
17601    5157  5145  6733  6966
17602    4607  4614  4615  7557
17603    5166  5163  6207  7090
17604    6014  5925  6271  6311
17605    4455  6455  6558  7454
17606    4979  4977  7081  7349
17607    7242  4193  7512  7594
17608    3835  3832  3837  6728
17609    5835  5906  6420  6521
17610    3617  3623  6190  6905
17611    3832  3835  3828  6728
17612    4689  6533  7208  7390
17613    6745  5144  5145  5153
17614    4038  4037  6554  7292
17615    6133  6334  6613  7395
17616    4585  4588  5521  6612
17617    4646  4642  4643  6506
17618     525   526  6619  7135
17619    5974  5866  6211  6636
17620    1580  1581  6584  6688
17621    1528  1532  5945  7332
17622    1953  1956  1952  7217
17623    6112  6210  6416  7556
17624    2161  7200  2162  6512
17625    3836  3837  3827  6728
17626    5884  6140  6389  6571
17627    2237  2234  6678  6932
17628    5164  5189  5163  6966
17629    1867  1872  1875  7465
17630    6160  6289  7188  7516
17631    5164  5165  5159  6966
17632    6242  6123  6243  7287
17633    4816  6636  7388  7495
17634    4062  4071  4069  6995
17635     677  6134  7410  7657
17636     810   806  6571  7482
17637    3900  3902  3906  7399
17638    3697  3707  3706  7152
17639    5621  5639  5628  7623
17640     878   717  6736  7120
17641    5088  5093  5087  7001
17642    5581  5602  6046  6961
17643    3536  3537  6657  7339
17644    6758   322  7072  7440
17645    5127  5152  6062  7342
17646    1351  1350  7021  7052
17647    1350  1343  1353  7052
17648    2621  2620  2730  6701
17649      54   281  6239  6556
17650    6536  4898  6908  6999
17651    2732  2733  6346  7311
17652    4067  4068  7134  7576
17653    5206  5211  7238  7373
17654    6105  6027  6180  7137
17655    5517  5516  5623  6090
17656    3017  2929  3016  6480
17657    5712  5672  5709  6600
17658    2491  2492  6321  6927
17659    6360  6788  6863  7636
17660    2688  2687  2817  6511
17661    5586  5592  6744  7183
17662    3843  3708  6771  6814
17663    4992  4988  4991  6490
17664     746   745  6224  7527
17665    1238  1244  7533  7636
17666    2213  2160  2217  6255
17667    5605  5596  6385  6783
17668    2493  2487  2492  6927
17669    6307    15  6514  7102
17670    1374  1337  1373  6883
17671    5786  2902  6088  7112
17672    6151  5863  6460  7185
17673    3576  3573  3577  7466
17674      97    95  6538  7330
17675    3264  3262  3278  7500
17676    4463  6455  6893  7473
17677     672   671  6963  7404
17678    5144  6745  5145  6966
17679    5992  5969  6281  6835
17680    2512  2504  6145  6335
17681    6090  5623  6206  6639
17682    6976  6604  7039  7073
17683    4478  4075  6552  6775
17684     318   314   317  7520
17685    5933  5979  6827  6964
17686    1686  1615  1610  6553
17687    3941  3945  3947  6183
17688    2608  7143  7288  7343
17689     616   394   619  6968
17690    6202  6376  6718  6950
17691    6042  4863  6693  7129
17692    1852  1811  6692  1797
17693    5465  5219  5227  6696
17694     496   207   497  6699
17695     722   720   727  6991
17696    1390  7004  7295  7519
17697    6628  3435  7042  7484
17698    6798   611  6968  7329
17699    3909  6158  7222  7622
17700    5025  6633  5006  7553
17701    5143  5150  5148  6745
17702    4762  4770  4764  7201
17703    3344  3616  6905  6967
17704    3953  3958  3952  7525
17705    5841  6089  6641  7523
17706    4849  4847  4769  7201
17707    6745  5143  7129  7386
17708    5415  5412  5406  7203
17709    4858  4859  4860  7386
17710    5643  5641  5642  7034
17711    1049  1054  1047  7348
17712    5543  5544  7157  7166
17713    5286  5400  6159  6598
17714    6347  6304  6402  7175
17715    6713  6510  7512  7594
17716    5951  5961  6522  6944
17717    5981  6429  6531  6548
17718     947   949   948  6076
17719    2812  6364  6508  7293
17720    5416  5411  5415  7203
17721    5857  5962  6187  6253
17722    6101  5900  6367  6412
17723    6564  4365  6624  6972
17724    3934  3921  7259  7502
17725    6565  6000  6618  6662
17726    5253  5279  6468  7283
17727    4867  4870  4860  7386
17728    5409  5415  5406  7203
17729    5409  5416  5415  7203
17730    6127  6511  6865  6888
17731    4867  4872  4870  7386
17732    3966  4091  6654  6731
17733    4000  3674  4002  7378
17734    5864  5840  5908  5917
17735    2149  6935  2144  7313
17736     699   700   480  6971
17737    5840  5859  5938  5963
17738    5219  5467  5218  6696
17739    2708  2612  6746  6969
17740    4861  4851  4867  7386
17741    4049  4051  6200  6912
17742    3597  3663  3603  7445
17743     679   686  6769  7657
17744    3758  6526  6839  7286
17745       4     5   177  6050
17746    1524  1515  1752  6984
17747    2522  2545  6210  7556
17748    6081  1318  6153  6778
17749    5376  5214  5375  7373
17750    5941  5958  6308  6941
17751    5896  5929  6362  6453
17752    4261  4166  7528  7646
17753     348  6333  6803  7015
17754    6450  6616  7524  7579
17755    6294  3030  6840  7536
17756    6248  6009  6654  6731
17757    1751  1519  1752  6984
17758    1000   984   987  7639
17759     938   941   992  7639
17760    4200  4196  7022  7512
17761    3038  3036  3035  6860
17762    1896  1901  1899  7526
17763    5845  6003  6104  6131
17764    1895  1897  1894  7526
17765    1285  1286  7167  7374
17766    4481  4442  4075  7383
17767    3274  6078  7097  7500
17768    3264  3232  6149  7500
17769     616   617   394  6968
17770    1305  1586  1307  7184
17771     581   575   576  7078
17772     713   859  6797  6919
17773     382   619   394  6968
17774    7379  7032  7422  7638
17775    1202  1188  1186  7493
17776    5355  5390  6873  7012
17777    4488  4443  4442  7383
17778    1897  1895  1899  7526
17779    4007  3999  4000  7378
17780    2594  2595  2564  7030
17781    6866   923  6880  7061
17782    6023  6191  6358  7031
17783    6530  6425  7022  7247
17784    3960  3956  3957  7344
17785     987   984   941  7639
17786      91    92  7207  7330
17787    1177  1179   795  7196
17788      40  5614  6885  7463
17789     598   576   589  7078
17790    5841  6514  6605  7523
17791    6080  5933  6694  6964
17792     755   483   485  6220
17793    6391  5884  6419  6831
17794    5213  5211  7373  5214
17795     618   623   622  7655
17796    4481  4487  4442  7383
17797    2851  5800  6210  7055
17798    6539  7108  7116  7645
17799    3531  5770  3275  6203
17800    6118  4103  4079  7181
17801    1856  1862  1857  7365
17802    6098  6289  6343  7289
17803     920  6824  6913  7363
17804    1295  6076  6396  6952
17805    6101  6825  7089  7504
17806    5969  5914  5973  5983
17807    2123  2131  2372  7318
17808    5657  5664  5663  7287
17809    5791  1437  7054  7457
17810    5837  5844  5856  5859
17811    1897  1899  6197  7526
17812    5872  5864  5969  6084
17813    2763  2759  2760  7488
17814    6844  5144  6966  7345
17815    2521  6982  7281  7556
17816    1725  1731  1733  6438
17817    6738  6394  6852  7153
17818    1891  1899  1895  7526
17819    5451  5439  6374  6689
17820    5841  5834  5867  6039
17821    4741  4747  7607  7665
17822    1546  1539  1538  7255
17823    6963   701  6971  7204
17824    6262  2953  6348  7394
17825    1701  7279  1715  1712
17826    3471  3474  3473  7132
17827    5122  5447  5119  7411
17828    3504  3253  3256  6716
17829    6913   690  6960  7274
17830    6302  6382  7054  7479
17831    5306  5307  6675  7040
17832    2578  2580  2585  6710
17833    3442  3450  7057  7142
17834    5977  5898  6198  6966
17835     257   528  6049  7031
17836    6062  6012  6929  7345
17837    5723  5724  6623  7114
17838    6461  3050  6700  7536
17839    6869  2218  7456  7541
17840    4872  4868  7129  7386
17841    5148  6745  6929  7386
17842    5173  4846  4791  7201
17843     742   538   470  7002
17844    2205  2204  2207  7227
17845    2205  2201  2204  7227
17846    4710  4708  4707  7534
17847    2559  2562  2561  7547
17848    3285  6840  7084  7659
17849    4849  4846  4850  7201
17850    3354  3352  3353  6980
17851     231   227   235  6766
17852    2895  2905  7112  7438
17853     462   469  6605  7346
17854    2562  2559  2547  7547
17855    6557  7238  7373  7442
17856    1512  2004  1513  7402
17857    2131  2135  2132  7654
17858    4168  4167  4166  7646
17859    6449  6099  6782  7506
17860    2400  2377  2391  7436
17861     457   459  6931  7249
17862    6133  5869  6599  7153
17863     402   398   399  6717
17864    1591  1586  1588  7184
17865    5062  5061  5063  7136
17866    5683  5692  5693  7192
17867    5865  5986  6159  6269
17868    2823  2822  2683  7375
17869    5880  6361  6517  6967
17870    6080  5893  6297  7478
17871    6831  6469  6946  7529
17872    1043  1058  6391   776
17873    6106  6285  6542  6660
17874    5985  5953  6596  6656
17875    3034  3308  3041  6860
17876    6357  5930  6373  6805
17877    3497  3502  3496  6646
17878    2279  1947  7651  1910
17879     679   652  6338  7214
17880    4488  4448  4443  6424
17881    3797  3708  6814  3798
17882    4934  4927  4930  7093
17883    3731  3730  3744  6617
17884    3753  3741  3748  6839
17885    6317  1420  7492  7585
17886    4894  4896  4890  7480
17887    1335  1332  1333  6489
17888    5058  4963  5064  5913
17889    5961  6070  6522  6687
17890    5306  5339  5338  6786
17891    1999  2000  6178  6497
17892     699   480   760  6259
17893     348   350   327  7015
17894    5834  5841  5957  6039
17895    3213  3222  3214  7505
17896    6211  6122  6445  7047
17897    2259  2961  6832  7169
17898    4233  4236  4237  6834
17899    3352  3357  3358  7328
17900    4104  4100  4097  7079
17901    3119  3068  3117  7182
17902    5824  5847  5859  5876
17903    1352  1319  1345  6464
17904      54    59  6556  7103
17905    3939  3938  7502  7589
17906    5323  5313  5362  6812
17907    1427  1190  1426  7298
17908    3589  3614  3588  6950
17909    3068  3119  3125  7182
17910    1205  1440  1425  6712
17911     390   386  6798  7189
17912    2133  2139  2132  6471
17913    5829  5936  5990  6263
17914    3261  3223  2985  6275
17915     233   221   232  6766
17916     794  1129   792  6592
17917    5935  5829  6075  6139
17918     587   593   592  6854
17919    3007  3554  6837  7162
17920    5847  5844  5856  6023
17921    5350  5348  5349  7012
17922    4986  4982  4988  6490
17923    1853  1843  6485  6818
17924    4568  4596  4570  7265
17925    3157  3127  3161  6656
17926    3651  3650  3592  7029
17927    1074  1150  6377  7493
17928    5829  5831  5899  6139
17929    4694  4693  6768  7208
17930     471  6699  7194  7346
17931    6589  6163  7158  7166
17932    5803  4787  6846  7468
17933    1208  1206  6597  7462
17934    7354  4273  7528  7542
17935    5881  5869  5997  6365
17936     822  1079   826  7315
17937    2635  2636  2632  6739
17938    1173  1176  6104  6287
17939     347   349  6803  6867
17940     911   918   913  6428
17941    1209  1189  1202  6597
17942    1573  6688  7105  7437
17943    2161  2176  6545  2177
17944    5640  5641  5637  7034
17945    3521  3734  3740  6236
17946    1844  1854  7228  7624
17947    4964  4966  4965  7522
17948    6236  6724  7117  7497
17949    4477  4476  4490  7181
17950    6736  6353  6757  6991
17951    1287  1290  7167  7374
17952    1549  1775  1544  7255
17953    5322  5328  5324  6994
17954     705   736  6534  6963
17955    5758  5753  5752  7172
17956    5850  6268  6403  7352
17957    5853  6260  6450  7486
17958    6011  5047  6395  6398
17959    3621  3619  6028  6190
17960    2342  1999  6363  6422
17961      44   212    30  6433
17962     749   750  6523  7527
17963    6485  1876  6796  7074
17964    6007  5966  6160  7168
17965    4678  4682  4680  6472
17966    5343  5354  5307  7040
17967    4475  4474  4468  6914
17968    3989  4101  6199  6924
17969    2691  1763  1559  6953
17970    2140  2129  2137  6471
17971    2630  2628  2629  7077
17972    5604  5603  6385  6783
17973    4678  4680  4608  6472
17974    3579  3608  3589  6950
17975    2396  6560  6787  7299
17976    1859  2145  6933  2173
17977    6812  6293  6819  7185
17978    6549  4855  6575  7496
17979    3472  3689  3473  7089
17980    3343  3379  6179  6409
17981    4682  4679  4680  6472
17982    5988  6039  6505  6931
17983    4597  4592  7240  7620
17984    6583  6291  6593  7444
17985    2003  1990  1991  7036
17986    6686  6816  7092  7202
17987    2935  2932  2949  6645
17988    2257  2258  6448  7277
17989    2233  2245  6394  6613
17990     452   456  6576  7498
17991     334  7011  7160  7267
17992    5335  4733  6457  7352
17993    3293  3291  3289  7414
17994    5715  5743  5720  6689
17995    4037  4043  6554  7292
17996    1794  1793  6816  7202
17997    2087  2083  6301  7551
17998    6530  6506  6828  7087
17999    5914  5947  5969  6000
18000    2758  2717  2647  6459
18001    5219  5218  6087  6696
18002    5862  5919  6119  6251
18003     604   600   599  7215
18004    4348  4337  4070  6624
18005    2521  2523  6982  7556
18006    6223  6012  6745  6929
18007    5425  5329  5986  7612
18008    1518  1515  1524  6984
18009    6368  6286  6380  7557
18010    3477  3440  7141  7484
18011    1223  6360  6529  6801
18012     245   515   248  6752
18013    5911  5858  6151  7349
18014    3696  3695  3694  6878
18015    4205  4210  4110  6687
18016    3911  3917  7222  3914
18017    1347  1340  1341  6707
18018    4890  6548  7341  7480
18019    4325  4321  4346  6632
18020    3486  6646  7089  7358
18021    2181  2171  2170  7350
18022    6833  5957  7144  7449
18023    5922  6326  6719  7639
18024    1848  1844  1847  7624
18025    5549  5550  7050  7166
18026     799   553   560  7140
18027    3831  3833  6728  7199
18028     421   422  6006  6717
18029    6477  2697  6930  6973
18030    6607  6692  6879  6903
18031    6463  6453  7018  7269
18032     462   460   451  6605
18033    5907  5987  6772  7664
18034    5632  5621  6791  6957
18035     356   520   512  6479
18036    5994    83  6403  7011
18037     628   626   631  6876
18038    1348  1347  1341  6707
18039    1278  1002  1028  6463
18040    3488  3464  7089  7132
18041    2047  2048  6519  6988
18042    4739  4747  4748  6172
18043    3230  3233  6141  7503
18044    2492  2491  2493  6927
18045    3760  3445  3559  6587
18046     121   117   127  7276
18047    6775  6652  6902  7181
18048    4526  4521  4103  7181
18049    5953  6390  6596  6656
18050      75   311   313  7262
18051    1509  6835  7402  7559
18052     940   936   923  6326
18053    1027  1002  1278  6983
18054    4944  4951  6901  7609
18055    3651  3652  7029  7351
18056    2620  2388  2387  6355
18057    3959  4059  6248  6654
18058    4230  4238  4231  6834
18059    5028  5020  6938  7553
18060    1927  1926  1679  6491
18061    4103  4521  4490  7181
18062    2810  2809  2811  6776
18063    2206  2037  6208  6988
18064    4836  4837  5001  6706
18065    1097  1064   850  7101
18066    5068  5049  6293  7010
18067    4467  4977  4457  7359
18068    4675  6369  6473  7170
18069    1766  2696  1772  7368
18070    1774  2695  1749  7368
18071     208   202  7218  7523
18072    2040  2038  6462  6988
18073    3928  3895  3925  7351
18074    6712  6264  6923  7462
18075    2698  2696  6973  7368
18076    6189  6282  6385  6067
18077    1834  1842  1832  7177
18078    2733  6346  7311  7652
18079    5772  5320  6819  6986
18080    4524  4392  6902  7494
18081    6902  6652  7095  7181
18082     681   677  7410  7657
18083    6147  6725  7581  7630
18084    3242  6426  6943  7347
18085    1234  6360  6863  7636
18086    3319  3324  7032  7379
18087    6159  5865  6269  6458
18088    3397  3371  7490  7610
18089    6142  5950  6170  6491
18090    2477  2480  2481  6705
18091    5270  5279  5282  6683
18092    5163  5164  6966  7090
18093    5545  5553  5547  7050
18094    2567  2994  2568  6402
18095    6202  6328  6513  7310
18096     854   856   869  6660
18097    5724  5717  5722  7114
18098    3681  3619  3463  7017
18099    5339  5299  6786  7212
18100    5898  5976  6198  7260
18101    2937  3093  3088  6266
18102    6226  6261  6549  6575
18103    5850  5837  5868  5909
18104    2733  2748  7266  7311
18105    1904  1905  7150  7420
18106    5926  5902  5940  6661
18107    5357  5208  5361  6386
18108    4944  6901  7352  7609
18109     171   138  6418  7427
18110     461   447   207  7523
18111    4155  6138  7608  7646
18112      84   336    86  7083
18113    6007  6098  7168  7188
18114    4464  4470  7359  7371
18115    5326  5322  5367  6994
18116    4977  4979  6244  7349
18117    3559  3768  3761  6587
18118    6250  5951  6602  6944
18119    5661  5663  6243  7287
18120    7025  4528  7244  7314
18121    5190  5191  6198  7543
18122    2556  2553  2557  6764
18123    5885  6370  6376  6474
18124    4194  4020  4203  6713
18125    5409  5407  6269  7203
18126    5841  6576  6605  6922
18127    1656  1895  1893  7526
18128    1892  1882  6029  6197
18129    5867  5978  5988  6763
18130    6280  6538  6659  7262
18131    6978  5228  6998  7555
18132    1631  1501  1691  6165
18133    5993  6086  6387  7568
18134    3189  3190  3197  7171
18135    1446  1545  1432  6344
18136    5906  5861  5833  5830
18137    4682  4678  4681  6472
18138    5514  5507  5501  7648
18139    5176  5180  6180  6450
18140    1310  1320  1315  7173
18141    5197  5233  7260  7555
18142    5433  5387  5381  7424
18143    6216  6346  7446  7652
18144     660   137   139  7251
18145    3104  2749  2786  6804
18146    3834  3826  7403  7444
18147    1523  1525  1522  6984
18148    3352  3358  6980  7328
18149    6015   502  6766  7531
18150     111   112   105  7483
18151     172   171  7104  7427
18152    1549  1548  1775  7255
18153     950   663   664  6143
18154    5942  6233  6866  7061
18155    4423  6244  6676  7473
18156    6551  5010  6633  7532
18157     394   617  6648  7637
18158    6319   852  7045  6570
18159    3962  3951  3388  7525
18160    1314  1313  1309  7173
18161    6157  6196  6240  6872
18162    5086  5094  5097  7518
18163     680   676  6769  7657
18164    5119  5102  5101  7518
18165      16   209   208  7523
18166    2669  2670  6251  6776
18167    1982  1975  1974  7272
18168    4103  4490  4476  7181
18169    2696  2695  1774  7368
18170    3021  3018  6608  7606
18171    6326   992  6719  7639
18172     202   209  7218  7523
18173    6110  6407  6832  6897
18174     209    16  7102  7523
18175    1587  1592  1594  7277
18176    2697  2698  6973  7368
18177    6769   676  7274  7657
18178    4182  7007  7291  7594
18179    1758  1757  1507  7163
18180    5916  5922  6788  6863
18181    1717  1996  6810  7036
18182    1597  1598  1601  6925
18183    5102  5094  5101  7518
18184     497   207   211  7523
18185    2697  2696  2698  7368
18186    2857  2849  2846  6357
18187    1896  1899  1902  7526
18188    1376  1366  6702  7650
18189    6480  5861  6896  7235
18190    1488  1167  7113  7566
18191    6178  6750  6810  7019
18192    6530  4303  6555  7087
18193     618   612   623  7329
18194    2914  6480  6896  7235
18195    6164  5960  6352  7492
18196    2951  3199  2952  6348
18197    2678  2669  6053  6508
18198    3629  3626  7068  7389
18199    3129  3133  3132  6715
18200    6236  5838  6254  6590
18201    6234  6025  6278  7493
18202    6094  6047  6230  6408
18203    6102  6424  6937  7126
18204     326   322  6758  7440
18205     947  1270  6076  6906
18206    1787  1794  6816  7202
18207     197   193  6576  7035
18208    5547  5546  5539  7050
18209    5118  5117  5154  7342
18210    5894  5840  6802  6963
18211    3351  3116  3115  6949
18212     954   917   950  7353
18213    2404  2411  2403  6708
18214    2649  2652  2644  7051
18215    4092  6248  6731  7578
18216    5973  6084  6441  6748
18217    1789  1796  7092  7202
18218    5272  7157  7461  7561
18219      60    61  5643  6312
18220     325   324   326  7440
18221    5200  5198  6882  7543
18222    3132  3133  3105  6715
18223     170   166   167  6847
18224    5738  5459  5463  6116
18225     109   344  6717  6867
18226    3121  3068  3125  7182
18227     957   951   949  6952
18228    5333  5344  5345  7040
18229    1254  6100  6723  7065
18230    6600  5679  7123  7552
18231    5958  5941  6137  7147
18232      46    59    54  7103
18233    6163  6350  6057  6063
18234    2764  2724  6580  6714
18235    2949  2936  6792  7634
18236    3605  3612  6950  7392
18237    1876  1874  1873  6796
18238     647   648  6016  7407
18239    1553  1551  5811  6987
18240    2217  2211  7418  2209
18241    5269  5263  6372  7461
18242    5629  5615  6885  7623
18243    2009  1506  2004  6565
18244    1671  1672  1678  6569
18245     603   863  6797  7008
18246    2278  7127  2275  7356
18247    3701  3702  6217  7504
18248    4116  4111  4109  6128
18249    3182  3162  6568  7460
18250     937   990  1221  6345
18251    3164  3163  2836  6674
18252    5843  5881  5924  6112
18253    6307   189  6498  6514
18254    2569  2293  6176  7062
18255    5910  5877  6073  6437
18256    3253  3510  3254  6716
18257    4274  4283  4275  6841
18258    4068  4050  7134  7156
18259    3515  3256  6651  6716
18260    1057  6391  6419  6829
18261    3025  3026  3027  7606
18262    3591  3580  3588  7165
18263    7059  6314  7171  7460
18264    6469  5983  7167  7529
18265    5108  6567  7524  7597
18266    4890  7341  7390  7480
18267    4930  4920  4932  6756
18268    3750  3747  3629  6590
18269    5570  5569  5581  6961
18270    3940  3621  6028  6183
18271    5902  5863  6021  6567
18272    6092  5924  6315  6668
18273    4268  4258  6215  7174
18274    7121  5533  5774  7570
18275    1438  5791  7054  7457
18276    5912  5954  6291  6593
18277     617   601  6388  7637
18278    5824  5826  5845  5848
18279    6080  6297  6323  7455
18280    3055  3053  3046  6461
18281    1779  1787  1784  6816
18282    5840  5864  5884  5894
18283    1396  1395  1397  7519
18284    5358  5360  4994  7521
18285    4470  4466  4473  7371
18286    3647  3642  3645  6213
18287    5560  5558  5556  6661
18288    3962  3779  6877  7525
18289    2539  6416  7304  7564
18290    2643  2640  6521  7143
18291    6824   934  6866  7363
18292    4981  4982  6926  7081
18293    4451  4359  6410  7419
18294    2587  2050  2625  6954
18295    2587  2625  2592  6954
18296    5481  5586  5738  7183
18297    3779  3781  6390  7525
18298    1299  1298  1306  6396
18299    2424  6415  6704  7456
18300     513   241   511  7369
18301     987   941  1024  7639
18302    6447  2560  6822  6889
18303    6259   443  6780  6971
18304    1996  1717  6810  7217
18305    1378  1674  1379  6883
18306    2537  2522  7556  2545
18307    2620  2387  2386  6355
18308    3261  5782  5995  6078
18309    2626  2627  2625  6954
18310     467  5978  7249  7346
18311    5587  5586  5481  7183
18312    1766  1763  2691  6953
18313    5851  5843  5881  5924
18314     560   554   559  7140
18315    6814  3811  7198  7385
18316    2627  2593  2625  6954
18317    4609  4678  4608  6472
18318    5821  5174  7524  7579
18319    1714  6352  6899  7217
18320    6306  6297  6543  7455
18321    5486  5589  5481  7183
18322    2289  2286  2281  7372
18323    4465  4470  4464  7371
18324    6749  6515  6756  6976
18325    2281  2286  2280  7372
18326    1773  1766  2691  6953
18327    3962  3388  3781  7525
18328    5573  5578    13  7102
18329    5328  5330  5325  6994
18330    3253  3509  3510  6716
18331    5189  5164  6198  6966
18332    6040  6708  7318  7382
18333    3852  3851  3853  7309
18334     967  1024   943  7639
18335    2380  2626  2625  6954
18336    5588  5592  5586  7183
18337    2625  2593  2592  6954
18338    5902  6021  6105  6567
18339    3317  7355  7406  7622
18340    5560  5597  5569  6661
18341    5763  4369  5818  7632
18342      52    50    51  7103
18343    6779  6216  7357  7446
18344    4852  4492  6261  7496
18345    3801  3808  6270  6540
18346    4665  4669  4664  7264
18347    2172  2174  2166  7350
18348    6383  6309  7100  7251
18349    3127  3154  3160  7293
18350    6420  5835  6521  7143
18351    3486  3489  3487  7358
18352    5975  6666  6740  7627
18353    4475  4468  4469  7359
18354    3121  3123  6627  7182
18355    6422  6397  6559  7226
18356    5825  5824  5827  5848
18357    5553  5552  5550  7050
18358    4185  4162  7242  7594
18359    6546  4418  6676  7473
18360    4403  4405  4404  7176
18361    6459  2762  6714  7488
18362    6127  6092  6315  6335
18363    1437  1451  1438  7054
18364    1763  1765  1559  6953
18365    1263   947  1011  6906
18366    6043  7042  7387  7490
18367    2281  6738  7263  7372
18368    6482  6470  7220  7644
18369    1472  1475  7041  7043
18370     240   238   239  7369
18371    4466  4514  4471  7371
18372    5587  5588  5586  7183
18373    5064  5055  5063  7136
18374    5228  5239  6760  7555
18375    5486  5584  5589  7183
18376     731   733   735  6534
18377    5832  5852  6187  6526
18378    4526  4525  4523  6902
18379    3811  3810  6814  6928
18380    6664  6911  6956  7485
18381    5588  5587  5591  7183
18382    2284  2286  2289  7372
18383    7139  4804  7388  7575
18384     474   436   437  6939
18385    3952  3958  3359  7525
18386    6294  5967  6461  7536
18387    4474  4475  4471  7371
18388     967   983  1024  7639
18389    3364  3388  3359  7525
18390    6209  5861  6989  7235
18391    2346  2488  6186  6970
18392    4477  4076  7181  7656
18393    1086  1087  5945  5979
18394     743   746   741  7360
18395    2119  2079  1838  7366
18396    6113  6083  6946  7529
18397    6144  5980  6190  6967
18398     538   741  6763  7360
18399     605   609  6797  7215
18400    3406  3407  5814  6626
18401    4193  4189  7512  7594
18402     805   817  6629  7187
18403     553  6354  7088  7140
18404    6680  1590  6897  7277
18405    5592  6018  7183  7248
18406    1075  6148  6278  6947
18407    6265  6199  6270  6924
18408    5906  6054  6272  6459
18409    2970  2902  2973  6711
18410    5660  5413  6269  6475
18411    1247  1246  6153  6755
18412     729   736  6534  7258
18413    4839  4472  6601  6858
18414    6780  6563  6898  7427
18415    6204  5956  6663  7124
18416    2332  2339  2341  6230
18417     915   912   339  6428
18418     443   445   484  6939
18419    5971  5953  6627  6656
18420    2526  2477  2557  6705
18421    6619   256  7031  7135
18422    1063  1073  1061  6947
18423    3509  3506  3507  6965
18424    3974  3973  6265  7361
18425    2297  2296  2203  7227
18426    2646  7051  7118  7271
18427    5825  5848  5890  5953
18428    3613  3611  6950  7259
18429    6775  4491  7095  7181
18430    5597  6661  6783  6961
18431    1387  1388  1392  7004
18432    1850  1839  7177  7297
18433    3680  3686  6028  7017
18434    1073  1063  1062  6947
18435    1233   907  1221  6345
18436    6688  6584  7105  7437
18437    6440  5862  6477  6750
18438    2986  2989  6332  7503
18439    6434  6427  6955  7337
18440     182  6171  7427  7431
18441    5006  5014  5016  6633
18442    4922  4928  4927  7093
18443    2795  2792  2796  7116
18444    1795  1794  1793  6816
18445    6617  3728  7046  7560
18446    2892  2889  2886  6830
18447    3199  3198  6262  6348
18448    2552  2551  2554  7547
18449    4480  4076  4477  7656
18450    5922  6013  6362  6707
18451    2366  2639  6800  6992
18452    5310  5315  7010  7213
18453     983  6574   976   981
18454    4176  4173  7013  7256
18455    6589  7050  7158  7448
18456    6477  2697  6973  7368
18457     720   722   725  6991
18458    2033  1924  2030  6491
18459    6020  5939  6430  6595
18460    3354  3115  3345  6517
18461    2092  2079  6449  6849
18462    5717  5724  5723  7114
18463    6689  5747  6727  7364
18464    1133  1134  6669  7499
18465    1512  1508  1507  7402
18466    4457  4469  4467  7359
18467    6106  6022  6354  7362
18468    6096    69  6280  6312
18469    2140  2138  2129  7537
18470    6016   649  7086  7211
18471     227   229   235  6766
18472    3981  3974  6265  7361
18473    3570  3528  6566  7195
18474    5364  5363  5362  7190
18475    5725  5135  6105  7082
18476     236   231   234  6766
18477    6151  6172  6322  7607
18478     942   934   962  7363
18479    4429  6325  6400  6762
18480    6312    69  6691  7034
18481    5459  6116  6594  7364
18482    5592  6018  6744  7183
18483    4481  4480  4479  7656
18484    2200  2207  2204  7227
18485    4491  4521  7095  7181
18486    2695  2697  6477  7368
18487    6591  6617  7046  7560
18488    2373  2131  2132  7654
18489     447  6605  6922  7523
18490     461   207   496  7523
18491    3350  3353  6980  7367
18492    5601   240   244  7369
18493    2556  2552  2554  7547
18494     617   616   622  7655
18495    2205  1928  2201  7227
18496    3921  3927  7416  7589
18497     231   235   234  6766
18498    6199  6028  7197  7361
18499    1795  1785  6816  7237
18500    6605  6514  6922  7523
18501    5739  5740  5459  7364
18502    3596  3317  7406  7622
18503    2150  2160  6823  7200
18504    4906  4900  6999  7439
18505    2663  2665  6709  7271
18506     967   942   968  7363
18507    1453  1454  1452  7479
18508    5972  6034  6493  7411
18509    1858  1857  7297  7365
18510    3328  3294  3329  7638
18511    1235  1234  1240  6360
18512    6251  2669  6508  7294
18513    6412  3464  7089  7358
18514    3261  3287  5995  6275
18515    1832  1838  1837  7366
18516    3287  3286  3261  6078
18517    6362  6013  6464  6707
18518    2628  2590  2629  7175
18519    2629  2590  2596  7175
18520    6585  6772  7192  7229
18521      60  5643  5642  6312
18522    6388   601  7215  7637
18523    2736  2734  2628  7175
18524    1831  1833  1850  7177
18525    6275  6078  6840  7659
18526    6233   967  7061  7639
18527    2906  6896  6997  7112
18528    6477  6440  6637  7368
18529    6328  6390  6770  7525
18530    3099  3097  6478  6809
18531     984   988  6719  7639
18532    2372  2373  6811  7654
18533    3779  6390  6877  7525
18534    7084  6840  7414  7659
18535    1802  1810  1575  7550
18536    6733  6223  7139  7514
18537    6514   447  6922  7523
18538    5977  6223  6733  7514
18539    6064  1324  6181  7005
18540    6028  6183  6199  7197
18541    2135  2131  2124  7654
18542    2561  2554  2551  7547
18543    7007  6442  7242  7594
18544     988  1000  6719  7639
18545    6253  6442  6510  7007
18546    5869  5997  6365  7263
18547    1342  1341  1340  6983
18548    3904  4009  6916  7643
18549    2315  2316  2319  7327
18550    2033  2030  2034  6166
18551    2488  2487  6186  6970
18552    1290  1285  1288  7167
18553    6178  6446  6750  7019
18554    4861  4859  6575  7386
18555    2891  6830  6889  7112
18556    2579  2913  2578  6710
18557    5982  5950  6208  6988
18558    5975  5904  6740  6861
18559    1733  1184  6104  6438
18560    1089  1088  1090  5979
18561    6056   219  7161  7531
18562    3299  3296  3297  6474
18563    3254  3252  6753  7141
18564    5399  5400  6598  6658
18565    6583  6612  6640  7429
18566    4958  4959  4965  7522
18567    6071  5882  6507  7637
18568    1392  1390  1398  7519
18569    5366  5359  7190  7521
18570    5681  5684  5691  7396
18571    2199  2183  6133  7395
18572    6029  6010  6197  7150
18573    5882  6071  6392  7637
18574    3081  5985  6053  6336
18575     237   238  6385  7369
18576     909   915  6428  7064
18577    4852  4494  6261  6575
18578    6442  6138  7241  7246
18579    4678  4681  6472  7170
18580    3448  3442  7057  7142
18581    1381  1383  7245  7650
18582    1394  1389  1397  7519
18583    5974  6042  6781  7025
18584    5882  6392  6507  7637
18585    6775  4491  7181  7656
18586     834   578   582  7362
18587     578   834   842  7362
18588    2734  3039  2590  7175
18589    2322  2321  2315  7327
18590    2148  1862  2141  7365
18591      51    49  6650  7103
18592    1965  1995  6397  7217
18593    3176  3185  3175  7171
18594    4913  4912  4916  6407
18595    4329  4330  5817  7336
18596    1863  1861  1860  7365
18597     580  7078   571   575
18598    2789  2744  2780  6701
18599     571   580   579  7362
18600    2914  2897  2916  7235
18601    2330  2332  2331  6094
18602    5270  5285  6683  7205
18603    5892   100  6333  6867
18604    1765  1763  1764  7513
18605    3317  3598  3600  7355
18606     759   756   758  7209
18607     653   658  6353  7407
18608    3557  3553  3598  7355
18609    4314  4320  6595  7601
18610     877   868   865  7045
18611    5960  5966  6178  6397
18612     481   484   477  6939
18613    4703  4687  6473  6768
18614    5887  6473  6533  6768
18615    3483  3464  6996  7358
18616    1854  1857  1858  7365
18617    6652  6102  7025  7314
18618    4515  4563  6872  7494
18619     842   834   836  7362
18620      99    98    92  7330
18621    4202  4197  4201  7512
18622     621   608   620  7637
18623    6079  6195  6378  6873
18624    4121  6117  6502  6726
18625    5903  6685  6735  7233
18626    2729  2728  2723  7489
18627    3513  3505  3512  6030
18628    5494  5599  5598  7137
18629     616   617  6968  7637
18630    5990  5936  6217  6771
18631    4587  6583  6640  7429
18632    1066  1065  1064  6148
18633    5475  5474  5470  6467
18634    6397  6422  6497  7226
18635    6089  6130  6699  7523
18636    5924  6073  6127  6288
18637    6057  6468  6683  7283
18638    4796  4795  7047  4801
18639    4094  4368  6564  6918
18640    4412  4417  6503  6848
18641    3964  3965  3961  7344
18642     382   397  6767  7450
18643    1216  1213  7131  7370
18644    2117  2116  1836  7177
18645    5753  5761  5752  7172
18646    2206  6208  6806  6988
18647    2159  2164  7200  7312
18648    2462  2476  2480  6942
18649    5213  5735  5212  6557
18650    3531  3268  5770  6238
18651    1957  1956  1955  6799
18652    2725  3044  2728  6359
18653     181   186  6171  7431
18654    6075  6138  6442  7321
18655    5100  5098  5096  7518
18656    4407  4406  4398  7176
18657    2822  6865  6892  7375
18658    6337  3092  7316  7634
18659    5544  5398  5549  7166
18660    5220  5125  6062  6087
18661    5852  6381  6442  7321
18662    5828  5846  5874  6058
18663    6174  6686  6790  7092
18664    4397  6292  6593  7176
18665    5487  5486  6500  7183
18666     214   213  6433  7604
18667    5279  5282  6683  7205
18668    6009  6466  6654  6731
18669    6189  5926  6229  6561
18670    6063  5898  6436  7433
18671    5957  6242  7449  7664
18672    4929  4960  4965  7522
18673    1320  6064  7065  7173
18674    6189  5940  6385  6783
18675     791   792   793  6621
18676     615   601   617  7637
18677    5964  5924  6432  6934
18678    5356  5668  5669  7110
18679     620   615   622  7637
18680    2631  2619  7077  2627
18681    1555  1552  1557  7099
18682    4480  4477  4479  7656
18683     615   620   608  7637
18684    4960  4958  4965  7522
18685    5636  5632  5637  6957
18686    6384  6195  7123  7552
18687     954   957   917  7353
18688    6323  6306  6544  6592
18689    5551  5398  5405  7166
18690    5775  5791  1448  7457
18691    4471  4514  6729  7371
18692    6397  1995  6497  7217
18693    4023  4026  4024  7296
18694    1764  1770  1767  7513
18695    6645  6337  7316  7634
18696    2937  2938  2934  6792
18697    1291  1402  6673  7662
18698    1915  1925  1918  6509
18699    3856  3861  6874  7507
18700    6528  5967  6761  7489
18701    3318  3121  6627  6759
18702    3241  3430  3429  6943
18703    1956  1955  6799  7217
18704    6399  5858  6555  7627
18705    4171  4170  7256  7378
18706    3371  3418  3397  7490
18707    2909  2917  6989  7235
18708    2918  2919  2916  7235
18709    2066  2067  2075  7631
18710    2729  2725  2728  7489
18711     615   617   622  7637
18712    1995  1996  6497  7217
18713    2528  2456  2459  7180
18714    6311  6485  6818  7365
18715    5108  6567  6622  7524
18716    4491  4484  6821  7314
18717    2217  2210  2209  6934
18718    6174  6485  6879  7092
18719      71    73  6280  6659
18720    5687  5417  5365  7612
18721    3427  3397  3418  7490
18722    1852  1797  6879  7092
18723    5662    98  6243  7287
18724      67   102   101  7330
18725    1127  6570  6625  7635
18726    5947  6165  6664  6956
18727    7315   828  7626  7653
18728    4287  4202  4201  7512
18729    6634  6022  7078  7362
18730    1456  1461  6382  7479
18731    1094  1093  1098  7635
18732    2936  2940  6792  7634
18733    6979  6645  7316  7634
18734    3600  3553  6582  7355
18735    4827  5095  6588  7278
18736    1039  1017  6113  7374
18737     842   579   580  7362
18738    4251  4271  6215  6677
18739    3018  6275  6608  7606
18740    5398  5551  5549  7166
18741    5617    34  5612  6885
18742    4529  4522  6652  7314
18743    2609  2612  6746  7415
18744    6266  6002  7252  7596
18745    2088  2084  7629  2090
18746    3819  3817  3818  7587
18747    6686  6174  6879  7092
18748    3553  6227  6582  7355
18749    5543  5398  5544  7166
18750    1230  1235  1239  7636
18751     723   653  6353  7407
18752    5545  5544  5549  7166
18753    6499  6963  6971  7204
18754    3600  6582  7275  7355
18755    5549  5551  5550  7166
18756    3553  3557  6227  7355
18757    2456  2461  2459  7180
18758    1829  1838  2024  7366
18759    1830  1837  1829  7366
18760    2535  2457  2528  7180
18761    1099  1066  1098  7635
18762    6518  2627  6954  7077
18763    5098  5100  7411  7518
18764    6299  6173  6409  6481
18765    4621  4591  4259  7174
18766    1861  1856  6818  7365
18767    2245  2233  6394  6681
18768    5939  5839  6020  6340
18769    5840  5859  5963  6140
18770    2324  2329  2325  7322
18771     538   743   741  7360
18772    2607  2608  7288  7343
18773    5540  5509  6090  7573
18774    3225  2982  3223  7503
18775    4876  4810  4877  7514
18776    4032  4028  4029  7296
18777    5391  5387  6873  7508
18778     217  5759  6682  7048
18779    3979  3974  3977  7361
18780    5924  6036  6092  6415
18781    4268  4259  4258  7174
18782    3978  3979  3977  7361
18783    3973  3974  3979  7361
18784    1096  1093  1092  7635
18785    4268  4621  4259  7174
18786    6411  6173  6539  6715
18787     602  6152  6285  7362
18788    5937  5848  5941  6137
18789    5755  5757  5756  7172
18790    5914  5908  5947  6142
18791    5967  6294  6461  6700
18792    5865  5946  6057  7185
18793    2164  2165  7200  7312
18794    5918  5850  5934  6079
18795    6311  6813  2149  7297
18796    2736  2628  7077  7175
18797    6484  6097  6600  6895
18798    6446  6178  6497  7631
18799    3351  3349  3109  7357
18800    1714  1713  6352  6516
18801    3018  2985  3021  6275
18802    2253  2282  6681  7356
18803    2155  2154  2159  7312
18804    3033  3349  6192  7446
18805    6025  1127  6625  7635
18806    3975  3619  3680  7361
18807     834   602  6285  7362
18808    6152   582  7078  7362
18809    5102  5100  5096  7518
18810    1742  6438  6990  7326
18811    3602  3594  3597  7445
18812    2646  2664  6709  7271
18813    1093  1099  1098  7635
18814    5095  5086  5082  7518
18815    5878  5899  5939  6425
18816    6168  6055  6618  7447
18817    5860  6058  6132  7175
18818     230   219  6056  7531
18819    6169  5909  6324  7476
18820    4877  4882  4876  7514
18821    1323  1327  1596  7005
18822    6018  6050  6193  6594
18823     768   767  6140  7148
18824    5977  4882  6742  7514
18825    2941  2949  2939  7634
18826    6169  6268  6300  6937
18827    5332  5333  6644  7476
18828    1151  1166  1153  7426
18829    5828  5880  6043  6173
18830    7012  6653  7040  7476
18831    2268  2281  7058  7372
18832    3195  3184  3186  6314
18833    1378  1379  1382  6883
18834    1098  1066  6148  7635
18835     784   748   742  7360
18836    4780  4812  4779  7514
18837    4810  4812  4811  7514
18838    2639  5835  6800  7343
18839    2508  2504  2507  6335
18840    1743  1767  1768  7513
18841    2936  2949  2941  7634
18842    2399  2395  6787  7299
18843     782   784   742  7360
18844    1039  1038  1037  7348
18845    1146  1141  1140  6850
18846     337   336   331  7160
18847    2986  2982  2989  7503
18848    3594  3317  3596  7622
18849    2309  2312  6777  7327
18850    5929  5896  6362  6707
18851    5443  5445  5450  7224
18852    1470  1469  1237  7043
18853    6431  6014  6512  6933
18854    3070  6298  6359  6759
18855    6657  6091  7195  7340
18856    1294  1159  1293  7167
18857    6359  6272  6459  6714
18858    2235  6613  6681  6932
18859    2949  6645  6979  7634
18860    3857  4117  6726  6874
18861    4383  4384  4096  7079
18862    5831  5904  6060  6151
18863     912   296   298  7267
18864    4219  4248  4225  5951
18865     897   878   895  7120
18866    3962  6093  6638  7525
18867    2829  2835  6805  6900
18868    3657  3659  3656  7029
18869     338   342   341  7160
18870     950   917  6428  7353
18871    4971  5055  5064  6940
18872    6449  2092  6849  7506
18873    3814  3819  3818  7587
18874    4963  4974  4971  6940
18875     828   522   519  7626
18876     522   518   523  7626
18877    7416  6912  7502  7589
18878     519   522  6694  7626
18879    4914  3451  6407  7057
18880    3173  6299  6962  7387
18881    5149  5156  5117  6929
18882    6288  2411  6560  7130
18883    7098   418  7498  6505
18884    6525  6215  6677  7563
18885    6052  6115  6687  7571
18886    2608  2638  7143  7343
18887    1024   983  6520  7639
18888    4606  4616  4611  6369
18889    3931  3930  3938  7502
18890    5272  5273  5532  7157
18891    2765  2773  2769  7413
18892    2941  2939  7316  7634
18893    1447  1442  7268  7457
18894    5877  5950  5982  6290
18895    5931  6246  6375  6836
18896    2364  2360  2357  6992
18897    5251  5240  6760  6998
18898    1524  1523  1522  6984
18899    2126  2100  6099  7654
18900    5179  5174  6450  7524
18901    2125  2120  2118  7506
18902     723   629  6353  6859
18903    3899  3905  6916  7333
18904     333   332   340  7160
18905    3702  3701  3700  7504
18906     518   514   523  7626
18907    5928  6091  6566  7195
18908    2068  2000  2069  7631
18909    1800  1845  1792  7624
18910    5869  6365  6738  7263
18911    3934  6320  7392  7502
18912    2116  2115  2122  7506
18913    6012  6733  6745  6966
18914      54    59    62  6556
18915    4724  6495  7013  7256
18916    6269  5428  6379  6855
18917    5081  6324  6549  7159
18918    4705  4702  6820  7003
18919    1465  1450  6085  7043
18920    4855  4823  4825  7159
18921    3661  3655  3656  7029
18922     341   342   340  7160
18923    4985  4987  4983  7349
18924     907  6345  6360  6801
18925    4281  4647  4630  7627
18926     346   344   398  6717
18927    3729  3731  3744  7515
18928     516   517   524  7626
18929    6646  3496  6825  7038
18930     518   522   524  7626
18931    2242  2250  6678  7303
18932    6914  6706  7081  7349
18933    4303  4300  5816  7087
18934    4825  4820  4855  7159
18935    3446  3448  3447  7057
18936    2209  2210  2165  6934
18937     187   183   182  7161
18938    5385  5090  6327  7476
18939     442   183   437  7161
18940    5156  5154  5117  6929
18941     219   185  6056  7161
18942    3934  3931  3921  7502
18943     332   341   340  7160
18944    5148  5146  4860  6929
18945    4858  4826  4823  7159
18946    3077  3083  3085  7147
18947    2615  2613  2607  7288
18948    5146  5148  5777  6929
18949    6931   458  7249  7417
18950    3917  3916  4035  6124
18951    2001  1993  1994  6497
18952     183   474   437  7161
18953     422   420  7060  7498
18954    2647  2758  6459  7488
18955     908   911   910  6428
18956    3922  3653  3651  7351
18957    1759  1762  1756  7163
18958    3334  3327  3323  7638
18959    3436  3431  3441  7484
18960    4619  4278  4277  7475
18961    3069  3075  6298  6759
18962     426   425   428  7098
18963     342   335   340  7160
18964    4774  4780  4781  7139
18965     164   166  6847  7104
18966    6429  6551  6604  7073
18967    6332  2984  6711  7471
18968     177   176  5807  7431
18969    4074  4100  6118  6924
18970    4067  4342  4055  7020
18971     839   837   836  7149
18972    5490  5498  5491  7232
18973    4389  4388  4385  7146
18974    6606  6916  7351  7399
18975    4309  4322  4329  7397
18976    1531  1530  1536  7332
18977    3240  3247  3246  7649
18978    1288  1294  1287  7167
18979    5094  5095  7278  7518
18980    5395  5408  5405  7633
18981    4863  4784  4783  7139
18982    6014  6334  6431  6512
18983    6060  6531  6749  6768
18984    5889  5878  6154  7643
18985    6426  6149  6857  7595
18986    6071  6152  6285  6919
18987    3927  3926  3905  7333
18988    3161  3127  3160  7219
18989    4264  4266  6677  7542
18990    3239  3237  7234  7595
18991    6273  5984  6665  7492
18992    5996  6547  6617  7515
18993    2727  2729  2720  7615
18994    3873  3851  3868  6853
18995    2072  2000  2068  7631
18996    4857  4853  4856  6575
18997     217  5759   218  6682
18998    6231  5998  6345  6529
18999    1058   815  1057  6629
19000     193   195  6576  7035
19001    4781  4784  4777  7139
19002      99    92    91  7330
19003    5687  5365  5373  7612
19004    5881  6126  6349  6764
19005    5964  5925  6014  6334
19006    3743  3730  3723  6617
19007    6724  5944  6839  7515
19008    4200  4199  4198  7512
19009    4772  4802  4774  7139
19010    5925  5851  5964  6040
19011    4622  4629  6380  6535
19012    1400  1360  6665  7492
19013    1529  1532  1528  7332
19014    5326  5417  5327  7612
19015    3494  3472  3486  6825
19016    3767  3999  4171  7014
19017    6300  6774  6871  6937
19018    3413  6044  6581  6728
19019    4287  4196  4202  7512
19020    4199  4193  4189  7512
19021    2073  2077  2075  7631
19022    5139  5493  5598  7137
19023    3555  3562  3561  6227
19024    3569  3568  3587  6444
19025    5845  5834  5849  5902
19026    6630  4142  6737  7106
19027     557   556   559  7140
19028    3717  3710  3714  7152
19029    4279  4276  4284  7354
19030    1531  1527  1526  7332
19031    4772  4774  4781  7139
19032    5372  6386  7238  7373
19033    6379  5417  7145  7612
19034    4973  4964  4959  7522
19035    1413  1406  1409  7662
19036    7086  6016  7214  7407
19037    5865  6077  6163  7166
19038     464   543   540  6936
19039    4276  4280  4277  7354
19040    3582  3580  3581  7165
19041    5959  5980  6028  7017
19042    6109  6812  6994  7190
19043    1320  1319  1326  6464
19044    5365  5373  6305  6649
19045    6077  7157  7166  7633
19046    6557  5725  7082  7442
19047    4836  6393  4840  6655
19048    1650  1651  7125  7501
19049    7183  5991  6500  7384
19050    5830  5827  5842  5999
19051    6865  2689  2823  2817
19052    6138  5899  6442  7241
19053    3269  3270  3265  7616
19054    5398  5404  5405  7633
19055    5916  5896  5922  6013
19056    4273  4275  4263  7354
19057    2423  6288  6315  7375
19058     547   687  6936  6960
19059    5330  5425  5986  7612
19060    2055  2087  2084  7629
19061    1771  6476  7332  7513
19062    1159  1284  1155  7167
19063    2737  3112  3349  7446
19064    1154  1159  1155  7167
19065    1530  1531  1526  7332
19066    4782  4780  4779  7139
19067    3063  3073  3121  6759
19068     956   949  6076  6952
19069    6206  5991  7325  7463
19070    1984  1983  1988  6911
19071    6399  4280  6555  7354
19072    1509  1523  6281  6984
19073    5348  5346  7012  7110
19074    5637  5636  6957  7034
19075    3678  3692  6101  6909
19076    1640  1643  1635  7641
19077    6391  1057  6419  6629
19078    6159  6077  6458  6658
19079     444   484  5808  6939
19080    2075  2070  6751  7631
19081    4779  4812  4810  7514
19082    1093  1094  1092  7635
19083    5498  5494  5491  7232
19084    2689  2683  2684  7375
19085    6008  6045  6063  6175
19086    6148  1066  6278  7635
19087    5761  5755  5752  7172
19088    3209  3242  3429  7347
19089    4821  4822  4820  7159
19090    2148  2144  6311  6933
19091    1770  1764  1769  7513
19092    3429  3242  6943  7347
19093    4972  4976  4975  6940
19094    5855  5974  6652  7025
19095    2073  2072  2077  7631
19096    5329  5425  5327  7612
19097    5327  5425  5330  7612
19098    5417  5656  5329  7612
19099    2726  2725  2729  7489
19100    4189  4198  4199  7512
19101    5417  5326  5365  7612
19102    7069  3278  7500  7616
19103    2828  2830  6805  7280
19104    5125  5454  5441  6573
19105    5990  5936  6771  6814
19106    3516  3525  6318  6651
19107    6001  6279  6648  7066
19108    1786  6375  6785  6836
19109    3249  3259  6238  7595
19110    2250  2445  6678  7303
19111    6060  6861  7003  7239
19112    6591  5996  7515  7628
19113    1924  1679  2030  6491
19114    1261  1260  6276  7377
19115    5917  5840  6143  6802
19116     592   591  6279  7066
19117    1406  1405  1621  7474
19118    6384  6195  6653  7110
19119    2401  2377  2400  7436
19120    3366  3120  6627  7379
19121    3684  3676  3678  6909
19122    4241  4242  4139  6630
19123    6452   331  7083  7160
19124    7243  5788  7245  7650
19125    4019  6488  6537  7230
19126    6297  6224  6523  7360
19127     313   311   312  7520
19128    1139  1275  6669  7018
19129    5831  5839  6151  7185
19130    5839  5826  5863  7185
19131    6176  6448  6806  6414
19132    6374  6097  6493  6881
19133    3684  3678  3693  6909
19134    5860  6192  6949  7357
19135    3676  3677  3453  6909
19136    6162  6953  6990  7368
19137    2841  7067  6443  5800
19138    4554  4546  4586  6583
19139    6073  6222  6437  7116
19140    7338  7084  7621  7625
19141    6304  6518  6954  7077
19142    5539  5546  6589  7050
19143    2679  2412  2506  6315
19144    5896  5942  6326  7639
19145    3278  3262  3274  7500
19146    4573  4578  4577  6283
19147    5356  5353  5347  7110
19148    1998  1720  1989  6810
19149     877   869   868  7045
19150    5158  5186  5160  5977
19151    6599  5966  6777  7037
19152    1997  2003  6497  7036
19153    6051  5928  6566  6572
19154    2155  2152  2142  6935
19155    4326  4328  6430  7336
19156    6235  6298  6461  6958
19157    6047  6186  6230  7322
19158    4147  4131  6974  7459
19159    2264  2256  6448  7452
19160    6076  5917  6396  6952
19161    6271  6311  7228  7297
19162    5818  4369  7443  7632
19163    6380  5975  6535  6820
19164     347   353   321  6333
19165    3424  3425  3426  7042
19166    6911  6951  7272  7485
19167    3918  3929  3920  7259
19168    3425  3424  6996  7042
19169    3651  3922  6718  7165
19170    5729  5565  6427  6434
19171    4493  4486  6821  7496
19172     733   737   734  7258
19173    6844  6012  6966  7260
19174    1595   293  6897  7565
19175    5942  6233  6824  6866
19176    3679  3685  3683  6909
19177    2741  3039  6346  7270
19178    5946  6032  6976  7039
19179    3031  3027  7540  7606
19180    3692  3678  3453  6909
19181    5177  5496  5493  7137
19182    5180  5493  5176  7137
19183    3243  3241  6943  7649
19184    3116  3351  3109  7357
19185    1767  1771  7332  7513
19186    5621  6791  6957  7623
19187     832  6323  7455  7653
19188    4682  4681  4683  7170
19189    1313  1255  1309  7173
19190     832   833  6323  7653
19191    1287  1294  1292  7167
19192    4678  4677  4681  7170
19193    4974  4972  4971  6940
19194    2737  2740  6346  7446
19195    1052  1155  1284  7167
19196    5727  5564  5737  7337
19197    5223  5217  5215  6620
19198    5278  6604  6683  7283
19199     353   348  6333  6803
19200    1367  1372  1368  7380
19201    6204  1599  6925  7124
19202    5728  5734  6734  7337
19203    5850  5837  5855  5868
19204    4451  6410  6558  7419
19205    6397  6497  6810  7217
19206    6609   764   766   555
19207    3046  3053  3051  6461
19208     755   757   486  7381
19209    5539  5623  6090  6589
19210    1291  6673  7474  7662
19211    5217  5221  6207  6620
19212    6168  2079  6449  7366
19213    1158  1153  6492  7426
19214    2417  2123  2371  7382
19215    1989  1722  1992  7019
19216    2526  2527  2459  7138
19217    3617  6190  6868  6905
19218    2247  2241  2246  6743
19219    4285  4284  4282  7354
19220    5003  4997  6891  7619
19221    1015  1259  1017  7374
19222    1239  1235  1240  7636
19223    5846  5927  6110  6897
19224    6157  6240  6283  7469
19225    4794  4791  6846  7201
19226    5949  6712  6917  7268
19227    3601  3663  6212  7445
19228    4354  4353  4344  6632
19229    3378  3382  3381  6179
19230     906   898   905  6920
19231    3375  3382  3378  6179
19232    3343  3345  3113  6721
19233    3909  3908  6183  7622
19234    5454  5125  5218  6087
19235    1596  1662  6181  7005
19236    2472  2474  2477  6126
19237    1713  1681  1703  6516
19238    3345  3115  3114  6721
19239    1641  5767  1864  7125
19240    6019  6072  7279  7421
19241    3799  3804  3805  6959
19242    3659  3660  3656  7029
19243    3076  1561  5958  6941
19244    6133  2197  7153  7618
19245      15    21  6514  7102
19246    1958  1657  6553  7516
19247    3705  3704  3706  6959
19248    3108  3113  3114  6721
19249    2009  2005  6618  7447
19250    6578  5970  6718  7029
19251    7056  6247  7154  7584
19252    6143  5934  6452  7100
19253    1286  1290  1407  7374
19254    1290  1285  7167  7374
19255    4079  4103  4476  7181
19256    2696  1766  1773  7368
19257    6490  6460  6986  7185
19258    4316  4319  4314  7517
19259    1039  1015  1017  7374
19260     818   820   819  7186
19261    6145  6316  6335  6982
19262    4485  4489  4487  7383
19263    1002  1030  1028  6463
19264    5397  5286  6077  5287
19265    3080  3082  3079  7334
19266     649   647  6016  7086
19267    6367  6043  7151  7490
19268    4637  4635  4636  6820
19269    6515  6322  6749  6756
19270    5858  6401  6503  6848
19271    3384  3387  6596  7567
19272    2040  2049  6988  7225
19273    4069  4065  6135  6624
19274    6680  6110  6897  7267
19275    6464  7005  7021  7052
19276    4442  4443  6424  7383
19277    4458  4464  4457  7359
19278    4521  4491  4490  7181
19279    1899  1901  6197  7526
19280    2388  2626  6355  6518
19281    5843  5924  6073  6127
19282    1058   777   773  6629
19283    6131  6306  6669  7196
19284    4874  4810  4817  7514
19285    6299  6082  6568  6962
19286    6418  6171  6847  7104
19287    6074  6086  7355  7445
19288    2885  2560  6447  6889
19289    6412  6670  6996  7358
19290    6016  5882  6859  6876
19291    1066  1099  6278  7635
19292    5590    22  6026  7384
19293    2751  2747  6779  7605
19294    6415  2230  7091  7541
19295    4779  4810  4876  7514
19296    6719  1000  7049  7639
19297    7216  6301  7178  7629
19298    1096  1095  1100  7635
19299    1096  1091  1095  7635
19300    3975  3680  3978  7361
19301    3752  3753  3751  7515
19302    3838  3731  3729  7515
19303      16   207   447  7523
19304    1000   987  7049  7639
19305    5889  6154  7020  7643
19306    2861  3089  3090  7642
19307    4474  4471  6729  7371
19308    2007  1691  1506  6565
19309     520   513  6479  7626
19310    2358  2636  2363  7509
19311    4311  4312  4317  7517
19312    5387  5433  6378  7424
19313     183   187   185  7161
19314    6159  6247  6598  7154
19315    6079  6195  6484  6600
19316    5991  7183  6500  6038
19317    3839  3726  6591  7385
19318    2055  2084  2091  7629
19319    2163  2157  2162  7250
19320    1757  1762  1827  7163
19321    5872  5851  5905  6010
19322    3016  3012  6700  3011
19323     371  6358  6611  7070
19324    1363  1015  1376  7377
19325     108   100   114  6867
19326    4197  4203  4201  6713
19327    3549  3548  3545  7340
19328    2007  2008  1691  6565
19329    2484  2555  6705  7458
19330     333    87  6452  7160
19331     824   825   826  7315
19332    1366  1364  1365  7377
19333    6819  6460  6986  7619
19334    6013  6100  6723  6863
19335    6493  5972  6532  6573
19336    5454  5455  5441  6573
19337    3538  3537  3543  7340
19338    5386  6195  6378  6600
19339    3922  3651  6718  7351
19340    6588  5146  7278  7386
19341    5881  5851  5924  5997
19342    6602  4257  7307  7435
19343    6382  6344  6836  7255
19344    4858  4823  4859  6575
19345    1749  2695  2106  6637
19346    6282  5943  6561  6635
19347    1922  1919  1338  6423
19348    3751  3729  7515  7628
19349    1756  1757  1758  7163
19350    3651  3653  3652  7351
19351    6784  6886  7463  7648
19352    5914  5973  5983  6404
19353    4802  6042  6211  7139
19354    5257  5258  5242  6372
19355    6935  6823  7312  7313
19356    1758  1754  1756  7163
19357    3868  3729  3751  7628
19358    2406  2408  2398  6560
19359     278   277   318  6096
19360    4415  4985  4984  7349
19361    2090  2062  2091  7629
19362    2636  2358  2632  7509
19363    4415  4424  4985  7349
19364    4150  4151  7323  7608
19365    1874  1884  1873  6796
19366     514   517  6752  7626
19367     522   828   524  7626
19368    3225  3224  3234  7503
19369     513   514  6479  7626
19370    3895  3922  3925  7351
19371    4985  4983  4984  7349
19372    1909  1908  6894  7420
19373    2862  2863  2864  6667
19374    4423  4428  4424  7349
19375    4979  4428  4423  7349
19376    2645  6739  7509  7051
19377    6021  5863  6109  6386
19378    7051  2657  7118  7509
19379     838   842   836  7149
19380    6505  6006  7060  7498
19381    3542  3550  3630  7340
19382    1235  1230  1229  7510
19383    3733  3739  3740  7497
19384     687   685  7274  7319
19385    4360  4349  7210  7419
19386    3633  3637  7068  7389
19387     541   431   459  6931
19388    1758  1509  1523  7163
19389    6163  7157  7158  7166
19390    1514  1432  1515  6061
19391    6061  1751  6984  7163
19392     835   836   834  7149
19393    6931   452  7035  7498
19394    4409  4418  4420  6546
19395    3163  2836  6674  6900
19396    1112  1771  1739  5945
19397    3863  3866  3864  6237
19398    5982  6304  6518  6954
19399    3726  3846  6771  7385
19400    1961  1959  1957  6799
19401    1657  1958  1938  7516
19402    6661  6046  6783  6961
19403     961   920  6913  7363
19404    2859  2870  2871  7055
19405    1018  1016  1019  6732
19406    2632  2657  2645  7509
19407    4283  4284  4275  7354
19408    5507  5514  7223  7648
19409    1754  1751  1753  7163
19410    5781  5811  6987  7099
19411    6156  6686  6816  7092
19412    5363  5364  5366  7190
19413    6271  6985  7177  7228
19414    5983  5908  6456  7529
19415    5471  5472  6696  6795
19416    4126  4125  6356  6502
19417    6061  5992  6281  6984
19418    4594  4611  4610  6369
19419    4889  4888  6636  7341
19420    7047  6211  7388  7575
19421     434   441  6780  7024
19422    1519  1751  1754  7163
19423    1167  1172  6748  7487
19424    4199  4195  7022  4200
19425    7309  3851  7507  7628
19426    4733  4944  4735  7352
19427    1366  1376  6702  7377
19428    6276  5917  6456  7380
19429    4571  4536  4538  6240
19430    3712  3718  3715  7046
19431    6460  6819  6986  7185
19432    6446  6750  7019  7631
19433    2269  6738  7058  7153
19434    1213  1224  1227  7510
19435    1519  1758  1523  7163
19436    6013  6064  6778  7173
19437    2325  2317  6365  6927
19438    2035  2034  2036  6462
19439    2082  2089  2090  7629
19440    2088  2081  2083  7629
19441    5878  5857  6916  7643
19442    4904  5018  7073  5019
19443    1959  1961  1939  6799
19444    3071  3072  3067  6759
19445    3616  3458  6905  6967
19446    4834  4835  5001  6706
19447     543   544   540  6936
19448    4451  4353  4358  7419
19449    6658  6269  6855  7203
19450    4333  4335  4334  6430
19451    1451  1437  6917  7054
19452    1548  1547  6836  7255
19453     748   786   750  7527
19454    3343  3113  3135  6721
19455    3393  3394  3386  7567
19456    2007  1506  2009  6565
19457    2269  2268  6738  7153
19458    3113  3137  3135  6721
19459    1987  1978  1981  6951
19460    6232  6107  6339  6470
19461    6299  6082  6962  7387
19462     752   748   750  7527
19463    1408  1015  1407  7374
19464     850   843   845  7186
19465    3805  3983  3698  6959
19466    6292  6494  6870  6884
19467    4636  4635  5975  6820
19468    2846  2858  2857  7642
19469    1039  1286  1015  7374
19470    2372  6811  7318  7654
19471    4992  4986  4988  6490
19472    6097  6374  6689  6881
19473    6267  6769  6960  7274
19474    4854  4861  4853  6575
19475    4060  4090  6918  7331
19476    6710  6684  6969  6989
19477       1     7  5757  6744
19478    6940  6490  6986  7185
19479     569   529   531  7031
19480    6271  6156  6281  6790
19481    5682  5822  7398  7464
19482    5954  5853  6146  7486
19483    3195  3192  3191  6314
19484    1190  1169  6923  7113
19485    3983  3803  6765  6959
19486     458   453   454  6931
19487     195   449   456  7035
19488    5918  6056  6171  6563
19489    1773  1766  6953  7368
19490    1941  1942  1943  7188
19491    1728  6072  6164  7285
19492    2639  2637  2366  7343
19493    4816  4811  4809  7388
19494    4690  4890  4889  7341
19495    5216  5167  6207  7090
19496    1886  1884  1879  7451
19497    4679  4682  4684  7341
19498    5862  5985  5848  5941
19499    2092  6099  6849  7506
19500     452   425   418  7498
19501    2639  2638  2637  7343
19502    6079  6374  6378  6600
19503    6112  6316  6982  7556
19504    6268  4734  6495  6901
19505     736   729  6534  6971
19506    6118  6070  6284  6902
19507    4889  4813  4814  7341
19508    4491  6775  7095  7314
19509    4983  4987  6926  7349
19510    1036  6391  6642  7477
19511    4638  4635  4639  6666
19512    5941  5985  6053  6251
19513     963   934   920  7363
19514    4424  4428  4985  7349
19515     179   442   434  7161
19516    5988  6134  6267  7410
19517    3544  3542  3537  7340
19518    1243  1238  1240  7636
19519    5735  5205  5726  7442
19520    2586  6208  6519  6954
19521    2083  2080  2088  6301
19522    4848  4845  4844  6858
19523     715   728  6736  6991
19524    2962  3448  7057  7142
19525    4833  4467  4832  6914
19526     412   418   413  7498
19527    2432  2531  2532  6817
19528    3718  3713  3711  7038
19529    3546  3550  3545  7340
19530    3537  3538  6657  7340
19531    6685   249  6842  7103
19532    3749  3741  3736  7497
19533    4043  4077  4044  6554
19534    5623  5516  5540  6090
19535    3868  3851  3729  7628
19536    2744  2787  7266  7645
19537    2466  2464  2467  6942
19538    3062  3058  6298  6958
19539    3198  3228  3212  6262
19540    2116  2122  2119  7506
19541    1374  1364  1366  7243
19542    2463  2468  6504  6942
19543    6006   422  7060  7498
19544    3244  3440  6628  7141
19545     334   338   297  7267
19546    2356  2359  2074  7509
19547    3729  3851  7309  7628
19548    3229  3227  3230  7503
19549     520   522   523  7626
19550    4852  4493  4492  7496
19551    2197  2193  2198  7618
19552    1186  1187  1161  6923
19553    6436  5230  6978  7555
19554    3550  3549  3545  7340
19555    6215  6139  6525  6841
19556    4597  4252  4589  7620
19557    5876  5847  5998  6071
19558    2195  6133  2193  2194
19559     425   452  6931  7498
19560     974   977  6574  7527
19561    6840  6294  7536  7621
19562    2133  2139  6471  7537
19563    4627  4620  6666  7582
19564    3719  3717  3714  6771
19565    6000  5921  6055  6103
19566    5288  5314  7056  7603
19567    1462  1237  6100  7043
19568    6576  6931  7035  7498
19569    2468  2282  5776  6504
19570    4515  4391  4221  7494
19571    1379  1382  6883  7243
19572     978   965   973  6527
19573    5868  5909  6102  6937
19574    5056  5057  6986  7136
19575    3245  3237  3249  7234
19576     452  6576  7035  7498
19577    5837  5918  5934  6499
19578    6330  5852  6366  6442
19579     452   412   456  7498
19580    4464  4458  6893  7359
19581    1889  1888  6894  7451
19582    6444  3581  6578  7165
19583    5958  6626  7147  7334
19584    6235  5890  7032  7621
19585    5965  6079  6169  6786
19586     577   576   573  7078
19587     838   836   837  7149
19588    6290  6518  6851  6954
19589    3923  3895  3928  7351
19590    1760  1762  1759  7163
19591    1762  1757  1756  7163
19592    6931  6505  7098  7498
19593    4594  4590  4603  7620
19594    4589  4599  4590  7620
19595    4594  4603  6368  7620
19596    4158  4146  7246  7608
19597    3542  3543  3537  7340
19598    4989  6706  6891  7081
19599    6633  6065  6938  7553
19600    6403  5994  7212  7609
19601    5067  5056  5311  6812
19602    3997  3672  3669  7568
19603    4327  4326  6595  7336
19604    3695  3678  3467  6101
19605     872   865   873  7335
19606    5510  5511  5533  7570
19607    3853  3867  3859  7507
19608     414   160   413  7498
19609    1481  1482  1477  7617
19610    1745  1734  1747  7326
19611    5890  6235  6294  7621
19612    1600  1602  1599  6925
19613    5525  5490  7232  7290
19614     864   861  7467   867
19615    1607  1703  6516  7492
19616    6342  6921  6941  7332
19617    4889  4814  4688  7341
19618    2597  2608  2607  7343
19619    5851  5921  5924  6040
19620    3147  3373  3146  7151
19621    2071  2000  2072  6446
19622    6685  6556  6735  7103
19623    1774  1750  6990  7368
19624    2969  2943  2932  6645
19625     528  6049  7031  7554
19626    3373  3371  3374  7151
19627    5909  6324  6937  7001
19628    7032  6840  7536  7621
19629    3539  3523  3525  6318
19630    6250  7174  7586  7620
19631    2206  2291  2208  6806
19632    1504  1490  7487  7559
19633    6377  5864  6469  6947
19634    1215  1443  1441  7268
19635    2412  2679  2413  6315
19636     827   788  7455  7653
19637    1161  1150  6241  7426
19638    6815  6462  7026  7225
19639    4305  4326  4413  6848
19640    4131  4147  4133  7459
19641    6252  6071  6285  6919
19642    1419  1421  1418  6317
19643    6021  6105  6567  7082
19644    6731  6248  6918  7578
19645    4074  4098  4100  6924
19646    3146  6409  6481  7151
19647    1602  1606  1599  6925
19648    6220  5938  6259  7531
19649    1135   793   792  7499
19650    1439  5949  7268  1215
19651     969   749  6523  7527
19652    3191  6314  7042  7387
19653    4889  4890  4888  7341
19654    1903  1902  1890  7150
19655    4365  4350  6624  6972
19656    1191  1186  1188  6923
19657    1633  1634  1603  7630
19658    5480  5507  7463  7648
19659    4688  4686  7208  7341
19660    4679  4684  4814  7341
19661    5151  5144  7090  7345
19662    6695  5999  6822  6830
19663     630   631   626  6876
19664    5860  5948  7175  7270
19665    4851  4854  4499  6693
19666    5867  5841  6039  6576
19667     195   456  6576  7035
19668    5155  5156  5153  7345
19669    6892  2790  7115  7116
19670      89    87  6452  7100
19671    5140  5176  6180  7597
19672    4494  6261  6575  7496
19673    3305  6444  6474  7338
19674    6160  5905  6289  7516
19675    6022  5920  6188  6634
19676    7133  2858  7613  7642
19677    6682  6433  7033  7604
19678    5664  5662  5663  7287
19679    5665    92  5667  7287
19680    6235  7032  7536  7621
19681     788   796   789  7455
19682    2352  2355  2637  7343
19683    2639  6800  7143  7343
19684    6780   434  7024  7161
19685    5461  5462  6881  7428
19686    4327  5817  7336  7601
19687    1565  1563  7105  7437
19688    3254  3255  3260  6753
19689    1946  1945  1950  7257
19690    3546  3630  7340  7389
19691    1585  1305  1334  7184
19692    5872  5864  5908  5969
19693    3394  3774  3391  6581
19694    2223  2221  2212  7091
19695    6182  5882  6392  6736
19696    5296  5297  5295  7584
19697    1057  1059  1060  6829
19698    4378  4376  4382  7644
19699    6716  6808  5883  6030
19700     135   134   665  7432
19701    5537  5510  5533  7570
19702    1829  2024  6168  7366
19703    6951  1982  7272  7485
19704     665   125   135  7432
19705    3183  3182  3179  6809
19706    2529  2534  2533  7304
19707    3722  3731  3727  7560
19708    5428  5661  6269  6379
19709    4029  4032  6154  7020
19710    4017  4021  6488  6603
19711    3710  3701  3714  7152
19712    2002  6178  6422  6497
19713    3420  3421  3419  7042
19714    3421  3420  3422  7042
19715    5965  6403  7212  7352
19716    1702  1728  6072  6164
19717    3422  3420  3191  7042
19718    5837  5850  5918  5972
19719    6543   787  7455  7588
19720    1284  1285  1289  7167
19721    3789  3830  3793  6494
19722    5257  5023  7283  7433
19723     966   963   964  7363
19724    1591  1587  1594  7277
19725    1236  1240  1234  7636
19726    3405  3396  3399  7610
19727    3220  3213  6857  7505
19728    1300  1304  1301  7614
19729    6626  3084  7147  7334
19730    4370  4510  6470  7644
19731    3341  3337  7310  7422
19732    3423  3417  3422  7042
19733    1479  1565  6663  7437
19734    5966  5869  6365  7037
19735    6253  6510  6713  7291
19736    6368  4591  7620  4590
19737    6373  6539  6674  6900
19738    3742  3745  6724  7497
19739    5906  6054  6459  7006
19740    3421  3422  3426  7042
19741    3423  3422  3191  7042
19742      12     2     3  7048
19743    5239  5022  7433  5203
19744    4789  5803  6846  7468
19745    5013  5200  5017  7433
19746    6350  5257  6372  7433
19747    3499  3502  3492  6808
19748    6976  5035  7039  7071
19749    5013  5201  5200  7433
19750    6074  3766  7014  7434
19751    5022  5257  5242  7433
19752    6254  3541  6590  7389
19753    4441  4444  4440  7574
19754    4113  3812  4109  7571
19755    5130  5135  7082  7597
19756    3374  3375  3372  6179
19757    4902  4907  5009  7439
19758    5509  5518  5515  7573
19759    6533  6531  6908  7390
19760    1725  1740  1727  7572
19761    1561  3076  1551  6981
19762    5233  5162  5196  7260
19763    5023  5257  5022  7433
19764    2746  2752  7446  7652
19765    2515  2521  2513  7281
19766    5021  5026  5020  6938
19767    5079  5093  7476  7544
19768    2738  2741  6216  7270
19769    4910  3446  4914  7057
19770    3447  3451  4914  7057
19771     376   379   397  7450
19772    2597  2607  2609  7577
19773    4903  4905  5004  7439
19774    2226  2443  6432  7075
19775    2691  1559  6313  6941
19776    1575  1809  6785  7550
19777    4785  4786  4552  7391
19778    3447  4914  3446  7057
19779    2501  6316  2435  2432
19780    6026  5968  6258  6433
19781    3224  3225  5995  7503
19782    5511  5514  5508  7573
19783    3920  3604  3918  7392
19784    1532  1529  1534  7332
19785    2028  1988  2041  6815
19786    5725  6105  6557  7082
19787    1765  1537  1536  6921
19788    4606  4604  4616  7557
19789    5878  6510  6577  6603
19790    5874  6155  6177  7014
19791    6041  6878  6909  6959
19792    2707  2706  5813  7491
19793    6653  5344  7012  7040
19794    5848  5853  5886  5932
19795    5853  5932  6137  6291
19796    3464  3403  3480  6367
19797    5991  6500  7384  7463
19798     787   785   778  7588
19799    3823  3825  7199  7403
19800    1008  1013   735  7258
19801    2534  2531  2533  7304
19802    6331  6099  6849  7044
19803    4554  4587  5524  7429
19804     132   136   135  7432
19805    1034   739   738  7258
19806    6017  6133  6599  7618
19807    6245  2465  6927  7263
19808    1940  1941  1947  7257
19809    3713  3495  3496  7038
19810    3500  3499  3492  6808
19811    6411  6361  6721  7357
19812    6234  6278  6377  7493
19813    6105  5134  6434  7592
19814    6331  2103  2104  2389
19815    1848  1846  1791  7624
19816    1561  5958  6941  6981
19817    4198  4189  6713  7512
19818    4581  4583  6583  6593
19819    1384  1383  1381  7650
19820    1948  1943  1949  7257
19821    3477  3440  3437  7141
19822    3501  3511  3499  6808
19823     729   737   736  7258
19824    6911  5947  6951  7485
19825    6176  2569  2566  2293
19826    6432  2443  7401  7075
19827    6845  7032  7621  7638
19828    1860  1861  6818  7365
19829    5936  6547  6825  7038
19830    3663  3601  3603  7445
19831    4746  4741  4957  7665
19832     842   836  7149  7362
19833    6075  5899  6381  6442
19834    2539  2530  2527  7304
19835     735   733   734  7258
19836    5109  5114  5204  7082
19837     730   734   737  7258
19838    1484  1485  1476  7617
19839    4324  4333  4329  7336
19840    4063  6995  4087  4064
19841    3280  3289  6993  7097
19842     173   166   165  7104
19843    5533  7121  5774  5260
19844     132   135   125  7432
19845    4086  4361  4093  7578
19846    1506  1498  1505  7441
19847    2533  2531  2536  7304
19848    2539  2529  2530  7304
19849    5296  5290  5297  7584
19850    6405  1484  7041  7617
19851    3244  3438  3248  7141
19852      59    58  6556  6735
19853    6221  6590  7068  7389
19854    3711  3496  3503  7038
19855    1535  1531  1536  7332
19856    2553  2542  6764  7547
19857    3934  3921  3918  7259
19858    5239  5242  6760  7433
19859    2962  2965  7142  7169
19860    5575  5579  6046  7393
19861    4113  4110  3806  7571
19862    3742  3735  3737  7497
19863    3919  3611  3613  7259
19864     458   460  7249  7417
19865     126   132   125  7432
19866    5574  5576  6307  7393
19867    5936  6041  6959  7152
19868    3421  3425  3419  7042
19869    5074  5079  5080  7544
19870     126   127   132  7432
19871    3809  3816  3808  7571
19872    3212  3200  6262  7394
19873    2756  2755  2753  7488
19874     103    96    93  7330
19875      97    96   103  7330
19876    1727  1740  1726  7572
19877    1731  1725  1732  7572
19878    1296  1297  1295  7614
19879    4726  4732  6679  6901
19880    3063  3064  3062  6958
19881    6499  6383  6963  7404
19882    2880  2894  6695  7023
19883    1726  6438  7326  7572
19884    3926  3904  3905  7333
19885    5903  5865  6008  6045
19886    6773  1550  7099  7273
19887    6195  6079  6484  7552
19888     392   395  6767  7189
19889    1119  1197  6625  6864
19890    5357  6386  6460  6655
19891    6244  5911  6914  7349
19892    1979  2030  6569  6951
19893    3852  3853  3854  7507
19894    3305  3303  3306  7338
19895    6838  6760  6978  6998
19896    5301  5305  5302  7212
19897    2783  2782  7109  7530
19898    1147  1144  6850  7285
19899    1537  1767  1771  7332
19900    6174  5925  6271  6790
19901    4519  4516  4523  7095
19902    1302  1296  1306  7614
19903    5906  5919  6420  7611
19904    1305  1307  1306  7614
19905    1307  1302  1306  7614
19906    3419  3427  3418  7490
19907     970   969  6486  6574
19908    6126  6245  6504  6942
19909    2224  2218  2221  7541
19910    4781  4780  4783  7139
19911    3231  3217  3218  6149
19912    3536  3532  3534  7339
19913    6605  6931  7249  7417
19914    4807  4796  6122  7047
19915    6252  6919  7045  7335
19916    3720  3728  3711  7038
19917    1012  1014  6906  1263
19918    5524  4585  5525  7429
19919    1940  1947  1937  7257
19920    3636  3546  6221  7389
19921    3541  3631  6590  7389
19922    2012  1983  1984  6911
19923    3637  3638  7068  7389
19924    4783  4784  4781  7139
19925    1527  1531  1534  7332
19926    3427  3425  3428  7490
19927    1537  1535  1536  7332
19928    5560  6661  6961  7592
19929     412  6114  6576  7498
19930    6022  5847  6071  6285
19931    3527  7195  3537  7339
19932    4392  4393  4391  7494
19933    1907  2189  2196  7618
19934    6916  3899  7351  7399
19935    4926  4927  4934  7093
19936    3493  3490  3491  6808
19937    2116  6449  6813  7506
19938    1658  1660  1665  6579
19939    2188  6394  6613  7395
19940    3822  3083   300  7147
19941    1530  1533  1536  6921
19942    2125  2092  2121  7506
19943    3210  3203  3211  7347
19944    3083  3077  1561  7147
19945    3538  3543  6657  7340
19946    6502  4128  7106  7459
19947    2548  2546  2550  6416
19948    6836  1569  7105  7255
19949    6557  7082  7238  7442
19950    3207  3209  3211  7347
19951    2600  2599  2603  7577
19952    3939  3938  3930  7502
19953    5985  5941  6336  6626
19954    6129  6136  6426  6943
19955    1837  1830  6985  7366
19956    2496  2498  6684  7458
19957    5940  6427  6434  6661
19958    4874  4817  6742  7514
19959    6298  3042  3057  6359
19960    1475  1463  6100  7043
19961    3203  3205  3208  7347
19962    3930  3931  3934  7502
19963    3702  3715  6217  6825
19964    6008  6038  6150  6467
19965    3449  3450  6155  7057
19966    6651  3515  6716  6965
19967    4423  4424  6676  7349
19968    1533  1765  1536  6921
19969    4500  6339  6470  7220
19970    2616  2643  6521  7143
19971    6533  6768  7208  7390
19972    4922  4899  4901  6908
19973    3930  3934  3932  7502
19974    3209  3206  3211  7347
19975    2680  2682  2685  7375
19976    2781  2780  7109  7115
19977    5397  5273  5271  7157
19978    5273  5272  5274  7157
19979    5895  5992  6061  6975
19980    3224  3264  3232  7503
19981    3206  3210  3211  7347
19982    6040  6099  6471  6782
19983    3822  3084  3083  7147
19984    3596  3593  3595  7622
19985    3930  3932  3959  7502
19986    3939  3930  3959  7502
19987    3429  3206  3209  7347
19988    3227  3225  3226  7503
19989    3209  3216  3242  7347
19990    3207  3211  3208  7347
19991    3208  3211  3203  7347
19992    5995  5923  6078  6149
19993    2793  2796  2800  7645
19994    1944  1964  6160  6799
19995    6396  5917  6428  7064
19996    4015  3900  6451  7399
19997    6298  3058  6461  6958
19998    4195  4199  7022  5790
19999    5985  5862  6119  6251
20000    4955  4945  4954  7609
20001    6605   469  7249  7346
20002      87   335   331  7160
20003    6602  4253  6048  7586
20004    4415  4417  6676  7349
20005      87   333   335  7160
20006    3932  3961  3959  7502
20007    3594  3596  3595  7622
20008     514   518   517  7626
20009    3227  3229  2982  7503
20010     828   516   524  7626
20011    4825  4821  4820  7159
20012    2638  2639  7143  7343
20013    4828  4822  4821  7159
20014    2118  2115  7000  7506
20015     522   520   521  7626
20016    4984  4983  6926  7349
20017    3233  3234  3235  7503
20018    4979  4423  6244  7349
20019    3572  3281  6051  6566
20020    6430  4325  6632  7397
20021     513   520   523  7626
20022    2266  2191  2198  7153
20023    1479  1482  1486  7617
20024    1479  1480  1482  7617
20025     336   291  7011  7160
20026     422   158   414  7144
20027    5684  5691  7396  7398
20028    5691  5685  7145  7398
20029    1704  1713  1703  7492
20030    1481  1487  1486  7617
20031    4391  4515  4392  7494
20032    4324  6430  7336  7397
20033    4392  4394  4393  7494
20034    3303  3298  3306  7338
20035    7115  2744  7266  7645
20036    6564  4366  6972  7632
20037    3086  3082  3078  7334
20038    6530  4288  7087  7247
20039    5267  5265  6468  7561
20040    3896  3903  6606  7399
20041    6001  6191  7066  7070
20042    6424  4488  6821  7383
20043    6907  6348  5897  7316
20044    5849  5943  6479  6694
20045    1482  1481  1486  7617
20046     456   454  7035  7417
20047    5127  5126  5152  7342
20048    5500  5499  7121  7570
20049    5690  5689  5686  7145
20050    1788  6785  1779  1806
20051    3080  2690  3078  7334
20052    4494  4855  4482  7496
20053    4493  4482  4486  7496
20054    2190  2193  2195  7618
20055    7145  6772  7396  7398
20056     143   144   151  7144
20057    1907  1912  2189  7618
20058    5340  5338  5337  7040
20059    3083  3084  3085  7147
20060    4789  6647  7391  7468
20061    6595  6020  7080  7336
20062    1359  1423  1707  7492
20063    3507  3510  6716  7141
20064    6670  3491  6808  7141
20065    2190  2189  2198  7618
20066    4483  4489  4486  7496
20067    4482  4493  4494  7496
20068    3301  3328  3327  7338
20069    3306  3301  3578  7338
20070     606  6854  7008  7602
20071    6581  6005  6690  7193
20072    4983  4986  4967  6926
20073     153   158   144  7144
20074    3880  3879  6417  6843
20075    3414  3409  3415  7193
20076    5689  5688  5655  7145
20077    4863  4869  4784  6042
20078    3800  3798  6928  7583
20079    5948  5910  6518  6701
20080    1703  1607  1359  7492
20081    5819  4789  7391  7468
20082    4357  4347  7210  7419
20083    4851  4499  4775  6693
20084    4377  4376  7028  7644
20085    2196  2190  2195  7618
20086    1898  1901  1882  6894
20087    3328  3301  3302  7338
20088    4515  4221  4563  7494
20089    4392  4524  4394  7494
20090    5685  5686  7145  7398
20091    5696  5737  5736  7337
20092    2919  2922  2924  7569
20093    2076  2070  2112  6751
20094    2233  2231  6613  6932
20095    2361  2362  2078  6446
20096    6120  4608  6122  6472
20097    5686  5689  5655  7145
20098    6949  6192  7275  7367
20099    5490  6561  7232  7290
20100    6088  6711  6997  7400
20101    6594  7172  7364  7640
20102    1946  1951  2310  6777
20103     575   571   573  7078
20104    5651  5653  6280  7034
20105    4786  5803  5819  7468
20106    4141  4143  6737  7459
20107    1765  1764  1537  6921
20108    4377  7028  7220  7644
20109    2110  2105  2109  6703
20110    1807  1812  1797  6686
20111    6290  5982  6518  6954
20112    4078  4077  4072  6826
20113    5897  5999  6002  6695
20114     878   927  6483  6736
20115    6485  6311  6818  7228
20116    4930  4921  6756  7093
20117    6458  6269  6658  7203
20118    4367  4371  5763  7632
20119    3149  6856  7219  7293
20120    7022  4187  7241  7528
20121    2071  1999  2000  6446
20122    3907  4009  6916  7333
20123    2114  2112  6751  7118
20124    4387  4391  4393  7146
20125    6644  5342  6786  7040
20126    1440  6712  6977  7298
20127    1703  1713  6516  7492
20128    2858  2848  7067  7613
20129    4051  3939  6912  7589
20130    3045  3055  6461  7536
20131     278   318   319  7072
20132     781   785   783  7588
20133    6108  6480  6896  6997
20134    6811  2376  2372  7590
20135    2375  2420  2370  7590
20136    3502  3503  6646  6808
20137    3090  3094  3091  6205
20138    2729  6761  2720  7615
20139    3935  3937  3926  7333
20140    5788  1381  7245  7650
20141    6628  3417  6672  7042
20142    1477  1482  1472  7617
20143    2735  2732  6346  7311
20144     708   715  6757  6991
20145     644   642   638  7086
20146    3282  3290  3291  7084
20147    4465  4453  7371  7454
20148    2681  6335  6145  6511
20149    1129   792  6592  7499
20150    6092  6127  6316  6335
20151    1546  6382  7105  7255
20152    1392  1387  7004  7519
20153    2975  2967  2968  7400
20154    4520  4517  4529  7244
20155    5852  3639  6330  6366
20156    1273  1272  1271  7085
20157    4326  4327  4330  7336
20158    6365  2316  7037  7263
20159    4330  4328  4326  7336
20160    1400  1359  1360  7492
20161    2412  2431  2505  7456
20162    2218  2412  2219  7456
20163    2371  2370  2420  7590
20164    2438  2445  7075  7401
20165    3468  3467  3469  6101
20166    2968  2967  6997  7400
20167    1283  1282  7018  7269
20168    6436  6620  6838  6978
20169    6493  5448  6881  7224
20170    5871  6163  6589  7166
20171    3491  3437  3507  7141
20172    3066  3064  3319  6465
20173    6440  6019  6750  7326
20174    3631  3747  3522  6590
20175    1715  1702  6072  7585
20176    6022  6188  6354  7362
20177    2632  2645  2635  6739
20178    6864  6597  7131  7370
20179    5964  6014  6823  7200
20180    2513  2523  2524  7281
20181    1375  1414  6702  7661
20182    4092  4090  6248  7578
20183    2501  2532  2516  7281
20184    1505  2004  1506  7441
20185    5539  5548  7050  7448
20186     690   691  5809  7274
20187     324   391   316  7072
20188    3638  3642  3637  7068
20189    6158  6183  6868  7622
20190    2960  2955  6371  7169
20191     366   376   365  7450
20192    4342  4343  7020  7096
20193    6257  6540  7571  7587
20194    6469  5864  6831  6947
20195    5290  5294  5297  7584
20196    6878  3697  6959  7152
20197    6351  6119  6364  6508
20198    3532  3539  6651  6657
20199    4067  6135  7020  7576
20200    1041  1040  6113  6642
20201    2392  2097  6331  6948
20202    6457  6169  6786  7352
20203    3493  3491  3514  6808
20204    1987  2028  2036  6815
20205    4938  5058  4941  7071
20206     320   321   323  6758
20207    4229  4228  3824  7403
20208    5402  5408  7203  7633
20209    3109  3116  7357  7605
20210    5297  5314  5295  7584
20211    3184  3195  3143  7387
20212    5512  5514  5513  7223
20213    3877  3880  3872  6843
20214    5301  5306  5307  6675
20215    5942  5896  6520  7639
20216    5944  5852  6590  7117
20217    2907  2910  2579  6989
20218     604   601   600  7215
20219    6388  6854  7008  7215
20220    5413  5416  5414  6269
20221    2858  2848  2850  7067
20222    5852  6330  6381  7321
20223    5946  6011  6032  6398
20224    6106   800  6354  7482
20225    2510  2514  2519  7281
20226    4656  4412  4661  6848
20227    3694  3690  6878  7504
20228    1310  1308  6778  7173
20229    5882  6353  6392  6736
20230    2206  2208  2200  6170
20231    2142  2144  6935  7313
20232    1504  6835  7487  7566
20233    4096  4384  4105  7079
20234    5152  5155  6062  7345
20235    7326  6072  7421  7572
20236    4111  6128  6687  7571
20237     943   938  6326  7639
20238    1062  1056  1055  6829
20239    7011  6110  7267  7565
20240    3278  3274  3271  7097
20241    1062  1063  1060  6831
20242    6293  5952  6631  7010
20243    5280  5279  5278  6683
20244    2579  2913  6710  6989
20245    3284  5796  7414  7659
20246    2380  2050  6519  6954
20247    6215  4265  6677  7563
20248     243   246  7119  7369
20249     324   284   319  7072
20250    4683  4684  4682  7170
20251    5881  6245  6321  6927
20252     186   178  7431   181
20253    5285  5286  6683  7205
20254    2259  2961  4909  6832
20255    4550  4545  4544  7076
20256     670   672   666  7404
20257    6280  6185  6312  6691
20258    1396  1390  7295  7519
20259    4287  4295  4298  6577
20260    3037  3034  3036  6860
20261    2824  2825  2820  7280
20262    6109  6386  6819  7521
20263     316   391   379  7189
20264    3946  3623  3625  6190
20265    1691  1506  6565  7441
20266    5516  6090  7223  7573
20267     284   324   316  7072
20268    5727  5737  5732  7337
20269    6449  6782  7000  7506
20270    6610  6405  7041  7617
20271    3995  3994  6924  7580
20272    5116  5117  5118  7278
20273    3368  3337  3369  6328
20274     920   719   659  6824
20275     646   647  6016  7407
20276    7243  1379  1377  1366
20277    1044  1045  6391  6831
20278    4790  4762  4788  6647
20279    3808  6115  6270  6540
20280    4127  4122  4124  6726
20281    6331  6214  6708  6787
20282    6729  4506  6730  7371
20283    5926  6067  6189  6385
20284    4940  4942  4941  7405
20285    2076  2073  2075  6751
20286     525    53   367  6842
20287    6266  2933  6792  7596
20288    1063  1051  1060  6831
20289    3629  3626  3633  7068
20290    6675  6653  6786  7040
20291     651   652  7214  7407
20292    5975  4635  6535  6820
20293    2165  6545  6934  7200
20294    6070  5993  6102  6552
20295     741  6224  6763  7360
20296    4978  4980  4979  7081
20297     642   644   649  7086
20298    6463  6453  6669  7018
20299    6006  5957  6033  6095
20300    3616  3344  3458  6967
20301    6564  5989  6624  6995
20302    2600  6887  7027  7577
20303    3267  3279  6203  7069
20304    2278  2246  2248  6681
20305    6084  6441  6748  6754
20306    2118  2134  6782  7506
20307    3218  3236  6141  6857
20308    4234  4233  4232  6834
20309    6282   356  6479  7253
20310    4232  4237  4239  6834
20311    5314  5318  5295  7154
20312     661   669   667  7404
20313    6398  5283  6604  6683
20314     271   270  6194  7253
20315    2868  2866  6667  7252
20316     284   316   362  7072
20317    5840  5934  5917  6143
20318    5998  6231  6319  6570
20319    6516  1690  6541  7217
20320    6697  6219  7015  7211
20321    4579  4580  4239  6612
20322    4127  4117  4122  6726
20323    3332  3341  6513  7422
20324    5534  5537  5533  7448
20325    2392  2391  2097  6948
20326    3414  3412  5765  7193
20327    5833  5835  6230  7027
20328    4545  6295  4543  6593
20329    1721  1716  1723  7279
20330    6787  6214  6851  6948
20331     403   643   641  7211
20332    3316  3358  7328  7406
20333     284   362   286  7072
20334    1360  1609  1608  6273
20335    6492  1163  6754  7545
20336    5349  5348  5346  7012
20337    4401  4396  6292  6870
20338    6490  6460  6891  6986
20339     658   655   654  7407
20340    5887  5904  5975  6060
20341    1055   814   818  6419
20342    2850  5800  2851  7067
20343    2935  2949  2936  6792
20344    4062  4064  6995  7134
20345    1713  1704  6352  7492
20346    6614  6056  6682  7033
20347    5287  5397  5271  6077
20348    3240  3248  3247  7649
20349    2501  2516  2520  7281
20350    5162  5234  6436  7260
20351    4363  4361  7028  7221
20352    5537  5531  5541  7448
20353    4334  4351  6340  6430
20354     903   906   901  6920
20355    6102  6070  6552  6775
20356    2543  2540  2541  7564
20357     363   362  6611  7408
20358    2566  2565  2569  6402
20359    5960  5984  6003  6362
20360    5579  5575  5570  7393
20361    1062  1059  1056  6829
20362    4140  4154  6138  7608
20363    6500  5487  7384  7463
20364    4618  4620  4627  7582
20365    6330  6366  6843  7321
20366    6376  6718  6950  7165
20367    1362  1360  1358  6665
20368    4452  4455  6558  7454
20369     656   650   655  7407
20370    5649  5645  5647  7284
20371    1854  1844  1845  7624
20372    4595  4557  4224  6048
20373    5541  5531  5548  7448
20374    1995  1687  1996  7217
20375    5906  5835  6887  7343
20376     849   847   871  6285
20377    2066  1992  7019  7631
20378    6205  2860  7133  7642
20379     435   436  7024  5798
20380    2472  2477  2526  6126
20381     643  5805   641  7211
20382    3996  3669  4041  7568
20383    2420  2374  6668  7590
20384    5361  5358  6386  7521
20385    3585  3592  6578  7165
20386    4231  3822  6137  7403
20387    6073  6437  6539  7116
20388    1390  1392  7004  7519
20389    6239   282  6611  7408
20390    2647  6459  6521  7488
20391    5676  5678  5677  6600
20392     375   534   374  7070
20393     369   371   370  7070
20394    2620  2621  6518  6701
20395    4790  4762  6647  6846
20396     921   719  6866  6991
20397    1780  1778  6816  7122
20398     725   726   720  6991
20399    3010  3006  3008  6406
20400    3895  3923  3898  7351
20401    1273  6669  7018  7085
20402    5107  5113  5105  7548
20403    5985  2803  6508  6856
20404     299   296   293  7565
20405    5572  6307  6955  7393
20406    2133  2140  2139  7537
20407    5578  6046  6641  7102
20408    3523  3538  5815  6254
20409     418  7098  7498   425
20410    5775  1448  1447  7457
20411    5849  6067  6641  6752
20412    5909  6327  7155  7476
20413    1218  1466  6085  6310
20414    6490  4992  6926  7539
20415    5877  6121  6288  6708
20416    6541  1954  6799  7217
20417    6091  5928  6254  6657
20418    6600  5713  6895  7317
20419    4372  5818  7443  7632
20420    1768  1750  1744  6990
20421    2973  2972  6711  7400
20422    2320  2316  7037  7327
20423    5941  5958  6336  7334
20424    1454  1458  1459  7054
20425    6106  6501  6542  7101
20426    6178  2000  6446  6497
20427    6453  7004  7018  7519
20428    4086  4093  6918  7578
20429    3437  3510  3507  7141
20430    2899  2902  6088  7400
20431     639   652   646  7086
20432     682  6134   677  6338
20433    3321  3324  3323  7032
20434    5713  5710  6895  7317
20435    5100  5119  5447  7411
20436    4533  4527  6781  7025
20437    1761  1790  6985  7647
20438     846  6106  6542  7186
20439    6611  6001  6615  7070
20440    5662  5664    98  7287
20441    5855  5831  5866  6531
20442    5183  5185  5182  5976
20443     151   144   159  7144
20444    5665    90    92  7287
20445    6082  6439  6672  7042
20446    3897  3896  7351  7399
20447    3331  3335  3333  6845
20448    2424  2431  2224  7456
20449    5693  5665  5688  7287
20450    3644  3648  6187  7254
20451    5976  5181  6551  6742
20452    6547  6646  6825  7038
20453    6362  6665  7295  7519
20454    4299  4307  4306  6828
20455    3771  3763  3765  7014
20456     600   615   608  7215
20457     652   646  7086  7407
20458    2849  2857  3096  7063
20459     282   279  6611  7408
20460    2838  3178  2836  7063
20461    1316  1320  1322  7065
20462    1126  1095  1127  6025
20463    1187  1161  6923  7113
20464    1315  1317  1314  7065
20465    4542  4543  4395  6593
20466    3097  3179  3095  7063
20467    6151  6490  6926  7539
20468    6086  3601  6212  7445
20469    5696  5736  6955  7337
20470      27    28  6026  7248
20471    4764  4761  4763  6601
20472    1593  1592  1587  7277
20473    3533  3518  6651  6657
20474     993  1253   991  6719
20475    6540  3816  7571  7587
20476    6320  6718  6950  7310
20477    6324  5909  7155  7476
20478    6349  6112  6413  6416
20479    3595  3593  3663  7445
20480    6713  4189  7291  7512
20481    1656  1893  6343  7526
20482    1887  2175  1886  7451
20483    5696  5694  6734  6772
20484    3602  3599  3598  7445
20485    2293  2305  2294  7062
20486     689   693   696  7319
20487    5065  5053  5049  6011
20488    6363  5919  6750  6800
20489    5924  6036  6040  6668
20490    5917  5927  6396  6680
20491    3860  3867  6417  6421
20492    5846  5860  5877  6058
20493    5094  5116  5101  7278
20494    4192  4162  4191  7242
20495    6098  6343  7150  7289
20496     825   822   826  7315
20497    2004  1512  2005  7447
20498    4434  6325  6762  6890
20499    5174  5178  5180  7579
20500    6284  4394  6902  7494
20501    2718  2706  2702  7491
20502    4602  4596  7240  7265
20503    6064  6013  7065  7173
20504     453   458   459  6931
20505    6663  1565  7105  7437
20506    1530  1555  6981  7099
20507    2889  2875  2890  6830
20508    2766  6351  6359  6714
20509    5490  5525  5526  7290
20510    3387  3416  3386  7567
20511    6051  6078  6572  7097
20512    3635  3750  3629  7068
20513    5846  5874  6371  6832
20514      37    41    38  7325
20515    1172  1496  6748  7487
20516    1050  1063  1061  6831
20517    4316  4296  4295  6595
20518    6302  6061  6344  6975
20519    7174  4258  7307  7586
20520    6127  6145  6511  6888
20521    4300  5816  6506  6555
20522    3793  4542  4395  7444
20523    3231  3235  3232  6149
20524    2640  2616  2643  6521
20525    5744  5745  6727  7364
20526    6353  6824  7214  7407
20527     301   305   302  7273
20528    1697  1694  1696  7485
20529    4886  6908  6999  7390
20530    2306  2294  2305  7062
20531    5536  5531  5537  7448
20532    5146  5095  4827  7278
20533     659   684   920  6824
20534    6272  2753  7413  7611
20535      39    37    38  7325
20536    2994  2305  2568  7062
20537    3187  3210  3188  7059
20538    3267  3278  3279  7069
20539    6918  4093  7221  7578
20540    1063  1050  1051  6831
20541    6695  2880  7023  7596
20542     448  5804  7035  7417
20543    6129  5838  6136  6439
20544    6786  5965  7212  7352
20545     301   308   305  7273
20546    1974  1975  1976  7272
20547    5401  5396  6658  7633
20548     137  7251  7432  7546
20549    2888  2892  2894  6830
20550    3642  3641  3634  7068
20551    5178  5764  5169  7579
20552    1984  1985  1986  7272
20553    6077  6458  6658  7633
20554    1977  1986  1974  7272
20555    5968  5991  6018  7248
20556    6460  6891  6986  7619
20557     108   347  6333  6867
20558    1578  1583  1580  7412
20559    3760  3770  3765  6587
20560    2357  2365  2364  6992
20561    6463  6486  6520  7085
20562    5568  5566  6434  7393
20563    1662  6147  6181  7021
20564    1632  1644  1645  7630
20565    2994  2993  2304  7062
20566     303  4231   300  7273
20567    5920  5859  6354  7088
20568    5808   436  6939  7024
20569    1311  1317  1478  7065
20570    5896  5824  5916  5998
20571    2646  6709  7051  7271
20572    2694  6313  6336  6973
20573    5165  5163  5167  7090
20574    1750  6440  6990  7368
20575    4230  4231   303  7273
20576    2016  2005  1512  7447
20577    4383  3991  3806  7580
20578    3603  3557  3599  7445
20579     310   309   308  7273
20580    5253  5278  7283  5029
20581    1975  1982  1981  7485
20582    1697  1696  1698  7485
20583    4944  4943  4951  7609
20584    2753  6364  7413  7611
20585    1166  1161  6492  7426
20586    4061  4068  4050  7134
20587     605   599   609  7215
20588    1742  1726  6438  7326
20589    6431  6496  6796  7451
20590    3747  3631  3629  6590
20591    4066  4064  7134  4063
20592    3403  3466  3398  7132
20593    6432  6562  6722  7075
20594    4388  4394  4524  6902
20595    6130  5841  6089  5867
20596      37    34    41  7325
20597    5048  5053  6011  6395
20598    5437  5746  6689  6881
20599    3993  3808  3991  7580
20600    5318  5317  5295  7154
20601     238  5601  6385  7369
20602    3976  3978  3977  7361
20603    4453  4505  4465  6730
20604    3466  3403  3464  7132
20605    4519  4524  4392  6902
20606    5840  6499  6802  6963
20607    4388  4524  4525  6902
20608      36    43  7233  7325
20609    3475  3488  3472  7132
20610    5000  4994  6819  7521
20611    4388  4525  4390  6902
20612    5872  5895  5931  6382
20613     659   719   721  6824
20614    6440  1749  6637  7368
20615    3602  3598  3594  7445
20616    6133  2199  6394  7153
20617    6006  6033  6333  6867
20618    5376  5375  6256  7373
20619    4082  4076  4077  6826
20620    6275  5995  7621  7625
20621    2756  2754  2761  7413
20622    5891  5949  6302  6917
20623    5890  6513  6845  7621
20624    6209  6167  6447  7458
20625    2665  2656  2667  6930
20626    4390  4525  4103  6902
20627    1704  1710  6352  7585
20628    5420  5656  6379  7612
20629    5013  5017  5016  6633
20630    4258  4251  6215  7307
20631    6376  6578  6718  7165
20632    3038  3033  3037  6860
20633    6114   154  6498  6833
20634    4415  4416  4418  6676
20635    2404  2418  2423  6875
20636    1273  1271  6669  7085
20637    1021  1025   972  6520
20638     839   836   835  7149
20639    3416  3393  6581  7193
20640    6160  6541  6553  7516
20641    6934  2217  7200  7418
20642     562   563  6188  6634
20643    2581  2578  2497  6710
20644    2657  2646  7118  7271
20645    6816  6790  7092  7237
20646    6576   197  6605  6922
20647    6451  5962  6606  6916
20648    4231  6137  6834  7403
20649    3376  3380  3382  6303
20650    5970  6202  6376  6718
20651    1026  1029  1025  7085
20652    6814  5990  6928  7583
20653    2316  2320  2319  7327
20654    1378  1672  6569  6720
20655    3594  3598  7355  7445
20656    4506  4465  6730  7371
20657    6043  6367  6439  7042
20658    6191  6001  6358  7070
20659     176   177  6171  7431
20660    4542  4583  4547  6593
20661    5565  6427  6434  7337
20662     780   781   783  7588
20663    6028  6183  7197  7361
20664    2305  2293  2568  7062
20665    3660  3652  6606  7029
20666    3965  4059  3959  6654
20667    3313  3314  3315  7275
20668     302  4230   303  7273
20669    3287  3286  6078  7659
20670      92  6242  7207  7287
20671    4493  6821  7314  7496
20672    5879  5874  5993  6937
20673    6208  6176  6304  6402
20674    2499  2486  6970  7111
20675    3821  3812  3818  7587
20676    3921  7416  7502  7589
20677     789   796   797  7455
20678     780   779   781  7588
20679    5993  5855  6070  6102
20680    5665  5666  5688  7287
20681    6135  6200  7020  7576
20682    1573  6584  6688  7437
20683    2923  2968  2906  6997
20684    5734  5732  6734  7337
20685    2853  2852  2855  7133
20686    3749  3522  7117  3732
20687    1317  1316  1478  7065
20688    6196  6157  6240  6445
20689    2601  2346  6186  6887
20690    6529   902  6801  6920
20691    4228  4229  4236  7403
20692    6155  6177  7014  7256
20693    6384   120  7276  7552
20694    2268  2269  6738  7058
20695    3918  3933  3934  7392
20696     691   685  5809  7274
20697    2383  5801  2385  7558
20698    5867  5841  6089  6641
20699    4301  4299  4306  6828
20700    5968  6018  6682  7248
20701    2018  2020  2019  6618
20702    5029  5253  5256  7283
20703    1163  1160  6492  6754
20704    6771  6263  7385  6814
20705     876   877   865  7045
20706    2681  2680  6315  6511
20707    1445  1442  1448  7457
20708    4570  4596  4602  7265
20709    4039  4435  6325  7308
20710    6000  5947  6911  6956
20711    5219  5221  5226  6620
20712    5134  5562  6434  7592
20713     912   338   339  7267
20714    5795  4183  7007  7291
20715    6151  5904  6172  7607
20716    1237  1238  1244  7533
20717    1369  1367  1368  7380
20718    5969  5914  6000  6165
20719     822  1106  6964  7315
20720    5916  6013  6100  6405
20721    3672  6387  7434  7568
20722    2006  2010  6618  6662
20723    6116  5475  6467  7428
20724    3366  3339  3367  6770
20725    5335  6457  6786  7352
20726    5101  6532  7411  7518
20727    4501  4508  4507  7282
20728    3850  3854  6874  7385
20729    6735  5903  7233  7325
20730    4943  4946  4951  7609
20731    5462  6116  6881  7428
20732    3531  3515  6651  3518
20733      89    87   331  6452
20734     880   881   717  7120
20735    4455  4452  4460  7454
20736    6222  6073  6373  6539
20737    5850  5918  5972  6079
20738    4198  4189  4194  7291
20739    5977  5188  6198  6742
20740    2268  5778  6738  7153
20741    3285  3288  3283  6840
20742     807   812   805  7187
20743    2604  6746  6887  7577
20744    2835  2834  2833  6900
20745    2381  2626  6290  6851
20746    6475  5644  7203  7206
20747    2392  2391  6948  7299
20748    6956  6911  7272  7485
20749     381   385  6648  7066
20750     355  1102  1110  6194
20751    2069  2000  6497  7631
20752    5946  5831  6531  7185
20753     223   218   213  7033
20754    5658  5663  5661  7287
20755    1573  1572  6584  7437
20756    6295  4379  7176  7220
20757    6437  6222  6865  6892
20758    3133  3136  6409  6715
20759    6254  6236  6318  6657
20760    4670  4445  7001  7126
20761    2487  5875  6186  6970
20762    5833  5830  5861  6684
20763    6114  6833  7144  7549
20764     957   952   951  7353
20765    3684  3693  6878  6909
20766     875   876  7045  7335
20767    2982  3229  7471  7503
20768     936   937   939  6326
20769    2660  2114  6637  7118
20770    3374  3402  6303  7610
20771    1728  1415  1183  7285
20772    3107  3108  6721  7605
20773     328   329   330  7440
20774    7157  5544  7158  7166
20775     792   791  6592  6621
20776    6871  4670  7001  7126
20777    1682  1685  1690  6516
20778    6013  6100  6405  7065
20779    6233  5942  6824  6913
20780    1079   830   826  7315
20781    1434  6975  6977  7300
20782    2975  2966  2967  7400
20783    2105  2108  2111  6703
20784    2219  6668  6869  7456
20785    1581  1577  6584  6688
20786    1743  1742  6476  6990
20787    2362  6363  6446  6992
20788    5369  5372  5371  6649
20789    3289  3290  6993  7414
20790     962   960   968  7363
20791    4132  6737  7106  7459
20792    3638  3645  6213  6221
20793    5718  6847  6895  7114
20794    2866  6210  6667  7252
20795    5814  3410  6626  6690
20796     893   886  6231  6319
20797    6737  6138  6974  7459
20798    3108  3107  3106  7605
20799    6313  6477  6973  7368
20800     114   100  6807  6867
20801    1316  1483  1478  6064
20802     637   647   649  7086
20803    6006  6333  6717  6867
20804    4152  3869  6417  7323
20805     123   119   128  7276
20806    3479  3482  6670  7358
20807    5951  5935  6120  6157
20808    2098  2104  6331  7044
20809    1085  1084  1082  6544
20810    5976  5182  6198  6882
20811     117   132  7276  7546
20812    1088  1081  1090  5979
20813    6702  6142  6720  6883
20814    3766  3769  3564  6074
20815     623   620   622  7655
20816     596   590  6854  7602
20817    2617  2610  7288  7415
20818    6097  6374  6600  6895
20819    5283  5043  5047  6398
20820    1954  1959  6541  6799
20821    2296  6414  6423  7227
20822    6719  6081  7049  7179
20823    4958  4959  7522  7663
20824     594   602  6152   603
20825    5664    92    98  7287
20826    2058  2061  2063  7481
20827     658   721   727  6824
20828    3631  3522  3541  6590
20829    2074  6751  6800  6992
20830     316   379  6615  7189
20831    6531  6533  6548  7390
20832    2074  6446  6751  6992
20833    6136  6203  6572  7069
20834    6105  6021  6557  7082
20835    2431  2412  2218  7456
20836    2688  2689  2684  6511
20837    2071  2078  2362  6446
20838    6149  3264  7500  7503
20839    3491  6716  6808  7141
20840    2219  2220  6869  7590
20841    1645  1664  1648  7581
20842    3314  3551  3315  7275
20843    3313  3315  3308  7275
20844    2015  2019  2016  7447
20845    2430  2505  2431  7456
20846    4083  4084  6731  7578
20847    6088  2902  6711  7400
20848    5019  6604  6938  7073
20849    2375  2370  2367  7590
20850    2428  2431  2424  7456
20851    3557  3598  3599  7445
20852    3995  3991  3994  7580
20853    2015  2016  1507  7447
20854    3551  3314  3600  7275
20855    2101  2102  6849  7044
20856    3988  6199  6265  6924
20857     731  6534  6732  6906
20858    6389  1058  6391  6629
20859     201   205   203  7218
20860    2102  2101  2103  7044
20861     868   864   865  7045
20862    5638  5641  5643  7034
20863    3995  3988  3987  6270
20864     640   644   638  7086
20865    2082  2080  2093  6849
20866    2099  2101  2102  6849
20867    1864  6343  6607  7125
20868    1604  1603  6925  7630
20869    5594  6189  6385  6783
20870    2094  2092  2095  6849
20871    4095  4094  6564  6918
20872     509   503  6068  7531
20873    6175  6090  7121  7570
20874    5041  6398  6604  7039
20875    5960  6019  6352  6899
20876    1580  1579  6204  6584
20877    1606  6204  6584  6925
20878    2631  2623  2622  7077
20879    3417  3423  6672  7042
20880    3766  3601  7434  7445
20881     455  5804   450  7417
20882    5636  5638  6957  7034
20883    5844  5834  5892  6219
20884    5916  5891  6302  6917
20885    3660  3658  3656  6606
20886    5005  4907  7073  7532
20887    6324  6327  6588  7155
20888    4742  4712  6861  7239
20889    1458  1450  1467  6610
20890    3133  6411  6721  7605
20891     637   640   639  7086
20892    2079  2092  2093  6849
20893    6252  6285  6501  7045
20894    6082  6043  6439  7042
20895     220  6614  6682  7033
20896     789   787  7455  7535
20897     493   487   488  5893
20898    3658  3661  3656  6606
20899    6565  2009  6618  7447
20900     652  7086  7214  7407
20901    5686  5690  7145  7398
20902    2175  2169  2168  7350
20903    1473  1458  1467  6610
20904    5873  5989  6482  6918
20905    2588  2564  6208  7030
20906    3732  3734  6236  7117
20907    4391  4214  6522  7146
20908    5108  5130  6567  7597
20909    1962  2333  1949  6789
20910    3171  3163  3164  6674
20911    1417  1149  1415  6317
20912    6624  4348  7096  7210
20913    6054  6528  6761  7430
20914    1634  1632  7409  7630
20915    6728  5937  7403  7444
20916    6191  6188  6634  7031
20917     248  5893  6089  6752
20918    6496  6174  6796  6879
20919    3147  3173  3373  7151
20920    5867  5834  5915  5988
20921     107   148  6095  6242
20922    7228  1847  1846  1851
20923    5479  5464  5504  6150
20924    2003  1997  1990  7036
20925    5995  5842  6275  7621
20926    3063  6298  6465  6958
20927    3353  6949  6980  7367
20928    6331  6040  7318  7382
20929    5902  5853  6260  6567
20930    6280  5892  6538  6807
20931    6175  6045  6784  6886
20932    3931  3938  3936  7589
20933    4591  4259  7174  7586
20934    7067  6357  7133  7613
20935     414   415   420  7498
20936    2869  2866  2868  7252
20937    4645  4652  4630  7301
20938    4690  4889  4688  7341
20939    2211  2221  6869  7418
20940     413   418   415  7498
20941    2211  2217  7418  2216
20942    5643  5642  6312  7034
20943     429  6524  7098  7410
20944     782   780   783  7588
20945    6102  6261  6821  7496
20946    4267  4262  4270  7542
20947    1325  1323  1597  6925
20948    3373  3173  3143  7151
20949    3373  3374  3372  7151
20950    2355  2366  2637  7343
20951     193   449   195  7035
20952    1600  1325  1597  6925
20953    4005  4755  6184  6495
20954     767   763   765  7538
20955    6567  5130  7082  7597
20956    2354  2353  2366  7107
20957    3937  3904  3926  7333
20958    2116  2119  6449  7506
20959    2465  2462  2464  6942
20960     828   519  7315  7626
20961    3612  3604  3613  7392
20962    1036  6389  6391  7477
20963    1880  1888  1885  7451
20964    3025  3032  3283  6840
20965    6376  5885  6474  7621
20966    1884  1886  6796  7451
20967    5023  5254  5259  7283
20968     354   355  7009  7253
20969    5919  5906  6119  6272
20970    2209  2217  6934  7418
20971    1751  1519  6984  7163
20972    5715  5722  5714  7114
20973    6045  6206  6784  7463
20974    4808  4679  4814  7341
20975     413  6114   412  7498
20976    4684  4688  4814  7341
20977    1903  1906  1902  7150
20978    1193  1206  1194  6923
20979    1906  1930  1904  7150
20980    1930  1906  1903  7150
20981    5986  5955  6994  7612
20982    2298  2264  2299  6448
20983    2264  2256  2299  6448
20984    5472  5466  5465  6696
20985    6616  7201  6450  7524
20986    2281  2280  7058  7372
20987    4833  4834  4977  6914
20988    3437  3252  7141  3244
20989    4833  4977  4467  6914
20990    6808  6716  5883  7141
20991    6208  6304  6954  7030
20992    3228  3233  3236  6141
20993    4031  4032  4340  7080
20994    5009  5008  6551  7532
20995    2542  2541  2527  7138
20996    5923  6111  6262  7471
20997    5949  5780  1439  6917
20998    6424  4449  7126  7496
20999     534   535   536  6191
21000    4310  4033  4031  7080
21001    1289  1054  1052  7348
21002    1702  1715  1701  7585
21003    6394  2248  6681  6852
21004    5249  5500  5246  6998
21005    5427  5661  5428  6379
21006    3903  3644  3646  6606
21007    1815  1804  1816  6692
21008    4208  4212  4207  7453
21009     787   788  7455  7588
21010    2619  2627  6518  7077
21011    1661  1659  1660  6579
21012    1148  1147  1140  7285
21013    2703  2618  2702  7415
21014     556   551  7140  7554
21015    1865  6607  1864  6903
21016    5204  5725  5207  7082
21017    5324  5321  6812  6994
21018     308  6635  6773   306
21019     784   782   783  7588
21020     778   788   787  7588
21021    5666  5658  5659  7287
21022     827   788   778  7455
21023    3926  7333  7416  7589
21024    4354  4348  4347  7210
21025    1958  1960  1939  6541
21026     176   175  7431   178
21027     821   819   816  7186
21028    6066  5865  6458  7206
21029    5029  5027  5278  7283
21030    1852  1871  1853  6879
21031    4827  4858  5146  6588
21032    3256  3260  3258  6753
21033    4771  4761  4764  6601
21034    2037  2038  2040  6988
21035    5866  5898  5981  6636
21036    4557  6157  7265  7469
21037    4452  4461  7454  4454
21038    1425  1426  6923  7298
21039    6715  6411  6804  7108
21040    2919  2915  2916  7235
21041    6172  6322  7607  7665
21042     944   943   938  7061
21043    4208  4215  4218  7453
21044    5864  5824  5872  5908
21045    4657  4655  6503  6740
21046    4219  4248  5951  6944
21047    5912  5937  6044  6494
21048    4354  4353  6632  7419
21049    3210  3187  3203  6907
21050    1057  1044  6391  6831
21051    4900  4897  4899  6999
21052    6532  6929  7278  7342
21053    2324  2325  2321  7322
21054    5732  5696  6734  7337
21055    7113  6264  7298  7566
21056    6392  5882  6507  6945
21057     410   409  6219  6643
21058    6072  1728  6104  7285
21059    2569  6176  2566  6402
21060    3975  3978  3976  7361
21061    5991  5968  6026  7248
21062    1225   900  1223  6529
21063    5976  6065  6551  7433
21064    3863  3866  6330  6853
21065    6151  6926  7349  7607
21066    2352  2347  7027  7343
21067    1833  1831  1822  6985
21068     652   679   678  7214
21069     972   971  1022  7085
21070     595  7008   606   594
21071    6746  5906  6887  7288
21072     281   282  6239  7408
21073    5381  5387  5380  7508
21074    6741  7522  7539  7663
21075    1626  1411  1621  7474
21076    5319  5312  5318  7603
21077    3532  3536  6657  7339
21078    6114   163  6833  7549
21079    4084  3790  6731  6870
21080    3337  3955  3606  7310
21081    1971  1972  6497  7226
21082    1911  1904  7053  7420
21083    2037  2040  2049  6988
21084    3335  3301  3327  6845
21085    5653  5654  5652  7284
21086     286   285   284  7408
21087    5201  5198  5200  7543
21088    5684  5690  5685  7398
21089    5197  5199  5202  7543
21090    5190  5194  5196  7543
21091    6777  1946  7257  7651
21092    2310  1946  6777  7651
21093    1702  1420  6317  7585
21094    1162  1161  1168  7113
21095    6798  6507  6876  7329
21096    6036  6415  6934  7091
21097    4981  4987  4980  7081
21098    6678  2236  6934  7091
21099    3377  3461  3458  6967
21100    3402  3400  6303  7610
21101    6035  5980  6144  6967
21102    1009  1010  1007  6732
21103    4368  4366  6564  7632
21104    5106  5130  5114  7082
21105    1144  1147  1148  7285
21106    5725  5204  5135  7082
21107    1148  1415  1149  7285
21108    4879  4877  4874  6742
21109    6172  6060  6322  7239
21110    5997  6432  6722  7075
21111    3260  3255  3257  6753
21112     224   217   218  7033
21113    3505  3513  3508  6030
21114    2037  2206  2038  6988
21115     348   327   323  6758
21116    1271   971  6486  7085
21117     320   100   321  6758
21118     465   467  7249  7346
21119     619   382  6767  6968
21120     874   713   711  6757
21121    3314  3600  7275  7406
21122    3710  3709  3703  7152
21123    1141  1142  1140  7285
21124    5359  5369  6109  7521
21125    5499  5508  7236  7570
21126    7188  7168  7257  7591
21127     991   988  6719   985
21128    6117  6024  6737  7106
21129    3216  7347  3207  7505
21130    4351  4455  6455  6558
21131    3096  2856  3090  6205
21132     704   697  6971  7204
21133    1246  1247  1257  6755
21134    4966  4964  4938  6515
21135    2022  2024  6055  6168
21136    5460  5474  5475  7428
21137    6271  6790  6985  7228
21138    6197  1864  6343  6903
21139    5875  6047  6186  6230
21140    3743  3744  6617  7515
21141    4731  4730  4173  6679
21142    1258  1241  1236  6755
21143    3255  3259  3257  6753
21144    6231  6529  6625  6864
21145    2046  2048  2047  6988
21146    3961  3954  3964  7344
21147     404   407  6643  7211
21148    1247  1312  1257  6755
21149    6186  5833  6230  7027
21150    3258  3260  3257  6753
21151    1646  1645  6725  7409
21152    6128  4205  6687  7453
21153     632   628  6945   627
21154    7032  6845  7379  7422
21155     883   891  6252  7120
21156    3660  3896  3658  6606
21157    1083  6964  1080  1088
21158    3896  3903  3658  6606
21159    3527  6566  7195  7339
21160    1183  1184  1728  7285
21161     144  7144  7449  7549
21162    1555  1533  6941  6981
21163    6663  6584  7124  7437
21164    4099  4098  4074  6924
21165    3153  3117  7182  7293
21166     154   153  6833  7549
21167     786   748  6543  7527
21168    6800  5835  7143  7343
21169    6090  6784  7223  7573
21170    1623  1624  1625  6329
21171    3658  3903  3646  6606
21172    3331  3578  3335  6845
21173    3536  3535  3527  7339
21174    5231  5237  5236  6978
21175    5918  5972  6079  6097
21176    5873  6107  6232  6482
21177    1678  1677  1671  6569
21178    5586  6594  6744  7172
21179    6481  6299  6715  7261
21180    5750  5758  7640  5742
21181     796   831   798  6323
21182    4930  4931  4936  7071
21183     448   193   197  7035
21184    2741  3038  3035  7270
21185    1890  1902  1653  7150
21186    6525  6530  7022  7528
21187    4231  4230  6834  7231
21188    1600  1597  1601  6925
21189     151   107   148  6095
21190    1012  1266  1265  6906
21191    2599  2347  2352  7343
21192     740   758   762  7209
21193    4696  4693  4691  7208
21194     449  5804   455  7035
21195    6357  2849  6805  7063
21196     127   117   132  7276
21197    4309  4311  7517  7601
21198    6738  6365  7037  7263
21199    1989  1992  1991  7036
21200      67   101  6659  6807
21201    4931  4939  4936  7071
21202     306   309   270  6773
21203    4461  4464  6893  7454
21204    5682  5683  7398  5822
21205    5550  5551  6066  7166
21206    3743  3723  6547  6617
21207    1407  1408  7374  7661
21208    2825  2824  2790  7280
21209    3045  3058  3061  6958
21210    6055  6103  6301  7551
21211     744   693  6763  6960
21212    2299  2255  2296  6448
21213    1717  1990  1996  7036
21214    6568  3182  6809  7063
21215    3375  3379  3372  6179
21216    2574  2577  6341  6887
21217    3052  3060  6465  6958
21218    2296  2297  2299  6448
21219    2303  2299  2297  6448
21220    2679  2506  2680  6315
21221    2513  2514  2516  7281
21222    1625  1627  6329  7562
21223    3337  3339  6770  7422
21224    5321  5323  5324  6812
21225    1360  5984  6273  7492
21226    4693  4695  4691  7208
21227    5147  5156  5149  7345
21228    3923  3899  3898  7351
21229    3625  3620  6190  6905
21230    4210  4212  6687  7453
21231    3768  3559  6227  6587
21232    1697  1670  1693  6720
21233    4608  5802  6122  6472
21234    4117  4121  4122  6726
21235    6732  5894  7477  7529
21236    5407  6658  6855  7203
21237    5154  5155  5152  7345
21238    2597  2352  2637  7343
21239    2199  2197  2273  7153
21240    2132  6471  6811  7654
21241    1987  1980  1988  6951
21242     555   764  5938  6609
21243    1685  1682  1684  6516
21244     671   662   668  6963
21245    2373  2367  2376  6811
21246     420   422   414  7498
21247    6299  3173  6481  7151
21248    4415  4417  7349  7607
21249    7133  6357  6205  7642
21250    1600  1601  1602  6925
21251    3752  3744  3745  7515
21252     793  1135  6669  7499
21253     381   377   385  7066
21254    6343  6274  6607  7125
21255    4309  4340  7080  4031
21256    3372  6179  6409  7151
21257    3596  3908  3593  7622
21258    6150  6436  6620  6838
21259    6130  5978  7194  7346
21260    3173  3147  6481  7151
21261    6630  6250  7307  7435
21262    5424  5317  5325  7154
21263    1954  1956  6799  7217
21264    1132  1135  1133  7499
21265    6020  6154  6603  7080
21266    5324  5325  5317  7154
21267    3847  3857  4127  7198
21268    6169  6300  6457  7001
21269    5147  5153  5156  7345
21270    3029  3030  3022  7540
21271    6585  5907  6772  7664
21272    2651  2644  7051  7376
21273    5286  5277  6598  7205
21274    5701  5704  7229  7664
21275     800   803   799  7482
21276    4855  4820  6549  7159
21277     898   899   932  6483
21278    4417  4415  4984  7607
21279    2490  2492  2487  6927
21280    5984  6362  6665  7492
21281    1647  1651  1650  7501
21282    6845  6474  7338  7621
21283    5144  5155  5153  7345
21284    5885  5923  5995  7621
21285    1647  1650  1646  7501
21286    4822  4824  6549  7159
21287    5565  5727  5729  7337
21288    6447  6830  6896  7112
21289    5923  5842  5995  7621
21290    1911  1912  7053  7651
21291    1910  1911  7053  7651
21292    6429  5976  6551  6742
21293     971   972  6520  7085
21294    1761  1790  1822  6985
21295    5683  5682  7398  5684
21296    7348  7167  7374  7529
21297    3334  3330  3336  7379
21298    1940  1942  7188  7423
21299    4013  4024  7296  7643
21300    3330  3324  3367  7379
21301    5056  5320  5772  6986
21302    6337  3092  6478  7316
21303    6044  6581  6728  7199
21304    5233  5197  7260  7543
21305    5878  6488  6603  7230
21306    4171  3999  4170  7378
21307    2999  3001  2991  7191
21308     473   467   468  7346
21309     134   660  6898  7251
21310    2782  2409  6892  7130
21311    4187  4167  4168  7528
21312    4887  4886  6999  7390
21313    4721  6322  6793  7239
21314    6125  5894  6732  7529
21315    7020  4026  7576  7643
21316    4633  4627  4620  6666
21317    2990  3002  2998  7191
21318    5835  5966  6094  6363
21319    3174  3186  6962  7460
21320    3408  3823  3831  7199
21321    1933  1931  1932  7423
21322    2998  2992  2990  7191
21323    2693  2694  2692  6973
21324    3407  5765  5814  7193
21325    3662  3665  6212  7222
21326    5886  5932  6635  6773
21327    2692  6336  2694  2699
21328    1827  1761  6550  7647
21329    6201  6327  7411  7518
21330    5329  5420  6855  7612
21331     645  6643  7086  7211
21332    5230  5238  6207  6978
21333    3162  3182  3180  7460
21334    4478  4044  4077  6554
21335    1029  1023  7085  1026
21336    3324  3319  3318  7379
21337     779   499   492  7194
21338    4370  4510  4355  6972
21339    4026  4023  7576  7643
21340    4984  4736  4417  7607
21341    5871  6066  6589  6639
21342    5765  3411  5814  7193
21343     668   732  1011  6963
21344    3811  3845  3850  7198
21345    2103  6331  2104  7044
21346    6264  1161  6923  7493
21347    6044  6005  6581  7199
21348    7460  3185  3186  6314
21349    5082  5086  6588  7518
21350    3415  6581  7193  7199
21351    3186  3180  3177  7460
21352    4711  4710  7239  7534
21353    5582    24  5585  7384
21354      24    22  5585  7384
21355     705   732   668  6963
21356    4365  4364  4350  6972
21357     671   669   662  6963
21358     857   858   853  7472
21359    6416  6413  7138  7564
21360    5846  6110  6296  6832
21361    2991  2998  2999  7191
21362    3997  4002  3674  7378
21363    3318  6298  6759  7379
21364     898   930   905  6801
21365    5940  5902  5957  5987
21366    4380  4402  4381  7220
21367    3604  3612  3605  7392
21368    2817  2689  6511  6865
21369    6759  6235  7379  6298
21370    7122  1753  7163  7647
21371    4002  7324  4001  7378
21372    2993  3000  3001  7191
21373    5836  5827  5848  5862
21374    3264  3224  3262  6078
21375    2065  2064  2060  7216
21376    1343  1350  1351  7052
21377    6221  5970  6578  7029
21378    4021  4022  4017  6488
21379    5009  5181  4893  6429
21380    3116  6949  7357  7605
21381     691   690  6913  7274
21382    4877  4874  6742  7514
21383    6869  6415  7091  7541
21384    1568  1573  6688  7105
21385     494   462  6130  7346
21386    2307  2301  2306  7600
21387    2233  2235  6613  6681
21388    5963  6259  6499  6971
21389    4554  4546  6583  7076
21390    3810  3797  6814  6928
21391    4803  4572  4799  6445
21392    3164  3174  3165  6962
21393    6082  6043  7042  7387
21394    5915  6224  6297  7002
21395    5239  5240  5228  6760
21396     662   701  6963  7204
21397    4521  6902  7095  7181
21398    5219  5226  5227  6620
21399    1286  1289  7167  7374
21400    1826  1830  6168  6985
21401    6887  5906  7343  7577
21402    5088  5083  5092  7155
21403    6798   624  6876  7211
21404    6830  6088  6896  7112
21405    1376  1366  1365  7377
21406    6374  6378  7317  7424
21407    6152  6279  6634  7602
21408    4054  7156  7576  7643
21409    5203  5197  5202  7543
21410    6140   766  6609  7381
21411    6868  3316  7406  7622
21412    1655  1652  1649  7501
21413    1656  1649  1653  7501
21414    4273  4274  4275  7528
21415    4023  4054  7576  7643
21416    4274  4187  4290  7528
21417    1402  1407  1287  7374
21418    5378  5381  6487  7424
21419    6200  7020  7576  7643
21420    4167  4261  4166  7528
21421    5938  6220  6259  7381
21422     397   379   392  7189
21423    4024  4023  7296  7643
21424    2107  6637  6930  7118
21425     854   852   853  7472
21426    4868  4869  4863  6693
21427    5828  5870  5874  5993
21428    6626  3408  7193  7199
21429     818   814   820  6419
21430    4017  4027  6603  7230
21431     469   462   463  7346
21432    5085  5084  5082  7155
21433    5802  4680  6122  6472
21434    6470  4509  7220  7644
21435    2306  2300  2294  7600
21436    6550  6281  7163  7647
21437    3173  3143  7151  7387
21438    5086  5085  5082  7155
21439    4149  6974  7323  7608
21440    1694  1697  1693  7598
21441    3407  3414  5765  7193
21442     701   705   662  6963
21443    3411  5765  3412  7193
21444    6420  7051  7118  7509
21445    1408  1376  1015  7377
21446    4933  4942  4931  7405
21447    4655  6503  6740  7301
21448    3229  3230  3228  7471
21449    6647  6277  7076  7391
21450    6091  6370  7195  7466
21451    5734  5731  5212  6734
21452    3182  6568  6809  7460
21453    5728  5734  5212  6734
21454    1558  1526  1554  6773
21455    6216  6192  7357  7446
21456     760   729  5963  7209
21457    3334  3336  6845  7422
21458     740   729   760  7209
21459    6708  6875  7318  7382
21460    5630  5402  5410  7206
21461    2372  2371  7318  7590
21462     976   982   981  6574
21463    4945  4947  4952  7609
21464    5551  5630  5550  6066
21465    2391  2377  2096  6948
21466    1652  1655  7289  7501
21467    4498  4495  4491  7314
21468    1696  1975  1698  7485
21469    1695  1694  1693  7598
21470    6893  4464  7359  7371
21471    6125  1018  6732  6906
21472    3976  3977  3974  7361
21473    3809  3816  6540  7587
21474     194   193  6576  6922
21475    1728  1184  6072  6104
21476    1434  6302  6975  7300
21477    3776  3779  3780  6877
21478     112   114   105  7483
21479    2730  2624  2622  7077
21480    1157  1152  1158  7426
21481    2019  2020  2016  6618
21482     362   316  6615  7072
21483    1336  6249  6423  6489
21484    6452  5934  7011  7083
21485    5170  6027  6146  7429
21486    5963   760  6259  6971
21487    4416  4415  4417  6676
21488    4753  4752  4751  6300
21489    6187  6213  6451  6606
21490    5352  5354  6384  6675
21491    5946  5898  6063  6065
21492    4524  4519  4523  6902
21493    3616  3460  3622  6905
21494    3458  3460  3616  6905
21495    2445  2443  2226  7075
21496    5986  5392  6658  6855
21497    3466  3465  3398  7132
21498    3475  5785  3466  7132
21499    4668  4006  4662  7324
21500    3473  3475  3472  7132
21501      43    33  7233  7325
21502    5838  6043  6412  6439
21503    6054  5906  6746  7006
21504    1708  1706  1707  7585
21505    4668  4004  4006  7324
21506    4315  4316  4295  6603
21507    4536  4538  6445  7094
21508    1975  1979  1698  7485
21509    5920  7088  7140  7554
21510    1420  1702  1701  7585
21511    5278  5027  6938  7283
21512    3277  3271  3276  7164
21513    4311  4310  4031  7080
21514    6926  4987  7081  7349
21515    2175  1883  1886  7451
21516    1889  2175  1887  7451
21517    2914  2915  2923  6480
21518    1235  1229  6360  7510
21519    4852  4499  6261  7025
21520    2152  2142  6935  7313
21521    6415  6036  6869  7091
21522    4775  6042  6693  7025
21523    4388  4390  6284  6902
21524     438  6898  7251  7427
21525    2965  2957  2958  7169
21526    2711  2709  5888  6528
21527    6032  6011  6293  6395
21528    3381  3383  6179  6303
21529    2566  6176  6208  6402
21530    5825  5839  5857  5899
21531    4300  4647  6555  7301
21532    5500  5252  6998  7121
21533    4498  4528  4496  7314
21534    6171  7104  7427  7431
21535    4504  4511  4513  7282
21536    4502  4504  4513  7282
21537    2993  3001  6371  7191
21538    1192  1169  1187  6923
21539    4256  4260  4253  7586
21540    6817  6416  7138  7304
21541    5025  5023  6633  7283
21542    2867  2865  6667  7252
21543    6431  1883  6435  7451
21544    4021  4017  4295  6603
21545    1711  7279  1701  1712
21546    4102  5794  4098  7079
21547     170   167  6484  6847
21548    3282  3285  3032  6840
21549    1887  1886  1878  7451
21550    1885  1887  1878  7451
21551    1711  1705  1708  7585
21552    4512  4511  4766  7282
21553    2621  2730  2622  7077
21554    7088   556  7140  7554
21555    6049   234  6068  7554
21556    4309  4311  4031  7080
21557    4947  4943  5299  7609
21558    4181  4182  4190  7291
21559    5270  5285  5287  6683
21560    6382  6375  6663  7105
21561    6750  6751  6800  7118
21562    6686  1779  6785  6836
21563    5460  5463  5461  7428
21564    6036  6040  6668  6811
21565    5645  5654  5647  7284
21566    5950  5846  5982  6414
21567    4438  4439  6400  6762
21568    5910  6121  7109  7130
21569    6079  5965  6675  6786
21570    1166  1161  1162  7113
21571    1964  1944  6160  6559
21572     261   229   228  6650
21573    5740  5457  5462  6881
21574    1687  1952  1714  7217
21575      20  6498   190   189
21576    2779  2777  2795  7115
21577    6583  4554  7076  7429
21578    2421  2423  6315  7375
21579    6760  6350  6998  7121
21580     613   614   624  7329
21581    3956  3955  3368  7310
21582    1043  1045  6083  6391
21583    6414  6170  6491  7227
21584    3852  3854  3842  7309
21585     778   487   827  7478
21586    3945  3948  6183  7197
21587    5850  5837  5918  5934
21588    1976  6956  7272  7598
21589    2233  2188  6613  7395
21590    4503  4501  4507  7282
21591      30    23  6258  6433
21592     364   370   362  6611
21593    5565  5729  6427  7337
21594    6037  6410  7210  7419
21595    5254  5023  5025  7283
21596    6903  6879  7425  7465
21597    6031  6079  7012  7476
21598     822   825  1106  7315
21599      49   249   254  6650
21600    4676  4675  4674  6473
21601    4907  5012  5009  7532
21602    2437  2254  2253  7303
21603    1443  1444  1441  7268
21604    5217  5225  5226  6620
21605    1104  1527  1529  6342
21606    6586  6371  7062  7169
21607     988  1000   993  6719
21608     396   390  6798  7189
21609     786   750  6523  6621
21610    5881  5997  6112  6126
21611    5068  5051  5060  7136
21612    3391  3394  6581  7567
21613    5956  5931  6246  6375
21614     347   353  6333  6803
21615    2189  1912  2266  6599
21616    6351  3070  6359  6759
21617    2445  2444  2438  7075
21618    2662  2668  2651  7611
21619    5746  5458  5457  6881
21620    5865  5898  6008  6063
21621    3345  3343  6517  6721
21622    3044  3043  2728  6461
21623    5883  6030  6547  6724
21624    5455  5441  6573  7224
21625    3913  3665  3911  7568
21626    1125  1077  1100  6278
21627    6426  3242  6943  7505
21628    5914  6165  6329  6664
21629    6204  6246  6274  7412
21630     252   254  6619  6650
21631    5027  6938  7283  7553
21632    4708  4701  4702  6768
21633    5172  5175  5173  7524
21634    1551  3076  1560  6981
21635    1719  1718  6899  7421
21636    3138  3166  6481  7261
21637    4438  4671  4432  6762
21638    6426  6129  6672  7347
21639    6022  6542  7149  7362
21640    1038  1039  6113  7348
21641    6242    90  6585  7287
21642    5960  5984  6352  7492
21643     300  6308  6987  7273
21644    5087  5088  7001  7155
21645    6362  5929  6707  6983
21646    5909  5850  6031  6169
21647     963   966   962  7363
21648    4009  4013  6537  7643
21649    5959  5880  6070  6199
21650    7260  6436  7433  7555
21651    4934  4936  7071  7093
21652     395   397   392  6767
21653    1711  1708  1701  7585
21654    1883  6431  6796  7451
21655    6796  6496  7074  7451
21656    2445  2226  2250  6678
21657    3169  3165  3170  7261
21658    3401  3692  3452  6303
21659    1750  2111  1746  7326
21660    2222  2243  2242  6678
21661    3266  3231  3263  7616
21662    5757  5755  5762  6744
21663    3278  7069  7097  7164
21664    6817  2515  7281  7556
21665    5380  5391  5388  7508
21666    1385  1670  1673  6720
21667    3753  3757  3864  6839
21668    2444  2439  2438  7075
21669    2710  2716  6528  6761
21670      78    86  5303  5994
21671    6782  6471  7000  7537
21672    6758  6096  7072  7520
21673    5206  5210  5207  7442
21674    1489  1497  1496  7487
21675     268   267  5528  6282
21676    2529  2538  2534  7304
21677    1708  1420  1701  7585
21678    2993  6347  6371  7062
21679      94    90   146  6242
21680    1704  1711  7585  1705
21681    3178  2849  3096  7063
21682    2684  2685  2682  7375
21683    1566  1564  1570  7105
21684    7050  6589  7158  7166
21685    5066  5310  5315  7010
21686    4709  4743  4742  6172
21687    3840  3839  6591  7309
21688    3223  3261  5995  6275
21689    1043  1037  1032  6642
21690    2008  1974  6956  7272
21691    5563  5725  5562  6427
21692    2947  2952  2948  6979
21693    1502  1501  7320  7441
21694    2714  2723  6528  6761
21695     177   164  6847  7431
21696    3997  6387  7324  7434
21697    5213  5735  6557  7442
21698     563   573  6188  6634
21699    7100  6309  7276  7432
21700    6673  7374  7661  7662
21701    4207  4211  4206  7453
21702    5456  5458  5444  6881
21703     383   377   378  7450
21704    3706  3698  3697  7152
21705    5941  5958  6005  7147
21706    5456  5457  5458  6881
21707     254   253    49  6650
21708    5035  4935  6976  7039
21709      75   313   315  7262
21710    4108  4114  4115  6128
21711    6869  2221  7091  7418
21712    6414  6448  6806  7600
21713    3842  3854  3848  7309
21714     132   136  7432  7546
21715    4860  5148  6929  7386
21716    1236  1234  6863  7636
21717    3053  3050  3048  6461
21718    4207  4206  4208  7453
21719    2716  2714  6528  6761
21720    5755  5761  5762  6744
21721    1995  1996  1994  6497
21722    4128  4120  4121  7459
21723    1893  7125  1651  6343
21724    2490  2489  2492  7111
21725      32    30   212  6433
21726    6167  6209  6447  6896
21727    1947  1945  2312  7651
21728    6910  4216  6944  7453
21729    1705  1704  1706  7585
21730    3817  3821  3818  7587
21731    4256  4253  4257  7586
21732    4090  4089  4088  7578
21733    4083  4091  4084  7578
21734    6297  7455  7478  7588
21735    5724     4  5723  6623
21736    5693  5688  7192  7287
21737    5352    82    80  7306
21738    5931  6246  6686  6692
21739     665   134  6383  7432
21740    4118  3855  3858  6421
21741    2353  2365  2366  6992
21742    5365  5368  6649  7612
21743    6686  6156  6790  7092
21744    3554  3552  6227  6582
21745    6543  6297  7002  7588
21746     519  6694  7315  7626
21747    2755  2760  2647  7488
21748    5503  6886  7236  7648
21749    6065  6057  6604  6683
21750    1334  1305  6396  7184
21751    5687  5373  6305  7612
21752    5673  5680   118  7123
21753    6811  6036  6869  7590
21754    5242  5257  6350  7433
21755      49   253   225  6650
21756    1437  5791  7268  7457
21757    5465  5227  5464  6150
21758    1546  1569  1539  7255
21759    3215  3212  6262  6857
21760    4641  4632  4640  6666
21761     804   810  6609  7482
21762    1005  1002  6983  7049
21763     862   861   863  7467
21764    3874  3863  6330  6853
21765    4713  4924  4901  6908
21766    1271  1272  1022  7085
21767     750   969  6523  6621
21768    2528  2535  6817  7304
21769     955  1270  1264  6076
21770    4496  4528  7025  7314
21771     178   186  7431   176
21772     786  6523  6543  6621
21773     426   417  6505  7060
21774    6999  6548  7439  7480
21775    4265  6215  7307  7563
21776    1645  1632  6725  7409
21777     668  1011   946  6963
21778     950  6428  6802  7353
21779    3567  3304  6444  6474
21780    2626  6290  6851  6954
21781    6177  3999  7378  7434
21782    6031  6079  6873  7012
21783    1267  1299  6396  7380
21784    2704  2710  2713  6761
21785     278  6096  7072  7408
21786    1550  1556  6773  7099
21787    2792  2777  2790  7115
21788    5691  5684  5685  7398
21789    1403  1291  7474  7662
21790    3128  2798  6715  7108
21791     593   588   589  7602
21792    4673  4750  6300  6871
21793    6627  6656  7182  7593
21794    1532  1771  1112  5945
21795    6644  5333  7040  7476
21796    6791  6639  6957  7623
21797    2206  2200  2031  6170
21798    6119  5967  6235  6359
21799     613   623   614  7329
21800    1123  1197  6025  6625
21801    5926  5849  5943  6641
21802    4652  4651  6740  7301
21803    7006  6580  7470  7615
21804    4234  4228  4233  6834
21805    2395  2396  2397  6787
21806    5450  5444  5452  6881
21807    4304  4292  4301  7087
21808    6350  5248  6998  7121
21809    5723     4   177  6847
21810    6465  6235  7032  7536
21811    3695  3678  6101  6909
21812    3784  3963  6093  6466
21813    5659  5658  6379  7287
21814    6652  7094  7095  7244
21815    6847  6623  6895  7114
21816    4004  4668  4005  6184
21817    5926  6027  6189  7232
21818    4600  4576  4602  6283
21819    4121  4120  4122  6502
21820    5146  6929  7278  7386
21821    2846  2849  2843  6357
21822     511   239  6067  7369
21823    6132  6058  6837  7191
21824     764   506  5938  6220
21825    1107  1088  1080  6964
21826    4709  4640  6740  6861
21827    3169  3164  3165  7261
21828    3766  3999  3767  7014
21829    3672  3671  6904  7434
21830    3341  3337  3606  7310
21831    5967  6054  6761  7489
21832    5367  5323  5362  7190
21833    3168  3169  3170  7261
21834    2744  2789  2787  7115
21835     506   755   485  6220
21836    2156  2179  2157  7250
21837    3754  5852  6237  6526
21838     253   261   228  6650
21839     624   626   613  7329
21840     498   780  7002  7194
21841    3253  3509  6716  6965
21842    4218  4216  6910  7453
21843    4282  4283  4294  6530
21844     841   840   837  6542
21845    5556  5136  5141  6180
21846     611  6767  6798  6968
21847    3368  3955  3337  7310
21848    2788  2784  2778  7115
21849    5458  5451  5452  6881
21850     127   126  7276  7432
21851    6239  6611  7072  7408
21852     725   708   724  6991
21853    5093  7001  7155  7476
21854    3607  3606  3605  7310
21855    2792  2795  2777  7115
21856     255   254   249  6650
21857    6673  1402  7374  7662
21858    5333  7012  7040  7476
21859    3094  3091  6205  6478
21860    4895  4893  6548  7439
21861    1086  1182  5979  6218
21862    2789  2779  2787  7115
21863    5458  5746  5437  6881
21864     588   598   589  7602
21865    5315  5319  5288  7603
21866    7157  6077  7461  7561
21867    4039  3996  4041  7308
21868      42    51    49  6650
21869    2668  2662  6251  7611
21870    1204  1210  6597  7370
21871    6570  1091  7472  7635
21872    1289  1286  1047  7348
21873    5180  5176  6180  7137
21874    1047  1039  1049  7348
21875    2906  2899  2900  7112
21876    6157  4557  6910  7469
21877    6193  6018  6594  6744
21878    1320  1319  6464  7173
21879    3575  3574  6444  7466
21880    5211  5208  5209  7238
21881    4246  4136  6630  7435
21882    3228  3198  3229  7471
21883    2297  2302  2303  7600
21884    5898  5977  5981  7514
21885    6004  7275  7355  7406
21886    1509  6281  7163  7402
21887    4347  4349  4357  7210
21888    6303  6035  6367  6747
21889    4538  6196  6872  6240
21890    5681  5691  6305  7396
21891     123   128    82  7306
21892    2301  2298  2303  7600
21893      79    81    78  7306
21894    4304  4303  4292  7087
21895    2167  2178  2172  7305
21896    3916  4038  4035  7308
21897    4321  4325  4322  7397
21898    2303  6448  2298  2299
21899     590   596   588  7602
21900    1946  1945  7257  7651
21901    4879  4880  4883  6742
21902    6338   652  7086  7214
21903    5321  5324  5317  7603
21904      78    81  5994  7306
21905    1207  1216  7131  5810
21906    3064  3066  3065  6958
21907      42    49   225  6650
21908    3563  3560  2997  6837
21909    2437  6681  2253  2282
21910    6522  5951  6910  7494
21911    4869  4851  4775  6693
21912    2798  2831  3138  7108
21913    3377  3378  3381  6179
21914    5906  6054  6119  6272
21915    4304  4646  4300  6506
21916    5336  5341  5342  6644
21917    6496  6029  6903  7425
21918    3570  3573  7195  7466
21919    7241  4168  7246  7646
21920    3243  6943  7234  7649
21921    6704  6562  2446  6316
21922    2908  2909  2912  6989
21923    6111  2950  6348  7471
21924    1169  1170  1168  7113
21925    2271  2277  2272  7127
21926      79    78    80  7306
21927      92    98  7207  7330
21928    6286  6369  6473  7557
21929    2899  2901  2900  7112
21930    1169  1488  1170  7113
21931     170   169   166  6847
21932    6234  5864  6241  6377
21933    6749  6531  6976  7093
21934    3670  5793  3671  6904
21935    2899  2902  2901  7112
21936    6041  5900  6101  7504
21937    4566  4562  4565  6872
21938      80    78  5994  7306
21939    3128  2802  2798  7108
21940    5868  6226  6929  7386
21941    1170  1171  1168  7113
21942    3840  3838  3842  7309
21943    6065  6633  7283  7553
21944    7125  1893  1864  6343
21945      82   129    88  7306
21946    2379  2377  2401  7436
21947    2301  2292  2300  7600
21948      80    82    79  7306
21949    3925  3922  6718  7351
21950    2950  3198  6348  7471
21951    2178  2179  2172  7305
21952    2976  2950  6711  7471
21953    3198  6262  6348  7471
21954      81    85  7083  7306
21955    2302  2292  2303  7600
21956    2984  2976  6711  7471
21957    3553  3551  3600  6582
21958    4074  4079  4080  6826
21959    6043  6367  6412  6439
21960    1070  1069  1156  6377
21961      14    21    15  7102
21962     400   402   401  6643
21963    3183  3175  3181  6809
21964    5964  5997  6334  6545
21965    3486  3487  3497  6646
21966    6416  7138  7304  7564
21967    6499  6383  6802  6963
21968    2627  2388  6518  6954
21969    5995  2986  6332  7503
21970    3333  3332  3331  6513
21971     405   400   410  6643
21972    1382  1378  7243  7245
21973    6261  6226  6693  7386
21974    4782  6733  7139  7514
21975    2984  3229  3198  7471
21976      79    82    88  7306
21977    4519  4523  6902  7095
21978    1079  6323  6544  1085
21979    6340  5911  6676  6848
21980    6130   462  6605  7346
21981    3138  2831  3166  7108
21982    1817  6274  7125  7128
21983    6244  5911  6893  7359
21984    1743  1768  1742  6990
21985    6708  2417  6875  7382
21986    4129  4135  4114  7106
21987    4159  4158  7246  7646
21988    2171  2176  2178  7305
21989    3652  6606  7029  7351
21990      76   311    75  7262
21991    2945  2944  2947  6645
21992    6151  6322  6741  7665
21993    5845  5876  5896  5915
21994     643   630   626  6876
21995    4135  4134  4114  7106
21996    1167  1492  7487  7566
21997    4526  4530  4521  7095
21998    7207    98  7287  7330
21999    4136  4244  4134  7106
22000    4168  4164  7246  7646
22001    6355  6121  6560  7530
22002    5904  5858  6676  7349
22003    3497  3487  3498  6646
22004    6322  6060  6749  6793
22005     631   630   629  6876
22006    3497  3495  3486  6646
22007    6538  6807  7207  7330
22008    4142  4136  4138  7106
22009    6239    54  6556  7103
22010    3343  3135  6409  6721
22011    3091  6205  6478  7063
22012    6023  5920  6191  7031
22013    2950  2984  3198  7471
22014    6261  4492  7025  7314
22015    6048  5951  6157  7265
22016     895   878  6483  7120
22017    5745  5744  6727  7640
22018    1351  1328  7005  7021
22019    1045  1043  6083  6642
22020      14  5574  5573  7102
22021    4257  4241  4250  7307
22022      16    18    17  7102
22023    4668  4669  4005  7264
22024    5866  5831  5935  6120
22025    4123  4126  6356  6502
22026    2183  2181  6133  7395
22027    5980  5880  6028  6190
22028    3933  3960  3932  7344
22029    2312  2314  7037  7327
22030    5888  5967  6528  6700
22031    6048  5951  6120  6157
22032    6169  5965  6786  7352
22033      17   209    16  7102
22034      13    14  5573  7102
22035    6319  1121  6570  6625
22036    5935  6070  6196  7494
22037    3777  3786  3787  6877
22038    1563  1564  1566  7105
22039      49   249  6650  7103
22040    3652  3660  6606  7351
22041    4568  4575  4561  7469
22042    6077  6057  6163  7461
22043    6155  3762  6296  7013
22044    1566  1540  1565  7105
22045    4175  4176  4174  7013
22046    5896  5922  6362  6707
22047    6686  5931  6692  6879
22048     400   409   410  6643
22049    6596  3148  6856  7219
22050    4566  4532  4562  6872
22051    2445  2250  2251  7303
22052      18    19    17  7102
22053    2250  2241  2251  7303
22054    4564  4563  4559  7469
22055    2307  2306  7062  7600
22056    5950  5908  6414  6491
22057    2298  2301  2307  7600
22058    6504  2285  7263  7372
22059    2559  2551  2560  7547
22060    5704  6585  7229  7664
22061    1156  1070  6377  6947
22062     791   794  6592  7535
22063    6225  5995  6332  7471
22064    6784  6206  7223  7463
22065    5386  5387  5434  6378
22066    4255  4256  4258  7307
22067    5856  5938  6015  7531
22068    2017  2022  2025  6671
22069    5033  5030  5038  7039
22070    5918  5856  5972  6097
22071    5930  5897  5999  6002
22072    3582  3579  6376  6444
22073    2429  2435  2503  6335
22074    5838  5928  6651  6657
22075    3273  3271  3274  7097
22076    1572  1562  7124  7437
22077    5327  5330  6994  7612
22078    4562  4564  4565  6872
22079    4172  3762  6155  7013
22080     411   645   404  6643
22081     411   405   410  6643
22082    3785  3962  3779  6877
22083    6763  6267  6936  7249
22084    2442  2438  2447  7401
22085    6406  3005  6860  7270
22086    4921  4919  4920  6756
22087    6341  6684  6710  7111
22088    4555  4553  4546  7076
22089    3697  3698  3699  6878
22090    4905  4898  6536  7439
22091    4717  4745  4932  6756
22092    6682  6056  6766  7033
22093    3937  3904  7333  7643
22094    4624  4625  4278  7582
22095    3368  3953  3956  6228
22096    5829  5825  5832  5899
22097    4848  4849  4845  6622
22098    3774  3786  3775  6877
22099    3879  3878  6417  6843
22100    3024  3018  3026  6275
22101     896   886   884  6231
22102    5475  5738  5463  6116
22103    1937  1940  7257  7591
22104    6693  6223  7129  7386
22105    4388  4390  4385  7146
22106    6385  5601  7119  7369
22107    2018  2021  2020  6671
22108    6552  4076  6775  6826
22109    6979  2946  7316  7394
22110    2334  2333  6408  6777
22111    5991    24  6026  6258
22112    6545  6678  6743  6932
22113    2026  2022  2027  6671
22114    5564  5566  6955  7337
22115    5950  5982  6290  7026
22116    4206  4204  6944  7453
22117    3094  3101  3091  6478
22118    1603  1639  6925  7409
22119    6376  6202  6513  6950
22120     785   787  6543  7588
22121    3498  3492  6646  6808
22122    4865  4868  6693  7129
22123    4192  4188  7241  7242
22124    5879  5874  6296  7013
22125    4500  4402  4379  7220
22126    5070  5073  5078  7001
22127     943   944   945  7061
22128     725   724   726  6991
22129    5974  6211  7139  7514
22130    4329  4323  4309  7397
22131    4436  4438  4444  6871
22132    4188  7022  7241  7242
22133    6490  4989  6891  7081
22134    5828  5829  5880  5993
22135     362   286  7072  7408
22136     684   657   651  7214
22137    2905  6896  7112  7438
22138    2042  2059  2051  7225
22139    6274  6010  6343  6607
22140    3936  4049  3935  7589
22141    6251  2668  6364  6776
22142    1563  1566  1565  7105
22143     454  6931  7035  7417
22144    4643  4642  4648  7301
22145    5884  6389  6794  7477
22146     118   120  6384  7552
22147    6209  6447  6896  7438
22148    5936  6041  6217  7504
22149    4242  4241  4257  7307
22150    6434  5940  6961  7393
22151    3725  6591  6771  7560
22152    5213  5768  5205  7442
22153    7333  6718  7416  6320
22154    2903  2895  7112  7438
22155    5949  6310  6597  7131
22156    5376  6256  6649  7373
22157     645   638   642  7211
22158    5859  5938  6140  6609
22159    1166  1163  1160  7545
22160    5072  5071  5074  7001
22161    3288  3024  6840  7659
22162    3252  3245  6753  7649
22163     641   407   403  7211
22164    2903  2898  2891  7112
22165    4273  4263  4262  7542
22166    6281  1509  6984  7402
22167    5319  5315  5316  7603
22168     128   123  7276  7306
22169    2364  2343  2362  6992
22170    4901  4922  6908  7093
22171    4048  4045  4046  7308
22172    2753  2668  6364  7611
22173    5072  5070  5071  7001
22174    6397  1955  6799  7226
22175    3229  2981  2982  7471
22176    4907  5004  7073  7439
22177    1411  1406  1621  7474
22178    5894  5884  6794  7477
22179    1955  1964  6799  7226
22180     765   757  7381  7538
22181     588   595   598  7602
22182    4041  4035  4036  7308
22183    6312   276  6556  7408
22184    5317  5318  5321  7603
22185    6169  6324  7001  7476
22186    5312  5319  5316  7603
22187     828   519   823  7653
22188     139   133   140  7546
22189     139   140   138  7546
22190    5999  6167  6413  6822
22191    4433  4434  4432  6762
22192    2270  2272  6852  7127
22193    6837  6406  7191  7162
22194    6650  6619  6685  6842
22195    6763  6267  6913  6960
22196    2530  6349  7138  7304
22197    5248  5249  5251  6998
22198    4599  4252  6048  7620
22199    4381  4402  4500  7220
22200    5246  5245  5241  6998
22201    1062  1060  6829  6831
22202    4439  4438  4432  6762
22203    6215  6630  7307  7563
22204    3729  3852  7309  3851
22205     643   624  5805  7211
22206    2171  2186  2176  7395
22207    1364  1365  7377  7380
22208    2187  2188  2233  7395
22209    4163  4261  4267  7542
22210    5956  6405  6663  7124
22211    2171  2181  2185  7395
22212    5301  5308  5300  7212
22213    2773  2771  2774  7413
22214    5159  5161  5144  7090
22215    1561  3078  3076  5958
22216    6665  6003  7004  7492
22217    5852  5832  6381  7628
22218     721   719   722  6991
22219    6611   362  7072  7408
22220    2183  2199  2188  7395
22221     678   679  6769  7214
22222    5730  5682  5731  7396
22223    4264  4163  4267  7542
22224    5730  5694  5682  7396
22225    5051  6032  6293  6395
22226    5849  5893  6080  7478
22227    6336  2692  2694  6973
22228    1701  7279  7585  1715
22229    3355  3358  3357  7328
22230    4714  4717  4920  6756
22231    6599  2279  7037  7651
22232    2318  2320  7037  7327
22233    4882  4877  6742  7514
22234    5300  5308  5309  7212
22235    7018  1389  7269  7519
22236    6305  5691  7145  7396
22237     827   833   832  7653
22238     137   133   139  7546
22239    6494  6093  6870  6884
22240    5164  5160  6198  6966
22241    2561  2551  2559  7547
22242    5906  6887  7288  7577
22243    6746  7006  7415  7430
22244    4402  4380  4408  7220
22245    4437  4431  4429  6762
22246     328   325   326  7440
22247    1966  1972  1969  7226
22248    1966  1969  1967  7226
22249    5537  5534  5536  7448
22250    3204  2953  3200  7394
22251    1050  1068  1053  6946
22252     503   502  6015  7531
22253    6333   348  6758  7440
22254     652   678   651  7214
22255    3300  3296  3299  6993
22256    5987  5957  6955  7664
22257    7037  2312  2279  2314
22258    4025  4028  4030  7296
22259     282   287   279  7408
22260     715   708   728  6991
22261     286   284  7072  7408
22262     590   593  6854  7602
22263    3299  3290  3300  6993
22264     709   716   706  6757
22265     922   929   925  6991
22266    4714  4920  4919  6756
22267    5828  5860  5870  5880
22268    5860  6361  6411  7357
22269     286   287   285  7408
22270    2312  2310  6777  7651
22271    1895  1894  6197  7526
22272    3971  3972  6466  6870
22273    5825  5831  5839  5899
22274    1653  1902  1891  7526
22275    6096  6239  7072  7408
22276    1506  2004  6565  7441
22277    2609  6746  7288  7415
22278    6193  6018  6744  7048
22279    4846  5108  6622  7524
22280    5630  5551  5402  7206
22281     643   642   649  7211
22282    5872  5895  5969  6281
22283    5566  5568  5572  7393
22284    7209  6140  7381  7538
22285    5630  5648  5631  7206
22286    3202  3205  3203  7394
22287    4474  6729  6914  7371
22288    2127  2134  2118  7000
22289    3094  3092  3101  6337
22290    6507  5882  6697  7211
22291    6850  6131  7196  7285
22292    6290  6103  7026  7178
22293    4439  4432  4437  6762
22294    6140   769  7381  7538
22295    5993  5880  6158  6199
22296    6352  1714  6516  7217
22297    6370  3584  6578  7466
22298    1326  1321  1324  6064
22299     713  6392  6797  6915
22300    1109   358  6194  7009
22301    2071  2073  2078  6446
22302    5480  5484  6500  7463
22303    1495  1165  1172  6754
22304    5852  5944  6237  7117
22305    2118  2115  2127  7000
22306    5993  6102  6400  6937
22307    4992  4970  4969  7539
22308    4556  4552  5819  7391
22309    2128  2129  2136  7000
22310    2443  2445  2438  7401
22311    5170  5171  6146  7579
22312    5882  6219  6697  7211
22313    6414  5927  6448  7184
22314    3910  3909  3948  7222
22315    6490  6460  6706  6891
22316    3240  3245  3248  7649
22317    2127  5792  2146  7000
22318     967   943   945  7061
22319    3915  3912  3949  7222
22320    3949  3912  3948  7222
22321    2450  2439  2451  7401
22322     499   498   471  7194
22323     747   693   548  6763
22324    2465  2463  6504  6942
22325    2129  2128  2130  7000
22326    3917  3914  3915  7222
22327    2128  2146  2130  7000
22328    1463  1462  6100  7043
22329    3915  3914  3912  7222
22330     140   130   174  7546
22331    1983  1988  6911  7178
22332     829   828   823  7653
22333     117   130   132  7546
22334    2438  2439  2447  7401
22335    2439  2450  2447  7401
22336    3912  3910  3948  7222
22337    5378  5103  5447  7411
22338    2440  2441  6704  7401
22339    1369  1299  1267  7380
22340     470   471   498  7194
22341     764  6609   766  7381
22342     219   502   475  7531
22343     503   475   502  7531
22344    3544  3540  3548  7195
22345    5207  5725  5726  7442
22346     133   136   140  7546
22347    5207  7238  7442  5210
22348    1164  1171  1170  7545
22349    1367  1369  1267  7380
22350     771  1034  6794  7477
22351    2795  7115  7116  7645
22352    5868  5855  5909  6937
22353    2275  2280  2276  7127
22354    1945  1946  2310  7651
22355     516   828   829  7653
22356    1164  1170  1167  7545
22357    3537  3528  3540  7195
22358    3129  3134  3130  6715
22359    2974  2975  2968  7400
22360    1687  1717  1996  7217
22361    1953  1995  1965  7217
22362    4552  4556  4555  7391
22363    4009  3900  3906  7399
22364    1163  1162  1165  7545
22365    5080  5771  5073  7544
22366    1912  1911  1910  7651
22367    2704  2707  7430  7491
22368     428   427   423  6524
22369    4609  4610  4611  6369
22370    5070  5072  5073  7001
22371     548   546   741  6763
22372    1840  1858  7297  1839
22373    4695  4693  4694  7208
22374    5070  6300  6871  7001
22375    5874  5850  5993  6937
22376    2127  2146  2128  7000
22377    4439  4437  4429  6762
22378    5443  5120  5445  7224
22379    4670  5070  6871  7001
22380    3830  3793  6494  7444
22381    2128  2136  2134  7000
22382    3794  4395  6494  7444
22383    2449  2442  2447  7401
22384    1370  1371  1368  7380
22385    1953  1955  1956  7217
22386    2065  2057  2056  7216
22387    3899  3897  3898  7399
22388    1910  2279  1912  7651
22389    5077  5771  5076  7544
22390    3903  3902  4015  7399
22391    1937  1947  1910  7651
22392    5191  5190  5196  7543
22393    2450  6722  7180  7401
22394    4377  4381  4382  7220
22395    6000  6055  6550  7447
22396    6862  6722  7075  7401
22397    1168  1171  1162  7545
22398    4380  4381  4377  7220
22399    2042  2051  2052  7225
22400    2450  2451  6722  7401
22401    4381  4500  4382  7220
22402    6704  2441  6862  7401
22403    3721  3727  3725  7560
22404     183   474  7161  7531
22405    1367  1260  1372  7380
22406    6056  6766  7033  7531
22407    3366  3367  3120  7379
22408    3904  4023  4013  7643
22409     219   183  7161  7531
22410    1175  1733  1173  6104
22411     779   492   488  7194
22412    7167  5983  7374  7529
22413     840   813  6354  6542
22414    4146  4158  4154  7608
22415    3393  3416  3415  7193
22416    3318  3120  3367  7379
22417    5925  6168  6449  6985
22418    3601  3564  3603  7445
22419    3101  3100  6478  7316
22420    3595  3663  3597  7445
22421    1109  1108  1107  6964
22422     822  1106  1107  6964
22423    3414  3407  3408  7193
22424     833   827   829  7653
22425    4970  4972  4974  7539
22426    4026  7020  7296  7643
22427    2386  2401  6355  7558
22428    7020  6154  7296  7643
22429    4969  4970  4974  7539
22430    1372  1260  1365  7380
22431    4319  4316  4317  7517
22432     230  6056  7033  7531
22433    1373  1369  1371  7380
22434    6946  7167  7348  7529
22435    6766   230  7033  7531
22436    5557  5561  6434  7592
22437    1937  1910  7053  7651
22438    4973  4969  4974  7539
22439    1947  1937  7257  7651
22440    1945  1947  7257  7651
22441    6585  6772  7229  7664
22442    3248  3245  3252  7649
22443    4789  4556  5819  7391
22444    6104  6131  6164  7285
22445    6077  6163  7157  7461
22446    6104  1185  6287  7285
22447    6636  4813  7341  7495
22448    6835  5969  7402  7441
22449    4001  4007  4002  7378
22450    3164  3162  3174  6962
22451    2469  2471  6722  6942
22452    1830  1822  1837  6985
22453    2991  3000  2995  7191
22454    5631  5555  5630  7206
22455    1823  1826  1828  6985
22456    6164  6131  6850  7285
22457    6103  6815  7026  7178
22458    1633  1598  1596  7630
22459    1200  1216  7131  7370
22460    6647  7391  7468  7486
22461     930  1221   905  6801
22462    3920  3918  7259  7392
22463    5827  5830  5885  5890
22464     989   937   986  6719
22465    3389  6581  6877  7302
22466    5333  5332  5334  7476
22467    5879  6177  6184  6387
22468    6093  6009  6466  6638
22469    5678  5679  5674  7123
22470    4921  4923  4919  6756
22471    1255  1254  1241  6723
22472    2657  2356  2658  7118
22473    5999  6210  6667  6822
22474    4859  4862  4861  6575
22475    3257  3259  6238  6753
22476    3253  3254  3260  6753
22477    1707  1706  7492  7585
22478    2498  2482  6705  7458
22479    2531  2534  2532  6817
22480    5867  5978  6130  7346
22481    5796  7084  7414  7659
22482    2656  2653  6477  6930
22483    2761  2769  6714  7413
22484    5896  6463  6486  6520
22485    2351  2345  6230  7107
22486    2238  2243  6678  6932
22487    6194  5933  6342  6827
22488    6631  6109  6812  6994
22489    6480  5888  7235  7569
22490     678   684   651  7214
22491    3300  3303  3296  6993
22492    3915  3949  6158  7222
22493    4647  4645  4630  7301
22494    3749  3736  7117  7497
22495    5882  6016  6353  7214
22496    3050  3048  5967  6528
22497    2906  2900  6896  7112
22498     970   972   980  6520
22499    1345  1344  6464  7052
22500     708   715   716  6757
22501    5358  5359  5366  7521
22502    3398  3469  3400  6747
22503    1778  1782  1776  7122
22504    3100  3092  2941  7316
22505    5136  6105  6180  6661
22506    5858  6740  7301  7627
22507    5768  5213  7373  7442
22508    6208  2564  6304  7030
22509    3307  3308  6860  7367
22510    2844  2845  2839  6888
22511    5091  5331  5332  7476
22512    6108  6480  6608  6700
22513     691   920   684  6913
22514    2673  5985  6596  6856
22515    6582  6192  6860  7275
22516    1500  1499  7320  7562
22517    6204  1580  6688  7412
22518     107   146   148  6242
22519     106   104   105  7483
22520    5650  5645  5649  7284
22521    5896  5929  6453  6463
22522    2919  2921  5888  7235
22523    3782  4401  3790  6870
22524    3782  3790  3971  6870
22525    4648  4650  4643  7301
22526    6504  6852  7356  7372
22527    3362  3364  3361  6770
22528     124   126   125  7100
22529    4651  4645  4648  7301
22530     124   125   663  7100
22531    5354  5344  6653  7040
22532    3063  3062  6298  6958
22533      89  6452  7083  7100
22534    4648  4645  4650  7301
22535    3570  3571  3577  7466
22536    1448  1438  1445  7300
22537    2106  2653  2113  6637
22538    5897  6337  6645  6792
22539    5898  5865  5946  6063
22540    5976  5898  6065  7433
22541    3790  4401  4399  6870
22542    3790  4084  3971  6870
22543    4897  6999  7439  7480
22544    3547  3576  3584  7466
22545    3576  3587  3584  7466
22546    5138  5137  5131  7597
22547    1075  6278  6377  6947
22548     936   923  6326  6880
22549    6746  2605  2577  6969
22550    3454  3461  3383  6967
22551    6188  5920  6191  6634
22552    3747  3522  6590  7117
22553     994   996  7049  7639
22554     902  1222  1223  6801
22555    4250  4256  4257  7307
22556    4656  4661  6503  6848
22557    2045  2047  2053  6519
22558    2591  2596  2595  7030
22559    2217  2210  6934  7200
22560     256   533  7031  7135
22561    2363  2634  2639  6800
22562    5931  5851  6010  6174
22563    3132  2794  6715  6804
22564    1626  1624  6329  7562
22565     549   550   500  7554
22566    6108  6225  6275  6608
22567    5880  5829  5900  5959
22568    3296  3304  3297  6474
22569    3572  3299  6474  3280
22570    5197  7260  7543  7555
22571    5870  6058  6074  6837
22572    2563  2566  2293  6176
22573    1108  1109  6694  6964
22574    1125  1123  1201  7493
22575     820   818  6419  7186
22576    5475  6795  5738  6116
22577    2538  2537  2521  7556
22578    6301  6103  7178  7551
22579    5885  5923  6129  6136
22580    5908  5917  6456  7529
22581    2343  2342  1999  6363
22582    4556  6647  7076  7391
22583    2090  2089  2062  7629
22584    5940  6046  6661  6961
22585    1597  1323  6181  6925
22586    5906  6746  7006  7415
22587     160   161  6114  7549
22588     861   864  7467   862
22589    6975  5992  6984  7566
22590    2508  2503  2504  6335
22591    3228  3236  3215  6857
22592    2088  2082  2090  7629
22593    2356  2632  2358  7509
22594    2356  2657  2632  7509
22595    4248  4247  4225  6602
22596    2173  2156  2145  6933
22597    4761  4511  6339  6601
22598    5501  5506  7236  7648
22599    5301  5306  6675  7212
22600    2298  2264  6448  7452
22601    1917  1921  1923  6509
22602    1484  1478  6405  7041
22603    4846  6622  7201  7524
22604    6191  6358  7031  7135
22605    5920  6188  7031  7554
22606    1765  1764  6921  7513
22607     764   755   506  6220
22608    6701  5948  7266  7311
22609    2662  2663  2668  6251
22610    6319  6231  6529  6625
22611      33  5627    58  6735
22612    6404  7374  7377  7661
22613    6080  6297  7455  7478
22614    2548  6413  6416  7564
22615    4016  4014  6451  6488
22616    5652  5654  6659  7284
22617    2411  2406  2403  6560
22618    5871  5865  6045  6175
22619      55    54   250  7103
22620     500   550  6068  7554
22621    6252  6182  6757  7120
22622    5671  5670  6195  7123
22623    6681  2249  6743  7303
22624    6000  5969  6165  7441
22625    6750  6637  6751  7118
22626    2773  2774  2775  7413
22627    6678  2445  7075  7303
22628     740   729  7209  7258
22629     154   144   152  6833
22630    5948  6216  7266  7311
22631     150   115  6095  6717
22632    5876  5896  5922  5998
22633    2423  2416  2421  6315
22634    1497  1494  1495  6748
22635    2845  2518  6888  6982
22636    5887  6139  6286  6380
22637    2417  2404  2403  6875
22638    3177  6809  3181  3175
22639    2702  2617  7006  7415
22640    2103  2389  6331  7382
22641    2446  2458  2432  6562
22642     794   791   797  7535
22643    5749  5724  5721  6623
22644    6038  6500  6795  7183
22645    4101  4034  3989  6199
22646    3112  2746  2747  7446
22647    6055  6168  6550  7447
22648    1767  1770  1768  7513
22649    1377  1382  7243  5788
22650    5551  5405  5402  7633
22651    5333  5334  7012  7476
22652    6318  3515  3512  3516
22653    6060  5887  6531  6768
22654     459   458   457  6931
22655    2212  5773  2236  6934
22656    3590  3586  3581  7165
22657    6493  6467  6573  7428
22658    5911  6706  6914  7349
22659    6077  5865  6458  7166
22660    2066  2069  1992  7631
22661    1774  1770  1772  7513
22662    5405  5408  5402  7633
22663    2087  2083  2081  7629
22664    6316  6112  6817  7556
22665    4284  4283  4282  7354
22666    4287  4201  6510  7512
22667    3333  3332  6513  7422
22668    5857  5878  5889  7643
22669    6119  5890  6627  7182
22670    2037  2047  6208  6988
22671    6200  5889  7020  7643
22672    6086  6212  7434  7568
22673    2724  3056  6580  6714
22674    6497  1997  1996  1994
22675    2225  2221  7091  7541
22676      73  6280  6659  7262
22677    5855  5868  6102  6937
22678    1005  1004  7049  7179
22679    2022  2017  6168  6671
22680    3808  3801  3809  6540
22681    6157  5951  6910  7265
22682    4439  4430  4440  6400
22683    3099  3175  6809  7059
22684    6201  6324  6327  6588
22685    7050  5548  7158  7448
22686    6318  3515  6651  6965
22687    5778  2266  6599  7153
22688    2538  2539  6416  7304
22689    1817  6274  7641  7125
22690    6314  3185  7171  7460
22691    5802  4795  6122  7047
22692    5884  5864  6831  7529
22693    5979  5933  6218  6544
22694    4334  4409  4411  6546
22695    6341  5875  6684  7111
22696    2359  2360  2361  6992
22697    7522  4973  7539  7663
22698     148   147   143  7449
22699    1080  1083  1084  6544
22700     148  6095  6242  7449
22701    6019  6162  6440  6750
22702    4025  4027  4012  7230
22703    3015  3020  6480  6608
22704    6578  3651  6718  7165
22705    3725  6771  7046  7560
22706    5539  6090  5541  6589
22707    5730  5731  6734  7396
22708    2850  2841  7067  2840
22709    6887  6746  7288  7577
22710     268  5528   263  6282
22711    6538  6659  6807  7330
22712    2341  2332  6230  6408
22713    1348  6081  6707  6778
22714    2664  2662  2646  6709
22715    6165  5973  7320  7441
22716    1276  1394  1278  7269
22717    2859  2853  2870  7133
22718    4541  4531  4539  7244
22719    5628  5639  6957  7623
22720    5424  5325  5986  7154
22721     693   744   696  6960
22722    1323  1596  6181  7005
22723     397   379  6767  7450
22724    5914  5947  6000  6165
22725     163   154  6114  6833
22726    2019  2015  6168  7447
22727    6410  4510  6470  6972
22728    5923  5842  6111  6225
22729    6866   935   923  7061
22730    4578  4795  4577  6283
22731     266   512  6067  6282
22732    2659  2655  2666  7271
22733    6434  5940  6661  6961
22734     509   503   504  6068
22735    1879  7074  7425  7451
22736    5845  6131  6218  6306
22737    5494  5498  5599  6189
22738    2873  2875  2888  7023
22739    6161  5930  6373  7063
22740    2606  2603  2609  6746
22741    2458  2457  6562  6862
22742    2475  2483  6321  6705
22743    5465  5466  5467  6696
22744    4899  4922  4898  6908
22745     504   501   510  6068
22746    4489  4484  6821  7383
22747    5856  5840  5859  5938
22748    2804  2806  6508  6776
22749    3277  3279  3271  7164
22750    6786  6644  7040  7476
22751     801   804  6609  7482
22752     810   808   802  7482
22753    6116  5738  6594  7183
22754    3111  3116  3109  7605
22755    5319  5314  5288  7603
22756     228   253  6650  7604
22757    3110  3111  3109  7605
22758    3030  3025  3031  7606
22759     753   749   977  7527
22760    3025  3030  3032  7606
22761    6242  5957  6585  7664
22762    1091   853   852  7472
22763    2052  2051  6519  7225
22764    6171  6847  7104  7431
22765    2179  2173  6512  7250
22766    1510  1503  1511  7559
22767    2298  2265  2264  7452
22768    2198  2189  7153  7618
22769    1025  1029  6463  7085
22770     389   393   387  7189
22771     347   349   345  6803
22772    4717  4932  4920  6756
22773    2917  2897  2911  6989
22774    2856  2861  3090  7642
22775    2064  2063  2061  7481
22776    2928  2926  5888  6528
22777    4713  4694  6768  6908
22778    5968  5903  5991  6258
22779    5110  5357  5113  6655
22780    6057  6077  6159  6683
22781    1367   955  1269  6276
22782    6072  6104  6164  7285
22783    3704  3798  3799  5990
22784    5936  5829  5990  6115
22785     628   632  6945   625
22786    5876  5824  5896  5998
22787    6120  6286  6369  6472
22788    6322  6060  6793  7239
22789    1085  6323  6544  6592
22790    5829  5936  5959  6115
22791    5512  5507  7223  7648
22792    6507  6915  6945  7637
22793    3716  3715  6825  7038
22794    1071  1070  1073  6947
22795    2974  6332  6711  7400
22796    4124  4122  6502  6726
22797    3494  3472  6825  7089
22798    6252  5998  6319  6570
22799    5253  5256  7283  7511
22800    4882  5188  5977  6742
22801    1775  1776  7122  7255
22802     744  6224  6527  6763
22803     213   216  7033  7604
22804     290   297  7267  7565
22805    5712  5713  5677  6600
22806    6062  5868  6201  6929
22807    2322  6047  6365  7327
22808    2703  2702  7006  7415
22809    6121  5910  7109  7530
22810    2368  2215  2214  6811
22811     819   816  7186  7187
22812    6002  5999  6667  6695
22813    5443  5450  5442  7224
22814    6121  7109  7130  7530
22815    5682  5694  5822  7464
22816    6200  5889  6248  6995
22817    4950  4729  4951  6679
22818    2710  2716  2709  6528
22819    4531  4517  7094  7244
22820     685   687  7274  7657
22821    5983  5973  6441  6673
22822    4892  4878  6548  6742
22823    6931   541  6936  7249
22824    6545  6512  6934  7200
22825    5914  6456  6883  6702
22826    1547  1569  6836  7255
22827    2891  2903  7112  7438
22828    3445  3442  3443  7142
22829    6230  2349  7027  7107
22830    2714  2707  2723  6761
22831    5601   244  7119  7369
22832    1692  1631  1976  6956
22833     780  7002  7194  7588
22834    4633  4632  6666  7627
22835    6362  6003  6453  7004
22836    6896  2914  7235  7438
22837    2364  2362  2361  6992
22838    1871  1853  6879  7074
22839    6824   657  7214  7407
22840    1720  6810  6899  7421
22841    6379  5986  6855  7612
22842    5850  5934  5965  6296
22843    4199  4200  7022  7512
22844    4967  4992  4969  6926
22845      58    59    47  6735
22846    1979  1978  2030  6951
22847    3281  3280  3572  6051
22848    4131  4133  4132  7459
22849    6507  6392  6915  7637
22850    6564  4095  6918  6995
22851    1343  1344  1346  7052
22852    6027  5496  7137  7232
22853    5900  5936  6412  6825
22854    6070  6284  6902  7494
22855    3790  4361  6731  7028
22856    4807  4808  4809  7495
22857    6559  1943  7168  7257
22858    5208  5211  5214  7238
22859    6012  6062  6844  7345
22860    5519  5515  5518  7223
22861    6664  5947  6911  7485
22862    2812  3153  6364  7293
22863    5999  6167  6447  6896
22864    5826  5865  5907  5955
22865    3966  4091  3969  6654
22866    4744  4739  4748  6172
22867     712   713  6392  6757
22868    1456  1545  6344  7255
22869    2036  2034  6166  6462
22870    1589  1590  6680  7277
22871    5931  6010  6246  6607
22872    4493  4486  4495  6821
22873    6007  6010  6017  7150
22874    2857  2856  3096  6205
22875     338   298   297  7267
22876    5970  5885  6370  6376
22877    1722  1734  7326  7421
22878    3079  3406  3410  6626
22879    4700  4636  6861  7003
22880     688  5809  7274  7319
22881    3292  3293  3289  7414
22882    6019  6178  6750  6810
22883    5245  5252  6838  6998
22884    5827  5833  5836  5966
22885    3158  3161  7219  7302
22886    1395  1401  1354  7016
22887    2927  2930  2926  7569
22888    5747  5744  6727  7364
22889    5049  5051  6293  6395
22890    5875  5881  6321  6927
22891    4647  4281  6555  7627
22892    1713  1714  1688  6516
22893    1331  1298  1299  6489
22894    2719  2717  6459  7470
22895    3623  3943  3617  6190
22896    1283  1389  1276  7269
22897    3927  3926  7333  7416
22898    7490  6747  3404  7610
22899    1635  1643  1642  7641
22900    6119  5953  6656  7182
22901    2827  6357  6805  6888
22902    6161  6373  6568  7063
22903    6140   768   770   769
22904    5169  5172  4792  6616
22905    1627  1501  1631  6165
22906    3320  3066  3319  6465
22907     975   970   980  6574
22908    4566  4565  4567  6240
22909    6650  6766  5968  6049
22910    1477  1472  7041  7617
22911     373  7066  6615   365
22912    1412  1626  1622  6329
22913    3462  3460  3459  6144
22914    5230  6207  6436  6978
22915    6317  1424  7004  7492
22916    3107  3110  3106  7605
22917    5401  5400  5399  6658
22918    1251  1250  1249  6755
22919    4408  4407  4405  7176
22920    1948  2333  6559  6789
22921    5113  5111  6655  7548
22922     918   919   914  7064
22923    3469  3467  3692  6101
22924    4294  4282  6530  6555
22925    5833  5861  6341  6684
22926    6498    20  6514   189
22927    1001  1318  1245  6081
22928    2309  2318  2314  7327
22929    1920  1918  1925  6509
22930    6101  3694  6878  7504
22931    6495  4666  6774  7264
22932    3564  6074  6227  7445
22933    6466  3964  6638  7344
22934    5905  6147  6273  6362
22935    5166  5216  5167  6207
22936    6141  3235  6149  7503
22937    5565  5567  5566  6434
22938    5190  6198  6882  7543
22939    6226  6102  6937  7126
22940    6245  5881  6504  7263
22941    6490  6151  6940  7539
22942    2295  2291  6208  6806
22943    6692  1866  6879  6903
22944    6203  6566  6572  7164
22945     223   213   216  7033
22946    1382  1378  6883  7243
22947    6929  5154  7342  7345
22948    4757  4734  4725  6495
22949    4089  4094  4088  6918
22950    5161  5216  5220  6207
22951     266  5594  5497  6561
22952    5454  5125  6087  6467
22953    5470  5471  5469  6795
22954    5813  2707  7491  7615
22955    4122  4121  6502  6726
22956    2180  2192  6133  6894
22957    4378  4370  7443  7644
22958    2021  2011  6671  7551
22959    3222  3221  3238  7505
22960    6534  6794  7258  7477
22961     320   311   100  7520
22962    5832  5825  5857  5899
22963    5856  5918  6050  6097
22964     950   917   918  6428
22965    5759  6018  6744  7248
22966     674   675  7410  7657
22967    6809  3177  3181  7460
22968    3644  3903  6451  6606
22969    5987  6427  6557  6734
22970    1320  1326  6064  6464
22971    6036  6255  6811  6869
22972    2678  2803  2806  6508
22973    3070  3057  6298  6759
22974    5369  5372  6649  7521
22975    1630  1695  6664  7598
22976    6522  6910  6944  7453
22977    2980  2985  6332  6608
22978    2325  2487  6927  2329
22979    2142  2155  6935  7250
22980    4468  4474  6698  6914
22981    3136  3131  3137  6409
22982    1338  1336  6423  6489
22983    2451  2453  2450  6722
22984    3809  3802  3800  6540
22985    5203  5202  5201  7543
22986     249   255  6650  6842
22987    5462  5463  6116  7428
22988    3844  3843  3846  6814
22989    5446  5449  6493  7411
22990    2681  6315  6335  6511
22991    3072  3070  2766  6351
22992    2440  2441  2425  6704
22993    6152  6388  6854  7008
22994    1232  1224  1225  7510
22995    6400  4075  6552  6554
22996    1646  1645  1647  6725
22997    5889  5989  6248  6995
22998    3916  4035  6124  7308
22999    2722  2721  2757  6580
23000    6763   547  6936  6960
23001    5062  5063  5057  7136
23002    2492  2495  2491  6321
23003    6286  4612  6473  6820
23004    5836  5824  5845  5848
23005    5093  7001  7476  7544
23006     572   571   558  6354
23007    6435  6017  6496  7451
23008    5848  5937  5941  6005
23009    3481  3483  3480  6996
23010    6178  6397  6497  6810
23011    5776  2468  6504  7356
23012    4093  4362  4368  7221
23013    3945  3942  3950  7197
23014     364  6611  6615  7070
23015    3631  3629  6590  7389
23016    6002  5897  6266  6337
23017    5965  6069  6675  7306
23018    4504  4502  4500  6339
23019    5923  6141  6262  6426
23020    5886  6194  6342  6773
23021    5904  4743  6172  6503
23022    6547  3503  6646  7038
23023    2706  2703  7006  7430
23024    2826  2799  2824  6222
23025    1639  1637  1638  7409
23026     667   134   661  7404
23027    6650   249  6685  7103
23028      10   222   220  7033
23029    4124  4126  4123  6502
23030    3076  1561  6941  6981
23031    4402  4403  4379  7176
23032    6320  6202  6718  7310
23033    6355  6787  6851  7436
23034    6289  6010  6343  6725
23035    5891  5949  6264  6712
23036    5835  5833  5862  5919
23037    5324  6631  7154  7603
23038    5948  6173  6539  6779
23039    4786  5819  7391  7468
23040    5873  6232  6731  7028
23041    6668  2219  6869  7590
23042    5921  5969  6000  6055
23043    2562  2541  7138  7564
23044    2992  2567  2573  6347
23045    4793  5803  4787  6846
23046    3438  3244  3433  6628
23047     597   602   582  6152
23048    5919  6750  6800  7118
23049    6005  6137  7147  7199
23050    4779  5142  4782  6733
23051    6358  6191  7070  7135
23052    4913  4911   294  6407
23053    4136  4135  4138  7106
23054    5917  6276  6456  7529
23055    2419  2371  2420  6875
23056    4548  4760  4379  6277
23057    4274  4290  6530  7528
23058    5163  5166  5167  7090
23059    3651  3592  6578  7029
23060    6182  6736  6757  7120
23061    5657  5667  5664  7287
23062    3673  5793  3670  6904
23063    4307  4306  6828  7087
23064    1647  6725  7289  7501
23065    6467  6493  6881  7428
23066    7216  7178  7481  7629
23067    5924  6036  6415  6934
23068    5577  5578  6046  6641
23069    4515  4562  4518  6872
23070    3875  6330  6366  6843
23071    6103  5877  6214  6290
23072    2879  2877  2867  7596
23073    5355  5348  7012  7110
23074    2772  2812  2774  6364
23075    3025  3027  3031  7606
23076    1220  1217  1219  6310
23077    6034  6374  6493  6881
23078    6043  6035  6367  7151
23079     201  6641  7119  7218
23080    6586  6448  7277  7452
23081    1502  1499  1493  7320
23082    5367  5363  5368  6109
23083    5551  5402  7166  7633
23084    5248  5251  5250  6350
23085    3050  6700  7536  7540
23086    2229  2228  2225  7541
23087    2737  3349  2738  7446
23088    5633  5632  6791  7034
23089    6105  6021  6427  6557
23090    6016  6507  6876  7211
23091    5841  6307  6514  7102
23092    6668  6040  6708  7318
23093    2674  2803  2678  6053
23094     314   312   317  7520
23095    6061  5895  6156  6281
23096    1174  1176  1173  6287
23097    6170  5950  6414  6491
23098     293   296  1589  6680
23099    2732  2739  2735  6346
23100    5705  5708  5711  7317
23101    1612  1613  1608  6273
23102     926   927   928  6880
23103    5849  5845  5886  5933
23104    1162  1166  7113  7545
23105    4800  4809  7388  7495
23106    5909  6226  6324  6588
23107    4422  4409  6455  6546
23108    4724  4179  4003  7256
23109    6507  6001  6648  6767
23110    5891  5872  5895  6084
23111    1465  1450  1466  6085
23112    6152   603  6797  7008
23113    7127  2278  2275  2272
23114    3441  3476  3436  7484
23115     446   445  6780  7024
23116    5880  5829  5959  6070
23117    5864  5859  5901  6501
23118    3441  3477  3476  7484
23119    6718  3588  6950  7165
23120    1289  1286  7348  7374
23121    5633  5621  5631  6791
23122    6219  6643  7015  7211
23123    6022  6152  6634  7078
23124    1550   300  5811  6987
23125     145   149  6242  7660
23126    2206  2044  2291  6208
23127     507   510   550  6068
23128    4966  4929  6515  7405
23129    6072  6019  7326  7421
23130    6294  3030  7536  7540
23131    4065  4342  6135  7096
23132    3056  6359  6580  6714
23133    2621  6518  6701  7077
23134    6192  3349  7367  7446
23135    5875  5833  5966  6047
23136      24    37  5991  7384
23137    6022  5859  6106  6354
23138    1581  1582  1580  6584
23139    3712  3716  3713  7038
23140    5824  5825  5826  5848
23141    5949  1218  6310  7462
23142    3470  3694  6101  7504
23143    4899  4897  4886  6999
23144    6725  1645  7581  7630
23145     923  6326  6880  7061
23146    4355  4510  6410  6972
23147    4349  4357  7210  7419
23148    5899  6075  6138  6442
23149    5646  5413    65  6475
23150    1866  6879  6903  7465
23151    5867  5915  6224  6763
23152    3087  3406  3079  7334
23153      70  6096  6280  7262
23154    6232  6292  7028  7220
23155    1153  1160  1154  6492
23156    4961  4745  4721  6322
23157    5828  5824  5837  5846
23158     368    53   281  6611
23159    3396  3371  3397  7610
23160    4924  4713  6749  6908
23161    3232  3235  3234  6149
23162    5851  5869  6007  6010
23163    5992  6061  6975  6984
23164    5898  5976  6065  6429
23165    2648  2644  2651  7376
23166    6264  1194  6923  7462
23167    5126  5123  5118  7342
23168     308  6635  7231  7273
23169    4640  4641  6666  6740
23170    3513  3501  3514  6030
23171    3750  3635  3632  7068
23172    6260  6601  6858  7201
23173    5560  5139  5597  6661
23174     719   721  6824  6991
23175    4284  4276  4275  7354
23176    1152  1151  1153  7426
23177    5877  5846  6058  6176
23178     136   133  7432  7546
23179    2945  2944  6645  6979
23180    3671  3672  3674  7434
23181    4613  4622  4629  6380
23182    5825  5828  5829  5900
23183    6231   893  6319  6529
23184    6178  6019  6397  6810
23185    5372  5376  6386  7373
23186    2680  6315  6511  7375
23187    1307  1304  1297  7614
23188    6091  3546  7340  7389
23189     270   309  1558  6773
23190    2188  2199  2245  6394
23191    6217  3702  6825  7504
23192    5826  5845  5848  5853
23193    2872  6667  6822  7023
23194      10   220  6682  7033
23195    4608  4610  6120  4600
23196    6916  5857  7333  7643
23197    3660  3896  6606  7351
23198    6751  6703  7019  7631
23199    1865  1821  6607  6903
23200    4343  4321  7020  7096
23201    5643    61  5635  6312
23202    2070  6703  6751  7631
23203    7069  6149  7595  7616
23204    6709  6477  6930  7294
23205    4551  4544  4549  7076
23206    6472  6473  7170  7208
23207    5222  5247  6838  6978
23208     188  6307  6498  6955
23209    2975  2976  2971  6711
23210    6411  6779  7357  7605
23211    5913  6032  6293  7136
23212    6584  6663  7105  7437
23213    5866  5887  6286  6472
23214    6351  2774  6364  7413
23215    1959  1939  1960  6541
23216    4946  4955  4956  7609
23217    2628  2630  2624  7077
23218    2997  3007  6837  7162
23219     285   287   283  7408
23220     198   447   197  6922
23221    2322  2315  2323  7327
23222    4427  4463  4459  7473
23223    6185  6023  6239  6685
23224    1458  1454  1451  7054
23225    6612  6291  6640  6834
23226    6865  2822  2790  2823
23227    6014  5925  6174  6431
23228    5181  6429  6551  6742
23229    2386  2401  2397  6355
23230    3278  3271  3279  7164
23231    5494  5495  5491  7232
23232    2517  2511  6145  6511
23233    6074  6587  6837  7142
23234     337   334   291  7160
23235    5657  5663  5658  7287
23236    1020   969   750  6621
23237    1253  1252  1250  6153
23238    6431  2173  6512  7350
23239    6100  5916  6405  6610
23240    4004  4170  6184  7256
23241    5959  6265  6270  6765
23242     363   368   279  6611
23243    5156  5154  6929  7345
23244    1666  1663  6579  7581
23245    6382  6610  6917  7054
23246    6041  6878  6959  7152
23247    6260  6393  6601  6729
23248    6092  2505  6335  6704
23249    5353  5675  6653  7110
23250    2560  6447  6822  7547
23251    2712  2711  6969  7430
23252    5439  5431  6034  7424
23253    2204  2201  2202  6170
23254    4104  4074  6118  6826
23255    2775  2776  6351  7413
23256    5910  6121  6214  6355
23257    5104  5112  5107  7548
23258    4403  4548  6277  6295
23259    2546  2862  2550  6416
23260    1337  6249  6489  6883
23261    6552  6554  6826  7292
23262    6037  5911  6107  6455
23263     269   262  6635  7290
23264    1429  1435  6975  7298
23265    3314  3310  7406  7658
23266    4511  4504  6339  7282
23267    6296  4918  6407  7011
23268    3241  3430  6943  7649
23269    6185  6096  6280  6312
23270    5946  5913  6032  6293
23271    2698  2693  2692  6973
23272    6272  6459  6714  7488
23273    6255  5964  6823  7200
23274    1312  1255  6723  7173
23275    5748  6193  6623  6727
23276    4622  4626  4629  6535
23277    5325  5324  6994  7154
23278     770  6140  6389  7148
23279    2471  2474  6126  6942
23280    6168  5925  6550  6985
23281    1883  2174  1859  6431
23282    3563  2997  3007  6837
23283    4892  5183  4883  6742
23284    1734  1738  1726  7572
23285    1008  1006  1007  7477
23286    3821  3817  4106  6257
23287    3746  3747  6590  7117
23288    5504  5480  6886  7648
23289    2469  2282  6722  7075
23290    6162  6313  6440  6477
23291    1377  1384  1381  7650
23292    5848  5825  5873  6202
23293    4416  4419  6676  6848
23294    4097  4102  4105  7079
23295    6488  6510  6603  6713
23296    5091  5092  5090  7155
23297    6317  1143  6850  7004
23298    6070  5961  6115  6687
23299     161   162   412  6114
23300    6682  5759  6744  7048
23301     951   952   948  7353
23302    6020  4321  7020  7080
23303    4692  4696  4691  7208
23304    5956  6181  6362  6464
23305    4298  4287  6577  6828
23306    5993  5879  6325  6387
23307    6429  5009  6551  7532
23308    6371  6586  6832  7169
23309     316   379   366  6615
23310    3306  3298  3302  7338
23311    1113  1081  1115  5979
23312    4114  6128  6356  7106
23313    6127  5843  6443  6888
23314     871   869  6660  7045
23315    5017  5007  6551  6882
23316    1332  1335  1334  6489
23317    5935  5951  6024  6944
23318    5946  5898  6429  6531
23319      42    48    51  7233
23320    2268  2281  2280  7058
23321    6382  6302  7300  7479
23322    4447  4441  6424  7574
23323    6174  5931  6686  6879
23324    4635  4636  5975  6666
23325    6022  6106  6285  6542
23326    2640  2635  6521  7143
23327    5927  6414  6448  6586
23328    1834  1850  1839  7177
23329    5940  6661  6783  7137
23330    5960  5836  6019  6178
23331    3330  3339  3338  7422
23332    6210  6982  6112  6443
23333    6015  5856  6056  6766
23334    3026  3025  3283  7606
23335    6308   300  6987  7147
23336    5449  5122  7224  7411
23337    6215  6250  7174  7307
23338     933   934   935  6866
23339     160   153   155  7549
23340    5843  5930  6443  6888
23341    6639  6454  6957  7623
23342    4732  4726  4727  6901
23343    5914  5908  5921  5947
23344    6101  5900  6825  7504
23345    5476  5464  5227  6150
23346    2977  6111  6645  6711
23347    5917  1267  6076  6396
23348     571   572  6188  6354
23349     818  1064  6419  7186
23350    1182  1181  6218  6287
23351    3061  3062  3065  6958
23352    6200  6248  6912  7331
23353    4114  4134  4204  6128
23354    6220   486  6259  7381
23355    3487  3498  6646  6808
23356    5909  6031  6201  6327
23357    1697  1694  7485  7598
23358     969  1020   971  6486
23359    5872  5925  6156  6281
23360    2003  6497  2069  2001
23361    5125  6062  6087  6573
23362    1125  6025  6278  7635
23363       4  5754  6050  6193
23364    5905  6147  6181  6289
23365    3958  3370  3359  6328
23366     934   933  6824  6866
23367    3433  3439  3431  6628
23368    4563  4564  6872  7469
23369    1686  1658  1615  6553
23370    5846  5837  5850  5934
23371    5971  6328  6390  6770
23372      84    86    85  7083
23373     406   398   402  6803
23374    5433  5434  5387  6378
23375    1201  1074  6377  7493
23376    6516  5984  6541  6553
23377     373   364  6615  7070
23378    3438  3248  7141  7649
23379    2344  6094  6363  7107
23380     733   735  6534  7258
23381    5738  5751  6116  6594
23382    2710  2712  2713  7430
23383    7010  6631  7213  7603
23384    2416  2679  2421  6315
23385    5878  5857  6253  6451
23386    5945  1532  6476  7332
23387    5868  5855  6102  6693
23388    5357  4843  5113  6655
23389    2018  2017  2025  6671
23390     341   338  7160  7267
23391    6035  6179  6303  7151
23392    4217  4215  4134  6944
23393    4132  4133  4141  7459
23394     679   652   639  6338
23395    5184  5190  6198  6882
23396    3651  3591  3588  7165
23397    1922  1338  1336  6423
23398    6055  6301  6671  7551
23399    6118  4384  6284  7146
23400    5828  5843  6073  6173
23401    1269  1264  1268  6276
23402     706   714  6392  6915
23403    5856  5968  6682  6766
23404    5418  5429  5426  6855
23405    3618  3617  6868  6905
23406    4263  4276  4277  6677
23407    5854  6243  6269  6475
23408     144   154   153  6833
23409    5921  6040  6103  6214
23410    1218  1220  6310  7462
23411    5960  5905  5966  6160
23412    2267  2270  2273  7058
23413    3486  3487  6646  7358
23414    4618  4627  4626  7582
23415    5884  6083  6391  7477
23416     342   337   335  7160
23417    6077  5543  7157  7633
23418    2051  2382  2380  6519
23419    5245  6838  6978  6998
23420    3346  3354  3347  7328
23421    6038  6150  6696  6795
23422    3267  3270  3269  7069
23423    5933  5886  5945  6104
23424    4601  4600  4602  6120
23425    6636  5981  6742  7514
23426    6635  5932  7231  7273
23427    3143  3371  7151  7387
23428    1170  1171  7113  7545
23429    4399  4400  4407  7176
23430    3282  3285  6840  7084
23431    1083  6964  6544  1080
23432    5341  5336  5077  6644
23433    3079  6626  3081  7334
23434    5903  6023  6185  6685
23435    3860  3869  3858  6421
23436    5867  5893  6089  6130
23437    5384  5103  6487  7411
23438    6115  6687  7571  7580
23439    6276  6456  7377  7380
23440    4557  4224  6048  6910
23441    6302  6712  6975  6977
23442    1409  1411  7661  7662
23443    4055  4067  7020  7576
23444    5479  5477  5471  6795
23445    5358  5000  6386  7521
23446    5873  5912  6009  6292
23447    4215  4206  6944  7453
23448    5933  6080  6218  6544
23449    6398  5946  6604  7039
23450    6121  5877  6214  6708
23451     864   868   870  7045
23452    5068  5066  5049  7010
23453    1051  6831  6946  7599
23454    5715  5721  5722  7114
23455    2848  2858  2846  6357
23456    4203  4021  4201  6713
23457    6218  6104  6287  7285
23458    1259  1012  1019  6125
23459     116   118  5680  7123
23460    6250  6048  7174  7620
23461    2787  2795  2785  7645
23462    4095  4071  4064  6995
23463    3381  3380  3383  6303
23464    2938  2933  2934  6792
23465    3235  3218  3236  6141
23466    1881  1892  1882  7425
23467     198   197   199  6922
23468    1942  1939  6799  7516
23469    4671  4672  4664  6774
23470    2762  2759  6714  7488
23471    5841  5834  5849  5867
23472     609   600   608  7215
23473    6185  5871  6454  6691
23474    5838  5832  5928  6254
23475    1949  1943  6559  7257
23476     813   570   840  6354
23477    5855  5850  5868  5909
23478    2280  2277  7058  7127
23479    6038  5972  6097  6116
23480    1432  1541  1781  6061
23481     684  6769  6913  7214
23482    2972  2975  6711  7400
23483    1073  1067  1071  6947
23484    3290  3291  7084  7414
23485    3954  3951  3964  6638
23486    1889  6017  6133  6435
23487    4994  5000  6819  7619
23488    6604  6551  6633  6938
23489    3565  3566  3564  6227
23490    6919  6285  7045  7467
23491    5181  5976  6551  6882
23492    6052  5961  6128  6687
23493    2937  6337  6792  7634
23494    5535  5534  5538  6163
23495    4624  4626  4628  7582
23496    6070  5935  6522  7494
23497    2017  2024  2022  6168
23498    4472  6393  6601  6858
23499    2371  2419  2417  7382
23500    5865  6008  6045  6063
23501     435  5799   446  7024
23502     244   240   243  7369
23503    3681  3688  3686  7017
23504     732   705   736  6534
23505    3402  3371  3396  7610
23506    3723  3720  6547  6617
23507    6243  5907  6269  6379
23508     336    83  5303  5994
23509    1331  1339  1332  6489
23510    5895  5872  5916  6382
23511    6215  6024  6250  7307
23512    4777  4778  4781  6042
23513     132   127  7276  7432
23514    6482  6972  7443  7632
23515    5600  5598  6783  7137
23516    5868  5898  5974  6223
23517    1617  1616  6147  6579
23518    4708  4706  6768  7534
23519    6552  6118  7181  6070
23520    4886  4694  6908  7390
23521    6441  6241  6492  7113
23522     479   509  6220  7531
23523    5962  6213  6606  7029
23524     536   534  6191  7135
23525    5846  5908  5927  6414
23526     700   443   480  6971
23527    3741  3749  7286  7497
23528    1259  6125  7374  7377
23529    6219   409  6338  6524
23530    5891  5916  5949  6917
23531     918   914   913  7064
23532    5887  5975  6139  6380
23533    5930  6073  6373  6888
23534    5870  6086  6158  7622
23535    6499  5840  6534  6963
23536    3385  3392  3386  7567
23537    5121  5128  6532  7342
23538    6040  5877  6288  6708
23539    6559  2333  6777  6789
23540    5565  5563  5567  6434
23541    2338  2601  6186  7027
23542       8     6  6614  7048
23543    5561  5568  6434  7592
23544    3420  3419  3418  7387
23545    3876  3884  3882  6843
23546    6010  6098  6289  6343
23547    3476  3477  3478  6670
23548    5978  5867  5988  7249
23549    6254  6091  6657  7340
23550    6139  6399  6841  7475
23551    5697  5665  5693  7192
23552    6109  5955  6256  6649
23553    2395  2390  2402  7299
23554    1891  1656  1653  7526
23555    6512  5964  6934  7200
23556    3278  3267  3269  7069
23557    5841  5849  5940  6641
23558    3976  3981  7197  7361
23559    7324  6177  7378  7434
23560    7139  6211  7388  7514
23561    4756  4757  4752  6300
23562    2095  2126  6099  6782
23563    3126  3360  6656  6770
23564    1583  1584  1580  6688
23565    6788  6360  7510  7636
23566     473   471  5978  7346
23567    4145  4146  4153  7323
23568    5721  5724  5722  7114
23569    5944  5883  6412  6547
23570    4283  4274  4293  6530
23571    3908  3943  6183  6868
23572     169   170  5718  6847
23573    4443  6400  4440  4430
23574    4768  4765  4771  6601
23575    1414  1412  6702  7661
23576    4911  6407  7011  7565
23577    1622  1670  1385  6720
23578    3851  3868  6853  7628
23579    2008  1691  6565  6956
23580      40  5991  7384  7463
23581    1434  1432  6061  6344
23582     865   873  7335  7467
23583    4353  4347  4358  7419
23584    2031  2032  2038  6462
23585    6543   786  6621  7535
23586    6612  6291  6834  7231
23587    5451  5439  6034  6374
23588    5903  5856  5968  6018
23589    6694  6080  6964  7315
23590    2234  2241  6743  6932
23591    1267  1295  6076  6396
23592    5417  5687  6305  7612
23593    4418  4420  6546  6676
23594     448   450  5804  7417
23595    6327  5098  7411  7518
23596    7478  6080  7626  7653
23597    5951  6157  6910  7494
23598    2859  2860  2853  7133
23599    1318  1247  1246  6153
23600      61    60    63  6556
23601    6332  2978  6480  6997
23602     768   775   772  7148
23603    4063  6995  7134  7331
23604    5953  6119  6627  7182
23605     888  1121   889  6319
23606    4478  4076  6552  6826
23607    1942  1940  1938  7423
23608    4237  4235  4239  6834
23609    5948  5877  5982  6518
23610    6348  6907  5897  6262
23611    5675  5669  5670  7123
23612    5996  6263  6381  6421
23613    5056  5772  6812  6986
23614    3520  3524  3526  6318
23615    1917  1916  1918  6509
23616     664   672  6802  7404
23617    5928  5832  5970  6254
23618    3715  3714  3702  6217
23619    2546  2548  6413  6416
23620    3714  3701  3702  6217
23621    5847  6152  6279  6634
23622    5936  5900  5959  6041
23623    4123  6052  6257  6356
23624     966   960   962  7363
23625    2501  2504  2503  6335
23626    3050  3023  6700  7540
23627    5545  5549  7050  7166
23628    2832  3163  2834  6900
23629    2432  2532  6316  6817
23630    4374  4380  7028  7220
23631    5987  6734  6772  6955
23632    1903  1890  6098  7150
23633    1465  1466  1469  7533
23634    1936  1934  1937  7591
23635    2322  2321  6365  7322
23636    4679  6122  6472  7341
23637    6560  2403  6708  7299
23638     571   572   573  6188
23639    4875  4817  6636  6742
23640    3621  6028  6183  6190
23641    2583  2576  2577  6341
23642    4320  4318  6577  6595
23643    5577   201  6641  7119
23644    2874  2878  7023  7596
23645    6429  5946  6531  6536
23646    5952  5986  6631  7154
23647    3013  3019  3012  6700
23648    6166  2034  6170  6462
23649    1715  1729  1716  6072
23650    4127  3857  6726  7198
23651    4594  4606  4611  6369
23652    6076   916   956  6952
23653    5988  5834  6134  6219
23654    6375  6785  7412  7550
23655    5942  6182  6345  6483
23656    6664  1697  7485  7598
23657    5827  5851  5881  5966
23658    5089  5084  5087  6324
23659       1     7  6193  7048
23660    3925  3919  3924  7259
23661    6019  5960  6178  6397
23662    6263  5996  6591  7309
23663    5337  5336  6644  6786
23664    5997  5869  6334  6394
23665    6766  6682  7033  7604
23666    6334  6017  6431  6435
23667    1829  2024  2023  6168
23668    4359  4454  6410  6730
23669    6095  5957  6242  7449
23670     471   472   473  5978
23671    4024  4025  4012  7296
23672    5740  5462  6116  6881
23673    5827  5830  5833  5881
23674    1563  1564  7105  7437
23675     419   416   417  7060
23676    4336  6564  6624  6995
23677    5510  5537  7448  7570
23678    6432  6415  6678  6934
23679    6181  6464  7005  7021
23680    4408  7028  7176  7220
23681    6140   809  6571  6609
23682    6508  3155  2804  2807
23683    5460  5475  5463  7428
23684    5909  6201  6226  6588
23685     416   421   420  7060
23686     988   986   984  6719
23687    7192  5692  7229  7464
23688    6604  5946  6976  7039
23689    5133  5108  7524  7597
23690    6335  2681  6145  2507
23691    5861  5830  6167  6684
23692    3956  6228  7344  7392
23693    3635  3633  3637  7068
23694    5999  5930  6002  6443
23695    4602  4596  4598  7240
23696    2326  2338  6186  6230
23697    5962  6187  6253  6451
23698    3136  3129  3130  6715
23699    5833  5827  5881  5966
23700    5308    80  5309  5994
23701    6135  6037  6624  7096
23702    1813  1808  1805  6785
23703    2145  2142  6933  7250
23704    4225  4219  5951  6910
23705    5840  5837  5856  5859
23706    6439  6129  6943  7141
23707    5864  6469  6831  7529
23708    2701  2700  2675  6336
23709    6090  5510  7570  7573
23710    2568  6176  6347  7062
23711    6380  6399  7174  7475
23712    5856  5903  5972  6050
23713    3559  3562  3768  6227
23714    2787  2744  7115  7645
23715     371   363   370  6611
23716    6000  6618  6662  6671
23717     415   418  6505  7498
23718    1201  1077  6278  7493
23719    2401  2385  7436  7558
23720    1808  1813  1809  6785
23721     967  6233  7061  7363
23722    5130  5108  5133  7597
23723    5477  5479  5478  6795
23724    3987  3988  6265  6270
23725     402   401  6643  7060
23726     531   536  7031  7135
23727    6596  3158  7219  7302
23728    6779  2747  7357  7605
23729    6361  6409  6411  6721
23730    3423  3191  6314  7042
23731    6370  6474  6566  7466
23732    6027  5926  6189  7137
23733    5850  5846  5934  6110
23734    5868  6223  6693  7386
23735    5888  5861  6108  6480
23736    2815  2814  2807  6776
23737    3881  3876  3894  6843
23738     450   448   451  7417
23739    3343  3344  3347  6517
23740     417   418   426  6505
23741    6921  6313  6941  6953
23742    5948  5860  6192  7270
23743    5795  4014  6253  6451
23744    4326  4305  5939  6848
23745     224   216   222  7033
23746    1892  1898  1882  6197
23747     356   512  6282  6479
23748    5325  5330  5986  6994
23749    5832  5825  5885  5970
23750     908   663   950  6143
23751    6412  3464  6996  7089
23752     939  6326  6345  6880
23753    5890  6119  6235  6351
23754    1340  1003  6983  7179
23755    3810  3814  3815  6928
23756    5896  5876  5922  5942
23757    5833  6969  5906  6341
23758    5870  5880  6004  6868
23759    3529  3275  6566  7339
23760    3186  6314  6962  7460
23761    5100  5119  7411  7518
23762    2243  2237  6678  6932
23763    3194  3189  6672  7171
23764    6943  7141  7234  7649
23765    2345  2338  2351  6230
23766     608   859  6797  6915
23767     455   456  7035  7417
23768      74    66    68  6659
23769    1307  1586  1304  7614
23770     189   188  6307  6498
23771    2082  2099  2089  7044
23772    5514  5515  7223  7573
23773     443   697   440  7204
23774     513   511  6067  6479
23775    5602  5580  5581  6046
23776    1899  1891  1902  7526
23777    5983  5908  6404  6456
23778    2624  2736  7077  7311
23779    5831  6060  6531  7185
23780    5826  5844  5865  5903
23781    6908  4694  7208  7390
23782    5065  6011  7010  7056
23783    5438  5439  6374  7424
23784    6788  6085  6863  7533
23785    5848  5932  5941  6137
23786    4624  4618  4626  7582
23787    6394  6504  6852  7356
23788    3354  3115  6517  6980
23789     696   744   695  6960
23790    6077  5271  6468  7561
23791    4116  4109  4112  6128
23792    2002  1999  6178  6497
23793    2845  2517  6145  6888
23794    5344  5354  6653  7110
23795     773   770   809  6389
23796    2248  2245  6394  6681
23797    5953  6009  6390  7525
23798    5528   269  6282  6561
23799    6268  4757  6300  6495
23800     296  1301  1589  6680
23801     921   719   933  6866
23802    6089   211  7218  7523
23803    5905  5960  6003  6362
23804    5624  6206  6639  6885
23805    2837  2829  6805  6900
23806     919   917  6952  7064
23807    5805   624  6798  7211
23808    2480  2481  6245  6321
23809    5887  6286  6473  6820
23810     245   242   246  7119
23811    5853  5902  6450  6567
23812    1983  2087  7178  7551
23813    5831  5829  5855  5935
23814    7236  6784  7570  7573
23815    2544  2550  6416  7564
23816    6077  6468  7461  7561
23817    4943  4944  7352  7609
23818    2422  2686  7130  7375
23819    2193  2182  2194  6133
23820    1086  1182  6218  6287
23821    6643   352  6803  7015
23822    6370  6444  6578  7165
23823     741   746   747  6224
23824    6312  6185  6685  6735
23825    2072  2073  6446  7631
23826    4361  4084  3790  6731
23827    3830  6494  6728  7444
23828    6222  6073  6437  6865
23829    5042  5038  5031  7039
23830    2674  3081  6053  6336
23831    4208  4218  6522  7453
23832    6853  6421  7507  7628
23833    4641  6666  6740  6861
23834    6477  6709  6930  7118
23835    2476  2480  6245  6321
23836    5748  6193  6727  7640
23837    5904  5858  6503  6848
23838    3802  3801  3803  6540
23839    5018  5021  6938  7073
23840    5939  6577  6595  6603
23841     843   821   846  7186
23842    6228  3953  6638  6328
23843    3057  3069  6298  6759
23844    6209  6896  7235  7438
23845    4773  4536  6781  7094
23846    1172  1164  1167  6754
23847    4680  4679  6122  6472
23848    1638  6274  7409  7641
23849    5850  5874  5879  6937
23850    3019  6608  7540  7606
23851    4217  4248  4216  6944
23852    6494  4395  6593  7444
23853    5314  7056  7154  7584
23854    4354  6632  7210  7419
23855    3798  6814  6928  7583
23856    6111  5897  6348  6645
23857    5502  5503  6886  7236
23858    3708  3709  3843  6771
23859    6269  5407  6855  7203
23860    3030  3031  7540  7606
23861    6930  6477  6973  7294
23862    4344  4339  4354  6632
23863    3993  3995  3992  6270
23864    1797  1796  1799  7202
23865    2768  2766  2770  6351
23866    6882  7260  7433  7543
23867    6069  6079  6384  7552
23868    2984  2974  6332  6711
23869    6050  5918  6171  6847
23870     292  1595   294  7565
23871    1659  1669  1665  7581
23872    6699  6130  7194  7346
23873    3505  3504  3512  6965
23874    6894  6133  1889  6017
23875    5998  6231  6625  6864
23876    1325  6181  6925  7124
23877    3136  3133  3129  6715
23878    6227  5870  6582  7355
23879    3231  3218  3235  6149
23880    5925  6014  6334  6431
23881    1182  1086  1180  6287
23882      88   129  7083  7306
23883    2970  6645  6695  6711
23884    1868  1872  1866  7465
23885    2887  2546  6413  6822
23886    5216  5217  5220  6207
23887    2340  2339  6230  6408
23888    3743  3738  3742  6724
23889    6528  2723  2728  6761
23890    3163  2832  2836  6900
23891    2048  2050  2053  6519
23892    4280  4277  7354  7475
23893    1943  1941  7188  7257
23894    1880  1882  6894  7425
23895    1274  1273  1275  7018
23896    3081  5985  6336  6626
23897    4577  4569  4573  6283
23898    2779  2788  2778  7115
23899    2159  2154  2164  7312
23900    1696  1695  1692  7598
23901    6186  2601  6887  7027
23902    2177  2176  6512  7305
23903     490   497  6089  6699
23904     755   764  5938  6220
23905    1404  5789  1410  7662
23906    5040  5019  6604  6938
23907    5999  5881  6112  6167
23908    1230  1231  6788  7533
23909    5995  2985  6332  2986
23910    4658  4659  4657  6503
23911    6472  5887  6473  6533
23912    1411  1406  7474  7662
23913    5509  5510  5540  6090
23914    4308  4305  6401  6506
23915    2200  2204  6170  7227
23916    4478  4075  4044  6554
23917    4716  4723  6793  7239
23918    6137  4231  6834  7231
23919    1248  1246  1257  6755
23920    2624  2730  6701  7077
23921    5926  6105  6661  7137
23922    6156  6816  6836  7122
23923    1796  1797  7092  7202
23924    1633  1596  1662  7630
23925    3402  3376  3374  6303
23926    3003  2997  2998  7162
23927    2202  2200  2204  6170
23928    2606  2609  2612  6746
23929    2405  2408  2407  6560
23930    1939  6541  7516  1958
23931    5848  5873  5953  6202
23932    1479  1471  6610  6663
23933    6475  6280  6659  7284
23934    3503  3499  6547  6808
23935    6159  5298  6598  6658
23936    2593  2631  2630  7077
23937    4565  4558  6240  7469
23938    5867  5978  7002  7194
23939    5534  5533  7121  7570
23940    6261  4499  6693  7025
23941    6132  6058  6582  6837
23942    4816  4873  6636  7495
23943     908  6143  6428  6452
23944    4494  4852  6261  7496
23945     160   414  7144  7498
23946    5834  5845  5867  5915
23947    4276  4263  4275  7354
23948     488   487   778  7478
23949    4510  4503  4507  6470
23950    1831  6985  7177  7366
23951    2543  2562  2547  7564
23952    5296  5298  5293  6598
23953    5027  5024  5028  7553
23954    5835  6230  7027  7107
23955    1218  1219  1466  6310
23956    6289  6725  7289  7581
23957    6485  6431  6796  6933
23958    2316  2315  6365  7327
23959    2247  2249  2252  6743
23960    2157  2177  2162  7250
23961    6358   367  6611  6842
23962    6813  2146  6823  7313
23963    6053  6251  6508  7294
23964    2558  2560  6822  7547
23965    2793  3128  6804  7108
23966    6413  2546  6416  6822
23967    2748  2737  2733  7652
23968    3719  3718  3728  7046
23969    2767  2764  2763  6714
23970    2575  2499  6970  7111
23971    4194  4203  4198  6713
23972    3428  3425  3424  6996
23973    1704  1710  1713  6352
23974    2784  2781  7109  7115
23975     673   431  6931  7410
23976    6007  6599  6777  7168
23977    2794  2793  3128  6804
23978    4443  4441  4440  6424
23979    5900  6041  6101  6909
23980    2887  2548  2547  6413
23981    5920  6068  7088  7554
23982    6333  6219  6643  7015
23983    5885  6051  6370  6474
23984    6064  5956  6181  6405
23985    6199  6118  6924  7292
23986    1314  1315  7065  7173
23987    6241  5983  6441  6469
23988    3485  3478  3479  6670
23989    5149  5148  6745  6929
23990    2079  2119  6449  7366
23991    5848  5862  5890  6119
23992    6008  6012  6207  6436
23993    2157  2179  2177  7250
23994    1560  1559  1533  6941
23995    5866  5831  6120  6286
23996    2103  6331  7044  7382
23997    3371  3374  7151  7610
23998    6091  3548  7195  7340
23999    6441  6673  6748  6754
24000    5672  5386  5709  6378
24001    6362  6983  7016  7519
24002    5845  5886  5933  6104
24003     701   698  6963  6971
24004    6939  6563  7161  7531
24005    5880  5980  6035  6967
24006    2879  2938  2877  6266
24007    6802   672  6963  7404
24008    5850  5879  6268  6937
24009    6284  6070  6522  7494
24010    6980  6949  7275  7367
24011     294  1595  6897  7565
24012    6709  6420  7051  7271
24013    5861  6054  6528  5967
24014    5409  5407  5422  6269
24015    5315  7010  7213  7603
24016    4409  4351  4456  6455
24017     965   968   960  6527
24018    3692  6101  6303  6747
24019    3634  3635  3637  7068
24020    6132  3002  6406  7270
24021    1467  1464  6610  7043
24022    3426  3424  7042  7484
24023    4594  4606  6369  7557
24024    5346  5347  5349  7012
24025    5958  6308  6981  7147
24026    4345  4339  4344  6632
24027    1745  6703  7019  7326
24028    1723  1724  1719  7421
24029    6359  6459  6580  6714
24030      72    66    74  6659
24031    1001   997  6081  7179
24032    1166  1160  6492  7545
24033     441   179   434  6780
24034    4917  4915  4908  6407
24035     574   567   572  6188
24036    1295  1267  6076  6952
24037    3997  3669  6387  7568
24038    3402  3396  3400  7610
24039    3691  3690  3700  7504
24040    5951  5935  5961  6944
24041    2803  2674  2673  5985
24042    6631  5321  7213  7603
24043    2897  2896  6209  7438
24044    6184  4004  7324  7378
24045    4366  4336  4368  6564
24046    5943  6189  6282  6561
24047    6123  6242  6585  7287
24048     404   405   411  6643
24049    5951  4248  6602  6944
24050     461   462   451  6605
24051    5915  6233  6520  6574
24052    5905  5851  6007  6010
24053    3579  3608  6376  6513
24054    1729  1728  1730  6072
24055    3303  6474  6993  7338
24056    2734  2736  2735  6346
24057    4183  4184  7007  7291
24058    2683  2686  2685  7375
24059    2890  2889  6830  6889
24060    6730  6455  6893  7454
24061    1667  1931  6579  7516
24062    5480  5484  5478  6500
24063    6181  6147  6362  7021
24064    5864  5891  5998  6234
24065    5562  5563  6427  6434
24066    5995  5842  6225  6275
24067    5042  5051  5052  6032
24068    5804   455  7035  7417
24069    2496  2498  2497  6684
24070    3095  3091  6478  7063
24071    2810  2815  2812  6776
24072    6181  6204  6925  7124
24073     349   109  6803  6867
24074     122  5352  5675  6384
24075    2430  2428  6704  7456
24076    5424  5392  5317  7154
24077    5926  5940  6189  7137
24078    2329  2487  6927  7322
24079    6863  6788  7533  7636
24080    1676  1915  1674  6249
24081    5132  5131  5137  7597
24082    5863  5911  6706  6914
24083    2719  6459  6580  7470
24084    4938  4963  5058  5913
24085    5548  5531  5532  7158
24086      10   217   224  7033
24087    6455  4422  6546  7473
24088    2029  2035  2028  6815
24089    6396  1295  6952  7614
24090    6340  6020  6430  6455
24091    5592  5761  5753  6744
24092    4698  4700  4707  7003
24093    2884  5787  6209  6447
24094    3816  3809  6540  7571
24095    6872  4563  7469  7494
24096     178   180   175  7431
24097    4652  4651  4640  6740
24098    1690  1682  6516  6541
24099    6952  1295  7064  7614
24100    6309  7100  7251  7432
24101     972  1022  1021  7085
24102    5885  6051  6078  6572
24103    6224  5867  6763  7002
24104    2906  2968  2967  6997
24105    5938  5840  5963  6259
24106    4843  4842  5113  6655
24107    5266  5265  5264  6468
24108    1264  1268  6276  6906
24109    3755  3750  3632  7286
24110    4742  4744  4748  6172
24111    6366  3881  6442  7007
24112    2482  2484  6705  7458
24113    1639  1579  6204  6274
24114    6184  4668  6890  7324
24115    6976  4934  7071  7093
24116     109  6717  6803  6867
24117    2996  2964  6371  7142
24118    1135   792  1130  7499
24119     894   890   885  6319
24120    5997  6126  6245  6504
24121    2698  2701  2697  6973
24122    1779  6686  6816  6836
24123    2202  1924  6170  6491
24124    5186  4779  5977  6733
24125    4832  4468  6698  6914
24126    2741  2738  6216  6346
24127    6013  5922  6723  6778
24128    6414  6806  7227  7600
24129    6162  6313  6921  6953
24130    5907  5854  6243  6269
24131    3140  3145  6409  6481
24132    6288  2416  6315  6875
24133    6667  6210  7055  7252
24134    4961  4960  4745  6322
24135    3195  3191  3143  7387
24136    2451  2282  7075  2437
24137    5920  6022  6188  6354
24138    3468  3471  3470  6101
24139    1222   907  6360  6801
24140    6132  6406  6860  7270
24141    1254  1242  6723  6863
24142    6126  6504  6722  6942
24143    4506  4512  4514  6729
24144    4545  4550  6295  7076
24145    5826  5868  5898  5855
24146     949  6076  6952  7353
24147     592   593  6279  6854
24148    6533  6531  6548  6636
24149    4456  4463  6455  6893
24150    1337  1339  1373  6489
24151    4863  4869  6042  6693
24152    1295  1299  1296  6396
24153    2339  2351  2338  6230
24154    1340  1341  6707  6983
24155    4854  4852  6261  6575
24156    1310  1308  1247  6778
24157    1763  1766  1769  6953
24158    4717  4714  4723  6793
24159     422  6006  6717  7144
24160    1993  1972  1965  6497
24161    3119  7182  7293  7593
24162     207   497  6699  7523
24163    1540  1471  1565  6382
24164    1069  1070  1072  6377
24165    6859   631  6876  6945
24166      67   101  6807  7330
24167     192   199   200  6922
24168    1866  1869  6692  6879
24169     985   989   986  6719
24170     443   440  6971  7204
24171    5883  6412  6547  6646
24172    4384  6118  7079  7146
24173    5832  5857  5962  6187
24174    1110  1108  1109  6194
24175    3698  3699  6878  6959
24176    6002  7023  7252  7596
24177    5981  6429  6548  6742
24178     388   390   387  7189
24179    5030  5033  5032  7039
24180     572   563   573  6188
24181     496   461  6130  6699
24182    3350  3349  3351  7367
24183    5448  5452  6493  6881
24184    5634  5653  7034  7284
24185    6134   682   677  7410
24186    5851  5827  5877  5921
24187    6248  4090  6918  7578
24188    5152  5154  6062  7342
24189    1616  1663  1613  6147
24190    5968  5856  6049  6766
24191    6020  5939  6340  6430
24192    3162  3164  6674  6962
24193    2065  2063  7216  7481
24194    4848  4841  4847  6858
24195    1335  1338  1919  6423
24196     505   503  6015  6068
24197     997  1347  1001  6081
24198    1686  1680  6516  6553
24199    5848  5953  6009  6044
24200    3630  3541  6254  7389
24201    4149  4147  6974  7608
24202    2297  6448  7227  7600
24203    1896  1909  6894  7420
24204    1529  1528  6342  7332
24205    7008   595   606  7602
24206    4652  4633  4630  7627
24207    2483  2481  6321  6705
24208    2913  2496  6684  6989
24209    5927  5846  6586  6897
24210     464   457   465  7249
24211    6442  6510  7007  7242
24212    1181  1177  6218  7196
24213    6425  6525  6555  6841
24214    3074  3067  3117  6759
24215    1809  1806  1786  6785
24216    3777  3783  3778  6093
24217    2007  2008  6565  6662
24218    6421  6263  6874  7309
24219    5617  5616  6454  6885
24220    6844  5151  7090  7345
24221    2927  2926  3047  6528
24222    6645  2931  6695  7596
24223     729  5963  7209  7258
24224    4747  4746  6172  7665
24225    4156  3881  6442  7321
24226    5850  5972  6031  6079
24227    1928  2203  6509  7227
24228    4663  4668  4662  6890
24229     932   930  6801  6880
24230    5873  5889  5989  6248
24231    2650  2640  2635  6521
24232    4565  6240  6872  7469
24233    6142  6249  6491  6569
24234    3947  3946  3941  6183
24235    5907  5834  5957  6033
24236    5836  5824  5851  5872
24237    2563  2293  2294  6806
24238    5824  5837  5846  5908
24239    5015  5016  5010  6633
24240    4382  4377  7220  7644
24241     845  6542  7101  7186
24242    2005  2016  2006  6618
24243    5843  5999  6210  6443
24244    3275  3535  3533  7339
24245    5890  5953  6119  6627
24246    5448  5449  5442  7224
24247    5864  5824  5876  5998
24248    5902  5926  6027  6105
24249    5989  6037  6410  7210
24250    5036  5040  6398  6604
24251      25    23  6026  6258
24252    3337  6328  7310  7422
24253     694   696  6960  7319
24254    4522  4491  7095  7314
24255    4288  4292  7087  7247
24256    4422  4418  4409  6546
24257    2768  3072  2766  6351
24258    6043  6367  7042  7490
24259    2635  2643  2633  7143
24260    6149  6141  6426  6857
24261     141   143  5806  6833
24262    5252  6838  6998  7121
24263    3046  3044  3042  6461
24264    5191  5184  5190  6198
24265    2620  2386  2394  7530
24266    5965  5934  6110  6296
24267    5558  5561  5557  7592
24268    2546  2872  6667  6822
24269    5912  6292  6295  6593
24270    6085  1465  7043  7533
24271    6450  5179  7524  7597
24272    6239  6023  6358  6842
24273    5880  5870  5993  6158
24274    3828  3830  6494  6728
24275    6652  6872  6902  7095
24276    5660  5661  6243  6269
24277    3347  3354  3345  6517
24278    2999  2998  7162  7191
24279    3470  3690  3694  7504
24280    5828  5827  5843  6043
24281    6692  7128  7412  7550
24282     367   368   371  6611
24283    3434  3438  3433  6628
24284    6195  5355  6873  7012
24285    3686  3680  6028  7361
24286    2879  2933  6266  7596
24287    6253  6187  7007  7254
24288    3566  3557  3564  6227
24289    5942  5915  6233  6520
24290    2180  2194  2170  6133
24291    1816  1820  6692  7128
24292    5879  6325  6387  6890
24293    4236  4238  4237  6834
24294    3092  2942  2941  7634
24295    4611  4616  4675  6369
24296    1293  1159  1160  6441
24297    6133  6894  1889  2180
24298    3999  3666  7378  7434
24299    6601  4767  6858  7201
24300     682  6134  6524  7410
24301    6209  2896  6447  7438
24302    4796  5802  4680  6122
24303    6541  6160  6799  7516
24304    6029  6894  7425  7451
24305    5176  5132  5179  7597
24306    2770  2767  2761  6714
24307    4366  4371  4367  7632
24308    2879  2881  2933  7596
24309    3988  6265  6270  6924
24310     443   700   697  6971
24311    5893  6089  6130  6699
24312    5955  6109  6994  7612
24313    2408  6560  7130  7530
24314    1329  1323  6181  7005
24315    4308  4646  4302  6506
24316    7151  6043  7387  7490
24317    5910  6214  6290  6355
24318    6460  4837  6706  6891
24319    4597  6048  7240  7265
24320    5894  5917  6125  6276
24321    5855  5866  5935  6196
24322    6876   613  7329  7655
24323    6005  5848  6044  6390
24324    6234  6264  6597  7493
24325    2486  2487  2488  6970
24326    2644  2652  2651  7051
24327    3543  3541  5815  6254
24328    6851  6355  7436  7558
24329    5934  5965  7011  7083
24330    3292  3274  3286  6078
24331    4899  4886  6908  6999
24332    6383   664  6802  7404
24333    1624  1623  1622  6329
24334    5623  5517  6206  6639
24335    4915  4912  4908  6407
24336    6058  5870  6192  6582
24337    5670  5669  6195  7123
24338     572   558  6188  6354
24339    4012  4019  6537  7230
24340    2359  2074  6800  6992
24341    5890  6845  7032  7621
24342    2403  2404  6708  6875
24343    2030  1978  6166  6951
24344    6067  6385  7119  7369
24345    1653  6343  7289  7526
24346    6249  6569  6720  6883
24347    4714  4919  4925  6749
24348    5230  5231  6978  7555
24349    6139  6048  6286  6368
24350    6123  6772  7145  7192
24351    3133  6411  6715  6721
24352    6381  3869  6417  6421
24353    5247  5245  6838  6978
24354    1999  2002  2000  6497
24355    4002  4007  4000  7378
24356    2509  2506  6315  6335
24357    1456  6382  7300  7479
24358    5934  5918  6069  6309
24359    1729  1736  1716  6072
24360    5702  5695  7229  7464
24361    5616  5615  5617  6454
24362    2122  2118  7506  2115
24363    5813  2718  7470  7491
24364    5660    65  5413  6475
24365     236   503   502  6015
24366    4269  4271  6677  7475
24367    4854  4861  6575  7386
24368    6638  6328  6009  6228
24369    6488  4017  6603  7230
24370    6001  6388  6507  6648
24371    4571  4572  4536  6445
24372    1825  1826  6168  6550
24373    5574    15  6307  7102
24374    1579  1639  1578  6274
24375    6324  6937  7001  7126
24376    3198  2951  2950  6348
24377    3163  3167  2834  6900
24378    1924  1928  1921  6491
24379     969   971   970  6486
24380    3745  6724  7497  7515
24381    5838  5832  6254  6590
24382    6150  6008  6207  6436
24383    6700  6294  7536  7540
24384    5882  6016  6219  7211
24385    3518  3533  3532  6657
24386    5923  6129  6136  6426
24387    1006  1034  1035  7477
24388      87   663   908  6452
24389    4458  4459  6244  7359
24390    2567  2571  2573  6402
24391    6196  6070  6902  7494
24392    5262  5255  6372  7511
24393    5846  5927  5934  6110
24394    5323  5324  6812  6994
24395    5478  5479  6500  6795
24396     587   586   596  6854
24397     441   179  6780  7427
24398     490   248   487  5893
24399    1105  1115  1114  6827
24400    3908  3618  3617  6868
24401    4802  6211  6445  7575
24402    5978  6763  6936  7249
24403    6139  6425  6525  6555
24404    1890  1653  6098  7150
24405    5942  5876  6736  6824
24406    3869  3860  6417  6421
24407     959   695  6527  6913
24408    6441  6241  6469  6492
24409    4169  4175  7013  7256
24410    4351  6340  6430  6455
24411    4666  4665  4667  7264
24412    2527  2530  7138  7304
24413    6088  5842  6896  6997
24414    5946  6011  6398  6604
24415    3395  3397  7490  7610
24416     410  6219  6338  6643
24417    6008  6087  6150  6207
24418    6010  6017  6029  6174
24419    6463   996  6520  7049
24420    1971  2002  1999  6422
24421    5959  5936  6041  6959
24422    2199  2245  6394  6852
24423      24    37  6258  7325
24424    5844  5854  5865  5903
24425    4021  4295  4201  6713
24426    3789  3788  3787  6494
24427     895   932   899  6483
24428    6129  6136  6943  7141
24429    1277  1283  1276  7269
24430    6127  6112  6145  6982
24431      80    78  5309  5994
24432    4042  4075  6400  6554
24433    3664  3668  6212  6904
24434     849   835  6285  7149
24435    4141  6737  4132  7459
24436    5590  6026  7248  7384
24437     164  5807  7104  7431
24438    3395  3427  3428  7490
24439    5473  5472  5470  6696
24440     700   698   704  6971
24441    6647  5954  7391  7486
24442    4032  6154  7230  7296
24443    5683  5692  7192  7464
24444    4934  4904  6976  4935
24445    5934  5965  6069  6079
24446     554   553  7088  7140
24447    3968  3970  3967  6466
24448    5295  5314  7154  7584
24449    1870  1874  1876  7074
24450    5872  5931  5956  6382
24451    2465  6245  6927  6942
24452     585   601   606  7215
24453    6017  6174  6431  6496
24454    4795  4577  6283  6445
24455    4472  4474  4471  6729
24456    2026  2027  2085  6671
24457    6320  6228  7344  7502
24458    5972  6031  6034  7411
24459    5910  6701  7109  7530
24460    2876  2894  2880  7023
24461    1721  1712  1716  7279
24462    2104  2102  2103  7044
24463    3815  3809  6540  7587
24464    1027  1003  1002  6983
24465     653   726   723  6353
24466    3299  3296  6474  6993
24467    3518  3532  6651  6657
24468    4647  6555  7301  7627
24469    6002  6667  7055  7252
24470    3691  3699  3693  6878
24471    1473  1464  1472  6610
24472    2961  2962  7057  7169
24473    3016  3015  6480  6700
24474    5906  6521  7143  7288
24475    6322  6060  6531  6749
24476    5262  5257  5259  7511
24477    6680   293  7267  7565
24478    5893   488  7194  7478
24479    3555  3561  3556  6227
24480    4577  4797  4574  6445
24481    5855  5868  5898  5974
24482     641  5805   610  6798
24483    6260  6393  6729  6914
24484    6589  6090  7448  7570
24485      28  5590  6026  7248
24486    2899  2906  6997  7112
24487    2504  2520  2512  6145
24488    6094  5966  6178  6363
24489    6111  6225  6711  7471
24490    6280  6691  7034  7284
24491    2974  2979  2983  6332
24492    6082  6314  6568  6962
24493    2939  6979  7316  7634
24494    5606  5600  5595  6783
24495    5129  5120  5128  6532
24496    6286  5887  6380  6820
24497    4715  4713  7534  4925
24498    4635  4638  4636  6666
24499    5901  6106  6571  7186
24500    3084  3408  6626  7147
24501       8     5  6050  6614
24502    2555  2478  2482  6705
24503    2878  2874  2881  7596
24504    6345  6483  6801  6880
24505    7170  6472  7208  7341
24506    6135  4069  6995  7134
24507    6097  6050  6623  6847
24508    6419  6148  6829  6947
24509    1799  1789  1794  7202
24510    4705  4698  4704  7003
24511    1959  1960  1689  6541
24512    1831  1850  1834  7177
24513    2139  2368  2369  6255
24514    4116  4115  4204  6128
24515     295   292  4911  7565
24516    3751  3753  3864  6237
24517    3514  3491  3508  6030
24518    2035  2029  6462  6815
24519    2985  5995  6332  6275
24520    6483   932  6801  6880
24521    5110  5208  5357  6386
24522    6581  6390  6877  7302
24523      45    42  6258  7233
24524    3551  3552  3008  6582
24525    2336  1962  1970  6789
24526    6408  2337  6422  6789
24527    2946  3202  6907  7394
24528    6072  6019  6440  7326
24529    2590  2573  6402  7175
24530    5860  6411  6779  7357
24531    5957  6006  6039  7144
24532    5654  6475  6659  7284
24533    5984  1680  6273  6553
24534    5800  2522  6210  6443
24535    1056  1057  6419  6829
24536    5905  6160  6553  7516
24537    5018  5019  5021  7073
24538    2799  2792  2790  7116
24539    6954  2593  7030  7077
24540    2585  2907  2579  6710
24541    3994  3991  7079  7580
24542    5552  5549  5550  7050
24543    1358  1355  7016  7021
24544     427   682  6524  7410
24545    6367  3403  6747  7132
24546    6670  6628  6996  7484
24547    4293  4288  6530  7247
24548    6046  5940  6641  7102
24549    6300  5078  6457  6644
24550    1752  1751  6061  7122
24551    5127  5125  5129  6062
24552    2241  2242  6678  7303
24553    1660  1657  6579  7516
24554    1113  5979  5945  1087
24555    2043  2055  2054  7178
24556    3620  3463  3619  6144
24557    5934  5840  5917  5837
24558      20   198   199  6922
24559    4582  6583  4587  4586
24560     522   521  6694  7626
24561    3887  3641  3640  6526
24562    1824  1825  6168  6550
24563    5906  6054  6746  6969
24564    5960  6019  6899  7217
24565      84    85    88  7083
24566    5923  6141  6149  7503
24567    1987  2036  6166  6815
24568    6343  1864  6607  6903
24569    1658  1665  1616  6579
24570    1613  1617  1616  6147
24571    5829  5935  5961  6070
24572    3210  3206  6907  7347
24573    3549  3544  7195  7340
24574    5941  6053  6313  6477
24575    5234  6436  7260  7555
24576    6686  6156  6816  6836
24577    4226  4222  4224  6910
24578    6024  6117  6356  7106
24579    1833  1831  6985  7177
24580    3348  3346  3347  7328
24581    2274  2253  6681  7356
24582     203   209    13  7102
24583    6374  5451  6689  6881
24584    6195  6079  6384  6653
24585    5142  5143  4866  7129
24586     263  6282  6635  7253
24587    3743  6547  6724  7515
24588    2548  2543  2547  7564
24589    5293  5298  5399  6598
24590    2525  2524  6982  7281
24591    3672  3997  6387  7568
24592    4760  4379  6277  6339
24593    5870  5828  5874  6058
24594     954   953   952  7353
24595    4100  5794  4097  7079
24596    4465  4453  6730  7371
24597    4751  5078  4754  6300
24598    5298  5399  6598  6658
24599    5826  5825  5839  5848
24600    3926  3935  7333  7589
24601    5991  5903  6045  6206
24602    6262  6426  6857  7394
24603     554   557   559  7140
24604    5839  5853  5873  6232
24605    3925  6718  7259  7351
24606    5869  5851  5997  6334
24607    2675  2667  2697  6973
24608    6047  6408  6777  7327
24609    2191  2267  2273  7058
24610    4175  4176  7013  7256
24611     648   629  6016  6353
24612    6628  6439  6943  7141
24613    2033  2032  6170  6462
24614    5972  6031  6079  6097
24615    2380  2382  6290  6519
24616    6824  6736  6866  6991
24617    1644  1662  7581  7630
24618    5838  5885  6043  6129
24619    6517  6004  6868  6980
24620    3700  3494  3702  7504
24621     934   963   962  7363
24622    5723  6623  6847  7114
24623    2754  2753  2668  6364
24624    1539  1547  1542  7255
24625    6648  6615  7066  7450
24626    6551  6065  6604  6633
24627    5653  5652  6280  7284
24628     570   813   800  6354
24629    5746  6689  6881  7364
24630     790   791   793  6621
24631    2560  2882  7458  7547
24632    6160  1944  6799  7188
24633    5859  5840  5864  5884
24634    6069  5934  6309  7100
24635    5967  5888  6108  6700
24636     937   936   992  6326
24637    6397  6541  5960  6160
24638    6080  5849  6479  6694
24639    3112  3110  3109  7357
24640    1127  1126  6025  6625
24641    6134  6219  6338  6524
24642    6235  6465  7032  7379
24643    6242  6243  7207  7287
24644    6031  6201  6327  7411
24645    4772  4781  4778  6042
24646    5041  5039  6398  7039
24647    2710  2709  2711  6528
24648    3202  3203  6907  7394
24649    5275  5044  6011  6247
24650    6454  5615  6957  7623
24651    2835  2828  6805  6900
24652    6178  6397  6422  6497
24653     225    42  6650  7233
24654    5122  5443  5449  7224
24655    7083   129  7100  7306
24656    2754  2753  6364  7413
24657    5999  6112  6210  6416
24658     779   780  7194  7588
24659    6047  5833  6094  6230
24660    6176  5982  6304  7175
24661    3651  3652  3650  7029
24662     771   772  1036  7148
24663    5829  5828  5880  5900
24664     875   881  7335   872
24665    5967  3050  6528  6700
24666    6210  2545  6416  7556
24667     558   572  6188  7140
24668    6269  6475  7203  7206
24669    4092  6248  6654  6731
24670    1135  1130  1133  7499
24671    5602  5604  5601  6385
24672    5143  6733  6745  7129
24673    6897  6680  7267  7565
24674    5844  5903  6023  6185
24675    1437  1439  5780  6917
24676    4669  4668  4663  7264
24677    3857  3847  6874  7198
24678    6367  6303  6747  7490
24679    1662  6181  7005  7021
24680    5906  6459  6521  7288
24681    6129  5923  6262  6426
24682     766   809  6140  6609
24683     108   112   110  6867
24684    2884  6209  2896  6447
24685    4444  4446  7126  7574
24686    2841  7067  2840  6443
24687    2462  2287  2491  6927
24688     709   724  6757  6859
24689    5904  6172  6740  6861
24690    6812  5323  6994  7190
24691    4615  6286  6473  7557
24692    6885  6206  7325  7463
24693    5191  5189  5160  6198
24694    5850  5965  6079  6169
24695    1738  1735  1727  7572
24696    5084  5087  6324  7155
24697    2089  2096  2062  6331
24698    2546  2548  2887  6413
24699    3352  3358  3353  6980
24700    5936  5829  5996  6263
24701    3162  3182  6568  7063
24702    3060  3066  6465  6958
24703    3875  6330  3639  6366
24704    1929  1934  1932  7423
24705    5825  5857  5885  5970
24706    2970  2969  6645  6711
24707    5535  5272  7157  7461
24708    3020  3015  3012  6608
24709    5470  5475  6467  6795
24710    5067  5068  5069  6293
24711    6167  6684  6705  7458
24712     367   371  6358  6611
24713    6944  6630  7106  7435
24714    6161  5897  6337  7316
24715    3174  3162  6568  6962
24716     478   506   485  6220
24717     264   306   265  6635
24718    4387  4389  4385  7146
24719    5867  5834  5988  6039
24720    2330  2342  2332  6094
24721    6950  3613  7259  7392
24722    1997  2003  1994  6497
24723    3960  3933  3956  7344
24724    1812  1813  1805  6785
24725    5499  5508  5501  7236
24726    6363  6178  6446  6750
24727    6977  6302  7054  7300
24728    6228  6654  7344  7502
24729    5846  6176  6414  6586
24730    3869  4118  6421  6974
24731    6031  5972  6201  7411
24732    6937  6871  7001  7126
24733    3795  6494  3794  6884
24734    2797  6222  6900  7116
24735    4244  4136  6630  7106
24736    3094  6205  6337  6478
24737    3112  2737  2746  7446
24738    2256  2257  6448  7452
24739    6030  3512  6318  6965
24740    5984  5905  6273  6362
24741    1444  1441  7268  7462
24742    2356  2074  7118  7509
24743    5864  5840  5917  7529
24744    6360  1235  7510  7636
24745    6326  6866  6880  7061
24746    6444  3567  6474  7466
24747    1617  1615  1658  6553
24748    6164  6131  7004  6850
24749    6815  1988  6911  6951
24750    1351  1328  1352  7005
24751    6392  6182  6736  6757
24752    5955  5952  5986  6631
24753    6032  5946  6398  7039
24754    4232  4584  6583  6640
24755    4841  4767  4847  6858
24756    1324  1329  6181  7005
24757    6410  4356  6972  7210
24758    1128  1129  7196  7499
24759    4937  5913  6032  7071
24760    2437  6681  7075  7303
24761    5181  5009  5008  6551
24762    5916  5872  5956  6382
24763    2126  2100  2095  6099
24764    5916  6302  6382  6917
24765    5874  5870  6074  6086
24766    2020  2006  6618  6662
24767    2801  2797  7108  7116
24768     873  6919  7335  7467
24769     179   434  6780  7161
24770    2011  6662  6671  7551
24771    3263  3231  6149  7616
24772     859   608   621  6915
24773    1657  1667  1661  6579
24774    6192  6132  6582  6860
24775    2534  2515  6817  7556
24776    2993  3001  2954  6371
24777    1713  1688  1681  6516
24778    4349  4356  4360  7210
24779    6854   606  7008  7215
24780    6531  6536  6908  6999
24781    6236  5944  6590  7117
24782    4271  4263  4269  6677
24783     454   458  6931  7417
24784    5914  5947  6165  6664
24785    1738  1727  1726  7572
24786    4551  4549  4548  7076
24787    5004  5018  5005  7073
24788    3412  3384  3411  6690
24789    4079  4104  6118  6826
24790    1009  1018  1014  6732
24791    6021  6567  6655  7082
24792    5832  5944  5996  7628
24793    2276  2283  7356  7372
24794    1877  1881  1879  7425
24795       7     1  6193  6744
24796    5845  5896  6003  6486
24797    5911  6260  6729  6914
24798    6545  6678  6681  6743
24799     460  6605  7249  7417
24800    2388  2619  2627  6518
24801    5856  5840  6259  6563
24802    4038  6124  6554  7308
24803    6153  5922  6345  6719
24804    6643  6219  6717  7060
24805    4963  4971  5913  6940
24806    4759  4733  6268  6457
24807    4724  4003  6184  7256
24808    1362  1400  6665  7295
24809    3548  3573  6091  7195
24810    1251  1221   990  6345
24811    4270  4271  4272  6677
24812    2939  2949  2948  6979
24813    6414  2296  6423  7184
24814    3869  4130  6974  4149
24815    5918  5856  6056  6563
24816     746  6224  7360  7527
24817    5487  5582  7384  7463
24818    5831  5898  5946  6531
24819    3578  3331  6513  6845
24820    4795  4796  7047  5802
24821    3225  3223  5995  7503
24822     191   194  6498  6922
24823    3777  6093  6877  6884
24824    3465  3468  3469  6747
24825    3862  3863  3754  6330
24826    5991  5903  6454  7325
24827    3601  3667  3666  7434
24828    3171  3167  3163  6674
24829    1434  1446  6344  7300
24830    2776  2768  2775  6351
24831    2643  2635  2640  7143
24832    4220  4223  4218  6910
24833    6197  6894  7150  7526
24834    4823  4855  6575  7159
24835    1667  1931  1668  6579
24836    4325  4331  6430  6558
24837    5862  6162  6440  6477
24838    6393  5863  6655  6706
24839    5324  5321  6631  7603
24840    4392  4515  6872  7494
24841    4042  4075  4429  6400
24842    5602  5571  6046  6961
24843    6134  5915  6267  6913
24844    1740  1725  1175  6438
24845    1729  1736  6072  7572
24846    6394  6334  6545  6613
24847    4022  4020  4018  6488
24848     611   395  6767  6968
24849     382   395   619  6767
24850    4937  6032  7039  7071
24851    4616  4675  6369  6473
24852     744   973   695  6527
24853    5104  5108  6567  6622
24854    4495  4486  4484  6821
24855    6453  6131  6486  6669
24856    1916  1922  6423  6509
24857    4994  4996  4995  7619
24858    2858  6357  7613  7642
24859     871   849  6285  6660
24860    5451  5439  5431  6034
24861    5854  6280  6475  6691
24862    5842  5861  6167  6209
24863    4644  4305  4653  6848
24864    3564  3766  6074  7445
24865    1041  1006  1035  7477
24866    1082  1177   795  6544
24867    2468  2283  2463  6504
24868    5010  5011  6633  7532
24869    2776  2774  6351  7413
24870    6150  5471  6696  6795
24871    3527  3530  3528  6566
24872    3093  3094  3089  6337
24873      56    60  6312  6556
24874     847   866   870  7467
24875    3896  6606  7351  7399
24876    2024  2079  2022  6055
24877    5824  5844  5847  5876
24878    5988  5867  6931  7249
24879    4049  3937  3935  6912
24880    5948  6701  7175  7311
24881    5893  5867  7002  7194
24882    6611   362  6615  7072
24883    1176  5945  6104  6287
24884    6886  6500  7463  7648
24885    6139  6048  6368  7174
24886    3964  3954  6638  7344
24887     879   880   717  7120
24888    1061  1156  6469  6947
24889    5890  5825  5953  6202
24890    1179  1128   795  7196
24891    5955  5952  6631  7185
24892    5831  5855  5866  5935
24893    5897  5842  5923  6129
24894    2923  2906  6896  6997
24895     265   306   271  6635
24896    1915  1926  6491  6569
24897    4779  5977  6733  7514
24898    4307  4305  6506  6577
24899    6314  6082  7042  7387
24900     666   672   664  7404
24901    4396  3796  6292  6870
24902     536  6191  7031  7135
24903    5889  6020  6135  6154
24904    6023  5968  6049  6650
24905    5922  5896  6326  7639
24906    3548  3549  7195  7340
24907     574  6188  7140  7554
24908     487   488  5893  7478
24909    2197  2191  2273  7153
24910    5886  5945  6162  6342
24911     156   162   163  6114
24912    2357  2360  2359  6992
24913    3097  6478  6809  7063
24914    3739  3735  6724  7497
24915    2201  6170  6491  2202
24916    5915  6134  6267  6763
24917     174  6309  6418  7546
24918    4636  4637  6820  7003
24919    5949  5891  6302  6712
24920    2333  1948  1949  6789
24921    6627  5971  6770  7379
24922    5332  5341  5076  7544
24923    2736  6346  7175  7311
24924    2710  2713  6761  7430
24925    5866  6531  6533  6636
24926    6692  6246  6785  7550
24927    6158  3949  7197  7222
24928    5038  5042  6395  7039
24929    5934  5918  6383  6499
24930     606   596  6854  7602
24931     633   634   632  6859
24932    2492  6321  6927  7111
24933    4042  4431  4435  6325
24934    2384  2383  2385  7558
24935    5925  5921  6040  6449
24936     978   973   974  6527
24937    5847  5859  5876  5998
24938     250   249    55  7103
24939    1578  1580  1579  6204
24940    5892   100  6807  7262
24941    6423  1334  6489  7184
24942    4560  4575  4567  6240
24943    2819  2687  6888  7280
24944    2564  6208  6304  6402
24945    1100  1125  6278  7635
24946    5828  5846  5877  5921
24947    1631  1630  6956  7598
24948     156   194  6114  6498
24949    5954  5912  6295  6593
24950    1505  1513  7441  7559
24951    5826  5837  5844  5903
24952     114   112  6867  7483
24953    5106  6567  7082  7548
24954    5981  5976  6429  6742
24955    5868  6102  6261  6693
24956    5889  5839  5989  6037
24957    4921  4923  6756  7093
24958    3820  6257  6928  7198
24959    6396  6680  7184  7614
24960    3592  3591  3651  7165
24961    5991  5968  6018  6038
24962    5869  6007  6010  6017
24963    3567  3571  6474  7466
24964    6691  6791  6957  7034
24965    4009  6537  6916  7643
24966    2125  2126  2095  6782
24967    5918  6383  6499  6898
24968    6208  5950  6806  6988
24969    6348  2945  6645  6979
24970    6257  6814  6928  7198
24971    6412  5883  6439  7141
24972    3734  3521  3520  6236
24973    3332  3342  3331  6513
24974     859   713  6797  6915
24975    5177  5493  6027  7137
24976    3293  3292  6078  7414
24977    5232  5229  5236  7555
24978    6238  6136  7234  7595
24979    7069  6572  7097  7164
24980    4763  4760  4762  6647
24981    6401  4643  6506  7301
24982    4247  4243  4240  6602
24983     898  6483  6801  6920
24984     163   154  6833  7549
24985     407   641  7015  7211
24986      84    89   331  7083
24987    6078  6149  6572  7500
24988    6619  6023  6685  6842
24989    5222  5227  5224  6620
24990    5825  5839  5848  5873
24991    4632  4631  4639  6666
24992    2340  2322  6408  7322
24993    6454  5635  6735  6957
24994     914  1303  1300  7064
24995    2171  2167  2169  7350
24996    2180  2192  2194  6133
24997    3704  3708  3798  5990
24998     118  6384  7123  7552
24999    1256  1255  6723  6755
25000    6456  5914  6883  5908
25001    6214  6290  6355  6851
25002    3019  3021  6608  7606
25003    1298  1332  1334  6489
25004    4849  6622  6858  7201
25005    6172  4746  6322  7665
25006    5587  5589  5591  7183
25007    7167  1289  7348  7374
25008    5997  6432  7075  7303
25009     505   501   504  6068
25010    6194  1554  6342  6773
25011    3339  3367  7379  7422
25012    6454  5617  6885  7325
25013    1608  1360  6273  6665
25014    6481  3166  3141  7261
25015    6334  5997  6394  6545
25016    4131  4130  6974  7459
25017    6215  6139  6841  7475
25018    6076   948  6802  7353
25019    5285  5286  5287  6683
25020    3489  3484  3479  7358
25021    3193  3189  3194  7171
25022    4481  4075  6775  7383
25023    5273  5271  7157  7561
25024    2264  2257  2256  7452
25025     831   796   832  6323
25026    4153  4146  4150  7323
25027    5931  5872  5956  6010
25028    1101  1067  6148  6278
25029    5934  6110  6452  7011
25030    4963  4971  5064  5913
25031    6001  5847  6071  6279
25032    5215  5217  6207  6620
25033    4765  4761  4771  6601
25034    5437  5439  5451  6689
25035    3611  6718  6950  7259
25036    5943  5926  6067  6189
25037    2125  2095  6099  6782
25038    6383  6499  6898  7404
25039    5899  5858  5939  6425
25040    4603  4594  6368  7557
25041    3546  3636  3627  7389
25042    6730  6893  7371  7454
25043    3768  3562  3565  6227
25044    5047  5046  6395  6398
25045    1558  1556  1526  6773
25046    5268  5272  7461  7561
25047    4010  4019  4018  6488
25048    1627  6165  6329  7562
25049    1143  1419  1418  6317
25050    4508  4506  6730  7282
25051    6261  4854  6575  6693
25052     628   613  6876  6945
25053    6299  6481  6962  7261
25054    6328  6638  6009  7525
25055    6102  5909  6226  6937
25056    6124  5993  6552  6554
25057      69    71    70  6280
25058    5859  5920  5938  7088
25059    5602  5581  5571  6961
25060    4694  6768  6908  7208
25061    6975  1449  6977  7298
25062    5943  6479  7009  7253
25063    2830  2827  6805  6888
25064    5952  6631  7010  7056
25065    2417  2419  6875  7382
25066     918   913  6428  7064
25067    1082  1083  1089  6544
25068    1318  1245  6081  6153
25069    3530  3281  3572  6566
25070    3305  3569  3304  6444
25071    3967  3968  6466  6654
25072    5049  6011  6293  7010
25073    3099  3201  6161  6478
25074    6382  5916  6610  6663
25075    5837  5868  5972  6008
25076    3949  4034  6199  7197
25077    5985  6053  6251  6508
25078    4238  4230  4237  6834
25079    4232  4233  4237  6834
25080    2015  1757  1824  6550
25081    2670  2663  2672  6709
25082     248   515   487  5893
25083     687   674   542  6267
25084    4661  4412  4417  6503
25085    6658  6458  7203  7633
25086    1218  5780  5949  6917
25087    7074  1879  7425  7465
25088    6750  6019  7019  7326
25089     974   744  6224  6527
25090    6304  6518  7077  7175
25091    3899  3923  6916  7351
25092    2476  2462  2491  6321
25093    4992  4986  6490  6926
25094    5703  5698  5702  7229
25095    5949  6234  6597  6864
25096    3609  3614  3610  6950
25097    6596  6656  7219  7293
25098    5963  5938  6259  7381
25099    6375  5956  6382  6663
25100    5432  5440  5438  6374
25101    6459  2616  6521  7288
25102    5044  5048  6011  6395
25103    6237  6590  7117  7286
25104    1334  6396  6489  7184
25105    5375  5212  5731  6256
25106     185   219  6056  6614
25107    3419  3420  7042  7387
25108    6667  6695  6822  7023
25109    5602  5606  5604  6783
25110     235   229  6049  6766
25111    2616  2647  2717  6459
25112     198    16   447  6514
25113    3803  6765  6959  7583
25114    5223  5225  5217  6620
25115    5214  5372  7238  7373
25116     237   266   511  6067
25117     744  6763  6913  6960
25118    3406  3084  6626  7334
25119    2277  2267  2269  7058
25120    4091  4092  6654  6731
25121     804   555   801  6609
25122    4815  4816  4809  7495
25123    1533  1530  1555  6941
25124    4139  4142  4137  6737
25125    4108  4109  4107  6128
25126    5336  5339  5335  6457
25127    6294  6108  6608  6700
25128    2740  2738  6346  7446
25129    1289  1285  1286  7167
25130    6102  6261  6693  7025
25131    2228  2229  2230  7541
25132    1734  1726  7326  7572
25133     863   603  6797  7467
25134    4605  4603  6368  7557
25135    5629  5624  6639  6885
25136     813   811  6106  6542
25137     288  4911  7011  7565
25138    2482  2475  6321  6705
25139    1121   889  6319  6570
25140    3562  3559  3561  6227
25141    1462  1463  1237  7043
25142    3752  3745  3741  6839
25143    4591  4599  4260  7586
25144    6394  6504  6738  6852
25145     159   343   150  6095
25146    4140  4249  6737  7563
25147    1638  1642  1643  7641
25148     567   566   568  6188
25149    2981  2984  6332  7471
25150    2910  2918  6989  7235
25151    3006  3040  3008  6406
25152     297   288  7267  7565
25153    3720  3738  3723  6547
25154    2669  2678  2806  6508
25155     153   163   155  7549
25156    6531  5981  6548  6636
25157    6067  5849  6479  6752
25158    6591  5996  6617  7515
25159    6223  6042  6693  7129
25160    3941  3946  3621  6183
25161    6677  4264  7542  7563
25162     352   348  6803  7015
25163     692   689   696  7319
25164    7188  6098  7423  7516
25165    6173  6043  6299  7151
25166     288  7011  7267  7565
25167    5834  5854  5892  6033
25168    7054  1437  7268  7457
25169    4911  4916  4918  6407
25170    2008  1976  1691  6956
25171    2246  2235  6681  6743
25172    3430  6628  6943  7649
25173    2281  2268  6738  7372
25174    3915  3949  6124  6158
25175    4517  4520  7094  7244
25176    1032  1037  6113  6642
25177    5903  5968  6650  6685
25178    1266  1268  1265  6906
25179     786   787   790  7535
25180    5849  5893  6479  6752
25181    1635  1642  1637  7409
25182    2009  6565  6618  6662
25183    2457  2535  2458  6562
25184    1198  1200  5810  7370
25185    1094  1098  7472  7635
25186     418   426  6505  7098
25187    3583  3657  3655  6221
25188    6062  5127  6532  6573
25189    4859  4823  4862  6575
25190     484   480   443  6259
25191    6459  2762  6580  6714
25192    3579  3578  3331  6513
25193    6059  6414  6423  7184
25194     273  1102   355  6194
25195    5000  5361  5358  6386
25196    5929  6081  6707  6983
25197    6474  3571  6566  7466
25198    5719  6895  5707  7114
25199    2353  2344  6363  7107
25200    6020  5911  6037  6455
25201    6472  6533  7208  7341
25202    4916  4917  4918  6407
25203    1424  1423  7004  7492
25204    6399  6139  7174  7475
25205     100  5892  6807  6867
25206    1951  2308  2310  6777
25207    5283  5278  6604  6683
25208    6105  6180  6661  7137
25209    7396  5682  7398  7464
25210    2605  2606  2612  6746
25211    1180  1178  1181  6287
25212    6429  5946  6536  7073
25213    1606  1582  1574  6584
25214    3854  3857  3847  6874
25215    2754  2668  2808  6364
25216    2920  2921  2711  5888
25217    4195  4290  7022  7247
25218    5834  5845  5849  5867
25219    6400  6871  6937  7126
25220    6040  5964  6255  6811
25221    2298  2307  7452  7600
25222     445   443  6780  6939
25223    6420  5919  6800  7118
25224    3198  3228  6141  7471
25225    6494  5937  6728  7444
25226    5751  5459  6594  7364
25227    5876  5844  5882  6219
25228    6039  6114  7144  7498
25229    4384  4390  6284  7146
25230    1596  1598  6181  7630
25231     567   563   572  6188
25232    3061  3065  3066  6958
25233    2690  2694  6313  6336
25234     460   450   451  7417
25235    5239  5203  6760  7555
25236    6142  6569  6951  7485
25237    5865  6269  6458  6475
25238    5862  5848  5886  6162
25239    2722  6580  7489  7615
25240    6111  5923  6225  7471
25241    5865  5907  5955  6269
25242    6434  5566  6955  7393
25243    5782  3224  5995  6078
25244    1768  1774  6990  7513
25245     603   866  6285  7467
25246    1828  1757  1827  6550
25247    6262  6129  6426  6907
25248    5518  5516  7223  7573
25249    2064  2096  2060  7216
25250    1300  1303  1304  7614
25251    6009  6466  6731  6870
25252    5096  5098  6327  7518
25253    2917  2897  6989  7235
25254    5029  5027  7283  7553
25255    3165  6674  6962  7261
25256    5086  5097  5099  6327
25257    6396  6428  6680  7614
25258    1031  1036   776  6391
25259    3363  3369  3365  6770
25260     983  6520  6527  6574
25261    2163  2154  7250  7312
25262    3452  3456  3454  6035
25263    6394  2233  6613  6681
25264    2398  2386  6355  7530
25265    1674  1915  1916  6249
25266     479   444   474  6939
25267    5990  6115  6540  6765
25268    5158  6733  5157  5186
25269    6142  5950  6166  6170
25270    1797  1807  6686  7202
25271    2722  2721  6580  7470
25272     462   461   494  6130
25273     296   912  6680  7267
25274    5241  5228  5240  6760
25275    6149  3266  7595  7616
25276    1933  1903  1890  6098
25277    6520  6233  6527  6574
25278    6597  5949  7131  7462
25279    6060  5831  6151  7185
25280    5901  6148  6419  6947
25281    5660    65  6475  6538
25282    6835  6748  7487  7566
25283    3619  3463  5980  6144
25284    2943  2969  2977  6645
25285    5710  5676  5713  6484
25286    6427  6105  6434  6661
25287    3541  3542  3630  6254
25288    6215  6525  6677  6841
25289    1361  1355  1356  7016
25290    6067  5943  6282  6479
25291    6131  6164  7004  6003
25292    5932  5941  6137  6308
25293    5861  5830  5967  6108
25294    3231  3266  6149  7616
25295    3632  3634  6526  7068
25296    4492  4493  7314  7496
25297    3457  3456  3453  6144
25298    3294  3282  6840  7084
25299    5494  5492  5495  7232
25300    3808  6115  6540  7571
25301    4574  6240  6283  6445
25302    5252  6175  7121  7236
25303    1660  1658  6553  6579
25304     872   874   881  7335
25305    5179  5132  5133  7597
25306    6120  5866  6122  6445
25307    3655  3657  3656  7029
25308    4171  4169  7014  7256
25309    4006  3998  4662  7324
25310    6155  5874  6296  6832
25311    2509  2506  6092  6315
25312    6169  6457  6644  7001
25313    6919  7045  7335  7467
25314    6193  6050  6682  7048
25315    5304  4947  5305  7212
25316    6437  6222  6892  7116
25317    2849  3178  2838  7063
25318    3525  3517  3516  6318
25319     516   829  7478  7653
25320    5672  5677  5671  6600
25321    1154  1155  6469  7167
25322    5827  5830  5842  5885
25323    3391  3774  3389  6581
25324    4468  4467  4469  7359
25325    5220  5125  5151  6062
25326    6023  5844  6185  6239
25327     846   811  6106  7186
25328    5969  5973  6165  6835
25329    6090  6163  7121  7570
25330    6722  2451  7075  7401
25331     715   728   925  6736
25332     726   727   720  6991
25333    5832  5899  6187  6442
25334    3869  3870  6417  3860
25335    5858  5911  5939  6340
25336     581   597   582  7078
25337    3141  3166  3170  7261
25338    1569  6375  6836  7105
25339     115  6095  6717  6867
25340    1616  1617  6553  6579
25341    2565  2566  2570  6402
25342    3803  3801  6270  6540
25343    2970  2932  6645  2969
25344    1813  1807  1806  6785
25345    1569  1546  7105  7255
25346    5828  5825  5829  5855
25347    5043  5037  5038  6398
25348     547   687   542  6936
25349     437   436  5798  7024
25350    1450  1458  1451  6917
25351    5049  5053  5052  6395
25352    5865  5826  5903  6008
25353     694  5766   692  7319
25354    1075  1067  6148  6947
25355    1651  1656  1893  6343
25356    2389  2390  2393  7382
25357    2386  2398  2394  7530
25358    4939  4940  4941  7071
25359    1405  6673  6748  7474
25360    6009  5953  6202  6228
25361    4148  4149  4151  7608
25362    3954  3957  6638  7344
25363    6409  6173  6411  6715
25364    1971  1973  1967  6422
25365    3519  3512  3521  6030
25366    6122  5866  6472  6533
25367    5699  5692  5822  7464
25368    2633  2641  2634  6739
25369    5284  5275  5276  7205
25370    6047  6230  6408  7322
25371    1667  1657  1929  7516
25372    6665  6362  7016  7519
25373    5829  5959  6070  6115
25374     616  6968  7329  7655
25375    3684  3679  3676  6909
25376    5831  5887  5975  6139
25377    2988  2981  2983  6332
25378    5954  7076  7391  7429
25379    5348  5350  5390  7012
25380    5298  5392  5393  6658
25381    3370  3364  3359  6328
25382    3139  3140  3131  6481
25383    1915  1926  1925  6491
25384    5489  5491  5495  7232
25385    6387  6184  6890  7324
25386    5754     8     5  6050
25387    6662  6000  6911  6956
25388    2591  2594  2592  7030
25389    5067  6293  6812  7213
25390    1068  1061  6469  6946
25391    4797  4572  4574  6445
25392    6219  6338  6643  7211
25393    5999  6002  6210  6443
25394    5878  5857  6451  6916
25395    2009  2007  6565  6662
25396    5958  6137  6308  7147
25397     427   428   429  6524
25398    3222  3213  3220  7505
25399    1547  1549  1542  7255
25400    3394  3391  3385  7567
25401     605   863   607  7008
25402    3275  3533  6651  6657
25403    6584  6204  6663  7124
25404    2672  6930  6709  2665
25405    4573  4569  4576  6283
25406    5011  5015  5010  6633
25407    3287  3261  3024  6275
25408     123    82  6384  7306
25409    1511  1504  6835  7559
25410    5877  5947  5950  6290
25411    3917  3913  7222  7568
25412    5427  5421  5656  6379
25413    4993  5002  4998  6706
25414    4408  4374  7028  7220
25415    5351  5334  5331  7012
25416    6291  5954  6583  6593
25417     677   635   682  6338
25418    3406  3084  3408  6626
25419    6094  2351  6230  7107
25420    5492  5494  7137  7232
25421    1792  1848  1791  7624
25422    4731  4728  4726  6901
25423    6814  3811  6928  7198
25424    2139  2158  6255  6471
25425     581   598   597  7078
25426    3379  3375  3378  6179
25427    4033  4025  4030  7230
25428    1679  1675  1677  6569
25429    5624  5629  6639  7623
25430    3581  3586  6578  7165
25431    6763  6224  7002  7360
25432     664   950  6143  6428
25433    6533  6531  6768  6908
25434    6536  6531  6548  6999
25435    6240  6157  6872  7469
25436    5918  6079  6309  6484
25437    5862  5919  5941  6477
25438    2034  1978  2036  6166
25439    5820  4990  6891  7619
25440    6045  5991  6206  7463
25441    4223  4227  4563  6910
25442    2113  2106  6637  6703
25443    5840  5918  6499  6563
25444    6767   396  6798  7189
25445    5958  2690  6313  6336
25446    1876  1873  6485  6796
25447      59    47  6735  7103
25448    1794  1788  1799  7202
25449    4822  4818  4820  6549
25450    3173  6299  6481  6962
25451    2328  2322  2340  7322
25452    5940  6046  6961  7393
25453    6592   792  6621  7499
25454    6290  2626  6519  6954
25455    1666  1663  1616  6579
25456     384   382   394  6648
25457    5876  6353  6736  6824
25458     630   647   629  6016
25459    2717  2617  6459  7006
25460    1231  1227  1230  6310
25461    1530  6342  6773  7332
25462    3886  3885  3893  7254
25463    2676  2674  2678  6053
25464    6363  5835  6800  6992
25465    6138  7246  7323  7608
25466    2866  2851  6210  7055
25467     152   157   154  6498
25468    6473  6533  6768  7208
25469    6302  6917  6977  7054
25470    2224  2221  2225  7541
25471    2334  2335  2341  6408
25472    2253  2249  6681  7303
25473    5953  5985  6119  6656
25474    5947  6142  6166  6951
25475    3367  3366  6770  7379
25476    6321  5881  6684  6705
25477    3099  3097  3103  6478
25478    2885  2883  2560  6889
25479    1346  1348  1341  7052
25480    5275  5289  6247  7056
25481    3644  3648  3646  6213
25482    3480  3464  6367  6996
25483    2682  2688  2684  6511
25484    1961  1944  1939  6799
25485     896   886  6231  6920
25486    6056  5856  6682  6766
25487    1401  1361  1354  7016
25488    6421  3867  6853  7507
25489    2378  6851  7436  7558
25490    5974  6196  6652  6781
25491    5951  6522  6910  6944
25492    1832  1835  1838  7366
25493    6103  5950  6290  7026
25494    3458  6144  6905  6967
25495    5345  5342  7040  5340
25496    1337  1674  6249  6883
25497    3609  3612  3614  6950
25498    1420  1707  1424  6317
25499    2596  2572  2570  6402
25500    6074  5874  6086  6177
25501    4146  4150  7323  7608
25502    1445  1448  7300  7457
25503    7032  6845  7422  7638
25504    1318  1001  1347  6081
25505    6346  6216  7311  7652
25506    4328  4411  4414  6546
25507    4937  4939  4941  7071
25508    2406  2398  2396  6560
25509    4342  4067  4065  6135
25510    1915  6249  6491  6509
25511    5973  1405  6748  7474
25512    7028  4363  7221  7443
25513     903   902   900  6529
25514    4974  4972  6940  7539
25515    4885  4890  4690  7480
25516    3092  3094  3093  6337
25517    6138  6117  6737  6974
25518    1964  1944  1961  6799
25519     713  6392  6757  6919
25520    6030  5883  6236  6724
25521    2689  6865  2823  7375
25522    6006  5988  6039  6505
25523    2326  2339  6230  7322
25524    6367  6747  7089  7132
25525    5122  5121  6532  7411
25526    5932  5886  5941  6308
25527    6297  6523  6543  7360
25528     688   685   687  7319
25529    6023  5903  6650  6685
25530    1233  1221  1251  6345
25531    5939  4326  6340  7336
25532    6110  5965  6296  7011
25533    6301  6214  6849  7044
25534    4234  4228  6834  7403
25535    5608  5513  5519  7223
25536    6739  2639  6800  7143
25537    2235  2241  2231  6932
25538    5500  5252  7121  7236
25539    2951  2944  6348  6979
25540    4295  4287  6510  6577
25541    1230  6788  7510  7636
25542    6750  6446  6751  7631
25543    7051  6420  7118  7271
25544    5833  5861  6969  6341
25545    4302  4646  4304  7087
25546    7100   129  7276  7306
25547      55    46    54  7103
25548    2470  2469  6504  6942
25549    3371  3402  3374  7610
25550    5314  5318  7154  7603
25551    1068  1155  1052  6469
25552    5532  5531  5535  7158
25553    5824  5827  5851  5921
25554     752   751   746  7360
25555    5073  5077  5078  6644
25556    4687  6473  6768  7208
25557    6586  5846  6832  6897
25558    6061  1516  6975  6984
25559    2583  2581  2576  6710
25560    3458  3344  3343  6967
25561    6681  6394  6852  7356
25562    2668  6251  6364  7611
25563    3763  6155  6587  7014
25564    2265  2307  7062  7452
25565    4278  4625  7475  7582
25566    4445  5089  7001  7126
25567    6686  1807  6785  7202
25568    6292  4399  7028  7176
25569     428   423   426  6524
25570    1806  1786  6785  6836
25571    5578  5573  6046  7102
25572    5341  5077  5076  6644
25573    3878  3879  3880  6843
25574    4724  6495  6679  7013
25575    5947  5921  5969  6000
25576    4336  4095  6564  6995
25577    1968  6422  6789  7226
25578    4011  4016  4015  6451
25579    2028  2041  2029  6815
25580    5465  5227  6150  6696
25581    6083  1045  6642  7599
25582     371   372  6358  7070
25583     920   934  6824  7363
25584    5854  5834  5907  6033
25585    3531  5770  6203  6238
25586    5116  5146  5117  7278
25587    3885  3886  3889  7254
25588    1812  1811  1797  6692
25589    1929  1938  1934  7423
25590    6493  5449  7224  7411
25591    5774  5500  7121  7570
25592    7121  5499  7236  7570
25593    3871  3873  3874  6853
25594    5825  5829  5838  5900
25595    4391  4213  4221  6522
25596    6116  6467  6493  6881
25597    4626  4627  6535  7582
25598    4154  4155  6138  7608
25599      28    31    27  6026
25600    6024  6139  6215  6250
25601    5924  5964  6036  6934
25602    1623  1622  6329  6720
25603    5544  5542  7157  7158
25604    2579  2578  2585  6710
25605    5294  5290  5293  6598
25606     257   229   261  6049
25607    7002  6297  7194  7588
25608    1931  1933  6098  7423
25609    6248  6654  6912  7502
25610    2397  2398  6355  6560
25611     122   118   120  6384
25612     898   904   899  6920
25613    5712  5711  5713  7317
25614    1105  1113  1115  6827
25615    4223  4221  4218  6910
25616    6173  6299  6373  6539
25617    5753  5586  6744  7172
25618    5847  6022  6071  6152
25619    6835  7320  7441  7559
25620    3020  2978  6480  6608
25621    6453  6362  7004  7295
25622    5987  6427  6734  6955
25623    6247  5283  6398  6683
25624    4550  4544  4551  7076
25625    1831  1834  1832  7177
25626    6004  5860  6192  6949
25627     950   908  6143  6428
25628    4777  4776  4778  6042
25629    6225  6108  6480  6608
25630     190   191   157  6498
25631    6233  5942  6326  7061
25632    5907  6123  6242  6585
25633    5030  5032  5035  7039
25634    3843  5779  3708  6814
25635    5250  5263  6350  6372
25636    5939  5878  6577  6603
25637    6174  5925  6334  6431
25638    6291  6583  6640  6834
25639    1599  1600  6925  7124
25640    4684  6472  7170  7341
25641    1395  1401  7016  7295
25642    5877  5828  6073  6173
25643    5878  6488  6510  6603
25644    2401  2400  2397  6787
25645    2539  2527  7138  7304
25646    1178  1142  6287  7285
25647      47  6735  7103  7233
25648    1480  1459  1473  6610
25649    3487  6646  6670  6808
25650    4352  4351  4344  6558
25651     633   625   631  6945
25652    6322  4746  7663  7665
25653    6464  1351  7005  7052
25654    6235  6298  6465  7379
25655    6726  3857  6874  7198
25656    2402  6708  7299  7382
25657    2937  3093  6266  6337
25658    6377  1156  6469  7426
25659    6234  6241  6264  7493
25660    3393  3416  6581  7567
25661    6230  5835  6363  7107
25662    5599  6189  6783  7137
25663    6739  2645  7509  2632
25664    3811  3820  3810  6928
25665    4398  4404  4405  7176
25666    1611  1608  1613  6273
25667    3473  3472  7089  7132
25668    5688  5659  6379  7287
25669    6286  6368  6369  7557
25670    1790  1783  7237  7647
25671    5824  5864  5891  5998
25672     379   397  6767  7189
25673    2409  2822  6892  7130
25674    5895  6302  6712  6975
25675    6665  7004  7295  7492
25676    1943  6559  7168  7188
25677    4963  4974  6940  7522
25678    6099  6040  6214  6849
25679    1852  1797  6692  6879
25680    2725  3042  3044  6359
25681    3339  3367  6770  7379
25682    5860  5880  6173  6361
25683    5898  5977  6223  6733
25684    4405  4402  4408  7176
25685    5822  5683  7398  7464
25686    6058  5870  6582  6837
25687    1263  1012  1265  6906
25688    2702  2618  2617  7415
25689    3219  3213  3214  6857
25690    5694  5682  7396  7464
25691    6040  6099  6331  7318
25692    4675  4616  4674  6473
25693    6147  5984  6273  6553
25694    6047  5875  6186  7322
25695    6514  5841  6641  7523
25696    6415  6869  7456  7541
25697    3365  3337  3339  6770
25698    3360  6627  6656  6770
25699    5835  2366  6800  6992
25700     484   481   482  6259
25701     630  6016  6876  7211
25702    1803  1802  1583  7412
25703    1188  1193  6923  7493
25704    4774  4804  7139  7575
25705    6286  6139  6368  6380
25706    1523  1509  6281  7163
25707    2797  6900  7108  7116
25708    3067  3072  6351  6759
25709    6646  6412  6670  6808
25710    6122  6211  6636  7047
25711    1446  1432  1434  6344
25712    5299  4943  7352  7609
25713    1471  1461  1457  6382
25714    5369  5368  6109  6649
25715    6807   114  6867  7483
25716    5363  5367  5362  7190
25717    5918  6171  6418  7427
25718    6176  2293  6806  7062
25719    6001  6239  6358  6611
25720    1735  1730  1732  7572
25721    1237  1244  6863  7533
25722     760   699  6259  6971
25723    3909  3947  3945  6183
25724    6399  5975  6666  7582
25725    2056  6290  7026  7216
25726    2891  2886  2885  6889
25727    5928  6136  6651  6657
25728    3034  3307  3308  6860
25729    7026  6290  7178  7216
25730    2813  2807  3155  6508
25731    5753  5751  6594  7172
25732    5307  5354  5352  6675
25733    5840  5856  5918  6563
25734    3045  6461  6958  7536
25735    5623  5546  6090  6589
25736    2468  2470  6504  6942
25737    6540  6928  7583  7587
25738    6383   134  7251  7432
25739    6185  6454  6735  6957
25740    2859  2871  6266  7055
25741    6128  4134  6944  7106
25742    6400  6762  6774  6871
25743    6312  6239  6556  6685
25744    5167  5159  5165  7090
25745    6265  3984  6270  6765
25746    3433  3431  3434  6628
25747    6256  6021  6386  6557
25748    2952  2953  2948  6979
25749    3774  3394  3829  6581
25750    2805  3148  3149  6856
25751     787   786  6543  7535
25752     591   587   592  6854
25753    2534  6817  7304  7556
25754    4858  6226  6588  7159
25755    6374  6600  6895  7317
25756     698   705  6963  6971
25757    6238  6136  6651  6716
25758    6136  6149  6203  7069
25759    6158  6124  7222  7568
25760    7141  6753  7234  7649
25761    1660  1659  1665  6579
25762    3468  3471  6101  7132
25763    6099  6040  6449  6782
25764    6258   225  6433  6650
25765    3264  6078  7500  7503
25766    3968  3965  3964  6654
25767    6513  3341  7310  7422
25768     731  1011  6534  6906
25769    6393  4836  6698  6706
25770    5719  5714  5718  7114
25771    6784  6090  7570  7573
25772    3970  3972  3967  6466
25773    5863  6386  6460  6819
25774     874  6757  7120  7335
25775    5950  5982  6208  6806
25776    6237  3753  6839  7515
25777     598   589  6634  7078
25778    6136  6426  6943  7595
25779    1514  1516  6061  6984
25780    2577  2604  6746  6887
25781    6018  6682  6744  7048
25782     440   439  6780  7204
25783    4127  4106  3847  7198
25784    2491  2495  2494  6321
25785    6459  6272  6521  7488
25786    6119  6351  7182  7293
25787    5296  5295  7154  7584
25788    3571  3570  3572  6566
25789    6581  6005  6596  6690
25790    6438  6440  6990  7326
25791    2208  6170  6806  7227
25792    4622  4613  4623  6380
25793    2149  2147  6014  7313
25794    6278  6025  6501  6570
25795    6054  6359  6459  6580
25796     856   855   848  7101
25797    5238  5222  6620  6978
25798    1294  1293  6673  7167
25799     737   733  6534  7258
25800    6761  6054  7430  7615
25801    2180  1888  1900  6894
25802    6677  4263  7354  7542
25803    3199  3212  3200  6262
25804    6221  6254  6590  7389
25805    1623  6329  6664  6720
25806    5868  5972  6062  6201
25807    4863  4782  7129  7139
25808    4990  4998  5820  6891
25809     613  6876  6945  7655
25810    2344  6094  2351  2342
25811    6029  6174  6496  6879
25812    5926  5886  5932  5943
25813    7001  6644  7476  7544
25814    2027  2093  6301  6849
25815    2726  2722  6580  7489
25816    3699  3685  6878  6959
25817    6007  6017  7053  7150
25818    6285   871  6660  7045
25819    5054  5057  5055  7136
25820    1901  1909  1900  6894
25821    2603  2598  2600  7577
25822    5120  5121  5128  6532
25823     601   615   600  7215
25824     560   558   799  6354
25825    4609  4611  4675  6369
25826    5966  6007  6777  7168
25827    6537  4013  7296  7643
25828    6329  5914  6664  6720
25829    1344  1345  1348  7052
25830    2446  2432  2435  6704
25831     636   645  6338  7086
25832    2181  2170  6435  7350
25833    6018  6038  6116  6594
25834    6097  6018  6116  6594
25835    6669  6131  7196  7499
25836    2910  2907  6969  6989
25837    5508  5514  7236  7573
25838    4904  6536  6976  7073
25839    3678  3695  6878  6909
25840    6465  3052  6958  7536
25841    4306  4301  6828  7087
25842    6073  6127  6288  6865
25843    1028  1278  6463  7269
25844    2173  6431  6512  6933
25845    5823  5758  7172  7640
25846    6309  6418  6484  7552
25847    3380  3452  3383  6303
25848    4418  4425  6676  7473
25849     622   620  7637  7655
25850     949   948  6076  7353
25851    1960  1686  1684  6553
25852    6746  2609  7288  7577
25853     915  1300  6428  7064
25854    5948  5877  6073  6173
25855    5911  5839  6037  6107
25856    5007  5181  5008  6551
25857    1825  1830  1829  6168
25858     521   360  1106  6694
25859    5266  5287  5271  6468
25860     706   712  6392  6757
25861     552   574   558  7140
25862    1757  1827  6550  7163
25863    3117  3119  7182  7293
25864    1210  1209  6597  7370
25865     827   487   516  7478
25866    3070  2766  6351  6359
25867    6414  2296  6448  7227
25868    5961  6052  6115  6687
25869    6397  6541  6799  7217
25870    3612  3609  3605  6950
25871    2526  2542  6349  6764
25872    2350  2354  2355  7107
25873    5967  6235  6461  7536
25874    6232  6292  6731  7028
25875    5860  5828  5877  6173
25876    5854  5844  5892  6239
25877     322   324  7072  7440
25878    6635   304   307  7231
25879    5924  5843  6112  6127
25880    6628  6439  6996  7042
25881    5675  5673   122  6384
25882    1345  1318  1348  6778
25883    5525  5489  6027  7232
25884    1287  1292  1402  6673
25885     565   566   567  6188
25886    6324  5081  6588  7159
25887     120   123  6384  7276
25888    5489  5490  5491  7232
25889    6345  6360  6788  6863
25890    6301  2087  7551  7629
25891    6009  6093  6466  6870
25892    5846  5877  5950  5982
25893    4427  4421  4425  7473
25894    3554  3009  3552  7162
25895    3749  3746  3741  7286
25896    4020  4014  4018  6488
25897    4061  4063  7134  7331
25898     396   392   389  7189
25899    6525  6677  6841  7542
25900    6706  4834  6914  7081
25901    5930  7055  7067  7133
25902    4409  6340  6455  6546
25903     406   408   407  6643
25904    6358  6023  6619  6842
25905    5882  6134  6219  6338
25906    6137  3822  7147  7403
25907     248   515  5893  6752
25908     514   241  6479  6752
25909    5899  5829  6075  6381
25910    2793  2785  2796  7645
25911    3728  3721  3725  7560
25912     341   332   910  6452
25913    5957  6095  7144  7449
25914    4012  4025  7230  7296
25915    1420  1707  6317  7492
25916    3275  6203  6566  7339
25917    3472  3486  6825  7089
25918    1097  1094  1098  7472
25919    3088  3089  6205  6337
25920    6515  6151  6940  7185
25921     220    10  6682  7048
25922    4584  4232  4239  6640
25923    5917  6143  6428  6802
25924    6521  2635  6739  7143
25925    5870  5874  5993  6086
25926     560   559   552  7140
25927    2041  2043  6815  7178
25928    3126  3127  3157  6656
25929    1710  1714  1713  6352
25930    3002  2990  6406  7191
25931    5871  5903  6185  6454
25932    3791  3788  3795  6884
25933    1963  1953  1965  6397
25934    1982  1985  6951  7272
25935    5048  5050  5044  6011
25936    4239   304  6612  7231
25937     923   939   931  6880
25938    6063  5865  6163  6175
25939    6299  3173  7151  7387
25940    6074  3766  7434  7445
25941    5845  5915  6224  6297
25942     773   777   770  6389
25943    5626  5622  5625  7623
25944    5839  5825  5857  5873
25945    6358   525  6842  7135
25946    5827  5825  5848  5890
25947    5360  5366  7190  7521
25948    5040  5041  6398  6604
25949    6385  5601  6641  7119
25950    6109  5955  6631  7185
25951    5841  6039  6576  6922
25952    1657  1938  1929  7516
25953    4446  4450  7126  7574
25954    1882  6029  6197  6894
25955    3286  5782  3261  6078
25956    6361  6517  6721  6949
25957    3508  3506  6030  6965
25958    5949  6234  6264  7462
25959    6426  6907  7347  7394
25960    6022  6106  6542  7362
25961    2998  6406  7162  7191
25962    6115  5990  6257  6263
25963    5533  5534  7448  7570
25964    1077  1201  6377  7493
25965    3769  3772  6587  7014
25966    3128  6715  6804  7108
25967    2355  2352  7027  7343
25968    2949  2943  2947  6645
25969    1011   947   948  6076
25970      31    23    30  6433
25971    6110  6897  7267  7565
25972    5046  5038  6395  6398
25973    1344  1352  6464  7052
25974    7028  6292  7176  7220
25975    1938  7188  7423  7516
25976    6568  6373  6674  7063
25977    3989  3981  6199  7197
25978     395   396   611  6767
25979    2893  2889  2890  6889
25980    2909  2917  2912  6989
25981     679   677  6134  6338
25982    6666  4652  6740  7627
25983    2539  2544  6416  7564
25984    1738  1734  7421  7572
25985    4919  4924  4925  6749
25986    2035  2036  2028  6815
25987    4296  4316  4314  6595
25988    6261  4492  7314  7496
25989    1064  1097  1098  6148
25990    5476  6150  6620  6838
25991    3189  3193  3188  7171
25992    4800  7047  7388  7575
25993    6628  3438  7141  7649
25994     816   821  7186  7187
25995    6749  4714  6793  7534
25996     589   576   577  6634
25997    5290  5296  5293  6598
25998    1223  1222  6360  6801
25999    3620  6144  6190  6905
26000    1494  1495  6748  6754
26001    5459  5740  6116  7364
26002      83   289  4953  7011
26003    3450  3764  3449  6155
26004    3190  3206  3197  7171
26005    1675  1915  1676  6569
26006    5952  6631  7056  7154
26007     718   874   711  6757
26008    2860  2852  7133  7642
26009     234   235   257  6049
26010    1267  5917  6076  7380
26011    2023  2024  2017  6168
26012    5852  5832  6187  6442
26013    5877  5910  6073  6288
26014    3144  3147  3145  6481
26015    3487  3493  3498  6808
26016    5394  5401  5399  6658
26017    5937  6044  6494  6728
26018     400   408   402  6643
26019    1054  1053  1052  7348
26020     603   861   866  7467
26021    5854  5892  6033  6538
26022    4078  4082  4077  6826
26023    5246  5252  5245  6998
26024     612   614   623  7329
26025     989   985   991  6719
26026    2683  2822  2686  7375
26027     428   425   430  7098
26028    3456  3457  3455  6144
26029    2883  2558  6822  6889
26030    4136  4134  4135  7106
26031     170  5710  5718  6484
26032    1622  1412  6329  6720
26033    4956  4953  4948  6403
26034    4881  4874  4875  6742
26035    1557  1551  1560  6981
26036    1259  1363  1261  7377
26037    5860  6004  6517  6949
26038    5842  6108  6225  6275
26039    6188  6022  6634  7362
26040    4268  4621  7174  7475
26041     795  1085  6544  6592
26042    4370  6482  6972  7443
26043    3349  3033  6192  7367
26044    5050  5275  6011  7056
26045    3894  3875  6366  6843
26046    5890  5885  6202  6376
26047    5400  5401  5396  6658
26048    6555  4282  6841  7354
26049    3123  3122  6627  7593
26050    6544  1079  6964  7315
26051    5978  5988  6763  7249
26052    4898  4922  6536  6908
26053    5814  3411  6690  7193
26054    4093  4368  6918  7221
26055    4426  4423  4421  7473
26056    6378  6487  6873  7508
26057    2535  2432  6562  6817
26058    2675  2700  6053  6336
26059    1472  1480  6610  7617
26060    6200  6135  7134  7576
26061    6106  6501  7101  7186
26062    6637  2114  6703  6751
26063    6867  6033  7207  7483
26064    5464  5471  6150  6795
26065    5840  5837  5864  5908
26066    5806  6833  7449  7660
26067    2946  2948  6979  7316
26068    6219  6643  6717  6803
26069    2505  2430  6092  7456
26070    6532  6201  7411  7518
26071     879   717   878  7120
26072    4945  4946  7609  4955
26073     693   689  6960  7319
26074    1765  6921  6953  7513
26075    6233   968  6527  7363
26076    2703  2706  7006  7491
26077    7028  6482  7220  7644
26078    5874  5879  6184  7013
26079    4603  4623  6368  7174
26080    5905  6553  6579  7516
26081    1797  6686  6692  7092
26082    6245  5881  6321  6705
26083    5935  6048  6139  6250
26084    4581  4584  4586  6583
26085    3103  3095  6478  7063
26086    3212  6262  6857  7394
26087    5839  5826  5853  5863
26088    3207  3215  3214  6857
26089    6187  6366  7007  7254
26090    6173  5860  6361  6411
26091    3291  3285  7084  5796
26092    1460  1452  1457  7479
26093    4216  4215  4217  6944
26094    5896  5916  5956  6013
26095    2599  2347  7343  7577
26096    5876  5882  6134  6219
26097    1779  1784  1777  6816
26098    6352  1710  6899  7585
26099    4834  4977  6914  7081
26100    1014  1013  1010  6732
26101    1007  1006  6732  7477
26102    5174  5180  6450  7579
26103    4183  4189  4184  7291
26104    4786  4792  4787  7468
26105    6214  6355  6787  6851
26106    1841  2117  1836  7177
26107    3206  3429  3197  6672
26108    4328  4333  4334  6430
26109    3746  3750  3755  7286
26110    1328  1330  1352  7005
26111    2366  2353  6992  7107
26112    5829  5825  5831  5855
26113    6817  6335  7556  7281
26114    5056  5067  6293  6812
26115    6108  5890  6294  7621
26116    2462  2476  6245  6321
26117    3783  3971  3784  6093
26118    4742  4709  6172  6861
26119     300  3083  6987  7147
26120    6363  2071  1999  2343
26121    1115  5979  6964  6827
26122    5939  6425  6506  6577
26123    6672  3206  6943  7347
26124    4496  4499  4492  7025
26125     970  6486  6520  6574
26126    2702  2703  7006  7491
26127    6242   146  7207  7483
26128    6255  2139  6471  6811
26129    2466  2468  2463  6942
26130    6386  5376  6649  7373
26131    3258  3257  6238  6753
26132    5880  5860  6004  6517
26133    5840  5963  6259  6499
26134      93    91    94  7207
26135    4864  4871  4865  7129
26136    3891  3894  3888  6366
26137    6184  4005  6495  7264
26138    2070  2076  2075  6751
26139    5153  5147  6745  7345
26140    5865  5871  6458  7166
26141    2279  5778  6599  7037
26142    6400  6424  6821  7383
26143     143   144  7144  7449
26144    2706  2705  2703  7430
26145    6273  1608  6665  7021
26146    6176  5846  6371  6586
26147     606   604  7008  7215
26148    6327  5090  7155  7476
26149    3367  3330  7379  7422
26150    6326  5942  6345  6483
26151    4205  4110  4111  6128
26152    5870  5828  5880  5993
26153    5842  5885  5890  7621
26154    5046  5048  5047  6395
26155    6673  5973  6748  7474
26156    6129  6426  6672  6943
26157    5370  5374  5373  6649
26158    6405  6100  7041  7065
26159    5421  5427  5428  6379
26160    4502  4500  6339  6470
26161    5118  5123  5101  7342
26162    6117  6421  6726  6974
26163    1150  6241  6377  7493
26164    4084  4091  6731  7578
26165    6649  5955  7612  6109
26166    5950  6166  6462  6815
26167    4998  4997  5820  6891
26168    5989  6135  6624  6995
26169    3423  3196  3417  6672
26170    2656  2666  2654  6930
26171    3005  3041  3040  6860
26172    1295   916  1267  6952
26173    1207  6597  7131  7462
26174    6468  6372  7461  7561
26175    5627  5617  5615  6454
26176    5995  5885  7621  7625
26177    1798  1793  1794  7202
26178    5866  6157  6196  6445
26179    5081  5084  6324  6588
26180    3695  3470  3694  6101
26181    6872  4520  4518  4519
26182    4746  4749  4747  6172
26183    3464  6367  7089  7132
26184    5199  5233  7260  7543
26185    1384  1375  6702  7650
26186    6069  5918  6079  6309
26187    6055  5925  6168  6449
26188    2345  2349  6230  7107
26189    1275  1134  1139  6669
26190    2430  2505  6092  6704
26191    6092  5924  6127  6315
26192    3270  7069  7595  7616
26193    5523  5527  5526  7290
26194    6022  6071  6152  6285
26195    5944  5838  6236  6590
26196    6028  3940  6183  7361
26197    1718  1721  1719  6899
26198    6573  5455  7224  7428
26199    6290  5910  6355  6518
26200     790   791  6621  7535
26201    2597  2603  2599  7577
26202    6213  3644  6451  6606
26203    5874  6155  6296  7013
26204    2443  6432  7401  2440
26205     526   256  6619  7135
26206    4693  4696  6768  7208
26207    5898  5974  5981  6636
26208    5254  5256  5259  7511
26209    6214  6290  6948  7216
26210    5897  6129  6262  6907
26211    3456  3454  6035  6144
26212    6996  3428  7042  7490
26213    4652  4630  7301  7627
26214    2550  2548  6416  7564
26215    6249  1915  6491  6569
26216    3035  3038  6860  7270
26217    2005  2006  2009  6618
26218    6001  6611  6615  7072
26219    6161  6082  6672  7059
26220    6400  4443  4440  6424
26221    4483  4448  4488  6424
26222     925   929  6736  6991
26223    2332  6094  6230  6408
26224    6512  2173  6933  7250
26225     440   702   439  7204
26226    4123  4126  4125  6356
26227    4452  4455  4352  6558
26228    6771  5990  6814  7152
26229    5145  5143  5142  6733
26230    6027  5170  6146  7579
26231    4757  4725  4758  6495
26232    3355  3357  6868  7328
26233    1496  1497  6748  7487
26234    2910  2921  5888  6969
26235     912   339  6428  7267
26236    6780  6499  6971  7204
26237    3980  3950  3982  7197
26238    6604  6938  7073  7532
26239    6437  6539  6804  7266
26240    6838  5243  6886  7236
26241     197   447  6605  6922
26242    3975  3982  7197  7361
26243    4999  4997  5003  7619
26244    5532  5535  7157  7158
26245    6317  6164  6850  7285
26246    4929  4933  4932  7405
26247    3151  3150  3160  7219
26248    5929  5922  7049  7639
26249    5966  6178  6397  6422
26250    3050  5967  6461  6700
26251    5832  5829  5899  6381
26252     352   406   407  6643
26253    5383  5389  6873  7508
26254    4615  4612  4674  6473
26255    1586  1301  1304  7614
26256    5843  5827  5851  5881
26257     775   768   770  7148
26258    5109  5115  5114  7082
26259    6330  6417  6853  7628
26260    5824  5859  5864  5876
26261    3452  3692  6035  6303
26262    3407  3406  3408  6626
26263    6060  6793  7239  7534
26264    2165  2161  6545  7200
26265      83   336  7011  7083
26266      65  5646  6475  7284
26267     897   879   878  7120
26268    1622  1412  6720  7245
26269    2528  6349  6817  7180
26270    6053  5941  6313  6336
26271    4383  3806  4209  6687
26272    1578  1639  1638  6274
26273    3072  3070  6351  6759
26274    2363  2357  6800  6992
26275    5831  5887  6139  6286
26276    1536  1530  6921  7332
26277    1156  1157  1068  6469
26278    1876  1874  6796  7074
26279    5195  5200  5194  6882
26280    5856  5837  5918  5972
26281    1451  1454  1453  7054
26282    3460  3461  6144  3458
26283    6332  6480  6608  6997
26284    5386  5672  6195  6600
26285     983   967  6520  7639
26286    1245  1253   993  6719
26287    4950  6403  6679  7609
26288    6086  6177  6387  7434
26289    6134  5988  6219  6524
26290    6066  5631  6791  7206
26291    3291  5796  7084  7414
26292    4193  4199  7242  7512
26293    3309  3308  7367  7658
26294    3436  3476  6996  7484
26295    1964  1949  6559  6789
26296    6862  2450  7180  7401
26297    5959  5936  5990  6115
26298    5206  5768  5211  7373
26299    6517  3115  6721  6949
26300    1537  1536  6921  7332
26301    5372  5214  5376  7373
26302     409   410  6219  6338
26303    1777  1779  6816  6836
26304    1973  1999  2342  6422
26305    1412  6404  6702  7661
26306    3953  3952  6638  7525
26307    1999  2002  6178  6422
26308    5856  5847  6023  6049
26309    2015  1825  2023  6168
26310    2197  2182  2193  6133
26311    2257  2258  2256  6448
26312    2329  2327  6186  7322
26313     472   539  5978  7002
26314    5851  5869  5966  6007
26315    5896  5916  5922  5998
26316    5874  5879  5993  6387
26317    6086  6074  7434  7445
26318    5218  5454  6087  6696
26319    2337  2336  1968  6422
26320    2865  2868  2864  6667
26321    4790  4794  4762  6846
26322    1005  1002  1003  6983
26323    3049  2714  2723  6528
26324    5877  5910  6214  6290
26325    1272  1279  1278  7269
26326    1289  1052  7167  7348
26327    6536  6429  7073  7439
26328    5839  5857  5878  5889
26329    5678  6195  6600  7123
26330    1871  1867  1870  7074
26331    6384  6195  7110  7123
26332    1519  1523  6984  7163
26333    2742  2731  6701  7311
26334    3964  3963  3968  6638
26335    6202  6228  6328  7310
26336    5121  5101  5123  7342
26337    5839  5889  6020  6037
26338    5276  5275  6247  7205
26339     706   709  6757  6859
26340    5348  5355  5346  7110
26341    6372  6468  7511  7561
26342    1595   293  1590  6897
26343    3036  3005  3004  6860
26344    2412  2505  6092  7456
26345    2123  2417  2402  7382
26346     996  1025  6463  6520
26347    6066  5619  6639  6791
26348    6416  6349  6817  7138
26349    4893  5009  6429  7439
26350    4593  4601  4598  7240
26351     100   311  7262  7520
26352    5858  5911  6676  7349
26353    3511  3501  6547  6808
26354    4569  4574  4575  6240
26355     663   666   664  6383
26356    6406  6132  6582  6837
26357    5302  5339  5306  7212
26358    5423  5407  6658  6855
26359    5869  6133  6334  6394
26360    1769  1763  6953  7513
26361    5719  5708  5706  7317
26362    6237  5944  6839  7117
26363     315    70    75  7262
26364    3855  6421  6874  7507
26365    5355  5386  5668  6195
26366    1933  1903  6098  7591
26367    2526  6126  6705  6764
26368    6199  6270  6924  7580
26369    1784  1785  1780  6816
26370    7026  2056  7216  7481
26371     593   561   592  6279
26372    5936  5959  5990  6959
26373    2248  2278  6681  6852
26374    4577  4574  4569  6283
26375    3812  6257  7571  7587
26376    3604  3920  3613  7392
26377    5596   238  5603  6385
26378    4212  4213  6522  7453
26379    6360  6345  6755  6863
26380    6462  5950  6815  7026
26381    5408  6658  7203  7633
26382    2800  7116  2796  2791
26383    2741  2739  2740  6346
26384     857  1097   851  7101
26385     990  6153  6345  6719
26386    5959  6028  6265  6765
26387     502   236  6015  6766
26388    3687  3683  6765  7017
26389    4047  4435  4040  7308
26390    6166  6142  6569  6951
26391    5842  6088  6225  6997
26392    6330  6417  6843  6853
26393    5139  5556  6180  6661
26394    3923  3927  7333  7416
26395    4949  4908  3451  6296
26396     585   584  6648  6854
26397    5997  6545  6678  6681
26398     662   661   703  7404
26399     849   856   848  6660
26400    5446  5453  6034  6493
26401    6027  5902  5853  5926
26402    6012  6745  6844  6966
26403    5475  6116  6467  6795
26404    6302  6344  6382  7300
26405     134  6383  6898  7404
26406    5806   141  6833  7660
26407     584   591  6648  6854
26408    5181  5185  5976  6882
26409    4179  4177  4178  7256
26410    3392  3385  3390  7302
26411    6192  5860  6216  7357
26412    4929  4966  6515  6741
26413     790  1020   750  6621
26414    4968  4957  4741  7665
26415    4949  4917  4908  6296
26416    4745  4717  6322  6756
26417     978   977   975  6574
26418    3973  3985  3990  6265
26419    4954  4952  6403  7609
26420    3933  3956  7344  7392
26421    6622  6450  6260  7201
26422    1992  2069  7036  7631
26423      98    92  7207  7287
26424    4892  5181  5183  6742
26425    5501  5505  5506  7648
26426    5977  5976  5981  6742
26427    5986  5955  6631  6994
26428    2487  5875  6927  7322
26429    4622  4628  6535  7582
26430    3166  3139  3138  6481
26431    1403  1404  1291  7662
26432    5167  5166  6207  7090
26433    6985  1833  7228  7237
26434    4064  4063  6995  7134
26435    6187  5962  6213  6606
26436    3839  3840  3842  7309
26437    4418  4422  4425  7473
26438    5898  5981  6429  6531
26439    6046  5940  6385  6641
26440    5303    83  4952  5994
26441    6765  5990  6959  7583
26442    6894  1896  7420  7526
26443    4178  4171  4170  7256
26444    4585  4587  6612  7429
26445     799   560  6354  7140
26446     104   107   150  6095
26447    5903  6185  6454  6735
26448    5037  5033  5038  6398
26449    6819  5360  7190  7521
26450    6184  6177  7013  7256
26451    6309  7276  7432  7546
26452    3815  3813  3816  7587
26453    2069  2003  1992  7036
26454     763   767  7209  7538
26455    6044  6005  6390  6581
26456    2382  2051  6290  6519
26457    2017  2019  6168  6671
26458    1800  1852  6485  7092
26459    2169  2170  2171  7350
26460     769   766   809  6140
26461     493   492  6699  7194
26462    1579  1639  6204  6925
26463    3301  3327  6845  7338
26464    2520  2504  2501  6335
26465    2644  2649  7051  7376
26466    3510  3254  6716  7141
26467    4376  4377  4382  7644
26468    6590  3746  7117  7286
26469    6066  5546  6589  6639
26470    3716  3702  3494  6825
26471    3005  3040  6406  6860
26472    5314  5291  5288  7056
26473      58    61  6556  6735
26474    6745  6012  6844  7345
26475    2277  2280  2275  7127
26476    1091   852   889  6570
26477    4816  4873  4817  6636
26478    3669  3673  3665  6904
26479    7279  1711  1701  7585
26480    1167  6754  7113  7566
26481    3030  3029  7536  7540
26482    2186  2232  6613  7395
26483    5972  6493  6532  7411
26484    5275  5276  6247  7584
26485    2286  2285  7372  2284
26486      43    48    42  7233
26487     432   428   430  7098
26488    5925  6271  6550  6985
26489    6148  1067  6829  6947
26490    3377  3379  3378  6179
26491    4313  4320  6577  6595
26492    3249  6238  7234  7595
26493    3309  3350  3311  7658
26494    2911  2913  2912  6989
26495    2002  1993  2001  6497
26496    2204  2201  6170  7227
26497     806   805  6571  7187
26498    5859  5938  5963  6140
26499    1215  1218  5949  7462
26500    2929  3011  3016  6700
26501    6070  6118  6284  7580
26502    1992  1989  7019  7036
26503    6231  6252  7120  6182
26504    5967  6108  6294  6700
26505    6111  5897  6262  6348
26506     192   200   191  6498
26507    5118  5154  5126  7342
26508    1328  1662  7005  7021
26509    5945  1086  6218  6287
26510    5968  6258  6433  6650
26511    6292  4399  6870  7028
26512    3881  3894  6366  6843
26513    4681  4682  6472  7170
26514    5941  5958  6137  6308
26515    3946  3625  3621  6190
26516     266  5528  6282  6561
26517    6673  1494  6748  6754
26518    4458  4461  4464  6893
26519    4738  4659  4660  6503
26520    5377  5375  5731  6256
26521    5939  5858  6401  6506
26522    3942  3944  6183  7197
26523    6375  6204  6688  7412
26524    5174  5180  5179  6450
26525    5932  6612  6635  7231
26526    6968  6876  7329  7655
26527    2213  2368  2158  6255
26528    1651  1656  6343  7501
26529    5976  5898  5977  5981
26530    1630  1627  1631  6165
26531    3947  3909  3943  6183
26532     544   545   540  6936
26533    5957  5907  6242  6585
26534    6501  6278  6570  7635
26535    2746  2752  2747  7446
26536    5940  5902  6427  6661
26537    4112  4109  4108  6128
26538    1919  1923  2203  6423
26539    3017  2923  2915  6480
26540    3556  3566  3555  6227
26541    6035  6101  6367  6747
26542    2105  2111  1749  6703
26543    6390  3389  6877  7302
26544    4801  4799  4797  6445
26545    1416  1424  1422  6317
26546     198    20  6514  6922
26547    3825  3827  6728  7403
26548    1495  1163  1165  6754
26549    4836  4835  6698  6706
26550    6466  3966  6654  6731
26551    4355  6410  6470  6730
26552    2826  2828  6222  7280
26553    4509  4378  4382  7644
26554    4687  7170  6473  7208
26555    3984  3987  6265  6270
26556    1745  2108  2067  7019
26557     648   723  6353  7407
26558     364   370  6611  7070
26559    3842  3839  7309  7385
26560    2156  2145  6933  7250
26561    6137  6308  7147  7273
26562    2652  2662  2651  7051
26563     543   539   544  6936
26564    6488  6253  6510  6713
26565    3272  3271  7097  7164
26566    2874  2876  2880  7023
26567     281   282   368  6611
26568    5952  6011  6247  7056
26569    4360  4356  6410  7210
26570    6099  6449  6849  7506
26571    1990  1997  1996  7036
26572    4708  6768  6820  7534
26573    2369  2373  2132  6811
26574    4960  4929  6322  7522
26575    6270  3803  6540  6765
26576    2888  2875  6695  7023
26577    1303   919  1295  7064
26578      22    28  5590  6026
26579    3943  3946  3947  6183
26580    1650  5767  1641  7125
26581    4812  7139  7388  7514
26582    5961  6522  6944  7453
26583    2634  2638  2639  7143
26584    6044  6093  6494  6877
26585    3781  3779  6390  6877
26586    6136  6203  6651  6657
26587    6083  1043  6391  6642
26588    5845  5867  5915  7002
26589    2312  6777  7037  7651
26590    1033   771  1036  7477
26591    3559  3560  6227  6587
26592    5110  5209  6386  7238
26593     386   641  6798  7015
26594    5261  5256  5253  7511
26595    3687  3683  3685  6765
26596    4403  4548  4379  6277
26597    6928  3815  7583  7587
26598    7201  6616  6450  7486
26599    6459  5906  7006  7288
26600    6024  5951  6250  6944
26601    5985  5941  6053  6336
26602    3846  3843  6771  6814
26603    6073  6222  6805  6888
26604     699   698   700  6971
26605     602   603   866  6285
26606    3127  3154  7293  7593
26607    5892  6033  6538  6807
26608    2323  2308  6777  7327
26609    5922  6153  6723  6778
26610    5276  5285  5282  7205
26611    4975  5055  6940  6986
26612    6038  6116  6594  7183
26613    5838  5900  5944  6412
26614    3131  3135  3137  6409
26615    6861  4699  7003  7239
26616      64    57    62  6556
26617    6096  5892  6280  7262
26618    5654  5653  5647  7284
26619     821   812  7186  7187
26620    2522  6210  6982  7556
26621    6198  5976  6882  7260
26622    5918  6050  6097  6847
26623    3153  2776  2812  6351
26624    5901  5864  6148  6947
26625    3878  3880  3882  6843
26626    5633  5632  5621  6791
26627    3539  3523  6651  6657
26628    1653  1656  6343  7526
26629    4699  4710  7003  7239
26630    3388  3362  3157  6390
26631    5579  5570  6961  7393
26632    3972  3966  3967  6466
26633    5310  5312  5316  7213
26634    4299  4297  6577  6828
26635    6335  6145  6982  7281
26636    2780  2789  6701  7115
26637    4811  4812  7388  7514
26638    4827  5095  5082  6588
26639    5848  5845  5886  5926
26640    5919  5941  6053  6251
26641     780   782  7002  7588
26642    3782  3788  3792  6884
26643     635   682  6338  6524
26644    3214  3207  6857  7505
26645    5451  5437  6689  6881
26646    1578  1801  1583  7412
26647    4676  4675  6473  7170
26648    1116  6319  6529  6625
26649    6734  5696  6955  7337
26650    6430  7080  7336  7397
26651    6894  1880  7425  7451
26652    5513  5608  6206  7223
26653    4767  4839  4768  6601
26654    6442  3881  6843  7321
26655    2239  6545  6613  6932
26656    5876  5915  6134  7214
26657    2804  2806  2803  6508
26658    6026  5968  6433  7248
26659    3281  3280  6051  7097
26660    5306  5301  5302  7212
26661    2116  2119  1835  7366
26662    6078  6572  7097  7500
26663    1671  1675  1676  6569
26664    4025  4030  7230  7296
26665    6415  6678  6934  7091
26666    4569  4575  4570  6283
26667    5065  5049  5066  7010
26668    2272  2278  2248  6852
26669    2404  6288  6708  6875
26670    2475  2481  2476  6321
26671    6177  6184  7324  7378
26672    2111  1750  1749  6440
26673    4599  4591  7174  7586
26674    5026  5036  5027  6938
26675    3469  3468  6101  6747
26676    3501  6030  6547  6808
26677    6274  1817  7641  1636
26678     695   744  6913  6960
26679    6522  6687  7146  7453
26680    6316  6092  6335  6704
26681    5996  5829  6381  6726
26682    2565  2568  2569  6402
26683    5834  5824  5845  5876
26684    3282  3028  6840  3032
26685    5479  5480  6500  6886
26686    6199  5959  6265  6270
26687    2387  2386  6355  7558
26688      33  6454  6735  7325
26689     541   464   540  6936
26690    7007  6510  7291  7594
26691    2678  2676  6053  7294
26692    5911  5839  6020  6037
26693    2317  6365  6927  7263
26694    3672  3997  3674  7434
26695    5887  5975  6380  6820
26696    4909  6586  6832  6897
26697    1631  1692  1630  7598
26698    3496  3495  6646  6825
26699     294  4910  6407  6832
26700    6429  4892  6548  6742
26701    6103  6000  6911  7551
26702    3675  3676  3679  6909
26703    3132  2794  3134  6715
26704    4764  4763  6339  6601
26705    5974  5868  6223  6693
26706    1874  1884  6796  7074
26707    6339  4764  6601  6647
26708     493   490   487  5893
26709    2296  1334  6423  7184
26710    1901  1900  1882  6894
26711    1967  1973  1968  6422
26712     409   636   410  6338
26713    5833  5835  5862  6178
26714    2728  5967  6528  7489
26715     674   542  6267  7410
26716    5825  5838  5885  6043
26717    5018  5005  7073  7532
26718    2282  6504  6681  7356
26719    5845  5834  5876  5915
26720    4896  4878  4888  6548
26721    3981  6265  7197  7361
26722    2797  2826  6222  7116
26723    1702  1728  6164  6317
26724    1773  6313  6973  7368
26725    4873  4816  4813  7495
26726      43    42    45  7233
26727    1344  1343  1351  7052
26728    6040  6055  6103  6301
26729    4365  4336  4366  6564
26730    6092  6036  6668  7456
26731    5915  6824  6913  7214
26732     108   114   112  6867
26733    2697  2656  6477  6930
26734    5030  4937  5031  6032
26735    6971   760   729  5963
26736     976   983   965  6527
26737    6102  6226  6261  7126
26738    6590  3629  7068  7389
26739    6107  6410  6455  6730
26740    5997  6681  6743  7303
26741    2260  2956  6586  7452
26742    1578  1580  6204  7412
26743     441   435  6780  7024
26744    2023  2017  2019  6168
26745     335   337   331  7160
26746    5632  5640  5637  7034
26747    3343  6179  6361  6409
26748    1945  1941  1950  7257
26749    1066  1064  1098  6148
26750    5067  5068  6293  7010
26751    2848  2839  7613  2842
26752    5880  5959  5980  6028
26753    5898  5831  5826  5855
26754    5089  4824  6549  7126
26755    5936  6217  6771  7038
26756     865   875  7045  7335
26757    2008  1974  1976  6956
26758    2464  2466  2463  6942
26759    4367  5763  5818  7632
26760     975   969   970  6574
26761     148   147  7449  7660
26762    3506  3508  3507  6965
26763    5857  5889  6200  7643
26764     657   684  6824  7214
26765    1532  1771  5945  6476
26766    2722  2724  2726  6580
26767    1901  1896  6894  7526
26768    2576  2574  6341  6970
26769    5930  6205  6373  7063
26770    6710  2575  6970  7111
26771     703   661  6898  7404
26772    1984  2012  6911  7272
26773    2922  5888  2928  7569
26774    3789  3793  3794  6494
26775    5953  6202  6328  6513
26776    5078  5075  6300  6457
26777    4835  4830  4831  6698
26778    5935  5831  6048  6120
26779    4643  4642  6401  6506
26780    4386  4383  6687  7146
26781    6235  5890  6351  7182
26782    4580  4239  6612  6640
26783    2808  2772  6364  6776
26784    4794  6846  7468  7486
26785    4750  4752  4673  6300
26786    2057  2382  6290  6851
26787    6077  6057  6159  6458
26788    6031  5909  6169  7476
26789    4612  4615  6286  6473
26790    7062  6448  7452  7600
26791    6224  5845  6297  6306
26792    5898  5976  5977  6198
26793    3477  3490  3478  6670
26794    5864  6148  6278  6501
26795    4511  4504  4763  6339
26796    3861  3855  6874  7507
26797    2850  2858  7067  7133
26798    5002  4998  6706  6891
26799    6608  6294  7540  7606
26800    5851  5869  5881  5966
26801     169  5717  5723  7114
26802    2121  2092  6449  7506
26803    1404  1410  1402  7662
26804    2381  2382  2378  6851
26805      44    25    45  6258
26806    5845  5826  5902  5926
26807     195   412   162  6114
26808     690   694  6960  7319
26809    4267  4261  4262  7542
26810    2394  2783  7109  7530
26811    5912  5848  6009  6044
26812    5479  6150  6500  6795
26813    2095  2100  2101  6099
26814    5381  6487  7424  7508
26815    4779  4782  7139  7514
26816    6173  6409  6481  6715
26817    5972  6097  6116  6493
26818    5886  5853  5926  5932
26819    6060  6749  6793  7534
26820    3242  3216  3238  7505
26821    5844  5847  6001  6023
26822    4190  4181  7291  7594
26823    5984  5960  6352  6516
26824    1715  6072  7279  7585
26825    4390  4388  6284  7146
26826    1165  1162  1164  7545
26827    6299  6173  6481  6715
26828    4795  4578  6120  6283
26829    6279  6152  6388  6854
26830    4692  4686  4687  7208
26831    1122  1121  1120  6570
26832    6747  7490  3404  6367
26833    6351  6272  6359  6714
26834    5824  5825  5827  5828
26835    5172  5173  6616  7524
26836    5917  6059  6456  7380
26837     839   844   845  6542
26838    2325  2329  6927  7322
26839    1779  1786  1806  6836
26840    4748  4749  4718  6172
26841    5870  5860  6058  6192
26842    6480  3015  6608  6700
26843    5946  6032  6515  6976
26844    4355  4356  4370  6972
26845    1097  1098  6148  7472
26846    5864  5998  6025  6234
26847    6083  6831  6946  7529
26848    4316  4314  6595  7517
26849    6018  6038  6097  6116
26850    6749  4714  6756  6793
26851    5582    40  7384  7463
26852    3517  3524  3520  6318
26853    6352  6899  7279  7585
26854    5389  5350  5351  6873
26855    2931  2935  2933  6792
26856      26  6433  6682  7248
26857    1354  1361  1356  7016
26858    4642  4644  4654  6401
26859    7006  2617  7288  7415
26860    2635  2633  6739  7143
26861    5955  5907  5987  6123
26862    4679  6122  7341  7495
26863    5554  5553  6066  7050
26864    5880  6028  6158  6199
26865    6510  4295  6577  6603
26866    6577  4295  6595  6603
26867    4239   304  4579  6612
26868    1129   798   795  6592
26869    6212  6904  7434  7568
26870    2082  2088  6849  7629
26871    3714  3701  6217  7152
26872    5681  5691  5374  6305
26873    5886  5945  6104  6162
26874    4964  4963  6515  6741
26875    5839  5878  5899  5939
26876    5866  5981  6531  6636
26877    5496  5177  5489  6027
26878    6277  5954  6647  7486
26879    5564  5727  5565  7337
26880    4997  4999  5820  7619
26881    2747  6779  7357  7446
26882    4671  4433  6762  7264
26883    5830  5881  6167  6684
26884    4779  5186  5142  6733
26885    5829  5900  5936  5996
26886    4937  5030  5035  7039
26887    2217  6255  7200  7418
26888    3009  3010  3008  7162
26889    1291  1402  1292  6673
26890    3744  3743  3745  7515
26891    5957  5841  6307  6498
26892    4348  4354  7096  7210
26893    1116  1118  1120  6625
26894    4256  4257  7307  7586
26895    6256  5377  6305  7396
26896    5928  5885  6051  6370
26897    6125  5894  6276  6906
26898     395   619  6767  6968
26899    5825  5824  5826  5828
26900    1385  1673  1380  6720
26901    6142  6249  6720  6883
26902    6612  6229  6635  7290
26903    6670  3483  6996  7358
26904    4581  4546  4547  6583
26905    4354  6632  7096  7210
26906    5671  5674  5670  7123
26907    5055  5913  6940  7136
26908    4538  6196  6240  6445
26909    3325  3294  7032  7638
26910    6311  2148  6933  7365
26911    1670  1623  1693  6720
26912    4978  4834  6706  7081
26913     695   744  6527  6913
26914    1658  1616  6553  6579
26915    4451  4452  4352  6558
26916    1951  1948  6559  6777
26917    2125  2118  2126  6782
26918    1556  1530  1526  6773
26919     372   367   371  6358
26920    3414  3415  3412  7193
26921    6036  6092  6415  7456
26922    6015  5938  6068  6220
26923    6195  5669  7110  7123
26924    6069  6384  6675  7306
26925    1202  1123  1203  7493
26926    5690  5683  7192  7398
26927     414   422  7144  7498
26928    1449  1440  6977  7298
26929    4196  4286  4291  7247
26930    4388  4389  4394  7146
26931    5972  5856  6050  6097
26932    6061  5895  6302  6344
26933    3601  6086  6212  7434
26934    3813  3812  7571  7587
26935     744   745   974  6224
26936    5675  5352  5354  6384
26937    3844  3811  3810  6814
26938    2555  2557  6705  6764
26939    5867  5845  6297  7002
26940    5851  5924  5964  6040
26941    5842  5897  5923  6111
26942    2575  2576  6710  6970
26943     512   511   266  6067
26944    5886  5933  6194  6694
26945    4194  4183  6253  7291
26946    6226  4858  6588  7386
26947    6784  6175  6886  7236
26948    3067  3117  6759  7182
26949    1716  1715  6072  7279
26950    3218  6141  6149  6857
26951    2593  2592  6954  7030
26952     950   918   911  6428
26953    2886  2883  2885  6889
26954    6106  5859  6285  6501
26955    3736  3732  3749  7117
26956    3258  3257  3259  6238
26957    2100  2123  7318  5784
26958    3728  3725  3724  7046
26959     819   843  1064  7186
26960    4612  4685  6473  4703
26961    3820  3817  3819  7587
26962      44   225  6258  7233
26963     432   429  6524  7098
26964    6149  6136  6203  7595
26965    3796  6292  6870  6884
26966    7057  2962  7142  7169
26967    3989  4034  3980  6199
26968    6325  6400  6762  6937
26969    4362  4366  4368  7632
26970    5646  5645  5650  7284
26971    5276  5277  7205  7584
26972    6152  6071  6279  6388
26973    6117  6737  6974  7459
26974    3091  3096  6205  7063
26975    2956  2259  6586  7169
26976    2841  2850  7067  5800
26977    4977  4979  4426  6244
26978    2530  2529  2536  7304
26979    3418  3371  7387  7490
26980    6167  5999  6447  6830
26981    3049  3048  3047  6528
26982    2863  2867  2865  6667
26983    1636  1578  6274  7412
26984    2883  2890  2558  6889
26985    6183  6158  6199  7197
26986    2681  6145  2512  6511
26987    1126  1123  6025  6625
26988     784  6543  7360  7588
26989     805   806  6571  6629
26990    3452  3453  3456  6035
26991     276   277  6096  6312
26992    6684  5861  6969  6989
26993    6385  6282  5594  6067
26994    4656  4644  4653  6848
26995    1573  1572  1574  6584
26996     721   727  6824  6991
26997    5852  3639  6366  6526
26998    2035  2032  2034  6462
26999    4142  4139  6630  6737
27000    7032  7084  7621  7638
27001     516   828  7478  7626
27002    3962  6093  6466  6638
27003    6122  4795  6283  6445
27004    2951  2945  2950  6348
27005    1001  6081  6719  7179
27006    6815  6103  6911  7178
27007    3201  6161  6907  7059
27008     635   636   409  6338
27009    6096   318  7072  7520
27010    5927  5908  6059  6414
27011    6253  5878  6488  6510
27012    3410  3411  3384  6690
27013    6334  6435  7305  7395
27014    5984  6003  6362  7492
27015    6171  5918  6563  7427
27016    2102  2099  6849  7044
27017     974   978  6527  6574
27018     748   784   786  6543
27019     539   538  6763  7002
27020    3804  3803  6959  7583
27021    3951  3962  6638  7525
27022    1129  1130   792  7499
27023    3040  3008  6406  6582
27024    1251  1233  6345  6360
27025    5662  5660  5661  6243
27026    5669  5675  7110  7123
27027    5985  6119  6656  7293
27028    5223  5224  5225  6620
27029     683   691  6769  7274
27030    2763  2761  2767  6714
27031    6418  6309  7251  7546
27032    4538  4567  4571  6240
27033     980   970  6520  6574
27034    3846  3844  6814  7385
27035    3592  3585  3591  7165
27036    1224  1232  1227  7510
27037    5899  6525  7022  7241
27038    2571  2572  2573  6402
27039    6133  6017  6334  6435
27040    1041  6113  6732  7477
27041     490   210   248  6089
27042    2119  2122  2121  7506
27043    3682  3675  6909  7017
27044     343   150  6095  6717
27045    6285  6022  6542  7149
27046    1483  1484  1478  6405
27047    2273  2191  7058  7153
27048    6280  5892  6807  7262
27049    5937  6137  7199  7403
27050    3470  6101  7132  7504
27051    1800  6485  6818  7092
27052    1958  1658  1686  6553
27053    1774  1750  1768  6990
27054    2211  2212  2221  7091
27055    1400  6665  7295  7492
27056     277   275    69  6312
27057    2381  2378  2383  7558
27058    3561  3559  3560  6227
27059    2283  2276  7127  7372
27060    2436  2433  2446  6704
27061    5968  5903  6018  6038
27062    6079  6097  6374  6600
27063     833   830   832  6323
27064    6577  4298  4297  4296
27065    5828  5843  5877  6073
27066    6815  2039  7026  7178
27067    5620  5619  6066  6791
27068     630   649   647  6016
27069    1761  1823  6550  6985
27070    6011  5952  6293  7010
27071    5907  5854  6033  6243
27072    6233  5942  6520  7639
27073    5370  5377  5374  6649
27074    1838  1835  2119  7366
27075    5860  5948  6216  6779
27076    6003  6362  6665  7004
27077    5893  5849  6080  6297
27078    2015  2023  2019  6168
27079    6229  5525  7232  7290
27080    3313  3314  7275  7658
27081    5246  5244  5249  6998
27082    6010  5956  6274  6725
27083    2385  2387  2384  7558
27084    4369  4362  7221  7632
27085    6623  6097  6689  6727
27086    2208  2291  2302  6806
27087    5490  5527  5530  7290
27088    4951  6679  6901  7609
27089    5476  5504  6150  6886
27090    6267   542  6936  7410
27091    3963  3962  6466  6638
27092    2519  2845  6145  6982
27093    5207  7238  5210  5204
27094    2563  2295  6208  6806
27095    5966  6047  6422  6559
27096    6963   662  7204  7404
27097    6141  5923  7471  7503
27098    6059  5908  6249  6423
27099    1530  1533  6921  6941
27100    4686  4692  4689  7208
27101    2877  2859  2871  6266
27102    3057  3056  3070  6359
27103    5032  5033  5039  7039
27104    6105  6180  6567  7082
27105    2177  2161  2162  6512
27106    2418  2417  2419  6875
27107    4964  4963  4938  6515
27108    5824  5891  5916  5998
27109    6521  6420  7051  7611
27110    5881  6321  6684  7111
27111    5849  5943  6067  6479
27112    2769  2775  2770  7413
27113    1907  2192  7420  7618
27114    4853  4861  4862  6575
27115    5980  5880  6190  6967
27116    4397  3796  4395  6292
27117    5991  5903  6206  6454
27118    4246  4244  4136  7435
27119    3748  3741  3746  7286
27120    1369  1373  1331  6489
27121    5973  5983  6404  6673
27122    3320  3319  3321  6465
27123    3384  3416  3387  7567
27124    3803  3801  3984  6270
27125    4476  4076  6826  7181
27126    2330  2337  6094  6408
27127    1069  1151  1152  7426
27128    4189  4190  4184  7291
27129    1863  1860  1873  6485
27130    5759     1  6744  7048
27131    2270  2272  2248  6852
27132    1640  1635  1646  7641
27133    2898  6695  7112  5786
27134    1468  1470  1464  7043
27135    6035  6303  6367  7151
27136    5382  5385  5384  6487
27137    1743  1768  6990  7513
27138    3952  3951  6638  7525
27139     370   371  6611  7070
27140    5939  6430  6595  7336
27141    6418   138  7251  7427
27142     917   918  6428  7064
27143    4846  5173  5175  7524
27144    3105  3132  6411  6804
27145    3108  3133  6721  7605
27146    2396  2398  2397  6560
27147    4472  4838  6393  6858
27148    4541  4534  4535  6781
27149    5891  6084  6234  6241
27150    5688  6123  6379  7145
27151    1948  1949  6559  7257
27152    1611  1613  1663  6147
27153    5891  5949  5998  6864
27154    5002  4997  4998  6891
27155    6346  6216  7175  7311
27156    6100  6013  6723  7065
27157    6762  6325  6774  6890
27158    5431  5430  6034  7424
27159    1161  1186  6923  7493
27160     639   640   636  6338
27161    3944  3945  6183  7197
27162    4397  4396  3796  6292
27163     648   646   656  7407
27164    5614  5611  6206  7463
27165    1889  6017  6435  6894
27166    2089  2082  7044  7629
27167    6021  6109  6256  6386
27168    1499  1618  6748  7562
27169    5856  6050  6056  6682
27170     487   515   516  7478
27171    3847  3850  6874  7198
27172    1645  1647  6725  7289
27173    5283  5280  5278  6683
27174    5409  5422  5414  6269
27175    3012  3019  6608  6700
27176    3415  3416  3412  7193
27177    5496  5177  6027  7137
27178    1935  1933  1932  7423
27179     384   382  6648  7450
27180    3940  3941  3621  6183
27181    6148  5864  6278  6377
27182    5924  5851  5964  5997
27183    2854  2851  7055  7067
27184    6197  1901  6894  7526
27185    5712  5713  6600  7317
27186    2246  2241  2235  6743
27187    3997  7324  7378  7434
27188    6126  6112  6349  6562
27189    1013   731  6534  6732
27190    2881  2931  2933  7596
27191    2764  2767  2724  6714
27192    3144  3140  3139  6481
27193    4575  4574  4571  6240
27194    6120  6048  6157  7265
27195    3033  2738  3349  7446
27196     809  6571  6609  7482
27197    1150  1161  6241  7493
27198    6259  6563  6780  6939
27199    5978   539  6763  7002
27200    1573  1576  1568  6688
27201    6163  6589  7448  7570
27202      90   145  6242  6585
27203    5848  5890  5953  6119
27204    5871  5865  6163  7166
27205    3316  3358  3355  7328
27206    5931  6174  6607  6879
27207    4010  4016  4011  6451
27208     965   978   976  6527
27209    4135  4129  4128  6502
27210     247   245   246  6752
27211    4130  4121  6974  7459
27212    3708  3797  6814  5779
27213    3900  4009  6916  7399
27214    2481  6245  6321  6705
27215    3359  3958  6328  7525
27216    4270  4263  6677  7542
27217    2606  2577  2604  6746
27218     332   908   910  6452
27219    6092  2430  6704  7456
27220    3655  3638  3636  6221
27221    1584  1581  1580  6688
27222    1148  1142  7285  1140
27223     621   710   859  6915
27224    5911  6107  6455  6730
27225    6473  6472  6533  7208
27226    3075  3058  3057  6298
27227    5594  6282   266  6067
27228    1163  1165  6754  7545
27229    2670  2669  6251  7294
27230     940   923   935  7061
27231    5890  5830  6108  6235
27232       4  5723  6623  6847
27233      67    74    68  6659
27234    4631  4638  4639  6666
27235    3973  3979  6765  7361
27236    4802  4773  6445  6781
27237    1931  1667  1932  7423
27238    5090  5086  5099  6327
27239    6561  6229  7232  7290
27240    6003  6164  7004  7492
27241    6910  6157  7469  7494
27242    2408  2783  2398  7530
27243    2787  6804  7266  7645
27244    4364  4349  4350  7210
27245    4307  4299  6577  6828
27246     659   657  6824  7407
27247    1561  5958  6981  7147
27248    6031  5850  6079  6169
27249    5377  5374  6256  6305
27250    6623  6097  6847  6895
27251    6613  6512  2176  7305
27252    4221  4213  4218  6522
27253    6652  7025  7244  7314
27254     684   920  6824  6913
27255    2935  2936  2934  6792
27256      33  5617  6454  7325
27257     395   396  6767  7189
27258    6073  6127  6865  6888
27259    5216  5161  5167  7090
27260    6304  6176  6347  6402
27261    5139  5597  6661  7137
27262    6309  6069  7276  7552
27263    4842  4845  6622  6858
27264     396   610   611  6798
27265    2501  2432  2532  6316
27266    3639  3862  3754  6330
27267    4240  4257  6602  7435
27268     811   800  6106  7482
27269     447   198  6514  6922
27270    6120  6122  6283  6445
27271    2339  2341  6230  6408
27272    5866  6120  6157  6445
27273    1342  1341  6707  7052
27274    5842  6088  6111  6225
27275    5888  5861  6480  7235
27276    5180  5176  5179  6450
27277    2650  2755  6521  7376
27278    2052  2048  2046  7225
27279    4588  4580  6612  6640
27280    3161  3157  6656  7302
27281    6465  3325  3326  3059
27282    3206  3210  7059  7171
27283    6131  6453  7004  7018
27284    5238  5231  5235  6978
27285    2661  2107  6930  7118
27286    2321  2322  2328  7322
27287    2861  2855  2852  7642
27288    3131  3138  6481  6715
27289    3103  3095  3098  6478
27290    5174  6450  7524  7579
27291    4649  4655  6740  7301
27292    2237  2243  2238  6932
27293    3958  3369  3370  6328
27294    1673  1678  6569  6720
27295    5997  6394  6504  6738
27296    5243  5476  6838  6886
27297    5880  6158  6183  6190
27298    4345  4325  4346  6632
27299    5193  5186  5187  6198
27300      86    81    85  7083
27301    6185  6239  6312  6685
27302    3726  3725  3840  6591
27303    6895  5707  7114  6689
27304    5258  5262  5255  6372
27305    5973  1405  7474  7562
27306    5984  5905  6147  6273
27307    3342  3607  6513  7310
27308    5832  5825  5838  5885
27309    6028  5880  6183  6190
27310    1922  1923  1919  6423
27311    7260  7433  7543  7555
27312    2540  2543  2549  7564
27313    2357  2359  6800  6992
27314    2481  2480  6245  6705
27315    6176  2563  6208  6806
27316     628   631   625  6876
27317    6547  5883  6646  6808
27318    4013  4008  4009  6537
27319     509   506   478  6220
27320    2694  2693  6313  6973
27321    6303  6367  7151  7490
27322    6052  3812  6257  7571
27323     764   755  5938  7381
27324    6079  6384  6653  6675
27325    3304  3569  3567  6444
27326       1  6193  6744  7048
27327    7228  1849  7297  7365
27328    5861  5888  6989  7235
27329    6448  2257  7277  7452
27330    2371  6875  7318  7590
27331    1025  6463  6520  7085
27332    6785  6246  7412  7550
27333    5312  5311  5313  7213
27334    2501  2520  6335  7281
27335      86    78    81  5994
27336    3508  3491  3507  6965
27337    6451  4009  6537  6916
27338    5944  6237  6839  7515
27339    5874  5879  6177  6184
27340    2493  2491  2287  6927
27341    6169  6079  6653  6786
27342    5912  6494  6593  7444
27343     391   388  7189  7440
27344    4420  4419  4410  6546
27345       5   177  6050  6171
27346    2929  3016  6480  6700
27347    5241  5245  6978  6998
27348    6506  6530  6555  7087
27349    4034  3980  6199  7197
27350    6702  6456  6883  7243
27351    1094  1097   857  7472
27352    6219  5988  6505  6524
27353    1978  1987  2036  6166
27354    6009  6228  6466  6638
27355    1139  1138  1137  7499
27356    6037  6430  6632  6020
27357    3623  3625  6190  6905
27358    6445  6196  6781  7094
27359    6915   621  6945  7637
27360    3307  3033  3349  7367
27361    5928  6136  6203  6572
27362    4802  4774  7139  7575
27363    5218  5467  5468  6696
27364    3009  3554  3007  7162
27365    5542  5532  7157  7158
27366    4019  4022  4018  6488
27367    2544  2537  6416  7556
27368    3815  6540  7583  7587
27369     927   895   878  6483
27370    6605   448  7035  7417
27371    5915  5876  6824  7214
27372     665  6383  7100  7432
27373    1301   912  1300  6680
27374      20  6498  6514  6922
27375    4051  3936  3939  7589
27376    6250  7174  7307  7586
27377      24    25  6026  6258
27378    2413  2374  6668  6875
27379    6630  6075  6737  7563
27380    6480  2929  6700  7569
27381     809   766   810  6609
27382    3177  7059  7171  7460
27383    6614   220  6682  7048
27384    3802  3804  3807  7583
27385    5824  5827  5836  5851
27386    5863  6021  6567  6655
27387    6393  4838  6698  6858
27388    3888  3891  6366  7254
27389    6233  6527  6913  7363
27390    4568  4561  7265  7469
27391     445  5808  6939  7024
27392    6079  6309  6484  7552
27393    2333  1962  2336  6789
27394    6417  6381  7321  7323
27395    5847  6001  6191  6279
27396    5928  5832  5885  5970
27397    6120  4602  7240  7265
27398    1278  1027  6983  7269
27399     982   978   975  6574
27400    5265  5261  5264  6468
27401    5993  5870  6086  6158
27402    4641  4697  4638  6666
27403    3179  3178  3096  7063
27404    6090  5871  6163  6589
27405    5824  5826  5828  5837
27406    6656  6596  7219  7302
27407    2322  2323  6408  7327
27408    6772  7396  7398  7464
27409    2415  2418  2414  6875
27410    6162  5862  6440  6750
27411      86   336  5994  7083
27412    2254  2444  2251  7303
27413    5602  5578  5580  6046
27414     922   921  6866  6991
27415    4601  4593  4594  6369
27416    4607  4613  4614  7557
27417    6565  2004  7402  7441
27418    5186  5157  5142  6733
27419    6295  5954  6593  7076
27420    6393  4472  6601  6729
27421     515  5893  6752  7478
27422     684   678  6769  7214
27423    3377  3381  3383  6179
27424    2114  2107  2660  6637
27425    1417  1420  1416  6317
27426    6367  6412  6996  7089
27427    3093  3092  6337  7634
27428    1676  1915  6249  6569
27429    2518  2841  2840  6443
27430    3829  3413  6044  6581
27431    3715  6217  6825  7038
27432    5945  5933  5979  6827
27433    4152  4144  4153  7323
27434    2723  2728  6761  7489
27435    6175  7121  7236  7570
27436    6067  6385  6641  7119
27437     292   299   293  7565
27438     112   110  6867  7483
27439    4755  4724  6184  6495
27440    6838  6760  6998  7121
27441    3936  3938  3939  7589
27442    2662  2651  7051  7376
27443    4311  4309  4323  7601
27444    5962  6187  6213  6526
27445    1683  1684  1686  6516
27446    4214  4209  6687  7146
27447      39    36    45  6258
27448    4548  6277  6295  7076
27449    3158  3392  7302  7567
27450    1704  6352  7492  7585
27451    4202  4198  7512  4200
27452    6088  6111  6225  6711
27453    3568  3579  3582  6444
27454    4057  4055  7020  7576
27455    4145  4144  7321  7323
27456    6184  5879  6387  6890
27457     210   490   497  6089
27458    6526  6237  6839  7286
27459     445   440   446  6780
27460    5958  6308  6941  6981
27461     352   348   353  6803
27462    3055  3045  6958  7536
27463    5747  5743  6689  6727
27464    6029  6010  6174  6607
27465    3162  3174  6568  7460
27466    5353  5356  5669  7110
27467    5826  5834  5902  5907
27468    7433  5203  7543  7555
27469    6058  5948  6176  6347
27470    6386  6557  7238  7373
27471    2953  3199  6262  6348
27472    5010  5017  6551  6633
27473    4224  5951  6048  6910
27474    6050     5  6171  6614
27475    3307  3350  3309  7367
27476    5873  6009  6248  6731
27477    1576  1573  1577  6688
27478    5990  5936  6959  7152
27479    5839  5989  6037  6107
27480    6119  5985  6508  7293
27481    4213  4208  4218  6522
27482    6243  6123  6379  7287
27483    5897  6002  6645  6695
27484    1484  1477  1474  7041
27485    4951  4729  4730  6679
27486    6241  5983  5864  6084
27487    4091  4092  6731  7578
27488    2469  2471  2455  6722
27489    2566  2563  2564  6208
27490    3527  3529  6566  7339
27491    3783  3785  3778  6093
27492    5897  6082  6129  6161
27493    2091  2054  7178  7481
27494    3370  3364  6328  6770
27495    5609  5614  6206  6885
27496    5051  5068  6293  7136
27497    6294  6275  6840  7606
27498    5949  5891  5998  6788
27499    4600  4578  4576  6283
27500    1194  1425  6923  7462
27501    3340  3333  3336  7422
27502    5828  5860  5880  6173
27503    1898  1882  6197  6894
27504    6078  3286  7414  7659
27505    5041  5037  5040  6398
27506    2808  2809  2772  6776
27507    4020  4021  4203  6713
27508    3705  3707  3703  7152
27509    4320  4327  7336  7601
27510    1139  6131  6850  7018
27511    5498  5594  5599  6189
27512    4619  4280  6399  7475
27513    6232  4379  6339  6277
27514    6311  6431  6485  6933
27515    6875  6668  7318  7590
27516     249  6650  6685  6842
27517    6278  6501  7472  7635
27518    1893  1895  1894  6197
27519    2708  2712  6969  7430
27520    2753  6272  7413  7488
27521    2985  3223  2986  5995
27522    6622  6450  7201  7524
27523    6324  5909  6327  7155
27524    3853  3852  7309  7507
27525    1166  1160  1153  6492
27526    1103  1104  1105  6827
27527    6492  6441  7113  7545
27528    3464  6367  6996  7089
27529    6376  6370  6444  6474
27530    3866  3874  3865  6853
27531    1836  1835  1832  7366
27532    2123  2389  2103  7382
27533    6876  6507  6968  7329
27534    5954  6027  6229  7429
27535     509  6068  6220  7531
27536    2635  6521  7051  7376
27537    2326  2346  2327  6186
27538    4350  6624  6972  7210
27539     741   746  6224  7360
27540    3129  3132  3134  6715
27541    1362  1400  1360  6665
27542    5936  5990  6263  6814
27543    4448  4449  4447  6424
27544    4724  4731  4173  6679
27545    4850  4846  6622  7201
27546    6559  1964  6789  7226
27547    6063  6163  6350  7121
27548    3554  3552  6582  7162
27549    1434  1432  1514  6061
27550    1579  1606  6204  6584
27551    3183  3182  6809  7460
27552    3206  3429  6672  6943
27553    4210  4205  4211  6687
27554    6262  6348  6907  7394
27555    1985  1980  6951  7272
27556    4363  4361  7221  7578
27557    6718  6202  7333  7351
27558    2515  2532  6817  7281
27559    6504  6394  6681  7356
27560    5972  6018  6038  6097
27561    1840  6813  7177  7297
27562    5732  5734  5733  7337
27563     396   611  6767  6798
27564    6074  5870  6227  7355
27565    6813  6449  6823  7000
27566    6393  6260  6601  6858
27567    6350  6372  6468  7283
27568    6517  3354  6980  7328
27569    6672  6129  6907  7347
27570    5110  5115  7082  7548
27571    6515  6756  6976  7071
27572     510   508   550  6068
27573    5633  5634  5640  7034
27574    4685  4687  4686  7170
27575    6263  6726  6874  7198
27576    1933  6098  7423  7591
27577     239   511   247  7369
27578    2785  2795  2796  7645
27579    4383  6687  7146  7580
27580    5983  6084  6241  6441
27581    2607  2608  2611  7288
27582    5389  5391  6873  7508
27583    7320  6835  7487  7559
27584    6512  5964  6545  6934
27585    5266  5287  6468  6683
27586    6078  6051  6993  7097
27587     742   538  7002  7360
27588    5675  5354  5353  6653
27589    3438  3244  6628  7141
27590    4048  4040  4036  7308
27591    4390  4103  6284  6902
27592    1411  1626  1412  6329
27593    2902  2966  2973  7400
27594    6681  6613  6545  6932
27595    6025  5998  6625  6864
27596    6184  5879  6495  7013
27597    2302  2291  2292  6806
27598    2600  2602  2601  6887
27599    2317  2316  2315  6365
27600    4429  4431  6325  6762
27601    5941  5919  6053  6477
27602    2506  2412  6092  6315
27603    6232  4379  6277  6295
27604    1154  1158  6492  7426
27605    5086  5097  6327  7518
27606    1812  1804  1811  6692
27607    2413  2412  6315  6668
27608    2318  2309  2308  7327
27609    3251  6203  6238  7595
27610    5968  6018  6050  6682
27611     886   893   894  6319
27612    5033  5037  5041  6398
27613    4631  4641  4638  6666
27614    6062  6929  7342  7345
27615    3987  3988  3990  6265
27616    6680  1586  7184  7614
27617    5410  5402  7203  7206
27618    4936  4939  5035  7071
27619     841   839   845  6542
27620    2464  2462  2467  6942
27621    7080  7336  7397  7517
27622    5835  5906  7143  7343
27623    4535  4541  6781  7244
27624    2265  2956  2260  7452
27625    6203  3251  7069  7595
27626     115   104   150  6095
27627    5086  5082  6588  7155
27628    2762  2764  6580  6714
27629    6841  6677  7354  7542
27630    6139  6399  6555  6841
27631    1648  1664  7289  7581
27632     367   527  6358  7135
27633    5900  5838  5944  5996
27634    5865  5854  6475  6691
27635     541  6931  6936  7410
27636    2667  2656  2697  6930
27637    3691  3697  6878  7504
27638    5932  5926  5943  6635
27639    5936  5990  6217  7152
27640    3661  3646  6213  6606
27641    3608  6376  6513  6950
27642    1461  1460  1457  7479
27643    1981  1980  1987  6951
27644    2770  2775  6714  7413
27645     686   683   678  6769
27646    4608  5802  4795  6122
27647    4905  4926  4904  6536
27648    5833  5862  5966  6178
27649    5453  5451  5431  6034
27650    1471  6382  6610  6663
27651    3850  6874  7198  7385
27652    1233  1235  1229  6360
27653    6423  6414  6491  7227
27654    6005  5958  6626  7147
27655    1018  1009  1016  6732
27656    6375  6204  6584  6688
27657    7528  6525  7563  7646
27658     334   337   342  7160
27659    2819  2821  2820  7280
27660    5289  5275  6247  7584
27661    5886  5943  6194  7253
27662    4310  4311  4317  7517
27663    6261  6226  6549  7126
27664     968   960  6527  7363
27665    1072  1071  1078  6947
27666    3445  3560  6587  7142
27667    6072  6162  6438  6440
27668    5930  6373  6805  6888
27669    3403  3405  3404  6747
27670    6881  6573  7224  7428
27671     952   946   948  7353
27672    3038  3037  3036  6860
27673     989   990   937  6345
27674    5194  5190  6882  7543
27675    5143  5142  6733  7129
27676    5908  6059  6249  6456
27677    6298  3042  6359  6461
27678    3101  3102  3098  6478
27679    5555  5550  6066  7050
27680    6149  7069  7500  7616
27681    5726  5725  6427  6557
27682    6109  5369  6649  7521
27683    2074  6800  7118  7509
27684    2812  2815  6508  6776
27685    5954  6583  6593  7076
27686    2889  2892  2888  6830
27687    4863  4865  6693  7129
27688    2883  2893  2890  6889
27689    6524  6931  7098  7410
27690    6323  6080  7455  7653
27691    4503  4509  4502  6470
27692    6051  5885  6078  7625
27693    6599  5869  6738  7153
27694    6320  3934  7259  7502
27695    4876  5187  5186  5977
27696    5548  5547  5539  7050
27697    5124  5127  5128  7342
27698    5940  6046  6307  7102
27699    5388  5383  5382  7508
27700    1219  1466  6310  7533
27701    6314  6568  6962  7460
27702    5952  5865  5986  6159
27703    6152  6285  6919  7467
27704    6021  5863  6386  6655
27705    1120  1122  6570  6625
27706    6263  5996  6381  6726
27707    3033  2738  6192  6860
27708    5603  5605  5596  6385
27709    6365  6047  6777  7327
27710    3732  3734  3520  6236
27711    3763  4172  6155  7014
27712    6390  6093  6877  7525
27713    1350  7016  7021  7052
27714    4370  6482  7443  7644
27715    2847  2846  2843  6357
27716    2296  2297  6448  7227
27717    1481  1477  1476  7617
27718    5846  5828  5860  6058
27719     959   961   690  6913
27720    6681  5997  7075  7303
27721    5982  5948  6176  5877
27722    5859  6140  6571  6609
27723    6013  5956  6362  6464
27724     220  6056  6614  7033
27725    5940  6427  6955  7393
27726    1104  1528  1105  6827
27727    2498  2482  6321  6705
27728    6166  1987  6815  6951
27729    3749  7117  7286  7497
27730    3979  3686  6765  7361
27731    5879  6184  6495  6774
27732    3485  3476  3478  6670
27733    6081  5929  7049  7179
27734    5194  5200  5198  6882
27735    4795  4801  6445  7047
27736    6154  6603  7080  7230
27737    5187  5186  5977  6198
27738    4123  4124  6356  6726
27739    4828  4825  4826  7159
27740    6127  6145  6316  6335
27741    2825  2823  2817  6865
27742     688   692  5766  7319
27743    5400  5286  6159  6683
27744    3913  3911  7222  7568
27745    1940  1937  1934  7591
27746    6623  5721  6689  7114
27747    2974  2979  6332  7400
27748    2400  2391  6787  7436
27749    3461  3377  3383  6967
27750    1021  1026  1025  7085
27751    5830  5842  5861  6167
27752    1179  1181  6287  7196
27753    1897  1899  1898  6197
27754    2343  2353  2344  6363
27755    4542  4547  4543  6593
27756    7347  3216  3207  3209
27757    1971  1972  2002  6497
27758    3167  3163  6674  6900
27759    4096  4105  4102  7079
27760    4105  4384  4104  6118
27761     957   949   956  6952
27762    5205  5768  5206  7442
27763    2398  2386  2397  6355
27764    2917  2911  2912  6989
27765    5846  5877  5947  5950
27766    5847  5856  5859  5920
27767     960   966   958  6527
27768    2862  2864  2545  6667
27769    1072  1076  1074  6377
27770    5940  6189  6385  6641
27771    4544  4545  4553  7076
27772    5843  5897  6043  6129
27773    2179  2178  6512  7305
27774    6033  6242  6243  7207
27775    5961  6052  6128  6356
27776    5935  5951  5961  6522
27777    5940  6046  6385  6783
27778    5859  5856  5938  6015
27779     175   171   165  7104
27780    1641  1640  1650  7125
27781    1881  1877  6903  7425
27782     610   386   641  6798
27783    6668  6036  6811  7590
27784    6223  5868  6929  7386
27785    5936  6263  6591  6771
27786    4106  4123  3821  6257
27787    4177  4179  4176  7256
27788     513   511  6479  7369
27789    6254  6091  7340  7389
27790    5855  5868  5974  6693
27791     717   874  6757  7120
27792    6082  5843  6173  6373
27793    4766  4472  4514  6729
27794    5876  5922  5942  5998
27795      16  6514  7102  7523
27796    5824  5872  5896  5916
27797    5615  5627  6454  6957
27798    6004  5870  6868  7622
27799    6241  6469  6492  7426
27800    5815  3522  6236  6254
27801    2630  2631  2622  7077
27802    2149  2148  2144  6311
27803    3292  6078  6993  7097
27804    2655  2661  6930  7271
27805    3705  3706  3707  7152
27806    4217  4244  4243  6944
27807    2711  2710  6528  7430
27808    3140  3145  3146  6409
27809    4658  4657  4655  6503
27810    5833  5835  6094  6230
27811    2406  2396  2403  6560
27812      56    60  5642  6312
27813    2844  2827  2517  6888
27814    3644  5795  6253  6451
27815    6117  6052  6356  6726
27816    5059  5058  5061  5913
27817    3592  3586  3585  6578
27818     701   662   702  7204
27819     395   382   397  6767
27820    3144  3173  3147  6481
27821    1319  1330  1326  6464
27822    5867  5849  5893  6297
27823    4469  4470  4475  7359
27824    5390  6378  6195  6873
27825    1397  1389  1398  7519
27826    6222  6373  6805  6900
27827    5877  5860  5948  6058
27828    1394  1027  7269  7519
27829    5871  6090  6206  6639
27830    6653  6195  7012  7110
27831    6660  6542  7101  7149
27832    3528  3527  6566  7195
27833    2778  2784  7109  7115
27834    6591  3729  7309  7515
27835    3751  3753  6237  7515
27836    6190  5880  6517  6905
27837    3230  6141  7471  7503
27838    2738  6216  6346  7446
27839    2704  2713  2705  7430
27840    4733  4759  6268  6300
27841    5866  5887  6472  6533
27842    6622  6260  6858  7201
27843    7182  6656  7293  7593
27844    4879  4874  4880  6742
27845    1095  1122  1127  6570
27846    3193  3185  3188  7171
27847    5692  5697  7192  7229
27848    6181  6362  6464  7021
27849    2496  6684  6989  7458
27850    3993  3995  6270  7580
27851    6627  6235  6759  7182
27852    3521  3517  3520  6318
27853     773   777  6389  6629
27854    4296  4298  4295  6577
27855    3430  6628  6672  6943
27856    3719  3724  6771  7046
27857    2676  2672  2667  7294
27858    6005  6626  6690  7199
27859    3842  3838  3852  7309
27860     327   323  6758  7440
27861     836   834  7149  7362
27862    2987  2988  2983  6332
27863    4645  4647  4650  7301
27864    5842  5999  6088  6167
27865    5956  6204  6246  6274
27866    6983  6453  7269  7519
27867    4858  5146  6588  7386
27868    1353  1342  6983  7052
27869    6248  5873  6731  6918
27870     362   364  6611  6615
27871    6119  5919  6272  7611
27872    2799  2790  6222  7116
27873    3855  3858  6421  7507
27874    5875  6047  6365  7322
27875    1730  1729  6072  7572
27876    1121  1116  1120  6625
27877    6796  6485  6933  7365
27878    3523  6318  6651  6657
27879    2207  2208  6806  7227
27880     184    11   185  6614
27881    7005  1351  7021  7052
27882    3081  3080  3079  7334
27883    4764  4762  6601  6647
27884    4032  4340  6154  7020
27885     556   557  7088  7140
27886    3360  3362  3361  6770
27887    6498   192    20   190
27888    3918  3955  7392  3604
27889    5978   471  7194  7346
27890    1121   893  1116  6319
27891    5888  6528  6969  7430
27892    6410  6470  6482  6972
27893     224   223   216  7033
27894    1989  1998  6810  7036
27895     901   906   905  6920
27896    5906  7288  7343  7577
27897    5558  5136  6661  7592
27898    6102  6652  6775  7314
27899     373   364   366  6615
27900    5943  5886  6194  6694
27901    3765  3763  6587  7014
27902    4849  4848  4847  6858
27903    3522  3732  3526  6236
27904    5855  6102  6693  7025
27905    5990  6257  6814  6928
27906    6237  6330  6853  7628
27907    4099  4101  6924  7292
27908    2412  6092  6668  7456
27909     884  6231  6319  7120
27910    2258  2257  6586  7277
27911    2263  2265  7062  7452
27912    3814  3815  6928  7587
27913    4121  6117  6726  6974
27914    2538  2515  2534  7556
27915    2041  2040  2029  6815
27916    2699  2701  2692  6336
27917    6016  5882  6507  7211
27918    5117  5146  6929  7278
27919    6504  5997  6722  7075
27920    4290  4187  7022  7528
27921     100   108   321  6333
27922    2979  2978  6332  6997
27923    6349  6126  6562  6722
27924    6073  5843  6127  6888
27925    3128  2798  3130  6715
27926    3142  3140  3146  6409
27927    6235  6465  6958  7536
27928    2924  2930  2929  7569
27929    6344  6156  6836  7122
27930    3360  3126  6656  7593
27931     247   241  6752  7369
27932    2766  2767  2770  6714
27933    3049  2728  6461  6528
27934    3526  3524  3525  6318
27935    3185  7460  3186  3177
27936    2158  6255  6471  6823
27937     439  6780  6898  7427
27938    1819  1865  1821  6607
27939    5876  5882  6182  6736
27940    4509  4500  4502  6470
27941    5353  5344  5347  7110
27942    6121  5910  6288  7130
27943    6117  6502  6737  7459
27944    2980  2987  2979  6332
27945    1828  1826  6550  6985
27946    4228  4234  3826  7403
27947    3131  3138  3139  6481
27948    2047  6208  6519  2045
27949    1930  1937  7053  7591
27950    5283  5047  6011  6398
27951    6175  5252  6838  7236
27952    6463  7018  7085  7269
27953    6464  1310  6778  7173
27954    6214  6040  6331  6708
27955    2748  2745  7266  7311
27956     972   979   981  6520
27957     499   491   492  6699
27958    5054  5055  4976  6986
27959    2892  2898  6830  7112
27960    5951  5935  6157  6196
27961    5972  6008  6062  6467
27962    6482  5989  6564  6918
27963    5006  6633  6938  7553
27964    1533  1765  6921  6941
27965     180   178   182  7431
27966    3673  3668  3664  6904
27967    6095   151  7144  7449
27968    5829  5996  6263  6726
27969    6019  6072  6164  6352
27970    2046  2048  6988  7225
27971     166   169   164  6847
27972    1168  1162  7113  7545
27973    5649  5648  7206  7284
27974    3234  3232  6149  7503
27975    6057  6065  6350  7283
27976    6348  2953  6979  7394
27977    6386  6109  6649  7521
27978    4602  6120  6283  7265
27979    5943  5926  6561  6635
27980    5972  6034  6097  6493
27981    6311  6485  6790  7228
27982    6095   146  6242  7483
27983    3971  3784  6093  6466
27984    6746  6054  7006  7430
27985    1624  1625  6329  7562
27986    4911   292   294  7565
27987     387   393   388  7189
27988    6196  6652  6872  6902
27989    2526  2542  2527  7138
27990    2146  2130  6823  7313
27991    5632  5637  6957  7034
27992    2045  2053  6208  6519
27993    4079  4081  6826  7181
27994    5892  5844  6219  6697
27995    3506  3505  6030  6965
27996    4907  5009  7439  7532
27997    4322  4309  7080  7397
27998    6891  4990  6986  7619
27999    5837  5826  5868  6008
28000    3867  6417  6421  6853
28001    1611  1613  6147  6273
28002    5888  2711  6528  7430
28003    5847  6001  6023  6191
28004    1351  1352  6464  7005
28005    1076  1075  6278  6377
28006    2229  2225  7091  7541
28007    5958  5941  6313  6941
28008    5848  5839  5853  5873
28009    2226  2440  6415  6432
28010    6917  6977  7054  7268
28011    4987  4981  6926  7081
28012    2261  2262  2257  7452
28013    5485  5478  6500  6795
28014    5923  5885  6078  6149
28015    3324  3334  3323  7032
28016    3074  3073  3069  6759
28017    1612  1614  1617  6273
28018     613   628   621  6945
28019    5101  5121  6532  7342
28020    6314  6082  6672  7042
28021    6442  4156  7242  7594
28022    1463  1472  1464  7043
28023    6408  2336  2333  2335
28024    6525  7022  7241  7528
28025    6469  1052  6946  7167
28026    6235  6298  6359  6461
28027    1298  1305  1306  6396
28028    4221  6522  6910  7494
28029    5570  5568  5569  6961
28030     990  1253  6153  6719
28031    2961  4910  4909  6832
28032    1256  1249  1257  6755
28033    6107  6410  6470  6482
28034     330   329  7015  7440
28035    2264  2260  2261  7452
28036    5867  6605  7249  7346
28037    2416  2415  2413  6875
28038    4837  5357  5003  6655
28039    5367  5363  6109  7190
28040    4181  4182  7291  7594
28041    5971  5890  6845  7379
28042    4011  4015  3900  6451
28043    6238  6943  7141  7234
28044    4010  4016  6451  6488
28045    3042  3058  3045  6461
28046    5627  5635  6454  6957
28047    2192  6133  6894  7618
28048    2998  3002  3003  6406
28049    2876  2888  2894  7023
28050    4387  4386  4214  7146
28051    3058  3075  3062  6298
28052    6098  6007  6160  7188
28053    3989  3988  6199  6265
28054    5019  5040  5021  6938
28055    2464  2463  2465  6942
28056    2956  2259  2260  6586
28057    6150  6008  6467  6696
28058    1045  1037  1043  6642
28059    6444  6370  6578  7466
28060    2043  2039  6815  7178
28061    2314  2318  7037  7327
28062    1697  1693  6664  6720
28063    1855  1853  6485  6818
28064    1702  1415  1728  6317
28065    1680  1607  5984  6273
28066    4554  4552  7391  7429
28067    5284  5283  6247  7205
28068    6031  6079  6097  6374
28069    5142  4782  6733  7129
28070    2990  2992  6347  7191
28071    6226  6549  6588  7159
28072    5936  5944  6412  6547
28073    6371  2955  7062  7169
28074    6641  6089  7119  7218
28075    6441  6492  6754  7545
28076    5901  6571  6629  7187
28077    5452  5451  6493  6881
28078    6272  6521  7376  7611
28079    6121  6560  6708  7299
28080    3863  3866  6237  6330
28081    6232  6107  6260  6339
28082    4448  4447  4441  6424
28083    6013  5916  6100  6863
28084    1292  1293  1291  6673
28085    6182  5998  6231  6252
28086    6242   148  7449  7660
28087    6166  6142  6491  6569
28088    1879  1868  7425  7465
# Generated by C:\CCH\Projects\github-software\tetgen1.5.1\build\Release\tetgen.exe -p -q C:\CCH\3dModel\sphere6k.stl 
